Date,turn_of_month_gen_5_7,turn_of_month_narrow,turn_of_month_gen_1_3,tsmom_3m,tsmom_gen_424d,turn_of_month_wide,turn_of_month_gen_7_2,turn_of_month_gen_1_6,turn_of_month_gen_5_2,turn_of_month_gen_7_5,turn_of_month_gen_7_3,factory_combo_donchian_gen_93d_turn_of_month_gen_3_1
2018-01-02,0.0036409501126939,0.0044546388634151,0.0044546388634151,-0.0001259741909885,-5.064056346367666e-05,0.0044546388634151,0.0036409501126939,0.0036409501126939,0.0036409495875286,0.0036411166024078,0.003641044119787,0.0027164139086657507
2018-01-03,0.0048268998691326,-0.0021044997038381,-0.0003851255448367,0.006075604194859,0.004471748259681,-0.0021044997038381,0.0048268998691326,0.0048268998691326,0.0048270058917084,0.0048268898504668,0.004827033610981,0.004086867418659499
2018-01-04,0.0011013929162501,-0.0003864800206781,0.0,-0.0006287206523247,0.0003737419178668,-0.0012673692906954,0.0011013929162501,-0.0006418637859233,0.0011010499862735,0.0011012381137183,0.0011010679722386,0.0021481818006413795
2018-01-05,0.0018453667356754,0.0,0.0,-0.0019065831805247,0.001061837179399,0.0056822119184554,0.0018453667356754,0.0,0.0018455461116256,0.0018455641015573,0.0018456510312192,0.0030914655388397444
2018-01-08,0.0012122184671166,0.0,0.0,0.0015675602741704,-0.0002053350716162,-0.0022649965246707,0.0012122184671166,0.0,0.0012122085720059,0.0012120322494189,0.0012119602175067,0.0005981856828953467
2018-01-09,-0.0025674943945966,0.0,0.0,-0.0035127832619734,-0.0003632995326398,-0.0003860473281842,-0.0025674943945966,0.0,-0.0025674742042365,-0.0025675188192792,-0.0025674067719025,-0.00030757309068446916
2018-01-10,-0.0006385848594333,0.0,0.0,-0.0053331557824754,0.0003230036893696,0.0,-0.0015370597491685,0.0,-0.0006385846596005,-0.0015370279877208,-0.0015370168106621,-0.0006347783060663707
2018-01-11,0.0,0.0,0.0,6.373486919120455e-05,0.0002395890260205,0.0,0.004033878845781,0.0,0.0,0.0040341775585165,0.0040339413376968,0.003254204356677426
2018-01-12,0.0,0.0,0.0,-0.0014226956273763,0.0012953665815324,0.0,-0.0006370648073351,0.0,0.0,-0.0006370656597805,-0.0006370639610511,0.003029875878402999
2018-01-16,0.0,0.0,0.0,-0.0012376396748424,0.0006413684523433,0.0,0.0,0.0,0.0,0.0,0.0,-0.0016891525556519743
2018-01-17,0.0,0.0,0.0,-0.0027010061761145,-0.0026280019542904,0.0,0.0,0.0,0.0,0.0,0.0,0.0032839724179624386
2018-01-18,0.0,0.0,0.0,-0.0017507737620478,0.0001434191460911,0.0,0.0,0.0,0.0,0.0,0.0,-0.0016030032195986318
2018-01-19,0.0,0.0,0.0,-0.0009979283154195,-0.0032641887748498,0.0,0.0,0.0,0.0,0.0,0.0,0.0012568399682986583
2018-01-22,0.0,0.0,0.0,-0.0017126284510331,0.0007526071859097,0.0,0.0,0.0,0.0,0.0,0.0,0.0036821790116560163
2018-01-23,0.0,0.0,0.0,0.0003037149626062,0.000929967701693,0.0,0.0,0.0,0.0,0.0,0.0,0.0018974178850499753
2018-01-24,0.0004142795158597,0.0,0.0,0.0023932901931097,-0.0009688441158509,0.0,0.0,0.0,0.0,0.0,0.0,-0.00023538927322866551
2018-01-25,-0.0008086884232332,0.0,0.0,0.0015536474616676,0.000720632245438,0.0,0.0,-0.0014212885634499,0.0,0.0,0.0,0.0005008180710858144
2018-01-26,0.004166918795285,0.0,0.0,0.0018880034844573,-0.0017726902899318,-0.0039202238069856,0.0,0.004166918795285,0.0,0.0035525653610319,0.0,0.0041721563176856805
2018-01-29,-0.0065753639826278,0.0,0.0,0.0020812189763687,-0.0033000233957347,-0.0052350175872574,0.0,-0.0065753639826278,0.0,-0.0065757085335637,0.0,-0.004047039331632949
2018-01-30,-0.0073155092322281,0.0,-0.003179106898121,-0.0022465328458485,-0.0032783181149473,-0.002777151230678,0.0,-0.0073155092322281,0.0,-0.0073154264998922,-0.0079216136336774,-0.004961128482651292
2018-01-31,0.0034246344085107,-0.0012292134681967,-0.0008226244473966,4.182697088866982e-05,0.0016324488984462,-0.0008226244473966,0.0028260707148858,0.0034246344085107,0.0028264066786874,0.0034248508905441,0.0034248751898134,0.00012085081175005035
2018-02-01,-0.0039094302643795,0.0005702152478357,0.0005702152478357,-0.0021286779825652,0.0006975099821446,0.0005702152478357,-0.0039094302643795,-0.0039094302643795,-0.0039096627597823,-0.0039095691099705,-0.0039093733157338,-0.0025259143002683555
2018-02-02,-0.0137644143803631,-0.0006532302861325,-0.0006532302861325,-0.0024871074990549,-0.0079958877287136,-0.0006532302861325,-0.0137644143803631,-0.0137644143803631,-0.0137641174205525,-0.0137643536324683,-0.0137643899152086,-0.012382720715360198
2018-02-05,-0.0134825808654679,0.0034728384955906,-0.000411735106224,0.0018819963739165,0.0068878119631778,0.0034728384955906,-0.0134825808654679,-0.0006013207823206,-0.0134825040745406,-0.0134824753563265,-0.0134825563165148,-0.01734145080019861
2018-02-06,0.0035330063421963,-0.0004016849186401,0.0,0.0035726017262459,-0.0022030077729113,-0.0004885825003876,0.0035330063421963,0.0,0.0035328721709356,0.0035327603591035,0.0035329900923963,0.007556334338342615
2018-02-07,-0.006224673173183,0.0,0.0,0.0047608129920573,2.400994029268591e-05,5.826225648955446e-05,-0.006224673173183,0.0,-0.0062246994282274,-0.0062245743100674,-0.0062247420245392,-0.0031359061054824066
2018-02-08,-0.011932951036646,0.0,0.0,-0.001068526071091,0.0037118541550522,-0.0053427110876866,-0.011932951036646,0.0,-0.0119328517798144,-0.011932873736109,-0.0119329179702419,-0.015208340299617741
2018-02-09,-0.0005253014453512,0.0,0.0,9.594701714175566e-05,0.0027257092167372,-0.0004035393274527,0.0004372391018803,0.0,-0.0005253012123429,0.0004370529815679,0.000437177081634,0.005816511810591857
2018-02-12,0.0,0.0,0.0,-0.0026875572824496,-0.0026690525403265,0.0,0.0049346079904739,0.0,0.0,0.0049346327844274,0.0049346068666628,0.005899844784331625
2018-02-13,0.0,0.0,0.0,0.0010044869787909,0.000847113247876,0.0,-0.0005088725774476,0.0,0.0,-0.0005088732091708,-0.0005088725234462,0.0014692996493252352
2018-02-14,0.0,0.0,0.0,0.0068850731709781,-0.0017157941954763,0.0,0.0,0.0,0.0,0.0,0.0,0.0040358706686957554
2018-02-15,0.0,0.0,0.0,0.001231891923487,0.0022083567594895,0.0,0.0,0.0,0.0,0.0,0.0,0.005294372513636384
2018-02-16,0.0,0.0,0.0,0.0013896020226815,0.0005005492725316,0.0,0.0,0.0,0.0,0.0,0.0,0.0006368707043578048
2018-02-20,0.0,0.0,0.0,0.003466906289228,0.0010927788607431,0.0,0.0,0.0,0.0,0.0,0.0,-0.0029401468772512554
2018-02-21,-0.0045840617837483,0.0,0.0,0.0009436951217148,-0.0007189173522324,0.0,0.0,0.0,0.0,0.0,0.0,-0.0029131651489686166
2018-02-22,0.0029718739137315,0.0,0.0,0.0004299723839147,0.0007914608484616,0.0,0.0,0.0024727514779512,0.0,0.0,0.0,0.0008220007322376279
2018-02-23,0.0068858176434413,0.0,0.0,0.0047378438006426,-0.0050242075743509,0.001412821986107,0.0,0.0068858176434413,0.0,0.0063860173820367,0.0,0.007743252451339024
2018-02-26,0.003399277922136,0.0,0.0,0.0007243602634096,0.0010253870363982,0.0047830732650247,0.0,0.003399277922136,0.0,0.0033991664561569,0.0,0.005206106406004233
2018-02-27,-0.0071018048818401,0.0,0.0026533881975646,0.0039848445510172,0.0051711125007401,0.0030389119974647,0.0,-0.0071018048818401,0.0,-0.0071019072562876,-0.0076002958534336,-0.006120598047621635
2018-02-28,-0.0025503623389532,-0.00115293299044,-0.0007747507818468,0.0004211158801995,-0.0012921286800167,-0.0007747507818468,-0.0030411912396072,-0.0025503623389532,-0.00304119280687,-0.0025502311702907,-0.0025501358403338,-0.0035953093356754736
2018-03-01,-0.0022729946068903,-0.000773838929012,-0.000773838929012,0.0066900746172925,0.0006383511640537,-0.000773838929012,-0.0022729946068903,-0.0022729946068903,-0.0022728793440592,-0.0022729595234929,-0.0022730426822389,-0.005316835571120951
2018-03-02,0.0008011058293136,0.0037810503605837,0.0037810503605837,-0.0040561047719557,0.0015070683367467,0.0037810503605837,0.0008011058293136,0.0008011058293136,0.0008009747055511,0.0008009477961052,0.000800974313518,0.001246562176462697
2018-03-05,0.0021439584150516,-0.0038529406326829,-0.0003818536292236,0.0053355322722254,0.0004834607149786,-0.0038529406326829,0.0021439584150516,-0.0004938073811601,0.0021440318256438,0.0021440586653698,0.0021440817130611,0.0048194272152314675
2018-03-06,0.0030981541230059,-0.0003754384097274,0.0,0.0015955803220051,-0.0005523750542192,-0.0021682193492776,0.0030981541230059,0.0,0.0030981916791832,0.0030982357214272,0.0030981855230862,0.0015018760204170275
2018-03-07,-0.0021595270119353,0.0,0.0,-0.0064003456865646,-0.0009502966910315,-0.0009496576921195,-0.0021595270119353,0.0,-0.0021596569226472,-0.0021596194793699,-0.0021596137953517,-0.00022780126121658826
2018-03-08,0.0011768932937651,0.0,0.0,-0.0007382171337909,-0.0020386589468782,-0.0006560131437434,0.0011768932937651,0.0,0.0011770455869871,0.0011770125336989,0.0011769823540171,0.0026092452465125283
2018-03-09,-0.0004943389543821,0.0,0.0,0.002702199301835,0.0005020780859921,-0.000376296841786,0.0039807387195986,0.0,-0.0004943377522854,0.0039806128583411,0.0039806635311377,0.0067058864594510175
2018-03-12,0.0,0.0,0.0,-0.0026450547038022,0.0006311599348207,0.0,0.000581938631359,0.0,0.0,0.0005820827442702,0.0005821127511653,0.000120617311170979
2018-03-13,0.0,0.0,0.0,-0.0038751300840599,-0.0004647899469906,0.0,-0.0004898847315784,0.0,0.0,-0.0004898858534302,-0.0004898841314128,-0.0023271009872053365
2018-03-14,0.0,0.0,0.0,-0.0014017640214535,0.0017903908426101,0.0,0.0,0.0,0.0,0.0,0.0,-0.0016106398072532337
2018-03-15,0.0,0.0,0.0,-0.0063985503891061,-0.0012779146913741,0.0,0.0,0.0,0.0,0.0,0.0,-0.0005665397058195598
2018-03-16,0.0,0.0,0.0,0.0055361788153855,0.0015187782060303,0.0,0.0,0.0,0.0,0.0,0.0,0.00012733546028723892
2018-03-19,0.0,0.0,0.0,-0.0014217688253984,-0.002070857611458,0.0,0.0,0.0,0.0,0.0,0.0,-0.005956394717194904
2018-03-20,0.0,0.0,0.0,-5.1508946549619415e-05,0.0029463779026905,0.0,0.0,0.0,0.0,0.0,0.0,0.00016689143135742315
2018-03-21,0.0,0.0,0.0,0.0048144656080511,-0.0006492070148551,0.0,0.0,0.0,0.0,0.0,0.0,-0.0006120126489600441
2018-03-22,-0.0060499180034952,0.0,0.0,-0.0046591380365313,-0.0003728909783952,0.0,0.0,0.0,0.0,0.0,0.0,-0.009381872838814594
2018-03-23,-0.0026649121304977,0.0,0.0,0.0033436123644544,0.0042796644913616,0.0,0.0,-0.0031378717129952,0.0,0.0,0.0,-0.008580072478070057
2018-03-26,0.005736648884029,0.0,0.0,2.945651025756328e-05,0.0022500778964065,0.0,0.0,0.005736648884029,0.0,0.005264216556074,0.0,0.010620875362466344
2018-03-27,-0.0018360683610522,0.0,0.0,0.0007862624724214,-0.0026421343301802,-0.0029967135876853,0.0,-0.0018360683610522,0.0,-0.0018360170870881,0.0,-0.00557149722284403
2018-03-28,0.0002166818196203,0.0,0.0,0.0010755247695418,0.0021594855227154,0.0038080237568098,0.0,0.0002166818196203,0.0,0.000216639892595,-0.0002492614034477,-0.0012951719900791512
2018-03-29,0.004476721434138,0.0,-0.0013463978053578,-0.0029046224322223,-0.0023042802334369,-0.0009724587273092,0.0040150955415036,0.004476721434138,0.0040151900993734,0.0044768809813566,0.0044769309427362,0.005937290618445967
2018-04-02,-0.0044310467149886,0.0008876804534998,0.0008876804534998,0.0005730968230037,0.0035637218897038,0.0008876804534998,-0.0044310467149886,-0.0044310467149886,-0.0044312137608527,-0.0044313038556404,-0.0044312121779513,-0.00951431107677259
2018-04-03,0.0007543985700874,-0.0084408619143835,-0.0084408619143835,-0.0041340872291117,-0.0038883742106082,-0.0084408619143835,0.0007543985700874,0.0007543985700874,0.0007542988133595,0.0007544991912604,0.0007543554358151,0.004600362133767285
2018-04-04,0.0013928750140413,7.649265795151152e-05,-0.0003777150973444,0.0040825349185632,0.0040825349185632,7.649265795151152e-05,0.0013928750140413,-0.0004638127087482,0.0013928490230204,0.0013926892187248,0.00139277662508,0.004539106881608399
2018-04-05,0.0008186817639613,-0.0003711820909972,0.0,-0.0022403726611174,-0.0022403726611174,0.0010474553792208,0.0008186817639613,0.0,0.0008187972966803,0.0008187848079011,0.0008187442460861,0.002728809831319707
2018-04-06,-0.0029084489352745,0.0,0.0,-0.0011598579782348,-0.0011598579782348,-0.0007621772270494,-0.0029084489352745,0.0,-0.0029085292120389,-0.0029083790583808,-0.0029084638503167,-0.008199952082334669
2018-04-09,0.0028318167299189,0.0,0.0,-0.0002436711341609,-0.0002436711341609,0.0015428228009157,0.0028318167299189,0.0,0.0028319764519054,0.0028317716888119,0.0028317880269851,0.002124540985148462
2018-04-10,-0.000460569689598,0.0,0.0,0.0008260218555885,0.0008260218555885,-0.0003780182793506,0.0047289867374761,0.0,-0.0004605680008363,0.0047286743641243,0.0047289465052731,0.006188496465428374
2018-04-11,0.0,0.0,0.0,0.0042980460391551,0.0042980460391551,0.0,0.0015611596392835,0.0,0.0,0.0015615157807262,0.0015612511441188,-0.0019293421360637051
2018-04-12,0.0,0.0,0.0,-0.0004491131387159,-0.0004491131387159,0.0,-0.0004570188614337,0.0,0.0,-0.0004570187063643,-0.0004570171395592,0.00243134200155315
2018-04-13,0.0,0.0,0.0,-0.0005069141905826,-0.0005069141905826,0.0,0.0,0.0,0.0,0.0,0.0,-0.0009813190431399834
2018-04-16,0.0,0.0,0.0,0.0009773568157473,0.0009773568157473,0.0,0.0,0.0,0.0,0.0,0.0,0.0032661560150932327
2018-04-17,0.0,0.0,0.0,0.0015333401056166,0.0015333401056166,0.0,0.0,0.0,0.0,0.0,0.0,0.00465530949319315
2018-04-18,0.0,0.0,0.0,0.0004845016063879,0.0004845016063879,0.0,0.0,0.0,0.0,0.0,0.0,-0.000781064509441065
2018-04-19,0.0,0.0,0.0,0.0008059062380987,0.0008059062380987,0.0,0.0,0.0,0.0,0.0,0.0,-0.0031636696630909524
2018-04-20,0.0,0.0,0.0,-0.0041933901721448,-0.0041933901721448,0.0,0.0,0.0,0.0,0.0,0.0,-0.00450130474210401
2018-04-23,-0.0019863702790026,0.0,0.0,-0.0028555254729337,-0.0028555254729337,0.0,0.0,0.0,0.0,0.0,0.0,-0.0003385672795863925
2018-04-24,-0.0027001444458583,0.0,0.0,-0.001402270428913,-0.001402270428913,0.0,0.0,-0.0031570660131998,0.0,0.0,0.0,-0.006056798290282714
2018-04-25,-0.0015759838642183,0.0,0.0,0.0035414568209761,0.0035414568209761,0.0036361847108171,0.0,-0.0015759838642183,0.0,-0.0020350409494349,0.0,0.0004807553989422353
2018-04-26,0.0042596638378207,0.0,0.0,-0.0005258524981221,-0.0005258524981221,-0.0015532027559556,0.0,0.0042596638378207,0.0,0.0042598752378133,0.0,0.004945819578362844
2018-04-27,0.0018570622405898,0.0,-0.0031117461348798,0.0010189497826933,0.0010189497826933,-0.0027364426939792,0.0,0.0018570622405898,0.0,0.0018569623360486,0.0013986596536293,0.0008435405488441704
2018-04-30,-0.0012118108740397,-0.0002249590901879,0.0001505251507839,0.0054587396944422,0.0054587396944422,0.0001505251507839,-0.0016711196577441,-0.0012118108740397,-0.001671199319961,-0.0012117107509956,-0.0012116977218,-0.0029267941099241222
2018-05-01,-0.0009128439456065,-0.0021046141408457,-0.0021046141408457,0.0002005907844555,0.0002005907844555,-0.0021046141408457,-0.0009128439456065,-0.0009128439456065,-0.0009128923113463,-0.000912927489418,-0.0009128913704549,0.00010211171281199389
2018-05-02,0.0002431692551301,-0.0083566243049727,-0.0083566243049727,-0.0036539886642231,-0.0036539886642231,-0.0083566243049727,0.0002431692551301,0.0002431692551301,0.0002433772281799,0.0002431064179455,0.0002431692931306,-0.0027299682209908104
2018-05-03,0.0010863096224328,-0.0004567044629354,-0.0003847997188779,-0.0054018539708177,-0.0054018539708177,-0.0004567044629354,0.0010863096224328,-0.0004696947122299,0.001086165692984,0.0010863809116495,0.0010862704932281,-0.00011612987758441281
2018-05-04,0.0039483337481775,-0.0003830480857486,0.0,0.0033395817119517,0.0033395817119517,0.0021283008756235,0.0039483337481775,0.0,0.0039484167516783,0.0039483802587832,0.0039484737344604,0.006101860669514028
2018-05-07,0.0006917179604926,0.0,0.0,0.0067745129007465,0.0067745129007465,0.0041765005781832,0.0006917179604926,0.0,0.0006917416717835,0.0006917619891805,0.0006916276005142,0.0012066905122036136
2018-05-08,4.2242704370733337e-05,0.0,0.0,0.0030386668534346,0.0030386668534346,-3.128583339344368e-05,4.2242704370733337e-05,0.0,4.211665575513152e-05,4.217527623270917e-05,4.214007243011749e-05,-0.0004848785541209733
2018-05-09,-0.0005032531454948,0.0,0.0,0.0006460602641051,0.0006460602641051,-0.0003741755527625,0.0019332312580188,0.0,-0.0005032506277962,0.0019333712772812,0.001933452091169,0.0034912007127457212
2018-05-10,0.0,0.0,0.0,0.0083570045708577,0.0083570045708577,0.0,0.0051449324653668,0.0,0.0,0.005144970104938,0.0051448091059887,0.0044913265502795445
2018-05-11,0.0,0.0,0.0,0.0015870125729567,0.0015870125729567,0.0,-0.0005085889480922,0.0,0.0,-0.0005085889749971,-0.0005085886378509,0.0011996221936827476
2018-05-14,0.0,0.0,0.0,-0.0025352521465802,-0.0025352521465802,0.0,0.0,0.0,0.0,0.0,0.0,-0.0004399619843849226
2018-05-15,0.0,0.0,0.0,0.0026968489766422,0.0026968489766422,0.0,0.0,0.0,0.0,0.0,0.0,-0.004439576396801719
2018-05-16,0.0,0.0,0.0,0.0027816131937241,0.0027816131937241,0.0,0.0,0.0,0.0,0.0,0.0,0.0013231727042655901
2018-05-17,0.0,0.0,0.0,-0.0008382696737908,-0.0008382696737908,0.0,0.0,0.0,0.0,0.0,0.0,-0.0004147124222743199
2018-05-18,0.0,0.0,0.0,-0.0090043446979741,-0.0090043446979741,0.0,0.0,0.0,0.0,0.0,0.0,-9.721390207978521e-05
2018-05-21,0.0,0.0,0.0,-0.0017605400512356,-0.0017605400512356,0.0,0.0,0.0,0.0,0.0,0.0,0.0034264671092971597
2018-05-22,0.0,0.0,0.0,-0.0007471572704195,-0.0007471572704195,0.0,0.0,0.0,0.0,0.0,0.0,-0.0013573899630947037
2018-05-23,0.0020726759421803,0.0,0.0,-0.0038697460749923,-0.0038697460749923,0.0,0.0,0.0,0.0,0.0,0.0,0.002478417605645988
2018-05-24,0.0009393357330317,0.0,0.0,0.0062208024021088,0.0062208024021088,0.0,0.0,0.0004158071820237,0.0,0.0,0.0,-0.00023286047401445235
2018-05-25,-0.0013597627089895,0.0,0.0,0.0010696367314551,0.0010696367314551,0.0,0.0,-0.0013597627089895,0.0,-0.0018878382759036,0.0,8.933302310760961e-05
2018-05-29,0.0002066933967299,0.0,0.0,0.0004725410641773,0.0004725410641773,0.003031235488964,0.0,0.0002066933967299,0.0,0.0002067468538837,0.0,-0.0016947766683684238
2018-05-30,0.0031526794163397,0.0,-0.0027082135066752,-0.0038091464190936,-0.0038091464190936,-0.0023401514407422,0.0,0.0031526794163397,0.0,0.0031526413151562,0.0026377272308768,0.004229383773162834
2018-05-31,-0.0027441347000829,0.0023738408224616,0.0027435931547393,-0.0014317891017691,-0.0014317891017691,0.0027435931547393,-0.003256748365284,-0.0027441347000829,-0.0032567293203066,-0.0027440999288855,-0.0027439913366859,-0.002775162020935912
2018-06-01,0.0004031374443913,-0.0028124504567153,-0.0028124504567153,-0.0035673987333273,-0.0035673987333273,-0.0028124504567153,0.0004031374443913,0.0004031374443913,0.0004030996759464,0.0004029963883071,0.0004030030412446,0.0030683648252975847
2018-06-04,-0.0003939561453886,0.0028244106019499,0.0028244106019499,0.0026335900016524,0.0041618244316313,0.0028244106019499,-0.0003939561453886,-0.0003939561453886,-0.0003939703151882,-0.000393823175241,-0.0003938153698354,0.0009477181980466934
2018-06-05,0.0012861115411081,0.0044466977034343,-0.0003680323447484,-0.0003260075455704,-0.0001207083363912,0.0044466977034343,0.0012861115411081,-0.0005196893466066,0.0012860957158124,0.0012860574657987,0.0012859281148738,0.0012404293907259376
2018-06-06,0.0010983516574707,-0.000368340446457,0.0,-0.0025140284756561,-0.0058164949388101,-0.0019452527800795,0.0010983516574707,0.0,0.0010982774901025,0.0010984331727106,0.001098390672905,0.002619397417606377
2018-06-07,0.0007549690881249,0.0,0.0,-0.0008717651607132,0.0029199144413752,-0.0001495143093319,0.0007549690881249,0.0,0.0007550972494463,0.0007548276703111,0.00075501782371,0.0009902231510796214
2018-06-08,-0.0001385535659345,0.0,0.0,-0.0035039853963056,-0.0038097532082288,-0.0032955578459792,-0.0001385535659345,0.0,-0.0001386668974774,-0.0001383279048772,-0.0001383287911723,0.0008511271960710933
2018-06-11,-0.0005204213735854,0.0,0.0,0.0033446367915858,0.0036856437808821,-0.0003685932463354,0.0011947801111698,0.0,-0.0005204212361924,0.0011946316431575,0.0011946914164221,0.0002683804275198895
2018-06-12,0.0,0.0,0.0,0.0024095710319756,0.0021756997594335,0.0,0.0001658095634065,0.0,0.0,0.0001658726889072,0.0001658072110671,0.00038009385787414696
2018-06-13,0.0,0.0,0.0,-0.0015431331377364,-0.0054907259079581,0.0,-0.0005213843895478,0.0,0.0,-0.0005213844557998,-0.0005213846506803,-0.0018428478440257144
2018-06-14,0.0,0.0,0.0,3.755606308005052e-05,0.0054526396986594,0.0,0.0,0.0,0.0,0.0,0.0,0.0019921160189629267
2018-06-15,0.0,0.0,0.0,-0.0018399815710455,0.0014605241653849,0.0,0.0,0.0,0.0,0.0,0.0,-0.00036880048151204315
2018-06-18,0.0,0.0,0.0,0.0045781206457257,0.0060006747685074,0.0,0.0,0.0,0.0,0.0,0.0,-0.0006398081687354921
2018-06-19,0.0,0.0,0.0,-0.0010414003672996,8.026931050583074e-05,0.0,0.0,0.0,0.0,0.0,0.0,-0.0007788886199208524
2018-06-20,0.0,0.0,0.0,0.0016984345614647,-0.0007168505050594,0.0,0.0,0.0,0.0,0.0,0.0,-9.773133199123353e-05
2018-06-21,0.0,0.0,0.0,0.0019509383950381,0.0031243904201601,0.0,0.0,0.0,0.0,0.0,0.0,-0.0020465015809266263
2018-06-22,0.0037320970131987,0.0,0.0,0.0022424312444489,-0.0005362714112942,0.0,0.0,0.0,0.0,0.0,0.0,0.0007661441731465604
2018-06-25,-0.0061208178013841,0.0,0.0,0.0008699464209121,0.0020400188415683,0.0,0.0,-0.0066597171956444,0.0,0.0,0.0,-0.005363558183831545
2018-06-26,0.0028170026334831,0.0,0.0,-0.000541355943464,-0.0006753046587222,0.0008617986464074,0.0,0.0028170026334831,0.0,0.0022749990986655,0.0,0.001140977824793484
2018-06-27,-0.0017365631252947,0.0,0.0,-0.0001953667310002,-0.0023290441193719,-0.0029102858312161,0.0,-0.0017365631252947,0.0,-0.0017365039254558,0.0,-0.002253008148138402
2018-06-28,0.0012263761422051,0.0,0.0018493644300249,-0.0015494653581524,-0.0013374584568269,0.002227317923035,0.0,0.0012263761422051,0.0,0.0012260497188588,0.0006759453019196,0.0020731525555331945
2018-06-29,0.0012357653911436,0.0005856562475009,0.0009631268181599,-0.0052795767539835,-0.0021594412257727,0.0009631268181599,0.0006823230419313,0.0012357653911436,0.0006823474635742,0.001235993171463,0.0012358537286001,0.00018684819266317
2018-07-02,-0.0027397743036523,-0.0001714266055435,-0.0001714266055435,0.0012374883474194,-0.0008103783403966,-0.0001714266055435,-0.0027397743036523,-0.0027397743036523,-0.0027396630639979,-0.002739739206759,-0.002739776903194,0.00011875112043350546
2018-07-03,0.0020499263489249,-0.0001109543056225,-0.0001109543056225,0.0050807250224636,0.003624370179071,-0.0001109543056225,0.0020499263489249,0.0020499263489249,0.0020497525969743,0.0020498285379735,0.0020499586721195,-0.00065506860873479
2018-07-05,0.0042906817636357,-0.0003748858693742,0.0,0.0030254322666235,0.0037974288473851,0.0015829142586539,0.0042906817636357,-0.0005584608262098,0.0042909012705133,0.0042907676837721,0.0042909505349717,0.004208637482380628
2018-07-06,0.0039526687684856,0.0,0.0,-0.00083309153829,-0.0024847774110138,-0.0028787856305742,0.0039526687684856,0.0,0.0039523406930543,0.0039525741862154,0.0039524780706399,0.004469461926328372
2018-07-09,0.0027638243537047,0.0,0.0,0.0025695110292708,-0.002359792579384,-0.0036752320235998,0.0027638243537047,0.0,0.002764121159168,0.0027639015184181,0.002763816859024,0.002794219892816546
2018-07-10,-0.0005705216664876,0.0,0.0,-0.0006641770591326,-0.0038177649180301,-0.0003777940983793,-0.0005705216664876,0.0,-0.0005706369651177,-0.0005705531445119,-0.0005705441463643,0.001304137844005425
2018-07-11,-0.0005618665333904,0.0,0.0,0.0033112467957373,-0.0006651942218913,0.0,-0.006755597130869,0.0,-0.0005618652624629,-0.0067554385799724,-0.0067555505369838,-0.002807044357641418
2018-07-12,0.0,0.0,0.0,0.0011478003446823,0.0017745973312392,0.0,0.0047494972728883,0.0,0.0,0.0047493779897479,0.00474935968755,0.0036255985583674663
2018-07-13,0.0,0.0,0.0,0.0005028583299537,0.0033117983560534,0.0,-0.0005543494750673,0.0,0.0,-0.0005543491002659,-0.0005543494610281,0.0007975160939144623
2018-07-16,0.0,0.0,0.0,0.0025550084688942,0.00166571274446,0.0,0.0,0.0,0.0,0.0,0.0,-0.0009081109299012202
2018-07-17,0.0,0.0,0.0,-0.0015183901181892,-0.0002271318522534,0.0,0.0,0.0,0.0,0.0,0.0,0.0015933772200245285
2018-07-18,0.0,0.0,0.0,0.001941756253546,0.0013002546041223,0.0,0.0,0.0,0.0,0.0,0.0,0.000672605057678171
2018-07-19,0.0,0.0,0.0,0.0050498626461631,0.0050955006183597,0.0,0.0,0.0,0.0,0.0,0.0,-0.0007646049237601005
2018-07-20,0.0,0.0,0.0,-0.000763263291345,0.0006422013562089,0.0,0.0,0.0,0.0,0.0,0.0,-0.0017807030714988993
2018-07-23,0.0,0.0,0.0,-0.0019782700251508,-0.0038947832121722,0.0,0.0,0.0,0.0,0.0,0.0,-0.0006069159453871799
2018-07-24,0.0019122965195093,0.0,0.0,-0.0041459942542454,-0.0045056260573732,0.0,0.0,0.0,0.0,0.0,0.0,0.002306180420967174
2018-07-25,0.0045579688198459,0.0,0.0,0.000665341952981,0.0021730226836191,0.0,0.0,0.0039981771637413,0.0,0.0,0.0,0.0035826309260886258
2018-07-26,-0.0016834985492893,0.0,0.0,0.0028547384258736,0.0027628398932078,0.0012268492803124,0.0,-0.0016834985492893,0.0,-0.0022429306070543,0.0,-0.0014479317863264416
2018-07-27,-0.0026023453953588,0.0,0.0,0.0008772012126409,-0.002925810912312,-0.0021028098745946,0.0,-0.0026023453953588,0.0,-0.0026023835485836,0.0,-0.0024341281672551544
2018-07-30,-0.0019309416107429,0.0,0.0016356458076178,0.0001456815283417,0.001484991667293,0.002021029799513,0.0,-0.0019309416107429,0.0,-0.0019310366108786,-0.0024853939744818,-0.002567656912544492
2018-07-31,0.0037613392063601,0.0086893592502592,0.0090758566225677,0.0027827191209448,0.0075144029492025,0.0090758566225677,0.0032047132849147,0.0037613392063601,0.0032046995620624,0.0037613349349507,0.0037612350784913,0.0024448929678464884
2018-08-01,-0.0032911482009559,0.0052541988438315,0.0052541988438315,0.006861117588248,0.006977026077662,0.0052541988438315,-0.0032911482009559,-0.0032911482009559,-0.0032911825222222,-0.0032911521556446,-0.0032911100614607,-0.0019285675747833801
2018-08-02,0.0016183804041175,-0.0008949427688825,-0.0008949427688825,-0.000365721918637,0.0009706647582644,-0.0008949427688825,0.0016183804041175,0.0016183804041175,0.0016183520291705,0.0016184266365625,0.0016185058975594,0.002934204289034645
2018-08-03,0.0030232675266887,-0.0050881526565738,-0.0003842568803509,0.0010987826667568,-0.0011424886734704,-0.0050881526565738,0.0030232675266887,-0.0005585939967052,0.0030234046061887,0.0030232382034221,0.0030232081191631,0.002948925733327319
2018-08-06,0.0003488496842306,-0.0003906170364124,0.0,0.003114574861178,-0.0019169049658986,-0.0035976169554511,0.0003488496842306,0.0,0.0003488865432512,0.0003489054478992,0.0003489584667973,0.0017715134197012095
2018-08-07,0.00093424825794,0.0,0.0,-0.0039685315582809,0.0002469060510037,-0.0032526200470077,0.00093424825794,0.0,0.0009340018196131,0.0009341564861045,0.0009340524963251,0.0006907353098716892
2018-08-08,-0.0015336724807381,0.0,0.0,0.0003500393944417,0.0010217895393784,-0.0034061337256424,-0.0015336724807381,0.0,-0.0015336462512974,-0.0015337414467392,-0.0015337795321163,3.733606394215489e-05
2018-08-09,-0.0005606941948204,0.0,0.0,0.0002084439050855,-0.0011310720637669,-0.0003817953701376,0.0011085310627597,0.0,-0.0005606929557887,0.0011085209405056,0.0011085966339865,0.00018142899107165115
2018-08-10,0.0,0.0,0.0,-0.0032546084974914,-0.0049525468852223,0.0,-0.0018439928305228,0.0,0.0,-0.001843993518564,-0.0018440665617574,-0.00149566668684986
2018-08-13,0.0,0.0,0.0,-0.0040906611338055,-0.0017892971515277,0.0,-0.0005685732691019,0.0,0.0,-0.0005685730022051,-0.0005685728590892,-0.0016481977008051068
2018-08-14,0.0,0.0,0.0,-0.0018583279607111,0.0036556826830724,0.0,0.0,0.0,0.0,0.0,0.0,0.002414070891021794
2018-08-15,0.0,0.0,0.0,-0.0016486763670983,-0.0040684027148282,0.0,0.0,0.0,0.0,0.0,0.0,-0.0024611492300911936
2018-08-16,0.0,0.0,0.0,0.0016068842821162,-0.0002015287925539,0.0,0.0,0.0,0.0,0.0,0.0,0.00304734289293414
2018-08-17,0.0,0.0,0.0,-0.0007510760175332,-0.002037945753054,0.0,0.0,0.0,0.0,0.0,0.0,0.0015370845785206886
2018-08-20,0.0,0.0,0.0,-0.0012210164373971,-0.0071352225668211,0.0,0.0,0.0,0.0,0.0,0.0,0.0018778432590589558
2018-08-21,0.0,0.0,0.0,0.0066256143845846,0.001953035069993,0.0,0.0,0.0,0.0,0.0,0.0,0.0004914356602155705
2018-08-22,0.0,0.0,0.0,-0.0030002307404356,-0.0037527328367982,0.0,0.0,0.0,0.0,0.0,0.0,0.00025129361252551315
2018-08-23,0.0,0.0,0.0,-0.0010567003554769,0.0016701720924979,0.0,0.0,0.0,0.0,0.0,0.0,-0.0006311457377840674
2018-08-24,0.0050004711975435,0.0,0.0,0.0009399246099614,-0.0026426958081587,0.0,0.0,0.0,0.0,0.0,0.0,0.0025851238194866087
2018-08-27,0.0017255715075602,0.0,0.0,-0.0045547729055297,0.0024332223858255,0.0,0.0,0.0011729774954714,0.0,0.0,0.0,0.002733519722598114
2018-08-28,-0.0017765203525397,0.0,0.0,0.001821097445043,-0.0017540624658005,-0.0041053471385337,0.0,-0.0017765203525397,0.0,-0.0023324469630487,0.0,-0.0004216357835322699
2018-08-29,0.0027367840172841,0.0,0.0,0.0017964101847283,0.0002921589152588,0.0032019979943894,0.0,0.0027367840172841,0.0,0.0027365898711565,0.0,0.002350739484774771
2018-08-30,-0.0025812171773243,0.0,-0.0038643826069653,-0.0001273261712882,0.0029572587080564,-0.003498119339087,0.0,-0.0025812171773243,0.0,-0.0025809373530871,-0.0031376147432515,-0.00131165018604714
2018-08-31,0.0002862376125946,0.0019239491728663,0.0022895982188062,-0.000102810734371,0.0016978120727277,0.0022895982188062,-0.0002700605740171,0.0002862376125946,-0.0002702903765035,0.0002861317641612,0.0002863210341791,4.950691817053312e-05
2018-09-04,-0.0051939776053406,-0.0002799552995851,-0.0002799552995851,-0.0002316593998562,-0.0002889414912862,-0.0002799552995851,-0.0051939776053406,-0.0051939776053406,-0.0051939080148492,-0.0051940395938924,-0.0051940693802994,-0.002271998907552259
2018-09-05,-0.0025995877580991,-0.0001663448524612,-0.0003694883587152,-0.00157549258295,-0.00157549258295,-0.0001663448524612,-0.0025995877580991,-0.0025995877580991,-0.0025995702895269,-0.0025996902405085,-0.0025996895777368,-0.0015715381491903358
2018-09-06,-0.000569952118095,-0.0003703984768607,0.0,0.0014379439715514,0.0014379439715514,-0.0013165792766181,-0.000569952118095,-0.0005574374937364,-0.0005700415433352,-0.000569883432522,-0.0005698767595617,-0.0007770337621548187
2018-09-07,-0.0035182792323483,0.0,0.0,-0.0018704172505822,-0.0018704172505822,0.0017123304755211,-0.0035182792323483,0.0,-0.0035183318516449,-0.0035182461056132,-0.0035182733160848,-0.0026089728156891714
2018-09-10,0.0015191255399393,0.0,0.0,0.002389923327197,0.002389923327197,-0.0015334786505019,0.0015191255399393,0.0,0.0015190456522666,0.0015190152737428,0.0015190590396374,0.0007509874730115022
2018-09-11,0.0006030664370825,0.0,0.0,0.0018048307113021,0.0018048307113021,-0.0003697338832881,0.0006030664370825,0.0,0.0006032234401412,0.0006031003988645,0.0006031798880742,0.0003602884394612987
2018-09-12,-0.000562238146368,0.0,0.0,-0.0008577848814323,-0.0008577848814323,0.0,0.0022428929478657,0.0,-0.0005622375895509,0.0022430634952853,0.0022428787949348,0.0003789882688966645
2018-09-13,0.0,0.0,0.0,0.0105867530071223,0.0105867530071223,0.0,0.0012611055779857,0.0,0.0,0.0012608640386624,0.0012610964721206,0.0024806777124001503
2018-09-14,0.0,0.0,0.0,-0.0008241719635766,-0.0008241719635766,0.0,-0.0005647958190461,0.0,0.0,-0.0005647959623526,-0.0005647954027777,-0.00043227516718022054
2018-09-17,0.0,0.0,0.0,-0.0008431822802972,-0.0008431822802972,0.0,0.0,0.0,0.0,0.0,0.0,-0.0022217593213054924
2018-09-18,0.0,0.0,0.0,0.0034179970063758,0.0034179970063758,0.0,0.0,0.0,0.0,0.0,0.0,0.001107802395939933
2018-09-19,0.0,0.0,0.0,-0.0027724627145184,-0.0027724627145184,0.0,0.0,0.0,0.0,0.0,0.0,-2.3271667335680356e-05
2018-09-20,0.0,0.0,0.0,-0.0010866487952026,-0.0010866487952026,0.0,0.0,0.0,0.0,0.0,0.0,0.003431479824641802
2018-09-21,-0.0007395558987872,0.0,0.0,-0.004332744181128,-0.004332744181128,0.0,0.0,0.0,0.0,0.0,0.0,-0.00029203038019428847
2018-09-24,-0.0017907372823006,0.0,0.0,-0.0022774370469511,-0.0022774370469511,0.0,0.0,-0.0023599926657398,0.0,0.0,0.0,-0.0017069012125570187
2018-09-25,0.0010924648200653,0.0,0.0,0.001749756583859,0.001749756583859,0.0007695931062061,0.0,0.0010924648200653,0.0,0.000520028311973,0.0,-0.000663592967784527
2018-09-26,-0.0009184646102832,0.0,0.0,0.0004360775035426,0.0004360775035426,0.0028307188587966,0.0,-0.0009184646102832,0.0,-0.0009186717866976,0.0,-0.0003850279655291811
2018-09-27,0.0020138259261498,0.0,0.0002865147603596,-0.0009295173976355,-0.0009295173976355,0.0006383455257636,0.0,0.0020138259261498,0.0,0.002014066185442,0.0014404283167934,0.0011715871722559677
2018-09-28,0.0027457226776677,-0.0013613004870287,-0.001006684723954,0.0010294344988623,0.0010294344988623,-0.001006684723954,0.0021697784007881,0.0027457226776677,0.0021698047015601,0.0027456284429707,0.0027454603379527,0.00018541543850976507
2018-10-01,-0.0002564423388616,-0.0012369783599447,-0.0012369783599447,0.0019723252925187,0.0019723252925187,-0.0012369783599447,-0.0002564423388616,-0.0002564423388616,-0.000256417537209,-0.0002563285540781,-0.0002561397332985,0.0007976697952448483
2018-10-02,0.0005333472310673,0.0002426128121291,0.0002426128121291,-0.0019366176393618,-0.000274011225682,0.0002426128121291,0.0005333472310673,0.0005333472310673,0.0005333590544594,0.0005331945367852,0.0005333226237268,0.0005210193958155781
2018-10-03,-0.0030728641190426,0.0010988734754724,-0.0003582135857417,0.0036723048465633,-0.0016735061965692,0.0010988734754724,-0.0030728641190426,-0.0005808299726949,-0.0030729690856152,-0.0030730224107876,-0.003073119311092,-0.002322352096745857
2018-10-04,-0.008079013074956,-0.0003600334495731,0.0,-0.0005298010544278,-0.0026379150499886,0.0009764168660446,-0.008079013074956,0.0,-0.0080790228330217,-0.0080790620818543,-0.0080789887211224,-0.005269544460792405
2018-10-05,-0.0044994061420745,0.0,0.0,0.0017390688484479,0.0019069188509377,0.0007799377222512,-0.0044994061420745,0.0,-0.0044995704549951,-0.0044994078361462,-0.0044994751628795,-0.0029499674268569837
2018-10-08,-0.0019813098366598,0.0,0.0,0.0008564944598843,0.0001834816551244,0.001701597650219,-0.0019813098366598,0.0,-0.0019811285082885,-0.0019811126670939,-0.0019812342262251,0.00013456627846509573
2018-10-09,-0.0005823147225847,0.0,0.0,0.0043460286413549,0.0027675744485946,-0.0003623793835551,0.0017961698390854,0.0,-0.0005823143836731,0.0017960189611873,0.0017959908491561,-0.0002085121501434805
2018-10-10,0.0,0.0,0.0,0.0021696336552025,-0.0003909612123498,0.0,-0.014382806454922,0.0,0.0,-0.0143825189434243,-0.014382334253547,-0.012733314255710206
2018-10-11,0.0,0.0,0.0,0.0051106898030369,0.0037313926046665,0.0,-0.0005821158798327,0.0,0.0,-0.0005821153470589,-0.0005821143357506,-0.007769517164867288
2018-10-12,0.0,0.0,0.0,3.1157435380512865e-05,0.0019984544773883,0.0,0.0,0.0,0.0,0.0,0.0,0.005325324794144206
2018-10-15,0.0,0.0,0.0,0.0054281158876584,0.0029327724023626,0.0,0.0,0.0,0.0,0.0,0.0,-0.002252534314701348
2018-10-16,0.0,0.0,0.0,0.0043587174455847,0.0071039687293862,0.0,0.0,0.0,0.0,0.0,0.0,0.009152148601093342
2018-10-17,0.0,0.0,0.0,-0.0029281612613893,-0.005359429032975,0.0,0.0,0.0,0.0,0.0,0.0,-0.0007343662171770271
2018-10-18,0.0,0.0,0.0,0.0047273120520594,0.0031737314101339,0.0,0.0,0.0,0.0,0.0,0.0,-0.005561324482112279
2018-10-19,0.0,0.0,0.0,-0.0007046927442623,-0.0015661544222887,0.0,0.0,0.0,0.0,0.0,0.0,-0.0006136171430751705
2018-10-22,0.0,0.0,0.0,-0.0020863251842788,-0.0005695116465092,0.0,0.0,0.0,0.0,0.0,0.0,-0.0018217871171512321
2018-10-23,0.0,0.0,0.0,0.0025789809246827,0.0009297650728283,0.0,0.0,0.0,0.0,0.0,0.0,-0.0013463700331548076
2018-10-24,-0.0067597762395351,0.0,0.0,0.0002902559316924,0.0008220674114962,0.0,0.0,0.0,0.0,0.0,0.0,-0.010723175695877536
2018-10-25,0.0048498392740232,0.0,0.0,-0.0037456816935209,-0.0017785169000513,0.0,0.0,0.0043474314471893,0.0,0.0,0.0,0.006267157792483759
2018-10-26,-0.0025824984498789,0.0,0.0,-0.0044023416182016,-0.0017438062640156,0.0037971765004924,0.0,-0.0025824984498789,0.0,-0.0030889078771678,0.0,-0.006201044979369267
2018-10-29,-0.0031556595861,0.0,0.0,-0.0028632456283744,0.0009026775554375,-0.0008122774520236,0.0,-0.0031556595861,0.0,-0.003155646426262,0.0,-0.0023638663181836848
2018-10-30,0.0030934731445073,0.0,0.0016562453413721,0.0034163006935903,0.0025625985383266,0.0020122697216802,0.0,0.0030934731445073,0.0,0.0030935066971175,0.0025857686945506,0.005408378490880931
2018-10-31,-0.0017400574167924,7.1696599426112045e-06,0.000362949637492,-0.0023630013061278,-0.0027226004013753,0.000362949637492,-0.0022425591734758,-0.0017400574167924,-0.0022425925277906,-0.0017401956554786,-0.0017401903379867,0.0037766542596333074
2018-11-01,0.0050686660426187,0.002983567392191,0.002983567392191,-3.976366635181352e-06,-0.000107746564587,0.002983567392191,0.0050686660426187,0.0050686660426187,0.0050687235243282,0.0050687564507149,0.0050688247288154,0.005314540452313668
2018-11-02,-0.0030736236107694,-0.0006090192394673,-0.0006090192394673,0.0035012254644546,-0.0017741563311131,-0.0006090192394673,-0.0030736236107694,-0.0030736236107694,-0.0030737654232114,-0.0030736900224559,-0.003073734777718,-0.004474913479723595
2018-11-05,0.001077572680845,0.0028417549308307,-0.0003616036980478,-0.0009894554171664,0.0014566494414549,0.0028417549308307,0.001077572680845,-0.0004983238633259,0.0010775303344546,0.0010776370025582,0.0010774805397531,0.002553978551523169
2018-11-06,0.0002269467461873,-0.0003659223143003,0.0,-0.0002147024536537,0.000626430916945,0.0018869002337261,0.0002269467461873,0.0,0.0002269913660053,0.0002268813331386,0.0002270555695396,0.002405036733795827
2018-11-07,0.0048848186197665,0.0,0.0,0.0021778822518622,-0.0002851773457856,-0.000932257618158,0.0048848186197665,0.0,0.0048850340789446,0.0048849694525775,0.0048847973474725,0.008953513416265787
2018-11-08,-0.0028746222219943,0.0,0.0,0.001548719947446,-0.0036795539809924,0.0044143587961475,-0.0028746222219943,0.0,-0.0028747409604698,-0.0028746375625966,-0.0028746727804234,-0.0010857066093300145
2018-11-09,-0.0005013457593611,0.0,0.0,0.000251806024576,0.0053758679614901,-0.0003772330606569,-0.0041190599299174,0.0,-0.0005013458765796,-0.0041189378573173,-0.0041190887888779,-0.002883115001754042
2018-11-12,0.0,0.0,0.0,0.0028696948306584,0.0011364797713912,0.0,-0.0038644110415085,0.0,0.0,-0.0038646436221531,-0.0038644058571993,-0.0069179957040072446
2018-11-13,0.0,0.0,0.0,-0.0043996766493321,-0.0002792037523586,0.0,-0.0005046881335076,0.0,0.0,-0.0005046885478864,-0.0005046876669817,-0.00015326339092595556
2018-11-14,0.0,0.0,0.0,-0.0015556510625933,-0.0045272594205874,0.0,0.0,0.0,0.0,0.0,0.0,-0.002502892087118715
2018-11-15,0.0,0.0,0.0,0.0006464590992921,0.003015982216628,0.0,0.0,0.0,0.0,0.0,0.0,0.004591800353225202
2018-11-16,0.0,0.0,0.0,-0.0008121634132499,0.0031458461058114,0.0,0.0,0.0,0.0,0.0,0.0,0.0019734320333048847
2018-11-19,0.0,0.0,0.0,-0.0033412881506098,-0.0031935931484188,0.0,0.0,0.0,0.0,0.0,0.0,-0.006636334008737731
2018-11-20,0.0,0.0,0.0,0.0043826587563074,0.0026034756165428,0.0,0.0,0.0,0.0,0.0,0.0,-0.0076972283438145805
2018-11-21,0.0,0.0,0.0,0.0003659952352841,-0.0048460620432417,0.0,0.0,0.0,0.0,0.0,0.0,0.0010581210536026008
2018-11-23,-0.0051804649871758,0.0,0.0,-0.0031771182151367,0.0024481814503397,0.0,0.0,0.0,0.0,0.0,0.0,-0.002666159165503584
2018-11-26,0.0036638269759358,0.0,0.0,-0.0043527431975534,-0.0002467073264246,0.0,0.0,0.0031718222636604,0.0,0.0,0.0,0.006291320212445021
2018-11-27,-0.0004394038648932,0.0,0.0,-0.0043682269756355,-0.0011779147067402,-0.0032227047168194,0.0,-0.0004394038648932,0.0,-0.000930677463387,0.0,0.0016721007886820903
2018-11-28,0.0047540575725616,0.0,0.0,-0.0051671943734061,-0.0026436192676541,-0.0006696481508812,0.0,0.0047540575725616,0.0,0.0047541145005761,0.0,0.009642878355753972
2018-11-29,0.0002941490577528,0.0,-0.0020725700344097,0.0011586549033419,0.0015903268410055,-0.0017018962762587,0.0,0.0002941490577528,0.0,0.0002939639146248,-0.0001937284891831,-0.0003046824019342386
2018-11-30,0.0004920939967083,-0.0023616066114007,-0.0019875624895552,-0.0021585827107105,-0.005251674038442,-0.0019875624895552,7.991644923524685e-07,0.0004920939967083,8.226733220846518e-07,0.0004922562304248,0.0004921783189616,0.0031069632964741364
2018-12-03,0.0079719514175733,-0.0051311661678916,-0.0051311661678916,-0.0013001529341076,0.0011710796171659,-0.0051311661678916,0.0079719514175733,0.0079719514175733,0.0079719605315339,0.0079719412909004,0.007971957871136,0.007295406132299588
2018-12-04,-0.0042597981653404,0.0018286317644086,0.0018286317644086,-0.0018470986035243,0.0002362294039164,0.0018286317644086,-0.0042597981653404,-0.0042597981653404,-0.0042598560552807,-0.0042597380309363,-0.0042596774972287,-0.012955086315717908
2018-12-06,0.0001422658147787,-0.000383800691572,0.0,-0.00223385900142,-0.0021585649079979,-0.0019899680915721,0.0001422658147787,-0.0004869028694572,0.0001422706786211,0.0001420533609913,0.0001421219588651,0.00013356507044306917
2018-12-07,-0.0019727169370158,0.0,0.0,0.0044161723895356,0.004980682201311,-0.0009736526849897,-0.0019727169370158,0.0,-0.0019726182296447,-0.0019726053661187,-0.0019726621803686,-0.009174641635417119
2018-12-10,-0.0007132157262644,0.0,0.0,0.0069855516898683,0.0027762643457398,0.0010966793109618,-0.0007132157262644,0.0,-0.0007132273844164,-0.0007132888897017,-0.0007133521607552,0.000916452113623324
2018-12-11,0.0013718896814679,0.0,0.0,0.0032358654169898,-0.0029348963057283,-0.000395792998578,0.0013718896814679,0.0,0.0013718313848136,0.0013720249593446,0.0013720168154165,-0.0006828437255310154
2018-12-12,-0.000474586085321,0.0,0.0,0.002338868409447,-0.0002584169677866,0.0,0.0008069837868334,0.0,-0.0004745875468203,0.0008069101300937,0.0008069713392532,0.0012172196123817487
2018-12-13,0.0,0.0,0.0,-0.0022474530784651,0.0021400053762899,0.0,0.0014348059296361,0.0,0.0,0.0014346777719609,0.0014347770045823,1.0735208119694148e-05
2018-12-14,0.0,0.0,0.0,0.0005160215916085,-0.0006738881877664,0.0,-0.0004739332647699,0.0,0.0,-0.0004739344141206,-0.0004739341007446,-0.007253070485960359
2018-12-17,0.0,0.0,0.0,-0.001620794906108,-0.0088374230418913,0.0,0.0,0.0,0.0,0.0,0.0,-0.007284218421354028
2018-12-18,0.0,0.0,0.0,0.0030144729307948,-0.0007652294936201,0.0,0.0,0.0,0.0,0.0,0.0,0.00037076785608309724
2018-12-19,0.0,0.0,0.0,0.0039738342843036,-0.0004851894451655,0.0,0.0,0.0,0.0,0.0,0.0,-0.005246662804438799
2018-12-20,0.0,0.0,0.0,-0.001578322283662,-0.0020810245122453,0.0,0.0,0.0,0.0,0.0,0.0,-0.006907228053485298
2018-12-21,-0.0049719480899913,0.0,0.0,-0.0033631939793225,0.0001347793662563,0.0,0.0,0.0,0.0,0.0,0.0,-0.00783715901692428
2018-12-24,-0.0046449272031951,0.0,0.0,-0.0004767202852201,-0.0051715451595879,0.0,0.0,-0.0050977101077186,0.0,0.0,0.0,-0.009589315968298675
2018-12-26,0.0102440950919747,0.0,0.0,0.0027494709683519,0.0016175217247512,-0.0017658711186155,0.0,0.0102440950919747,0.0,0.0097941722525735,0.0,0.018122823602047734
2018-12-27,0.0005514147453415,0.0,0.0,0.0027520302666541,0.0002800736371082,-0.0026009825831191,0.0,0.0005514147453415,0.0,0.0005514202848444,0.0,0.0038874283332669558
2018-12-28,0.0025250578503102,0.0,0.0017659777068252,-0.0034339010445563,-0.0001637664865125,0.0021318711632452,0.0,0.0025250578503102,0.0,0.0025250977358902,0.0020889452372962,0.0010644194977069746
2018-12-31,0.002349504308683,0.0034097543819729,0.0037749847706403,2.3706466496967648e-05,-0.0003188534889112,0.0037749847706403,0.0019121400031814,0.002349504308683,0.0019121542375726,0.0023494535354181,0.0023493871400699,0.004857527865694303
2019-01-02,0.0019547258108883,0.0004482893868369,0.0004482893868369,0.0018265734207143,0.0019630182287134,0.0004482893868369,0.0019547258108883,0.0019547258108883,0.0019547564084757,0.0019547273850711,0.0019547112827992,0.0013766393882121153
2019-01-03,0.0007337039473601,-0.0023689107967981,-0.0003681374712913,-0.0011009628555333,-0.0041264646594153,-0.0023689107967981,0.0007337039473601,0.0007337039473601,0.0007337218120845,0.0007336920276953,0.0007337974848268,-0.0072168643989368
2019-01-04,0.0047088488786739,-0.0003695755447812,0.0,-0.0001910253525035,0.0026076558217266,-7.63730748588074e-06,0.0047088488786739,-0.0004415719333364,0.0047088282468972,0.0047089932019267,0.0047088538205738,0.012127316515900795
2019-01-07,0.0016122071901746,0.0,0.0,0.0044670470059441,0.0006021728792012,0.0014506170193469,0.0016122071901746,0.0,0.0016122152257851,0.0016120523490028,0.001612239032579,0.002751570045049877
2019-01-08,0.0029510581032894,0.0,0.0,-0.0061204068427618,0.0014930751594372,-0.0051110347968876,0.0029510581032894,0.0,0.0029510473912598,0.0029510098061741,0.0029510503190755,0.0031821694163385746
2019-01-09,0.0031472679082992,0.0,0.0,-0.0052642900152197,-0.0010887706599075,-0.0003761135786921,0.0031472679082992,0.0,0.003147268576892,0.0031474429882074,0.0031473694951628,0.0021246422721935463
2019-01-10,-0.0004299794118958,0.0,0.0,-0.0003543970496813,3.766708661818909e-05,0.0,5.794553602834504e-06,0.0,-0.0004299801043974,5.800874386322547e-06,5.863496900949442e-06,0.0012596000445562025
2019-01-11,0.0,0.0,0.0,-0.0054213984864818,-0.0015862710852197,0.0,0.0002785970973728,0.0,0.0,0.0002785445747999,0.0002784420567191,0.0009944836866448655
2019-01-14,0.0,0.0,0.0,0.0012076809406321,-0.0026218943125516,0.0,-0.0004348165266003,0.0,0.0,-0.0004348174067085,-0.0004348180062865,-0.00272363134588371
2019-01-15,0.0,0.0,0.0,-0.0008991358744891,0.0025447443160388,0.0,0.0,0.0,0.0,0.0,0.0,0.0045445153179312255
2019-01-16,0.0,0.0,0.0,-0.0055770560949571,0.0035348630662784,0.0,0.0,0.0,0.0,0.0,0.0,0.0008547165869094452
2019-01-17,0.0,0.0,0.0,-0.0016480784717916,0.0013346481987157,0.0,0.0,0.0,0.0,0.0,0.0,0.002674963198924982
2019-01-18,0.0,0.0,0.0,-0.000462843712922,-0.0039279992137779,0.0,0.0,0.0,0.0,0.0,0.0,0.0047249189984870455
2019-01-22,0.0,0.0,0.0,-0.0004487164374994,-0.0008345011972943,0.0,0.0,0.0,0.0,0.0,0.0,-0.004666918975856377
2019-01-23,0.0,0.0,0.0,0.0026310246041766,-0.0010008435005415,0.0,0.0,0.0,0.0,0.0,0.0,0.0007947938678406973
2019-01-24,0.0022435262145431,0.0,0.0,0.0015478929366532,0.0028886765851525,0.0,0.0,0.0,0.0,0.0,0.0,0.0011662285558091767
2019-01-25,0.0035075813775142,0.0,0.0,0.0046137043334301,-0.0035898986455999,0.0,0.0,0.0030684966019429,0.0,0.0,0.0,0.0029253129533609317
2019-01-28,-0.001442745073286,0.0,0.0,-0.0006444549521283,3.7197584727295815e-05,0.0004580847148571,0.0,-0.001442745073286,0.0,-0.0018736625459729,0.0,-0.0030814138495538217
2019-01-29,0.0024949973096081,0.0,0.0,0.0006723892646341,-0.0004192810015249,0.0025782662507059,0.0,0.0024949973096081,0.0,0.0024949970032455,0.0,0.00034028041555500706
2019-01-30,0.0051740624937634,0.0,-0.0021133533789465,0.0002522704683148,2.1468737955089145e-05,-0.0017348163330657,0.0,0.0051740624937634,0.0,0.0051740051675203,0.004736477531477,0.0075141503049784095
2019-01-31,0.0038189139857763,0.0039157793132478,0.0042951881333896,-0.0026996640074351,0.0011208560753375,0.0042951881333896,0.0033830871862835,0.0038189139857763,0.0033832160835984,0.0038189246127949,0.0038189119012923,0.005208163921869165
2019-02-01,-0.0019307895866509,-0.0002849897166813,-0.0002849897166813,-0.0017600900977517,-0.0020531086932502,-0.0002849897166813,-0.0019307895866509,-0.0019307895866509,-0.0019308150032792,-0.0019308119029338,-0.001930672764382,-0.0018670750497587468
2019-02-04,0.0002827492821189,0.0028457821643597,0.0028457821643597,-0.0063652186756068,-0.002946772936127,0.0028457821643597,0.0002827492821189,0.0002827492821189,0.0002826939551315,0.000282737915963,0.0002826789204147,0.0023483231775845406
2019-02-05,0.0027074864281539,0.0005394911588375,-0.0003850368063663,0.0028667145731174,-0.0022850260422835,0.0005394911588375,0.0027074864281539,-0.0004453934169768,0.0027075638160732,0.002707551287364,0.0027075939084392,0.0027160010942393386
2019-02-06,-0.0018265997220236,-0.0003786447742542,0.0,-0.0030110936153655,-0.0062930666600998,-0.0059620331577672,-0.0018265997220236,0.0,-0.0018267547405153,-0.0018267831964193,-0.0018267771386285,-0.00077148451712028
2019-02-07,-0.0006871438929347,0.0,0.0,-0.0008277143129664,-1.6075886625665977e-05,-0.0016506861219299,-0.0006871438929347,0.0,-0.0006870094489827,-0.0006869816769048,-0.0006870632652417,-0.003177171880259208
2019-02-08,0.0012873413394015,0.0,0.0,-0.0006380009110904,-0.0046680093975338,-0.0033483889063803,0.0012873413394015,0.0,0.0012871912680677,0.0012872463710432,0.001287175860102,0.0008856288542569222
2019-02-11,-0.0004454836716196,0.0,0.0,0.0050787511154003,0.0013792395681938,-0.0003733523252897,-0.0012718585167256,0.0,-0.0004454842015809,-0.0012718673852037,-0.0012717447988054,-0.00023572189913343832
2019-02-12,0.0,0.0,0.0,0.0029604475405175,-0.0013714353844008,0.0,0.0020560613630656,0.0,0.0,0.002056195157695,0.0020561008098812,0.004918578848216548
2019-02-13,0.0,0.0,0.0,0.0058703810814637,-0.0009278808839364,0.0,-0.0004540581713782,0.0,0.0,-0.0004540589346765,-0.0004540596523431,0.0006315768826816108
2019-02-14,0.0,0.0,0.0,0.0006572571387284,-0.0004738830141179,0.0,0.0,0.0,0.0,0.0,0.0,0.00035424364579046723
2019-02-15,0.0,0.0,0.0,0.0027254741029782,0.0023630695121529,0.0,0.0,0.0,0.0,0.0,0.0,0.00433369169788277
2019-02-19,0.0,0.0,0.0,-0.0002737182308487,0.0007011243205238,0.0,0.0,0.0,0.0,0.0,0.0,0.0013853982835259405
2019-02-20,0.0,0.0,0.0,0.0026125327457777,-0.0012841608148786,0.0,0.0,0.0,0.0,0.0,0.0,0.0007801693757171969
2019-02-21,-0.003944822194347,0.0,0.0,-0.0073225770267258,0.0050977733140467,0.0,0.0,0.0,0.0,0.0,0.0,-0.002462931320909555
2019-02-22,0.0037759578736863,0.0,0.0,-0.0003986785294118,0.0031679995762876,0.0,0.0,0.0033242687433852,0.0,0.0,0.0,0.0034265300361567643
2019-02-25,-0.0015789068655338,0.0,0.0,-0.0023791340312871,0.003222692178588,0.0009035224007786,0.0,-0.0015789068655338,0.0,-0.0020344447514618,0.0,8.64201188578514e-05
2019-02-26,0.000967828783761,0.0,0.0,-0.0006115732153275,-0.0005849978428707,9.52243281669844e-05,0.0,0.000967828783761,0.0,0.0009678640795644,0.0,0.000503233196146989
2019-02-27,-0.0027714657007778,0.0,-0.0003004306661304,0.0049117658089933,-0.0086953756217556,7.276292853347088e-05,0.0,-0.0027714657007778,0.0,-0.0027715010423109,-0.0032303376080434,-0.0012648535898734069
2019-02-28,-0.0022412040499295,-0.00076426521566,-0.0004003561233799,-0.0003799485070923,-0.0034307869690045,-0.0004003561233799,-0.0026969354568585,-0.0022412040499295,-0.0026967968316787,-0.0022412647015923,-0.0022411070173434,-0.0015274095871077283
2019-03-01,-0.0034138572227171,-0.0015433593017254,-0.0015433593017254,-0.0009084971338115,0.0046554680115858,-0.0015433593017254,-0.0034138572227171,-0.0034138572227171,-0.0034139002668382,-0.003413823303958,-0.0034138544613192,0.0011160451316442048
2019-03-04,0.0009433203411356,-0.0029050098900084,-0.0029050098900084,0.0010073288156007,-0.0007589737683878,-0.0029050098900084,0.0009433203411356,0.0009433203411356,0.0009434051859216,0.000943473811277,0.0009432595942593,-0.0006371280470729799
2019-03-05,0.001384316696813,-0.0021432960821039,-0.0003703578066806,-0.002959161670745,0.0005581647562863,-0.0021432960821039,0.001384316696813,-0.0004551814042172,0.0013842865119268,0.0013842954216947,0.0013845120800201,-0.00021630854071573232
2019-03-06,-0.0014469171061361,-0.0003744988977749,0.0,-0.000167199626303,-0.0012509000547211,-0.003114242722421,-0.0014469171061361,0.0,-0.0014470152442039,-0.0014469337971534,-0.001446986665796,-0.001980068055428834
2019-03-07,-0.0002602269095057,0.0,0.0,-0.0029285064031692,0.0013399517639481,-0.0047615183304452,-0.0002602269095057,0.0,-0.0002601517390861,-0.0002601746443156,-0.0002602038518817,-0.0026431063776496725
2019-03-08,0.0014760941838055,0.0,0.0,-0.0016348033677341,0.0028395705376251,-0.0012735525128899,0.0014760941838055,0.0,0.0014761168215592,0.0014759924969007,0.0014760061715244,-0.00048031513181260666
2019-03-11,-0.000467845179475,0.0,0.0,0.0002665772135389,0.000464853687683,-0.0003841961825163,0.0030132093381654,0.0,-0.0004678454399252,0.0030132939088491,0.0030132155691682,0.005890946801297321
2019-03-12,0.0,0.0,0.0,-0.0011746688163009,0.0025226306547705,0.0,0.0029192826868688,0.0,0.0,0.0029192361103594,0.0029192752893656,0.002414634173252521
2019-03-13,0.0,0.0,0.0,0.0027686655850911,-0.0026752911295498,0.0,-0.000466589219426,0.0,0.0,-0.0004665894263902,-0.0004665904277707,0.002676241969259968
2019-03-14,0.0,0.0,0.0,-0.0030133621604952,0.0026729019946211,0.0,0.0,0.0,0.0,0.0,0.0,-0.0007093848135714683
2019-03-15,0.0,0.0,0.0,-0.000449870983798,0.0025827148622826,0.0,0.0,0.0,0.0,0.0,0.0,0.0029281695710223488
2019-03-18,0.0,0.0,0.0,-0.0016134432367754,0.0038896684816006,0.0,0.0,0.0,0.0,0.0,0.0,0.0011257883915197844
2019-03-19,0.0,0.0,0.0,0.0001241098563181,-0.0048812067028005,0.0,0.0,0.0,0.0,0.0,0.0,-7.94454297090853e-05
2019-03-20,0.0,0.0,0.0,0.0035955328832109,-0.0001945922855795,0.0,0.0,0.0,0.0,0.0,0.0,0.0007533578294252536
2019-03-21,0.0,0.0,0.0,0.0026245255795504,-1.4753853287449324e-05,0.0,0.0,0.0,0.0,0.0,0.0,0.00468477471706829
2019-03-22,-0.0038184051553406,0.0,0.0,-0.0013438493474055,0.00033325710933,0.0,0.0,0.0,0.0,0.0,0.0,-0.006358793760842439
2019-03-25,0.0020707472879766,0.0,0.0,0.0003104845773853,1.4360664665195622e-05,0.0,0.0,0.0015877122767684,0.0,0.0,0.0,0.0004766267003654145
2019-03-26,0.0022847708469192,0.0,0.0,-0.0016282104827688,0.0023820185778683,0.0045432300320935,0.0,0.0022847708469192,0.0,0.0017891923738277,0.0,0.0028774968315326173
2019-03-27,-0.0011960873117522,0.0,0.0,0.0060536492535838,-0.0059584032778851,-0.001010092248505,0.0,-0.0011960873117522,0.0,-0.0011960566655709,0.0,-0.0013995338759741757
2019-03-28,0.000454431296024,0.0,0.0049047941869657,0.0001372350110611,0.00294341784773,0.0052919902674551,0.0,0.000454431296024,0.0,0.0004543034674182,-7.216818797734078e-05,0.0016636732419977264
2019-03-29,0.0021136455780651,0.0027466589264586,0.0031427043326953,-0.0012916381446359,0.0021935779345765,0.0031427043326953,0.0015910519150852,0.0021136455780651,0.0015911861026437,0.0021136060522235,0.0021136230929294,0.0021709120196624536
2019-04-01,0.0011170826237148,-0.001831502431546,-0.001831502431546,-0.0020093419302418,-0.0004135215503888,-0.001831502431546,0.0011170826237148,0.0011170826237148,0.001116871265433,0.0011169681653101,0.0011169315066242,0.0032106851634171258
2019-04-02,0.0019680447014359,0.0032120152484392,0.0032120152484392,0.001624479650318,0.005233396857185,0.0032120152484392,0.0019680447014359,0.0019680447014359,0.0019682116036203,0.0019682051157224,0.001968256100353,0.001025297584860257
2019-04-03,-0.0001480190047687,0.0047047674791574,-0.0003969299500779,0.0016552136856239,0.0016389591681635,0.0047047674791574,-0.0001480190047687,-0.0005361338594213,-0.0001480933399501,-0.0001480261857453,-0.0001479640507221,-0.00013580928269025768
2019-04-04,0.0014182897235095,-0.0003945347073046,0.0,-0.0005622567445978,-0.0011370775574812,0.0011385252837333,0.0014182897235095,0.0,0.0014183231410298,0.0014182576759109,0.0014182543416215,0.0016795974207024936
2019-04-05,0.0031510794775137,0.0,0.0,0.0040040026530746,-0.0022972215731592,0.0021277664791547,0.0031510794775137,0.0,0.0031510478593128,0.0031511404687155,0.0031511972049151,0.0022040969441513548
2019-04-08,6.612013692860165e-05,0.0,0.0,-0.0088108393048715,-0.0033681986526999,-0.0073702337767026,6.612013692860165e-05,0.0,6.605142109108085e-05,6.614552061851282e-05,6.601592747952059e-05,-7.025097777181512e-05
2019-04-09,-0.0005739061145493,0.0,0.0,0.000227977216363,0.0028557691015867,-0.0003966305611918,-0.0012120334514495,0.0,-0.0005739055402852,-0.0012122777229462,-0.001212112231998,-0.0018515932866230262
2019-04-10,0.0,0.0,0.0,-0.001083364620327,0.0012060692309873,0.0,0.004665186117742,0.0,0.0,0.0046653043111498,0.0046651623021797,0.0020710502255992147
2019-04-11,0.0,0.0,0.0,-0.0003026973006153,0.000698347262441,0.0,-0.0005740929030384,0.0,0.0,-0.0005740921989849,-0.00057409205146,-0.0009580704978277194
2019-04-12,0.0,0.0,0.0,0.0029988199134017,-0.0022840030816871,0.0,0.0,0.0,0.0,0.0,0.0,0.0015501224210038857
2019-04-15,0.0,0.0,0.0,-0.0041128693749583,-0.000771272248208,0.0,0.0,0.0,0.0,0.0,0.0,9.536527159327243e-06
2019-04-16,0.0,0.0,0.0,0.0037996092928946,0.0023948113922467,0.0,0.0,0.0,0.0,0.0,0.0,-0.0006687422609018652
2019-04-17,0.0,0.0,0.0,0.0003802573561279,-0.0037720506683172,0.0,0.0,0.0,0.0,0.0,0.0,-0.0009496477933641003
2019-04-18,0.0,0.0,0.0,0.0005040720958718,0.0029696600586562,0.0,0.0,0.0,0.0,0.0,0.0,0.001483733076219661
2019-04-22,0.0,0.0,0.0,-0.0030939476195235,0.0066879052908851,0.0,0.0,0.0,0.0,0.0,0.0,-7.870473128077297e-05
2019-04-23,0.0039887582381977,0.0,0.0,1.7961856620972005e-05,0.003416582974351,0.0,0.0,0.0,0.0,0.0,0.0,0.004498599662499259
2019-04-24,0.001188107759504,0.0,0.0,0.0015447752639647,0.002236299710845,0.0,0.0,0.0006095614243089,0.0,0.0,0.0,0.00013555875687897007
2019-04-25,-0.0009048087934079,0.0,0.0,0.0019528362526931,0.0024260611398694,0.0009397044230359,0.0,-0.0009048087934079,0.0,-0.0014864293495016,0.0,-0.0006575660991631877
2019-04-26,0.0018906624645541,0.0,0.0,-0.0023141939106924,0.0014420860655067,-0.0001209527634196,0.0,0.0018906624645541,0.0,0.0018908119872308,0.0,0.002664896305150762
2019-04-29,-0.0016883809086573,0.0,0.0007209154649411,-0.002372801772981,0.0042147050479386,0.0010875076266633,0.0,-0.0016883809086573,0.0,-0.0016884831008327,-0.0022727230175405,1.766765884839459e-05
2019-04-30,0.0008999080467097,-0.0055113503129017,-0.0051436676674597,-0.0021101254828586,-0.0038858065654309,-0.0051436676674597,0.0003084550046908,0.0008999080467097,0.0003086806143435,0.0009000353370311,0.0008998488224025,0.0006536863695790851
2019-05-01,-0.0037732918349109,0.0004339507743921,0.0004339507743921,0.0032505294666104,-0.0004691285585241,0.0004339507743921,-0.0037732918349109,-0.0037732918349109,-0.0037732247504812,-0.0037733068164513,-0.0037732532371225,-0.004092426814717938
2019-05-02,-0.0031517333458603,-0.0041362869392626,-0.0041362869392626,-0.0042826558305224,-0.0006551064085859,-0.0041362869392626,-0.0031517333458603,-0.0031517333458603,-0.0031518820016364,-0.0031519117792069,-0.003151678982157,-0.002185608178060738
2019-05-03,0.0066680570339934,-0.0001505997777316,-0.0003788415728238,-0.0001063144899534,0.0024918611764215,-0.0001505997777316,0.0066680570339934,-0.0005937015501453,0.0066677924680217,0.0066681132639977,0.0066678179634257,0.005483180000827973
2019-05-06,-0.0008649868990094,-0.0003751002896413,0.0,0.0041235024542655,0.0045902796220146,0.0040985622614439,-0.0008649868990094,0.0,-0.0008647430929293,-0.0008649368334948,-0.0008647995471366,-0.001372540602910292
2019-05-07,-0.007816247351842,0.0,0.0,-0.0021716436117256,-0.0024822800915976,-0.0022238844425866,-0.007816247351842,0.0,-0.0078161043299483,-0.0078163122669225,-0.0078163021400777,-0.006428829953204803
2019-05-08,-0.001414262330615,0.0,0.0,-0.0028203720376877,0.0019365316623315,-0.0028303880321279,-0.001414262330615,0.0,-0.0014143956716932,-0.0014143147610397,-0.0014142044006889,-0.0011244615330418303
2019-05-09,-0.0005796778485264,0.0,0.0,-0.0019842359164355,0.0003967502414959,-0.0003792132293236,-0.0018066621720601,0.0,-0.0005796769729272,-0.0018066311783096,-0.0018066739808713,-0.0005306001875305319
2019-05-10,0.0,0.0,0.0,-0.0001135256547114,0.0042138857749571,0.0,0.0025148919484511,0.0,0.0,0.0025149905006591,0.0025148404584028,0.0019253009843265899
2019-05-13,0.0,0.0,0.0,-0.0020024577176164,-0.0009835397414111,0.0,-0.0005824034022919,0.0,0.0,-0.0005824025913625,-0.0005824025823569,-0.009156301985063025
2019-05-14,0.0,0.0,0.0,-0.0021277341616047,0.0005629764506554,0.0,0.0,0.0,0.0,0.0,0.0,0.003506929993855411
2019-05-15,0.0,0.0,0.0,-0.0074785406554562,-0.0028776838373056,0.0,0.0,0.0,0.0,0.0,0.0,0.0033435866653813025
2019-05-16,0.0,0.0,0.0,-0.000654809457415,0.006277517932591,0.0,0.0,0.0,0.0,0.0,0.0,0.003207510642207045
2019-05-17,0.0,0.0,0.0,0.0056923124787885,0.0016452056170856,0.0,0.0,0.0,0.0,0.0,0.0,-0.002546359187097399
2019-05-20,0.0,0.0,0.0,-0.0009424582021305,0.0024862090616974,0.0,0.0,0.0,0.0,0.0,0.0,-0.0032902897489367746
2019-05-21,0.0,0.0,0.0,-0.0036940474525918,-0.0007526000088779,0.0,0.0,0.0,0.0,0.0,0.0,0.003457716298923515
2019-05-22,0.0,0.0,0.0,-0.003206004869208,0.0010173042439934,0.0,0.0,0.0,0.0,0.0,0.0,-0.0004427618354535744
2019-05-23,-0.004708019489815,0.0,0.0,-0.0017437505968889,0.0033836134761825,0.0,0.0,0.0,0.0,0.0,0.0,-0.0033463681824320852
2019-05-24,0.0021701985271377,0.0,0.0,0.0015219906143434,-0.0004690491442353,0.0,0.0,0.0016191582077655,0.0,0.0,0.0,0.0008815868824450709
2019-05-28,-0.0007712865265151,0.0,0.0,-0.0013102064165109,0.0041620386967653,-0.0019773439349849,0.0,-0.0007712865265151,0.0,-0.0013258636958243,0.0,-0.0026862161012941293
2019-05-29,-0.0016940452176736,0.0,0.0,-0.0007681798543136,0.0004193736174152,-0.0009176425564923,0.0,-0.0016940452176736,0.0,-0.0016941012776696,0.0,-0.002939648268366842
2019-05-30,0.0022047704326138,0.0,0.0020619202835041,0.0021241809903954,0.0010591237613286,0.0024449326609228,0.0,0.0022047704326138,0.0,0.0022046551542032,0.001644386553843,0.0023587343316299253
2019-05-31,-0.0033691044581609,0.0029993735433151,0.0033807442285806,0.0030830056334207,0.0033345896523704,0.0033807442285806,-0.0039261393364697,-0.0033691044581609,-0.0039261827913625,-0.003368962570479,-0.0033689930489332,-0.003567110782651606
2019-06-03,0.0024055109310447,0.000490972996713,0.000490972996713,0.0003383834469827,0.0011759210356785,0.000490972996713,0.0024055109310447,0.0024055109310447,0.0024056296842324,0.0024055311864526,0.0024055302388195,0.0008044026800574149
2019-06-04,0.0046085014360475,0.0068057423770444,0.0068057423770444,-0.0021082985167101,-0.0018067931337102,0.0068057423770444,0.0046085014360475,0.0046085014360475,0.0046083467299556,0.0046084195388896,0.0046083672123932,0.008539293124111957
2019-06-05,-5.020980812352444e-05,-0.0012568784072926,-0.0003878672386409,-0.0026103009213202,-0.0026103009213202,-0.0012568784072926,-5.020980812352444e-05,-0.0005488852646765,-5.01097345966861e-05,-5.007400166255774e-05,-5.02079525106131e-05,0.0035974603164084895
2019-06-06,0.0031567879986611,-0.0003819151900082,0.0,0.0010129611604571,0.0010129611604571,-0.0001129985291626,0.0031567879986611,0.0,0.0031567162956443,0.0031566463216121,0.0031568407365464,0.002913348877839598
2019-06-07,0.0058200412979323,0.0,0.0,-0.0003297142746838,-0.0003297142746838,0.0011306248174244,0.0058200412979323,0.0,0.0058200163997512,0.0058199709521902,0.0058199841553315,0.005330264243669446
2019-06-10,-0.0023017072205198,0.0,0.0,-0.0039872542676468,-0.0039872542676468,-0.0050348693874227,-0.0023017072205198,0.0,-0.0023016873325864,-0.0023016458225084,-0.0023016208749608,0.00033667579947857745
2019-06-11,-0.0005429800466164,0.0,0.0,0.0017295543191317,0.0017295543191317,-0.0003821255668204,0.0015783913710753,0.0,-0.000542979293728,0.0015784679658674,0.0015784921150776,-0.00010781648937799453
2019-06-12,0.0,0.0,0.0,0.0029418699993842,0.0029418699993842,0.0,-0.0015105344340489,0.0,0.0,-0.0015106301086995,-0.0015107663350235,-6.66842887902996e-05
2019-06-13,0.0,0.0,0.0,-0.0029196714827847,-0.0029196714827847,0.0,-0.0005434413878149,0.0,0.0,-0.0005434411443192,-0.000543440892956,0.002368398037599258
2019-06-14,0.0,0.0,0.0,0.0002527445632251,0.0002527445632251,0.0,0.0,0.0,0.0,0.0,0.0,-0.00027745553780106705
2019-06-17,0.0,0.0,0.0,-0.0001624588288885,-0.0001624588288885,0.0,0.0,0.0,0.0,0.0,0.0,0.0001885861814795674
2019-06-18,0.0,0.0,0.0,0.0023317856727088,0.0023317856727088,0.0,0.0,0.0,0.0,0.0,0.0,0.005050657376284146
2019-06-19,0.0,0.0,0.0,0.0025839960817054,0.0025839960817054,0.0,0.0,0.0,0.0,0.0,0.0,0.002030733565892261
2019-06-20,0.0,0.0,0.0,-0.0056801000993213,-0.0056801000993213,0.0,0.0,0.0,0.0,0.0,0.0,0.00506166479639816
2019-06-21,-0.0046746842742637,0.0,0.0,0.0013230937818663,0.0013230937818663,0.0,0.0,0.0,0.0,0.0,0.0,-0.002204977569514946
2019-06-24,0.0020483057217798,0.0,0.0,-0.0008490118527147,-0.0008490118527147,0.0,0.0,0.0015104173781766,0.0,0.0,0.0,0.0005564527499826452
2019-06-25,-0.00329983570454,0.0,0.0,0.0046206489864844,0.0046206489864844,-0.0003594367652008,0.0,-0.00329983570454,0.0,-0.003839043571331,0.0,-0.0036665382449957333
2019-06-26,-0.0018738452808067,0.0,0.0,-0.0023609579328721,-0.0023609579328721,-0.0029658323655708,0.0,-0.0018738452808067,0.0,-0.0018739181832794,0.0,-0.0017479287824088818
2019-06-27,0.0040763755177454,0.0,-0.0009309679256672,0.0049560323403312,0.0049560323403312,-0.0005700229393536,0.0,0.0040763755177454,0.0,0.0040764438459835,0.0035404331548255,0.002317212601591133
2019-06-28,0.0010010763251946,0.0007771048299971,0.0011437716386735,0.000701445593427,0.000701445593427,0.0011437716386735,0.0004627003411365,0.0010010763251946,0.0004627291748502,0.0010010737103031,0.0010011059873037,0.002275226620010858
2019-07-01,0.0014337097367006,-0.0018591848406337,-0.0018591848406337,0.0040028250703876,0.0040028250703876,-0.0018591848406337,0.0014337097367006,0.0014337097367006,0.0014337928268923,0.0014337080435583,0.0014336710350609,0.003654618134781757
2019-07-02,0.0025396369051593,0.0028628800631978,0.0028628800631978,-0.0044271312813963,-0.0042139919126278,0.0028628800631978,0.0025396369051593,0.0025396369051593,0.0025394566426541,0.0025395189279297,0.0025396411488247,0.002568039575277192
2019-07-03,0.0043402206063536,-0.0020970331609026,-0.000374338751699,-0.0008376972240001,0.0001022622827205,-0.0020970331609026,0.0043402206063536,-0.0005369756755298,0.0043401551490527,0.004340134359414,0.0043401166379289,0.004828768196893577
2019-07-05,-0.0049692012115699,0.0,0.0,0.0038135522174935,0.0077443930224853,0.0062779277965179,-0.0049692012115699,0.0,-0.0049691348821181,-0.0049691219037536,-0.0049690837736915,-0.0036358914437459736
2019-07-08,-0.002096020481181,0.0,0.0,0.0002872679235525,-0.0020994873816899,-0.0020622333629694,-0.002096020481181,0.0,-0.0020959430569465,-0.0020959590729927,-0.0020960979165603,-0.0027156359417640622
2019-07-09,0.0005031795392624,0.0,0.0,-0.0044869762840301,0.0005651717552606,-0.0003768315454847,0.0005031795392624,0.0,0.0005032072549411,0.000503178194773,0.0005031031838084,0.0003444608094046631
2019-07-10,-0.0005279171472706,0.0,0.0,0.0060747719240542,0.0027535519649129,0.0,0.0044654044543637,0.0,-0.0005279161733763,0.0044654401635259,0.0044656042257343,0.002160419246371026
2019-07-11,0.0,0.0,0.0,-0.0047833241070034,-0.003168070453112,0.0,-0.0042229889174218,0.0,0.0,-0.0042230521624052,-0.0042231954383954,-0.0004990486956156453
2019-07-12,0.0,0.0,0.0,-0.0058895187877396,-0.0022500028407359,0.0,-0.0005278287501538,0.0,0.0,-0.0005278281060782,-0.0005278278110465,0.002215351284723073
2019-07-15,0.0,0.0,0.0,-0.0014087148497534,-0.0007720782642606,0.0,0.0,0.0,0.0,0.0,0.0,0.0007490222886006817
2019-07-16,0.0,0.0,0.0,0.0008162921670088,0.0018503218860348,0.0,0.0,0.0,0.0,0.0,0.0,-0.0020265872611726567
2019-07-17,0.0,0.0,0.0,0.0012477623962982,-0.0018444335084674,0.0,0.0,0.0,0.0,0.0,0.0,-0.0015557183888831256
2019-07-18,0.0,0.0,0.0,-0.002149149058854,-0.0019134909794441,0.0,0.0,0.0,0.0,0.0,0.0,0.00249372377276632
2019-07-19,0.0,0.0,0.0,0.0012533996069943,0.0010851514449539,0.0,0.0,0.0,0.0,0.0,0.0,-0.0030106530895545637
2019-07-22,0.0,0.0,0.0,0.0041215677382366,-0.0014501396045542,0.0,0.0,0.0,0.0,0.0,0.0,0.0011522113103441252
2019-07-23,0.0,0.0,0.0,0.0024721989391599,0.0047756200828274,0.0,0.0,0.0,0.0,0.0,0.0,0.0025359028381852404
2019-07-24,0.002050940358842,0.0,0.0,-5.544805512809636e-05,-0.0020456169008682,0.0,0.0,0.0,0.0,0.0,0.0,0.0023695989566284827
2019-07-25,-0.0042685924640765,0.0,0.0,0.0031331257635894,0.0031750622008644,0.0,0.0,-0.0047884608526495,0.0,0.0,0.0,-0.0026261267598115846
2019-07-26,0.0025659433211565,0.0,0.0,-0.0052687954072653,-0.0040140408241059,-0.0046846516301696,0.0,0.0025659433211565,0.0,0.0020480686116962,0.0,0.0027827595480304688
2019-07-29,0.00068434286392,0.0,0.0,0.0012337984595491,0.0018511097627473,-0.0018731279227416,0.0,0.00068434286392,0.0,0.0006843877789865,0.0,-0.0005358489149642051
2019-07-30,0.0009341882733831,0.0,0.0043307910389293,-0.0073794945584247,0.0039306388017222,0.0047040805422454,0.0,0.0009341882733831,0.0,0.00093421878834,0.0004132218727162,-0.0009100833625114873
2019-07-31,-0.0028473897325912,-0.000140308903278,0.0002137893560689,4.709584753757282e-06,0.0036913504348897,0.0002137893560689,-0.0033687261142988,-0.0028473897325912,-0.0033686765214472,-0.0028472127759641,-0.0028473515147818,-0.0037592959703808266
2019-08-01,0.0004214662192302,0.0047916223710215,0.0047916223710215,0.0001691675167871,0.0044203443495344,0.0047916223710215,0.0004214662192302,0.0004214662192302,0.0004213748595643,0.000421239431281,0.0004213894997735,-0.000555606239149168
2019-08-02,-0.0019529959438881,-0.0038574792828538,-0.0038574792828538,-0.0036724744905817,-0.0032547105130608,-0.0038574792828538,-0.0019529959438881,-0.0019529959438881,-0.001953046593577,-0.0019529144268867,-0.0019527776122114,-0.0027564481565523036
2019-08-05,-0.0075982240430018,-0.0011352564616684,-0.0003667612065509,-0.0061404832043473,-0.0056932061975436,-0.0011352564616684,-0.0075982240430018,-0.0005220860878953,-0.0075981306507671,-0.0075981096415921,-0.0075984350336381,-0.010995995075738531
2019-08-06,0.0054370509216682,-0.0003689294033393,0.0,-0.001564384816927,-0.0010430115113088,-0.0040157519206789,0.0054370509216682,0.0,0.0054370637558182,0.0054368805567894,0.0054370559883761,0.007348289466744498
2019-08-07,0.0023279619096288,0.0,-0.0017985063024593,-0.0024393113365478,0.0033947066187037,-0.0014324071390647,0.0023279619096288,0.0,0.0023278424493984,0.0023279071915489,0.0023279334450754,0.00027398699301852634
2019-08-08,0.0062850178181412,0.0029610750663514,0.0033227171090792,-0.0028624249565003,0.0004944002852961,0.0033227171090792,0.0062850178181412,0.0,0.0062850871283976,0.0062851910283663,0.006285017148458,0.008242771030936515
2019-08-09,-0.0005083998429583,,,,,,-0.0024243883888777,0.0,-0.0005084001221803,-0.0024243490783734,-0.0024243158024024,-0.0034425897384206122
2019-08-12,0.0,,,,,,0.000241991336332,0.0,0.0,0.0002420191596433,0.000241929164159,-0.003371473679949298
2019-08-13,0.0,,,,,,-0.0005050771451051,0.0,0.0,-0.0005050792694457,-0.0005050749075591,0.005311903483694505
2019-08-14,0.0,,,,,,0.0,0.0,0.0,0.0,0.0,-0.010581271720192652
2019-08-15,0.0,,,,,,0.0,0.0,0.0,0.0,0.0,0.0031593809460414056
2019-08-16,0.0,,,,,,0.0,0.0,0.0,0.0,0.0,0.005288566071452662
2019-08-19,0.0,,,,,,0.0,0.0,0.0,0.0,0.0,0.003692623227235493
2019-08-20,0.0,,,,,,0.0,0.0,0.0,0.0,0.0,-0.0020400706964639023
2019-08-21,0.0,,,,,,0.0,0.0,0.0,0.0,0.0,0.0026985368879085233
2019-08-22,0.0,,,,,,0.0,0.0,0.0,0.0,0.0,-0.0008172423558455914
2019-08-23,-0.0040658531602996,,,,,,0.0,0.0,0.0,0.0,0.0,-0.009021090867636158
2019-08-26,0.0036924378707991,,,,,,0.0,0.0032344010292181,0.0,0.0,0.0,0.0044160347744985765
2019-08-27,0.0032254622430533,,,,,,0.0,0.0032254622430533,0.0,0.0027593521508847,0.0,-0.0001193012293162313
2019-08-28,0.0027125656947546,,,,,,0.0,0.0027125656947546,0.0,0.0027125220277024,0.0,0.0030106753075775324
2019-08-29,0.0026167605593105,,,,,,0.0,0.0026167605593105,0.0,0.0026166167399564,0.0021454942235652,0.004692806264378272
2019-08-30,-0.0003931114992557,,,,,,-0.0008685694138554,-0.0003931114992557,-0.0008684961397371,-0.0003929549345703,-0.0003930031362286,-8.908069000318635e-05
2019-09-03,0.0006760331035483,,,,,,0.0006760331035483,0.0006760331035483,0.000675880011583,0.0006759053048024,0.000675876164064,-0.0017027527902614258
2019-09-04,0.0060667254678668,,,,,,0.0060667254678668,0.0060667254678668,0.0060668402340469,0.0060668695086441,0.0060668940319288,0.0062331869698788265
2019-09-05,-0.0028994982850596,,,,,,-0.0028994982850596,-0.0004791612820998,-0.0028995225916409,-0.0028994619007644,-0.0028996016146044,0.0020848184157607136
2019-09-06,0.000279780963541,,,,,,0.000279780963541,0.0,0.0002798388099391,0.0002797997814344,0.0002797741539132,0.0005283451396223503
2019-09-09,-0.001455022328954,,,,,,-0.001455022328954,0.0,-0.001455175569761,-0.0014552267243203,-0.0014550546170234,-0.0015670749851859499
2019-09-10,-0.0028798403340342,,,,,,-0.0028798403340342,0.0,-0.0028798063170998,-0.0028798431998516,-0.0028798727479964,-0.0021249640397037434
2019-09-11,-0.0004618030729301,,,,,,0.0016825038304916,0.0,-0.0004618046492165,0.0016825398060199,0.0016825590585769,0.0027091484884189275
2019-09-12,0.0,,,,,,-0.0003490665618301,0.0,0.0,-0.0003490855115703,-0.0003490929706692,0.0008188770865676274
2019-09-13,0.0,,,,,,-0.0004554097566907,0.0,0.0,-0.0004554090486912,-0.000455406770879,-0.00288645494649903
2019-09-16,0.0,,,,,,0.0,0.0,0.0,0.0,0.0,-9.085955859389518e-05
2019-09-17,0.0,,,,,,0.0,0.0,0.0,0.0,0.0,0.0017964272237366281
2019-09-18,0.0,,,,,,0.0,0.0,0.0,0.0,0.0,0.0003405031492578448
2019-09-19,0.0,,,,,,0.0,0.0,0.0,0.0,0.0,8.785458948426529e-05
2019-09-20,0.0,,,,,,0.0,0.0,0.0,0.0,0.0,-0.00037510712070371917
2019-09-23,0.0011507894874044,,,,,,0.0,0.0,0.0,0.0,0.0,0.0003012805927992423
2019-09-24,-0.0021341583473765,,,,,,0.0,-0.0025864541232924,0.0,0.0,0.0,-0.0018977009029196518
2019-09-25,-0.0022326444607964,,,,,,0.0,-0.0022326444607964,0.0,-0.0026843787675719,0.0,0.0006459531547868023
2019-09-26,0.0009209761803285,,,,,,0.0,0.0009209761803285,0.0,0.0009210071300986,0.0,-0.00023289841547233223
2019-09-27,-0.0030736706380549,,,,,,0.0,-0.0030736706380549,0.0,-0.0030736406359076,-0.0035239879490413,-0.0019422543717137013
2019-09-30,0.0001258179574332,,,,,,-0.0003257589446811,0.0001258179574332,-0.0003257504457578,0.0001258132748599,0.0001259550082907,0.0021580385057043744
2019-10-01,-0.0027324968336896,,,,,,-0.0027324968336896,-0.0027324968336896,-0.0027325255764514,-0.0027325082963547,-0.0027324682203547,-0.0047743094426617675
2019-10-02,-0.003502698320117,,,,,,-0.003502698320117,-0.003502698320117,-0.0035027333414584,-0.0035028479004826,-0.0035029936510681,-0.006984999231846629
2019-10-03,0.0037235972931275,,,,,,0.0037235972931275,-0.0004555870108217,0.0037236148455723,0.0037236205020848,0.0037236561535164,0.0054615770830088025
2019-10-04,0.004073424903189,,,,,,0.004073424903189,0.0,0.0040735270382083,0.0040735529730205,0.004073530469864,0.006836762350394099
2019-10-07,-0.0026008933011454,,,,,,-0.0026008933011454,0.0,-0.0026010553688131,-0.0026009576768453,-0.0026009591831793,-0.0028148882358277703
2019-10-08,-0.0022685488539881,,,,,,-0.0022685488539881,0.0,-0.0022685583721273,-0.0022687030075477,-0.0022686210309875,-0.005928092438454487
2019-10-09,-0.000452863311177,,,,,,0.0017820969696508,0.0,-0.0004528656993946,0.0017821271391286,0.0017820646274248,0.003274192241924689
2019-10-10,0.0,,,,,,-0.0009196789485756,0.0,0.0,-0.0009196014710755,-0.0009196702409894,0.0010873403413372256
2019-10-11,0.0,,,,,,-0.0004516303880123,0.0,0.0,-0.0004516320450922,-0.0004516304495391,0.0024405508374814255
2019-10-14,0.0,,,,,,0.0,0.0,0.0,0.0,0.0,0.0003078687728505525
2019-10-15,0.0,,,,,,0.0,0.0,0.0,0.0,0.0,0.002810516575074979
2019-10-16,0.0,,,,,,0.0,0.0,0.0,0.0,0.0,-0.00012268477900339236
2019-10-17,0.0,,,,,,0.0,0.0,0.0,0.0,0.0,0.0011384778001229587
2019-10-18,0.0,,,,,,0.0,0.0,0.0,0.0,0.0,-0.0015254707142587586
2019-10-21,0.0,,,,,,0.0,0.0,0.0,0.0,0.0,0.001888182691599776
2019-10-22,0.0,,,,,,0.0,0.0,0.0,0.0,0.0,-0.0007448294728724324
2019-10-23,0.0,,,,,,0.0,0.0,0.0,0.0,0.0,0.0013177565817345238
2019-10-24,0.0015496307222614,,,,,,0.0,0.0,0.0,0.0,0.0,0.0006587825403333986
2019-10-25,0.0009209048101456,,,,,,0.0,0.0004728732107857,0.0,0.0,0.0,0.0011426597571375975
2019-10-28,-0.0014155199635886,,,,,,0.0,-0.0014155199635886,0.0,-0.0018640853375318,0.0,0.001422729345162849
2019-10-29,-0.0008750349785909,,,,,,0.0,-0.0008750349785909,0.0,-0.0008752004780918,0.0,7.36381675006788e-05
2019-10-30,0.0018796662923302,,,,,,0.0,0.0018796662923302,0.0,0.0018797674988634,0.0014224111588024,0.00263798624215907
2019-10-31,0.0005710386754923,,,,,,0.0001005104000433,0.0005710386754923,0.0001005402738531,0.0005711991254932,0.0005711298229706,0.0006147941528543571
2019-11-01,0.0043022587067222,,,,,,0.0043022587067222,0.0043022587067222,0.0043022834183396,0.0043023089640061,0.0043021935053537,0.003930140634340642
2019-11-04,0.0002625605916838,,,,,,0.0002625605916838,0.0002625605916838,0.0002624720961728,0.0002624155856991,0.0002626609108508,0.0004253156724485634
2019-11-05,-0.0033762180661241,,,,,,-0.0033762180661241,-0.0004751774201154,-0.0033761851743659,-0.0033762338428779,-0.0033762643078429,-0.002452868299348566
2019-11-06,0.0003168342800597,,,,,,0.0003168342800597,0.0,0.0003168705754797,0.0003169604449736,0.0003168609793629,0.0008739584258872897
2019-11-07,-0.003294189890784,,,,,,-0.003294189890784,0.0,-0.0032942703245743,-0.0032942432945253,-0.003294153600586,-0.0008429977340262781
2019-11-08,-0.0008141922243513,,,,,,-0.0008141922243513,0.0,-0.0008140958987098,-0.0008142309266041,-0.0008141340803789,0.0006035467709160461
2019-11-11,-0.0004891168929643,,,,,,-0.0011570781704574,0.0,-0.0004891187097697,-0.0011570905882202,-0.0011571918495829,-0.0005306887471021563
2019-11-12,0.0,,,,,,9.886438016546028e-05,0.0,0.0,9.890401601736556e-05,9.887215802551742e-05,0.0010050733390190067
2019-11-13,0.0,,,,,,-0.0004951564682939,0.0,0.0,-0.0004951578337955,-0.0004951555481517,0.0008934659172977481
2019-11-14,0.0,,,,,,0.0,0.0,0.0,0.0,0.0,0.0020346973554054024
2019-11-15,0.0,,,,,,0.0,0.0,0.0,0.0,0.0,0.0028722018432100313
2019-11-18,0.0,,,,,,0.0,0.0,0.0,0.0,0.0,0.000796427808662614
2019-11-19,0.0,,,,,,0.0,0.0,0.0,0.0,0.0,0.00041439776527706703
2019-11-20,0.0,,,,,,0.0,0.0,0.0,0.0,0.0,-0.000585107233634996
2019-11-21,-0.0022735322914641,,,,,,0.0,0.0,0.0,0.0,0.0,-0.0013798568293421493
2019-11-22,0.0011376599242076,,,,,,0.0,0.0006224848857806,0.0,0.0,0.0,0.0008840299873987866
2019-11-25,0.0041645638705244,,,,,,0.0,0.0041645638705244,0.0,0.0036472283404324,0.0,0.003380253030476221
2019-11-26,0.0026805371491207,,,,,,0.0,0.0026805371491207,0.0,0.0026804143626941,0.0,0.001497096305348647
2019-11-27,0.0006831455040424,,,,,,0.0,0.0006831455040424,0.0,0.0006833781534026,0.0001654986146626,0.0012862163164945807
2019-11-29,-0.004745263244177,,,,,,-0.0052670685583226,-0.004745263244177,-0.005266851560302,-0.0047452651861728,-0.0047451405587585,-0.0020523689339334776
2019-12-02,-0.0054937896866623,,,,,,-0.0054937896866623,-0.0054937896866623,-0.0054937730757426,-0.0054938982274588,-0.0054937813661065,-0.0055042995909431675
2019-12-03,0.0025209714280168,,,,,,0.0025209714280168,0.0025209714280168,0.0025207122083181,0.0025209590385046,0.0025208280827516,5.8436895177992585e-05
2019-12-04,0.0024286747322316,,,,,,0.0024286747322316,-0.0005332314608633,0.0024287006935172,0.0024288072122381,0.0024288175675699,0.0018497943174082033
2019-12-05,9.383806623260232e-06,,,,,,9.383806623260232e-06,0.0,9.462725265619636e-06,9.303101888921397e-06,9.355180095304053e-06,9.56352582222936e-05
2019-12-06,0.0022021995250213,,,,,,0.0022021995250213,0.0,0.0022021710289785,0.0022022642656871,0.0022021584184674,0.0029186162142790122
2019-12-09,-0.001045961201755,,,,,,-0.001045961201755,0.0,-0.0010459343331793,-0.0010460256949445,-0.001045994754822,-0.0011535215464210135
2019-12-10,-0.0005342955377121,,,,,,0.0003966666544599,0.0,-0.0005342970530968,0.0003966361892366,0.0003967133938428,-0.0007530220903980946
2019-12-11,0.0,,,,,,0.0025571082011761,0.0,0.0,0.0025572573371489,0.0025572110226939,0.0023945254626221322
2019-12-12,0.0,,,,,,-0.0005583261413307,0.0,0.0,-0.0005583262399995,-0.0005583254532331,0.0014216325176647855
2019-12-13,0.0,,,,,,0.0,0.0,0.0,0.0,0.0,0.0020048130185486186
2019-12-16,0.0,,,,,,0.0,0.0,0.0,0.0,0.0,0.0018821835381387863
2019-12-17,0.0,,,,,,0.0,0.0,0.0,0.0,0.0,0.0002646043452456973
2019-12-18,0.0,,,,,,0.0,0.0,0.0,0.0,0.0,-0.0006285017413216643
2019-12-19,0.0,,,,,,0.0,0.0,0.0,0.0,0.0,0.0021047492064811364
2019-12-20,0.0,,,,,,0.0,0.0,0.0,0.0,0.0,0.0019302953354014467
2019-12-23,0.0005175868240886,,,,,,0.0,0.0,0.0,0.0,0.0,0.00045034601484798006
2019-12-24,0.0025046234576042,,,,,,0.0,0.0019378575888556,0.0,0.0,0.0,0.000501016544671279
2019-12-26,0.0040901399366777,,,,,,0.0,0.0040901399366777,0.0,0.0035200227823707,0.0,0.0028404077319260294
2019-12-27,-0.0003715596345169,,,,,,0.0,-0.0003715596345169,0.0,-0.0003715242324025,0.0,0.00029498682715494167
2019-12-30,-0.0019933220402687,,,,,,0.0,-0.0019933220402687,0.0,-0.0019931817565105,-0.0025732435344489,-0.002663575020380982
2019-12-31,-0.0009553935939231,,,,,,-0.0015481644668379,-0.0009553935939231,-0.0015482541070419,-0.0009554408690067,-0.0009554042367614,-9.231027927023368e-05
2020-01-02,0.0066609655538325,,,,,,0.0066609655538325,0.0066609655538325,0.0066609105846517,0.0066609147115326,0.0066609212177,0.006043852551123052
2020-01-03,0.0015525433738411,,,,,,0.0015525433738411,0.0015525433738411,0.0015527677634216,0.0015526864629221,0.0015526366430807,-0.001633684915011286
2020-01-06,0.0008939450213946,,,,,,0.0008939450213946,-0.00059578254267,0.0008938855971401,0.0008939428173241,0.0008939202345076,0.0013301831698499364
2020-01-07,-0.0011092953160028,,,,,,-0.0011092953160028,0.0,-0.001109398213296,-0.001109413633775,-0.0011092956669964,-0.0017309120043205127
2020-01-08,-0.0014790178996647,,,,,,-0.0014790178996647,0.0,-0.0014789482361984,-0.0014790212663322,-0.0014791377285118,0.0014079345909287632
2020-01-09,0.0018185694525934,,,,,,0.0018185694525934,0.0,0.0018185572945312,0.001818520658705,0.0018186098611011,0.0031280585838005274
2020-01-10,-0.0006085725928837,,,,,,0.0014083361298273,0.0,-0.0006085726846802,0.0014084625934432,0.0014083072393247,-0.0006822172110718438
2020-01-13,0.0,,,,,,0.0016709931197217,0.0,0.0,0.001671026379308,0.0016711652852341,0.002490592650578694
2020-01-14,0.0,,,,,,-0.000614096157654,0.0,0.0,-0.0006140961733453,-0.0006140947844814,-0.00022620205973573754
2020-01-15,0.0,,,,,,0.0,0.0,0.0,0.0,0.0,0.0016265091277105107
2020-01-16,0.0,,,,,,0.0,0.0,0.0,0.0,0.0,0.0031903551044359137
2020-01-17,0.0,,,,,,0.0,0.0,0.0,0.0,0.0,0.0011621333077441928
2020-01-21,0.0,,,,,,0.0,0.0,0.0,0.0,0.0,0.0002004262578284331
2020-01-22,0.0,,,,,,0.0,0.0,0.0,0.0,0.0,2.4982069481479976e-05
2020-01-23,0.0,,,,,,0.0,0.0,0.0,0.0,0.0,0.0012352434926522855
2020-01-24,-0.0035286724509838,,,,,,0.0,0.0,0.0,0.0,0.0,-0.0028292841187753945
2020-01-27,-0.0078312588174563,,,,,,0.0,-0.00842720365059,0.0,0.0,0.0,-0.004742099097746185
2020-01-28,0.0026355852558688,,,,,,0.0,0.0026355852558688,0.0,0.0020785022265443,0.0,0.003353222431662434
2020-01-29,0.0014022990648008,,,,,,0.0,0.0014022990648008,0.0,0.0014022670476063,0.0,0.0009778357698140287
2020-01-30,-0.0002766356904295,,,,,,0.0,-0.0002766356904295,0.0,-0.0002765102501418,-0.0008512173413614,0.0016456555167230723
2020-01-31,-0.0069299749575535,,,,,,-0.0075059740812932,-0.0069299749575535,-0.0075059438567987,-0.0069301580948219,-0.0069301099455817,-0.006075862847554371
2020-02-03,0.0002900728838664,,,,,,0.0002900728838664,0.0002900728838664,0.0002900538574386,0.000290149012864,0.0002900426308601,0.0030105978099535064
2020-02-04,0.0043793912695421,,,,,,0.0043793912695421,0.0043793912695421,0.0043792857284681,0.0043793148927064,0.0043793837933237,0.005413825126097836
2020-02-05,0.0043555722648157,,,,,,0.0043555722648157,-0.0005719152729263,0.0043555559744197,0.0043556264961395,0.0043555680012644,0.004207970395576666
2020-02-06,0.0027617028499241,,,,,,0.0027617028499241,0.0,0.0027618468142144,0.0027617473830265,0.0027618518757032,0.0021264452434506358
2020-02-07,-0.001332470590964,,,,,,-0.001332470590964,0.0,-0.0013326387447769,-0.0013326306644706,-0.0013325436350064,-0.0010772946676398914
2020-02-10,0.0031042465583038,,,,,,0.0031042465583038,0.0,0.0031042762873076,0.0031044648501016,0.0031041995547623,0.0036898713685150765
2020-02-11,-0.000561470447433,,,,,,0.0008984033272064,0.0,-0.0005614703142239,0.0008984382619928,0.0008984441744129,3.975961866610485e-05
2020-02-12,0.0,,,,,,0.003596358259467,0.0,0.0,0.0035963856176104,0.0035964293126805,0.0022075030032719994
2020-02-13,0.0,,,,,,-0.0005595784194126,0.0,0.0,-0.0005595773891686,-0.0005595777269425,-0.00014920685310695542
2020-02-14,0.0,,,,,,0.0,0.0,0.0,0.0,0.0,0.0014394640087696169
2020-02-18,0.0,,,,,,0.0,0.0,0.0,0.0,0.0,-0.0006997429848111347
2020-02-19,0.0,,,,,,0.0,0.0,0.0,0.0,0.0,0.0020784204814229138
2020-02-20,0.0,,,,,,0.0,0.0,0.0,0.0,0.0,-0.0009706079319039523
2020-02-21,-0.001882012213829,,,,,,0.0,0.0,0.0,0.0,0.0,-0.0030775939962780496
2020-02-24,-0.011234810556278,,,,,,0.0,-0.0117798877856954,0.0,0.0,0.0,-0.011495475888861016
2020-02-25,-0.0125074611933455,,,,,,0.0,-0.0125074611933455,0.0,-0.0130084318332705,0.0,-0.012265833379454584
2020-02-26,-0.002091989212407,,,,,,0.0,-0.002091989212407,0.0,-0.0020920804810095,0.0,-0.0016919393519401855
2020-02-27,-0.0151579075310494,,,,,,0.0,-0.0151579075310494,0.0,-0.0151577970097517,-0.0156650616075201,-0.017253401333632377
2020-02-28,-0.0043563824271048,,,,,,-0.00481906408378,-0.0043563824271048,-0.0048191044784795,-0.0043564248197143,-0.004356365079254,0.002156963464883562
2020-03-02,0.0100511301440639,,,,,,0.0100511301440639,0.0100511301440639,0.010051175157162,0.0100510153403429,0.0100512113765406,0.018089645043772872
2020-03-03,0.0018016024172708,,,,,,0.0018016024172708,0.0018016024172708,0.0018015487590733,0.0018016867442639,0.0018016086581392,-0.008544212134217603
2020-03-04,0.0084887031527631,,,,,,0.0084887031527631,-0.0004600170783751,0.0084887223536891,0.0084888012488153,0.008488665914743,0.01820031965387774
2020-03-05,-0.0052416206808845,,,,,,-0.0052416206808845,0.0,-0.0052416937264534,-0.0052417538289566,-0.005241591898521,-0.012278963382253745
2020-03-06,-0.0045985781594503,,,,,,-0.0045985781594503,0.0,-0.0045984864090407,-0.00459845340237,-0.004598644824182,-0.003649564471952658
2020-03-09,-0.0302443573812163,,,,,,-0.0302443573812163,0.0,-0.0302444142626338,-0.0302442791440138,-0.0302442834004257,-0.027983123606577617
2020-03-10,-0.0004141252320921,,,,,,0.0044620501822708,0.0,-0.0004141251247659,0.0044620688408915,0.00446199722992,0.014096547202625778
2020-03-11,0.0,,,,,,-0.0143495655883479,0.0,0.0,-0.0143494494320428,-0.0143495748673427,-0.023310829085744226
2020-03-12,0.0,,,,,,-0.0003093174021076,0.0,0.0,-0.0003093155838868,-0.000309316469593,-0.03820714332149415
2020-03-13,0.0,,,,,,0.0,0.0,0.0,0.0,0.0,0.03250189740104588
2020-03-16,0.0,,,,,,0.0,0.0,0.0,0.0,0.0,-0.03848511541801759
2020-03-17,0.0,,,,,,0.0,0.0,0.0,0.0,0.0,0.015013232814895038
2020-03-18,0.0,,,,,,0.0,0.0,0.0,0.0,0.0,-0.0243941401833695
2020-03-19,0.0,,,,,,0.0,0.0,0.0,0.0,0.0,0.0019084685128473208
2020-03-20,0.0,,,,,,0.0,0.0,0.0,0.0,0.0,-0.010960505559112703
2020-03-23,0.0,,,,,,0.0,0.0,0.0,0.0,0.0,-0.0072311361298856005
2020-03-24,0.0103077103182173,,,,,,0.0,0.0,0.0,0.0,0.0,0.03512079413889051
2020-03-25,0.0035043952294782,,,,,,0.0,0.0033528008162129,0.0,0.0,0.0,0.0064441711491473415
2020-03-26,0.0045179932887903,,,,,,0.0,0.0045179932887903,0.0,0.0043636737945041,0.0,0.025201383767156606
2020-03-27,-0.0026571277372934,,,,,,0.0,-0.0026571277372934,0.0,-0.0026571314117769,0.0,-0.010434785868538462
2020-03-30,0.0017669893129179,,,,,,0.0,0.0017669893129179,0.0,0.0017669926427174,0.0016143922284794,0.014347914821258438
2020-03-31,-0.0022855953549859,,,,,,-0.0024382006751739,-0.0022855953549859,-0.0024382116862182,-0.0022855960780466,-0.0022855545280623,-0.005746889884511991
2020-04-01,-0.003937349247,,,,,,-0.003937349247,-0.003937349247,-0.0039373986211676,-0.0039373957212429,-0.0039374069342485,-0.018392911933484767
2020-04-02,0.004605509989257,,,,,,0.004605509989257,0.004605509989257,0.0046055418459075,0.0046055387131844,0.0046055098305471,0.010429184793827836
2020-04-03,8.69324296697425e-05,,,,,,8.69324296697425e-05,-0.0001517124700938,8.693334759543349e-05,8.694160862721625e-05,8.693274139266296e-05,-0.005844936618890175
2020-04-06,0.0062580567926962,,,,,,0.0062580567926962,0.0,0.0062580596677546,0.0062580348558887,0.0062580337861486,0.02784950445523767
2020-04-07,-0.0010419471576305,,,,,,-0.0010419471576305,0.0,-0.0010419714707906,-0.0010419385137122,-0.0010419346209818,-0.0008439680154277966
2020-04-08,0.002956525389745,,,,,,0.002956525389745,0.0,0.002956575549629,0.0029565359940671,0.0029565856143236,0.013751255978923963
2020-04-09,-0.0001479802754568,,,,,,0.0044514504834536,0.0,-0.000147980105373,0.0044514407301119,0.0044514151373955,0.006994472907781692
2020-04-13,0.0,,,,,,-0.0007778830193699,0.0,0.0,-0.0007778953481419,-0.0007778801356045,-0.004373133577816117
2020-04-14,0.0,,,,,,-0.0001451665813721,0.0,0.0,-0.0001451665103666,-0.0001451663558434,0.012788084415316398
2020-04-15,0.0,,,,,,0.0,0.0,0.0,0.0,0.0,-0.0064414120009581325
2020-04-16,0.0,,,,,,0.0,0.0,0.0,0.0,0.0,0.0023271589328798105
2020-04-17,0.0,,,,,,0.0,0.0,0.0,0.0,0.0,0.010592099630056119
2020-04-20,0.0,,,,,,0.0,0.0,0.0,0.0,0.0,-0.0065652439643428435
2020-04-21,0.0,,,,,,0.0,0.0,0.0,0.0,0.0,-0.01172195245628834
2020-04-22,0.0,,,,,,0.0,0.0,0.0,0.0,0.0,0.008444925545861431
2020-04-23,0.0005926256350122,,,,,,0.0,0.0,0.0,0.0,0.0,0.00010320303210773556
2020-04-24,-0.0001046029909338,,,,,,0.0,-0.000246804363361,0.0,0.0,0.0,0.005904849054006326
2020-04-27,-0.000831579646446,,,,,,0.0,-0.000831579646446,0.0,-0.0009738485134912,0.0,0.004620517703309977
2020-04-28,0.0002249065007718,,,,,,0.0,0.0002249065007718,0.0,0.0002249307764787,0.0,-0.0006908165691031021
2020-04-29,0.0031325060426037,,,,,,0.0,0.0031325060426037,0.0,0.0031324971319773,0.0029905574257088,0.01080977370380336
2020-04-30,-0.0018024582399616,,,,,,-0.0019437971685478,-0.0018024582399616,-0.0019438296503248,-0.0018024839349312,-0.0018024760722988,-0.004576561326215024
2020-05-01,-0.0023656985559698,,,,,,-0.0023656985559698,-0.0023656985559698,-0.0023656450818749,-0.0023656504435984,-0.0023656615039898,-0.011107894972400155
2020-05-04,0.0008606166758891,,,,,,0.0008606166758891,0.0008606166758891,0.0008605815295036,0.0008605825379372,0.0008606147374064,0.0013336447665153015
2020-05-05,0.0017485906644905,,,,,,0.0017485906644905,-0.0001416265810077,0.0017486304618939,0.0017485758035114,0.0017485903811256,0.003935724855143242
2020-05-06,-0.0018401196976356,,,,,,-0.0018401196976356,0.0,-0.0018401574979463,-0.0018401442806435,-0.001840176430765,-0.004159027618512119
2020-05-07,0.0021456039415048,,,,,,0.0021456039415048,0.0,0.0021456254937965,0.002145667700925,0.002145663055253,0.006756795049931067
2020-05-08,0.0017444019883686,,,,,,0.0017444019883686,0.0,0.0017443726268101,0.0017443835878891,0.0017443473446907,0.00603077044138525
2020-05-11,-0.0001407778237761,,,,,,-0.0010365765331703,0.0,-0.0001407775943516,-0.0010366305416273,-0.0010365736482638,-0.0006973361682328383
2020-05-12,0.0,,,,,,-0.0010918853001745,0.0,0.0,-0.0010918289356226,-0.0010918475382394,-0.0074469710474986085
2020-05-13,0.0,,,,,,-0.0001404181456988,0.0,0.0,-0.0001404180061174,-0.0001404178749659,-0.006852435894285824
2020-05-14,0.0,,,,,,0.0,0.0,0.0,0.0,0.0,0.005463045765060532
2020-05-15,0.0,,,,,,0.0,0.0,0.0,0.0,0.0,0.0017472232535038045
2020-05-18,0.0,,,,,,0.0,0.0,0.0,0.0,0.0,0.011041800803224368
2020-05-19,0.0,,,,,,0.0,0.0,0.0,0.0,0.0,-0.0035303734820489514
2020-05-20,0.0,,,,,,0.0,0.0,0.0,0.0,0.0,0.0072108934196734665
2020-05-21,-0.0009452481403972,,,,,,0.0,0.0,0.0,0.0,0.0,-0.002768827765459101
2020-05-22,0.0002049640376807,,,,,,0.0,6.552880977118649e-05,0.0,0.0,0.0,0.0013250467141292979
2020-05-26,0.0005422833786341,,,,,,0.0,0.0005422833786341,0.0,0.0004026517453865,0.0,0.004439593188073941
2020-05-27,0.0008186440872137,,,,,,0.0,0.0008186440872137,0.0,0.0008186332268263,0.0,0.006479539476065148
2020-05-28,-0.00026003044011,,,,,,0.0,-0.00026003044011,0.0,-0.0002600506650311,-0.0004009069169634,-0.0010279934363018994
2020-05-29,0.0017833132845644,,,,,,0.0016420914530157,0.0017833132845644,0.0016421122431769,0.0017833337382259,0.0017833287861836,0.0027698537231542362
2020-06-01,0.0013358738493588,,,,,,0.0013358738493588,0.0013358738493588,0.0013358738036542,0.0013358664211014,0.0013358620478814,0.001766238656388386
2020-06-02,0.0007572183314596,,,,,,0.0007572183314596,0.0007572183314596,0.0007572099459279,0.0007572388833332,0.0007572120750493,0.003131276338945534
2020-06-03,-0.0002620632289065,,,,,,-0.0002620632289065,-0.000142980014445,-0.0002620475199919,-0.0002621019160268,-0.0002620500486638,0.0038918307940515938
2020-06-04,-0.0006380486252731,,,,,,-0.0006380486252731,0.0,-0.0006380807021165,-0.0006380224185168,-0.0006380724452364,-0.002324518659021212
2020-06-05,0.0016867352722597,,,,,,0.0016867352722597,0.0,0.0016867625121499,0.0016867350231562,0.0016867398373014,0.009345552142603929
2020-06-08,0.0013935730632202,,,,,,0.0013935730632202,0.0,0.0013935434427965,0.0013935640612255,0.0013935725076669,0.005394364336847516
2020-06-09,-0.0001519472183485,,,,,,-0.0003656624206563,0.0,-0.0001519468432438,-0.0003656493423275,-0.0003656441166479,-0.002113153147267123
2020-06-10,0.0,,,,,,0.0012467528611768,0.0,0.0,0.0012467400187949,0.0012467476678994,-0.00022387935593751643
2020-06-11,0.0,,,,,,-0.0001652623199219,0.0,0.0,-0.0001652622589839,-0.00016526204777,-0.023389139942714916
2020-06-12,0.0,,,,,,0.0,0.0,0.0,0.0,0.0,0.004405492759191997
2020-06-15,0.0,,,,,,0.0,0.0,0.0,0.0,0.0,0.0036903628295619256
2020-06-16,0.0,,,,,,0.0,0.0,0.0,0.0,0.0,0.007492634987826264
2020-06-17,0.0,,,,,,0.0,0.0,0.0,0.0,0.0,-0.001307314888554322
2020-06-18,0.0,,,,,,0.0,0.0,0.0,0.0,0.0,0.0007852848401243984
2020-06-19,0.0,,,,,,0.0,0.0,0.0,0.0,0.0,-0.002308187188572945
2020-06-22,0.0,,,,,,0.0,0.0,0.0,0.0,0.0,0.0024410294841982426
2020-06-23,0.0001233674718092,,,,,,0.0,0.0,0.0,0.0,0.0,0.0019102101622294216
2020-06-24,-0.00387508259832,,,,,,0.0,-0.0041495947155004,0.0,0.0,0.0,-0.010269551608660743
2020-06-25,0.0024260791828725,,,,,,0.0,0.0024260791828725,0.0,0.0021469902709934,0.0,0.004544215097424492
2020-06-26,-0.0018072491151023,,,,,,0.0,-0.0018072491151023,0.0,-0.0018072912305673,0.0,-0.009215870376056234
2020-06-29,0.002443929508574,,,,,,0.0,0.002443929508574,0.0,0.0024438818531945,0.0021616357735393,0.006448747705053481
2020-06-30,0.0016383853886945,,,,,,0.001351097610832,0.0016383853886945,0.0013512070495514,0.0016384188347349,0.0016384057183572,0.004902410228235224
2020-07-01,0.0006091824957664,,,,,,0.0006091824957664,0.0006091824957664,0.0006091366550664,0.0006092622217989,0.0006092525819352,0.0025510587213721093
2020-07-02,0.001978332392129,,,,,,0.001978332392129,0.001978332392129,0.0019783441530906,0.0019782369821717,0.0019782912703056,0.0029952868743355664
2020-07-06,0.0030823561416318,,,,,,0.0030823561416318,-0.0003005673236555,0.0030823618412086,0.0030823832791621,0.0030823776870407,0.0066477435109167015
2020-07-07,-0.000534688074599,,,,,,-0.000534688074599,0.0,-0.0005347364909103,-0.0005346965692635,-0.0005347014448452,-0.00355261647618979
2020-07-08,0.0019359657079968,,,,,,0.0019359657079968,0.0,0.0019360317540069,0.0019359596862365,0.0019359900121838,0.002747628538829705
2020-07-09,0.0003186463200511,,,,,,0.0003186463200511,0.0,0.0003185997703476,0.0003187429238318,0.0003186658300486,-0.0015157633040124303
2020-07-10,-0.0003303656779732,,,,,,0.0005832934486059,0.0,-0.00033036553908,0.000583188482079,0.000583223476745,0.0036596974271787914
2020-07-13,0.0,,,,,,-0.0019100720605794,0.0,0.0,-0.0019100239572314,-0.001910023993906,-0.0034406307446229133
2020-07-14,0.0,,,,,,-0.0003375283519095,0.0,0.0,-0.0003375277308381,-0.0003375276115789,0.00546687710579179
2020-07-15,0.0,,,,,,0.0,0.0,0.0,0.0,0.0,0.0038310704899390084
2020-07-16,0.0,,,,,,0.0,0.0,0.0,0.0,0.0,-0.0013096636191353018
2020-07-17,0.0,,,,,,0.0,0.0,0.0,0.0,0.0,0.0011760682705736958
2020-07-20,0.0,,,,,,0.0,0.0,0.0,0.0,0.0,0.0036132976196302583
2020-07-21,0.0,,,,,,0.0,0.0,0.0,0.0,0.0,0.0014962633302793432
2020-07-22,0.0,,,,,,0.0,0.0,0.0,0.0,0.0,0.003046301993281086
2020-07-23,0.0,,,,,,0.0,0.0,0.0,0.0,0.0,-0.004770101307652858
2020-07-24,-0.0014219119392502,,,,,,0.0,0.0,0.0,0.0,0.0,-0.002756119484499552
2020-07-27,0.0034651555889145,,,,,,0.0,0.0031129969258197,0.0,0.0,0.0,0.0029036341002382374
2020-07-28,-0.0001649889503145,,,,,,0.0,-0.0001649889503145,0.0,-0.0005183188877708,0.0,-0.0020591807556742054
2020-07-29,0.0031894415189998,,,,,,0.0,0.0031894415189998,0.0,0.0031893695790284,0.0,0.005585294423822191
2020-07-30,-0.0026179559004196,,,,,,0.0,-0.0026179559004196,0.0,-0.0026179292096036,-0.0029781926183986,-0.001247607472451896
2020-07-31,0.0021655524324696,,,,,,0.00180528259267,0.0021655524324696,0.0018052759143314,0.0021655215995537,0.002165446265501,0.003288187040035549
2020-08-03,0.0018705571835209,,,,,,0.0018705571835209,0.0018705571835209,0.001870556243529,0.0018705917810892,0.0018705636705613,0.002994817933139208
2020-08-04,0.0047590089566347,,,,,,0.0047590089566347,0.0047590089566347,0.0047590070676406,0.0047591020976985,0.0047590400389676,0.0035512364056848886
2020-08-05,0.0011073141864859,,,,,,0.0011073141864859,-0.0003685344581935,0.0011073530276594,0.0011072619934807,0.0011073344235289,0.0019513900250979815
2020-08-06,0.0039332966268546,,,,,,0.0039332966268546,0.0,0.0039332598427304,0.0039332516145251,0.0039333069042432,0.0041335803368521586
2020-08-07,-0.0027101898730634,,,,,,-0.0027101898730634,0.0,-0.0027100576441971,-0.0027101169607833,-0.0027101519954356,-0.0009222021381238819
2020-08-10,0.0006693117065001,,,,,,0.0006693117065001,0.0,0.0006693053287083,0.0006692991156063,0.000669425316561,0.000967895783211764
2020-08-11,-0.0003740259034407,,,,,,-0.0089552695381648,0.0,-0.0003740253906156,-0.0089552084635868,-0.0089554577402335,-0.004805056795374397
2020-08-12,0.0,,,,,,0.0017698449196236,0.0,0.0,0.0017698156189674,0.001769903338169,0.005024299057867294
2020-08-13,0.0,,,,,,-0.0003653958066249,0.0,0.0,-0.0003653941743535,-0.0003653937971822,-0.001368654391704614
2020-08-14,0.0,,,,,,0.0,0.0,0.0,0.0,0.0,0.00014618951943662353
2020-08-17,0.0,,,,,,0.0,0.0,0.0,0.0,0.0,0.001795338746663919
2020-08-18,0.0,,,,,,0.0,0.0,0.0,0.0,0.0,0.0014997675880152406
2020-08-19,0.0,,,,,,0.0,0.0,0.0,0.0,0.0,-0.0023286264344699816
2020-08-20,0.0,,,,,,0.0,0.0,0.0,0.0,0.0,0.002096538136145372
2020-08-21,0.0,,,,,,0.0,0.0,0.0,0.0,0.0,0.001725690981218829
2020-08-24,0.0013461521551733,,,,,,0.0,0.0,0.0,0.0,0.0,0.003944307668046546
2020-08-25,0.0001310307984136,,,,,,0.0,-0.0002437791257065,0.0,0.0,0.0,0.0008578848916320768
2020-08-26,0.0014209296175675,,,,,,0.0,0.0014209296175675,0.0,0.0010455715629426,0.0,0.00425408494554005
2020-08-27,-0.0032929726038441,,,,,,0.0,-0.0032929726038441,0.0,-0.0032930383743125,0.0,-0.0001916688183658
2020-08-28,0.0021458865258616,,,,,,0.0,0.0021458865258616,0.0,0.0021460427956995,0.0017714815295141,0.0031983883898523656
2020-08-31,-0.000368527329468,,,,,,-0.0007444401372621,-0.000368527329468,-0.0007445374650485,-0.0003685791647337,-0.0003684644038682,-0.0013064629179981445
2020-09-01,0.0041055617526655,,,,,,0.0041055617526655,0.0041055617526655,0.0041054491471403,0.0041054691050364,0.0041053312662722,0.005469147418700533
2020-09-02,0.0015476299067758,,,,,,0.0015476299067758,0.0015476299067758,0.0015476395963101,0.0015477667541942,0.0015477886124594,0.00672322917154391
2020-09-03,-0.0066713886411889,,,,,,-0.0066713886411889,-0.0003828466192024,-0.0066713814792201,-0.006671593607985,-0.0066715403021983,-0.015800743814801167
2020-09-04,-0.0047789732393162,,,,,,-0.0047789732393162,0.0,-0.0047789293681444,-0.004778760836304,-0.0047787609272343,-0.00571966824609376
2020-09-08,-0.0067982431947588,,,,,,-0.0067982431947588,0.0,-0.0067982332784637,-0.0067983052830211,-0.0067983403676219,-0.010933251353034263
2020-09-09,0.0055493880047357,,,,,,0.0055493880047357,0.0,0.0055494112511961,0.0055495119002649,0.0055495070790056,0.008155809133582385
2020-09-10,-0.000410826145737,,,,,,-0.0039439016189953,0.0,-0.0004108259695077,-0.0039441394506167,-0.003944092618795,-0.006947551491587692
2020-09-11,0.0,,,,,,0.0010730930634732,0.0,0.0,0.0010732161863893,0.0010732358861198,0.0006505946930052041
2020-09-14,0.0,,,,,,-0.0004180204330697,0.0,0.0,-0.000418018682788,-0.0004180178462453,0.005279362923014696
2020-09-15,0.0,,,,,,0.0,0.0,0.0,0.0,0.0,0.0019842252928770373
2020-09-16,0.0,,,,,,0.0,0.0,0.0,0.0,0.0,-0.0018276694076991126
2020-09-17,0.0,,,,,,0.0,0.0,0.0,0.0,0.0,-0.0036019717003242485
2020-09-18,0.0,,,,,,0.0,0.0,0.0,0.0,0.0,-0.005088369781763997
2020-09-21,0.0,,,,,,0.0,0.0,0.0,0.0,0.0,-0.004168081609292598
2020-09-22,0.0,,,,,,0.0,0.0,0.0,0.0,0.0,0.004277539411236013
2020-09-23,-0.0082927060406244,,,,,,0.0,0.0,0.0,0.0,0.0,-0.009740259117331878
2020-09-24,0.0010365302679436,,,,,,0.0,0.0006260571705589,0.0,0.0,0.0,0.0012572282143978029
2020-09-25,0.002346608428413,,,,,,0.0,0.002346608428413,0.0,0.0019286959318112,0.0,0.007019776496984291
2020-09-28,0.0056803998747741,,,,,,0.0,0.0056803998747741,0.0,0.0056802594352637,0.0,0.006929797968146993
2020-09-29,-0.0020378251734296,,,,,,0.0,-0.0020378251734296,0.0,-0.0020378069271867,-0.0024534428411718,-0.0020807336224372983
2020-09-30,0.0009436281517716,,,,,,0.0005261552867612,0.0009436281517716,0.000526165974065,0.0009437031058882,0.000943708576335,0.002427881594532639
2020-10-01,0.002408192612043,,,,,,0.002408192612043,0.002408192612043,0.0024081914145514,0.0024081297895586,0.0024081062519782,0.0031531574379384596
2020-10-02,-0.0025475647846623,,,,,,-0.0025475647846623,-0.0025475647846623,-0.0025476012880015,-0.0025476351065944,-0.0025475379861057,-0.0046456379471536274
2020-10-05,0.004120600353778,,,,,,0.004120600353778,-0.0004260333902062,0.0041206895078314,0.0041206291342099,0.0041205684526347,0.0062942280370868325
2020-10-06,-0.0013499182811563,,,,,,-0.0013499182811563,0.0,-0.0013499600757444,-0.001349854343509,-0.0013499413797505,-0.005524982102109961
2020-10-07,0.0023650264761249,,,,,,0.0023650264761249,0.0,0.0023650445936208,0.0023650366575311,0.0023649666569674,0.006439035195992817
2020-10-08,0.004153759880041,,,,,,0.004153759880041,0.0,0.0041536632805832,0.0041536595866381,0.0041537859370589,0.004281432142393237
2020-10-09,-0.0004248995872842,,,,,,0.0020994696537149,0.0,-0.0004248991396356,0.0020995330256767,0.0020995493617254,0.0036366093136088852
2020-10-12,0.0,,,,,,0.0027397769764759,0.0,0.0,0.0027397857959996,0.0027397468830832,0.007214031402822605
2020-10-13,0.0,,,,,,-0.0004262271836013,0.0,0.0,-0.0004262251559775,-0.0004262240716425,-0.002320918525759088
2020-10-14,0.0,,,,,,0.0,0.0,0.0,0.0,0.0,-0.002563556704665363
2020-10-15,0.0,,,,,,0.0,0.0,0.0,0.0,0.0,-0.0008187082233878228
2020-10-16,0.0,,,,,,0.0,0.0,0.0,0.0,0.0,-0.0004154315605605818
2020-10-19,0.0,,,,,,0.0,0.0,0.0,0.0,0.0,-0.00684728784813519
2020-10-20,0.0,,,,,,0.0,0.0,0.0,0.0,0.0,0.0010810499783794557
2020-10-21,0.0,,,,,,0.0,0.0,0.0,0.0,0.0,-0.0011658710855054699
2020-10-22,0.0,,,,,,0.0,0.0,0.0,0.0,0.0,0.0014792930036571133
2020-10-23,0.0005650755182978,,,,,,0.0,0.0,0.0,0.0,0.0,0.0017383140388977142
2020-10-26,-0.0043199412383298,,,,,,0.0,-0.0047499829655934,0.0,0.0,0.0,-0.007115300351663789
2020-10-27,0.0009678733368067,,,,,,0.0,0.0009678733368067,0.0,0.0005453376128283,0.0,-0.0008246396953290414
2020-10-28,-0.0102035745260979,,,,,,0.0,-0.0102035745260979,0.0,-0.0102034608605826,0.0,-0.01437831985610658
2020-10-29,0.0002606475942044,,,,,,0.0,0.0002606475942044,0.0,0.0002605821773437,-0.0001477146567709,0.003163623358470823
2020-10-30,-0.0034650457720199,,,,,,-0.0038824891629373,-0.0034650457720199,-0.0038824525047962,-0.0034650019946781,-0.0034650095932987,-0.005246075088281158
2020-11-02,0.0063600441473964,,,,,,0.0063600441473964,0.0063600441473964,0.006360062078498,0.006360164029932,0.0063600401940553,0.005922042418076846
2020-11-03,0.0042099678918412,,,,,,0.0042099678918412,0.0042099678918412,0.0042099661428987,0.0042098743859473,0.0042099415058628,0.007406368116297334
2020-11-04,0.0092455523900631,,,,,,0.0092455523900631,-0.0004183389314521,0.0092455587624897,0.0092455236311626,0.009245542752606,0.012953411645633595
2020-11-05,0.0053717934211225,,,,,,0.0053717934211225,0.0,0.0053717304452238,0.0053718346205002,0.0053717671327191,0.009078709772729286
2020-11-06,-0.0028290419464364,,,,,,-0.0028290419464364,0.0,-0.0028289450640405,-0.0028290051357366,-0.0028290385994528,-0.0011596229972348963
2020-11-09,0.0008032754965902,,,,,,0.0008032754965902,0.0,0.0008031823462717,0.0008031326489136,0.0008032516960761,0.003293002234251905
2020-11-10,-0.0004064807176366,,,,,,0.0006514355590134,0.0,-0.0004064804085396,0.0006514380336956,0.0006514067166394,-0.0012995190597008379
2020-11-11,0.0,,,,,,0.0020226802573845,0.0,0.0,0.0020226898810293,0.0020226831799293,0.003554957823399779
2020-11-12,0.0,,,,,,-0.0003963166723492,0.0,0.0,-0.0003963152816982,-0.0003963148600573,-0.002682955084919691
2020-11-13,0.0,,,,,,0.0,0.0,0.0,0.0,0.0,0.005434305050868401
2020-11-16,0.0,,,,,,0.0,0.0,0.0,0.0,0.0,0.005348371693971652
2020-11-17,0.0,,,,,,0.0,0.0,0.0,0.0,0.0,-0.0015512817147442094
2020-11-18,0.0,,,,,,0.0,0.0,0.0,0.0,0.0,-0.005321498291758026
2020-11-19,0.0,,,,,,0.0,0.0,0.0,0.0,0.0,0.002059892405027307
2020-11-20,0.0004667373757646,,,,,,0.0,0.0,0.0,0.0,0.0,-0.002407757522318599
2020-11-23,-0.0002417719211419,,,,,,0.0,-0.000640385187399,0.0,0.0,0.0,0.0019723554180147112
2020-11-24,0.0019063749492841,,,,,,0.0,0.0019063749492841,0.0,0.0015050031766127,0.0,0.006594602211301277
2020-11-25,0.0001411909491829,,,,,,0.0,0.0001411909491829,0.0,0.0001410349531014,0.0,-0.0005641521216039995
2020-11-27,0.0010199712295723,,,,,,0.0,0.0010199712295723,0.0,0.0010199934616783,0.000617200864013,0.0020624451845517163
2020-11-30,-0.002871634058221,,,,,,-0.003276897034098,-0.002871634058221,-0.003276815461129,-0.0028715574387083,-0.0028714784200583,-0.002447356075769532
2020-12-01,0.0017340920949352,,,,,,0.0017340920949352,0.0017340920949352,0.0017340697740331,0.0017340148681741,0.0017340020353128,0.0030748059994420767
2020-12-02,-0.0002996248313785,,,,,,-0.0002996248313785,-0.0002996248313785,-0.000299578607134,-0.0002995154369643,-0.0002995682992752,0.0004142639314848679
2020-12-03,0.0022190568227372,,,,,,0.0022190568227372,-0.0004091147039346,0.0022190954249842,0.0022190864234595,0.0022191446621387,0.0010824602256335075
2020-12-04,0.0010681285877503,,,,,,0.0010681285877503,0.0,0.0010681119829219,0.0010680750805238,0.0010679896832179,0.002839144198128179
2020-12-07,0.0014280431862969,,,,,,0.0014280431862969,0.0,0.0014279348539727,0.0014279997894402,0.0014281610677894,-0.00016228787300485482
2020-12-08,0.0010872149653163,,,,,,0.0010872149653163,0.0,0.0010872438267109,0.0010871917118514,0.0010871399110186,0.0015610710729629525
2020-12-09,-0.0004148453070535,,,,,,-0.003611965036505,0.0,-0.000414845456469,-0.0036120533736811,-0.0036120044001669,-0.00438797672432721
2020-12-10,0.0,,,,,,0.0030408433915859,0.0,0.0,0.0030408789501615,0.0030407000915321,0.0005773499141893609
2020-12-11,0.0,,,,,,-0.0004148793712798,0.0,0.0,-0.0004148795349774,-0.0004148786837287,-3.269966501245016e-05
2020-12-14,0.0,,,,,,0.0,0.0,0.0,0.0,0.0,-0.0020531474246797024
2020-12-15,0.0,,,,,,0.0,0.0,0.0,0.0,0.0,0.00547440464450258
2020-12-16,0.0,,,,,,0.0,0.0,0.0,0.0,0.0,0.00046253893219353094
2020-12-17,0.0,,,,,,0.0,0.0,0.0,0.0,0.0,0.002476336852887191
2020-12-18,0.0,,,,,,0.0,0.0,0.0,0.0,0.0,-0.0020858092217845227
2020-12-21,0.0,,,,,,0.0,0.0,0.0,0.0,0.0,-0.0015501800861918264
2020-12-22,0.0,,,,,,0.0,0.0,0.0,0.0,0.0,-0.00025337173635939085
2020-12-23,0.0011822747319772,,,,,,0.0,0.0,0.0,0.0,0.0,-0.0001697771220356621
2020-12-24,0.0020460764263132,,,,,,0.0,0.0016106579432958,0.0,0.0,0.0,0.002056250239300005
2020-12-28,0.0011740591896074,,,,,,0.0,0.0011740591896074,0.0,0.0007381664596714,0.0,0.0036513676462465363
2020-12-29,-0.0003194390838955,,,,,,0.0,-0.0003194390838955,0.0,-0.0003194456039557,0.0,-0.0008830966511292532
2020-12-30,0.0022094998865346,,,,,,0.0,0.0022094998865346,0.0,0.0022093688843276,0.0017712249763567,0.0007792954331622541
2020-12-31,0.0011516492798679,,,,,,0.0007110338452505,0.0011516492798679,0.0007109445470023,0.0011517057416436,0.0011515946043321,0.002220673937193194
2021-01-04,-0.0020440448102502,,,,,,-0.0020440448102502,-0.0020440448102502,-0.0020438124151761,-0.0020439351386776,-0.0020439271416745,-0.0063660206407442155
2021-01-05,0.0034518654151177,,,,,,0.0034518654151177,0.0034518654151177,0.0034516666071608,0.0034517541444788,0.0034517200936415,0.002873509837530669
2021-01-06,-0.0027036087278357,,,,,,-0.0027036087278357,-0.0004464694088813,-0.0027036932588449,-0.0027035883907115,-0.0027035135083743,0.0005144816790773209
2021-01-07,0.0026631143802939,,,,,,0.0026631143802939,0.0,0.0026631767478869,0.0026630363043943,0.0026630547643945,0.0058191949955369755
2021-01-08,0.0002127584878268,,,,,,0.0002127584878268,0.0,0.0002126806414757,0.0002127523978819,0.0002127012068861,0.002023673503787745
2021-01-11,-0.0037601470987548,,,,,,-0.0037601470987548,0.0,-0.003759846688213,-0.0037599741907495,-0.0037599062246573,-0.0037668699154120573
2021-01-12,-0.0004405847402915,,,,,,0.0027162479656006,0.0,-0.0004405840725189,0.0027160649512208,0.0027161217430228,2.4951778203474584e-05
2021-01-13,0.0,,,,,,0.0026845764141494,0.0,0.0,0.0026845789399365,0.002684536039275,0.0018834018066500014
2021-01-14,0.0,,,,,,-0.0004360858485002,0.0,0.0,-0.000436085995701,-0.0004360856834489,-0.002130254501150983
2021-01-15,0.0,,,,,,0.0,0.0,0.0,0.0,0.0,-0.0026302644724443985
2021-01-19,0.0,,,,,,0.0,0.0,0.0,0.0,0.0,0.0034535882098129605
2021-01-20,0.0,,,,,,0.0,0.0,0.0,0.0,0.0,0.006023463884856823
2021-01-21,0.0,,,,,,0.0,0.0,0.0,0.0,0.0,-5.711667445180297e-05
2021-01-22,-0.0022023048725988,,,,,,0.0,0.0,0.0,0.0,0.0,-0.0011579378027490215
2021-01-25,0.003304853939524,,,,,,0.0,0.0028745036606943,0.0,0.0,0.0,0.002775148275106547
2021-01-26,-0.0008796442996723,,,,,,0.0,-0.0008796442996723,0.0,-0.0013167370855077,0.0,-0.000727457416376063
2021-01-27,-0.0055414480072999,,,,,,0.0,-0.0055414480072999,0.0,-0.0055412512480443,0.0,-0.010177973963403256
2021-01-28,0.001186939597881,,,,,,0.0,0.001186939597881,0.0,0.0011868789503164,0.0007465597748414,0.0028783886568767725
2021-01-29,-0.0050462877771031,,,,,,-0.0054934886012557,-0.0050462877771031,-0.0054935258060002,-0.0050462224772382,-0.0050462282538575,-0.008902942838085074
2021-02-01,0.0092716800442655,,,,,,0.0092716800442655,0.0092716800442655,0.0092716298655403,0.0092714944542105,0.0092715898767253,0.008664830911848068
2021-02-02,0.0011898470400947,,,,,,0.0011898470400947,0.0011898470400947,0.0011898626115594,0.0011899996748268,0.0011898321692421,0.00519837795368903
2021-02-03,3.8921246197056376e-05,,,,,,3.8921246197056376e-05,-0.0004476000473079,3.89960472684998e-05,3.895592224426791e-05,3.898778433345e-05,-0.0002578408453082462
2021-02-04,0.0021906225219164,,,,,,0.0021906225219164,0.0,0.0021906100103272,0.0021904640791283,0.0021906694637247,0.005128668605048301
2021-02-05,0.0010090757193082,,,,,,0.0010090757193082,0.0,0.0010090952643017,0.001009204092435,0.0010090596974687,0.0012864819545998617
2021-02-08,0.0053135363076127,,,,,,0.0053135363076127,0.0,0.005313520079407,0.0053134880251214,0.0053135122862964,0.0036017922926917046
2021-02-09,-0.0004799049135452,,,,,,0.0003359586927176,0.0,-0.0004799049896519,0.0003358774421532,0.0003359738502974,2.808501158696625e-05
2021-02-10,0.0,,,,,,0.0008277432819571,0.0,0.0,0.0008278156268052,0.0008277361470238,0.000529506791272099
2021-02-11,0.0,,,,,,-0.0004810073426502,0.0,0.0,-0.0004810080499241,-0.0004810076373232,0.0004942090593095548
2021-02-12,0.0,,,,,,0.0,0.0,0.0,0.0,0.0,0.0012560238225234038
2021-02-16,0.0,,,,,,0.0,0.0,0.0,0.0,0.0,-0.0020088427143044067
2021-02-17,0.0,,,,,,0.0,0.0,0.0,0.0,0.0,0.00022830390951209266
2021-02-18,0.0,,,,,,0.0,0.0,0.0,0.0,0.0,-0.0020027617315101233
2021-02-19,-0.002190378958354,,,,,,0.0,0.0,0.0,0.0,0.0,-0.0019002553284266338
2021-02-22,-0.0011889254791727,,,,,,0.0,-0.0016689812649032,0.0,0.0,0.0,-0.003603973803840057
2021-02-23,0.0005774482739169,,,,,,0.0,0.0005774482739169,0.0,0.0001065940707541,0.0,0.0008127229501965291
2021-02-24,0.0030137080047405,,,,,,0.0,0.0030137080047405,0.0,0.003013644897117,0.0,0.004538690107864285
2021-02-25,-0.0134574104519692,,,,,,0.0,-0.0134574104519692,0.0,-0.0134573752741884,-0.0139367876351758,-0.013636324542697888
2021-02-26,-5.372966979668394e-05,,,,,,-0.0005011540155619,-5.372966979668394e-05,-0.0005012040290847,-5.376762595098794e-05,-5.372464002083962e-05,-0.00021478107552737384
2021-03-01,0.0052754401945074,,,,,,0.0052754401945074,0.0052754401945074,0.0052755965420476,0.005275511984449,0.0052755409627003,0.010579661359897581
2021-03-02,-0.0026028420680169,,,,,,-0.0026028420680169,-0.0026028420680169,-0.0026029868184453,-0.0026029552844317,-0.0026029954689622,-0.0031920882375282922
2021-03-03,-0.0044078313429031,,,,,,-0.0044078313429031,-0.0004531542849332,-0.0044078315313656,-0.0044077717991907,-0.004407801630529,-0.007726917797658471
2021-03-04,-0.0040316536213731,,,,,,-0.0040316536213731,0.0,-0.004031628232408,-0.004031589532716,-0.0040316471204026,-0.00713156919092662
2021-03-05,0.0052810861285572,,,,,,0.0052810861285572,0.0,0.005281125108947,0.0052810514403069,0.0052810753717457,0.007414582937037304
2021-03-08,-0.0054008066040137,,,,,,-0.0054008066040137,0.0,-0.005400928892955,-0.0054007708538623,-0.0054007330879257,-0.0031532399231674795
2021-03-09,-0.0004445469306492,,,,,,0.006801286806815,0.0,-0.0004445475523945,0.0068012934176829,0.0068012070201888,0.006869982974131277
2021-03-10,0.0,,,,,,0.0032159651386761,0.0,0.0,0.0032157812124144,0.0032157998713466,0.0031770630009847855
2021-03-11,0.0,,,,,,-0.0004343286264576,0.0,0.0,-0.0004343292302288,-0.0004343286317334,0.004160852512082309
2021-03-12,0.0,,,,,,0.0,0.0,0.0,0.0,0.0,-0.0014880378610657547
2021-03-15,0.0,,,,,,0.0,0.0,0.0,0.0,0.0,0.002903654789933159
2021-03-16,0.0,,,,,,0.0,0.0,0.0,0.0,0.0,-0.0006943306259303819
2021-03-17,0.0,,,,,,0.0,0.0,0.0,0.0,0.0,0.0009570065499605302
2021-03-18,0.0,,,,,,0.0,0.0,0.0,0.0,0.0,-0.007847208630829522
2021-03-19,0.0,,,,,,0.0,0.0,0.0,0.0,0.0,-0.0010166181742437515
2021-03-22,0.0,,,,,,0.0,0.0,0.0,0.0,0.0,0.004197905490212441
2021-03-23,0.0,,,,,,0.0,0.0,0.0,0.0,0.0,-0.0019324711490215473
2021-03-24,0.0003022446402509,,,,,,0.0,0.0,0.0,0.0,0.0,-0.0017665035312344245
2021-03-25,4.423518968057671e-05,,,,,,0.0,-0.000364892711113,0.0,0.0,0.0,0.001994616520458807
2021-03-26,0.0050138648031914,,,,,,0.0,0.0050138648031914,0.0,0.0046049188817163,0.0,0.005834643779291801
2021-03-29,-0.0025323871772848,,,,,,0.0,-0.0025323871772848,0.0,-0.0025324165421913,0.0,-0.0012184862631276219
2021-03-30,-0.0012391119243277,,,,,,0.0,-0.0012391119243277,0.0,-0.001239138208798,-0.0016457433022765,-0.0013678583633263226
2021-03-31,0.0017542690666486,,,,,,0.0013491985329145,0.0017542690666486,0.0013491650054656,0.0017543421458715,0.0017542903083584,0.0012840902759787627
2021-04-01,0.0065253191883751,,,,,,0.0065253191883751,0.0065253191883751,0.006525339539455,0.0065254552377873,0.0065253919517531,0.006661542381653551
2021-04-05,-0.0002115457759516,,,,,,-0.0002115457759516,-0.0002115457759516,-0.0002116435699182,-0.0002116956090488,-0.0002116748608834,0.005310884193304082
2021-04-06,0.0018852140206099,,,,,,0.0018852140206099,-0.0004066903742981,0.0018852267464282,0.0018852968156942,0.0018853717612227,0.0013298571534805974
2021-04-07,-0.0010069728284156,,,,,,-0.0010069728284156,0.0,-0.0010069902660045,-0.0010069995928981,-0.0010070935661074,0.0001444143240080692
2021-04-08,0.00254271645374,,,,,,0.00254271645374,0.0,0.0025427605255634,0.0025427528986829,0.0025428211302309,0.0028875700595481393
2021-04-09,-0.0010136144652383,,,,,,-0.0010136144652383,0.0,-0.0010135517309469,-0.0010136502663062,-0.0010135847752905,0.002336396129818385
2021-04-12,-0.0004136787722424,,,,,,-0.001026642133561,0.0,-0.0004136782905729,-0.0010267000779368,-0.0010267621721095,-7.821127078997573e-05
2021-04-13,0.0,,,,,,0.0031471618639742,0.0,0.0,0.0031472889625365,0.0031472029839117,0.002447635675873812
2021-04-14,0.0,,,,,,-0.0004180430679982,0.0,0.0,-0.0004180430948328,-0.0004180425751033,-0.0018853509269013467
2021-04-15,0.0,,,,,,0.0,0.0,0.0,0.0,0.0,0.006360760594468093
2021-04-16,0.0,,,,,,0.0,0.0,0.0,0.0,0.0,0.0006827943453289807
2021-04-19,0.0,,,,,,0.0,0.0,0.0,0.0,0.0,-0.0024374800065249595
2021-04-20,0.0,,,,,,0.0,0.0,0.0,0.0,0.0,-0.0021939123096978946
2021-04-21,0.0,,,,,,0.0,0.0,0.0,0.0,0.0,0.004166199030573511
2021-04-22,0.0,,,,,,0.0,0.0,0.0,0.0,0.0,-0.003653373298687465
2021-04-23,0.0016949401636754,,,,,,0.0,0.0,0.0,0.0,0.0,0.0042197779702209896
2021-04-26,0.0008684069129012,,,,,,0.0,0.0004538504183992,0.0,0.0,0.0,0.0006333548830605847
2021-04-27,-0.0010930343899803,,,,,,0.0,-0.0010930343899803,0.0,-0.0015121930568886,0.0,-0.0011573845176069077
2021-04-28,0.0005624380263552,,,,,,0.0,0.0005624380263552,0.0,0.0005624168783838,0.0,0.000249018509470321
2021-04-29,0.0006496156388306,,,,,,0.0,0.0006496156388306,0.0,0.0006496777883269,0.0002250912567933,0.002217999844120394
2021-04-30,-0.0016920391931398,,,,,,-0.0021222920440783,-0.0016920391931398,-0.0021223085879776,-0.0016920731803399,-0.0016920664966459,-0.0025992285450837822
2021-05-03,0.0028288089195811,,,,,,0.0028288089195811,0.0028288089195811,0.0028287297376034,0.0028288778999513,0.0028287491714485,0.001712293094504318
2021-05-04,-0.0015607766481545,,,,,,-0.0015607766481545,-0.0015607766481545,-0.0015607788861424,-0.0015609243575922,-0.0015607300895285,-0.002389296541053003
2021-05-05,0.0005943386833096,,,,,,0.0005943386833096,-0.0004306512257099,0.0005942317355535,0.0005943796630724,0.0005941866205788,0.0005680713169383661
2021-05-06,0.0030056192314758,,,,,,0.0030056192314758,0.0,0.0030057449593776,0.0030056488862035,0.0030057391255599,0.003932143693216643
2021-05-07,0.0023637090385681,,,,,,0.0023637090385681,0.0,0.002363601854358,0.0023637153203655,0.0023637148312001,0.0032086472344659855
2021-05-10,-0.0043952326355675,,,,,,-0.0043952326355675,0.0,-0.0043951943841185,-0.004395322397175,-0.0043952532214958,-0.004927335662464255
2021-05-11,-0.0004257818881272,,,,,,-0.0020696070430693,0.0,-0.00042578207943,-0.002069503556336,-0.0020695335414908,-0.00423383070613237
2021-05-12,0.0,,,,,,-0.0076668140699804,0.0,0.0,-0.007666856108423,-0.0076668133903528,-0.010261089551738906
2021-05-13,0.0,,,,,,-0.0004235895088799,0.0,0.0,-0.0004235894352719,-0.0004235888033267,0.005896769895027773
2021-05-14,0.0,,,,,,0.0,0.0,0.0,0.0,0.0,0.007062408826463903
2021-05-17,0.0,,,,,,0.0,0.0,0.0,0.0,0.0,-0.001338416686234285
2021-05-18,0.0,,,,,,0.0,0.0,0.0,0.0,0.0,-0.003651896031084206
2021-05-19,0.0,,,,,,0.0,0.0,0.0,0.0,0.0,-0.001937334949767103
2021-05-20,0.0,,,,,,0.0,0.0,0.0,0.0,0.0,0.005675806328813264
2021-05-21,0.0004707097556222,,,,,,0.0,0.0,0.0,0.0,0.0,-0.00030803541301870123
2021-05-24,0.0039387579725495,,,,,,0.0,0.0035269679650437,0.0,0.0,0.0,0.004552534615188733
2021-05-25,0.0018549749461274,,,,,,0.0,0.0018549749461274,0.0,0.0014218612703849,0.0,0.0001625109968327869
2021-05-26,0.0010184485845151,,,,,,0.0,0.0010184485845151,0.0,0.001018404847976,0.0,0.00042289758525329617
2021-05-27,0.0001014019065503,,,,,,0.0,0.0001014019065503,0.0,0.0001014202376794,-0.0003486879254862,-0.0003037709507251363
2021-05-28,0.0009238592181578,,,,,,0.000473008616169,0.0009238592181578,0.0004730305268128,0.0009239562930298,0.0009239805302605,0.0007283815109147034
2021-06-01,0.0027990735042895,,,,,,0.0027990735042895,0.0027990735042895,0.0027989874195478,0.0027988724856093,0.0027989388354885,5.396892862091464e-05
2021-06-02,0.0025801129320746,,,,,,0.0025801129320746,0.0025801129320746,0.0025800514198928,0.0025801780195991,0.0025800335037963,0.0015392743246552799
2021-06-03,-0.004239087312632,,,,,,-0.004239087312632,-0.0004646422219619,-0.0042388447121899,-0.0042388513938628,-0.0042388256428485,-0.003215984272502847
2021-06-04,0.0056987204053498,,,,,,0.0056987204053498,0.0,0.0056985943539304,0.0056986151027173,0.0056985311412019,0.006234894889221386
2021-06-07,0.0008539862182,,,,,,0.0008539862182,0.0,0.0008538778971859,0.0008539611484416,0.0008540878757842,-0.000686636318536785
2021-06-08,0.002041259199699,,,,,,0.002041259199699,0.0,0.0020412578889855,0.0020410466523912,0.0020412167419275,0.0010387556315885355
2021-06-09,-0.0004760005869691,,,,,,0.0009823228711816,0.0,-0.0004760014268647,0.0009825058325482,0.0009823456426218,0.0002317809271333626
2021-06-10,0.0,,,,,,0.0034535416907834,0.0,0.0,0.0034534970160606,0.0034535608232515,0.0030318918805296202
2021-06-11,0.0,,,,,,-0.0004852546370667,0.0,0.0,-0.0004852560260691,-0.0004852556436235,0.0002708850823370536
2021-06-14,0.0,,,,,,0.0,0.0,0.0,0.0,0.0,8.825203290267042e-05
2021-06-15,0.0,,,,,,0.0,0.0,0.0,0.0,0.0,-0.000736988138643178
2021-06-16,0.0,,,,,,0.0,0.0,0.0,0.0,0.0,-0.0043346808841996905
2021-06-17,0.0,,,,,,0.0,0.0,0.0,0.0,0.0,0.0008578844204803953
2021-06-18,0.0,,,,,,0.0,0.0,0.0,0.0,0.0,-0.0041313551668971035
2021-06-21,0.0,,,,,,0.0,0.0,0.0,0.0,0.0,0.00511303496565886
2021-06-22,0.0,,,,,,0.0,0.0,0.0,0.0,0.0,0.0027587568638824515
2021-06-23,-0.0006235794072211,,,,,,0.0,0.0,0.0,0.0,0.0,-0.001070546589279842
2021-06-24,0.0028264482267988,,,,,,0.0,0.0023387377099884,0.0,0.0,0.0,0.002473584090635798
2021-06-25,0.0003736527062295,,,,,,0.0,0.0003736527062295,0.0,-0.0001153550586,0.0,0.0009717677206323523
2021-06-28,0.0010981436360964,,,,,,0.0,0.0010981436360964,0.0,0.0010981313355597,0.0,0.001677474370345105
2021-06-29,0.0001108247638215,,,,,,0.0,0.0001108247638215,0.0,0.0001108472401224,-0.0003826539127928,0.0003840979069326906
2021-06-30,0.0010381242198728,,,,,,0.0005403455495953,0.0010381242198728,0.0005404783623136,0.0010382578314855,0.0010381846288396,0.0007801122592013566
2021-07-01,0.0017879686467367,,,,,,0.0017879686467367,0.0017879686467367,0.0017879751288316,0.0017879427762769,0.0017880312073388,0.0023780089867954154
2021-07-02,0.0032979391607749,,,,,,0.0032979391607749,0.0032979391607749,0.0032977480152966,0.0032978885375427,0.0032978813993309,0.004900714106666589
2021-07-06,-0.0009392564208114,,,,,,-0.0009392564208114,-0.0005060658058499,-0.0009391523423787,-0.0009391678939031,-0.0009392303278755,0.00035633333500728837
2021-07-07,0.0009431934484081,,,,,,0.0009431934484081,0.0,0.0009431714187661,0.0009431599269139,0.0009432242483436,0.0026268703852432205
2021-07-08,-0.0024160316255692,,,,,,-0.0024160316255692,0.0,-0.002416099777027,-0.0024161193853951,-0.0024161474144659,-0.002799846041821955
2021-07-09,0.0033462416084763,,,,,,0.0033462416084763,0.0,0.003346297024684,0.0033463634921906,0.0033463234809537,0.002754628642828377
2021-07-12,-0.0005010132981817,,,,,,0.0010057383089796,0.0,-0.0005010137404277,0.0010057167138379,0.0010057839192433,0.0014441953128605492
2021-07-13,0.0,,,,,,-0.0021520252525266,0.0,0.0,-0.0021520725074897,-0.0021520745682075,-0.0024324666486648648
2021-07-14,0.0,,,,,,-0.0005033013430564,0.0,0.0,-0.0005033032764114,-0.0005033011342881,0.0017092405430813363
2021-07-15,0.0,,,,,,0.0,0.0,0.0,0.0,0.0,-0.00030653470860616546
2021-07-16,0.0,,,,,,0.0,0.0,0.0,0.0,0.0,-0.0033455680886007866
2021-07-19,0.0,,,,,,0.0,0.0,0.0,0.0,0.0,-0.0038085532793313706
2021-07-20,0.0,,,,,,0.0,0.0,0.0,0.0,0.0,0.005507168643011688
2021-07-21,0.0,,,,,,0.0,0.0,0.0,0.0,0.0,0.0017604660072228359
2021-07-22,0.0,,,,,,0.0,0.0,0.0,0.0,0.0,0.0015250629776897195
2021-07-23,0.0004536354422727,,,,,,0.0,0.0,0.0,0.0,0.0,0.003967833710412654
2021-07-26,-0.0013089379602283,,,,,,0.0,-0.0017940728152996,0.0,0.0,0.0,0.0008620487557191413
2021-07-27,-0.0013352352948914,,,,,,0.0,-0.0013352352948914,0.0,-0.0018196744335014,0.0,-0.0008332142694624711
2021-07-28,0.0027294016514041,,,,,,0.0,0.0027294016514041,0.0,0.0027294074613528,0.0,-0.0001145457294911625
2021-07-29,0.0023221018041033,,,,,,0.0,0.0023221018041033,0.0,0.0023220612610681,0.0018367158875562,0.0008253708173296842
2021-07-30,-0.001164732472595,,,,,,-0.0016517332708462,-0.001164732472595,-0.0016518535731779,-0.0011647689494146,-0.0011648327399801,-0.0012943620250729195
2021-08-02,-0.0002054945491742,,,,,,-0.0002054945491742,-0.0002054945491742,-0.0002054113267238,-0.0002054519467687,-0.0002054859771984,0.00024027543677364083
2021-08-03,0.0017160860730608,,,,,,0.0017160860730608,0.0017160860730608,0.0017160429543408,0.0017161104535353,0.0017161721915289,0.003750361807948367
2021-08-04,-0.0022198811907495,,,,,,-0.0022198811907495,-0.0004932296225329,-0.0022198121584978,-0.0022197900340988,-0.002219837783596,-0.002518587419359405
2021-08-05,0.0014680842591889,,,,,,0.0014680842591889,0.0,0.00146802890676,0.0014680727171661,0.0014680076532958,0.001767660617668311
2021-08-06,-0.005682540937469,,,,,,-0.005682540937469,0.0,-0.0056825640023409,-0.0056826726156054,-0.0056825839660033,-0.0010747381108825965
2021-08-09,-0.0043111533700725,,,,,,-0.0043111533700725,0.0,-0.0043109213350843,-0.0043110356838463,-0.0043109957664009,-0.000955758854747982
2021-08-10,-0.0005092805197749,,,,,,-0.0003805516323725,0.0,-0.0005092797722065,-0.0003806761896172,-0.0003807023864544,1.470949979844605e-05
2021-08-11,0.0,,,,,,0.0029430667074015,0.0,0.0,0.0029431939230254,0.0029430777298953,0.0013307364906611416
2021-08-12,0.0,,,,,,-0.0005168497836701,0.0,0.0,-0.0005168504323755,-0.0005168504574499,0.0010003589765295317
2021-08-13,0.0,,,,,,0.0,0.0,0.0,0.0,0.0,0.0022886640485864913
2021-08-16,0.0,,,,,,0.0,0.0,0.0,0.0,0.0,0.0015830412707799758
2021-08-17,0.0,,,,,,0.0,0.0,0.0,0.0,0.0,-0.002974009540288954
2021-08-18,0.0,,,,,,0.0,0.0,0.0,0.0,0.0,-0.00476913114824573
2021-08-19,0.0,,,,,,0.0,0.0,0.0,0.0,0.0,0.0013631051320211786
2021-08-20,0.0,,,,,,0.0,0.0,0.0,0.0,0.0,0.003058369117996305
2021-08-23,0.0,,,,,,0.0,0.0,0.0,0.0,0.0,0.00354033416621525
2021-08-24,0.0016996600965795,,,,,,0.0,0.0,0.0,0.0,0.0,-6.549811663508127e-05
2021-08-25,-0.0006885913086238,,,,,,0.0,-0.0011973671654744,0.0,0.0,0.0,-0.00018436604825504047
2021-08-26,-0.0021659810179089,,,,,,0.0,-0.0021659810179089,0.0,-0.0026741960711723,0.0,-0.0026018022382391726
2021-08-27,0.0072114936968185,,,,,,0.0,0.0072114936968185,0.0,0.0072115046327416,0.0,0.004656335417084129
2021-08-30,0.0021354991898597,,,,,,0.0,0.0021354991898597,0.0,0.0021354326436702,0.0016279404700025,0.002553616555859542
2021-08-31,-0.0005368984235498,,,,,,-0.0010473721753243,-0.0005368984235498,-0.001047143813198,-0.0005367875371753,-0.0005368824126623,-0.0011326297438435165
2021-09-01,0.0025572680260939,,,,,,0.0025572680260939,0.0025572680260939,0.0025570979799288,0.0025571403810866,0.0025572848946263,0.0007853139049746644
2021-09-02,0.0015991526326713,,,,,,0.0015991526326713,0.0015991526326713,0.0015992294954979,0.0015992356051732,0.0015991441805777,0.0019237505535330238
2021-09-03,0.0004453151796429,,,,,,0.0004453151796429,-0.0005170622231173,0.0004453005359445,0.0004453553510612,0.0004453981991636,-0.0006784393552341146
2021-09-07,-0.0040743938230468,,,,,,-0.0040743938230468,0.0,-0.0040744319366253,-0.0040746181708941,-0.0040745933235888,-0.003344995091907296
2021-09-08,-7.38570173661407e-05,,,,,,-7.38570173661407e-05,0.0,-7.380033026612455e-05,-7.379753049022905e-05,-7.367986781215986e-05,6.385430615886252e-05
2021-09-09,-0.0004047946366004,,,,,,-0.0004047946366004,0.0,-0.0004049719804544,-0.0004048259309603,-0.0004049609670496,-0.0010162112308321912
2021-09-10,-0.0005133707207186,,,,,,-0.0032092365173944,0.0,-0.0005133688850026,-0.0032091819214535,-0.0032091983191288,-0.004195522451226803
2021-09-13,0.0,,,,,,0.0030146542775885,0.0,0.0,0.00301464188627,0.0030146734698693,0.0014103276894829573
2021-09-14,0.0,,,,,,-0.0005106093704485,0.0,0.0,-0.0005106084549994,-0.0005106085321898,-0.001232125075628124
2021-09-15,0.0,,,,,,0.0,0.0,0.0,0.0,0.0,0.0029901362912770255
2021-09-16,0.0,,,,,,0.0,0.0,0.0,0.0,0.0,-0.0016075713882799077
2021-09-17,0.0,,,,,,0.0,0.0,0.0,0.0,0.0,-0.00481416494843428
2021-09-20,0.0,,,,,,0.0,0.0,0.0,0.0,0.0,-0.005553336088155641
2021-09-21,0.0,,,,,,0.0,0.0,0.0,0.0,0.0,-0.0006172756524444765
2021-09-22,0.0,,,,,,0.0,0.0,0.0,0.0,0.0,0.004357992383336908
2021-09-23,-0.0013349461983144,,,,,,0.0,0.0,0.0,0.0,0.0,0.002235670397447757
2021-09-24,-0.0025450730404042,,,,,,0.0,-0.003042759176456,0.0,0.0,0.0,-0.0001218923708933492
2021-09-27,0.000127828680603,,,,,,0.0,0.000127828680603,0.0,-0.0003764205943657,0.0,-0.0018208860002132308
2021-09-28,-0.00978980036047,,,,,,0.0,-0.00978980036047,0.0,-0.0097896636911822,0.0,-0.009599198778423397
2021-09-29,-0.0001940468039252,,,,,,0.0,-0.0001940468039252,0.0,-0.0001941458387917,-0.0006715555598333,0.001128216165030058
2021-09-30,-0.0004737833418707,,,,,,-0.0009634321395062,-0.0004737833418707,-0.0009635147682426,-0.000473774003224,-0.0004738180112148,-0.005091304376984912
2021-10-01,0.00548898969978,,,,,,0.00548898969978,0.00548898969978,0.0054890813191351,0.0054890824378608,0.0054889195882444,0.006868537761026716
2021-10-04,-0.0032448784449678,,,,,,-0.0032448784449678,-0.0032448784449678,-0.0032449580900933,-0.0032449602575106,-0.0032448834442486,-0.0060923068170531435
2021-10-05,0.001107468366486,,,,,,0.001107468366486,-0.0004892421862225,0.0011074862092039,0.0011074924521254,0.0011074484050092,0.0037916242442397395
2021-10-06,-1.5516573638847437e-05,,,,,,-1.5516573638847437e-05,0.0,-1.5528040118374562e-05,-1.5525274351065898e-05,-1.550496621159104e-05,0.0016510774858682544
2021-10-07,0.0017448110022451,,,,,,0.0017448110022451,0.0,0.0017446245985942,0.0017446896896105,0.0017446236622346,0.002435217413697184
2021-10-08,-0.0023953569986715,,,,,,-0.0023953569986715,0.0,-0.0023952449269849,-0.0023952523498544,-0.0023951566089051,-0.0013764911211325058
2021-10-11,-0.0004899321339565,,,,,,-0.0015406201053223,0.0,-0.0004899317949434,-0.0015406123943854,-0.0015405192972125,-0.0037256753008177716
2021-10-12,0.0,,,,,,0.0032422729023416,0.0,0.0,0.003242361750096,0.0032422739367899,0.00023371424929232332
2021-10-13,0.0,,,,,,-0.0004914631444449,0.0,0.0,-0.0004914631011136,-0.0004914632943973,0.001956258050601038
2021-10-14,0.0,,,,,,0.0,0.0,0.0,0.0,0.0,0.007768732958038953
2021-10-15,0.0,,,,,,0.0,0.0,0.0,0.0,0.0,0.0018788685544608103
2021-10-18,0.0,,,,,,0.0,0.0,0.0,0.0,0.0,0.0008071367678442284
2021-10-19,0.0,,,,,,0.0,0.0,0.0,0.0,0.0,0.0022324971852209184
2021-10-20,0.0,,,,,,0.0,0.0,0.0,0.0,0.0,0.0015686952679987928
2021-10-21,0.0,,,,,,0.0,0.0,0.0,0.0,0.0,0.00029908200429068797
2021-10-22,0.0011715285427184,,,,,,0.0,0.0,0.0,0.0,0.0,0.00021435539941013556
2021-10-25,0.0027087564439258,,,,,,0.0,0.0022102190747668,0.0,0.0,0.0,0.002582121009994842
2021-10-26,0.0008460939089243,,,,,,0.0,0.0008460939089243,0.0,0.0003460912271941,0.0,0.0007250337790452115
2021-10-27,-0.0010055827093494,,,,,,0.0,-0.0010055827093494,0.0,-0.001005676418034,0.0,-0.00043338762840190996
2021-10-28,0.0024524731655339,,,,,,0.0,0.0024524731655339,0.0,0.0024524911213224,0.0019594853900174,0.0033151416708512224
2021-10-29,-0.0012447536385452,,,,,,-0.001738531118891,-0.0012447536385452,-0.001738488901393,-0.0012447342189207,-0.0012447845439217,0.0009305430423425228
2021-11-01,0.0021558214416492,,,,,,0.0021558214416492,0.0021558214416492,0.0021558771868945,0.002155893318188,0.0021559378404904,0.0009856883943018242
2021-11-02,0.0013488038449409,,,,,,0.0013488038449409,0.0013488038449409,0.0013488718186798,0.0013488029627188,0.0013489658717075,0.0026598258935516773
2021-11-03,-0.0013170944283497,,,,,,-0.0013170944283497,-0.0005012353830654,-0.0013172898823799,-0.0013172294328481,-0.0013174260126895,0.0017194368304324543
2021-11-04,0.0035735313833477,,,,,,0.0035735313833477,0.0,0.0035736162127463,0.003573531756429,0.0035736603382853,0.0040866274363593885
2021-11-05,0.0061479281908454,,,,,,0.0061479281908454,0.0,0.0061479683173528,0.0061479819854693,0.0061480172717661,0.002945526366623377
2021-11-08,0.0001107754741862,,,,,,0.0001107754741862,0.0,0.0001106853626177,0.0001107037326885,0.0001107482132336,-0.0008394096737995586
2021-11-09,-0.000496260270025,,,,,,0.0013590486396259,0.0,-0.000496260021902,0.0013591165341065,0.001359042854139,-0.00016462509538604466
2021-11-10,0.0,,,,,,-0.005522051885528,0.0,0.0,-0.0055220576953348,-0.0055221315753898,-0.0056988194812645845
2021-11-11,0.0,,,,,,-0.0004986766297753,0.0,0.0,-0.0004986760184579,-0.0004986773127947,-0.0006876244313721024
2021-11-12,0.0,,,,,,0.0,0.0,0.0,0.0,0.0,0.003749468871949988
2021-11-15,0.0,,,,,,0.0,0.0,0.0,0.0,0.0,-0.0009771838387737043
2021-11-16,0.0,,,,,,0.0,0.0,0.0,0.0,0.0,0.001478153434012702
2021-11-17,0.0,,,,,,0.0,0.0,0.0,0.0,0.0,-7.830504000463188e-05
2021-11-18,0.0,,,,,,0.0,0.0,0.0,0.0,0.0,0.001554348814967591
2021-11-19,0.0,,,,,,0.0,0.0,0.0,0.0,0.0,1.8217805550669405e-05
2021-11-22,-0.0055712105518486,,,,,,0.0,0.0,0.0,0.0,0.0,-0.003230156152003926
2021-11-23,-0.0013039853159007,,,,,,0.0,-0.0017895724707485,0.0,0.0,0.0,-0.0006082279520973956
2021-11-24,0.0020167123159926,,,,,,0.0,0.0020167123159926,0.0,0.0015306074064011,0.0,0.0018319270905846757
2021-11-26,-0.0130404829047472,,,,,,0.0,-0.0130404829047472,0.0,-0.0130404956645385,0.0,-0.006140884579448051
2021-11-29,0.0028268396618446,,,,,,0.0,0.0028268396618446,0.0,0.0028268928938549,0.0024026632447371,0.004344866852513612
2021-11-30,-0.0057859844664938,,,,,,-0.0062383193804408,-0.0057859844664938,-0.0062383086804766,-0.005786022524429,-0.0057860890634596,-0.006507205419936157
2021-12-01,-0.0033193068534261,,,,,,-0.0033193068534261,-0.0033193068534261,-0.0033194155075941,-0.0033193486522782,-0.0033193905449882,-0.0046246062147191356
2021-12-02,0.0063470302305095,,,,,,0.0063470302305095,0.0063470302305095,0.0063470168861527,0.0063470389106564,0.0063471074417869,0.00668892628604499
2021-12-03,-0.0003639300613093,,,,,,-0.0003639300613093,-0.0004501664389261,-0.0003638898306207,-0.0003639074759957,-0.0003638740733871,-0.001993221923201743
2021-12-06,0.0035913803916454,,,,,,0.0035913803916454,0.0,0.0035915005033876,0.0035913880059291,0.0035913524261139,0.004032019750079508
2021-12-07,0.0066391996691435,,,,,,0.0066391996691435,0.0,0.0066392466324994,0.0066392397011998,0.0066391962037906,0.0075536670014760094
2021-12-08,-0.0005178426068923,,,,,,-0.0005178426068923,0.0,-0.000517949983759,-0.0005179331280617,-0.0005178711554562,0.0002563768433504054
2021-12-09,-0.000437531253064,,,,,,-0.0045209326160385,0.0,-0.0004375307961697,-0.0045208327124687,-0.0045208199539434,-0.002220835011730586
2021-12-10,0.0,,,,,,0.0024586594041849,0.0,0.0,0.0024587423444558,0.0024586212441864,0.00414490106615887
2021-12-13,0.0,,,,,,-0.000434278309857,0.0,0.0,-0.0004342784638651,-0.0004342786242839,-0.002451089661563876
2021-12-14,0.0,,,,,,0.0,0.0,0.0,0.0,0.0,-0.003376369925025928
2021-12-15,0.0,,,,,,0.0,0.0,0.0,0.0,0.0,0.006151036685775768
2021-12-16,0.0,,,,,,0.0,0.0,0.0,0.0,0.0,-0.002888603063561814
2021-12-17,0.0,,,,,,0.0,0.0,0.0,0.0,0.0,-0.003841062927270013
2021-12-20,0.0,,,,,,0.0,0.0,0.0,0.0,0.0,-0.004707452972097783
2021-12-21,0.0,,,,,,0.0,0.0,0.0,0.0,0.0,0.0062307779391979025
2021-12-22,0.0,,,,,,0.0,0.0,0.0,0.0,0.0,0.00452314751559088
2021-12-23,0.0010148531326613,,,,,,0.0,0.0,0.0,0.0,0.0,0.002025318509210822
2021-12-27,0.0047133266331124,,,,,,0.0,0.004271233071888,0.0,0.0,0.0,0.00614419057457004
2021-12-28,-0.0009590476740033,,,,,,0.0,-0.0009590476740033,0.0,-0.0014039754137489,0.0,-0.00041416869829609014
2021-12-29,-0.0019630546767949,,,,,,0.0,-0.0019630546767949,0.0,-0.0019631836479722,0.0,-0.000868876549202283
2021-12-30,0.0021974108596323,,,,,,0.0,0.0021974108596323,0.0,0.0021974195506676,0.0017498158535469,-0.00023007790719787208
2021-12-31,-0.001020662735667,,,,,,-0.001471584422175,-0.001020662735667,-0.0014715667407313,-0.0010205955345584,-0.0010207051676392,-0.0013607652876982158
2022-01-03,-0.0022413143440017,,,,,,-0.0022413143440017,-0.0022413143440017,-0.0022412854324387,-0.0022412310567204,-0.0022412866360328,-0.0006271813521348886
2022-01-04,0.0004393512856936,,,,,,0.0004393512856936,0.0004393512856936,0.0004393146875275,0.0004393021570631,0.0004394499855274,-0.00023161672976251
2022-01-05,-0.0088272257196948,,,,,,-0.0088272257196948,-0.0004451200840795,-0.0088271765041957,-0.0088272512694409,-0.0088272684473604,-0.010572910582650433
2022-01-06,-0.0008262168599126,,,,,,-0.0008262168599126,0.0,-0.0008262902933898,-0.0008261417375891,-0.0008262112716085,-0.0011986587281866217
2022-01-07,-0.0022072611810212,,,,,,-0.0022072611810212,0.0,-0.0022071742651038,-0.0022072474257317,-0.0022073193883145,-0.0025374606821337827
2022-01-10,-0.0003989335640034,,,,,,-0.0003989335640034,0.0,-0.0003991235703187,-0.0003990186253607,-0.0003989090501693,-0.0005798689620026849
2022-01-11,-0.0004419963058449,,,,,,0.0063621142673943,0.0,-0.0004419966855149,0.0063620687422871,0.0063620713149108,0.004414767136556271
2022-01-12,0.0,,,,,,0.0018688038535993,0.0,0.0,0.0018688339076148,0.0018688952884548,0.0011698353207113827
2022-01-13,0.0,,,,,,-0.0004426809973544,0.0,0.0,-0.0004426808978169,-0.0004426817090527,-0.004924613681580604
2022-01-14,0.0,,,,,,0.0,0.0,0.0,0.0,0.0,-0.001756065373634268
2022-01-18,0.0,,,,,,0.0,0.0,0.0,0.0,0.0,-0.00927294750632378
2022-01-19,0.0,,,,,,0.0,0.0,0.0,0.0,0.0,-0.0036928813305509784
2022-01-20,0.0,,,,,,0.0,0.0,0.0,0.0,0.0,-0.004022711834950216
2022-01-21,0.0,,,,,,0.0,0.0,0.0,0.0,0.0,-0.006547780076010364
2022-01-24,-0.0013083240829719,,,,,,0.0,0.0,0.0,0.0,0.0,0.001415027091294933
2022-01-25,-0.0023751670986749,,,,,,0.0,-0.0027968235689079,0.0,0.0,0.0,-0.005504454558832259
2022-01-26,-0.0046927671673075,,,,,,0.0,-0.0046927671673075,0.0,-0.0051170403557416,0.0,-0.0030289793200496047
2022-01-27,-0.0023351636345732,,,,,,0.0,-0.0023351636345732,0.0,-0.0023350952834672,0.0,-0.0006562919143904929
2022-01-28,0.0043366340093742,,,,,,0.0,0.0043366340093742,0.0,0.0043366165399058,0.0039207999431598,0.010723464242047134
2022-01-31,0.0048964883131966,,,,,,0.0044826339063145,0.0048964883131966,0.0044826210721013,0.0048965053687778,0.0048965963209795,0.0075738529763628056
2022-02-01,0.0018539567022097,,,,,,0.0018539567022097,0.0018539567022097,0.0018540412775156,0.0018539915915465,0.0018539509198062,0.002698664422985756
2022-02-02,0.0015703877841999,,,,,,0.0015703877841999,0.0015703877841999,0.0015702448553047,0.0015703068705472,0.0015702433645073,0.004908589607813442
2022-02-03,-0.007471596153866,,,,,,-0.007471596153866,-0.0004162348943183,-0.0074714537242634,-0.0074715627126786,-0.0074715180741632,-0.012176972637406842
2022-02-04,-0.0015268104673367,,,,,,-0.0015268104673367,0.0,-0.0015269076509713,-0.0015267404283521,-0.0015267607871419,-0.00010725197801983007
2022-02-07,0.0010937946234338,,,,,,0.0010937946234338,0.0,0.0010938000585597,0.0010937051076553,0.0010937830451913,-0.0013625426076953808
2022-02-08,0.0004371572878403,,,,,,0.0004371572878403,0.0,0.0004370706961312,0.0004370975109102,0.000437090863,0.002506274307687481
2022-02-09,-0.0004190296083933,,,,,,0.0057240490291205,0.0,-0.0004190309853696,0.0057241569320066,0.0057241258967493,0.006323628253521124
2022-02-10,0.0,,,,,,-0.0083327891565357,0.0,0.0,-0.0083326958389535,-0.0083328094607863,-0.0101751990339394
2022-02-11,0.0,,,,,,-0.0004152482773098,0.0,0.0,-0.000415246542627,-0.0004152478589855,-0.00569537937264797
2022-02-14,0.0,,,,,,0.0,0.0,0.0,0.0,0.0,-0.003253875566670061
2022-02-15,0.0,,,,,,0.0,0.0,0.0,0.0,0.0,0.005712670442481612
2022-02-16,0.0,,,,,,0.0,0.0,0.0,0.0,0.0,0.000982148207099046
2022-02-17,0.0,,,,,,0.0,0.0,0.0,0.0,0.0,-0.007374584404688041
2022-02-18,-6.189225074114066e-05,,,,,,0.0,0.0,0.0,0.0,0.0,-0.0018169194851483461
2022-02-22,-0.0012113298393568,,,,,,0.0,-0.0016040415744521,0.0,0.0,0.0,-0.004536771020296049
2022-02-23,-0.0035736674444008,,,,,,0.0,-0.0035736674444008,0.0,-0.0039671080989444,0.0,-0.008519442831162483
2022-02-24,0.0029323646778785,,,,,,0.0,0.0029323646778785,0.0,0.00293230151335,0.0,0.006684186037829166
2022-02-25,0.0037636184090435,,,,,,0.0,0.0037636184090435,0.0,0.0037635005027454,0.0033584949052527,0.008797500723300383
2022-02-28,0.0040739410166525,,,,,,0.0036692111803323,0.0040739410166525,0.0036692814891947,0.0040738887399183,0.0040739225781796,0.002098246266183068
2022-03-01,0.0053931472552892,,,,,,0.0053931472552892,0.0053931472552892,0.0053931924297571,0.0053931475458681,0.0053931979049443,-0.00223185823771181
2022-03-02,0.0006924227441455,,,,,,0.0006924227441455,0.0006924227441455,0.0006923540633188,0.0006924739508399,0.0006923724776597,0.003771335508797217
2022-03-03,-0.0002713673080696,,,,,,-0.0002713673080696,-0.0003972585196287,-0.0002713700818236,-0.0002713115303116,-0.0002713328605112,-0.0009216843694181848
2022-03-04,0.0036193996692349,,,,,,0.0036193996692349,0.0,0.0036194332117701,0.0036194124290089,0.0036193905303878,0.0005537538711290651
2022-03-07,-0.0051924909647442,,,,,,-0.0051924909647442,0.0,-0.0051925734521874,-0.0051925775208132,-0.0051925620347342,-0.012763649359730582
2022-03-08,0.0018275342720923,,,,,,0.0018275342720923,0.0,0.0018275718457284,0.0018275530110415,0.0018276379052638,-0.004360890889795871
2022-03-09,-0.0003735892138704,,,,,,-0.0031436154606455,0.0,-0.0003735898990516,-0.0031436868119494,-0.0031437131423588,0.007943667511658864
2022-03-10,0.0,,,,,,-0.0038029072643906,0.0,0.0,-0.0038028854441052,-0.0038029288722103,-0.0032105149502880343
2022-03-11,0.0,,,,,,-0.0003515898786912,0.0,0.0,-0.000351589946317,-0.000351589188702,-0.005336127009634639
2022-03-14,0.0,,,,,,0.0,0.0,0.0,0.0,0.0,-0.006163065135468504
2022-03-15,0.0,,,,,,0.0,0.0,0.0,0.0,0.0,0.008803537300599082
2022-03-16,0.0,,,,,,0.0,0.0,0.0,0.0,0.0,0.00887174476508033
2022-03-17,0.0,,,,,,0.0,0.0,0.0,0.0,0.0,0.0047353037359922825
2022-03-18,0.0,,,,,,0.0,0.0,0.0,0.0,0.0,0.005388730065390799
2022-03-21,0.0,,,,,,0.0,0.0,0.0,0.0,0.0,-0.0037741474271702643
2022-03-22,0.0,,,,,,0.0,0.0,0.0,0.0,0.0,0.0035049189846455674
2022-03-23,0.0,,,,,,0.0,0.0,0.0,0.0,0.0,-0.0037227892657540397
2022-03-24,0.0013116894598111,,,,,,0.0,0.0,0.0,0.0,0.0,0.0047640633786046735
2022-03-25,-0.0018620550403539,,,,,,0.0,-0.0021762143308395,0.0,0.0,0.0,-0.0008226364101936626
2022-03-28,-0.0008961163364092,,,,,,0.0,-0.0008961163364092,0.0,-0.0012082377534049,0.0,0.003543005002451565
2022-03-29,0.0054102332396615,,,,,,0.0,0.0054102332396615,0.0,0.0054102239553545,0.0,0.006583369331661827
2022-03-30,-0.0003517501030521,,,,,,0.0,-0.0003517501030521,0.0,-0.0003517512027818,-0.0006525112268061,-0.0014928419465138163
2022-03-31,-0.0031089950684962,,,,,,-0.003414705855784,-0.0031089950684962,-0.0034147085383048,-0.0031090170420765,-0.0031090044182555,-0.005942296193549095
2022-04-01,0.0013718889422823,,,,,,0.0013718889422823,0.0013718889422823,0.0013719293490793,0.0013719278417376,0.001371902466974,-0.00047283241446943215
2022-04-04,0.0030115753992379,,,,,,0.0030115753992379,0.0030115753992379,0.0030115980061761,0.0030115617890268,0.0030115956435459,0.003865969840066538
2022-04-05,-0.0068124738638866,,,,,,-0.0068124738638866,-0.000308235072691,-0.0068125080584858,-0.0068124726487069,-0.0068124396798115,-0.009663469993149338
2022-04-06,-0.0028616082051969,,,,,,-0.0028616082051969,0.0,-0.0028615939094474,-0.0028616053298849,-0.0028616115239404,-0.005576939664657124
2022-04-07,-0.0005802751482098,,,,,,-0.0005802751482098,0.0,-0.0005803248327409,-0.0005802665621103,-0.0005802922569835,0.0014687842713631035
2022-04-08,-0.0012964305924734,,,,,,-0.0012964305924734,0.0,-0.0012964199637997,-0.0012964758196232,-0.0012964577621283,-0.0023615817464185903
2022-04-11,-0.0003030976947371,,,,,,-0.0037614263922232,0.0,-0.0003030978630247,-0.0037613469511201,-0.0037613743130714,-0.008264655959542623
2022-04-12,0.0,,,,,,0.0027437133009313,0.0,0.0,0.0027436944749719,0.0027436584415356,-0.00020337262273525836
2022-04-13,0.0,,,,,,-0.0003035072505986,0.0,0.0,-0.0003035074530228,-0.0003035067145048,0.005344265643677432
2022-04-14,0.0,,,,,,0.0,0.0,0.0,0.0,0.0,-0.00776185508760961
2022-04-18,0.0,,,,,,0.0,0.0,0.0,0.0,0.0,-0.0004354388993320793
2022-04-19,0.0,,,,,,0.0,0.0,0.0,0.0,0.0,0.005068800591892131
2022-04-20,0.0,,,,,,0.0,0.0,0.0,0.0,0.0,0.001478044493412643
2022-04-21,0.0,,,,,,0.0,0.0,0.0,0.0,0.0,-0.007846488042939484
2022-04-22,-0.0053447792185585,,,,,,0.0,0.0,0.0,0.0,0.0,-0.011382533126993232
2022-04-25,0.0009214375348928,,,,,,0.0,0.0006264391377365,0.0,0.0,0.0,0.0041112542197138035
2022-04-26,-0.0028849403622906,,,,,,0.0,-0.0028849403622906,0.0,-0.0031787090115561,0.0,-0.010207639238541594
2022-04-27,-0.0013370726946393,,,,,,0.0,-0.0013370726946393,0.0,-0.0013369985639797,0.0,-0.0003116765598180573
2022-04-28,0.0050305469934587,,,,,,0.0,0.0050305469934587,0.0,0.0050305497793814,0.004735775980938,0.010047626965287219
2022-04-29,-0.0080119634346609,,,,,,-0.0083063739406546,-0.0080119634346609,-0.0083063594687574,-0.0080120300192464,-0.0080119722017398,-0.017081209320363076
2022-05-02,-0.0014913877067674,,,,,,-0.0014913877067674,-0.0014913877067674,-0.0014914203622481,-0.0014913523454441,-0.0014913891574791,8.803840723064235e-05
2022-05-03,0.0014596670635505,,,,,,0.0014596670635505,0.0014596670635505,0.0014596634973001,0.0014596694901185,0.0014597425002386,0.0023191558697960033
2022-05-04,0.0064812231783861,,,,,,0.0064812231783861,-0.0002922986790636,0.0064812504025462,0.0064812642278742,0.0064811813994011,0.015553817253281395
2022-05-05,-0.0091920339558959,,,,,,-0.0091920339558959,0.0,-0.0091920741864705,-0.0091921259088555,-0.0091920299111877,-0.01913207464758188
2022-05-06,-0.0030317295811422,,,,,,-0.0030317295811422,0.0,-0.0030317700382,-0.0030317202721568,-0.0030318256261394,-0.003947384033660911
2022-05-09,-0.0081731690500064,,,,,,-0.0081731690500064,0.0,-0.0081731302724358,-0.0081730866937651,-0.008173071556398,-0.010939651987162279
2022-05-10,-0.0002798694686234,,,,,,-6.495744854469329e-07,0.0,-0.0002798699348096,-6.613031972149206e-07,-6.800786349316709e-07,0.001950249091629157
2022-05-11,0.0,,,,,,0.0009197840953852,0.0,0.0,0.0009197195729124,0.0009198374501699,-0.005001312083233021
2022-05-12,0.0,,,,,,-0.0002787031514937,0.0,0.0,-0.0002787033690084,-0.0002787033377102,0.0005656495847935033
2022-05-13,0.0,,,,,,0.0,0.0,0.0,0.0,0.0,0.008041364427871974
2022-05-16,0.0,,,,,,0.0,0.0,0.0,0.0,0.0,-0.0005517914450663469
2022-05-17,0.0,,,,,,0.0,0.0,0.0,0.0,0.0,0.006491598052907416
2022-05-18,0.0,,,,,,0.0,0.0,0.0,0.0,0.0,-0.01485876391696365
2022-05-19,0.0,,,,,,0.0,0.0,0.0,0.0,0.0,-0.0015930295884931916
2022-05-20,0.0,,,,,,0.0,0.0,0.0,0.0,0.0,0.0014860219531486925
2022-05-23,0.0004191838254938,,,,,,0.0,0.0,0.0,0.0,0.0,0.006111375712912939
2022-05-24,0.001542655570015,,,,,,0.0,0.0012772496675445,0.0,0.0,0.0,-0.0007931485048136309
2022-05-25,0.0031736171452529,,,,,,0.0,0.0031736171452529,0.0,0.0029076604488875,0.0,0.004235486360406442
2022-05-26,0.0029308268350463,,,,,,0.0,0.0029308268350463,0.0,0.0029308986554913,0.0,0.008256692279036224
2022-05-27,0.0043524347215796,,,,,,0.0,0.0043524347215796,0.0,0.0043523954910065,0.0040857684226239,0.010746753184710345
2022-05-31,-0.0040399014294661,,,,,,-0.0043089814906955,-0.0040399014294661,-0.0043089523032089,-0.0040398509051555,-0.0040398301462784,-0.005300696039417473
2022-06-01,-0.0006612706165545,,,,,,-0.0006612706165545,-0.0006612706165545,-0.0006612286581783,-0.0006613091298293,-0.0006613328012116,-0.005113283468190402
2022-06-02,0.0043410886596412,,,,,,0.0043410886596412,0.0043410886596412,0.0043410320217751,0.0043411202922169,0.0043410907830644,0.009095123197708851
2022-06-03,-0.0030755350105382,,,,,,-0.0030755350105382,-0.000275469713014,-0.0030755420962158,-0.0030755826665396,-0.0030755351739876,-0.007825497844752371
2022-06-06,-0.0014818023282464,,,,,,-0.0014818023282464,0.0,-0.001481825557704,-0.0014817258541767,-0.0014818335863052,-0.0010551468274428671
2022-06-07,0.0032136700896626,,,,,,0.0032136700896626,0.0,0.0032137280626774,0.0032136368741837,0.0032136541146722,0.005136629382365722
2022-06-08,-0.0025420219649218,,,,,,-0.0025420219649218,0.0,-0.002542084910037,-0.0025420202767214,-0.0025419939346458,-0.005532143367464121
2022-06-09,-0.0002836534287547,,,,,,-0.0043222414248695,0.0,-0.0002836534504998,-0.0043222193553296,-0.0043222259685286,-0.010251094274051848
2022-06-10,0.0,,,,,,-0.0047418623441462,0.0,0.0,-0.0047419169500771,-0.0047419620695104,-0.014968412281224173
2022-06-13,0.0,,,,,,-0.0002877082403239,0.0,0.0,-0.0002877082509011,-0.0002877088459599,-0.020071909517442567
2022-06-14,0.0,,,,,,0.0,0.0,0.0,0.0,0.0,-0.003273919976287797
2022-06-15,0.0,,,,,,0.0,0.0,0.0,0.0,0.0,0.009150851997789462
2022-06-16,0.0,,,,,,0.0,0.0,0.0,0.0,0.0,-0.012097331518182071
2022-06-17,0.0,,,,,,0.0,0.0,0.0,0.0,0.0,0.000906713709770121
2022-06-21,0.0,,,,,,0.0,0.0,0.0,0.0,0.0,0.009046185206370435
2022-06-22,0.0,,,,,,0.0,0.0,0.0,0.0,0.0,0.002775802371729337
2022-06-23,0.0006721012936139,,,,,,0.0,0.0,0.0,0.0,0.0,0.0056980117429153146
2022-06-24,0.0044627908071303,,,,,,0.0,0.0041968062645815,0.0,0.0,0.0,0.01236044146263727
2022-06-27,-0.0016359724360446,,,,,,0.0,-0.0016359724360446,0.0,-0.0019024871934009,0.0,-0.0031821204847802707
2022-06-28,-0.0016679916434088,,,,,,0.0,-0.0016679916434088,0.0,-0.0016680041997164,0.0,-0.008219900898678158
2022-06-29,0.0002111697390904,,,,,,0.0,0.0002111697390904,0.0,0.0002111709493767,-5.7151545484021256e-05,0.001909903777566846
2022-06-30,-0.0026267014069135,,,,,,-0.0028939377770566,-0.0026267014069135,-0.0028939394847302,-0.0026266974059801,-0.0026266635848342,-0.001260767827143927
2022-07-01,0.003235543159417,,,,,,0.003235543159417,0.003235543159417,0.0032355908277346,0.0032355747512856,0.0032355520686254,0.007957987022359364
2022-07-05,-0.0039810018494735,,,,,,-0.0039810018494735,-0.0039810018494735,-0.0039810742904922,-0.0039809871261672,-0.0039810381796798,0.0015043602516586316
2022-07-06,-0.0027337212947034,,,,,,-0.0027337212947034,-0.0002693119576763,-0.0027337278735682,-0.0027337249869901,-0.0027337266625424,-0.0012094047436155713
2022-07-07,0.0041251865359383,,,,,,0.0041251865359383,0.0,0.0041252664304262,0.0041252199824506,0.0041252501607919,0.005177183922657711
2022-07-08,-5.6136930927984736e-05,,,,,,-5.6136930927984736e-05,0.0,-5.618685485182241e-05,-5.61497978104203e-05,-5.6151905113518895e-05,-0.0020982227991166525
2022-07-11,-0.0011572927358607,,,,,,-0.0011572927358607,0.0,-0.0011572923320329,-0.001157294490202,-0.0011572860193295,-0.0025964964040133846
2022-07-12,-0.0002616087362188,,,,,,-0.00261141309887,0.0,-0.0002616086241912,-0.0026114146783632,-0.0026114278057601,-0.0030036206560287667
2022-07-13,0.0,,,,,,0.0012729719641834,0.0,0.0,0.00127298809261,0.0012729528842906,-0.001089867677979955
2022-07-14,0.0,,,,,,-0.0002607231186386,0.0,0.0,-0.000260722826677,-0.00026072323913,-0.002479265503472636
2022-07-15,0.0,,,,,,0.0,0.0,0.0,0.0,0.0,0.008787925568644097
2022-07-18,0.0,,,,,,0.0,0.0,0.0,0.0,0.0,-0.004303805994884631
2022-07-19,0.0,,,,,,0.0,0.0,0.0,0.0,0.0,0.010060017487503667
2022-07-20,0.0,,,,,,0.0,0.0,0.0,0.0,0.0,0.0024021052127433636
2022-07-21,0.0,,,,,,0.0,0.0,0.0,0.0,0.0,0.007361453263702334
2022-07-22,-0.0005212461348233,,,,,,0.0,0.0,0.0,0.0,0.0,-0.0006938670835005
2022-07-25,-0.0003372400009242,,,,,,0.0,-0.0005946806851602,0.0,0.0,0.0,-0.00048380481818206973
2022-07-26,-0.0010102442704586,,,,,,0.0,-0.0010102442704586,0.0,-0.0012697802850935,0.0,-0.004903400822646659
2022-07-27,0.0056000271351093,,,,,,0.0,0.0056000271351093,0.0,0.0056000090782178,0.0,0.011469928334213803
2022-07-28,0.0052160098300797,,,,,,0.0,0.0052160098300797,0.0,0.0052159699857684,0.0049585481037219,0.008038178609623147
2022-07-29,0.0018969865406288,,,,,,0.0016393072400507,0.0018969865406288,0.0016393130165792,0.0018970549225565,0.0018970403126071,0.006229637300401314
2022-08-01,-0.0001400177162699,,,,,,-0.0001400177162699,-0.0001400177162699,-0.0001400541387493,-0.0001401293471583,-0.0001401029803092,0.00033388703331429533
2022-08-02,-0.0038306769291341,,,,,,-0.0038306769291341,-0.0038306769291341,-0.0038306478243937,-0.003830626343809,-0.003830661223798,-0.007216706876047148
2022-08-03,0.0032749730872439,,,,,,0.0032749730872439,-0.0002622316230578,0.0032750286819421,0.0032750066139689,0.0032750518797524,0.008224363191619228
2022-08-04,0.0007117274886085,,,,,,0.0007117274886085,0.0,0.0007117168138217,0.0007117385738239,0.0007117155499728,0.0012421942104417004
2022-08-05,-0.0032224003328246,,,,,,-0.0032224003328246,0.0,-0.0032224258214294,-0.0032224514201543,-0.0032223738591622,-0.0048007428397989675
2022-08-08,0.003585797533814,,,,,,0.003585797533814,0.0,0.0035858004350107,0.0035858055985282,0.0035857156544475,0.0011601910133730738
2022-08-09,-0.0002671385714644,,,,,,-0.0015527719787197,0.0,-0.000267138456573,-0.00155275466866,-0.0015527443068456,-0.002500988904688788
2022-08-10,0.0,,,,,,0.0039604077046118,0.0,0.0,0.0039604121631576,0.0039604345736216,0.0089834515332143
2022-08-11,0.0,,,,,,-0.0002690613757368,0.0,0.0,-0.0002690612543085,-0.0002690614702669,-0.0018586860612030032
2022-08-12,0.0,,,,,,0.0,0.0,0.0,0.0,0.0,0.008221984015366253
2022-08-15,0.0,,,,,,0.0,0.0,0.0,0.0,0.0,0.0026221147881613496
2022-08-16,0.0,,,,,,0.0,0.0,0.0,0.0,0.0,0.0004995962562840404
2022-08-17,0.0,,,,,,0.0,0.0,0.0,0.0,0.0,-0.004897594916145407
2022-08-18,0.0,,,,,,0.0,0.0,0.0,0.0,0.0,0.0017621852399094722
2022-08-19,0.0,,,,,,0.0,0.0,0.0,0.0,0.0,-0.008054778906223782
2022-08-22,0.0,,,,,,0.0,0.0,0.0,0.0,0.0,-0.009974891914944257
2022-08-23,0.0,,,,,,0.0,0.0,0.0,0.0,0.0,-0.001752975092049424
2022-08-24,0.0004299576172866,,,,,,0.0,0.0,0.0,0.0,0.0,0.000403797024913917
2022-08-25,0.0040729490596268,,,,,,0.0,0.0037986865388022,0.0,0.0,0.0,0.007723400353275384
2022-08-26,-0.0065548641207036,,,,,,0.0,-0.0065548641207036,0.0,-0.0068290023649406,0.0,-0.014545594014420142
2022-08-29,-0.0014351849745242,,,,,,0.0,-0.0014351849745242,0.0,-0.0014351512388115,0.0,-0.004369847872146697
2022-08-30,-0.0043789078012889,,,,,,0.0,-0.0043789078012889,0.0,-0.0043789204192813,-0.0046512779904277,-0.004693410224978602
2022-08-31,-0.0040801034810284,,,,,,-0.0043554288774463,-0.0040801034810284,-0.0043554348036485,-0.0040801522464299,-0.0040801204951389,-0.004275254895791044
2022-09-01,-0.0031418314031658,,,,,,-0.0031418314031658,-0.0031418314031658,-0.0031417999847156,-0.0031418202897422,-0.0031418590158875,-0.0013766118575858246
2022-09-02,-0.0001874558168116,,,,,,-0.0001874558168116,-0.0001874558168116,-0.0001874680732849,-0.0001874249035057,-0.0001874364487054,-0.0030186385236878346
2022-09-06,-0.003117641598612,,,,,,-0.003117641598612,-0.0002752553037778,-0.0031176614487528,-0.0031176526139049,-0.0031176661626875,-0.0051141188523146615
2022-09-07,0.0042084075467347,,,,,,0.0042084075467347,0.0,0.0042084282808582,0.0042084411405308,0.0042084258892504,0.00975364558334363
2022-09-08,6.34214828172166e-05,,,,,,6.34214828172166e-05,0.0,6.344747241585882e-05,6.339099129758784e-05,6.34195973469527e-05,0.0016221375133381943
2022-09-09,0.0052906100330422,,,,,,0.0052906100330422,0.0,0.0052905642610742,0.005290605967964,0.0052905869584096,0.006549999420952619
2022-09-12,-0.0002940157168432,,,,,,0.0035843490993836,0.0,-0.0002940154783742,0.0035843306105495,0.0035843661621237,0.0038398443198626397
2022-09-13,0.0,,,,,,-0.0097104782137192,0.0,0.0,-0.0097104506444735,-0.0097104730456315,-0.01985360944004703
2022-09-14,0.0,,,,,,-0.0002975771249753,0.0,0.0,-0.0002975769224345,-0.0002975769046887,0.0017417254224198514
2022-09-15,0.0,,,,,,0.0,0.0,0.0,0.0,0.0,-0.005730675554035678
2022-09-16,0.0,,,,,,0.0,0.0,0.0,0.0,0.0,-0.002974807349850616
2022-09-19,0.0,,,,,,0.0,0.0,0.0,0.0,0.0,0.002424565823795938
2022-09-20,0.0,,,,,,0.0,0.0,0.0,0.0,0.0,-0.00656246969408326
2022-09-21,0.0,,,,,,0.0,0.0,0.0,0.0,0.0,-0.006176570341687794
2022-09-22,0.0,,,,,,0.0,0.0,0.0,0.0,0.0,-0.007702144742301615
2022-09-23,-0.0073110601776909,,,,,,0.0,0.0,0.0,0.0,0.0,-0.006153768057246984
2022-09-26,-0.0074648645289959,,,,,,0.0,-0.0077493808237571,0.0,0.0,0.0,-0.00793951205863842
2022-09-27,-0.0023300288574528,,,,,,0.0,-0.0023300288574528,0.0,-0.0026120518888676,0.0,-0.0026366311759538907
2022-09-28,0.0105700176361924,,,,,,0.0,0.0105700176361924,0.0,0.0105699476882371,0.0,0.013360060667404389
2022-09-29,-0.0060506235032826,,,,,,0.0,-0.0060506235032826,0.0,-0.006050594358742,-0.0063205626054415,-0.010107377715906276
2022-09-30,-0.0024257850516994,,,,,,-0.0027019458201426,-0.0024257850516994,-0.0027018998876203,-0.0024257937321492,-0.0024258088169342,-0.007188717563066785
2022-10-03,0.0109545090269234,,,,,,0.0109545090269234,0.0109545090269234,0.01095447766906,0.0109545462171443,0.0109545120953337,0.015707896789523407
2022-10-04,0.0084066176366969,,,,,,0.0084066176366969,0.0084066176366969,0.0084066427131394,0.0084066002181646,0.0084066142967986,0.01484592518943266
2022-10-05,-0.0016973891304539,,,,,,-0.0016973891304539,-0.0002738647353893,-0.0016974312582903,-0.0016974158165164,-0.0016973606992303,-0.0038842576815239223
2022-10-06,-0.0018308082249164,,,,,,-0.0018308082249164,0.0,-0.0018307656429101,-0.0018307655515969,-0.0018307885983198,-0.006149584256406312
2022-10-07,-0.0060022211584107,,,,,,-0.0060022211584107,0.0,-0.0060022906166505,-0.0060023196737178,-0.006002278297404,-0.013130946491466256
2022-10-10,-0.0048221523749317,,,,,,-0.0048221523749317,0.0,-0.004822128393294,-0.0048220921150734,-0.0048221267535145,-0.004816712569240422
2022-10-11,-0.0002658675841794,,,,,,-0.0020864308262466,0.0,-0.0002658679680738,-0.0020864094901046,-0.0020864241894074,-0.001971348778249261
2022-10-12,0.0,,,,,,-0.0001827390878486,0.0,0.0,-0.0001827738520698,-0.0001827957910658,-0.00048284007730409266
2022-10-13,0.0,,,,,,-0.0002665185242224,0.0,0.0,-0.0002665188534054,-0.0002665185728355,0.00962553734888778
2022-10-14,0.0,,,,,,0.0,0.0,0.0,0.0,0.0,-0.01110492448115438
2022-10-17,0.0,,,,,,0.0,0.0,0.0,0.0,0.0,0.010636102942518454
2022-10-18,0.0,,,,,,0.0,0.0,0.0,0.0,0.0,0.005620216832142683
2022-10-19,0.0,,,,,,0.0,0.0,0.0,0.0,0.0,-0.005908431588305992
2022-10-20,0.0,,,,,,0.0,0.0,0.0,0.0,0.0,-0.005406990475506714
2022-10-21,0.0,,,,,,0.0,0.0,0.0,0.0,0.0,0.010886234662365598
2022-10-24,-0.0013339781563613,,,,,,0.0,0.0,0.0,0.0,0.0,0.004810853662307449
2022-10-25,0.0062174989537137,,,,,,0.0,0.0059525736512199,0.0,0.0,0.0,0.010014046994589812
2022-10-26,0.002180327618826,,,,,,0.0,0.002180327618826,0.0,0.0019227519484721,0.0,-0.0017422333240890368
2022-10-27,0.0009456559417563,,,,,,0.0,0.0009456559417563,0.0,0.0009456478911154,0.0,-0.00026080575202612954
2022-10-28,0.001353414454001,,,,,,0.0,0.001353414454001,0.0,0.0013534078430918,0.0010923371414022,0.008552759545786371
2022-10-31,-0.0028201961511197,,,,,,-0.0030805265068758,-0.0028201961511197,-0.0030804723838869,-0.0028201725448933,-0.0028202174656564,-0.004303274289422791
2022-11-01,0.0031718448853881,,,,,,0.0031718448853881,0.0031718448853881,0.0031717888168482,0.0031718007835599,0.0031717915559912,-0.0014518121757088548
2022-11-02,-0.0044177770890321,,,,,,-0.0044177770890321,-0.0044177770890321,-0.0044177847506227,-0.0044178020179736,-0.0044177393175279,-0.01167873583996291
2022-11-03,-0.0015643371376168,,,,,,-0.0015643371376168,-0.0002640952545837,-0.00156430592044,-0.0015643373920025,-0.0015643114784558,-0.005780165994040819
2022-11-04,0.007058368239657,,,,,,0.007058368239657,0.0,0.0070583613589312,0.0070583854976564,0.0070583284076909,0.006450330531385255
2022-11-07,-0.000978517048173,,,,,,-0.000978517048173,0.0,-0.0009785323684348,-0.0009785585201856,-0.0009785028660023,0.002986870456848935
2022-11-08,0.0023179272618429,,,,,,0.0023179272618429,0.0,0.002317908864912,0.0023179433353677,0.0023179419606643,0.00413088693535824
2022-11-09,-0.0002595443818764,,,,,,-0.0045787683348228,0.0,-0.0002595451308338,-0.0045787687599352,-0.0045787885878822,-0.007744025873441479
2022-11-10,0.0,,,,,,0.0157159599751051,0.0,0.0,0.0157159887567598,0.0157159952575817,0.029362513958313324
2022-11-11,0.0,,,,,,-0.0002565749091007,0.0,0.0,-0.0002565752852657,-0.0002565750547755,0.0034786798831659893
2022-11-14,0.0,,,,,,0.0,0.0,0.0,0.0,0.0,-0.004245513222947555
2022-11-15,0.0,,,,,,0.0,0.0,0.0,0.0,0.0,0.005610619245039579
2022-11-16,0.0,,,,,,0.0,0.0,0.0,0.0,0.0,-0.0011436057638704873
2022-11-17,0.0,,,,,,0.0,0.0,0.0,0.0,0.0,-0.0031877461006233365
2022-11-18,0.0,,,,,,0.0,0.0,0.0,0.0,0.0,0.0009202714694497203
2022-11-21,0.0,,,,,,0.0,0.0,0.0,0.0,0.0,-0.0017019961097617254
2022-11-22,0.0030992068501314,,,,,,0.0,0.0,0.0,0.0,0.0,0.007254946845452563
2022-11-23,0.001504934314137,,,,,,0.0,0.0012696309037905,0.0,0.0,0.0,0.00415351482421173
2022-11-25,-0.0005199971512778,,,,,,0.0,-0.0005199971512778,0.0,-0.0007541877220061,0.0,-0.00018037022293351026
2022-11-28,-0.0033959813219211,,,,,,0.0,-0.0033959813219211,0.0,-0.0033959718015815,0.0,-0.006586674401221756
2022-11-29,0.0015385409182072,,,,,,0.0,0.0015385409182072,0.0,0.0015385275436447,0.0013031878427021,-0.0019029488405186525
2022-11-30,0.0079547666333628,,,,,,0.0077188055261923,0.0079547666333628,0.0077188284236359,0.0079547537242074,0.007954771149341,0.015748312290490875
2022-12-01,0.0028761744227059,,,,,,0.0028761744227059,0.0028761744227059,0.0028762075557844,0.0028762365788813,0.0028762072524328,0.003248325537516139
2022-12-02,0.0003771494719791,,,,,,0.0003771494719791,0.0003771494719791,0.0003770752370346,0.0003771060318861,0.0003771349093433,0.00017603513107847208
2022-12-05,-0.0064040086733431,,,,,,-0.0064040086733431,-0.0002347795157133,-0.0064039995164368,-0.0064039958968724,-0.0064039979244691,-0.0114583922113742
2022-12-06,-0.00172195117607,,,,,,-0.00172195117607,0.0,-0.0017219510816726,-0.0017219722040054,-0.0017219863089857,-0.004593843775383609
2022-12-07,0.0016469933279568,,,,,,0.0016469933279568,0.0,0.0016470642183298,0.0016470223302966,0.0016470500035543,0.0017006133478556398
2022-12-08,0.000501492784021,,,,,,0.000501492784021,0.0,0.0005014856311847,0.0005015199925218,0.0005014800492221,0.0017085507097234038
2022-12-09,-0.0002376188142248,,,,,,-0.0016941635258713,0.0,-0.0002376193058652,-0.0016942250037668,-0.0016941767739456,-0.00521824913846064
2022-12-12,0.0,,,,,,0.0016054088748191,0.0,0.0,0.0016054480852781,0.0016054046887473,0.00564002488118332
2022-12-13,0.0,,,,,,-0.0002383502816224,0.0,0.0,-0.0002383503897313,-0.0002383502478047,0.005699725170087337
2022-12-14,0.0,,,,,,0.0,0.0,0.0,0.0,0.0,-0.0019229071902631687
2022-12-15,0.0,,,,,,0.0,0.0,0.0,0.0,0.0,-0.009900507171921508
2022-12-16,0.0,,,,,,0.0,0.0,0.0,0.0,0.0,-0.005672010981417463
2022-12-19,0.0,,,,,,0.0,0.0,0.0,0.0,0.0,-0.005832958757597543
2022-12-20,0.0,,,,,,0.0,0.0,0.0,0.0,0.0,-0.0014578256578156568
2022-12-21,0.0,,,,,,0.0,0.0,0.0,0.0,0.0,0.006593927559818868
2022-12-22,-0.0034629069293404,,,,,,0.0,0.0,0.0,0.0,0.0,-0.0060824513380899
2022-12-23,0.0010395802715555,,,,,,0.0,0.0007943808645595,0.0,0.0,0.0,0.0011483664842317461
2022-12-27,-0.0015791709288249,,,,,,0.0,-0.0015791709288249,0.0,-0.0018308339620467,0.0,-0.004000472513741913
2022-12-28,-0.0041915856363839,,,,,,0.0,-0.0041915856363839,0.0,-0.0041916003730004,0.0,-0.005890900398774739
2022-12-29,0.0048193496208769,,,,,,0.0,0.0048193496208769,0.0,0.0048193556221522,0.0045671635749901,0.008935025896237306
2022-12-30,-0.0011031734782968,,,,,,-0.0013595985928788,-0.0011031734782968,-0.001359559866874,-0.0011031639780572,-0.0011032051062444,-0.002270803139575257
2023-01-03,0.001168053111422,,,,,,0.001168053111422,0.001168053111422,0.0011680629508895,0.0011680632324224,0.001168082994304,0.0006081695329771088
2023-01-04,0.0027334344793692,,,,,,0.0027334344793692,0.0027334344793692,0.002733361369506,0.0027334003649361,0.002733359075813,0.0058556280817409065
2023-01-05,-0.0025086032209648,,,,,,-0.0025086032209648,-0.0002618461635614,-0.0025085728934333,-0.0025085666346839,-0.0025085776451712,-0.00564846490508561
2023-01-06,0.007477343982065,,,,,,0.007477343982065,0.0,0.0074773440524189,0.0074773033863954,0.0074772662479301,0.01435337911669194
2023-01-09,0.0014914331138156,,,,,,0.0014914331138156,0.0,0.0014915194577403,0.0014914379762443,0.0014915229149069,0.0004901709204598665
2023-01-10,0.0001282056343688,,,,,,0.0001282056343688,0.0,0.0001281184804641,0.0001281410452661,0.0001281630691704,0.0012269656355490192
2023-01-11,-0.000259624838193,,,,,,0.0049336325762615,0.0,-0.0002596251558827,0.0049336678338003,0.0049336149492964,0.007151457927110523
2023-01-12,0.0,,,,,,0.0042052755097024,0.0,0.0,0.004205348716862,0.0042053160289049,0.004151302984901117
2023-01-13,0.0,,,,,,-0.0002626207093805,0.0,0.0,-0.0002626205388075,-0.0002626205849475,0.00023141290267235235
2023-01-17,0.0,,,,,,0.0,0.0,0.0,0.0,0.0,-0.0017959045271920572
2023-01-18,0.0,,,,,,0.0,0.0,0.0,0.0,0.0,-0.0028604118102798547
2023-01-19,0.0,,,,,,0.0,0.0,0.0,0.0,0.0,-0.0036345235077825206
2023-01-20,0.0,,,,,,0.0,0.0,0.0,0.0,0.0,0.00594085614347458
2023-01-23,0.0,,,,,,0.0,0.0,0.0,0.0,0.0,0.004163993211219301
2023-01-24,0.0004780125592436,,,,,,0.0,0.0,0.0,0.0,0.0,0.0011564356375108676
2023-01-25,0.0006233143291084,,,,,,0.0,0.0003532624260975,0.0,0.0,0.0,0.0004945390164264623
2023-01-26,0.0013512096996115,,,,,,0.0,0.0013512096996115,0.0,0.001079958178816,0.0,0.0035877385380796312
2023-01-27,-0.0009926480291277,,,,,,0.0,-0.0009926480291277,0.0,-0.0009926445805238,0.0,0.0005238758045072565
2023-01-30,-0.0039500867971547,,,,,,0.0,-0.0039500867971547,0.0,-0.0039501280628215,-0.0042236575866896,-0.0063300553400859145
2023-01-31,0.0045816635830291,,,,,,0.0043078522014396,0.0045816635830291,0.0043078607068031,0.0045817111715819,0.0045817111678456,0.007588067815948941
2023-02-01,0.0030569011561918,,,,,,0.0030569011561918,0.0030569011561918,0.0030569430152603,0.0030569013678663,0.0030569383903283,0.007027061626640139
2023-02-02,0.0012108585230598,,,,,,0.0012108585230598,0.0012108585230598,0.001210834853469,0.0012108144808779,0.0012108207492388,0.006387833840634261
2023-02-03,-0.0074680691712168,,,,,,-0.0074680691712168,-0.0002764330334585,-0.0074680562687158,-0.0074680602275685,-0.0074680943236299,-0.008988819471093269
2023-02-06,-0.0025392130946768,,,,,,-0.0025392130946768,0.0,-0.0025392283290269,-0.0025392182001533,-0.002539219819917,-0.005377485191764929
2023-02-07,0.0022311869237461,,,,,,0.0022311869237461,0.0,0.0022311914884994,0.00223117425374,0.0022312037715983,0.004764053021180611
2023-02-08,-0.0007307279417991,,,,,,-0.0007307279417991,0.0,-0.0007307079857296,-0.0007307051497171,-0.0007307281764093,-0.0035589301165965853
2023-02-09,-0.0002790851117246,,,,,,-0.0039443593571058,0.0,-0.0002790847703352,-0.0039443804473818,-0.0039443447596369,-0.004899898550987113
2023-02-10,0.0,,,,,,-0.0006076099319024,0.0,0.0,-0.000607567380154,-0.0006075599462761,-0.0003705663056356068
2023-02-13,0.0,,,,,,-0.0003147246055235,0.0,0.0,-0.0003147243584388,-0.0003147243310595,0.005594550728021476
2023-02-14,0.0,,,,,,0.0,0.0,0.0,0.0,0.0,-0.0014609452213911324
2023-02-15,0.0,,,,,,0.0,0.0,0.0,0.0,0.0,0.0005247249538408292
2023-02-16,0.0,,,,,,0.0,0.0,0.0,0.0,0.0,-0.006711888935319527
2023-02-17,0.0,,,,,,0.0,0.0,0.0,0.0,0.0,-0.0002627992903222419
2023-02-21,-0.0074227094140886,,,,,,0.0,0.0,0.0,0.0,0.0,-0.011475186081120857
2023-02-22,-0.0010745474802731,,,,,,0.0,-0.0013856151037907,0.0,0.0,0.0,-7.959149272322995e-05
2023-02-23,0.0035776566018785,,,,,,0.0,0.0035776566018785,0.0,0.003262054335255,0.0,0.0033186947680933884
2023-02-24,-0.0052063834047213,,,,,,0.0,-0.0052063834047213,0.0,-0.0052063505942967,0.0,-0.006180068037536731
2023-02-27,0.0012775166006806,,,,,,0.0,0.0012775166006806,0.0,0.0012775242391325,0.000963596201529,0.0022823620182192525
2023-02-28,0.0005397556145687,,,,,,0.0002245817759897,0.0005397556145687,0.0002245146547018,0.000539718802143,0.0005397463210809,-0.0011130732208147064
2023-03-01,-0.0002557833498467,,,,,,-0.0002557833498467,-0.0002557833498467,-0.0002557082114877,-0.0002557730062975,-0.0002557818504583,-0.003935569150791974
2023-03-02,0.0010335166231419,,,,,,0.0010335166231419,0.0010335166231419,0.0010335158852743,0.00103350195051,0.0010335354289038,0.002269572911218424
2023-03-03,0.0076077403292541,,,,,,0.0076077403292541,-0.0003306658543311,0.0076077861774333,0.0076078253176987,0.0076077460156716,0.010131145635704188
2023-03-06,-0.0020383477097382,,,,,,-0.0020383477097382,0.0,-0.0020383582258268,-0.0020384269467037,-0.0020384024227206,-0.0005150143977612346
2023-03-07,-0.006553991146264,,,,,,-0.006553991146264,0.0,-0.006554079678667,-0.0065540077178198,-0.006553944859735,-0.006458524919442273
2023-03-08,2.7289896107957443e-05,,,,,,2.7289896107957443e-05,0.0,2.7334402853241627e-05,2.7363728867277303e-05,2.732471555844599e-05,0.0005970370346262887
2023-03-09,-0.0003309228553539,,,,,,-0.0043694429203814,0.0,-0.0003309225758135,-0.004369518237419,-0.0043695609393495,-0.006009481330707673
2023-03-10,0.0,,,,,,0.0017137847449824,0.0,0.0,0.0017138211979404,0.0017138545345001,-0.0009661684157650887
2023-03-13,0.0,,,,,,-0.0003298358095044,0.0,0.0,-0.0003298360993728,-0.000329836031314,0.0027931520527826954
2023-03-14,0.0,,,,,,0.0,0.0,0.0,0.0,0.0,0.004299362613941867
2023-03-15,0.0,,,,,,0.0,0.0,0.0,0.0,0.0,0.0015471145919501454
2023-03-16,0.0,,,,,,0.0,0.0,0.0,0.0,0.0,0.004831367982058749
2023-03-17,0.0,,,,,,0.0,0.0,0.0,0.0,0.0,-0.0016041835740941604
2023-03-20,0.0,,,,,,0.0,0.0,0.0,0.0,0.0,0.0028232323119047414
2023-03-21,0.0,,,,,,0.0,0.0,0.0,0.0,0.0,0.002953397689219046
2023-03-22,0.0,,,,,,0.0,0.0,0.0,0.0,0.0,-0.0034771426228831994
2023-03-23,0.0,,,,,,0.0,0.0,0.0,0.0,0.0,0.0027674628443763493
2023-03-24,0.0011636497553292,,,,,,0.0,0.0,0.0,0.0,0.0,0.0026572599896898933
2023-03-27,-0.0009428934154612,,,,,,0.0,-0.0012533179512829,0.0,0.0,0.0,-0.002778925784415159
2023-03-28,0.0006850978828458,,,,,,0.0,0.0006850978828458,0.0,0.0003770839202474,0.0,-0.0011176938460905974
2023-03-29,0.0033634246759368,,,,,,0.0,0.0033634246759368,0.0,0.0033633869614885,0.0,0.005621777424508307
2023-03-30,0.0036674243540308,,,,,,0.0,0.0036674243540308,0.0,0.0036674370015885,0.0033538834025539,0.0029256785160453906
2023-03-31,0.005508188664192,,,,,,0.0051930598311024,0.005508188664192,0.0051930605155664,0.0055082484400843,0.0055082826221408,0.007527174905803593
2023-04-03,0.0028126400446916,,,,,,0.0028126400446916,0.0028126400446916,0.0028126782689742,0.0028126414006379,0.0028126317559533,0.003283066236909115
2023-04-04,0.0009521621252189,,,,,,0.0009521621252189,0.0009521621252189,0.0009521007789459,0.000952055153143,0.0009521042889368,-0.000386612138380502
2023-04-05,-0.0007561089362418,,,,,,-0.0007561089362418,-0.0003217467969342,-0.0007560811595019,-0.0007559524744838,-0.0007560439604416,-1.803571171468686e-05
2023-04-06,0.000968983700684,,,,,,0.000968983700684,0.0,0.0009689353505987,0.0009689071514918,0.0009689261905984,0.0018652927669464416
2023-04-10,-0.00101787543984,,,,,,-0.00101787543984,0.0,-0.0010178317481709,-0.0010178342506991,-0.0010178325330486,-0.002556893121687928
2023-04-11,0.0015003321787914,,,,,,0.0015003321787914,0.0,0.0015003112938816,0.0015003085802843,0.0015003580659311,-7.040092493008137e-06
2023-04-12,-0.0003336861581508,,,,,,-1.0225127797846906e-05,0.0,-0.0003336860144545,-1.027062834622363e-05,-1.0299922894887388e-05,-0.0008363771468401829
2023-04-13,0.0,,,,,,0.0030465805364816,0.0,0.0,0.0030466742570059,0.0030466854529201,0.004757775388374807
2023-04-14,0.0,,,,,,-0.0003379212481166,0.0,0.0,-0.0003379213919409,-0.0003379212523414,-0.0026114627054819413
2023-04-17,0.0,,,,,,0.0,0.0,0.0,0.0,0.0,-0.0002844803540031422
2023-04-18,0.0,,,,,,0.0,0.0,0.0,0.0,0.0,0.0007297225263936636
2023-04-19,0.0,,,,,,0.0,0.0,0.0,0.0,0.0,-0.0006682170315908187
2023-04-20,0.0,,,,,,0.0,0.0,0.0,0.0,0.0,-0.0006673678071892318
2023-04-21,-0.0011053991723205,,,,,,0.0,0.0,0.0,0.0,0.0,-0.00035366138817549247
2023-04-24,0.0016522981350681,,,,,,0.0,0.0013119256787216,0.0,0.0,0.0,0.0018159880421211038
2023-04-25,-0.0030128216866802,,,,,,0.0,-0.0030128216866802,0.0,-0.0033526884397745,0.0,-0.003993228474902941
2023-04-26,-0.003556350725151,,,,,,0.0,-0.003556350725151,0.0,-0.0035563500686068,0.0,-0.002874043570196196
2023-04-27,0.0035039826449782,,,,,,0.0,0.0035039826449782,0.0,0.0035040344562127,0.0031669712608388,0.006534739041934529
2023-04-28,0.0045337559602143,,,,,,0.0041978812034297,0.0045337559602143,0.0041978798571104,0.0045337497542014,0.0045336841428872,0.005677961056994247
2023-05-01,-0.0043369116454349,,,,,,-0.0043369116454349,-0.0043369116454349,-0.0043369117158901,-0.0043369393504893,-0.0043368661149615,-0.004438681597752139
2023-05-02,-0.0013740856099622,,,,,,-0.0013740856099622,-0.0013740856099622,-0.0013740824782508,-0.0013740229843769,-0.0013740570162361,-0.0012870809726511841
2023-05-03,-0.0012697043716595,,,,,,-0.0012697043716595,-0.0003430123816487,-0.0012697435654913,-0.0012697641961264,-0.0012697727430061,-0.0012459085198131899
2023-05-04,0.0002438322779775,,,,,,0.0002438322779775,0.0,0.0002438819997201,0.0002438574397944,0.0002438605427946,-0.003029160129921013
2023-05-05,0.0043617575112346,,,,,,0.0043617575112346,0.0,0.0043617337363309,0.0043617279774293,0.0043617470344063,0.00604009462794728
2023-05-08,-0.0010252237628072,,,,,,-0.0010252237628072,0.0,-0.0010252176103232,-0.0010252248309862,-0.0010251660596008,-0.001597559328329112
2023-05-09,-0.0003464371316494,,,,,,-0.000628716746855,0.0,-0.000346437317907,-0.0006286973898137,-0.0006287423539908,-0.0022425881055755576
2023-05-10,0.0,,,,,,0.0020689940209992,0.0,0.0,0.0020690136888811,0.0020689915105165,0.00405004163053633
2023-05-11,0.0,,,,,,-0.0003493260302899,0.0,0.0,-0.0003493260255857,-0.0003493263320969,0.00032166512229683857
2023-05-12,0.0,,,,,,0.0,0.0,0.0,0.0,0.0,-0.0022487467302277817
2023-05-15,0.0,,,,,,0.0,0.0,0.0,0.0,0.0,0.0008271038520560802
2023-05-16,0.0,,,,,,0.0,0.0,0.0,0.0,0.0,-0.003705991345532359
2023-05-17,0.0,,,,,,0.0,0.0,0.0,0.0,0.0,0.004260453367480533
2023-05-18,0.0,,,,,,0.0,0.0,0.0,0.0,0.0,0.002422038469572829
2023-05-19,0.0,,,,,,0.0,0.0,0.0,0.0,0.0,-0.0016946401948867468
2023-05-22,0.0,,,,,,0.0,0.0,0.0,0.0,0.0,-0.0003519779898123376
2023-05-23,-0.0027652565394925,,,,,,0.0,0.0,0.0,0.0,0.0,-0.00433115640091795
2023-05-24,-0.0039748435529735,,,,,,0.0,-0.0043317821842902,0.0,0.0,0.0,-0.0037629004622284543
2023-05-25,-0.0012801446211798,,,,,,0.0,-0.0012801446211798,0.0,-0.0016348793524193,0.0,0.0018828354318787218
2023-05-26,0.0064230033057336,,,,,,0.0,0.0064230033057336,0.0,0.0064229829459509,0.0,0.005997663090241892
2023-05-30,-0.0006320955000692,,,,,,0.0,-0.0006320955000692,0.0,-0.0006320795696811,-0.0009838270798503,0.0023760351946581814
2023-05-31,-0.001359779764263,,,,,,-0.0017143707066558,-0.001359779764263,-0.0017143800516944,-0.0013597912957473,-0.0013598016935161,-0.0012738789309261057
2023-06-01,0.0045947534969821,,,,,,0.0045947534969821,0.0045947534969821,0.0045947963022464,0.0045948227319118,0.0045948362023531,0.005300621667569002
2023-06-02,0.0046726376026934,,,,,,0.0046726376026934,0.0046726376026934,0.004672589172027,0.0046725974526934,0.0046726044192114,0.004681909895860889
2023-06-05,-0.0013920558928757,,,,,,-0.0013920558928757,-0.0003620123242516,-0.0013920539246239,-0.00139198293544,-0.001392069810165,-0.0011092424591778048
2023-06-06,0.0028676104804667,,,,,,0.0028676104804667,0.0,0.002867652928953,0.0028676193705807,0.0028677014634038,0.0015129427743312092
2023-06-07,-0.0027676223046501,,,,,,-0.0027676223046501,0.0,-0.002767684665959,-0.002767734726025,-0.0027677512464517,-0.0035803434830606945
2023-06-08,0.0038833395683572,,,,,,0.0038833395683572,0.0,0.0038833979883275,0.0038834026615882,0.0038834323728239,0.00429856201274255
2023-06-09,-0.0003726217809229,,,,,,-0.0008238814509469,0.0,-0.0003726221432876,-0.0008238890148946,-0.0008238927312873,-0.0002511096519300389
2023-06-12,0.0,,,,,,0.0002961175407111,0.0,0.0,0.0002961188942223,0.000296134012077,0.004340889883962325
2023-06-13,0.0,,,,,,-0.0003829088515676,0.0,0.0,-0.0003829088657072,-0.000382909471214,0.0008734125526682605
2023-06-14,0.0,,,,,,0.0,0.0,0.0,0.0,0.0,0.0009305856295295178
2023-06-15,0.0,,,,,,0.0,0.0,0.0,0.0,0.0,0.007635860296451275
2023-06-16,0.0,,,,,,0.0,0.0,0.0,0.0,0.0,-0.0027227212399765534
2023-06-20,0.0,,,,,,0.0,0.0,0.0,0.0,0.0,-0.0013520275277904348
2023-06-21,0.0,,,,,,0.0,0.0,0.0,0.0,0.0,-0.0018926431667990993
2023-06-22,0.0,,,,,,0.0,0.0,0.0,0.0,0.0,-6.742865688254463e-05
2023-06-23,-0.0026983007189034,,,,,,0.0,0.0,0.0,0.0,0.0,-0.0020169390010819164
2023-06-26,0.0013067024714883,,,,,,0.0,0.0009076329973224,0.0,0.0,0.0,-0.0010239079696557861
2023-06-27,0.0016467601799356,,,,,,0.0,0.0016467601799356,0.0,0.0012449089486497,0.0,0.0036265330670505235
2023-06-28,0.0019847848570758,,,,,,0.0,0.0019847848570758,0.0,0.0019847785136142,0.0,0.0013375497929050217
2023-06-29,-0.0015492369083886,,,,,,0.0,-0.0015492369083886,0.0,-0.0015492075106669,-0.0019570491060269,-0.0012195328528780982
2023-06-30,0.0052183871019291,,,,,,0.0048081342965261,0.0052183871019291,0.0048080476609311,0.0052183957340779,0.0052184172760898,0.005566250589691641
2023-07-03,0.0003499533924589,,,,,,0.0003499533924589,0.0003499533924589,0.0003499389269796,0.0003498989962857,0.0003499005760087,-0.0007346017816101626
2023-07-05,-0.0017880939027651,,,,,,-0.0017880939027651,-0.0017880939027651,-0.0017880266202482,-0.0017880477798895,-0.0017880771267436,-0.002250910654540715
2023-07-06,-0.0074483645564143,,,,,,-0.0074483645564143,-0.0004162747124808,-0.0074484136160454,-0.0074484133818326,-0.0074483646694476,-0.006700580015780631
2023-07-07,0.0013810186249182,,,,,,0.0013810186249182,0.0,0.0013810117163508,0.0013810141224196,0.0013810285379112,-0.0012078830303120529
2023-07-10,0.0024083255830222,,,,,,0.0024083255830222,0.0,0.0024083584332571,0.0024083324150567,0.0024083603840079,0.0024519683672596776
2023-07-11,0.0045260284668832,,,,,,0.0045260284668832,0.0,0.0045260275608807,0.0045260287700391,0.004526021357228,0.0032637761681615805
2023-07-12,-0.0004078767516727,,,,,,0.0077840338504083,0.0,-0.0004078770749034,0.00778407382173,0.0077840316527788,0.006140184854033
2023-07-13,0.0,,,,,,0.0063446495825582,0.0,0.0,0.0063445633331156,0.0063446075427427,0.005991602176968387
2023-07-14,0.0,,,,,,-0.0004019056274775,0.0,0.0,-0.0004019054803911,-0.0004019056186963,-0.0019159116580757599
2023-07-17,0.0,,,,,,0.0,0.0,0.0,0.0,0.0,0.0018948249174733337
2023-07-18,0.0,,,,,,0.0,0.0,0.0,0.0,0.0,0.003605277784895983
2023-07-19,0.0,,,,,,0.0,0.0,0.0,0.0,0.0,0.00192753956046638
2023-07-20,0.0,,,,,,0.0,0.0,0.0,0.0,0.0,-0.005110126695540609
2023-07-21,0.0,,,,,,0.0,0.0,0.0,0.0,0.0,0.0002256533186219412
2023-07-24,0.0011717747402007,,,,,,0.0,0.0,0.0,0.0,0.0,0.00120855410858693
2023-07-25,0.0009753299632677,,,,,,0.0,0.000575609167423,0.0,0.0,0.0,0.0005951674859385959
2023-07-26,0.001837041556518,,,,,,0.0,0.001837041556518,0.0,0.0014360649578672,0.0,0.0009925206494967168
2023-07-27,-0.0068798629010478,,,,,,0.0,-0.0068798629010478,0.0,-0.0068798014458149,0.0,-0.005983248453859714
2023-07-28,0.0057575386839466,,,,,,0.0,0.0057575386839466,0.0,0.0057575195089332,0.0053602639354999,0.005014713632691157
2023-07-31,0.0027845932090376,,,,,,0.0023825509698755,0.0027845932090376,0.0023825272457683,0.002784553682885,0.0027846322803271,0.0011624303570335302
2023-08-01,-0.0052273807187993,,,,,,-0.0052273807187993,-0.0052273807187993,-0.0052273807701735,-0.0052273519444219,-0.0052273830531816,-0.003957432163964095
2023-08-02,-0.007705678088939,,,,,,-0.007705678088939,-0.007705678088939,-0.0077056278438251,-0.0077056454307628,-0.0077056010758938,-0.007501831969048091
2023-08-03,-0.0028916730173848,,,,,,-0.0028916730173848,-0.0004135053915753,-0.0028917003888565,-0.0028917027307393,-0.0028917350121492,-0.0035357554070039416
2023-08-04,0.0024220911464285,,,,,,0.0024220911464285,0.0,0.0024221657604728,0.0024221762056041,0.00242215193915,0.0010451663640919577
2023-08-07,0.0005790285577163,,,,,,0.0005790285577163,0.0,0.0005789490498613,0.0005788877116453,0.0005789645261886,0.0029105389149750092
2023-08-08,-0.0007352267409872,,,,,,-0.0007352267409872,0.0,-0.000735208080627,-0.000735204873443,-0.0007352394896019,-0.0003976386770477222
2023-08-09,-0.0004094413156903,,,,,,-0.0004491717832397,0.0,-0.000409441608821,-0.0004491192606785,-0.0004490911051406,-0.0025823753329203836
2023-08-10,0.0,,,,,,-0.0023107036968412,0.0,0.0,-0.002310721329863,-0.0023107350071655,-0.00203514818892632
2023-08-11,0.0,,,,,,-0.0004123225351656,0.0,0.0,-0.0004123236623279,-0.0004123227835436,-0.001726107014768213
2023-08-14,0.0,,,,,,0.0,0.0,0.0,0.0,0.0,0.0018722328460759117
2023-08-15,0.0,,,,,,0.0,0.0,0.0,0.0,0.0,-0.005393042887336669
2023-08-16,0.0,,,,,,0.0,0.0,0.0,0.0,0.0,-0.003916966603574215
2023-08-17,0.0,,,,,,0.0,0.0,0.0,0.0,0.0,-0.0034736021457316326
2023-08-18,0.0,,,,,,0.0,0.0,0.0,0.0,0.0,0.0009290080014473253
2023-08-21,0.0,,,,,,0.0,0.0,0.0,0.0,0.0,0.0009552813269854388
2023-08-22,0.0,,,,,,0.0,0.0,0.0,0.0,0.0,-0.0011317947931186842
2023-08-23,0.0,,,,,,0.0,0.0,0.0,0.0,0.0,0.007644854091025598
2023-08-24,-0.0045935367658933,,,,,,0.0,0.0,0.0,0.0,0.0,-0.0068698015163957725
2023-08-25,0.0029281876983988,,,,,,0.0,0.0025174306708945,0.0,0.0,0.0,0.002883584713834701
2023-08-28,0.0032252432012432,,,,,,0.0,0.0032252432012432,0.0,0.0028063958919927,0.0,0.0034165349923626614
2023-08-29,0.0075422627405277,,,,,,0.0,0.0075422627405277,0.0,0.0075421939630103,0.0,0.008060723838272563
2023-08-30,0.0004649232690904,,,,,,0.0,0.0004649232690904,0.0,0.0004650488726418,4.178223470283868e-05,0.00168609968402849
2023-08-31,0.0001913828753433,,,,,,-0.0002396451205033,0.0001913828753433,-0.0002397011291959,0.0001913021614805,0.0001913150664422,-6.021092587771084e-05
2023-09-01,0.0013489827357615,,,,,,0.0013489827357615,0.0013489827357615,0.0013489600604982,0.0013490407749034,0.0013490124977153,-0.0007903407915300144
2023-09-05,-0.0051041807376644,,,,,,-0.0051041807376644,-0.0051041807376644,-0.0051041203958406,-0.0051042130485596,-0.00510424778478,-0.004249105007487483
2023-09-06,-0.0021930469679735,,,,,,-0.0021930469679735,-0.0004362178100646,-0.0021930666731467,-0.0021930342375511,-0.0021929755868291,-0.003817399760643946
2023-09-07,-0.0003923208116801,,,,,,-0.0003923208116801,0.0,-0.0003922703866853,-0.0003921873047281,-0.0003922810257351,-0.00039439144563762154
2023-09-08,0.0003849971530124,,,,,,0.0003849971530124,0.0,0.0003849464825518,0.0003848779603411,0.0003849221956431,0.0006367448535321461
2023-09-11,0.0018438796530599,,,,,,0.0018438796530599,0.0,0.0018439308104744,0.0018439183457292,0.001843932452789,0.0022524571926605575
2023-09-12,-0.0004431091535618,,,,,,-0.0005931506528476,0.0,-0.0004431097212859,-0.0005931730036213,-0.00059317136669,-0.0018938922842092934
2023-09-13,0.0,,,,,,-0.0004645374772929,0.0,0.0,-0.0004645634881167,-0.0004646019555061,0.0008416988108122541
2023-09-14,0.0,,,,,,-0.0004494469519481,0.0,0.0,-0.0004494477359487,-0.0004494473138079,0.0030601983464653387
2023-09-15,0.0,,,,,,0.0,0.0,0.0,0.0,0.0,-0.005960744152290777
2023-09-18,0.0,,,,,,0.0,0.0,0.0,0.0,0.0,0.0005141221896467979
2023-09-19,0.0,,,,,,0.0,0.0,0.0,0.0,0.0,-0.0018896844932537013
2023-09-20,0.0,,,,,,0.0,0.0,0.0,0.0,0.0,-0.00415790539487705
2023-09-21,0.0,,,,,,0.0,0.0,0.0,0.0,0.0,-0.008934174419387049
2023-09-22,0.0016590715813028,,,,,,0.0,0.0,0.0,0.0,0.0,8.480960601142723e-05
2023-09-25,-0.0032524979248374,,,,,,0.0,-0.0037068717429322,0.0,0.0,0.0,-0.00023996474516986904
2023-09-26,-0.005552705956058,,,,,,0.0,-0.005552705956058,0.0,-0.006006173260748,0.0,-0.006043429390560308
2023-09-27,-0.000449332603587,,,,,,0.0,-0.000449332603587,0.0,-0.0004492664324182,0.0,-0.0008205750462907237
2023-09-28,0.0015484942798882,,,,,,0.0,0.0015484942798882,0.0,0.0015484509034433,0.0010969829382009,0.002871984873585524
2023-09-29,-0.0028696990332894,,,,,,-0.0033205972867021,-0.0028696990332894,-0.0033206210193404,-0.0028696963325862,-0.0028696908989659,-0.0008758865767679978
2023-10-02,-0.0073482448673858,,,,,,-0.0073482448673858,-0.0073482448673858,-0.007348215194101,-0.007348200859695,-0.0073482127616766,-0.003203168831602062
2023-10-03,-0.0081156497099801,,,,,,-0.0081156497099801,-0.0081156497099801,-0.0081156643311665,-0.0081157263156097,-0.0081156781521778,-0.00845343980324791
2023-10-04,-0.0003757174061958,,,,,,-0.0003757174061958,-0.0004537432189755,-0.0003756915864311,-0.0003755666345864,-0.0003756064564511,0.004382640094131106
2023-10-05,-0.0008039166765757,,,,,,-0.0008039166765757,0.0,-0.0008039459544408,-0.0008040846686389,-0.0008040586414133,0.0002192620690652999
2023-10-06,0.0032984362190946,,,,,,0.0032984362190946,0.0,0.0032984187235544,0.0032984550599424,0.0032984654997845,0.0031107637479753395
2023-10-09,0.0091133890510002,,,,,,0.0091133890510002,0.0,0.0091134317089948,0.0091134916645815,0.0091134118082007,0.00611136971921196
2023-10-10,-0.0004639073885661,,,,,,0.0016531904742845,0.0,-0.0004639081067415,0.0016530598664046,0.0016531531185132,0.0016304890806533284
2023-10-11,0.0,,,,,,0.0034916079914425,0.0,0.0,0.0034916480740008,0.0034916688549081,0.0032582484652363326
2023-10-12,0.0,,,,,,-0.0004508704329379,0.0,0.0,-0.0004508696019556,-0.0004508702775812,-0.005252334742648361
2023-10-13,0.0,,,,,,0.0,0.0,0.0,0.0,0.0,-0.00030060899390606374
2023-10-16,0.0,,,,,,0.0,0.0,0.0,0.0,0.0,0.002647050778303637
2023-10-17,0.0,,,,,,0.0,0.0,0.0,0.0,0.0,-0.0027702783090461417
2023-10-18,0.0,,,,,,0.0,0.0,0.0,0.0,0.0,-0.006855934883427961
2023-10-19,0.0,,,,,,0.0,0.0,0.0,0.0,0.0,-0.004777264756050211
2023-10-20,0.0,,,,,,0.0,0.0,0.0,0.0,0.0,-0.003619226491683307
2023-10-23,0.0,,,,,,0.0,0.0,0.0,0.0,0.0,0.0006773688864690009
2023-10-24,0.0032067083640156,,,,,,0.0,0.0,0.0,0.0,0.0,0.0033708778739891983
2023-10-25,-0.0056888547071165,,,,,,0.0,-0.0061135004409982,0.0,0.0,0.0,-0.008498392635635005
2023-10-26,0.0001656404009279,,,,,,0.0,0.0001656404009279,0.0,-0.0002569000457607,0.0,-0.0027346821194375874
2023-10-27,0.0005067825917401,,,,,,0.0,0.0005067825917401,0.0,0.0005067553659496,0.0,-0.0013660949827934148
2023-10-30,-1.480632222828859e-05,,,,,,0.0,-1.480632222828859e-05,0.0,-1.4807661258110448e-05,-0.000441156793367,0.00370975553308967
2023-10-31,0.0007003021036096,,,,,,0.000277513391862,0.0007003021036096,0.0002775626794407,0.0007003806836097,0.0007003517854551,0.0020256341258525564
2023-11-01,0.0063142152934828,,,,,,0.0063142152934828,0.0063142152934828,0.0063141608934316,0.006314157766881,0.006314176358163,0.008584228430251773
2023-11-02,0.0096714884158501,,,,,,0.0096714884158501,0.0096714884158501,0.0096714774973071,0.009671375439756,0.0096714760538386,0.011142180133218512
2023-11-03,0.0052715014942598,,,,,,0.0052715014942598,-0.0004226851964936,0.0052715078835952,0.0052715381256428,0.0052714715920984,0.00676883588160441
2023-11-06,-0.0023816409525294,,,,,,-0.0023816409525294,0.0,-0.0023815533649353,-0.0023816636562755,-0.0023816023325112,-0.001075788793409866
2023-11-07,-0.0012332383512473,,,,,,-0.0012332383512473,0.0,-0.0012333805660347,-0.0012332497569084,-0.0012333133127085,0.0027264192434404673
2023-11-08,-0.0011153672566101,,,,,,-0.0011153672566101,0.0,-0.0011153686625892,-0.0011154087965271,-0.0011153924810042,0.0014384120824781064
2023-11-09,-0.0003957280567074,,,,,,-0.0042964778975722,0.0,-0.0003957282801321,-0.0042965137244263,-0.0042965235057237,-0.0060454407479770406
2023-11-10,0.0,,,,,,0.0035274411843658,0.0,0.0,0.0035275029595386,0.003527525752414,0.006861521386940006
2023-11-13,0.0,,,,,,-0.0003939755717239,0.0,0.0,-0.0003939740850734,-0.000393975163889,-0.0005538812600423548
2023-11-14,0.0,,,,,,0.0,0.0,0.0,0.0,0.0,0.012357694043624991
2023-11-15,0.0,,,,,,0.0,0.0,0.0,0.0,0.0,-0.0013395100127883617
2023-11-16,0.0,,,,,,0.0,0.0,0.0,0.0,0.0,0.0026166820663069547
2023-11-17,0.0,,,,,,0.0,0.0,0.0,0.0,0.0,0.0007053659726728413
2023-11-20,0.0,,,,,,0.0,0.0,0.0,0.0,0.0,0.0037041944871503345
2023-11-21,0.0,,,,,,0.0,0.0,0.0,0.0,0.0,-0.0005671648207113061
2023-11-22,0.0001853301862422,,,,,,0.0,0.0,0.0,0.0,0.0,0.0015527818203967814
2023-11-24,-0.0003845463454883,,,,,,0.0,-0.0007565901673947,0.0,0.0,0.0,-0.0012061470465278786
2023-11-27,0.0012483236611597,,,,,,0.0,0.0012483236611597,0.0,0.0008749055050372,0.0,0.0013606882035835696
2023-11-28,0.0033832324625691,,,,,,0.0,0.0033832324625691,0.0,0.003383291278782,0.0,0.0018097901865913243
2023-11-29,0.0027352439032879,,,,,,0.0,0.0027352439032879,0.0,0.0027352231005663,0.0023624661790322,0.0012630317194292924
2023-11-30,-0.0013090618441147,,,,,,-0.0016840178149423,-0.0013090618441147,-0.001683999015595,-0.0013091103431242,-0.0013090765188601,0.00016729829024135316
2023-12-01,0.0059745185184958,,,,,,0.0059745185184958,0.0059745185184958,0.005974496657428,0.0059745046531755,0.0059745136547315,0.00602824228816952
2023-12-04,-0.0041982178951699,,,,,,-0.0041982178951699,-0.0041982178951699,-0.0041981859079294,-0.0041981526407243,-0.0041981383227354,-0.0044591291318678405
2023-12-05,-9.465448566309337e-05,,,,,,-9.465448566309337e-05,-0.0003714047403027,-9.467471375402012e-05,-9.463077051165586e-05,-9.468271584230118e-05,0.0018547469990910271
2023-12-06,-0.0012444685188994,,,,,,-0.0012444685188994,0.0,-0.001244475857121,-0.00124457104128,-0.0012444670231164,-0.0004173845470573105
2023-12-07,0.0011425418861933,,,,,,0.0011425418861933,0.0,0.0011425084859452,0.0011425446679383,0.0011425262441376,0.002689262824882277
2023-12-08,-0.0012068536907287,,,,,,-0.0012068536907287,0.0,-0.0012067940124603,-0.0012068202015136,-0.0012068975884331,-9.405003477265746e-05
2023-12-11,-0.0003650949684203,,,,,,0.0002496321948715,0.0,-0.0003650947905771,0.0002496193370271,0.0002496035612793,0.0017258464186447335
2023-12-12,0.0,,,,,,-0.0003552749247055,0.0,0.0,-0.0003552984909089,-0.0003552167434869,0.0025983972725018424
2023-12-13,0.0,,,,,,-0.0003663694129366,0.0,0.0,-0.0003663682279829,-0.0003663689780128,0.010269933212965486
2023-12-14,0.0,,,,,,0.0,0.0,0.0,0.0,0.0,0.004193046433426372
2023-12-15,0.0,,,,,,0.0,0.0,0.0,0.0,0.0,-0.0011503189055151809
2023-12-18,0.0,,,,,,0.0,0.0,0.0,0.0,0.0,0.0017239045754687651
2023-12-19,0.0,,,,,,0.0,0.0,0.0,0.0,0.0,0.0031554934481210517
2023-12-20,0.0,,,,,,0.0,0.0,0.0,0.0,0.0,-0.004951507429841322
2023-12-21,0.0032870765526588,,,,,,0.0,0.0,0.0,0.0,0.0,0.0035398156813692605
2023-12-22,-0.0002448478012005,,,,,,0.0,-0.0005961664337515,0.0,0.0,0.0,0.0005276425083690245
2023-12-26,0.0030824079519644,,,,,,0.0,0.0030824079519644,0.0,0.0027285168304553,0.0,0.0020239191977091788
2023-12-27,0.0021737805125673,,,,,,0.0,0.0021737805125673,0.0,0.0021737638759766,0.0,0.003099202629000347
2023-12-28,-0.0016922872737787,,,,,,0.0,-0.0016922872737787,0.0,-0.0016922534327385,-0.0020475976563301,-0.0011160468975604122
2023-12-29,-0.0027032456044504,,,,,,-0.0030626069181295,-0.0027032456044504,-0.003062588813152,-0.0027032165369998,-0.0027031654507255,-0.0020289667901321217
2024-01-02,-0.0033260743513877,,,,,,-0.0033260743513877,-0.0033260743513877,-0.0033261029209359,-0.0033261180297873,-0.0033261274093351,-0.003959718201587869
2024-01-03,-0.0026711524867877,,,,,,-0.0026711524867877,-0.0026711524867877,-0.0026711431814669,-0.0026711486088061,-0.0026711245792083,-0.003160073898609851
2024-01-04,-0.0024564132252028,,,,,,-0.0024564132252028,-0.0003641690210325,-0.0024563768509692,-0.002456401745684,-0.0024563712375285,-0.0034083980410264405
2024-01-05,0.0001615168927256,,,,,,0.0001615168927256,0.0,0.0001615120948295,0.0001615794461587,0.0001614641356355,-0.00042480550307114116
2024-01-08,0.002837011763498,,,,,,0.002837011763498,0.0,0.0028370378166171,0.0028370383845855,0.0028370723399905,0.00688092901647867
2024-01-09,-0.0007953891762394,,,,,,-0.0007953891762394,0.0,-0.0007954234739569,-0.0007954314909286,-0.000795411520185,-0.0007543220421609908
2024-01-10,-0.0003646281712066,,,,,,-0.0001708298811797,0.0,-0.0003646287337051,-0.0001708449509214,-0.0001708588515265,0.0019359207779279818
2024-01-11,0.0,,,,,,0.0016677176248549,0.0,0.0,0.0016676737058687,0.001667712815536,0.001310887139699739
2024-01-12,0.0,,,,,,-0.0003760440722769,0.0,0.0,-0.0003760435043998,-0.0003760441929793,0.0010495439003266505
2024-01-16,0.0,,,,,,0.0,0.0,0.0,0.0,0.0,-0.003811505154701222
2024-01-17,0.0,,,,,,0.0,0.0,0.0,0.0,0.0,-0.003244076391660242
2024-01-18,0.0,,,,,,0.0,0.0,0.0,0.0,0.0,0.003116929024969934
2024-01-19,0.0,,,,,,0.0,0.0,0.0,0.0,0.0,0.005394401968281362
2024-01-22,0.0,,,,,,0.0,0.0,0.0,0.0,0.0,0.0017658724238428687
2024-01-23,0.0,,,,,,0.0,0.0,0.0,0.0,0.0,0.0005720165274724755
2024-01-24,-0.0002802171641145,,,,,,0.0,0.0,0.0,0.0,0.0,-0.0002881437031751237
2024-01-25,0.004625433248172,,,,,,0.0,0.0042361895867577,0.0,0.0,0.0,0.003557527161138405
2024-01-26,-0.0003747118099497,,,,,,0.0,-0.0003747118099497,0.0,-0.0007656108448251,0.0,-0.0010906555839990735
2024-01-29,0.0036376975163405,,,,,,0.0,0.0036376975163405,0.0,0.0036376929896686,0.0,0.004998323279448576
2024-01-30,-0.000314824930116,,,,,,0.0,-0.000314824930116,0.0,-0.0003148691562932,-0.0007090183678876,-2.40906465581097e-05
2024-01-31,-0.0038107861571948,,,,,,-0.0042059742820454,-0.0038107861571948,-0.0042059480638586,-0.003810719798476,-0.0038107306868749,-0.004524281499258059
2024-02-01,0.005187711598171,,,,,,0.005187711598171,0.005187711598171,0.0051876834795895,0.0051877063692587,0.0051877449039066,0.007949758198666423
2024-02-02,-0.00384075051365,,,,,,-0.00384075051365,-0.00384075051365,-0.0038407469578408,-0.0038407982810152,-0.0038407800400095,-3.281386968010411e-05
2024-02-05,-0.0040256350307147,,,,,,-0.0040256350307147,-0.0004080659050317,-0.0040256068577708,-0.0040255524426066,-0.0040256007780435,-0.004920646170394494
2024-02-06,0.0041238420546625,,,,,,0.0041238420546625,0.0,0.0041238182624133,0.0041238333499258,0.0041238518980763,0.00333862276507255
2024-02-07,0.0006255905151121,,,,,,0.0006255905151121,0.0,0.0006256093773566,0.0006255945780346,0.000625607533521,0.0029427353761465563
2024-02-08,0.0009441333332624,,,,,,0.0009441333332624,0.0,0.0009441376870519,0.0009440903748107,0.0009441023068991,-0.0007193484114393971
2024-02-09,-0.0004041911969028,,,,,,0.0016380370607915,0.0,-0.0004041924010836,0.0016380255405499,0.0016380700001373,0.002055021840684019
2024-02-12,0.0,,,,,,0.0008617451402724,0.0,0.0,0.000861772004609,0.0008617195594827,4.887105552425359e-05
2024-02-13,0.0,,,,,,-0.0004071295287467,0.0,0.0,-0.0004071296662221,-0.0004071298558198,-0.008872183966399258
2024-02-14,0.0,,,,,,0.0,0.0,0.0,0.0,0.0,0.004829436524146117
2024-02-15,0.0,,,,,,0.0,0.0,0.0,0.0,0.0,0.0036655391027150533
2024-02-16,0.0,,,,,,0.0,0.0,0.0,0.0,0.0,-0.003355344810370697
2024-02-20,0.0,,,,,,0.0,0.0,0.0,0.0,0.0,-0.0018027648267590448
2024-02-21,0.0,,,,,,0.0,0.0,0.0,0.0,0.0,-0.0005071136720712743
2024-02-22,0.0047308404707767,,,,,,0.0,0.0,0.0,0.0,0.0,0.008823169971718755
2024-02-23,0.0005408619811845,,,,,,0.0,0.0001291874727097,0.0,0.0,0.0,0.0015588369464216256
2024-02-26,-0.0016458825917088,,,,,,0.0,-0.0016458825917088,0.0,-0.0020633744985236,0.0,-0.002008135055228362
2024-02-27,0.0011689474098647,,,,,,0.0,0.0011689474098647,0.0,0.001169044428576,0.0,0.0001449718882809533
2024-02-28,-0.0007623733581358,,,,,,0.0,-0.0007623733581358,0.0,-0.0007624893894528,-0.0011830206625112,0.0004047047743985248
2024-02-29,0.0026058344761241,,,,,,0.0021849843391103,0.0026058344761241,0.0021849839733179,0.0026058976841372,0.0026058272910523,0.0020712073847537604
2024-03-01,0.0069684645285834,,,,,,0.0069684645285834,0.0069684645285834,0.0069684368571745,0.006968418129979,0.0069685174064379,0.006381802916474482
2024-03-04,0.0010910896705179,,,,,,0.0010910896705179,0.0010910896705179,0.0010910656789838,0.0010910705453053,0.0010910366984509,-0.0008496359556061455
2024-03-05,-0.001763930721256,,,,,,-0.001763930721256,-0.0004344903370321,-0.0017638769338915,-0.0017638504890508,-0.001763871260448,-0.002709117638753832
2024-03-06,0.0046831107874417,,,,,,0.0046831107874417,0.0,0.0046831147396051,0.0046830694046377,0.0046830851859966,0.003581023514532812
2024-03-07,0.0029525563338199,,,,,,0.0029525563338199,0.0,0.0029525201742326,0.0029525528115372,0.0029525362136808,0.004735496444327312
2024-03-08,-0.0006416889382491,,,,,,-0.0006416889382491,0.0,-0.0006416465309031,-0.0006416403385584,-0.0006416283250943,-0.0023377602886212874
2024-03-11,-0.0004365096372041,,,,,,-1.9307975962284103e-05,0.0,-0.0004365117519546,-1.9389724050870448e-05,-1.935141797551873e-05,-0.0007140904733992968
2024-03-12,0.0,,,,,,3.980340948006912e-05,0.0,0.0,3.989609162453272e-05,3.982335012536626e-05,0.0033341794391078027
2024-03-13,0.0,,,,,,-0.0004380899644386,0.0,0.0,-0.0004380904455357,-0.0004380905304801,-0.0013254430128315918
2024-03-14,0.0,,,,,,0.0,0.0,0.0,0.0,0.0,-0.0030076172272442284
2024-03-15,0.0,,,,,,0.0,0.0,0.0,0.0,0.0,-0.0033718643644971703
2024-03-18,0.0,,,,,,0.0,0.0,0.0,0.0,0.0,0.002253725875975227
2024-03-19,0.0,,,,,,0.0,0.0,0.0,0.0,0.0,0.003165212788992534
2024-03-20,0.0,,,,,,0.0,0.0,0.0,0.0,0.0,0.0046175232609531255
2024-03-21,0.0005642693637349,,,,,,0.0,0.0,0.0,0.0,0.0,0.0014115474002208905
2024-03-22,-0.0008384949065971,,,,,,0.0,-0.0013168721804188,0.0,0.0,0.0,0.0004712381780867156
2024-03-25,-0.0008020712863383,,,,,,0.0,-0.0008020712863383,0.0,-0.0012794434877122,0.0,-0.0019876639178845364
2024-03-26,-0.0009993362036289,,,,,,0.0,-0.0009993362036289,0.0,-0.0009992062641643,0.0,-0.0003724730008872389
2024-03-27,0.0059037829897144,,,,,,0.0,0.0059037829897144,0.0,0.005903710665281,0.0054188931048747,0.0045974537183218755
2024-03-28,0.0024796577072758,,,,,,0.001998380347194,0.0024796577072758,0.001998363901687,0.0024796167843253,0.0024795690192878,-0.00030102054182327894
2024-04-01,-0.002489175817864,,,,,,-0.002489175817864,-0.002489175817864,-0.0024890885316658,-0.0024890501564345,-0.0024890894512046,-0.0035643558002422834
2024-04-02,-2.303253507764075e-06,,,,,,-2.303253507764075e-06,-2.303253507764075e-06,-2.3323927467246422e-06,-2.382943494870234e-06,-2.394691112795703e-06,-0.0031007193429159956
2024-04-03,0.0029627506165452,,,,,,0.0029627506165452,-0.0004883781830708,0.0029628184354949,0.0029628295092184,0.0029628840736531,0.0015932301642278476
2024-04-04,-0.002148659015685,,,,,,-0.002148659015685,0.0,-0.0021486829971757,-0.0021487432404487,-0.0021487254168874,-0.004503351020833576
2024-04-05,0.0020822743063838,,,,,,0.0020822743063838,0.0,0.0020822882641979,0.0020823581670049,0.0020822782522878,0.0025114818212980837
2024-04-08,0.0018731547428113,,,,,,0.0018731547428113,0.0,0.0018731242778379,0.0018731372739528,0.0018731900893591,-0.00030432311125993676
2024-04-09,-0.000488398773802,,,,,,0.0026661430811095,0.0,-0.0004883987722135,0.0026661429153148,0.00266614593009,0.0017405189249475313
2024-04-10,0.0,,,,,,-0.0086176337620866,0.0,0.0,-0.0086176287984255,-0.0086176941844447,-0.008156596906466813
2024-04-11,0.0,,,,,,-0.0004889345899155,0.0,0.0,-0.0004889346683822,-0.0004889345514287,0.002767864056450271
2024-04-12,0.0,,,,,,0.0,0.0,0.0,0.0,0.0,-0.004761740650810415
2024-04-15,0.0,,,,,,0.0,0.0,0.0,0.0,0.0,-0.007035671715921441
2024-04-16,0.0,,,,,,0.0,0.0,0.0,0.0,0.0,-0.001859676882972039
2024-04-17,0.0,,,,,,0.0,0.0,0.0,0.0,0.0,-0.001034842960181817
2024-04-18,0.0,,,,,,0.0,0.0,0.0,0.0,0.0,-0.001869427450998256
2024-04-19,0.0,,,,,,0.0,0.0,0.0,0.0,0.0,-0.003301922314364495
2024-04-22,0.0,,,,,,0.0,0.0,0.0,0.0,0.0,0.0038983219148866904
2024-04-23,0.0037685877750255,,,,,,0.0,0.0,0.0,0.0,0.0,0.005350239014498528
2024-04-24,-0.0014058477370864,,,,,,0.0,-0.0018639147496046,0.0,0.0,0.0,-0.0010527794033807524
2024-04-25,-0.0013137896256887,,,,,,0.0,-0.0013137896256887,0.0,-0.0017748809846198,0.0,-0.002665489420512954
2024-04-26,0.004387182582092,,,,,,0.0,0.004387182582092,0.0,0.0043871678611891,0.0,0.004663556827619502
2024-04-29,0.002298785190576,,,,,,0.0,0.002298785190576,0.0,0.0022987734607928,0.0018374447900983,0.002609665012664018
2024-04-30,-0.0091497320706994,,,,,,-0.0096169181590987,-0.0091497320706994,-0.0096169847154966,-0.0091497566756461,-0.0091497826339039,-0.007964090049088742
2024-05-01,-0.0002256785055657,,,,,,-0.0002256785055657,-0.0002256785055657,-0.0002257418145172,-0.000225704002718,-0.0002257415075945,-0.0003879012686393836
2024-05-02,0.0055704066307239,,,,,,0.0055704066307239,0.0055704066307239,0.0055703975831455,0.0055704669607067,0.0055703544757338,0.006069999800592375
2024-05-03,0.0046086630602395,,,,,,0.0046086630602395,-0.0004789358685736,0.0046087605723063,0.0046086571888575,0.0046087232805958,0.007513563404074492
2024-05-06,0.0050374720128537,,,,,,0.0050374720128537,0.0,0.0050374364898291,0.005037478366281,0.0050374847631467,0.005342115271478363
2024-05-07,0.0008658646681353,,,,,,0.0008658646681353,0.0,0.0008658745731563,0.0008658649603793,0.0008658460354127,0.0010703490323542971
2024-05-08,-0.0016896526341074,,,,,,-0.0016896526341074,0.0,-0.0016896073082815,-0.0016896502389293,-0.0016896256382606,-0.0007923684999730064
2024-05-09,-0.0004686275890696,,,,,,0.0044513609265139,0.0,-0.0004686277431372,0.0044513988988282,0.0044514367556915,0.003257885773145931
2024-05-10,0.0,,,,,,-0.0013503717808352,0.0,0.0,-0.0013504376225845,-0.001350483556761,-0.0003516108239239503
2024-05-13,0.0,,,,,,-0.0004849962825472,0.0,0.0,-0.0004849959596177,-0.0004849948756796,0.0003893571903419047
2024-05-14,0.0,,,,,,0.0,0.0,0.0,0.0,0.0,0.0028534173899011635
2024-05-15,0.0,,,,,,0.0,0.0,0.0,0.0,0.0,0.0075991372027576715
2024-05-16,0.0,,,,,,0.0,0.0,0.0,0.0,0.0,-0.001535726713346322
2024-05-17,0.0,,,,,,0.0,0.0,0.0,0.0,0.0,-0.0002551481598836363
2024-05-20,0.0,,,,,,0.0,0.0,0.0,0.0,0.0,7.753679669376146e-05
2024-05-21,0.0,,,,,,0.0,0.0,0.0,0.0,0.0,0.0017521322433724246
2024-05-22,0.0,,,,,,0.0,0.0,0.0,0.0,0.0,-0.0017238893493250218
2024-05-23,-0.0065565391802438,,,,,,0.0,0.0,0.0,0.0,0.0,-0.004069568862917348
2024-05-24,0.0036136371998742,,,,,,0.0,0.0031327666652167,0.0,0.0,0.0,0.0031410231813659355
2024-05-28,0.0009497450357821,,,,,,0.0,0.0009497450357821,0.0,0.0004682426703962,0.0,-0.0012533772454602
2024-05-29,-0.0064196288890798,,,,,,0.0,-0.0064196288890798,0.0,-0.0064195783808129,0.0,-0.00444979703742666
2024-05-30,0.0005063778626673,,,,,,0.0,0.0005063778626673,0.0,0.0005063019928046,3.619685900754045e-05,-0.0013925362558613766
2024-05-31,0.0018879751573436,,,,,,0.0014164360981426,0.0018879751573436,0.0014165375205849,0.0018880332544936,0.0018881299036164,0.005128938542491177
2024-06-03,0.0009223805410335,,,,,,0.0009223805410335,0.0009223805410335,0.0009223273601452,0.0009224000591297,0.0009223300745801,0.0022438426995095113
2024-06-04,-0.0012541823533508,,,,,,-0.0012541823533508,-0.0012541823533508,-0.0012541872655679,-0.0012542192050673,-0.0012541951620982,0.001814659197022536
2024-06-05,0.0064023256817551,,,,,,0.0064023256817551,-0.0004707422317004,0.0064022962161908,0.0064022950776542,0.0064022121989671,0.006968846049721942
2024-06-06,0.0021116009813386,,,,,,0.0021116009813386,0.0,0.0021116069946214,0.0021116438077168,0.0021116707766657,0.00016363473121559321
2024-06-07,-0.0078906511630285,,,,,,-0.0078906511630285,0.0,-0.0078906880350141,-0.0078907240260674,-0.0078906391825892,-0.0036483649495065848
2024-06-10,0.0030619391746931,,,,,,0.0030619391746931,0.0,0.0030620265504744,0.0030619829683558,0.0030619124382497,0.0006906188005830086
2024-06-11,-0.0004549470269017,,,,,,0.0008709406926688,0.0,-0.0004549463124945,0.0008709737565507,0.0008709681618258,0.0025511720566158214
2024-06-12,0.0,,,,,,0.0053736429623418,0.0,0.0,0.0053736483739009,0.0053736463702509,0.005176421893073404
2024-06-13,0.0,,,,,,-0.0004577526362409,0.0,0.0,-0.0004577528227555,-0.0004577511754723,0.0027402746165537
2024-06-14,0.0,,,,,,0.0,0.0,0.0,0.0,0.0,0.0009392731007269886
2024-06-17,0.0,,,,,,0.0,0.0,0.0,0.0,0.0,0.002006442330362063
2024-06-18,0.0,,,,,,0.0,0.0,0.0,0.0,0.0,0.002289543989294297
2024-06-20,0.0,,,,,,0.0,0.0,0.0,0.0,0.0,-0.0019289982443117261
2024-06-21,-0.0025036269101911,,,,,,0.0,0.0,0.0,0.0,0.0,-0.0004774192318967746
2024-06-24,0.0010134786724839,,,,,,0.0,0.0005622393205906,0.0,0.0,0.0,-0.0012194547826834777
2024-06-25,-0.0008143175363817,,,,,,0.0,-0.0008143175363817,0.0,-0.0012639064325638,0.0,0.0018358413047644196
2024-06-26,-0.0023857502120592,,,,,,0.0,-0.0023857502120592,0.0,-0.0023857337041366,0.0,-0.001218431579116518
2024-06-27,0.0029164111216686,,,,,,0.0,0.0029164111216686,0.0,0.0029163412757962,0.0024617072034303,0.001244866439569966
2024-06-28,-0.0024238340081737,,,,,,-0.0028821422013156,-0.0024238340081737,-0.0028821813975201,-0.0024238091566815,-0.0024238531319219,-0.003148626329877792
2024-07-01,-0.0003865362438601,,,,,,-0.0003865362438601,-0.0003865362438601,-0.0003865146276474,-0.0003864723917447,-0.0003865322104008,-0.0013461036738385873
2024-07-02,0.0029799697404892,,,,,,0.0029799697404892,0.0029799697404892,0.0029799684332569,0.0029799502134056,0.0029800558748572,0.004331029504777816
2024-07-03,0.0052088124087014,,,,,,0.0052088124087014,-0.0004585274128082,0.0052088419752866,0.0052088810706853,0.0052087934908515,0.004614216784239637
2024-07-05,0.003787587349128,,,,,,0.003787587349128,0.0,0.0037875511136264,0.0037875401454272,0.0037875453180213,0.004721748411330574
2024-07-08,-0.0011155622029681,,,,,,-0.0011155622029681,0.0,-0.0011155831624531,-0.0011155923832307,-0.0011155800998271,0.0005178510155199626
2024-07-09,-0.0011913095676177,,,,,,-0.0011913095676177,0.0,-0.0011912892898417,-0.0011913092206945,-0.0011912336367055,5.197550448375482e-05
2024-07-10,-0.000475146132069,,,,,,0.004108015207546,0.0,-0.0004751457129789,0.0041080392723408,0.004107979346591,0.004639435800530573
2024-07-11,0.0,,,,,,0.0046236190671525,0.0,0.0,0.0046235787081975,0.0046235826245063,-0.0019053678389092282
2024-07-12,0.0,,,,,,-0.0004851391278682,0.0,0.0,-0.0004851383423409,-0.0004851379687166,0.0035139029277001556
2024-07-15,0.0,,,,,,0.0,0.0,0.0,0.0,0.0,0.00013772259155700508
2024-07-16,0.0,,,,,,0.0,0.0,0.0,0.0,0.0,0.004141986104741496
2024-07-17,0.0,,,,,,0.0,0.0,0.0,0.0,0.0,-0.005864522871011717
2024-07-18,0.0,,,,,,0.0,0.0,0.0,0.0,0.0,-0.004212940976458224
2024-07-19,0.0,,,,,,0.0,0.0,0.0,0.0,0.0,-0.0036929325809096874
2024-07-22,0.0,,,,,,0.0,0.0,0.0,0.0,0.0,0.004063711243910339
2024-07-23,0.0,,,,,,0.0,0.0,0.0,0.0,0.0,-0.0004513475744207218
2024-07-24,-0.0086476931719627,,,,,,0.0,0.0,0.0,0.0,0.0,-0.010140099723854988
2024-07-25,-0.000951198314349,,,,,,0.0,-0.0014093975440969,0.0,0.0,0.0,-0.0015651589524526498
2024-07-26,0.0048237254388903,,,,,,0.0,0.0048237254388903,0.0,0.0043578211644549,0.0,0.006036424986009971
2024-07-29,-0.0002558060459429,,,,,,0.0,-0.0002558060459429,0.0,-0.0002557351943747,0.0,0.0007218603696454567
2024-07-30,0.0003248285717679,,,,,,0.0,0.0003248285717679,0.0,0.0003247904911987,-0.0001484052640054,-0.0014485437964473732
2024-07-31,0.0096004381683521,,,,,,0.0091254922594798,0.0096004381683521,0.0091254344534927,0.0096003441157186,0.0096003241498224,0.008786074330578219
2024-08-01,-0.0051133588469992,,,,,,-0.0051133588469992,-0.0051133588469992,-0.0051133681973909,-0.0051133098202062,-0.0051133261731475,-0.005484048897010843
2024-08-02,-0.0046249580021718,,,,,,-0.0046249580021718,-0.0046249580021718,-0.0046249793437716,-0.0046249882626862,-0.0046249629914332,-0.00358823810114358
2024-08-05,-0.0105443329369103,,,,,,-0.0105443329369103,-0.0004664497775194,-0.0105442928241071,-0.0105442437336646,-0.0105443118081493,-0.013509525452442838
2024-08-06,-0.0003688056929063,,,,,,-0.0003688056929063,0.0,-0.0003688235896609,-0.000368868534825,-0.0003687942521209,0.0011065278703682514
2024-08-07,-0.0003623678090597,,,,,,-0.0003623678090597,0.0,-0.0003623718340382,-0.0003623674893969,-0.0003623648679561,-0.003961147715674735
2024-08-08,0.0072039947935195,,,,,,0.0072039947935195,0.0,0.0072039772955848,0.0072040137015784,0.0072039328485059,0.008864653910407926
2024-08-09,-0.0004313923150177,,,,,,0.0026985905565941,0.0,-0.0004313920960882,0.0026986055375349,0.0026986530666103,0.002986383073305996
2024-08-12,0.0,,,,,,0.0027944245153123,0.0,0.0,0.0027944226952261,0.0027943509757962,0.0010028249017743152
2024-08-13,0.0,,,,,,-0.0004260022391502,0.0,0.0,-0.0004260016414195,-0.0004260018603224,0.00813749153049451
2024-08-14,0.0,,,,,,0.0,0.0,0.0,0.0,0.0,0.0017769579483355746
2024-08-15,0.0,,,,,,0.0,0.0,0.0,0.0,0.0,0.005413663433507612
2024-08-16,0.0,,,,,,0.0,0.0,0.0,0.0,0.0,0.00154418852849833
2024-08-19,0.0,,,,,,0.0,0.0,0.0,0.0,0.0,0.004411652004890536
2024-08-20,0.0,,,,,,0.0,0.0,0.0,0.0,0.0,0.0004932853053422594
2024-08-21,0.0,,,,,,0.0,0.0,0.0,0.0,0.0,0.0020822972309751274
2024-08-22,0.0,,,,,,0.0,0.0,0.0,0.0,0.0,-0.004859179834692516
2024-08-23,0.0073940026906012,,,,,,0.0,0.0,0.0,0.0,0.0,0.00587364589540773
2024-08-26,0.000138066697983,,,,,,0.0,-0.0002802606512544,0.0,0.0,0.0,-0.0015254158335203875
2024-08-27,-0.0007378681038027,,,,,,0.0,-0.0007378681038027,0.0,-0.0011600113372705,0.0,0.00043571874829118426
2024-08-28,-0.0027771919034722,,,,,,0.0,-0.0027771919034722,0.0,-0.0027770681815594,0.0,-0.002788941327227743
2024-08-29,0.0015421620824339,,,,,,0.0,0.0015421620824339,0.0,0.0015420581793625,0.0011186371812206,-0.00046869392901090635
2024-08-30,-0.0011312678213225,,,,,,-0.0015566376731436,-0.0011312678213225,-0.0015567176106546,-0.0011313299891687,-0.0011313450954653,0.0030389911418942884
2024-09-03,-0.0057636381944427,,,,,,-0.0057636381944427,-0.0057636381944427,-0.0057635430447869,-0.0057635949165802,-0.0057636328590515,-0.007837028915025438
2024-09-04,0.0006144430079691,,,,,,0.0006144430079691,0.0006144430079691,0.0006144474140684,0.0006144908639933,0.0006145348271879,0.0009840953326453504
2024-09-05,0.0020127394271284,,,,,,0.0020127394271284,-0.0004215880169526,0.0020126932687561,0.0020126300371443,0.0020126798478973,7.773495093211255e-06
2024-09-06,-0.0055714253272218,,,,,,-0.0055714253272218,0.0,-0.0055713972716554,-0.0055713747771576,-0.0055714730306464,-0.007536000511224457
2024-09-09,0.0043635560242832,,,,,,0.0043635560242832,0.0,0.0043635462639052,0.0043636030998497,0.0043635819390125,0.0049924934802334725
2024-09-10,0.0003229358160842,,,,,,0.0003229358160842,0.0,0.0003229263143663,0.0003229553934709,0.0003228991579205,0.003210236498722303
2024-09-11,-0.0004325489132446,,,,,,0.0026986756946485,0.0,-0.0004325483986284,0.0026986275340653,0.0026987376098908,0.003961983244417843
2024-09-12,0.0,,,,,,0.0045058390853834,0.0,0.0,0.0045058711683321,0.0045058537731429,0.003054065275975798
2024-09-13,0.0,,,,,,-0.0004346580492483,0.0,0.0,-0.0004346574585905,-0.0004346571479556,0.002903443186977407
2024-09-16,0.0,,,,,,0.0,0.0,0.0,0.0,0.0,0.001491179130452425
2024-09-17,0.0,,,,,,0.0,0.0,0.0,0.0,0.0,-0.00045446333406501735
2024-09-18,0.0,,,,,,0.0,0.0,0.0,0.0,0.0,-0.0025247609731471393
2024-09-19,0.0,,,,,,0.0,0.0,0.0,0.0,0.0,0.00699185722348712
2024-09-20,0.0,,,,,,0.0,0.0,0.0,0.0,0.0,-0.0007834799512090482
2024-09-23,-0.0002317479613671,,,,,,0.0,0.0,0.0,0.0,0.0,0.0008482379273983275
2024-09-24,0.004374626411293,,,,,,0.0,0.0039416205700018,0.0,0.0,0.0,0.0016146795507129515
2024-09-25,-0.0033421489657891,,,,,,0.0,-0.0033421489657891,0.0,-0.0037678248948195,0.0,-0.0021835511619328666
2024-09-26,0.0012770124028874,,,,,,0.0,0.0012770124028874,0.0,0.0012769791558107,0.0,0.0014544132344108478
2024-09-27,0.0011039809450204,,,,,,0.0,0.0011039809450204,0.0,0.0011039345047236,0.0006771435371177,0.0003844136894573007
2024-09-30,-0.0013764150120373,,,,,,-0.0018075066103968,-0.0013764150120373,-0.0018074882189703,-0.001376258943346,-0.0013764315317623,0.0008777244722816274
2024-10-01,0.0022757148136338,,,,,,0.0022757148136338,0.0022757148136338,0.0022757350198488,0.0022756617861752,0.0022757686763094,-0.0025359728241937086
2024-10-02,0.0008218457374096,,,,,,0.0008218457374096,0.0008218457374096,0.000821825343485,0.0008217931394958,0.0008217570902977,-0.0005009509092801132
2024-10-03,-0.0015661298126468,,,,,,-0.0015661298126468,-0.0004321727601234,-0.0015661541752639,-0.001566116639469,-0.0015660676203553,-0.002494314424468373
2024-10-04,-7.655803776559409e-05,,,,,,-7.655803776559409e-05,0.0,-7.658915121979575e-05,-7.652898485577221e-05,-7.657273499344864e-05,0.0011006893384642854
2024-10-07,-0.0022014805389297,,,,,,-0.0022014805389297,0.0,-0.0022013936302501,-0.0022014788280567,-0.0022014833844424,-0.004876811189504998
2024-10-08,-0.0020874460735196,,,,,,-0.0020874460735196,0.0,-0.0020874936894854,-0.0020874699903491,-0.0020874684423454,0.004081329183744597
2024-10-09,-0.0004248159331985,,,,,,-0.0008495048778922,0.0,-0.000424815554146,-0.0008494877821457,-0.0008494972581435,0.0018588350918989215
2024-10-10,0.0,,,,,,0.0010373514360066,0.0,0.0,0.0010373529512287,0.001037384604535,-0.0007779733617290784
2024-10-11,0.0,,,,,,-0.0004270339564185,0.0,0.0,-0.0004270335722028,-0.0004270333747846,0.0025996002704405372
2024-10-14,0.0,,,,,,0.0,0.0,0.0,0.0,0.0,0.0029863624231261086
2024-10-15,0.0,,,,,,0.0,0.0,0.0,0.0,0.0,-0.0018780139138102048
2024-10-16,0.0,,,,,,0.0,0.0,0.0,0.0,0.0,0.0022589819861396575
2024-10-17,0.0,,,,,,0.0,0.0,0.0,0.0,0.0,-0.0013907192952845938
2024-10-18,0.0,,,,,,0.0,0.0,0.0,0.0,0.0,0.0020134127515028535
2024-10-21,0.0,,,,,,0.0,0.0,0.0,0.0,0.0,-0.0028453921283063165
2024-10-22,0.0,,,,,,0.0,0.0,0.0,0.0,0.0,-0.00040465008441527837
2024-10-23,0.0,,,,,,0.0,0.0,0.0,0.0,0.0,-0.0046330620402817825
2024-10-24,0.0013283632874731,,,,,,0.0,0.0,0.0,0.0,0.0,0.0014608652156477995
2024-10-25,-0.0004246022304149,,,,,,0.0,-0.0008483957804506,0.0,0.0,0.0,-0.000771634685505913
2024-10-28,-0.0007446775934539,,,,,,0.0,-0.0007446775934539,0.0,-0.0011744948629339,0.0,0.0006494101357287185
2024-10-29,0.0007307141327507,,,,,,0.0,0.0007307141327507,0.0,0.0007307683985019,0.0,0.0007979275953721254
2024-10-30,-0.0007796622681543,,,,,,0.0,-0.0007796622681543,0.0,-0.0007796391249317,-0.0012340843428237,-0.0016976159751375698
2024-10-31,-0.0055345608431997,,,,,,-0.0060004955656055,-0.0055345608431997,-0.0060004932539178,-0.0055344764227045,-0.0055345805609638,-0.008514843222288763
2024-11-01,-0.0025753353891572,,,,,,-0.0025753353891572,-0.0025753353891572,-0.0025753878864794,-0.0025754304126995,-0.0025753782938364,-0.0003455530099115445
2024-11-04,0.0044624233774757,,,,,,0.0044624233774757,0.0044624233774757,0.0044624500842961,0.0044624442512123,0.0044624396535317,0.0011823484030595573
2024-11-05,0.0048301571604178,,,,,,0.0048301571604178,-0.0004728738161744,0.0048301451899788,0.0048300792116663,0.0048300903282317,0.005942753633242454
2024-11-06,-0.0027105447431109,,,,,,-0.0027105447431109,0.0,-0.0027105039148901,-0.0027104715128265,-0.0027104432080153,0.0071543682958771235
2024-11-07,0.0072161685265739,,,,,,0.0072161685265739,0.0,0.0072160846691443,0.0072161179292402,0.0072161435537189,0.005415738440097317
2024-11-08,0.0001139121716887,,,,,,0.0001139121716887,0.0,0.0001139815732926,0.000113979362344,0.0001139407417638,0.002467329476049516
2024-11-11,-0.0004347625085706,,,,,,-0.0029179135269329,0.0,-0.0004347611403004,-0.0029179463239757,-0.0029178680092571,-0.0003223822836816996
2024-11-12,0.0,,,,,,-0.0060406003784554,0.0,0.0,-0.0060405499059433,-0.0060405861081866,-0.0031255433424227435
2024-11-13,0.0,,,,,,-0.0004342042740903,0.0,0.0,-0.0004342039048865,-0.0004342035519616,0.00010327589303230195
2024-11-14,0.0,,,,,,0.0,0.0,0.0,0.0,0.0,-0.0027169591555353477
2024-11-15,0.0,,,,,,0.0,0.0,0.0,0.0,0.0,-0.0052783442097545825
2024-11-18,0.0,,,,,,0.0,0.0,0.0,0.0,0.0,0.0023434356449715636
2024-11-19,0.0,,,,,,0.0,0.0,0.0,0.0,0.0,0.0021340133287065075
2024-11-20,0.0,,,,,,0.0,0.0,0.0,0.0,0.0,-0.0002758716570483389
2024-11-21,0.0018385294156305,,,,,,0.0,0.0,0.0,0.0,0.0,0.002105177584102926
2024-11-22,0.0032798037394686,,,,,,0.0,0.0028429408521599,0.0,0.0,0.0,0.0015567258103758384
2024-11-25,0.0022507428473944,,,,,,0.0,0.0022507428473944,0.0,0.0018144053366212,0.0,0.004337855630450593
2024-11-26,-0.0006821221008485,,,,,,0.0,-0.0006821221008485,0.0,-0.0006820667345542,0.0,0.0015567292209753554
2024-11-27,0.000481779132963,,,,,,0.0,0.000481779132963,0.0,0.0004817410389433,5.648610013149935e-05,-0.0001784846710315014
2024-11-29,0.003705935378984,,,,,,0.0032757931614895,0.003705935378984,0.0032757801071909,0.003705960114715,0.0037059198528728,0.003780898756285677
2024-12-02,2.1912354293323062e-05,,,,,,2.1912354293323062e-05,2.1912354293323062e-05,2.1924198810166232e-05,2.1916495586521885e-05,2.198827884419618e-05,0.0006683403413118909
2024-12-03,0.0003878999853546,,,,,,0.0003878999853546,0.0003878999853546,0.0003878953087806,0.0003878962791687,0.0003878700967977,-0.0005333192236691274
2024-12-04,0.0024992420966311,,,,,,0.0024992420966311,-0.0004358666761504,0.0024991828270715,0.0024992107746478,0.0024991888758549,0.004185658710697728
2024-12-05,-0.001255776822809,,,,,,-0.001255776822809,0.0,-0.001255788184325,-0.0012557903223639,-0.001255823559069,-0.0009696962038470362
2024-12-06,0.000756214986607,,,,,,0.000756214986607,0.0,0.0007562301242227,0.0007562193933837,0.0007563013102594,0.001597230763726271
2024-12-09,0.0005550174966094,,,,,,0.0005550174966094,0.0,0.0005550457414733,0.0005550825377688,0.0005549821273061,-0.003276351259572914
2024-12-10,-0.0004393141485016,,,,,,-0.0017998050638351,0.0,-0.0004393134479287,-0.0017998633753659,-0.0017997964970179,-0.0018252570969631572
2024-12-11,0.0,,,,,,0.0025781492956458,0.0,0.0,0.0025781714545641,0.0025781015333864,0.002419705292128089
2024-12-12,0.0,,,,,,-0.000439364888407,0.0,0.0,-0.0004393648978271,-0.0004393646419719,-0.0032758397038126367
2024-12-13,0.0,,,,,,0.0,0.0,0.0,0.0,0.0,-0.0013955350510012799
2024-12-16,0.0,,,,,,0.0,0.0,0.0,0.0,0.0,0.0019770746933075642
2024-12-17,0.0,,,,,,0.0,0.0,0.0,0.0,0.0,-0.0017597807764568973
2024-12-18,0.0,,,,,,0.0,0.0,0.0,0.0,0.0,-0.01468494807223314
2024-12-19,0.0,,,,,,0.0,0.0,0.0,0.0,0.0,-0.0011985143222751444
2024-12-20,0.0,,,,,,0.0,0.0,0.0,0.0,0.0,0.005763080053995056
2024-12-23,-0.0002738829796084,,,,,,0.0,0.0,0.0,0.0,0.0,0.0011918185630579216
2024-12-24,0.0037142972532442,,,,,,0.0,0.0032886297702812,0.0,0.0,0.0,0.004767443238752538
2024-12-26,0.0009043439685508,,,,,,0.0,0.0009043439685508,0.0,0.0004793784164556,0.0,0.00019211321508626146
2024-12-27,-0.0040522994851683,,,,,,0.0,-0.0040522994851683,0.0,-0.0040522716877579,0.0,-0.005156382990501723
2024-12-30,-0.0003821714588651,,,,,,0.0,-0.0003821714588651,0.0,-0.000382243219929,-0.0008089821314963,-0.0033105849673349713
2024-12-31,7.958791786287426e-05,,,,,,-0.0003462958885646,7.958791786287426e-05,-0.0003462658604927,7.961664072874753e-05,7.954256526319349e-05,-0.002053420896192139
2025-01-02,0.0024347480267154,,,,,,0.0024347480267154,0.0024347480267154,0.0024347417227828,0.0024347833974601,0.0024348239482844,-0.0004624614121409909
2025-01-03,0.0021405249267483,,,,,,0.0021405249267483,0.0021405249267483,0.0021405221973745,0.0021405048644387,0.0021404815187353,0.005074957488863045
2025-01-06,0.0001084238764206,,,,,,0.0001084238764206,-0.0004328651650485,0.0001083736233539,0.0001083542124056,0.0001084274086293,0.0021556588148014294
2025-01-07,-0.0030274664475004,,,,,,-0.0030274664475004,0.0,-0.0030273955779268,-0.0030273941255145,-0.0030274370694075,-0.0063473724743489425
2025-01-08,0.0005480885487832,,,,,,0.0005480885487832,0.0,0.0005480621365388,0.00054809445101,0.00054806242293,0.0009691904064917255
2025-01-10,-0.0036664555156525,,,,,,-0.0036664555156525,0.0,-0.0036664830044758,-0.0036664791426898,-0.0036664675733257,-0.008469762859993998
2025-01-13,-0.0004332038899742,,,,,,-0.000368658440599,0.0,-0.0004332041182146,-0.0003687394103924,-0.0003686984156446,0.00026023556514733544
2025-01-14,0.0,,,,,,0.0013420469255862,0.0,0.0,0.0013420681967001,0.0013420653545998,0.00042892270137818295
2025-01-15,0.0,,,,,,-0.0004314870334747,0.0,0.0,-0.0004314878242488,-0.0004314872566272,0.010436071346604773
2025-01-16,0.0,,,,,,0.0,0.0,0.0,0.0,0.0,-0.00023705444105061107
2025-01-17,0.0,,,,,,0.0,0.0,0.0,0.0,0.0,0.004423799667880232
2025-01-21,0.0,,,,,,0.0,0.0,0.0,0.0,0.0,0.004783340660948427
2025-01-22,0.0,,,,,,0.0,0.0,0.0,0.0,0.0,0.0015989734643136943
2025-01-23,0.0,,,,,,0.0,0.0,0.0,0.0,0.0,0.001592361433004421
2025-01-24,0.0006192790790316,,,,,,0.0,0.0,0.0,0.0,0.0,-0.0006709054147309662
2025-01-27,-0.0024525576667595,,,,,,0.0,-0.0028722358195785,0.0,0.0,0.0,-0.004122855773521575
2025-01-28,0.0017797055493647,,,,,,0.0,0.0017797055493647,0.0,0.0013683605512423,0.0,0.0036314512377523585
2025-01-29,-0.001121977502385,,,,,,0.0,-0.001121977502385,0.0,-0.0011219275382412,0.0,-0.0022237531686461016
2025-01-30,0.0046629946269253,,,,,,0.0,0.0046629946269253,0.0,0.0046629929833762,0.004245172539922,0.002856517188670793
2025-01-31,-0.0024497911240098,,,,,,-0.0028669046082394,-0.0024497911240098,-0.0028669783452436,-0.0024498375010042,-0.0024498208574622,-0.002727333219644334
2025-02-03,-0.0005204723233551,,,,,,-0.0005204723233551,-0.0005204723233551,-0.0005204264570146,-0.0005204716745313,-0.0005204232636408,-0.0027460589888604046
2025-02-04,0.0037489843368208,,,,,,0.0037489843368208,0.0037489843368208,0.0037490298704659,0.0037489689567563,0.0037489846809577,0.004132494678548638
2025-02-05,0.0033564340665333,,,,,,0.0033564340665333,-0.0004246793198617,0.0033563937066097,0.0033564922619401,0.0033564193377064,0.0038686699245785005
2025-02-06,-0.0001125760012077,,,,,,-0.0001125760012077,0.0,-0.0001126112772787,-0.0001126207013186,-0.0001125833479791,0.001056379942874606
2025-02-07,-0.0032973405345251,,,,,,-0.0032973405345251,0.0,-0.0032972907068728,-0.0032972830002635,-0.0032972796455425,-0.004852638771665625
2025-02-10,0.0045499856808738,,,,,,0.0045499856808738,0.0,0.0045500237135062,0.0045499876499579,0.0045499050598249,0.002792129041625308
2025-02-11,-0.000454429715532,,,,,,-0.000875649288489,0.0,-0.000454429696252,-0.0008756577718997,-0.000875553256211,-0.00043035643555236665
2025-02-12,0.0,,,,,,-0.0035682901236129,0.0,0.0,-0.0035683012380898,-0.0035683159783992,-0.0032859019658797515
2025-02-13,0.0,,,,,,-0.0004631234298952,0.0,0.0,-0.0004631237168403,-0.0004631233073309,0.006528650601357828
2025-02-14,0.0,,,,,,0.0,0.0,0.0,0.0,0.0,0.0010478028303908128
2025-02-18,0.0,,,,,,0.0,0.0,0.0,0.0,0.0,-0.00023138850965448996
2025-02-19,0.0,,,,,,0.0,0.0,0.0,0.0,0.0,0.001423229896172867
2025-02-20,0.0,,,,,,0.0,0.0,0.0,0.0,0.0,-0.0012224926986874097
2025-02-21,-0.0045695772151205,,,,,,0.0,0.0,0.0,0.0,0.0,-0.005707035544937094
2025-02-24,-0.0006103100576131,,,,,,0.0,-0.0010547497783239,0.0,0.0,0.0,-0.0013311510113148688
2025-02-25,-4.129898410963752e-06,,,,,,0.0,-4.129898410963752e-06,0.0,-0.0004515166683775,0.0,2.255605272622617e-05
2025-02-26,0.0013555512786085,,,,,,0.0,0.0013555512786085,0.0,0.0013554660837316,0.0,0.000985071892250095
2025-02-27,-0.0050148292863858,,,,,,0.0,-0.0050148292863858,0.0,-0.0050147679765549,-0.0054718639096129,-0.0070688803148081835
2025-02-28,0.0031362381720896,,,,,,0.0026872436219309,0.0031362381720896,0.0026872927334054,0.0031362610540448,0.0031362385443599,0.008016382470432144
2025-03-03,-0.0023987932015629,,,,,,-0.0023987932015629,-0.0023987932015629,-0.0023988140721725,-0.0023988241450655,-0.0023988344578918,-0.006772949365611606
2025-03-04,-0.0024204738927613,,,,,,-0.0024204738927613,-0.0024204738927613,-0.0024204514375453,-0.0024204321032096,-0.0024204004584748,-0.006217203036399305
2025-03-05,0.0020856418447999,,,,,,0.0020856418447999,-0.0004489853657152,0.0020856109227759,0.0020856023898779,0.0020856169778711,0.003204530346875161
2025-03-06,-0.0058741726391292,,,,,,-0.0058741726391292,0.0,-0.0058741329817081,-0.0058741963707893,-0.0058741556285155,-0.008569676708384806
2025-03-07,0.0018197187936875,,,,,,0.0018197187936875,0.0,0.0018197131377917,0.0018197705853931,0.0018197054729489,0.0019084361002040307
2025-03-10,-0.0064158325642307,,,,,,-0.0064158325642307,0.0,-0.0064158916732351,-0.0064158632413912,-0.0064158784176418,-0.009410689005831228
2025-03-11,-0.0004383968362747,,,,,,-0.001003283078487,0.0,-0.0004383972447881,-0.0010032370176049,-0.0010032319253487,-0.004440780229492237
2025-03-12,0.0,,,,,,0.0015384578481697,0.0,0.0,0.0015384293998446,0.001538474671102,0.0013072060966488638
2025-03-13,0.0,,,,,,-0.0004309479072674,0.0,0.0,-0.0004309485605808,-0.0004309482413085,-0.004480113460340899
2025-03-14,0.0,,,,,,0.0,0.0,0.0,0.0,0.0,0.007327692720621241
2025-03-17,0.0,,,,,,0.0,0.0,0.0,0.0,0.0,0.0035083714692829776
2025-03-18,0.0,,,,,,0.0,0.0,0.0,0.0,0.0,-0.004160286652298965
2025-03-19,0.0,,,,,,0.0,0.0,0.0,0.0,0.0,0.005440716356483451
2025-03-20,0.0,,,,,,0.0,0.0,0.0,0.0,0.0,-0.0008791624132625363
2025-03-21,0.0,,,,,,0.0,0.0,0.0,0.0,0.0,-0.00010442774763445315
2025-03-24,0.0018754729663461,,,,,,0.0,0.0,0.0,0.0,0.0,0.0059008537068018
2025-03-25,0.0008936366602829,,,,,,0.0,0.0004484768184846,0.0,0.0,0.0,0.0014837438604659112
2025-03-26,-0.0032678669418048,,,,,,0.0,-0.0032678669418048,0.0,-0.0037151716375682,0.0,-0.005664938638491217
2025-03-27,0.0005727001143567,,,,,,0.0,0.0005727001143567,0.0,0.0005727400513339,0.0,-0.0013527221126545628
2025-03-28,-0.0020949020584531,,,,,,0.0,-0.0020949020584531,0.0,-0.0020949092216356,-0.0025405220838599,-0.00620079523770879
2025-03-31,0.0037658557277381,,,,,,0.0033250125707404,0.0037658557277381,0.0033250306885011,0.0037658826345837,0.0037658451313054,0.0037533415393603124
2025-04-01,0.001647268020233,,,,,,0.001647268020233,0.001647268020233,0.0016473133432569,0.0016472041511503,0.0016472559490351,0.002335761875613132
2025-04-02,0.0022462238447116,,,,,,0.0022462238447116,0.0022462238447116,0.0022462611250203,0.0022463157329354,0.0022462247357227,0.002703744518358396
2025-04-03,-0.0174789256397403,,,,,,-0.0174789256397403,-0.000445000020977,-0.0174790138675665,-0.0174789950981327,-0.0174789173475856,-0.02050034777255826
2025-04-04,-0.0180298222243269,,,,,,-0.0180298222243269,0.0,-0.0180297991306173,-0.018029790207585,-0.0180298318455795,-0.025872376936524534
2025-04-07,-0.0110016646179954,,,,,,-0.0110016646179954,0.0,-0.0110016572522592,-0.0110016501201508,-0.0110016846393368,-0.00376437170408222
2025-04-08,-0.0079454085060739,,,,,,-0.0079454085060739,0.0,-0.0079453537683959,-0.0079453538003322,-0.0079453396853566,-0.007275849505594809
2025-04-09,-0.0003662169739518,,,,,,0.0248477904734485,0.0,-0.0003662163359286,0.0248476953210258,0.0248477507301341,0.0400981599272901
2025-04-10,0.0,,,,,,-0.010376403220373,0.0,0.0,-0.0103764555814917,-0.0103764377361668,-0.020176127985729674
2025-04-11,0.0,,,,,,-0.0003232645540717,0.0,0.0,-0.0003232644286659,-0.0003232646453753,0.006120413667248671
2025-04-14,0.0,,,,,,0.0,0.0,0.0,0.0,0.0,0.006321949301144903
2025-04-15,0.0,,,,,,0.0,0.0,0.0,0.0,0.0,-0.00040644706667797715
2025-04-16,0.0,,,,,,0.0,0.0,0.0,0.0,0.0,-0.00812691833930893
2025-04-17,0.0,,,,,,0.0,0.0,0.0,0.0,0.0,-0.00023782907167912415
2025-04-21,0.0,,,,,,0.0,0.0,0.0,0.0,0.0,-0.01151363240393729
2025-04-22,0.0,,,,,,0.0,0.0,0.0,0.0,0.0,0.01099236595884306
2025-04-23,0.0023851943090266,,,,,,0.0,0.0,0.0,0.0,0.0,0.006797171297164408
2025-04-24,0.00503994248073,,,,,,0.0,0.0047423509021826,0.0,0.0,0.0,0.010354333202649814
2025-04-25,0.0010948223466297,,,,,,0.0,0.0010948223466297,0.0,0.0007996227746565,0.0,0.004097292344602126
2025-04-28,0.0008884577931991,,,,,,0.0,0.0008884577931991,0.0,0.0008884654909694,0.0,0.0012776801405731853
2025-04-29,0.0002568708189621,,,,,,0.0,0.0002568708189621,0.0,0.0002568615729562,-3.993858924359808e-05,0.0036123425067663725
2025-04-30,-0.002424917276992,,,,,,-0.0027214892899774,-0.002424917276992,-0.0027215230297883,-0.0024249406893244,-0.002424934230396,0.0006045034501827961
2025-05-01,-0.0002656298575636,,,,,,-0.0002656298575636,-0.0002656298575636,-0.0002656177862433,-0.0002655663600844,-0.0002656004673792,0.0016731018571296387
2025-05-02,0.001262414401456,,,,,,0.001262414401456,0.001262414401456,0.0012624439989397,0.0012623607041248,0.0012624122373888,0.004544244895681542
2025-05-05,-0.0002919652671496,,,,,,-0.0002919652671496,-0.0002959630884532,-0.0002920282975746,-0.0002919966899147,-0.0002919962218824,-0.0029502395576205165
2025-05-06,0.0018103579186415,,,,,,0.0018103579186415,0.0,0.0018103777539305,0.0018103893024055,0.001810402501657,-0.002651288602332106
2025-05-07,-0.0007405937583616,,,,,,-0.0007405937583616,0.0,-0.0007405853798609,-0.0007406104083068,-0.0007406349591545,0.0024556232860382422
2025-05-08,-4.14261343335824e-05,,,,,,-4.14261343335824e-05,0.0,-4.145835162404724e-05,-4.1440193849358376e-05,-4.1440830133301e-05,0.0007459453526129776
2025-05-09,-0.0002937067109563,,,,,,0.0013722519082993,0.0,-0.0002937070302888,0.0013722892822289,0.0013722907388867,-0.0003273777037791214
2025-05-12,0.0,,,,,,0.0030735958844585,0.0,0.0,0.0030735502350971,0.0030735728127601,0.012099438080301285
2025-05-13,0.0,,,,,,-0.0002926828866834,0.0,0.0,-0.0002926828291098,-0.0002926828802477,0.0025854987032464345
2025-05-14,0.0,,,,,,0.0,0.0,0.0,0.0,0.0,-0.0005387713985367225
2025-05-15,0.0,,,,,,0.0,0.0,0.0,0.0,0.0,0.003872704384941889
2025-05-16,0.0,,,,,,0.0,0.0,0.0,0.0,0.0,0.002754622200641517
2025-05-19,0.0,,,,,,0.0,0.0,0.0,0.0,0.0,0.0003461158921624467
2025-05-20,0.0,,,,,,0.0,0.0,0.0,0.0,0.0,-0.0017578137862104665
2025-05-21,0.0,,,,,,0.0,0.0,0.0,0.0,0.0,-0.009041496259220336
2025-05-22,-9.759176580842552e-05,,,,,,0.0,0.0,0.0,0.0,0.0,0.0011782268960516334
2025-05-23,0.0010728448967934,,,,,,0.0,0.0007844277725699,0.0,0.0,0.0,-0.0020617118906583417
2025-05-27,0.0033572906218287,,,,,,0.0,0.0033572906218287,0.0,0.0030686216766823,0.0,0.0098966948320338
2025-05-28,-0.0014726433163472,,,,,,0.0,-0.0014726433163472,0.0,-0.0014726046668025,0.0,-0.003247942809594223
2025-05-29,0.0014993671950479,,,,,,0.0,0.0014993671950479,0.0,0.0014993443919749,0.0012108855086604,0.0028189311530104266
2025-05-30,-0.0005224623469983,,,,,,-0.0008113982976166,-0.0005224623469983,-0.0008113924257336,-0.0005224507394502,-0.0005224551525816,0.00036566785947460246
2025-06-02,0.0027361506395696,,,,,,0.0027361506395696,0.0027361506395696,0.0027361259673415,0.002736154857101,0.0027361531226277,0.001780461893806942
2025-06-03,0.0007994222612833,,,,,,0.0007994222612833,0.0007994222612833,0.0007994516289628,0.0007994258639498,0.0007993976987287,0.0021937265018595574
2025-06-04,0.0020767110075879,,,,,,0.0020767110075879,-0.0002902969615724,0.0020766788700208,0.0020766962783466,0.002076737495047,0.0022684906529999898
2025-06-05,0.0001708729271266,,,,,,0.0001708729271266,0.0,0.0001709050684596,0.0001708945210192,0.0001708580846131,-0.002837811457158668
2025-06-06,7.201882446943778e-05,,,,,,7.201882446943778e-05,0.0,7.200307983258216e-05,7.2006083652145e-05,7.20235729647294e-05,0.002071241443757467
2025-06-09,0.0015129153814959,,,,,,0.0015129153814959,0.0,0.0015128609967204,0.0015128636290594,0.0015129047431841,0.0009905479735421328
2025-06-10,-0.0002891897495276,,,,,,0.0012595591692403,0.0,-0.0002891899020131,0.0012596000362118,0.0012595537108904,0.0028663624037737153
2025-06-11,0.0,,,,,,0.0015251764269173,0.0,0.0,0.0015251820848853,0.0015251775900474,-3.576667193682838e-05
2025-06-12,0.0,,,,,,-0.0002913295613164,0.0,0.0,-0.0002913296099056,-0.0002913294504767,0.0028868392120938884
2025-06-13,0.0,,,,,,0.0,0.0,0.0,0.0,0.0,-0.005951556669500866
2025-06-16,0.0,,,,,,0.0,0.0,0.0,0.0,0.0,0.0030687364637517712
2025-06-17,0.0,,,,,,0.0,0.0,0.0,0.0,0.0,-0.0022222687333773427
2025-06-18,0.0,,,,,,0.0,0.0,0.0,0.0,0.0,7.578523818042477e-05
2025-06-20,0.0,,,,,,0.0,0.0,0.0,0.0,0.0,-0.0007868390368923664
2025-06-23,-0.0005521313540756,,,,,,0.0,0.0,0.0,0.0,0.0,0.004767926433708959
2025-06-24,0.0006081711935067,,,,,,0.0,0.0003241733968881,0.0,0.0,0.0,0.005639531637061062
2025-06-25,-0.0007934362320115,,,,,,0.0,-0.0007934362320115,0.0,-0.001076961585045,0.0,0.0003396372633683882
2025-06-26,0.0021927475081799,,,,,,0.0,0.0021927475081799,0.0,0.0021927755983044,0.0,0.0043257173100679286
2025-06-27,-0.0013321717743031,,,,,,0.0,-0.0013321717743031,0.0,-0.0013321767321969,-0.0016185332816535,0.0013060985401774311
2025-06-30,0.0020519393983529,,,,,,0.0017654365073367,0.0020519393983529,0.0017654595483194,0.0020519301103704,0.0020519490985244,0.0031384285596732053
2025-07-01,0.0006703081855505,,,,,,0.0006703081855505,0.0006703081855505,0.0006702670090559,0.0006702710207912,0.0006702960027587,-0.0006407972805365199
2025-07-02,0.0017746437552099,,,,,,0.0017746437552099,0.0017746437552099,0.0017746805955143,0.001774659455608,0.0017746326014319,0.0015930917507982795
2025-07-03,0.0003106086569662,,,,,,0.0003106086569662,-0.000297804474829,0.0003105881498792,0.000310622111665,0.0003105952702149,0.002373784672037858
2025-07-07,-0.0028649504806482,,,,,,-0.0028649504806482,0.0,-0.0028649283325586,-0.0028649356870041,-0.0028648941574909,-0.0046683414708406125
2025-07-08,-0.0001222358957915,,,,,,-0.0001222358957915,0.0,-0.000122236889526,-0.0001222373241708,-0.0001222784379963,-0.0007084614952476137
2025-07-09,0.002726744883195,,,,,,0.002726744883195,0.0,0.0027267345575106,0.0027267516470118,0.0027267765384321,0.003973233554233921
2025-07-10,-0.0003848076596917,,,,,,0.0008021136960985,0.0,-0.0003848078407142,0.0008020820771112,0.0008020444668654,0.0010416839793090126
2025-07-11,0.0,,,,,,-0.0008613697095869,0.0,0.0,-0.0008613302282926,-0.0008613025962381,-0.002725762449432634
2025-07-14,0.0,,,,,,-0.0004257133639663,0.0,0.0,-0.0004257140914374,-0.0004257133102099,0.0006310422347617088
2025-07-15,0.0,,,,,,0.0,0.0,0.0,0.0,0.0,-0.002895667357262517
2025-07-16,0.0,,,,,,0.0,0.0,0.0,0.0,0.0,0.0021824227867830296
2025-07-17,0.0,,,,,,0.0,0.0,0.0,0.0,0.0,0.0025677037288219027
2025-07-18,0.0,,,,,,0.0,0.0,0.0,0.0,0.0,0.000433517426983814
2025-07-21,0.0,,,,,,0.0,0.0,0.0,0.0,0.0,0.0017646480684407502
2025-07-22,0.0,,,,,,0.0,0.0,0.0,0.0,0.0,0.000859538406306271
2025-07-23,0.0,,,,,,0.0,0.0,0.0,0.0,0.0,0.002725566859808648
2025-07-24,-0.0021988555705348,,,,,,0.0,0.0,0.0,0.0,0.0,-0.0005128786861342295
2025-07-25,-0.0001473869808761,,,,,,0.0,-0.0006021152522885,0.0,0.0,0.0,0.0024499569932273074
2025-07-28,-0.0010782903184147,,,,,,0.0,-0.0010782903184147,0.0,-0.0015343071816455,0.0,-0.0007061520852579155
2025-07-29,0.004215799780617,,,,,,0.0,0.004215799780617,0.0,0.0042158226730366,0.0,0.0007135815064539605
2025-07-30,-0.0034144837481203,,,,,,0.0,-0.0034144837481203,0.0,-0.0034145276862722,-0.0038617374360285,-0.0015719436398445759
2025-07-31,-0.0025793667313691,,,,,,-0.0030260215529581,-0.0025793667313691,-0.0030259716038205,-0.0025792898058221,-0.002579335636883,-0.0013473412449897964
2025-08-01,-0.0014482019738546,,,,,,-0.0014482019738546,-0.0014482019738546,-0.0014482876534185,-0.0014482473243512,-0.0014482386203863,-0.003945717924267735
2025-08-04,0.0052015869245416,,,,,,0.0052015869245416,0.0052015869245416,0.0052015956121428,0.0052015833442325,0.0052015829750725,0.007577386680577338
2025-08-05,-0.0002305258082342,,,,,,-0.0002305258082342,-0.0004460611346706,-0.000230444843158,-0.0002304709435453,-0.000230458131778,-0.002388833589608254
2025-08-06,-7.432571806935547e-05,,,,,,-7.432571806935547e-05,0.0,-7.440981948169546e-05,-7.43724354068363e-05,-7.437732218923368e-05,0.0029787035386051436
2025-08-07,0.0012741007715447,,,,,,0.0012741007715447,0.0,0.0012741654039841,0.0012741538779983,0.0012741301428684,-0.0006620559404402144
2025-08-08,0.0003510368784005,,,,,,0.0003510368784005,0.0,0.000350963205664,0.0003509753312839,0.0003509845431735,0.002690655167240404
2025-08-11,-0.0004677560533785,,,,,,-0.0012887297643984,0.0,-0.0004677562063756,-0.001288699023147,-0.0012887210081761,-0.0007896291124979515
2025-08-12,0.0,,,,,,0.0034988079752969,0.0,0.0,0.0034987818187999,0.0034988368765085,0.00440396115601972
2025-08-13,0.0,,,,,,-0.0004716514573788,0.0,0.0,-0.0004716521675395,-0.0004716514421349,0.002608841377915755
2025-08-14,0.0,,,,,,0.0,0.0,0.0,0.0,0.0,-0.0011713604237375513
2025-08-15,0.0,,,,,,0.0,0.0,0.0,0.0,0.0,-0.0015446234580701673
2025-08-18,0.0,,,,,,0.0,0.0,0.0,0.0,0.0,-0.0003692889406374304
2025-08-19,0.0,,,,,,0.0,0.0,0.0,0.0,0.0,-0.0015761909165225836
2025-08-20,0.0,,,,,,0.0,0.0,0.0,0.0,0.0,-0.0007050152336127356
2025-08-21,0.0,,,,,,0.0,0.0,0.0,0.0,0.0,-0.002559987604632383
2025-08-22,0.00950371137017,,,,,,0.0,0.0,0.0,0.0,0.0,0.008004022316970928
2025-08-25,-0.002256720910808,,,,,,0.0,-0.0027323758913177,0.0,0.0,0.0,-0.0027704753672430898
2025-08-26,0.0004958794866114,,,,,,0.0,0.0004958794866114,0.0,1.406003409180521e-05,0.0,0.0024612747941700373
2025-08-27,0.0010191302445951,,,,,,0.0,0.0010191302445951,0.0,0.0010191252389859,0.0,0.0015224919938146666
2025-08-28,0.0027338028465188,,,,,,0.0,0.0027338028465188,0.0,0.002733778531818,0.002248592358447,0.0022155338448547864
2025-08-29,-0.0017866705223426,,,,,,-0.0022785912358947,-0.0017866705223426,-0.0022785690035179,-0.0017866417356641,-0.0017866309394272,-0.0028753675545605617
2025-09-02,-0.0001580451349729,,,,,,-0.0001580451349729,-0.0001580451349729,-0.0001580305042739,-0.0001580449178552,-0.0001580696248352,-0.003909630883872905
2025-09-03,0.0027655180798604,,,,,,0.0027655180798604,0.0027655180798604,0.0027654788216166,0.0027654594281934,0.0027654728332943,0.0037327224500336145
2025-09-04,0.0034684825871926,,,,,,0.0034684825871926,-0.0004927186983512,0.0034684957202578,0.0034685148370695,0.0034684891612944,0.005203840434393518
2025-09-05,0.0035599682315824,,,,,,0.0035599682315824,0.0,0.0035599997771084,0.0035600104210492,0.0035599890186259,0.0008609858616803403
2025-09-08,0.0037061437612812,,,,,,0.0037061437612812,0.0,0.0037061086100687,0.0037061599515774,0.0037061587013204,0.002097977756688322
2025-09-09,-0.0006795054731208,,,,,,-0.0006795054731208,0.0,-0.0006795195942871,-0.000679538075066,-0.000679595646295,0.00010402294523936394
2025-09-10,-0.0004904645042638,,,,,,0.0026223451916554,0.0,-0.0004904645931556,0.0026223270423666,0.0026224220031255,0.0020021270069321595
2025-09-11,0.0,,,,,,0.0044224435226524,0.0,0.0,0.0044224680972467,0.0044224562431604,0.0043178064587422954
2025-09-12,0.0,,,,,,-0.000503424422539,0.0,0.0,-0.0005034247514457,-0.0005034245060323,-0.0011436357821493007
2025-09-15,0.0,,,,,,0.0,0.0,0.0,0.0,0.0,0.0028436990646442217
2025-09-16,0.0,,,,,,0.0,0.0,0.0,0.0,0.0,-0.0004556814311944884
2025-09-17,0.0,,,,,,0.0,0.0,0.0,0.0,0.0,-0.0012095445239359232
2025-09-18,0.0,,,,,,0.0,0.0,0.0,0.0,0.0,0.0010094126033915482
2025-09-19,0.0,,,,,,0.0,0.0,0.0,0.0,0.0,0.0020210052383795377
2025-09-22,0.0,,,,,,0.0,0.0,0.0,0.0,0.0,0.0017576144125881223
2025-09-23,0.0010134298790813,,,,,,0.0,0.0,0.0,0.0,0.0,-0.0016220583805742653
2025-09-24,-0.0020630798216129,,,,,,0.0,-0.0025857870236956,0.0,0.0,0.0,-0.0022120833786487886
2025-09-25,-0.0003313676234718,,,,,,0.0,-0.0003313676234718,0.0,-0.0008544650262126,0.0,-0.0025556286551323567
2025-09-26,0.002688247354873,,,,,,0.0,0.002688247354873,0.0,0.0026882092198299,0.0,0.002349224643621341
2025-09-29,0.0025543609626894,,,,,,0.0,0.0025543609626894,0.0,0.0025543904815034,0.0020327838017105,0.0021844462543333413
2025-09-30,0.0004570910719858,,,,,,-6.410367244830747e-05,0.0004570910719858,-6.411062509264164e-05,0.000457068570293,0.0004570527355677,0.001516107585144271
2025-10-01,0.00313667929373,,,,,,0.00313667929373,0.00313667929373,0.0031366974370548,0.003136657695484,0.0031366971001761,0.0028474226023026015
2025-10-02,-0.0001208483689519,,,,,,-0.0001208483689519,-0.0001208483689519,-0.0001208891873462,-0.0001208493534476,-0.0001208636580324,0.0007656424407890166
2025-10-03,0.0013454289497827,,,,,,0.0013454289497827,-0.0005303580093436,0.0013455022224549,0.001345446419773,0.0013454443963253,-0.00031059255625090574
2025-10-06,0.002375177090187,,,,,,0.002375177090187,0.0,0.0023751385903823,0.002375113658948,0.0023751486779927,0.0013130968027405625
2025-10-07,-0.0007146984650021,,,,,,-0.0007146984650021,0.0,-0.0007146509849819,-0.0007146311133855,-0.0007146677911668,-0.0012837849943590411
2025-10-08,0.0037262399374702,,,,,,0.0037262399374702,0.0,0.0037261810411409,0.0037262436502126,0.0037262250333255,0.0026593240754198737
2025-10-09,-0.0005334683174391,,,,,,-0.0038533773359333,0.0,-0.0005334679135147,-0.0038533959982597,-0.0038533720543876,-0.0016983881128952729
2025-10-10,0.0,,,,,,-0.0097776434906972,0.0,0.0,-0.0097776471093066,-0.0097776911974823,-0.00962774521996292
2025-10-13,0.0,,,,,,-0.0005320021341827,0.0,0.0,-0.0005320014048082,-0.000532002110012,0.006754667775292413
2025-10-14,0.0,,,,,,0.0,0.0,0.0,0.0,0.0,0.00020590216911978157
2025-10-15,0.0,,,,,,0.0,0.0,0.0,0.0,0.0,0.0016400674655766383
2025-10-16,0.0,,,,,,0.0,0.0,0.0,0.0,0.0,-0.0013397933484898773
2025-10-17,0.0,,,,,,0.0,0.0,0.0,0.0,0.0,0.0015040059174061108
2025-10-20,0.0,,,,,,0.0,0.0,0.0,0.0,0.0,0.004710024929709683
2025-10-21,0.0,,,,,,0.0,0.0,0.0,0.0,0.0,8.389467373831909e-05
2025-10-22,0.0,,,,,,0.0,0.0,0.0,0.0,0.0,-0.0021163279104003986
2025-10-23,0.0,,,,,,0.0,0.0,0.0,0.0,0.0,0.0014123741851802263
2025-10-24,0.0019584047360382,,,,,,0.0,0.0,0.0,0.0,0.0,0.0036660212639893918
2025-10-27,0.0016028323750938,,,,,,0.0,0.0011044878343824,0.0,0.0,0.0,0.005327816153213272
2025-10-28,-0.0018635066950618,,,,,,0.0,-0.0018635066950618,0.0,-0.0023624601042416,0.0,0.0012615741888435045
2025-10-29,-0.0030513147687859,,,,,,0.0,-0.0030513147687859,0.0,-0.0030512938346759,0.0,-0.0017046887186515625
2025-10-30,-0.002265057367392,,,,,,0.0,-0.002265057367392,0.0,-0.0022650937224778,-0.0027664431130937,-0.005324339288416324
2025-10-31,0.0005060771803059,,,,,,3.424594027033969e-06,0.0005060771803059,3.44803598117515e-06,0.0005060928171479,0.00050608131001,0.0015196801274994455
2025-11-03,-6.582409525305341e-05,,,,,,-6.582409525305341e-05,-6.582409525305341e-05,-6.579194645335211e-05,-6.581334846515952e-05,-6.580306620321672e-05,0.0006365264078222042
2025-11-04,-0.004523592176216,,,,,,-0.004523592176216,-0.004523592176216,-0.0045235933759624,-0.0045235899013164,-0.0045235923704769,-0.005312561805363064
2025-11-05,0.0005066162845938,,,,,,0.0005066162845938,-0.00050626300007,0.0005065570385634,0.0005065660606442,0.000506587705549,0.0002001150503303471
2025-11-06,-0.0014728023185289,,,,,,-0.0014728023185289,0.0,-0.0014727697644321,-0.0014727562718007,-0.0014727554698286,-0.0033884716382661887
2025-11-07,0.0012963406331512,,,,,,0.0012963406331512,0.0,0.0012963663912398,0.0012963750094506,0.0012963410424579,0.00044535810053014484
2025-11-10,0.0065525569309954,,,,,,0.0065525569309954,0.0,0.0065525742829616,0.0065525438878697,0.0065525339855675,0.00617733989040627
2025-11-11,-0.0005035626779842,,,,,,0.0035078843459713,0.0,-0.000503562761739,0.0035078649786266,0.0035078681672142,0.0018784480931211044
2025-11-12,0.0,,,,,,-0.0006426826915956,0.0,0.0,-0.0006427133852682,-0.0006426923918217,0.00025628455672906017
2025-11-13,0.0,,,,,,-0.0005002902861498,0.0,0.0,-0.0005002903641367,-0.0005002901378073,-0.007884679866590048
2025-11-14,0.0,,,,,,0.0,0.0,0.0,0.0,0.0,-0.0005372136668508199
2025-11-17,0.0,,,,,,0.0,0.0,0.0,0.0,0.0,-0.0035936025397613532
2025-11-18,0.0,,,,,,0.0,0.0,0.0,0.0,0.0,-0.0030629295052487567
2025-11-19,0.0,,,,,,0.0,0.0,0.0,0.0,0.0,0.001419866691078155
2025-11-20,-0.0049941758640993,,,,,,0.0,0.0,0.0,0.0,0.0,-0.005731607741979769
2025-11-21,0.0042122858478435,,,,,,0.0,0.0037165627832412,0.0,0.0,0.0,0.005095780832872798
2025-11-24,0.0062352002531028,,,,,,0.0,0.0062352002531028,0.0,0.0057417097602651,0.0,0.0066047344080476305
2025-11-25,0.003112221822113,,,,,,0.0,0.003112221822113,0.0,0.0031122275630078,0.0,0.004669633573428448
2025-11-26,0.0046225271660396,,,,,,0.0,0.0046225271660396,0.0,0.0046225294194722,0.0041272271943067,0.003145174405122868
2025-11-28,0.0029167381782987,,,,,,0.0024197878199837,0.0029167381782987,0.0024197441014715,0.002916737907279,0.0029167363560629,0.0017803039225049153
2025-12-01,-0.0035838189467513,,,,,,-0.0035838189467513,-0.0035838189467513,-0.0035838303235486,-0.0035837908932489,-0.0035838308124874,-0.004010366200118312
2025-12-02,0.0002907566804292,,,,,,0.0002907566804292,0.0002907566804292,0.0002907955409044,0.0002907156796502,0.000290746859528,0.0010748977507976877
2025-12-03,0.0019855368334017,,,,,,0.0019855368334017,-0.0005013341276966,0.0019855315016798,0.0019855109333796,0.001985515786696,0.0023351786508709112
2025-12-04,-0.0004216566491795,,,,,,-0.0004216566491795,0.0,-0.0004216773577665,-0.0004216337139826,-0.0004216678837334,-0.0006089323979603079
2025-12-05,0.0003569945473596,,,,,,0.0003569945473596,0.0,0.0003569957767943,0.0003569853602755,0.0003569944192804,0.00012055160662457341
2025-12-08,-0.0032133661713247,,,,,,-0.0032133661713247,0.0,-0.0032133712413588,-0.0032133693651153,-0.0032133403807569,-0.0019962502240854036
2025-12-09,-0.0005071015590683,,,,,,9.824476388409936e-05,0.0,-0.0005071015972441,9.826768762045396e-05,9.824250385355369e-05,-0.0007836797240477015
2025-12-10,0.0,,,,,,0.0043908719987426,0.0,0.0,0.0043908688296205,0.0043908734063505,0.0037299402040319074
2025-12-11,0.0,,,,,,-0.0005076856071792,0.0,0.0,-0.0005076856344096,-0.0005076853526906,0.0011480451578582648
2025-12-12,0.0,,,,,,0.0,0.0,0.0,0.0,0.0,-0.0055519017300852775
2025-12-15,0.0,,,,,,0.0,0.0,0.0,0.0,0.0,-0.00041385475246119205
2025-12-16,0.0,,,,,,0.0,0.0,0.0,0.0,0.0,-0.00042551419727045365
2025-12-17,0.0,,,,,,0.0,0.0,0.0,0.0,0.0,-0.00479301563113737
2025-12-18,0.0,,,,,,0.0,0.0,0.0,0.0,0.0,0.0038540194311307845
2025-12-19,0.0,,,,,,0.0,0.0,0.0,0.0,0.0,0.0031557828710925056
2025-12-22,0.0,,,,,,0.0,0.0,0.0,0.0,0.0,0.0023956858555855966
2025-12-23,0.0019137086564372,,,,,,0.0,0.0,0.0,0.0,0.0,0.00201156080859173
2025-12-24,0.0024592842475835,,,,,,0.0,0.0019553658959689,0.0,0.0,0.0,0.0022672619380244494
2025-12-26,0.0015136436309419,,,,,,0.0,0.0015136436309419,0.0,0.0010090643225213,0.0,0.0004423730194853348
2025-12-29,-0.0023401494826909,,,,,,0.0,-0.0023401494826909,0.0,-0.0023401377425302,0.0,-0.001556757188286333
2025-12-30,0.0010290914269972,,,,,,0.0,0.0010290914269972,0.0,0.0010290414821118,0.0005281159634104,-0.0008142861983916734
2025-12-31,-0.0055781912974176,,,,,,-0.0060806836115696,-0.0055781912974176,-0.0060806490506687,-0.00557815725962,-0.0055781645111673,-0.004070282181828945
2026-01-02,0.0027836209945467,,,,,,0.0027836209945467,0.0027836209945467,0.0027836187206165,0.0027836389751601,0.0027836781205383,0.0008692696526977804
2026-01-05,0.0065055273381309,,,,,,0.0065055273381309,0.0065055273381309,0.0065055188767208,0.0065055148240424,0.0065054712393696,0.00477800680687389
2026-01-06,0.0025805311885401,,,,,,0.0025805311885401,-0.0005018966133209,0.0025805245392944,0.0025804940060377,0.0025805033763043,0.002726960470301097
2026-01-07,-0.001729630186083,,,,,,-0.001729630186083,0.0,-0.0017296334343024,-0.0017296066870461,-0.0017295956708281,-0.0012791729135250864
2026-01-08,0.0015232610816674,,,,,,0.0015232610816674,0.0,0.0015232576076865,0.0015232639220077,0.0015232296115385,-0.0009814883208741282
2026-01-09,0.0043762024790084,,,,,,0.0043762024790084,0.0,0.0043762137561779,0.0043761840545978,0.0043762098489799,0.0031426141750261695
2026-01-12,-0.0005184722047654,,,,,,0.0030221709873992,0.0,-0.0005184722098577,0.0030221995586122,0.003022173146231,0.0005068658883624729
2026-01-13,0.0,,,,,,0.0015671849430875,0.0,0.0,0.0015671824663328,0.0015671933394898,-0.0005399802983359148
2026-01-14,0.0,,,,,,-0.0005193686445972,0.0,0.0,-0.0005193688292732,-0.0005193683158105,-0.0013518211739845713
2026-01-15,0.0,,,,,,0.0,0.0,0.0,0.0,0.0,0.0004920980092537367
2026-01-16,0.0,,,,,,0.0,0.0,0.0,0.0,0.0,-0.0014494601017132358
2026-01-20,0.0,,,,,,0.0,0.0,0.0,0.0,0.0,-0.010089883248755375
2026-01-21,0.0,,,,,,0.0,0.0,0.0,0.0,0.0,0.005581076973529488
2026-01-22,0.0,,,,,,0.0,0.0,0.0,0.0,0.0,0.002340311248507047
2026-01-23,0.0020244874242342,,,,,,0.0,0.0,0.0,0.0,0.0,0.0007423331163666074
2026-01-26,0.0020802434988033,,,,,,0.0,0.0015676311789038,0.0,0.0,0.0,0.0027977555470891026
2026-01-27,0.0029888305902672,,,,,,0.0,0.0029888305902672,0.0,0.0024731703828325,0.0,0.0019247554668304701
2026-01-28,0.0018294639034064,,,,,,0.0,0.0018294639034064,0.0,0.0018294669100496,0.0,3.301501754018611e-05
2026-01-29,0.0022584924010043,,,,,,0.0,0.0022584924010043,0.0,0.0022584977796447,0.0017489619604049,-0.00046596259253703105
2026-01-30,-0.0104497911698466,,,,,,-0.01096067784702,-0.0104497911698466,-0.0109606456781613,-0.0104498044844816,-0.0104497639804421,-0.0021650277423784026
2026-02-02,-0.0032136031972203,,,,,,-0.0032136031972203,-0.0032136031972203,-0.0032136039138436,-0.0032135863833391,-0.0032135737511423,0.0007834597976557018
2026-02-03,0.0026023398425887,,,,,,0.0026023398425887,0.0026023398425887,0.0026023087546916,0.0026023173799859,0.0026022703278249,-0.0028987629548011744
2026-02-04,-0.0007476449226979,,,,,,-0.0007476449226979,-0.0004944611588901,-0.000747610211358,-0.0007476154236585,-0.0007475805883962,-0.00220516908769504
2026-02-05,-0.0033717875564664,,,,,,-0.0033717875564664,0.0,-0.0033717976961146,-0.0033718180315022,-0.0033718163295119,-0.004109555882046783
2026-02-06,0.0084125280233872,,,,,,0.0084125280233872,0.0,0.0084125423440625,0.0084125516750356,0.0084125308174981,0.007983321295560538
2026-02-09,0.0031266895940339,,,,,,0.0031266895940339,0.0,0.0031266486675594,0.0031266767357817,0.0031267027194955,0.002202216932428962
2026-02-10,-0.0004852029587817,,,,,,0.0016954836272053,0.0,-0.0004852031850845,0.0016955020765067,0.0016954640653623,0.00022564086105323253
2026-02-11,0.0,,,,,,0.000986915714003,0.0,0.0,0.0009869029604847,0.0009868995896919,-0.0008852588733701819
2026-02-12,0.0,,,,,,-0.0004814369175114,0.0,0.0,-0.0004814371240641,-0.0004814368690202,-0.004916091771341366
2026-02-13,0.0,,,,,,0.0,0.0,0.0,0.0,0.0,0.0014558548498647414
2026-02-17,0.0,,,,,,0.0,0.0,0.0,0.0,0.0,0.0007332191130564922
2026-02-18,0.0,,,,,,0.0,0.0,0.0,0.0,0.0,0.0014111040779659274
2026-02-19,0.0,,,,,,0.0,0.0,0.0,0.0,0.0,-0.0008621502475748864
2026-02-20,0.0029662541608659,,,,,,0.0,0.0,0.0,0.0,0.0,0.0030267818972097432
2026-02-23,-0.0007229905511132,,,,,,0.0,-0.0012067443794554,0.0,0.0,0.0,-0.0033911644039545043
2026-02-24,0.0019090467894822,,,,,,0.0,0.0019090467894822,0.0,0.0014228961106081,0.0,0.0029524245636341957
2026-02-25,0.0019770213951027,,,,,,0.0,0.0019770213951027,0.0,0.0019770311616447,0.0,0.003363144200689326
2026-02-26,0.0001953100768836,,,,,,0.0,0.0001953100768836,0.0,0.0001953011431272,-0.0002932823384331,-0.0016589987299367602
2026-02-27,0.0011666372058969,,,,,,0.0006781892447214,0.0011666372058969,0.0006782192608177,0.0011666547744866,0.0011666604976207,-0.0008419301879339379
2026-03-02,-0.0001155483197809,,,,,,-0.0001155483197809,-0.0001155483197809,-0.0001155594086292,-0.0001155510285127,-0.0001155115086409,-0.0015624604135665307
2026-03-03,-0.0065173506654774,,,,,,-0.0065173506654774,-0.0065173506654774,-0.0065174018987661,-0.0065173717799606,-0.0065174081534538,-0.0049376242137996
2026-03-04,0.0032114329883396,,,,,,0.0032114329883396,-0.0004832761287297,0.0032114516800535,0.0032114502218241,0.0032114482820473,0.0029528430481049967
2026-03-05,-0.0039885046435916,,,,,,-0.0039885046435916,0.0,-0.0039884856686805,-0.0039885291027359,-0.0039885161031515,-0.0035793618182382654
2026-03-06,-0.0008939693207758,,,,,,-0.0008939693207758,0.0,-0.0008939499043708,-0.0008939237334142,-0.0008939220949826,-0.0052062069156978245
2026-03-09,0.0043652765697892,,,,,,0.0043652765697892,0.0,0.0043652555330067,0.0043652678846025,0.0043652446519728,0.004382531886023973
2026-03-10,-0.0004654295736472,,,,,,-0.0013125041098879,0.0,-0.000465429679536,-0.0013125232872807,-0.0013125061888314,-0.0015756341738697496
2026-03-11,0.0,,,,,,-0.0026827880135952,0.0,0.0,-0.002682789110235,-0.0026827889208388,-0.0017181102037077609
2026-03-12,0.0,,,,,,-0.0004634939100215,0.0,0.0,-0.0004634939464535,-0.0004634938534649,-0.007094357399730357
2026-03-13,0.0,,,,,,0.0,0.0,0.0,0.0,0.0,-0.0024817100302300197
2026-03-16,0.0,,,,,,0.0,0.0,0.0,0.0,0.0,0.0052584122954979495
2026-03-17,0.0,,,,,,0.0,0.0,0.0,0.0,0.0,0.001581680086763382
2026-03-18,0.0,,,,,,0.0,0.0,0.0,0.0,0.0,-0.007141336865100551
2026-03-19,0.0,,,,,,0.0,0.0,0.0,0.0,0.0,-0.0012082168449941161
2026-03-20,0.0,,,,,,0.0,0.0,0.0,0.0,0.0,-0.008539460944142565
2026-03-23,0.0,,,,,,0.0,0.0,0.0,0.0,0.0,0.004856003723991338
2026-03-24,-0.0017549148021849,,,,,,0.0,0.0,0.0,0.0,0.0,-0.0023826222570303493
2026-03-25,0.0048476963060809,,,,,,0.0,0.0044219961354794,0.0,0.0,0.0,0.0037009626573057982
2026-03-26,-0.0076942172998364,,,,,,0.0,-0.0076942172998364,0.0,-0.0081171145910748,0.0,-0.009771563780013046
2026-03-27,-0.0017251173114067,,,,,,0.0,-0.0017251173114067,0.0,-0.0017251214097208,0.0,-0.006898992387541534
2026-03-30,0.0029839855652819,,,,,,0.0,0.0029839855652819,0.0,0.0029839791463715,0.0025701245909107,0.00047309647473234534
2026-03-31,0.0088679785770402,,,,,,0.0084604404694057,0.0088679785770402,0.008460437008034,0.0088679785720568,0.0088679840007539,0.012127217180787441
2026-04-01,0.0016853934446496,,,,,,0.0016853934446496,0.0016853934446496,0.0016853990562104,0.0016853982555938,0.0016853926276806,0.0030991212360095186
2026-04-02,0.0037655414849355,,,,,,0.0037655414849355,0.0037655414849355,0.0037655400182498,0.0037655485697225,0.0037655571202695,0.0015911603311457277
2026-04-06,0.0007576098840261,,,,,,0.0007576098840261,-0.0004036460389104,0.0007576027363811,0.0007575963802401,0.000757580901494,0.001394434675296494
2026-04-07,0.0003698331671823,,,,,,0.0003698331671823,0.0,0.0003698480835039,0.0003698466768268,0.000369836405205,0.0009218357563080088
2026-04-08,0.0060991082182996,,,,,,0.0060991082182996,0.0,0.0060991070483347,0.0060990939084502,0.0060991243970901,0.011251384223991058
2026-04-09,0.0011782274041931,,,,,,0.0011782274041931,0.0,0.0011782334023279,0.001178246694075,0.0011782302928754,0.002334998598950615
2026-04-10,-0.0003941295916504,,,,,,-0.0014175595360979,0.0,-0.0003941291708136,-0.0014175661469937,-0.0014175660637068,-0.0008358838311487412
2026-04-13,0.0,,,,,,0.0035454996450325,0.0,0.0,0.0035455054196874,0.0035455140587838,0.004711788590645183
2026-04-14,0.0,,,,,,-0.0003932329001459,0.0,0.0,-0.0003932329558061,-0.0003932327005214,0.006026751296064931
2026-04-15,0.0,,,,,,0.0,0.0,0.0,0.0,0.0,0.0027285352470935186
2026-04-16,0.0,,,,,,0.0,0.0,0.0,0.0,0.0,0.0005688371412868959
2026-04-17,0.0,,,,,,0.0,0.0,0.0,0.0,0.0,0.006957308670188799
2026-04-20,0.0,,,,,,0.0,0.0,0.0,0.0,0.0,-0.0011344427926290542
2026-04-21,0.0,,,,,,0.0,0.0,0.0,0.0,0.0,-0.004165384229762556
2026-04-22,0.0,,,,,,0.0,0.0,0.0,0.0,0.0,0.0045408479026330315
2026-04-23,-0.0012735673729114,,,,,,0.0,0.0,0.0,0.0,0.0,-0.002082607200187725
2026-04-24,0.0020565858260186,,,,,,0.0,0.0016647005860896,0.0,0.0,0.0,0.0038029512120876068
2026-04-27,-0.0010466953358132,,,,,,0.0,-0.0010466953358132,0.0,-0.0014417981461562,0.0,7.802589499864132e-05
2026-04-28,-0.0006701090016997,,,,,,0.0,-0.0006701090016997,0.0,-0.0006701095829661,0.0,-0.002361947600099088
2026-04-29,-0.001554037401795,,,,,,0.0,-0.001554037401795,0.0,-0.0015540361796579,-0.0019503637402968,-0.0011785188201182011
2026-04-30,0.0033318680528814,,,,,,0.0029347659847487,0.0033318680528814,0.0029347708002969,0.0033318808182763,0.003331848981379,0.0046777289459762755
2026-05-01,0.0009344573027332,,,,,,0.0009344573027332,0.0009344573027332,0.0009344685986319,0.0009344561232818,0.0009344597933546,0.0015028433532448247
2026-05-04,-0.0024490237075752,,,,,,-0.0024490237075752,-0.0024490237075752,-0.0024490519128767,-0.0024490337519147,-0.0024490274124577,-0.0030005743119493307
2026-05-05,0.0033717884306688,,,,,,0.0033717884306688,-0.0003992227143384,0.0033717965260078,0.0033717860226741,0.003371786109048,0.00420078166956312
2026-05-06,0.005240215699788,,,,,,0.005240215699788,0.0,0.0052402006455414,0.0052402133883889,0.0052402133562766,0.008387370325544064
2026-05-07,-0.0028550696345527,,,,,,-0.0028550696345527,0.0,-0.0028550499437468,-0.0028550680717011,-0.002855061636503,-0.002404261703308733
2026-05-08,0.0037790264287297,,,,,,0.0037790264287297,0.0,0.0037790125314068,0.0037790133234222,0.0037790065338453,0.00419319623110201
2026-05-11,-0.0004009866649328,,,,,,0.0008341401582009,0.0,-0.000400986333454,0.0008341646271551,0.0008341648236614,3.283490826460028e-05
2026-05-12,0.0,,,,,,-0.0016110132819831,0.0,0.0,-0.0016110229525864,-0.0016110238215391,-0.0016396407897133515
2026-05-13,0.0,,,,,,-0.0004044314893597,0.0,0.0,-0.0004044314249761,-0.0004044314444604,0.002300731113337375
2026-05-14,0.0,,,,,,0.0,0.0,0.0,0.0,0.0,0.0032004048575794805
2026-05-15,0.0,,,,,,0.0,0.0,0.0,0.0,0.0,-0.007445516409711097
2026-05-18,0.0,,,,,,0.0,0.0,0.0,0.0,0.0,-0.0004156720034902451
2026-05-19,0.0,,,,,,0.0,0.0,0.0,0.0,0.0,-0.0037414851322478977
2026-05-20,0.0,,,,,,0.0,0.0,0.0,0.0,0.0,0.005886225283635883
2026-05-21,0.000882321763741,,,,,,0.0,0.0,0.0,0.0,0.0,0.0009973187627683783
2026-05-22,0.0007368236038228,,,,,,0.0,0.0003482562052459,0.0,0.0,0.0,0.0018900273600105642
2026-05-26,0.0038876690308423,,,,,,0.0,0.0038876690308423,0.0,0.0034988837102525,0.0,0.003981256207946613
2026-05-27,-0.0016232051395567,,,,,,0.0,-0.0016232051395567,0.0,-0.0016232169161919,0.0,1.9662893504767667e-06
2026-05-28,0.002024939763084,,,,,,0.0,0.002024939763084,0.0,0.0020249500000422,0.0016363006612982,0.00295682136674845
2026-05-29,-0.0001890798636185,,,,,,-0.0005812757981205,-0.0001890798636185,-0.0005812594879743,-0.0001890796362987,-0.0001890800484133,0.0013807907226846426
2026-06-01,0.0003811915683624,,,,,,0.0003811915683624,0.0003811915683624,0.0003811924129893,0.000381191194002,0.0003811904022477,0.0006904441592266639
2026-06-02,0.0017726772756749,,,,,,0.0017726772756749,0.0017726772756749,0.0017726764257617,0.0017726771681085,0.0017726772404316,0.001102455493699435
2026-06-03,-0.0024000842623481,,,,,,-0.0024000842623481,-0.0003986402250556,-0.0024000826406086,-0.0024000842596676,-0.0024000837000983,-0.004126593743608771
2026-06-04,0.001621578089197,,,,,,0.001621578089197,0.0,0.0016215773641592,0.0016215780990336,0.0016215780566353,0.002179823271486702
2026-06-05,-0.0103817488491914,,,,,,-0.0103817488491914,0.0,-0.010381746308394,-0.0103817495663005,-0.0103817473153432,-0.012388113596275766
2026-06-08,0.000858470930535,,,,,,0.000858470930535,0.0,0.0008584732801193,0.0008584729313563,0.0008584716520039,0.0006381497825600053
2026-06-09,-0.0003981725102258,,,,,,0.0001574889574367,0.0,-0.0003981721602901,0.0001574875514549,0.0001574881688509,-0.0004683010563215638
2026-06-10,0.0,,,,,,-0.0040077241132807,0.0,0.0,-0.0040077238769905,-0.004007722924498,-0.006709458552711414
2026-06-11,0.0,,,,,,-0.0004043483082625,0.0,0.0,-0.0004043482864207,-0.0004043480931443,0.008793813967346636
2026-06-12,0.0,,,,,,0.0,0.0,0.0,0.0,0.0,0.001772717357656065
2026-06-15,0.0,,,,,,0.0,0.0,0.0,0.0,0.0,0.007714012735370883
2026-06-16,0.0,,,,,,0.0,0.0,0.0,0.0,0.0,-0.001828328275389678
2026-06-17,0.0,,,,,,0.0,0.0,0.0,0.0,0.0,-0.006762387469789195
2026-06-18,0.0,,,,,,0.0,0.0,0.0,0.0,0.0,0.0054470613178136725
2026-06-22,0.0,,,,,,0.0,0.0,0.0,0.0,0.0,-0.002290075199497692
2026-06-23,-0.0044902923394468,,,,,,0.0,0.0,0.0,0.0,0.0,-0.0060035191452958965
2026-06-24,-0.0001857398102876,,,,,,0.0,-0.0006109624190642,0.0,0.0,0.0,0.0017989460446958309
2026-06-25,0.0023672870777034,,,,,,0.0,0.0023672870777034,0.0,0.0019419654898023,0.0,0.0006910191149952167
2026-06-26,-0.0004962023131656,,,,,,0.0,-0.0004962023131656,0.0,-0.0004962022710161,0.0,-0.002327885408196821
2026-06-29,0.0014482194956649,,,,,,0.0,0.0014482194956649,0.0,0.0014482191917412,0.0010100924554494,0.006955158392720899
2026-06-30,-0.0012829357518763,,,,,,-0.0017277228262315,-0.0012829357518763,-0.001727722843928,-0.0012829344868118,-0.0012829363823867,0.0018213375163633574
2026-07-01,-0.0024683170208561,,,,,,-0.0024683170208561,-0.0024683170208561,-0.0024683159571304,-0.0024683165718181,-0.0024683182174905,-0.001706250693988746
2026-07-02,0.0009844810710532,,,,,,0.0009844810710532,0.0009844810710532,0.0009844806464065,0.0009844809481178,0.000984481449949,-0.00013879078981896112
2026-07-06,0.0028883455154734,,,,,,0.0028883455154734,-0.0004434687465629,0.0028883452521226,0.0028883455199527,0.002888345731464,0.004307398352713595
2026-07-07,-0.0035258082292319,,,,,,-0.0035258082292319,0.0,-0.0035258058206374,-0.0035258072633374,-0.0035258113560736,-0.004052614745397721
2026-07-08,-0.0019449262513377,,,,,,-0.0019449262513377,0.0,-0.0019449253728063,-0.001944926018578,-0.0019449272730697,-0.0019456897629474518
2026-07-09,0.002392353115198,,,,,,0.002392353115198,0.0,0.0023923522156618,0.0023923530325208,0.0023923540484488,0.004154262280823592
2026-07-10,-0.0004432287810784,,,,,,-0.0001377876550533,0.0,-0.0004432285576603,-0.0001377874828476,-0.0001377880641247,0.0015712262741398406
2026-07-13,0.0,,,,,,-0.0025685141925217,0.0,0.0,-0.002568513700697,-0.0025685158727021,-0.004232350645408147
2026-07-14,0.0023645011569294,,,,,,-0.0004466566036313,0.0,0.0,-0.0004466565541667,-0.0004466568109861,0.0022716382279494903
2026-07-15,0.0011335271773345,,,,,,0.0,0.000691723913546,0.0,0.0,0.0,0.0023531162044172936
2026-07-16,-0.0018838838140958,,,,,,0.0,-0.0018838838140958,0.0,0.0,0.0,-0.002454954845024024
2026-07-17,8.039193885980664e-05,,,,,,0.0,8.039193885980664e-05,0.0,0.0,0.0,-0.0038610941768464605
2026-07-20,-0.0015078787185177,,,,,,0.0,-0.0015078787185177,0.0,0.0,0.0,-0.0015792609736722015
2026-07-21,0.0039832997069112,,,,,,0.0035351373986037,0.0039832997069112,0.0,0.003535137663984,0.0,0.0028148643451044856
