Date,tsmom_12m,tsmom_ensemble,xsec_momentum,green_line_200d,str_reversal_5d,low_vol_xsec,turn_of_month,bench_6040,spy
2007-01-03,0.0,0.0,0.0,0.0,0.0,0.0,0.0,0.0,
2007-01-04,0.0,0.0,0.0,0.0,0.0,0.0,0.0,0.002725099753678828,0.0021227688702956105
2007-01-05,0.0,0.0,0.0,0.0,0.0,0.0,0.0,-0.0060877503601302506,-0.007976420485631186
2007-01-08,0.0,0.0,0.0,0.0,0.0,0.0,0.0,0.0030652132855001567,0.004625030883864234
2007-01-09,0.0,0.0,0.0,0.0,0.0,0.0,0.0,-0.0006064866712457428,-0.0008502977587449001
2007-01-10,0.0,0.0,0.0,0.0,0.0,0.0,0.0,0.0013223101890711408,0.0033317042389449103
2007-01-11,0.0,0.0,0.0,0.0,0.0,0.0,0.0,0.0015626735033101192,0.004380249293157723
2007-01-12,0.0,0.0,0.0,0.0,0.0,0.0,0.0,0.0037330308310785654,0.007597167342110467
2007-01-16,0.0,0.0,0.0,0.0,0.0,0.0,0.0,-0.0003943630107947181,-0.0019546948852735557
2007-01-17,0.0,0.0,0.0,0.0,0.0,0.0,0.0,-0.0005250336505500108,0.0004198470602922999
2007-01-18,0.0,0.0,0.0,0.0,0.0,0.0,0.0,-0.0014783006412903753,-0.0033559939326973653
2007-01-19,0.0,0.0,0.0,0.0,0.0,0.0,0.0,0.0005470353398159044,0.0019640638235407515
2007-01-22,0.0,0.0,0.0,0.0,0.0,0.0,0.0,-0.0011185395842276957,-0.0030806742988949143
2007-01-23,0.0,0.0,0.0,0.0,0.0,0.0,0.0,0.0006040599835113625,0.002949751704904857
2007-01-24,0.0,0.0,0.0,0.0,0.0,0.0,0.0,0.0048803735913258706,0.008053181540317755
2007-01-25,0.0,0.0,0.0,0.0,0.0,0.0,0.0,-0.008602798660832888,-0.011740042437120346
2007-01-26,0.0,0.0,0.0,0.0,0.0,0.0,0.0,-0.0005973804053912346,-0.0009142979310703403
2007-01-29,0.0,0.0,0.0,0.0,0.0,0.0,0.0,-0.0006308067755228964,-0.0005622977731288836
2007-01-30,0.0,0.0,0.0,0.0,0.0,0.0,0.0,0.003516657440841353,0.005209134101066937
2007-01-31,0.0,0.0,0.0,0.0,0.0,0.0,0.0,0.005501580730828203,0.006723640916457052
2007-02-01,0.0,0.0,0.0,0.0,0.0,0.0,0.0,0.003300457869485163,0.005982305035328039
2007-02-02,0.0,0.0,0.0,0.0,0.0,0.0,0.0,0.0011722732377658306,0.0013830692081524543
2007-02-05,0.0,0.0,0.0,0.0,0.0,0.0,0.0,0.0006056912683152671,0.0002759455277654421
2007-02-06,0.0,0.0,0.0,0.0,0.0,0.0,0.0,0.0012893256563948797,0.00027617065252627526
2007-02-07,0.0,0.0,0.0,0.0,0.0,0.0,0.0,0.0022020096964748158,0.0022087552268390542
2007-02-08,0.0,0.0,0.0,0.0,0.0,0.0,0.0,-0.0006882341196028374,-0.001308614475594494
2007-02-09,0.0,0.0,0.0,0.0,0.0,0.0,0.0,-0.005682617133509371,-0.007446737927993441
2007-02-12,0.0,0.0,0.0,0.0,0.0,0.0,0.0,-0.0025786708515066923,-0.0034044957138564813
2007-02-13,0.0,0.0,0.0,0.0,0.0,0.0,0.0,0.004767817913644379,0.008434875009610598
2007-02-14,0.0,0.0,0.0,0.0,0.0,0.0,0.0,0.006235901285520295,0.006567346426901821
2007-02-15,0.0,0.0,0.0,0.0,0.0,0.0,0.0,0.0014141301174015464,0.001304719751591632
2007-02-16,0.0,0.0,0.0,0.0,0.0,0.0,0.0,0.00014784340709794735,-0.00048035522942624365
2007-02-20,0.0,0.0,0.0,0.0,0.0,0.0,0.0,0.0017608197302258156,0.0021275291310400846
2007-02-21,0.0,0.0,0.0,0.0,0.0,0.0,0.0,-0.00029463734453807346,-0.00041106706376525803
2007-02-22,0.0,0.0,0.0,0.0,0.0,0.0,0.0,-0.0014682535470252889,-0.0007536464043519375
2007-02-23,0.0,0.0,0.0,0.0,0.0,0.0,0.0,-0.0007441861955777892,-0.003907483381472954
2007-02-26,0.0,0.0,0.0,0.0,0.0,0.0,0.0,0.0007189532833947744,-0.0008947935822022357
2007-02-27,0.0,0.0,0.0,0.0,0.0,0.0,0.0,-0.020063504617960515,-0.039057198068286336
2007-02-28,0.0,0.0,0.0,0.0,0.0,0.0,0.0,0.004765364251403037,0.010250393212741127
2007-03-01,0.0,0.0,0.0,0.0,0.0,0.0,0.0,-0.0014274784628552472,-0.002979947262434224
2007-03-02,0.0,0.0,0.0,0.0,0.0,0.0,0.0,-0.006560172303558098,-0.013095150474511708
2007-03-05,0.0,0.0,0.0,0.0,0.0,0.0,0.0,-0.005472350866139931,-0.009519160572457164
2007-03-06,0.0,0.0,0.0,0.0,0.0,0.0,0.0,0.009739646487707976,0.01710938478539048
2007-03-07,0.0,0.0,0.0,0.0,0.0,0.0,0.0,0.00011759527261114857,-0.0010014889192376808
2007-03-08,0.0,0.0,0.0,0.0,0.0,0.0,0.0,0.005025081777173446,0.00845486491632852
2007-03-09,0.0,0.0,0.0,0.0,0.0,0.0,0.0,-0.002077436469727401,0.000284158027208381
2007-03-12,0.0,0.0,0.0,0.0,0.0,0.0,0.0,0.0020015384733384155,0.0014917545516295316
2007-03-13,0.0,0.0,0.0,0.0,0.0,0.0,0.0,-0.00988560822262723,-0.019433869312805663
2007-03-14,0.0,0.0,0.0,0.0,0.0,0.0,0.0,0.003944490593863393,0.007450156718736833
2007-03-15,0.0,0.0,0.0,0.0,0.0,0.0,0.0,0.00038855345882415904,0.0013645650756244354
2007-03-16,0.0,0.0,0.0,0.0,0.0,0.0,0.0,-0.0017281531498465784,-0.002800499966366443
2007-03-19,0.0,0.0,0.0,0.0,0.0,0.0,0.0,0.00670660223691728,0.012055480813638386
2007-03-20,0.0,0.0,0.0,0.0,0.0,0.0,0.0,0.003870413653267013,0.005491851660792912
2007-03-21,0.0,0.0,0.0,0.0,0.0,0.0,0.0,0.010449141934369032,0.016457328922739434
2007-03-22,0.0,0.0,0.0,0.0,0.0,0.0,0.0,-0.0017993693270856427,-0.0007675669666538099
2007-03-23,0.0,0.0,0.0,0.0,0.0,0.0,0.0,0.00025665593653441117,0.0014664186486743613
2007-03-26,0.0,0.0,0.0,0.0,0.0,0.0,0.0,-0.0004592012248411325,-0.0013252175378537512
2007-03-27,0.0,0.0,0.0,0.0,0.0,0.0,0.0,-0.0015202298194837871,-0.0023740336399967754
2007-03-28,0.0,0.0,0.0,0.0,0.0,0.0,0.0,-0.004415892576821245,-0.007279835960299574
2007-03-29,0.0,0.0,0.0,0.0,0.0,0.0,0.0,5.8558741068992525e-05,0.0010577821344228688
2007-03-30,0.0,0.0,0.0,0.0,0.0,0.0,0.0,-0.00035440028634141645,0.00021078181915723526
2007-04-02,0.0,0.0,0.0,0.0,0.0,0.0,0.0003349241336871568,0.0011205756585573213,0.0011268405757798305
2007-04-03,0.0,0.0,0.0,0.0,0.0012699613665776853,0.00012909895489284867,0.0017658011610402877,0.006119758783722329,0.010762415059462516
2007-04-04,0.0,0.0,0.0,0.0,0.00041654320922160934,-0.00042504267771262223,0.002078263888452855,0.0012964445005566815,0.001114041069034677
2007-04-05,0.0,0.0,0.0,0.0,-0.00030107098942544513,-0.0005546537005454151,-0.00040516577515526634,0.0006134845664849565,0.0027109992468270505
2007-04-09,0.0,0.0,0.0,0.0,-0.0006250348123426444,-0.0008669664740074131,-0.000351490588348986,-0.0010057117214525846,0.0013867889015606316
2007-04-10,0.0,0.0,0.0,0.0,-0.0004014070603289286,-9.953961888010886e-05,0.0,0.001532130814113053,0.0011767130872279985
2007-04-11,0.0,0.0,0.0,0.0,0.0013724173591996736,-0.00011889847103626174,0.0,-0.0029324658324564323,-0.004079617077736519
2007-04-12,0.0,0.0,0.0,0.0,-0.00022278949785763593,4.537180152211509e-05,0.0,0.0030543819645941993,0.004443611843032436
2007-04-13,0.0,0.0,0.0,0.0,-0.0025820154753960615,-0.0018862422676962573,0.0,0.0020584444777380197,0.0045626128344000705
2007-04-16,0.0,0.0,0.0,0.0,-0.0020327631826848078,0.001360049385307694,0.0,0.006134547204443308,0.00949592446448877
2007-04-17,0.0,0.0,0.0,0.0,-0.0006091260439677511,0.0030394879751246447,0.0,0.003293580394713791,0.00265862851388321
2007-04-18,0.0,0.0,0.0,0.0,-0.0007613121949716169,0.0010953502520787688,0.0,0.0016525313158735956,0.0012234760845220016
2007-04-19,0.0,0.0,0.0,0.0,0.0018575309835516746,0.0019263162910428077,0.0,-0.00021106953964158403,-0.0002712234168217309
2007-04-20,0.0,0.0,0.0,0.0,-0.003339428030285081,-0.0021765832733505815,0.0,0.00523062253086266,0.009440781311740087
2007-04-23,0.0,0.0,0.0,0.0,-0.0006213733470400294,-0.0003245731631634231,0.0,-0.0014402616938355537,-0.0037677536032150183
2007-04-24,0.0,0.0,0.0,0.0,-0.0010655519363559195,0.0028317264028038308,0.0,0.0010138958757433425,0.0004052513292125415
2007-04-25,0.0,0.0,0.0,0.0,-0.0006442712639997,-0.000746735334682626,0.0,0.0052690868422397225,0.009181804617113487
2007-04-26,0.0,0.0,0.0,0.0,-3.208675331647053e-05,0.00032437668246041796,-0.003376566085264008,-0.00047235266832927906,0.0011372560051585712
2007-04-27,0.0,0.0,0.0,0.0,2.661381004941963e-05,-0.0011320729660994919,0.0009211917051909836,-0.0004811347181567171,-0.0008018911969278619
2007-04-30,0.0,0.0,0.0,0.0,-0.002136722871084305,0.0039164641610611554,-0.0019588378667968627,-0.003238745321865499,-0.008292907450245801
2007-05-01,0.0,0.0,0.0,0.0,-0.0002186320184613724,0.0008682405189073558,-0.0008434157655619549,0.0015566109293970952,0.002562929041663775
2007-05-02,0.0,0.0,0.0,0.0,0.0010810752580562321,0.00032123941101012667,0.0013386872906729003,0.003029023014204446,0.005851667850316655
2007-05-03,0.0,0.0,0.0,0.0,0.0016021052130216925,-0.001174113504562624,0.0010726379217513345,0.002815027614996124,0.005416311802729057
2007-05-04,0.0,0.0,0.0,0.0,1.559291602205371e-06,0.0017885881400712435,0.0015231186202056568,0.003290140986528156,0.003791395416502974
2007-05-07,0.0,0.0,0.0,0.0,-0.00021668505221020994,0.0005963299653545505,-0.000358470150652669,0.0004566442928034764,0.00019885784177042787
2007-05-08,0.0,0.0,0.0,0.0,0.0010057606266924497,0.00031087349196932783,0.0,-0.0007952156340004678,-0.0013253593900007798
2007-05-09,0.0,0.0,0.0,0.0,0.0001980126947352435,-0.0005419067920637958,0.0,0.00033136000841635913,0.002719900554063903
2007-05-10,0.0,0.0,0.0,0.0,0.003355566231248178,0.0017704434568019778,0.0,-0.005256490605486652,-0.010452287921477899
2007-05-11,0.0,0.0,0.0,0.0,-0.0012631543883995626,-0.0018914659276547969,0.0,0.004315017957910605,0.008557098439212263
2007-05-14,0.0,0.0,0.0,0.0,0.0016554006984021855,4.786077403220036e-05,0.0,-0.0018922423069873684,-0.0021875863191584966
2007-05-15,0.0,0.0,0.0,0.0,-0.0015929962847883218,-0.0007354295273050101,0.0,0.00011132941568594567,0.0002662157937429743
2007-05-16,0.0,0.0,0.0,0.0,-3.392837092996791e-05,0.002496059519084606,0.0,0.003862056168969596,0.00684024252962967
2007-05-17,0.0,0.0,0.0,0.0,-0.0036972376692143718,-0.001421139141835012,0.0,-0.0022520808367151755,-0.001978655662380535
2007-05-18,0.0,0.0,0.0,0.0,0.0004035116359916099,-0.000947509841837777,0.0,0.004069987197620772,0.008724393938621455
2007-05-21,0.0,0.0,0.0,0.0,0.0016473902746093469,-0.0009795237571395578,0.0,0.00022117598578994538,-0.0005240722973433032
2007-05-22,0.0,0.0,0.0,0.0,-0.0006617525622703488,-0.00046899556757772185,0.0,-0.0015901999348133967,-0.0007870548881920847
2007-05-23,0.0,0.0,0.0,0.0,-0.0008231206574676613,-0.0008843980203175927,0.0,-0.0007017276246142678,0.000130887047756989
2007-05-24,0.0,0.0,0.0,0.0,0.002483129922653623,0.002245528048115077,0.0,-0.004894194323657608,-0.009052691394048296
2007-05-25,0.0,0.0,0.0,0.0,-0.0021423815464415986,-0.001614579487955473,0.0,0.0020636461256545503,0.004171067650031723
2007-05-29,0.0,0.0,0.0,0.0,0.0019367927121595491,-0.00047113814434444337,0.00019279919588560077,0.0013451532993734362,0.0036258120685093154
2007-05-30,0.0,0.0,0.0,0.0,-0.00014602827229877828,-7.90857965886362e-05,0.0033730782892103886,0.005278525560541425,0.008144859679675598
2007-05-31,0.0,0.0,0.0,0.0,0.000533385787396027,-0.001901478080175793,0.002247205048226884,-0.0007716182698596086,-0.0010424132787762996
2007-06-01,0.0,0.0,0.0,0.0,-0.0004924522165884655,-0.0034276076167181397,0.002259233263615824,0.0012504482515706791,0.004957055155592416
2007-06-04,0.0,0.0,0.0,0.0,0.0021363443973885453,-0.0006443942383949302,0.0017930568193815714,0.0007190308428903337,0.0001299000143650808
2007-06-05,0.0,0.0,0.0,0.0,-0.0004943587579785329,-0.0009471065380691425,-0.0037722960322974326,-0.0036552568823909003,-0.0039585448547062585
2007-06-06,0.0,0.0,0.0,0.0,0.004164988404590066,0.0006036504547563001,-0.0034663180322347252,-0.006252023377548377,-0.010749662374036517
2007-06-07,0.0,0.0,0.0,0.0,0.003145018329971519,-0.0021911638632018332,-0.0004884151740534058,-0.014826038436016287,-0.01804573940258014
2007-06-08,0.0,0.0,0.0,0.0,2.8712969387350304e-05,0.003910694104716292,0.0,0.008554707787593463,0.013011466408974881
2007-06-11,0.0,0.0,0.0,0.0,-0.0027133549886011214,-0.002506891611210836,0.0,-1.219894704465054e-05,0.0017215380233650546
2007-06-12,0.0,0.0,0.0,0.0,-0.009084695759828731,-0.0007557316675358661,0.0,-0.00938755114777412,-0.010905330835157212
2007-06-13,0.0,0.0,0.0,0.0,0.006852085271995394,0.0005576375292497403,0.0,0.010287820576347428,0.014968369443850271
2007-06-14,0.0,0.0,0.0,0.0,0.0016079491962407665,-0.0009637364732153315,0.0,0.003931587849698514,0.006385764289725371
2007-06-15,0.0,0.0,0.0,0.0,0.006040988127242162,-0.000653171803302477,0.0,0.0051668277522436854,0.005689850273570274
2007-06-18,0.0,0.0,0.0,0.0,-0.00010301929006930168,-0.000322333417167577,0.0,-0.0009049260598513521,-0.001175934154472813
2007-06-19,0.0,0.0,0.0,0.0,-0.0019488059893112758,0.0023109068957707936,0.0,0.003437143834184431,0.002485694131819871
2007-06-20,0.0,0.0,0.0,0.0,-0.00112692120567802,-0.004953572136611034,0.0,-0.009629199629869212,-0.013896906692530409
2007-06-21,0.0,0.0,0.0,0.0,0.003932479614711168,0.004731068082702921,0.0,0.0028364004625572644,0.005557169784132121
2007-06-22,0.0,0.0,0.0,0.0,0.0014744482421546164,0.0002489213687938064,0.0,-0.004448318819025809,-0.009408739935326205
2007-06-25,0.0,0.0,0.0,0.0,0.001706877596524434,0.003039002961808801,0.0,-0.0015771498068198441,-0.004782685372446749
2007-06-26,0.0,0.0,0.0,0.0,-0.006038315778052361,0.002958333374206681,0.0,-0.00606770584024281,-0.010278201110811458
2007-06-27,0.0,0.0,0.0,0.0,0.005114698294617506,-0.0008700696831826341,0.004760171132117375,0.008487779200395406,0.01422870316555458
2007-06-28,0.0,0.0,0.0,0.0,0.0012365161653719622,-0.001263681846536349,0.0006777632969098058,-0.00032723623353791975,-0.00013250732782787988
2007-06-29,0.0,0.0,0.0,0.0,-0.002258297609088539,0.00212547559595955,0.0023146748921030677,0.002281484693691649,0.0003317438980272591
2007-07-02,0.0,0.0,0.0,0.0,0.005140953289816411,-0.0030751918801346983,0.005572233676152012,0.006033917772290076,0.009041212719867575
2007-07-03,0.0,0.0,0.0,0.0,-0.0006792071242456043,-0.000571268279761137,-1.2456705494823133e-05,0.0009871950290690989,0.0036231266832722486
2007-07-05,0.0,0.0,0.0,0.0,0.0021296969983010242,-0.0029292175745673213,-0.0010401393511361024,-0.002861804309792637,-0.001050394355966322
2007-07-06,0.0,0.0,0.0,0.0,-0.0006295112595673872,-0.002704987187829301,0.0022258273525499186,0.002206643350329518,0.00525706765054923
2007-07-09,0.0,0.0,0.0,0.0,-0.001717579038751881,0.0008464208893010932,-0.00041409213431799663,0.0019202142167089153,0.0007845353256603627
2007-07-10,0.0,0.0,0.0,0.0,0.00562738018725751,0.0024863588783526993,0.0,-0.005803715034086098,-0.014238898743543893
2007-07-11,0.0,0.0,0.0,0.0,-0.002597600750891473,-0.0014894207027855732,0.0,0.0028686340155858136,0.007089877593547955
2007-07-12,0.0,0.0,0.0,0.0,-0.006843101360019492,-0.00204849411582825,0.0,0.008332823783965493,0.01579034175557492
2007-07-13,0.0,0.0,0.0,0.0,-0.0011599676787333762,0.0005344473488277823,0.0,0.0026836503739619657,0.00297976755977003
2007-07-16,0.0,0.0,0.0,0.0,0.0035329486471925966,0.0033552719708878844,0.0,0.0015119159560440078,-0.0001292583102264766
2007-07-17,0.0,0.0,0.0,0.0,2.765231430431085e-07,0.00034858384858927515,0.0,-0.0011514764416934663,-0.0005172398371664499
2007-07-18,0.0,0.0,0.0,0.0,-0.0029591006709916833,-0.0007726948523180647,0.0,0.00035280992849029435,-0.001808549626817313
2007-07-19,0.0,0.0,0.0,0.0,-0.0008422845283123501,-0.0013254957597961404,0.0,0.002280560195734704,0.003883785918716187
2007-07-20,0.0,0.0,0.0,0.0,-0.002188053263739876,0.00168149933781056,0.0,-0.0040983367564200405,-0.01012422174772254
2007-07-23,0.0,0.0,0.0,0.0,-0.0017469323536303844,0.00037425327252168914,0.0,0.0016898884386236988,0.0030615363448542876
2007-07-24,0.0,0.0,0.0,0.0,-0.0021993764142664097,0.002014521455846078,0.0,-0.009322744231895119,-0.017340984003748505
2007-07-25,0.0,0.0,0.0,0.0,-0.0029380984843020495,0.0006018235565702774,0.0,0.001769027892678654,0.0020487971406226713
2007-07-26,0.0,0.0,0.0,0.0,-0.0032405121511204465,0.0054608443866282635,0.0,-0.011023225398131409,-0.023678661900981002
2007-07-27,0.0,0.0,0.0,0.0,-0.005117866762160254,-0.0001977582490200669,-0.006113461836343576,-0.011018393232468426,-0.019659902759607828
2007-07-30,0.0,0.0,0.0,0.0,0.0032052474163174567,-0.0011407397811760214,0.005013694453981668,0.008367389800748892,0.015643546580361045
2007-07-31,0.0,0.0,0.0,0.0,-0.003956192552029545,-0.0005337089263550476,-0.0006063660817377566,-0.005104951973661831,-0.011263919588841431
2007-08-01,0.0,0.0,0.0,0.0,0.0025312085749007733,0.0002733799147434154,0.0007721510053049007,0.001815009385408306,0.004872683799068911
2007-08-02,0.0,0.0,0.0,0.0,0.002153369879502418,-0.000707584210219837,0.0027374445505228334,0.005086741808615835,0.007990435475925706
2007-08-03,0.0,0.0,0.0,0.0,-0.005666853116421827,0.007568921043445629,-0.00530646763641803,-0.012865070207471229,-0.025745245037044673
2007-08-06,0.0,0.0,0.0,0.0,0.003933772704475445,-0.0019595966930897124,-0.00041473940331824215,0.008457924034902973,0.016759109479275613
2007-08-07,0.0,0.0,0.0,0.0,0.00031545299658512874,-0.0008859351249165109,-0.0004201062081640519,0.0063533889595024816,0.010669870688930994
2007-08-08,0.0,0.0,0.0,0.0,0.00256097167687501,-0.004236381112092194,0.0,0.005593929963782607,0.013940289227486469
2007-08-09,0.0,0.0,0.0,0.0,-0.0037588233657414,0.005478175133783145,0.0,-0.015529277392423334,-0.029633962249163925
2007-08-10,0.0,0.0,0.0,0.0,-0.000955405106505795,0.0009108087918726366,0.0,-0.0033899375216190687,-0.004676868691746994
2007-08-13,0.0,0.0,0.0,0.0,-0.00048654767650989426,0.00196017790366383,0.0,0.00278991620699931,0.003593739848285038
2007-08-14,0.0,0.0,0.0,0.0,-0.002571016747592061,0.0034030209261852336,0.0,-0.007712174620358336,-0.015286513643844035
2007-08-15,0.0,0.0,0.0,0.0,-0.003370047005455205,0.0027616071283959273,0.0,-0.007537564847901912,-0.013774925622679568
2007-08-16,0.0,0.0,0.0,0.0,-0.002120954106819697,-0.0005508765008236519,0.0,0.006058198336867981,0.007515650701668708
2007-08-17,0.0,0.0,0.0,0.0,0.0016153113077508603,-0.0013708374304025259,0.0,0.011309424007375357,0.018367027001963132
2007-08-20,0.0,0.0,0.0,0.0,0.000965858126830756,6.878157483832998e-05,0.0,0.0005766822175333752,-0.0004839552715575346
2007-08-21,0.0,0.0,0.0,0.0,-0.0027588091127180485,0.0021931233811066826,0.0,0.0029338935378336647,0.0020053512936533124
2007-08-22,0.0,0.0,0.0,0.0,0.0036441300572641806,-0.002455941824585204,0.0,0.00582827338674825,0.011867980825556845
2007-08-23,0.0,0.0,0.0,0.0,0.0015275430838849824,0.000860517903335256,0.0,-0.00038766046968403685,-0.0008865679241835123
2007-08-24,0.0,0.0,0.0,0.0,0.0038933994479612264,-0.002477689126949643,0.0,0.007555963096587792,0.012353184419420238
2007-08-27,0.0,0.0,0.0,0.0,3.2356415620867854e-05,0.0024959749597525246,0.0,-0.004478775708023663,-0.009303787445951839
2007-08-28,0.0,0.0,0.0,0.0,0.002506131306359853,0.005690044598197557,0.0,-0.011130421636721243,-0.021980100484161658
2007-08-29,0.0,0.0,0.0,0.0,-0.00398828575510695,-0.005889245455103618,0.0059100931047585,0.01024951442046924,0.019621489523138136
2007-08-30,0.0,0.0,0.0,0.0,-0.0008227344116308159,0.0028410238490334666,0.0009686103581595678,0.0004102781314655249,-0.0026611102033933243
2007-08-31,0.0,0.0,0.0,0.0,-0.00328819964384899,-0.0011137823140379385,0.005014383234534658,0.006006878494978762,0.009852828304722783
2007-09-04,0.0,0.0,0.0,0.0,-0.003179802157348433,-0.0019623614575023825,0.0046470127373684,0.005312378074926549,0.010095372182867823
2007-09-05,0.0,0.0,0.0,0.0,0.00021406067716413116,0.003737412139267056,-0.0003307840689607524,-0.0027048689584300506,-0.008652878552278587
2007-09-06,0.0,0.0,0.0,0.0,-0.0011294863171389968,-0.0012846191573108168,0.0011242235458979947,0.0005248318112005988,0.0023003121915008418
2007-09-07,0.0,0.0,0.0,0.0,0.0003012840274228148,0.005355320409568471,-0.00020994271811803196,-0.00405780563798892,-0.013906488255650107
2007-09-10,0.0,0.0,0.0,0.0,-0.0016647760287034521,0.002161216475270712,-0.00038828911598505223,-0.000254844249483943,-0.00191698203432078
2007-09-11,0.0,0.0,0.0,0.0,0.003001155885293285,-0.0028831796675087766,0.0,0.0061498393960866425,0.011660458145244634
2007-09-12,0.0,0.0,0.0,0.0,1.0949830833624778e-05,-0.0006795225251810132,0.0,0.0005568775696884298,0.00257670230080298
2007-09-13,0.0,0.0,0.0,0.0,0.003607763361516457,-0.0035014910311751577,0.0,0.001858134610886175,0.007032709290561989
2007-09-14,0.0,0.0,0.0,0.0,0.0005541061017885806,0.0013316583165901379,0.0,0.00048226586603528077,-6.706193245742398e-05
2007-09-17,0.0,0.0,0.0,0.0,-0.004015525213908999,0.0026677828998034653,0.0,-0.002986323034846339,-0.00537236255632545
2007-09-18,0.0,0.0,0.0,0.0,-0.008990887018787794,-0.0064213972358036645,0.0,0.017236511393365194,0.029438938580507168
2007-09-19,0.0,0.0,0.0,0.0,-0.004651241294840328,-0.001499048465690028,0.0,0.00211816738276358,0.005903553436738651
2007-09-20,0.0,0.0,0.0,0.0,-0.0022214021392750814,-0.0032285761013778505,0.0,-0.008751455813412301,-0.007042052309667257
2007-09-21,0.0,0.0,0.0,0.0,0.00043988594409948733,0.0010613962446486764,0.0,0.003642911932473414,0.0026984236601879097
2007-09-24,0.0,0.0,0.0,0.0,0.00018563581693232967,0.0007456687393539574,0.0,-0.000577669125204827,-0.001842574264160679
2007-09-25,0.0,0.0,0.0,0.0,0.0004640332286294276,0.0003025298551976751,0.0,-0.001138954836106043,-0.0019774456479300095
2007-09-26,0.0,0.0,0.0,0.0,-0.001010809693469721,-0.0014783603897681008,0.0015464849341516925,0.0033144476369537214,0.005284798268782032
2007-09-27,0.0,0.0,0.0,0.0,-0.003923464773240125,0.0002529131784167035,0.005113147990305925,0.00484027085070835,0.005913196653323016
2007-09-28,0.0,0.0,0.0,0.0,-0.00017128255242932898,0.0009989250482747404,-0.0011002396471224852,-0.0018561500214008043,-0.0033318149500636274
2007-10-01,0.0,0.0,0.0,0.0,-0.0011462679998366263,-0.002828343926115498,0.0024457078906341863,0.0072427179569919614,0.011273009620376362
2007-10-02,0.0,0.0,0.0,0.0,0.0023018166617974492,-0.0006615602304533416,-0.0012383105907759783,4.385727355755715e-05,-0.001360783868454729
2007-10-03,0.0,0.0,0.0,0.0,0.002137217303124806,0.0013943716968240752,-0.0013990199676316933,-0.0014931037834627903,-0.002011636548024387
2007-10-04,0.0,0.0,0.0,0.0,-0.0010897842809212876,0.0013578663513978133,0.004208910447581221,0.0016524627363181388,0.001560329714621389
2007-10-05,0.0,0.0,0.0,0.0,-0.002744045592520065,-0.004778579891692817,-0.0003920305254073422,0.0036026445156120517,0.011881784258796158
2007-10-08,0.0,0.0,0.0,0.0,0.0032056653116120963,0.0019543820112890645,0.0,-0.0017531379449406744,-0.005325502945550231
2007-10-09,0.0,0.0,0.0,0.0,0.0003415938313667122,-0.002887069660098675,0.0,0.004405243556774473,0.009418169213766703
2007-10-10,0.0,0.0,0.0,0.0,0.0015022516124666772,0.00045947685355861013,0.0,-0.0006121333035621346,-0.0016619534059857388
2007-10-11,0.0,0.0,0.0,0.0,0.0026598184359745767,0.0015563196073684355,0.0,-0.0028324194377059575,-0.004800674738605015
2007-10-12,0.0,0.0,0.0,0.0,4.7151531225483276e-05,-0.0024064796147818617,0.0,0.001973939692296378,0.005531276090189774
2007-10-15,0.0,0.0,0.0,0.0,0.0026709534087947405,0.0028829416070394313,0.0,-0.0046804191531827355,-0.008443314732205942
2007-10-16,0.0,0.0,0.0,0.0,0.00012198504888321553,0.002286352993962359,0.0,-0.0036539224392692082,-0.00793487820228711
2007-10-17,0.0,0.0,0.0,0.0,0.0031761850366197994,-0.0008249868083278392,0.0,0.004280830026360816,0.0030561679484202298
2007-10-18,0.0,0.0,0.0,0.0,-0.002745529651437463,0.0008117949983353764,0.0,-0.0006527076608633165,-0.00363081666288656
2007-10-19,0.0,0.0,0.0,0.0,0.001838038625037696,0.007952873221366608,0.0,-0.01227246114483498,-0.026156358015163472
2007-10-22,0.0,0.0,0.0,0.0,0.004117133130064684,-0.002021472495288991,0.0,0.0027338052545559316,0.005813038265601422
2007-10-23,0.0,0.0,0.0,0.0,0.005070988375974389,-0.0033028627225099123,0.0,0.004768199453353628,0.008104108785156994
2007-10-24,0.0,0.0,0.0,0.0,-0.0034173921088459544,0.002011025753201682,0.0,0.0009229342944533151,-0.0018448397526069638
2007-10-25,0.0,0.0,0.0,0.0,-0.00012033286824773663,-0.0006924946970161118,0.0,0.0010971984914592613,0.0023763512214260984
2007-10-26,0.0,0.0,0.0,0.0,0.004770429258817121,-0.003173637097759643,0.0,0.006046016562910372,0.011722815041479206
2007-10-29,0.0,0.0,0.0,0.0,-0.00013801652527768203,7.980197732516172e-05,0.002746670695152552,0.002322064353432962,0.003319899383819047
2007-10-30,0.0,0.0,0.0,0.0,0.004185847349887293,0.0009910716579722594,-0.0036485384326138,-0.0037416113919450655,-0.0069424178938743974
2007-10-31,0.0,0.0,0.0,0.0,-0.005765919062726033,-0.004347897304246477,0.004433564921026135,0.003552009886769847,0.01038828593071095
2007-11-01,0.0,0.0,0.0,0.0,0.005063940907020465,0.0076290897406293585,-0.004623909786004041,-0.010779993088517292,-0.02340731945772334
2007-11-02,0.0,0.0,0.0,0.003977322229673788,-0.0070542427625952045,-0.001745380294489282,0.002660991985092929,0.0017596318276442702,0.001125372596079366
2007-11-05,0.0,0.0,0.0,-0.0013526690400707227,0.003322285408767784,0.0028543536699292263,-0.0022373943848479536,-0.00503385260576903,-0.007605886637342518
2007-11-06,0.0,0.0,0.0,0.004110898008538005,-0.0012376053152245992,-0.004201546549030681,0.00573703228988924,0.007371654876054289,0.013462566894808958
2007-11-07,0.0,0.0,0.0,-0.0015190361229276469,-0.005583154712522272,0.005215151717357568,-0.00038145612211258167,-0.014951970446334206,-0.02735594465407165
2007-11-08,0.0,0.0,0.0,-0.0008813204865145078,-0.0018438348288115003,3.492945520979449e-05,0.0,-0.0021497739389471746,-0.005070897041999589
2007-11-09,0.0,0.0,0.0,-0.0004896345718351847,-0.003975342377318413,0.004964933576171067,0.0,-0.005845649296388932,-0.01372695122360823
2007-11-12,0.0,0.0,0.0,-0.0076346890025718265,0.0030816089460660575,0.004126733665039438,0.0,-0.0052540819795556136,-0.009921070355599526
2007-11-13,0.0,0.0,0.0,0.0012820730096356485,0.0055023275764173015,-0.008322828391620607,0.0,0.016241891636534157,0.03048011579585963
2007-11-14,0.0,0.0,0.0,0.0025713946245206633,0.001000928042275253,0.001241732405759473,0.0,-0.0013806001448521733,-0.0027687653022910874
2007-11-15,0.0,0.0,0.0,-0.002329183389137589,-0.0053907380418913515,0.003491866760432639,0.0,-0.006412437947527859,-0.01442435513742557
2007-11-16,0.0,0.0,0.0,0.0020200103544807794,0.0005181353427866893,-0.0006331422400740962,0.0,0.001030709914142225,0.0017178498569037082
2007-11-19,0.0,0.0,0.0,5.750956967892504e-05,-0.004399325176594523,0.005711961620455995,0.0,-0.005473906357434477,-0.013923678429739517
2007-11-20,0.0,0.0,0.0,0.005165451268842701,-0.0011856898902265233,-0.003969833020520499,0.0,0.0026113576100585062,0.0061204728923145435
2007-11-21,0.0,0.0,0.0,-0.0011254485210545494,-0.003499104945105148,0.0046454808191866105,0.0,-0.009133354840389818,-0.02046403591383361
2007-11-23,0.0,0.0,0.0,0.0028775434937625397,0.002555545830490071,-0.002660879746832661,0.0,0.009182484455364646,0.017292715801160874
2007-11-26,0.0,0.0,0.0,0.002784706541025043,-0.0039484201216797256,0.00877432916366925,0.0,-0.007761564328666991,-0.022064059385576318
2007-11-27,0.0,0.0,0.0,-0.003088282047016734,0.007394183011068583,-0.004646657195887798,0.0,0.0031728338654621875,0.011493661014390533
2007-11-28,0.0,0.0,0.0,-0.0009862046293050543,0.009603373905654447,-0.00671020528988329,0.0035863430972624946,0.017770310121298438,0.031984478458407795
2007-11-29,0.0,0.0,0.0,0.0007702166635351032,-0.0006473352327525906,0.0032755317812079277,0.0005461029041619205,0.002457486791110375,0.00033981308011754585
2007-11-30,0.0,0.0,0.0,-0.001927714937063782,0.00364291259805972,0.00020687902835635772,0.0007498423346391088,0.006582464102846818,0.01005579660049194
2007-12-03,0.0,0.0,0.0,0.0020122364676225207,-0.0028922726867214484,0.003084254941508921,0.0010620145221798157,-0.0023743835743550434,-0.0065922372854836375
2007-12-04,0.0,0.0,0.0,0.0007557948717441591,0.002373903219826747,-0.0002587986537019519,-0.001786000600136625,-0.004998016999243115,-0.008938441737927794
2007-12-05,0.0,0.0,0.0,-0.0013418775176121714,-0.006166191529308762,-0.002742192268038259,0.0015188875106647004,0.008538563971340495,0.01673910572374626
2007-12-06,0.0,0.0,0.0,0.000516852671185907,-0.002888340082218678,-0.0037249264412975744,0.0034948202939569916,0.006482483874699473,0.014314006808254565
2007-12-07,0.0,0.0,0.0,-0.003399237368700036,-0.002905666794114081,-0.0007755322692422277,-0.00032560021754990604,-0.0026961136663908427,-0.0001986843032694141
2007-12-10,0.0,0.0,0.0,0.0004856596851472279,-0.00015278430667508506,-0.0031212373592190428,0.0,0.0037257682285546157,0.007753224587776497
2007-12-11,0.0,0.0,0.0,0.0020029374877305072,0.008465073100568543,0.007038200344081111,0.0,-0.010973671997391275,-0.02741964856967516
2007-12-12,0.0,0.0,0.0,0.002856892208971178,-0.003522800195183878,-0.003322800020791969,0.0,0.002578661378443669,0.009870241588534112
2007-12-13,0.0,0.0,0.0,-0.004919891950620511,0.0018086768121048492,0.0014148780732184502,0.0,-0.004200703482983004,-0.002075059420779901
2007-12-14,0.0,0.0,0.0,-0.0033855291567337653,0.0030228130395199802,0.0023360818476472972,0.0,-0.008770839348370795,-0.012679530603514122
2007-12-17,0.0,0.0,0.0,-2.808197225758662e-05,0.0060530379111121985,0.005163328020152443,0.0,-0.006182024661028306,-0.014269514808838868
2007-12-18,0.0,0.0,0.0,0.0015620854843706603,0.0028545243296775958,-0.0021753809777380556,0.0,0.004139022489834732,0.005584065124292215
2007-12-19,0.0,0.0,0.0,0.002452411177751848,-0.0013362303760245833,0.0024564002305496177,0.0,0.0031944740378656356,0.0
2007-12-20,0.0,0.0,0.0,-0.00010131015897304128,0.0012235928932857894,-0.0017120377416915957,0.0,0.0031406825666825174,0.006306268534116866
2007-12-21,0.0,0.0,0.0,0.000980634300253382,0.003935557728113472,-0.004122482102031202,0.0,0.005750508291826416,0.014415289889851302
2007-12-24,0.0,0.0,0.0,-0.00029626665121847075,0.002428465770872898,-0.0032620352871772936,0.0,0.0032976304221767443,0.007425845491304761
2007-12-26,0.0,0.0,0.0,0.001345467788228576,-0.0030654551935460276,-0.0025374277042643635,0.0,-0.0006191315739003222,0.0021443499590616533
2007-12-27,0.0,0.0,0.0,0.001616292500227045,0.0027145437044858015,0.0031978597729655864,-0.0008766952447862873,-0.004856616243109112,-0.012570553041877708
2007-12-28,0.0,0.0,0.0,0.003377699433185013,0.0018214807414953568,0.0002612153000064152,0.0005728553792754147,0.0017088535781419891,-0.002505888442520865
2007-12-31,0.0,0.0,0.0,-8.212116854362914e-05,0.002300613688993592,0.0024525908652466336,0.00039034564521017636,-0.0025923549246834594,-0.007399696083001728
2008-01-02,0.0,0.0,0.0,0.005060307354884057,-0.008526747055047587,0.00033455902206649263,0.0024820934022055812,-0.002403141943450992,-0.008754930944433803
2008-01-03,0.0,0.0,0.0,0.0012605203067633495,-0.0011131877801719174,0.0002931066728134391,-0.00011338299596991519,0.0005326099346848912,-0.0004823910276304799
2008-01-04,0.0,0.0,0.0,0.002243505325313787,-0.004277361986001974,0.003363981400921,-0.005496729082746341,-0.013656329030227243,-0.024506672956723485
2008-01-07,0.0,0.0,0.0,-0.002058428176009258,0.0015893795967914714,0.0005154506308573902,-0.000509583212976272,0.00021724019093385407,-0.0008495696287043053
2008-01-08,0.0,0.0,0.0,0.0032533630353384344,-0.004970328231963863,8.857605483582757e-05,-0.0002990611230696425,-0.008827455049166754,-0.01614826519339374
2008-01-09,0.0,0.0,0.0,-0.0015455863110800487,0.002441130487695129,-0.0018145959188113057,0.0,0.005672817397656349,0.010510623512453021
2008-01-10,0.0,0.0,0.0,-0.00017598092782948236,0.0004781610119894927,-0.003106519564640091,0.0,0.0028443348278707863,0.00655377931987533
2008-01-11,0.0,0.0,0.0,0.0016686439386555893,-0.0038924865197774985,0.004164691316278115,0.0,-0.0022952629850809363,-0.008068114096524637
2008-01-14,0.0,0.0,0.0,0.0014439432871227022,0.00030563876085728376,-0.0022182050506585984,0.0,0.005017753211375498,0.008062660292700974
2008-01-15,0.0,0.0,0.0,0.0007976848868245999,0.000379649636152076,0.0051855949314640465,0.0,-0.010589298736965968,-0.022013135795257988
2008-01-16,0.0,0.0,0.0,-0.0030994703991783002,0.0014438997083760213,0.0018259082478744085,0.0,-0.005930213625095648,-0.008612717493424071
2008-01-17,0.0,0.0,0.0,0.0025217405709476916,-0.0004182830445274681,0.002117581944483014,0.0,-0.012314419555540844,-0.02591592605561599
2008-01-18,0.0,0.0,0.0,0.0011450201396974973,-0.0006531448933733781,-0.0008874296525694153,0.0,-0.006739589590230199,-0.010267327494905887
2008-01-22,0.0,0.0,0.0,0.0009502284920687309,-0.001263179683380002,0.002618525697827509,0.0,-0.0016246791816709287,-0.010147381043416948
2008-01-23,0.0,0.0,0.0,-0.004470014455388021,0.0025844822249774025,-0.0024126439119450693,0.0,0.012558349150678437,0.024020707500815197
2008-01-24,0.0,0.0,0.0,0.0007168287660575959,0.00771471466387695,-0.004156043175352199,0.0,0.0014284383369275841,0.008442083813013923
2008-01-25,0.0,0.0,0.0,0.0036803343623822687,-0.0032338013964102676,0.004117939866761298,0.0,-0.004952742601608828,-0.014445586895461049
2008-01-28,0.0,0.0,0.0,-0.00043281123847591877,0.004162736894504025,-0.003615327667636085,0.0,0.008458440301116176,0.016536232930715933
2008-01-29,0.0,0.0,0.0,-0.0007859177334236529,0.0002591728161499351,-0.000335174621164226,-0.0005268895378996762,0.001370286603831294,0.004954192863209528
2008-01-30,0.0,0.0,0.0,0.001269061689496199,0.00046951729512670684,-0.0004053741506291614,-0.001585289578351826,-0.004593340520806488,-0.0073579677598997195
2008-01-31,0.0,0.0,0.0,-0.0007883962610775832,-0.0015056432559508214,0.0006487847471632123,0.004020383429855551,0.012997067685483855,0.01823436980575166
2008-02-01,0.0,0.0,0.0,-0.003209467828338945,7.689456453042977e-05,0.0001283835869998195,0.001756625734328526,0.010950957040652964,0.016088143495329943
2008-02-04,-0.0003984376625762462,0.00021957514508480665,0.0012144804289605231,0.0010655378939120328,0.00047033208064851516,-8.666947762291986e-05,-0.0018965920567089467,-0.00978910266006785,-0.012609421343637073
2008-02-05,-0.0011614207598445916,0.0021625375416785128,0.002129787481500394,0.0024328993622656932,0.003769899025996633,0.005408065338155751,-0.004967139710141521,-0.01324649077488682,-0.026773534484581196
2008-02-06,-0.00045496347563351496,0.0006277236735766556,0.0013391997916687754,0.0006929010735685018,0.0023101265861960535,-0.00017593997861888868,-0.0022092432908946144,-0.005541964266108379,-0.008052308179809065
2008-02-07,-0.0020026303183530193,-0.0023971898850463566,-0.00041348264097708614,-0.0024701100857294853,-0.0020797173345133914,-0.0036507549687727113,-0.0002836874306188942,-0.000524949991234403,0.006614061280457939
2008-02-08,0.005088555939632515,0.004415528204289666,0.004518459530015713,0.005770996834306978,0.00329988774344489,0.00039528919405098194,0.0,-0.00047847886155356597,-0.00642160547574766
2008-02-11,0.00263285519053294,0.0016282975657956624,0.0013912529089010691,0.002499694176110432,0.0012762222847756003,-0.00107744207673963,0.0,0.003958318037648523,0.005110164966122488
2008-02-12,-0.002809886735479073,-0.0033378107130410026,-0.0034517108831654676,-0.003676502587142189,0.0035952907483882157,-0.0008755773513026378,0.0,0.004717303563970754,0.009271498145676516
2008-02-13,-0.0008575683382082827,-0.0021433328816093163,-0.000828162782654024,-0.00223153375782222,0.0003648871094119586,-0.00305141348830292,0.0,0.0044383113523745795,0.010222785354119912
2008-02-14,0.0003080281784584273,0.0008451624445337167,0.0017492730837196497,0.001335584414751471,-0.0030077178475982026,0.0003166736345736821,0.0,-0.007475394299227301,-0.0087996049442296
2008-02-15,0.0004050419945365679,0.00028285084450395577,-9.073357752028167e-05,0.0005459952573655609,0.0008647823033588472,0.0005641430203414123,0.0,0.0007230648887616376,-0.00022211945224359653
2008-02-19,0.0015891678809873764,0.0005997533948872471,0.0026017580826591014,0.001625624060616104,-0.0034800512743984524,-0.003820281861565104,0.0,-0.0011897635769907212,0.0028124208132298545
2008-02-20,0.0015280533689710548,0.001377475230135555,0.0012545952210730848,0.0013707823239887747,-0.00016800143138551073,-0.0003787737240330263,0.0,0.0014087269362926145,0.0029514663908107863
2008-02-21,0.0016452102176901535,0.002543726956146638,0.001209789203533021,0.0024739707985624044,0.0032870562165052295,0.0030244995590764075,0.0,-0.0008643670456782273,-0.008313895785744263
2008-02-22,0.00037036314134482497,-0.0005763877746951004,9.180454404581487e-05,0.00019896840147966342,-0.0030145665577434658,-0.0025447893976979115,0.0,0.002572854019931281,0.006157411160009785
2008-02-25,-0.0016801225095161426,-0.002610518018673767,-0.0018296613630159793,-0.003314314524882468,-0.0027427186858735198,-0.001882944653744572,0.0,0.004911675932177761,0.01260916692572267
2008-02-26,0.0030791392652049845,0.002041448234930296,0.0010695491440195035,0.0021576303898933093,-0.003940631069396143,-0.0006847045354427452,0.0,0.005496287447593495,0.007500277084622198
2008-02-27,0.0011371002608408934,0.0010018811225720797,0.0008611438761847795,0.00118168530553265,-0.001323494769097544,-0.0012185570820494396,0.00041153058577614326,0.0003417590013304884,-0.0010117553758358655
2008-02-28,0.004705552381372308,0.004775992989141534,0.004341063211248214,0.0058783855882289715,0.0012459596054992528,0.001280754656288735,0.002239558744316386,-0.0011735287416286596,-0.009767372115109252
2008-02-29,0.0006653598604533894,0.002998193464060442,0.0023531496349284108,0.0034992346113000517,0.006606420317454263,0.0033998860331655445,-0.0029364758680572637,-0.009094218717135848,-0.022283923535726835
2008-03-03,0.0014557745753397903,0.0013419939929319752,0.0016252941378764507,0.0017545218785287495,-0.002042214820052521,-0.001001379303245082,0.0011296703495623879,-0.0024513473578663177,-0.002391041406910821
2008-03-04,-0.0036395222799768694,-0.0030096657517230986,-0.002725794985412231,-0.00300081199902064,0.0019536983913961215,0.0004424648966486824,-0.00419632847738401,-0.0037993609489086477,-0.003820617905393453
2008-03-05,0.003229706293237702,0.002344811924643489,0.0028093800452676275,0.002067246703328858,-0.0017374827773639055,-0.0048300019222962546,0.004127800280169176,0.0020546106039875055,0.0063162205030344865
2008-03-06,0.0010087802239061242,0.0027820239407722884,0.003128920313766978,0.003239235464010195,-0.004098056134400545,0.002552414805848926,-0.004609447507496544,-0.009201670935203654,-0.020697790788581583
2008-03-07,-0.0011122773923277517,-0.00042011880569513624,-0.00017666570994162104,-0.00016400420637593193,-1.5925181618274613e-05,0.000563735345591371,-0.0003018914796553298,-0.004805725289495699,-0.01030032865494701
2008-03-10,0.0018630024390866584,0.0029858070544833016,0.0032347390691178854,0.003405068327019336,-0.003689350397343909,0.0016008627883578631,0.0,-0.005038937781747931,-0.01318309658173622
2008-03-11,-0.001836383984108651,-0.005254029341745586,-0.0048722914148775455,-0.005912932144487873,0.0061864513109232255,-0.006163280956166992,0.0,0.01722012681367078,0.03593703608615817
2008-03-12,0.005682171735225749,0.006016914653740329,0.0049552042921239565,0.005856300505825838,-0.0014007902016184588,0.0012648467876095325,0.0,-0.0009990343618530677,-0.009351097896328264
2008-03-13,-0.0008612425637560147,-0.0010990165197810088,-0.0005911652095173219,-0.0008256689907811573,0.00016918678302871117,-0.003190815484130546,0.0,-0.000779812721933171,0.0022075010186615174
2008-03-14,0.0006589720463432172,0.002671739008408077,0.003061033401784995,0.003499716135738743,-0.003741731139467448,0.0034535151008769317,0.0,-0.005154838007382545,-0.015495602248624674
2008-03-17,-0.0014400071519754733,0.00010496666217657926,-0.00018097834720722146,0.0007915060574791502,-0.0007732112591531857,0.004539011662521238,0.0,-0.004058434968915381,-0.010107550572669433
2008-03-18,-0.0021014454255139517,-0.005540330639134426,-0.006157909896531717,-0.007470068709326886,0.0026900307463613043,-0.00384506402690016,0.0,0.0221923321212373,0.04154347857485208
2008-03-19,-0.004686068262022772,-0.0016880528537655728,-0.0016253501792686284,-0.0013907718143976165,-0.00034772823193379807,0.007163591593886972,0.0,-0.01140991892412848,-0.02476986409350812
2008-03-20,-0.005315353920830369,-0.006841887005372871,-0.007679594733468952,-0.007669841404461255,0.0015783263436987712,0.002788758305573546,0.0,0.011980317430785582,0.018523007147879467
2008-03-24,-0.0025519161115646035,-0.004993135671482578,-0.005360020317231515,-0.006110923347517124,0.0019391192668679177,-0.0037784540652664985,0.0,0.004945911562946702,0.019987562849492324
2008-03-25,0.0061134189799954275,0.005178551298943278,0.004666449124902914,0.004789394132565272,0.00212078210409022,-0.002745608367077921,0.0,0.001987580302307235,0.0009653002985061665
2008-03-26,0.0046005580612019465,0.0048097703563271125,0.0046724294253633735,0.004953753477394405,0.0047046305101964446,-0.003030669342635476,0.0,-0.007034588157960852,-0.012235817047562714
2008-03-27,-0.0005852797148877228,0.0003345659260408375,0.0011518319539897451,0.000961825125664538,0.002355939840383989,-0.0008260728280062084,-0.0018212637911545152,-0.0024174451700188283,-0.003152760193537718
2008-03-28,-0.0008643204197916821,-0.0006228998347511232,-0.0009293836657001226,-0.0005772113804472807,-0.0017397475686410865,0.0029329064305666326,-0.0017017120351153826,-0.004159792856267419,-0.009565175789274072
2008-03-31,-0.002685457711586036,-0.003090018921343145,-0.0033780940153709336,-0.0035400329900430547,-0.003780293345659638,0.002720438316902586,-0.0010294911322044809,0.002798269385123886,0.003497933731747116
2008-04-01,-0.004998857517007413,-0.008235292953039453,-0.009021840721492072,-0.009490870463804613,0.005714739482830326,-0.003793098936121419,0.0033683277985951843,0.017597800511990468,0.03515938911218641
2008-04-02,0.003226592182552244,0.003236789037556344,0.0029927835737890277,0.0030984733765064294,-0.003611318193503647,-0.001829873169782692,0.0023320375435924847,-0.000929161441676474,0.0006588168837819985
2008-04-03,-0.0002585685713914138,-0.00035379451942018215,-0.0003812823092143577,0.00010495947573522412,0.0003735456328027909,-0.0005431469611847746,0.0011440969451174282,0.0014920284102769798,0.0024867140171282998
2008-04-04,0.0037067749218052254,0.0034492229180741944,0.0017348035359220767,0.0027523726434775467,-0.003983456639972194,0.0010336010466563152,0.002528663863567057,0.00240023960805964,-0.001094246266620691
2008-04-07,0.0005840452529524201,0.00026109992884504985,0.00046249592071606307,-0.0007081293772847738,-0.0016627985394526955,-0.00042921699877351767,-0.0002721045314890543,-0.002331296687361206,0.000511243980561682
2008-04-08,-0.0008347125983211769,-0.0004954728924448772,-0.00011760507374334345,-0.0006290664816215649,0.0006899711057671968,0.00042538043201482576,0.0,-0.0005689157343167661,-0.0010221211324827895
2008-04-09,0.0034861329145570476,0.003908396577941276,0.004187109006964157,0.004447413223754661,0.0020206066082870395,4.378771440052094e-05,0.0,-0.001951287922513778,-0.007235552363298314
2008-04-10,-0.0009726354462972031,-0.0016206220935733775,-0.001442214029134218,-0.002091698934829623,-0.0013674594826403974,-0.0002892450225117085,0.0,-0.0007449813804537355,0.0013984126317754253
2008-04-11,0.0011630551250603031,0.0022371174605969593,0.0016522621173074186,0.003247666418264016,0.004390860174201547,0.0013203169553509064,0.0,-0.009922458741623608,-0.019408683392526882
2008-04-14,-0.0004928155542258379,-0.0003640256004370508,0.0005425571552354397,-0.0006843375734160424,-0.00021120720067678556,-0.0008613861193610089,0.0,-0.0030359937153072282,-0.0033740958333354776
2008-04-15,-0.000315900756283941,-0.0005093197889518813,-2.9633021396918002e-05,-0.00043796030502334603,0.0006291304857066277,-0.0022370004635355587,0.0,-0.00040849341176842926,0.002332650825295879
2008-04-16,-0.0011566656989137549,-0.0022319546027081034,-0.0009267112443249664,-0.0024913837266671117,0.0049652255679225625,-0.004334450377482492,0.0,0.013554676471706715,0.027093756049641815
2008-04-17,-0.0006352667601246741,-0.0003704454746104139,-0.0009774707620861067,-0.00026668315792816575,7.019250030690361e-05,0.0008675848400843225,0.0,-5.9726537672366554e-05,0.0014612795955462055
2008-04-18,-0.0003191573932989766,-0.0016815145553779167,-0.0017137820409486673,-0.0030162514022019477,0.0018799629321356716,-0.00041670448376270595,0.0,0.005858212387094763,0.010434124730113847
2008-04-21,0.00016941794062269632,-0.00023532150028287522,0.000498674286098529,-0.0004182994125513653,-0.0012734998790690177,-0.0008380255566800976,0.0,0.00034802216966496325,0.0005055279418868519
2008-04-22,0.001062654988686308,0.0016951721400370187,0.0017362511645551203,0.0018626127263049546,0.0006870063940506777,0.0004996102225052861,0.0,-0.002328659507344177,-0.00440282527956537
2008-04-23,-0.0011735578203689232,-0.0016948114315609294,-0.0018898434385882753,-0.0020981852837601493,-0.001431672799828484,0.00018269161714155042,0.0,-0.0013593938005671546,-0.0015949225812323942
2008-04-24,-0.003959518230960995,-0.003742012824225943,-0.003961964305513072,-0.0033458437312944957,-0.0010714663408774505,0.00013753661523275532,0.0,-0.0005178498282633285,0.004357075232181096
2008-04-25,1.6052539083674552e-05,-9.629521106099988e-06,1.6194204292028851e-06,-0.0003313795363754199,-0.002370173952311009,-0.0011683355648062109,0.0,0.005011456221620136,0.009253737530872108
2008-04-28,0.0007638836956827357,0.0007338841596108448,-4.00022363330033e-06,0.00021028867238474886,-9.17587876462509e-05,0.0006547098070585132,0.0014643619046738568,0.0008509151134550308,0.00021469844488697376
2008-04-29,-0.001348012269659308,-0.0013046665803185826,-0.001998094167694061,-0.001211630666253901,0.00037565301193161123,0.0021345795284126463,-0.002639854624934454,-0.0016416471501941254,-0.003938473855311986
2008-04-30,0.002272910186994775,0.0019225981401500237,0.0016123567285452455,0.001443671008298386,0.0021434015038706267,0.0005576525082874975,0.0008641637448291679,-0.002277989639358435,-0.005896162340691791
2008-05-01,-0.0031639481649212097,-0.004134584871365404,-0.0047801563214811,-0.006048271370239954,-0.005538098247358095,0.0024289984550732746,0.002902721516979964,0.012366747025119284,0.020685768733830434
2008-05-02,-0.0008854935738126448,-0.0009148271457453119,0.0016214801117724012,-0.0008548934935919816,-0.0008928825045091161,-0.0039196030518770745,1.6577451622601398e-05,-0.0015824980726738326,0.002763433672833493
2008-05-05,0.0025999380157810783,0.0019388944470067854,0.002637872592209111,0.00259551847518262,0.00028754543612735515,-0.002138247363256474,0.0015485891026394368,-0.0022930877540248804,-0.004805132142640223
2008-05-06,-0.0009460926086714127,-0.0005882887274020156,0.0011847831227285058,-0.00021016560974093784,0.00029654860093549504,-0.0029376656546301902,0.0003092353928445999,0.003928997468922724,0.008662935650028736
2008-05-07,0.0012826745012397838,0.0007646669907854419,0.0007588036220216105,-0.0008732172384760003,0.0003064173062286476,0.0021053820286490595,-0.0002848058499054859,-0.009095579828844458,-0.017810879079519615
2008-05-08,0.0024874853708075897,0.0016260606756280335,0.0021403128458319562,0.0027913818829519476,0.0008601162082189766,-0.00030950656445029117,0.0,0.0010321994026822436,-0.0025804562941613707
2008-05-09,0.0017167551840789332,0.0014394264924138423,0.0013763804237103337,0.001005848937017074,0.0009462260863806861,-0.0005329644468741048,0.0,-0.0006710157576147679,-0.001868007847639852
2008-05-12,-0.001894399394529667,-0.0013283761028787357,-0.0015387315280920805,-0.0003288910931974236,-0.0001322396414635384,-0.000834336065412314,0.0,0.006064691409535605,0.011231094849309065
2008-05-13,-0.0021561597052194444,-0.0012620787346709268,-0.0012336539202226146,-0.00220886597048634,0.0009013686970477447,-0.0013317086081611525,0.0,-0.003245468213985081,0.00014190180440687428
2008-05-14,-0.0012537999980635618,-0.0009975553344559961,-0.0011149063352523764,-0.0010085627772996827,0.001279293278562042,0.0009217033076742324,0.0,0.0011032464053249314,0.002065023231795804
2008-05-15,0.0022142431309681476,0.001693108861255553,0.0007677693393605513,0.0037486174879670887,-0.0011146949425185138,0.00023933312111478725,0.0,0.009725565294184335,0.012502409667928482
2008-05-16,0.0017309210089788275,0.0013936540278236473,0.001708092265090772,0.0021969893623877386,-0.002150660504271081,-0.002368560719217792,0.0,-0.00012999197531100577,0.0009118077798824231
2008-05-19,0.0003621652353187552,0.00033963794205367845,-0.0002968849456349783,0.00017214716138347396,0.0005413006984242809,0.0006487127951245516,0.0,0.0025448285266993498,0.0027339027021417994
2008-05-20,0.002981758120112165,0.0018613211214125601,0.0032290116756964905,0.001879710649910307,0.0017311773682072247,-0.0016343383935252891,0.0,-0.003647154109864825,-0.00810886065329397
2008-05-21,0.00287067855367791,0.0018077925748187945,0.003830533153711153,0.0012193226573777474,0.001733210029135113,-0.0025010463820259563,0.0,-0.011093090251649063,-0.01691451907113506
2008-05-22,-0.0037485523567805787,-0.003010589790639448,-0.0018106027051187816,-0.0033606965025009374,0.00023923209432613027,-0.00016115943435984813,0.0,-0.002529793335491615,0.00014319422455044695
2008-05-23,0.0020709943494425947,0.0012345152921419958,0.002315731568901595,0.0011778918644810997,0.0024044153231562405,-0.0004915452303164666,0.0,-0.006272039575177967,-0.013403780305805024
2008-05-27,-0.004403555860601316,-0.003128329448796458,-0.002581615067168593,-0.0039862506839968455,-0.0005048640133320807,2.2797408074999538e-05,0.0,0.0025034630995566234,0.007410586955471032
2008-05-28,-0.0007638412619099613,-0.000510452120945889,-0.0005574355260882368,-0.0007062288951861766,-0.0012343047955890875,-0.0015624653600246113,-0.00011654234334366402,-0.00022763446788851612,0.00461563922713748
2008-05-29,-0.004710481089329279,-0.0033143854642945373,-0.0038027690205445345,-0.004425247570886781,0.0014211798421750927,0.001594231135536442,-0.0027804303246712564,0.0011395159828353038,0.005025137163098714
2008-05-30,0.0016928943938929008,0.001194967984779578,0.0010627704720055026,0.0018605144953654127,0.0011102797746075502,1.2908393040776499e-06,0.002119733987977327,0.0028326890952786957,0.0024995108477599004
2008-06-02,0.001374298340438054,0.0007323688553323874,0.002167637191425947,6.75864582974558e-05,-0.001744536986620312,9.533830472914558e-05,-0.001170722537325671,-0.0038214999418443524,-0.01033088212678801
2008-06-03,-0.00114830277286187,-0.0015376816291291847,-0.0017178804197986802,-0.0006931742771768465,-0.00028755229173806686,0.0030393081731171904,-0.0006853201092557788,-0.0013966924130888844,-0.00583182663040438
2008-06-04,-0.0017218110642385188,-0.0007636671280376049,-0.0012054864598373914,-0.001652244068629116,-0.0025610016849662333,-0.0008319898737776342,-0.0014311368817558226,-0.0017589026665713937,-0.0005066469627000858
2008-06-05,-0.0002768620089642597,0.0019654519699472683,0.0006134930231737416,0.001425694991333572,-0.0006554132542649118,-0.004404473219785167,0.004639803591144365,0.00989917114840737,0.01999698359814106
2008-06-06,0.008275264119096121,0.003652449982364282,0.007445348499775132,0.005973689391423576,0.009019925531056893,-0.0013325074208349198,-0.00029771555601329665,-0.015650108613921132,-0.03189372196616813
2008-06-09,-0.0021112169140186554,-0.001542431010205519,-0.0019655893697276498,-0.002493738660514698,-0.0013177603794359862,0.0019411936388312495,0.0,-0.0014120017755585579,0.002421542500049556
2008-06-10,-0.003284986133321217,-0.001583738623353683,-0.002328536927035602,-0.003199423494608663,-0.0009973688876982571,0.001119807017886331,0.0,-0.005368209135949088,-0.004977353855228017
2008-06-11,0.0034531327083856343,0.0023744029877900827,0.0035182539338894326,0.0027447355026872736,-0.004704943805394311,-0.0020096681103530163,0.0,-0.008412882077692906,-0.014712496165925404
2008-06-12,-0.003083130857262246,-0.000803690810490993,-0.0016642728312288668,-0.00288332485033688,0.0003698323913852204,-0.0012651725045505595,0.0,-0.0012138404513840407,0.0038072920098433105
2008-06-13,-0.002462095280394835,-0.0009160425206157902,-0.0015904296794822547,-0.0010243177564800369,0.0018868742781427451,-0.0006805171538821253,0.0,0.006657891590633857,0.012644423896264634
2008-06-16,0.0022013408216353596,0.0010416481511534542,0.0016061372595793215,0.0006224141170775691,0.0015076717237534625,-0.0024889209783903695,0.0,0.00039878664211809853,0.0005873761797234867
2008-06-17,0.001487865529376076,0.00020772838914965362,0.0009441780093507841,0.0005008199385243974,0.0014218262333007745,0.0010831680109614579,0.0,-0.00155635604228721,-0.004844280207450757
2008-06-18,0.003241561656724023,0.001112239520762247,0.002404012145097976,0.002925544263972451,0.0017898720922506096,0.0003762551906474803,0.0,-0.0036628790308571796,-0.009737216772910173
2008-06-19,-0.002335929962390106,-0.0011514397220008482,-0.0014699916554997464,-0.0022928655137022815,-0.003138502295310957,-0.0014893541742721592,0.0,-0.0015465357251128078,0.0012666436531418857
2008-06-20,0.0029738276737284125,0.0011066221061359043,0.002875237006843591,0.0013494882653198384,0.0006529189616464629,0.0002740861154078127,0.0,-0.007883107630951458,-0.01623192138316243
2008-06-23,0.00015482529678103994,-0.0002546894190359941,0.00022063884282225561,-0.0015245015682270678,0.000773148848766631,0.0015310561306798919,0.0,-0.0007774397226186558,-0.0009876891089342088
2008-06-24,0.0015776423813044882,0.0004084620248998921,0.0016761135115562307,0.0009473131984680185,-0.003167920771154333,0.0006675318237293092,0.0,0.0009385723512350898,-0.0019782186979304672
2008-06-25,-0.000698541487390448,-0.00020375664583061894,-0.0008300098870802393,0.000560926662802834,0.0029564735390949126,-0.00047037116208085354,0.0,0.0027897919532145375,0.0047260440914749235
2008-06-26,0.006236294816697719,0.002722095531957068,0.006104967407837665,0.0035117986938840635,-0.010126266389116534,-0.0017043548812599994,-0.0033699713056770794,-0.01404394934755162,-0.027160237346225635
2008-06-27,0.0024468477037791047,0.0005291882018212708,0.0026109593110918883,0.0016659250850453709,-0.001601102384768183,-0.0003523882395934753,0.0014661682400931052,-0.001309910665709335,-0.005458913740429061
2008-06-30,-0.0009423901873680189,-0.0006823385005105718,-0.00046630651145554967,-0.0010478917263921288,0.0006795589919263334,0.0010466129020061461,-0.000742179526846763,0.002390125526597142,0.0035286885573091453
2008-07-01,0.001567344310711979,0.0010271247960267063,0.001643534986802615,0.0013629665146934666,-0.0020923184786574155,-0.0022996170260214826,0.0007990228404926826,0.0007901912006551548,0.0031255552196614023
2008-07-02,0.004718322697481551,0.004941238371954189,0.004634825429771484,0.006245165162313024,-0.006542583907409036,6.90305771234978e-05,-0.0026119890838742924,-0.009321737633364035,-0.01713670195975836
2008-07-03,-0.001380748275340592,-0.0010615466663216296,-0.001380748275340592,-0.0009585111803666765,0.000956715007033802,0.0019132213031110086,-0.0004394024318005129,0.0007546527470002395,0.0010298739078971053
2008-07-07,0.001322197956528138,0.0004490475720006619,0.001322197956528138,0.0005691189933867664,-0.0005528124992419804,0.0027904063291123537,-0.0018483883923465572,-0.00425801343707306,-0.01021265969796703
2008-07-08,-0.005226530425436276,-0.006402321154679648,-0.005226530425436276,-0.0070203810621026754,0.0059429907904538755,-0.00014222773076407288,-0.0003536638409355556,0.011653230122911973,0.017757341136620086
2008-07-09,0.006250282933858752,0.005918090784739092,0.006250282933858752,0.007236356780229389,-0.005769932015590011,0.0022951281853028096,0.0,-0.009651065826906311,-0.019254976152575543
2008-07-10,0.0005966122803031806,0.0009071270720789852,0.0005966122803031806,0.0007489037423778234,0.000641399672868026,-0.0040778684332693285,0.0,0.0025872561689085135,0.004086853281049407
2008-07-11,0.0012707435363634337,0.003456444295510184,0.0012707435363634337,0.003216282906432294,-0.0012082308896349853,-0.005622967077455175,0.0,-0.010730696584424892,-0.011652448944940996
2008-07-14,0.00411705407165948,0.003245322699642998,0.00411705407165948,0.004084720325811227,-0.003370610905326679,0.0015005404213914327,0.0,-0.003288635017595531,-0.009043730590466037
2008-07-15,0.0008866845941279723,0.0013273098262715345,0.0008866845941279723,0.0018576852126224455,-0.0009840128298414914,0.0004946388486636861,0.0,-0.007011105243193216,-0.014097087922334883
2008-07-16,-0.009866833908016773,-0.008055596547065481,-0.009866833908016773,-0.009873952851422675,0.0054155419654141005,-0.003549585488920188,0.0,0.01107758415107205,0.024547422188453183
2008-07-17,-0.00451694366829477,-0.0035833423477152028,-0.00451694366829477,-0.004082058609042648,0.0036168817118593585,0.0011512072936121958,0.0,0.004091809913252397,0.010003211773605747
2008-07-18,-0.0034853173741379033,-0.0029822075735240427,-0.0034853173741379033,-0.0026344814051328823,0.0027077719330604127,0.002741535491108889,0.0,0.0023665202236065495,0.006229814981000503
2008-07-21,0.001110401142738454,0.00027099544380928056,0.001110401142738454,0.00019251854965647594,-0.001645512279510852,-0.0014256590750531982,0.0,0.001251059279247979,0.0005557842560346415
2008-07-22,-0.00524467057158014,-0.0057180694036644605,-0.00524467057158014,-0.0065936505784089895,-0.005371828187169089,0.002156477793765056,0.0,0.005434183932960001,0.0113448431139207
2008-07-23,-0.005002589197094613,-0.0041437960266027035,-0.005002589197094613,-0.004368551298421589,-0.004729467551257778,0.00104450037230102,0.0,0.002604894935836466,0.005412744883611653
2008-07-24,0.00638245581953759,0.005315221197452262,0.00638245581953759,0.006641422692025462,0.00767070537411551,0.004373211836713073,0.0,-0.00900320253525577,-0.020753878438696693
2008-07-25,-0.0036068198589894094,-0.002107111994207928,-0.0036068198589894094,-0.0029130027540283034,-0.00365738887831432,-0.002003694052606821,0.0,-0.002469014636104094,-0.00023879545690375092
2008-07-28,0.005052078270180755,0.0037446628453023565,0.005052078270180755,0.004811174672077481,0.005638836695075329,0.0015903682858331254,0.0,-0.006504888817553,-0.014663734398731476
2008-07-29,-0.0051034369287438625,-0.006080328797970045,-0.0051034369287438625,-0.007687299713102875,0.0031175197774348158,-0.0017697504284114305,0.0031408057197414795,0.011671508101601714,0.021352410239254827
2008-07-30,0.0003408472342279219,1.0079958368494992e-05,0.0003408472342279219,-5.5056357694930366e-05,0.0014062111343654481,0.0006084969043550806,0.0026727043983648772,0.011467590972129882,0.017817077899451084
2008-07-31,0.0024350098106996143,0.0014501420103886172,0.0024350098106996143,0.002409280405509146,-0.004066882152860772,0.00268026195882976,0.0001496842159007459,-0.004740958848257937,-0.013226174011694236
2008-08-01,0.00031359806405140687,0.0006877399061086084,0.00031359806405140687,0.001427970723439601,-0.0015196736557101299,-7.289105472439112e-05,-0.0021364770867261028,-0.0029697122522090334,-0.005282777348110335
2008-08-04,-0.00127112239599601,-0.00023368805402424852,-0.00127112239599601,7.886916498941936e-05,-0.004090804452939615,0.0025547076556851436,-0.005548826145499021,-0.0058364873370274845,-0.009273530696214616
2008-08-05,-0.007565938465480779,-0.007283375339086803,-0.007565938465480779,-0.008031545383188217,-0.002570220152009825,0.0012095585920452422,0.0025175433844766186,0.014131984629577588,0.026961902765886725
2008-08-06,-0.0019812090607377055,-0.001208647242833956,-0.0019812090607377055,-0.001040758030068162,-0.0008202322458777954,-0.0013672232744732895,0.0007855561367725033,0.002801432122525105,0.004440423077476163
2008-08-07,0.00500146313837165,0.0029128347622482016,0.00500146313837165,0.0036578501175305055,-0.0033737916264390475,0.003790096695139591,-0.0003328538894408467,-0.005191251691636499,-0.014891910079807724
2008-08-08,-0.006745011663281397,-0.007165965586934081,-0.006745011663281397,-0.0072497800022714885,-0.006700707986330234,0.0036050956822097783,0.0,0.01096779765753939,0.018581175584490017
2008-08-11,-0.0060336227623761065,-0.004453216483682217,-0.0060336227623761065,-0.0046598639651650835,-0.003711143575836073,0.00020908568149299894,0.0,0.004269285102085973,0.010358281915881173
2008-08-12,0.003059755227277759,0.0010472087560939847,0.003059755227277759,0.001200660771983959,0.0012408253480833777,0.0026492493092342474,0.0,-0.003468920275725651,-0.010405113824594192
2008-08-13,0.0024558102008540935,0.0031917715760444018,0.0024558102008540935,0.0031649226964515936,0.003259490819749023,-0.00354185234879833,0.0,-0.004476024164069581,-0.0060297779627859205
2008-08-14,-0.0031295593425826754,-0.003926208404445113,-0.0031295593425826754,-0.003672278219703868,-0.0027645576140642647,0.002582265364445201,0.0,0.005748886871043357,0.007544465127935052
2008-08-15,-0.001959241959156986,-0.003085932181070801,-0.001959241959156986,-0.0028042233407585783,-0.0028167277924824926,0.005570570195344813,0.0,0.004407316529760674,0.004863199040344934
2008-08-18,0.003427386103710687,0.003352323097227848,0.003427386103710687,0.0037677380484062084,0.002361771314882345,-0.00016784227460867193,0.0,-0.007215937189864795,-0.013674342943324369
2008-08-19,0.003828214053229667,0.0040283628894532,0.003828214053229667,0.0037697404692786426,-0.0011991126886048429,-0.0015937303875743832,0.0,-0.007125472038572322,-0.010904056871854584
2008-08-20,-0.0005355595998511753,-0.0008012733666730661,-0.0005355595998511753,-0.0005146615687017848,0.0004688746452621836,-0.00012546436521515366,0.0,0.003955482354512441,0.004646086266109961
2008-08-21,0.003946912494543827,0.005058612592494475,0.003946912494543827,0.005321813807077412,0.002454267584865278,-0.0043124832095374965,0.0,0.00018379385323843414,0.0017244158379248198
2008-08-22,-0.006700677754798395,-0.005858716833512413,-0.006700677754798395,-0.005726488133465276,0.0009856186972183648,0.002085812253355315,0.0,0.00751851514491939,0.014475626176057466
2008-08-25,0.005909366447298756,0.0036506036357599704,0.005909366447298756,0.00369584827393225,-0.005350217074123165,0.003143061135426551,0.0,-0.009515749822968898,-0.020285549958809046
2008-08-26,-0.0008564026166476941,-0.0003990775702423638,-0.0008564026166476941,-9.003570602967486e-05,0.000309355746761141,-0.0002473163268451223,0.0,0.0018818794735391718,0.0029129711462392294
2008-08-27,-0.0010968796460587332,-0.0011828989354372246,-0.0010968796460587332,-0.0009984258048064349,0.0007760640093745328,-0.000980839072064058,0.001854157503191111,0.006421328480032962,0.009733872820108402
2008-08-28,-0.0028484950273157286,-0.002917414680129143,-0.0028484950273157286,-0.0030695786015943727,0.0028183614537951934,1.5932224817968355e-05,0.002114300942524692,0.006696467004456252,0.012127715166726505
2008-08-29,0.0006871818745078327,0.000961012466072824,0.0006871818745078327,0.0007222662867971262,-0.0008752148702233885,0.0010294090455281585,-0.002565965512547924,-0.0069438081110476,-0.010753298698442215
2008-09-02,-0.0004210259524308097,-0.0016312408472129287,-0.0004210259524308097,-0.001205609963265881,0.0009329218449055639,0.005255053819187606,-0.002128490638015942,-0.0015489748927408399,-0.006211466038564262
2008-09-03,0.00021431929117522058,0.0005440313965072864,8.023080132920388e-06,0.0012767432134368653,-0.002221448379026449,0.0016466371645567923,-0.0001995568798297408,0.00046658425779515526,-0.0008596116037127288
2008-09-04,0.005035826538767856,0.0046180348887140095,0.006258439148348216,0.004924918881646573,-0.00018795735576008767,0.0035655567269406983,-0.004901320671907672,-0.016059185217184656,-0.030106651532978423
2008-09-05,-0.0016739264213754628,-0.0002643788246721434,-0.0010993242337409203,0.0006203353547404906,-0.0007370476832132366,0.0007148168306597109,-0.0010500460214761163,0.0009999701562500183,0.003144376860060971
2008-09-08,-0.002907447488391373,-0.001481042051050661,-0.002080563189245885,-1.1687322841593003e-05,-0.0035187310548773377,0.0013071283976423334,-0.00033812862353275314,0.012438244517459252,0.0206562300272648
2008-09-09,0.0031047000503975053,0.00463932302487303,0.0031679922451890445,0.00554650959898833,-0.009422552196981779,0.005982584716342817,0.0,-0.015991173450194317,-0.029687448977776643
2008-09-10,-0.003603908071425995,-0.00023337243478733762,-0.002591935987361647,0.0013465177954631708,0.0003754676591763974,0.0004762108160691574,0.0,0.001417490565257573,0.004057590012043644
2008-09-11,-0.0035716521110084635,-2.497288392527849e-06,-0.0031318257818629966,0.00139087371367432,-8.952912985999022e-05,0.00043907488425385315,0.0,0.007971559966651841,0.014468160104018413
2008-09-12,-0.0004690927510645846,-0.0036042690071314302,-0.003414116357013679,-0.005271890775172787,0.007168738215527551,-0.005159375004853105,0.0,0.000774040035449319,0.004621021638958167
2008-09-15,0.014210930919447957,0.011422915377424979,0.012805750736943516,0.009810750402974642,-0.006192007457817684,0.0016808098284771102,0.0,-0.020873892110281497,-0.04758508288654395
2008-09-16,-0.009960461048407216,0.003845727748076834,-0.007704554818954455,0.011484788604988558,-0.0067233606513395355,-0.007449451900391379,0.0,0.008903646179420166,0.01673746438771606
2008-09-17,0.018613512700232742,0.011168375505884783,0.015246349500354585,0.007859871378742417,-0.011943588532192436,-0.015066856616124195,0.0,-0.023376586063614434,-0.04496309519507913
2008-09-18,-0.017104308643762247,-0.013971456312647387,-0.016454918029855704,-0.011682775604663473,0.015672579993001975,0.004048185018607782,0.0,0.013102128244958374,0.029671466029298266
2008-09-19,-0.007270454988374352,-0.013262648553548879,-0.008499158057609967,-0.016719850305510302,0.01792264204400067,-0.004831598901347686,0.0,0.016693398829146753,0.03971398020077643
2008-09-22,0.013691377645239169,0.0031158444326823995,0.010171441879231458,-0.0019478946105017272,-0.003370588537140957,-0.002299752432443759,0.0,-0.014435496025052053,-0.022639395521598105
2008-09-23,0.0006241245079665059,0.00311146859131969,0.001624556180303929,0.004608241441909252,0.0018114042336027268,-0.0007682460352890573,0.0,-0.01365092384044484,-0.022751539734074733
2008-09-24,-0.0026025116788769677,-0.0005278660660020167,-0.0010783573826574485,0.00014728758922263722,0.0016429618643038443,0.003087238637811073,0.0,0.0029565941491630277,0.0032054187034820103
2008-09-25,-0.0003635541726402986,-0.0008231106553388861,-0.0006260558067952473,-0.001337090889963847,-0.001616929572661232,-0.003577869734349203,0.0,0.008173897646851369,0.015639591714599277
2008-09-26,-0.0013324707386064738,0.0025954273966959313,-0.0013324707386064738,0.005507814008765039,-0.00042951339424176653,-0.0024097223962833364,-0.0015796452718943824,2.806712630829542e-05,0.0004967145258532035
2008-09-29,0.013199319670628729,0.02247915431032837,0.014382583363932838,0.027780665878540757,0.011128958689545025,-0.008781807028739385,-0.015416962950873088,-0.04143834674242568,-0.07836157209141781
2008-09-30,-0.007889084123263791,-0.01291310196307947,-0.003844320827453684,-0.014649498025178967,0.00992941324198,0.011989539911243472,0.00743897731010583,0.01955360971964266,0.04138972549393105
2008-10-01,-0.0008637806085140343,-0.0032498355767492425,-0.00022795574353638612,-0.004492339378211649,-0.0014058465294241257,0.007193919323406167,0.0013857373399489947,0.003182251249123658,0.000603542327098916
2008-10-02,0.005982698868355976,0.008315275803559279,0.00267261456463807,0.011063423594450861,-0.010230378850470923,0.004327483489986124,-0.008416067032457996,-0.01952429495415011,-0.03627428249131259
2008-10-03,0.0014774485387792807,0.0016696834756920527,0.0018598104697732528,0.002535804372399811,-0.0026971401850392155,0.00024065033992286142,-0.0016937856402451548,-0.006585575964454703,-0.01350034070438888
2008-10-06,0.0067498396335574995,0.007520458232633637,0.005797278428038414,0.00912411431569504,-0.010280481989244063,0.0022769580849198758,-0.005154173132767306,-0.027319879242374886,-0.05093359933151331
2008-10-07,0.005877570830168035,0.003018668979270212,0.007944805136776992,0.0038064947988225694,-0.0037068531646390983,-0.0008025639132953201,-0.00017851230434657244,-0.0271800698480225,-0.04478620065085459
2008-10-08,0.001612305973030641,0.00030424371925328534,0.0015907243552656775,0.0002498473068086583,0.0018114916860901098,-0.0022697777403380887,0.0,-0.020226572696099197,-0.025192094676332655
2008-10-09,0.004689086464527774,0.004895773169800129,0.004508894040413831,0.00743426030774689,-0.005095275320284412,0.0005895761588183112,0.0,-0.04592029328279303,-0.06983899620696832
2008-10-10,-0.00018577619490084296,0.004919537461668472,-0.0064429886898977225,0.005433252036432466,-0.0003030377252274928,-0.0004587057851262535,0.0,-0.01924208654827102,-0.024255465434592782
2008-10-13,-0.017411453209850165,-0.017398267585613632,-0.013411545943909055,-0.01971623393920422,0.011677780693893419,-0.0013788203050790894,0.0,0.084380921092733,0.1451973379759257
2008-10-14,0.0017929692091440794,0.002097512434640392,0.0017567091910591773,0.003575016081768489,-0.0020860133269504045,0.0007350092272003869,0.0,-0.010763287762131247,-0.014800572846195625
2008-10-15,0.012048885167489413,0.012088622415363303,0.010813398957014324,0.015272502614278097,-0.0036680774720533145,0.0039004407969959565,0.0,-0.05579191090192141,-0.098447240093535
2008-10-16,-0.005489705841835005,-0.002187428539970469,-0.0065607068442349046,-0.0024165782304650797,-0.0007113240201162565,-0.0008897395221430251,0.0,0.025085906393168232,0.04165740812431684
2008-10-17,0.0023157837989143458,0.002176526064913912,0.0011043756806151613,0.002743727782449247,-0.0012552274487207741,0.0025083990834175946,0.0,-0.0010655746304668143,-0.005971911874295577
2008-10-20,-0.004209650443622457,-0.005263738264920429,-0.0016806570546165746,-0.0067401330516729495,0.004613374898927067,-0.0014828632668693084,0.0,0.03645661468534569,0.06007880366845453
2008-10-21,0.003910669809182704,0.005909488111254838,0.00479012430536571,0.007818870349058246,-0.006153779872423321,0.0027814294618678614,0.0,-0.013687519561607672,-0.029854970264977188
2008-10-22,0.005935232382114794,0.008565978764103154,0.0042740215396900125,0.011643780829040967,-0.007059190423956652,0.005998864479917287,0.0,-0.02961581012917393,-0.05445493149051528
2008-10-23,-4.359435157158726e-05,-0.0009360213791449482,3.533706576644034e-05,-0.0005318323093014157,0.0007206288605896097,0.0006598626772255974,0.0,0.007486132205184015,0.011584868881336474
2008-10-24,0.00534589513909415,0.00619689460515425,0.004896240019642832,0.007976599167759113,-0.0067790394220597,0.001898751558658839,0.0,-0.03212201272182362,-0.05071475171688644
2008-10-27,0.004851685262078323,0.004763097048291027,0.0039004559650351505,0.00628663255448006,-0.004182569170702527,0.0012546696944269278,0.0,-0.02152449533385632,-0.03550098763771958
2008-10-28,-0.013098871934695918,-0.013002336071620003,-0.012844855778843716,-0.01627976908373822,0.011419582250143483,-0.005415670896555942,0.0,0.0668897922712719,0.11685579872789065
2008-10-29,-0.00027332068498619143,-0.0030279562686603262,0.0019477699096977397,-0.004072284389196943,0.0027664804423366673,-0.00011714883560586063,0.0015724941520071291,-0.0037645071724555557,-0.007252373184966743
2008-10-30,-0.008079802220173437,-0.004889888587616554,-0.00834905954438715,-0.004950425530189319,0.0033873813036876784,-0.002723133786631758,0.0011617246179028405,0.01769172631463394,0.03459391770654907
2008-10-31,-0.001132611106541879,-0.00048482500953114793,-0.0015284772118476253,-0.0017495217578714305,0.0014350128006825652,-0.0009864169476240174,0.0012591208877051252,0.0024841411807532405,0.00550339033196412
2008-11-03,-0.0005717018454377916,0.0005833392389896798,-0.00015423771286779544,0.0015313637647403218,-0.0016540066554516105,0.001452768650616841,-0.00045325063447136915,0.002374472571565267,0.002891431390303456
2008-11-04,-0.005395857373238466,-0.005360636235499804,0.0005308075880375223,-0.0053542663199624635,-0.0037861929022685197,-0.0016935033466148309,0.006393419575130561,0.025177902407484253,0.0339820188767157
2008-11-05,0.006004599194590906,0.006004599194590906,0.003166744181001759,0.006004599194590906,0.004976985095541146,0.004618379108159295,-0.004066592540675031,-0.023098755105475852,-0.0420276973309337
2008-11-06,0.004714633200248521,0.004714633200248521,0.0017598729766198664,0.004714633200248521,0.004484051366506115,0.0033725067045953477,-0.004269383562453846,-0.03445728140434543,-0.05541126319390832
2008-11-07,-0.0030342801907867296,-0.0030342801907867296,-0.002893421893860619,-0.0030342801907867296,-0.002922071687861843,-0.002841811314894142,-0.00013714617731106247,0.0183722354938729,0.033017752838953696
2008-11-10,0.0009515687481332345,0.0009515687481332345,0.0021617941227610577,0.0009515687481332345,0.001382704071772504,0.0016022378896018122,0.0,-0.0074565712622268075,-0.01310411357767216
2008-11-11,0.004264263012272599,0.004264263012272599,0.00170453525098374,0.004264263012272599,-0.001760359514888209,0.0031375302673419055,0.0,-0.017037494272017128,-0.030875445363253262
2008-11-12,0.005957014022931236,0.005957014022931236,0.0026855962120275975,0.005957014022931236,-0.0035270564231640934,0.0038398235052318663,0.0,-0.023930821441314285,-0.04400159888139388
2008-11-13,-0.008374101975763036,-0.008374101975763036,-0.005614334938201357,-0.008374101975763036,0.0059503541333381605,-0.007285836740669082,0.0,0.03450239790824149,0.06234009942317997
2008-11-14,0.0063567520562471105,0.0063567520562471105,0.004932762900594138,0.0063567520562471105,-0.005606851973099826,0.006286915375998929,0.0,-0.02598721353524567,-0.04990728321487892
2008-11-17,0.002434144387945675,0.002434144387945675,0.0007858288202079733,0.002434144387945675,-0.0016541529955638177,0.001305538758592473,0.0,-0.006273580632518172,-0.013275934699366054
2008-11-18,0.0014738131646244448,0.0014738131646244448,0.00022216563546392491,0.0014738131646244448,-0.0014919214406909711,0.00042536604656277734,0.0,0.014405022916285891,0.01883666287075747
2008-11-19,0.007625186796919672,0.007625186796919672,0.005508365488435973,0.007625186796919672,-0.007073804946397054,0.006301971683851354,0.0,-0.03413547109896906,-0.06407898731209749
2008-11-20,0.009620038858447337,0.009620038858447337,0.005243675604047855,0.009620038858447337,-0.008548985007977544,0.007261586060917641,0.0,-0.03648798093940262,-0.07423336036949979
2008-11-21,-0.007862827741293585,-0.007862827741293585,-0.003679308789218066,-0.007862827741293585,0.0069409013468762805,-0.0045419621884447425,0.0,0.028696958185780816,0.05394358548071154
2008-11-24,-0.009915282707443318,-0.009915282707443318,-0.005278598834239487,-0.009915282707443318,0.00934852033392132,-0.007074883720085143,0.0,0.03782801460507459,0.06929077100549041
2008-11-25,0.002510164748008736,0.002510164748008736,0.00043590061653481736,0.002510164748008736,-0.0018376549067415481,0.0019128325801457218,0.0004711564236701865,0.011313535899406934,0.0074088587726020005
2008-11-26,-0.0031963651569928498,-0.0031963651569928498,-0.00013113612063311305,-0.0031963651569928498,0.0018569902724467726,-0.0019402304479696755,0.004264322125122072,0.025620531444764127,0.03864126961305181
2008-11-28,0.0025441993007130335,0.0025441993007130335,-0.0003085799205753435,0.0025441993007130335,4.4102628169810025e-05,0.0009857070662361517,-0.00039962381826411016,0.00835998674760421,0.012588323596537832
2008-12-01,0.011351828996106305,0.011351828996106305,0.007462515803142392,0.011351828996106305,-0.002844534839473455,0.008692383772156578,-0.005481323575396457,-0.047732294585369206,-0.08857801614177119
2008-12-02,-0.0029727694553236986,-0.0029727694553236986,-0.001467131872624733,-0.0029727694553236986,-0.0012187143307083683,-0.0019784052625023587,0.003263429628268864,0.025189351070840613,0.03848534291785022
2008-12-03,-0.0007686269533450038,-0.0007686269533450038,-0.0010732897526727226,-0.0007686269533450038,-0.0010869346410183308,-0.0011062540475299811,0.0011764811579433928,0.015050671954688032,0.024040927009805868
2008-12-04,0.0037757389150227757,0.0037757389150227757,0.0017783561073371622,0.0037757389150227757,-0.0018225332219264374,0.0019921686920332106,-0.0022673370931849206,-0.011379164924017493,-0.023133217620049384
2008-12-05,-0.0020347782177109358,-0.0020347782177109358,-0.0032282309898937407,-0.0020347782177109358,0.00019841150868997776,-0.0032615802681691835,-0.00011741520080927219,0.014274316884140914,0.030832067911963357
2008-12-08,-0.005376227240484622,-0.005376227240484622,-0.0020664542747952457,-0.005376227240484622,0.0005340700328090919,-0.0028817946385453724,0.0,0.01944157981688055,0.034914471835719274
2008-12-09,0.0029913367639163783,0.0029913367639163783,0.002170650101228338,0.0029913367639163783,0.00038109716073731766,0.002471139096331842,0.0,-0.006486161094153519,-0.016483472553443512
2008-12-10,-0.0032967874265959745,-0.0032967874265959745,-0.000574542793556894,-0.0032967874265959745,-0.0016169610097029104,-0.001251790744766371,0.0,0.0037144172565631624,0.006815982148590027
2008-12-11,0.0001465404435377892,0.0001465404435377892,0.001340115459150601,0.0001465404435377892,0.002213238237443977,0.0012164697295526292,0.0,-0.01203001257057672,-0.02408217561631598
2008-12-12,-0.0017466539110588706,-0.0017466539110588706,-0.0006444003703783637,-0.0017466539110588706,-0.0013507145344979388,-0.0005523941315274157,0.0,0.008282693835852806,0.011940072655556078
2008-12-15,0.000752099333044404,0.000752099333044404,0.0010408153419209213,0.000752099333044404,-0.0012537253253237285,0.00040838050907056583,0.0,-0.0074924348829368045,-0.013934511115497927
2008-12-16,-0.0038120386028227533,-0.0038120386028227533,-0.0009522421044195141,-0.0038120386028227533,-0.0023277668702835893,-0.0016638789272208432,0.0,0.03459177820024659,0.0470656983916371
2008-12-17,0.0004480730956791478,0.0004480730956791478,0.0019120483096677968,0.0004480730956791478,-0.001222143504090509,0.0015433524295910184,0.0,-0.0030909994756229235,-0.009686404615889765
2008-12-18,0.0029256469457076854,0.0029256469457076854,0.0037484029235661086,0.0029256469457076854,0.0009045217871141073,0.00437183399803064,0.0,-0.00850796163143248,-0.018683416095443883
2008-12-19,0.0006768677757111831,0.0006768677757111831,-0.0008106622570144623,0.0006768677757111831,0.0018160689909607623,-0.0005653665857359766,0.0,-0.0039026378330964118,-0.004301288343500298
2008-12-22,0.0007646165520552369,0.0007646165520552369,0.0017981391692505494,0.0007646165520552369,0.0010760231342420777,0.0017101856910855483,0.0,-0.008732939620512803,-0.012813430105301449
2008-12-23,0.0007415397870849818,0.0007415397870849818,0.00025594101206077814,0.0007415397870849818,0.00045270881674406725,0.0010868337745348763,0.0,-0.006404537584951986,-0.010337937844061007
2008-12-24,6.6980236204525305e-06,6.6980236204525305e-06,-0.0002993277356670619,6.6980236204525305e-06,-0.0005809723820341348,-0.0004840661394328937,0.0,0.0030794231573514352,0.005803818937990313
2008-12-26,-0.001242048857497352,-0.001242048857497352,0.000963980621437862,-0.001242048857497352,-0.0015082357262770564,0.0004162333913706865,0.0,0.0056005323746260325,0.005769484116281864
2008-12-29,-0.00021497244598301293,-0.00021497244598301293,0.0007842249647043072,-0.00021497244598301293,0.0009402273118267312,0.0005931199211153476,0.0007539150089930077,-0.0008387305103522589,-0.002868584072230118
2008-12-30,-0.0011299347143666578,-0.0011299347143666578,-0.000657575646429377,-0.0011299347143666578,0.00033741908842202,-0.0007301892035478378,0.0015904704493860213,0.01478432757210344,0.023702610394569668
2008-12-31,-0.003786980341299787,-0.003786980341299787,-0.0016790894783991917,-0.003786980341299787,0.0017263483645577845,-0.002228410899887734,0.0018596409159208449,0.004148183636250558,0.014274386247476123
2009-01-02,-0.003146468730381234,-0.003146468730381234,-0.002414555117504584,-0.003146468730381234,0.0027439880522529443,-0.0027078276670327852,0.0008637358908197341,0.012361418218433194,0.03014189288337965
2009-01-05,-0.0014510562782214722,-0.0013917087534916525,-0.0003972153181411528,-0.0014510562782214722,0.00010446508904638532,0.0003399128058564306,0.00037431507700279705,-0.0014102914947230927,-0.0011830041216115417
2009-01-06,-0.0016608775321659576,-0.0016152115433101149,-0.000718898011648769,-0.0016608775321659576,-0.0012767352147105813,-0.0006850325333806753,0.0012668172086966422,0.0037588378636300933,0.006677346666322803
2009-01-07,0.0029237635478968163,0.002962325665410714,0.0010605456802928823,0.0029237635478968163,0.003541959806579739,0.0009711455449723377,-0.004608493204153861,-0.017891306814934293,-0.02995668007713259
2009-01-08,0.00010752262126804973,-4.106118688781941e-05,-2.5918381671348597e-05,0.00010752262126804973,0.00038323890088856654,-0.0002328190950800376,-0.0001323014279648348,0.0035220208347008786,0.00408139628512183
2009-01-09,0.002638122172825557,0.0027693393703162868,0.0026180210247174597,0.002638122172825557,0.00018990552980169598,0.0027698651348638343,0.0,-0.010999533133218265,-0.02141962150197463
2009-01-12,0.003375000016719787,0.003445317783704472,0.0011776758381821695,0.003375000016719787,0.002692167640744098,0.001468003699738525,0.0,-0.011912934155974629,-0.02402059231614362
2009-01-13,-0.0002792158250536647,-0.00023604467681782176,2.246763496297269e-05,-0.0002792158250536647,0.00017965993556574308,6.645323048376533e-05,0.0,0.0013890386759622066,0.0018400809484047098
2009-01-14,0.003126247210949464,0.0031837088875808868,0.0016941234869566133,0.003126247210949464,-0.0038730445994130196,0.0023531933730135185,0.0,-0.016634322945022782,-0.03145404206359903
2009-01-15,-0.0001399527453805757,-0.00019730524656498406,9.624887253490932e-05,-0.0001399527453805757,0.0004241340882321824,-0.00028764400864857197,0.0,-0.00011046563376733155,0.00035505794548140734
2009-01-16,-0.002031162059798011,-0.001975171856550239,-0.0004856496403736105,-0.002031162059798011,0.003259710422065881,-0.0016636430152972312,0.0,0.0010065263060203382,0.007819965738659285
2009-01-20,0.00520222042480937,0.0049548761009619744,0.0034468934932225933,0.00520222042480937,-0.004716498906174265,0.003825827585349725,0.0,-0.03228477031508477,-0.05278592213093214
2009-01-21,-0.005290060260348861,-0.005192370363178281,-0.004251968445840976,-0.005290060260348861,0.0039261986402507046,-0.0051757127702796515,0.0,0.022353651813075446,0.04319163285401695
2009-01-22,0.0006258214164968437,0.0006540841879372038,0.00028056603315011937,0.0006258214164968437,-0.0021747733803691256,0.00018722679937529052,0.0,-0.011923215183463353,-0.015466189926825802
2009-01-23,-0.0014429636979516442,-0.001661620204511641,-0.0009860180223411647,-0.0014429636979516442,-0.0001930893747882185,-0.0006506136532405426,0.0,0.0026932211722694886,0.004350237024812742
2009-01-26,-0.0015617414036541834,-0.0015867072745057518,-0.0012045452934228993,-0.0015617414036541834,0.0005378824301437277,-0.0014295150846577373,0.0,0.0031170858588391854,0.006858570812884102
2009-01-27,0.0017748689979882545,0.001817901384063983,0.0021719675445879614,0.0017748689979882545,0.004137402218773843,0.0013143188999895116,0.0,0.008720380299250863,0.01015734180182637
2009-01-28,-0.0038183432769585426,-0.003695880352229195,-0.00199160681210088,-0.0038183432769585426,0.002337816561939484,-0.002082654905910801,0.002967776330167485,0.01773348506288328,0.03383433457069396
2009-01-29,0.0013739636577681682,0.0013268670417903084,0.0005512465864009847,0.0013739636577681682,-0.00585774442253951,0.00028266083921428157,-0.004228997654246411,-0.024707653328158073,-0.03249765395492543
2009-01-30,0.0013670365888002773,0.001280633775351046,0.0015421893506657302,0.0013670365888002773,-0.0015296520623566084,0.0013437619450783682,3.490119460991336e-05,-0.012375133859673149,-0.020343539308467884
2009-02-02,0.0012421256832611197,0.001380115300207714,0.00027382778349603013,0.0012421256832611197,0.0017297198204647764,6.353296207503246e-05,-0.0010082466778045072,0.0014339221685521599,-0.003018037636570936
2009-02-03,-0.002508889873273601,-0.002310350783440559,-0.0022304300542084314,-0.0029459769077914795,-0.0002938940559838081,-0.003225487361179489,-0.000746201343022056,0.004982580557396953,0.014046592890600174
2009-02-04,8.247933090334123e-05,1.455116467786072e-05,0.0006301912098832131,0.0004297924018137036,-0.001084692241375341,0.0005669719610070917,-8.944052390809044e-05,-0.0049715724545801535,-0.004895858171310996
2009-02-05,-0.0009713901557809989,-0.001389162428400449,-0.0005290701248851157,-0.0014102737820901278,0.0012484008194241678,-0.0010956456171593344,0.0015711132974651338,0.009865684657376849,0.014880900641300432
2009-02-06,-0.0036361097607222376,-0.0026834432374920553,-0.0013196721267007417,-0.003287887717617776,0.00023807483802609124,-0.0021145196754677295,-0.0001579119120974446,0.014675701599634338,0.0284966978485508
2009-02-09,-0.00011221664452445233,-3.540273644741615e-07,-0.00037253657842095444,-0.00047934513986011264,-0.0002451977465832253,-0.0002888092508522113,0.0,1.548351037938822e-05,0.0013799003297090273
2009-02-10,0.004743315408729901,0.00508352549781998,0.005231514356617745,0.006036100835260226,0.00521539584652983,0.005326344075554252,0.0,-0.02213019038463666,-0.04580942450325698
2009-02-11,-0.00022990501550234813,0.00043955379844645237,0.001444692582522136,0.0009875131943627902,0.00042842530986128503,0.0006919995993153055,0.0,0.006624143685503858,0.0058959268481200144
2009-02-12,-0.0003642169614777967,-0.00034858465610591865,0.0002505270720928023,7.977369954378425e-05,0.00012414405234663435,-1.8289664041846765e-05,0.0,0.0003043019789485512,0.0007176573292602129
2009-02-13,0.00015160005108475367,-0.00015188824608747202,-0.00039234071089395164,-0.0008433380773622612,-0.001161372204210139,-0.0012267723990585708,0.0,-0.009602032220918977,-0.010757890147771398
2009-02-17,0.006437009793184036,0.006542673907118678,0.006722444732504827,0.008169370760316232,0.006895747427271504,0.005232134103255785,0.0,-0.01893869158044481,-0.042774582180733045
2009-02-18,-6.25465532182553e-05,-0.00029333611829652275,0.00010718860608335578,4.6909949517380176e-05,-0.000742938951607545,-0.00041885615476013803,0.0,-0.004351455386558079,-0.002398429504320343
2009-02-19,-0.00031178077063331037,-0.0009255955165905641,-0.0022349790689352015,-0.0015572008793980792,0.0019864412448123312,-0.0005527970211819695,0.0,-0.008674249186977678,-0.010755584919509675
2009-02-20,4.986857607811078e-05,0.0004152411152324732,0.0004983899719626282,0.0004584964065573353,-0.001178683073683501,-0.0005733736342520724,0.0,-0.004694934510914072,-0.009721007440983365
2009-02-23,0.004228696568297359,0.00341543672448337,0.0019027704004186544,0.0038737977320262356,-0.004272374505856273,0.0023977453844590026,0.0,-0.021089135101816623,-0.03577848321960686
2009-02-24,-0.00278773274561903,-0.0034716744017896056,-0.004017747935622314,-0.004314736772141245,0.006197098688501105,-0.0030561208892532694,0.0,0.021235192875705966,0.03791027234563771
2009-02-25,0.0011225077557836844,-0.00044757810007966083,-0.0014630526179698383,-0.000836702660105864,-0.00041619457950244483,-0.0006950958183940125,-0.0022592524938352797,-0.008348064620136174,-0.00787317015549982
2009-02-26,0.0013281321236479585,0.00029625774143534977,-0.0019750679027064665,0.0006730235893446701,-0.0004826554771510399,0.0004107191567020484,-0.0025764622039236183,-0.010777441116274478,-0.016261201921313972
2009-02-27,0.0016986579154495644,0.0008278109173732688,-0.0002833881852117104,0.000848361600382325,-0.0015583112686997312,-0.0002273436288629807,-0.002154245798084434,-0.013750227024338967,-0.022348609229606464
2009-03-02,0.007007659416227411,0.0061141090273001955,0.004251581007505755,0.006315517819122797,-0.007073922322530975,0.0037745844554584987,-0.005626574796049178,-0.023012396838250026,-0.04504248949107614
2009-03-03,9.675784266882614e-05,-0.000460143189724393,-0.0010464969016143056,-0.0004093601584525884,-0.001457725640812645,-0.0010189789314026454,-0.0006850893778255931,-0.005012593169022939,-0.007507194295764963
2009-03-04,-0.004828785924166426,-0.005094310328244586,-0.0041064517285600705,-0.005374205056027989,0.0023715158851835435,-0.004540378611769146,0.0034833437248200697,0.012178707593585523,0.023690425011046123
2009-03-05,0.005866892197334405,0.006376882720885053,0.004725033606862403,0.007443615025829675,-0.0021670324466369164,0.0033733889289438656,-0.002402340181782815,-0.019819438571843893,-0.04084749902483664
2009-03-06,-0.0017317545415017682,-0.0016110914749792628,-0.0018114277131748313,-0.001579222753556151,-0.0001970616085532141,-0.0015321067230342409,-0.000179472445226257,-0.000849511858285368,0.0017444547486202833
2009-03-09,0.003890855418558845,0.0019598548597755693,-0.0018076662543892352,0.003019190832125096,-0.004588434609393491,-0.00045306850722195123,0.0,-0.006882702520344396,-0.011753141459525773
2009-03-10,-0.00797959691640179,-0.007805305901843268,-0.003947230852651279,-0.009234462646547785,0.0067343299156573735,-0.003189828062961855,0.0,0.03284616118898831,0.059609495539665325
2009-03-11,6.967312005583292e-05,0.0008414028579471682,0.0023726961922533847,0.0006427682868361659,0.0013796284209357352,0.0016865108925341289,0.0,0.006763540528383771,0.006512493239024586
2009-03-12,-0.006085914996453438,-0.0050183128823969025,-0.002658579037256073,-0.005100384002082693,0.0018058371157508293,-0.0029331304768567858,0.0,0.02476598678126627,0.03937225222656715
2009-03-13,-0.001061036304025433,-0.0004265776281100347,0.0008287635418587229,-0.000958353702496408,0.0013064375810197828,0.0003672469720056831,0.0,0.004393026799329958,0.007813931915180206
2009-03-16,-0.00028048017719186215,-0.0005285458077088842,-0.0013781452373110318,-0.0005366184693596566,-0.0007999454120447004,-0.00023261839851663134,0.0,-0.0040941215955268674,-0.003022270169453889
2009-03-17,-0.003502440391221118,-0.004105453690340236,-0.003538023120913133,-0.0038939155844001276,-0.003210984784576021,-0.00330974241533831,0.0,0.01758460045791619,0.030582427621907327
2009-03-18,-0.003269895950767428,-0.0009846513085371767,0.002461979151995566,-0.0016855902169296028,-0.0032691978207465633,0.002388471654803062,0.0,0.027135727797264628,0.02238455973373399
2009-03-19,-0.0013937159982249018,-0.0004909926909485468,0.0006568123952528722,-0.0007606579048715673,-0.0010531752787252785,-0.0014291270436340541,0.0,-0.008789193559585273,-0.012385570904115406
2009-03-20,0.0025003522265437754,0.002032713242644593,0.0009186446363009604,0.0021236066058738182,0.002842480531959916,0.0002290417719478883,0.0,-0.012776443020359695,-0.021294071700599493
2009-03-23,-0.008427008440517123,-0.008612631810785674,-0.006077842641516545,-0.009181616143801564,-0.008063256575113635,-0.0052228216708408715,0.0,0.04173467051051349,0.07182873531193246
2009-03-24,0.004627322290255139,0.0037753981559308343,0.001972237043369248,0.004053350830456788,0.004126190379149266,0.0024259965705948055,0.0,-0.012402226298703179,-0.0197031159480745
2009-03-25,-0.00219867711291806,-0.0018392272521476638,-0.0014815276941834,-0.0016689983808565124,-0.0006872393008969153,-0.0015064088095305325,0.0,0.003920786952496379,0.010545667591847385
2009-03-26,-0.0025973107410098926,-0.0021909219709653673,-0.00022672772764378314,-0.00262273676116236,-0.003439362752589009,-0.0006012779668959412,0.0,0.013272265498018188,0.020380659994603922
2009-03-27,0.004318722611678519,0.0036757641621729515,0.0023351311645644873,0.0036878539235625624,0.003931474693632536,0.0028420472378761713,-0.0030403862928054075,-0.011079014131875174,-0.01804823362931074
2009-03-30,0.00668824622356044,0.005416106747538149,0.002337945891340076,0.006322083885679603,0.005918748016461895,0.0027052197891239303,-0.005342268318298051,-0.019024765219040108,-0.03455446880098134
2009-03-31,-0.0024364560926515054,-0.0018534588455168116,-0.0005277103132839934,-0.0022805209793984025,0.0022421713594663337,-0.0003500691225670208,0.0026599876414474134,0.006264826732873629,0.00926533224757664
2009-04-01,-0.001243141637792965,-0.0009665864045423353,-0.0002603111394228488,-0.0008545933351878526,0.001375018074929731,-0.00021504182187151295,0.0019702365303762895,0.012599494045926595,0.019365312764483944
2009-04-02,-0.00772944730569935,-0.006612470797049756,-0.00495485296364223,-0.007922461798324064,0.005692511201651407,-0.004460604892960496,0.003916448495176154,0.01493212069663099,0.029237968681777193
2009-04-03,-0.0032790006169644737,-0.0026823503049089436,-0.0030707138051502595,-0.003767755490190225,0.0013172327130323248,-0.002648595541271389,-0.00015552162137560645,0.0013820661822047326,0.009948332652227831
2009-04-06,0.001755683673650661,0.0005008215505425452,-0.0004708394014239828,-0.00016743817353341507,-0.003228750741539234,0.0010758533658875601,-0.0031297441416372005,-0.005627343585021505,-0.007832263727768796
2009-04-07,0.004192663398622823,0.003818095145163942,0.0030630615726325557,0.004592398531530269,0.004302572860639004,0.0029108575002441566,-0.00017677731872675666,-0.012980386271123233,-0.023325625765500457
2009-04-08,-0.0018462821584890553,-0.001406302707678942,0.0005791745545975043,-0.001633356645868119,-0.0016392631829996065,5.612091617994683e-05,0.0,0.008448718722301152,0.010777892759604502
2009-04-09,-0.006145110618412645,-0.004691993524710421,-0.002870612729526347,-0.006054384655293717,-0.0059927124350096775,-0.003490236767654171,0.0,0.021495775845990828,0.039742859087922966
2009-04-13,-0.0006187051562050007,0.0001488956388893929,0.0015044955205911624,0.0005880020142480888,0.0005648892873761772,0.00051182372374564,0.0,0.0025039023575035295,0.00023345937598073796
2009-04-14,0.0027227922977958088,0.0021964968904109898,0.002232527897678257,0.002635169923082014,0.0005941292312176115,0.0020634982232133788,0.0,-0.008289439527076812,-0.017243466523550355
2009-04-15,-0.0017240425746194489,-0.001358083737463064,-0.0005642202820814537,-0.0016947643119916511,-0.00204634690958457,-0.0007338096180658361,0.0,0.006777701590518959,0.01066984170838614
2009-04-16,-0.0020533330044174326,-0.0021929447324689384,-0.001358400182573103,-0.0034867912328317282,-0.0021453276050857626,-0.0009888106764743838,0.0,0.007212250214317973,0.014662446865449041
2009-04-17,-0.0005606150885191907,-0.0008882669148112389,-0.0006900305843194222,-0.0017174444467179654,-0.000917747129549951,0.00011806697494079656,0.0,0.0007983203992288244,0.006705390245308029
2009-04-20,0.007724600087921629,0.006671087608562598,0.004888428291507684,0.008384699607530247,0.00208190792572109,0.003935134165002593,0.0,-0.022362734779030856,-0.041915832734046754
2009-04-21,-0.0033325989829161083,-0.0026225372223061014,-0.00205553963740119,-0.0034252355014108937,0.0017531713434806872,-0.002312316862182448,0.0,0.010171272647980878,0.0195376689159541
2009-04-22,-0.0002333213329089543,0.000416779331770417,0.0006859923705485995,0.0006024985943718424,0.00020124135293068439,-0.0001984040277431337,0.0,-0.00463570578811916,-0.006113268566136143
2009-04-23,-0.0022625870218725007,-0.0012219359967690067,-0.0008237876922384411,-0.0010216327245354691,0.003298911307730688,-0.0019055131635604416,0.0,0.00580577129699682,0.00981819979810572
2009-04-24,-0.0034986902208389552,-0.0024789272869105605,-0.0015150994979320626,-0.00311808118306397,0.002535827253621978,-0.0019365460335535418,0.0,0.007504753901995275,0.015110306275920138
2009-04-27,0.0029555935464843992,0.002409704937193686,0.00244675949134411,0.0029266156924966473,-0.0026795481012536317,0.0015040986122770072,0.0,-0.004024551561362166,-0.009462668230006521
2009-04-28,-0.00027228760533438875,-0.0006916120850938155,-0.0018020596560444123,-0.001316289491600793,0.00019935939111595253,-0.0007681543720333467,-0.002863415064675719,-0.0038283614437348845,-0.003145277459203788
2009-04-29,-0.0048335034115438765,-0.0032297513761127086,-0.002190769977497255,-0.004087281860016042,-0.005451102223124355,-0.002548565395741876,0.0035969849310554408,0.010599136692972078,0.021269316392641402
2009-04-30,-0.00041772515540794365,-0.0007749293132141168,-0.0007433419215084508,-0.0014123705514191536,0.00017664648675290532,3.535496899163959e-05,-0.0005253845541762157,-0.00047647150750118616,0.0003434417305945292
2009-05-01,-0.00202423631011599,-0.0013398096003060349,-0.001451768436156371,-0.0017235463769221535,-0.002044238916650054,-0.0007202403572851877,0.0009878772062742063,0.0019412719131277623,0.005376403484605996
2009-05-04,-0.004884437376163258,0.00010172646800320719,-0.00235712018809406,-0.000972850297746424,-0.005931944525860626,-0.003929328976294756,0.005367768914214136,0.020798126118844927,0.03401927882021494
2009-05-05,0.0002110616342145395,-0.00012838175278607095,0.0018985325293527473,0.0017541246290758547,0.00017766678299562758,0.00042348397303110447,-0.00024274063134502397,-0.0021320070579366576,-0.0034108608629770387
2009-05-06,-0.002940609584967465,-0.00036175169298095756,-0.0008988212091728483,-0.0003090454869042269,-0.002917625617370863,-0.0009433642401010696,0.0034090896381684635,0.01057245689195656,0.017334550927632142
2009-05-07,0.0013974650728520762,-0.0006758994867769505,-0.0011616686170377007,-0.00016249891928731274,0.0013848915437985648,-0.000440949189313043,-0.00019208782543436438,-0.011682908139738556,-0.013892049511524562
2009-05-08,-0.0048774975859399074,0.00028300321233623105,-0.00271554484549989,-0.0020380505166262843,-0.0048365021774042895,-0.0022650415493996887,0.0,0.014475721804091,0.023332873087312134
2009-05-11,0.0028307284434690772,0.0001439973750768178,0.0029260175981909472,0.0013904680462417803,0.002803589705854059,0.0026004469337621017,0.0,-0.0074674945655130096,-0.018713444152527625
2009-05-12,-0.0006037719003274521,-7.443956333768498e-05,0.00023922557518700905,0.0001766240775548393,-0.001962113605796407,0.00032386293131799956,0.0,-0.0020323854705232235,-0.0029595224607164017
2009-05-13,0.0049695866803585575,-6.586641447054021e-05,0.002553943080202367,0.0009080489041233914,0.00014433825415147307,0.0036645041039720166,0.0,-0.013261097687448653,-0.025173017115742824
2009-05-14,-0.001208265049845804,1.8158258723686157e-05,-0.0009183632668098923,-0.0008159338723636301,0.00029431487263837,-0.0011843607145165574,0.0,0.005184975662037327,0.008570407378633238
2009-05-15,0.002349804474925051,0.0001241108399280208,0.0014107265250426471,0.0011991619369150378,0.001501215350618867,0.0006301236920450169,0.0,-0.005878407865184831,-0.008162242080059112
2009-05-18,-0.0058763310924555175,2.8628194734673846e-05,-0.004587862607930751,-0.0021598199765999132,-0.00011087263209463535,-0.003958301119839043,0.0,0.01469275503437326,0.028407189857271087
2009-05-19,-0.0015461222083803998,1.119378479073946e-05,0.0005491400283592642,0.001185948421798067,-0.0004117066171851456,-0.0007561199883146419,0.0,-0.0012823414508695173,-0.0012055223167338758
2009-05-20,-0.000993112521633506,0.0002695231168872511,0.0005884606011228524,-3.3368300168150735e-05,-0.0022718537342296947,0.0010404855204994641,0.0,-0.0027677062814702056,-0.006694564293711958
2009-05-21,0.0006655661972243525,-0.00034462644048947866,-0.0011803742198191,2.5134778620865056e-05,-5.2193133646823825e-05,-0.0014796192713605102,0.0,-0.012997546023531849,-0.01436276153306515
2009-05-22,-0.0015732349394508357,-0.00011125566581609367,-0.0007636112885135383,8.667825463729787e-05,-0.0007520334020164947,-0.00047909423277457653,0.0,-0.0036219941097980655,-0.0021300173188324445
2009-05-26,-0.0035020163433344296,-8.634417753688072e-05,-0.002498785190598739,-0.0011944384905948416,0.0017719969178787627,-0.0035836561661750058,0.0,0.012703385754120243,0.025612317823591635
2009-05-27,0.00011883811449231788,-0.000592768921591867,-0.0004388240924404851,0.0004493387140068346,-0.0007807889671399671,-0.00042635079807319627,-0.0027969056057200676,-0.01523997402231634,-0.017853525245421165
2009-05-28,-0.001421162864880262,7.331321776938612e-05,0.0005399788498934441,0.00035235739681364366,-0.001545410365985738,-7.140695142352304e-05,0.003855135853686578,0.010453972360436792,0.013940232519812357
2009-05-29,-0.0025837516936831006,0.0003859405902536658,0.001353424394749643,1.9159640774053755e-05,-0.002127136203477601,0.00028783093462830453,0.0058029186716068845,0.015136573732987779,0.01770780718894005
2009-06-01,-0.006158164178032186,-0.0002868787610799457,-0.004300489734327054,-0.0012735529495533572,-0.006245010963692812,-0.0039501960650479345,0.002130903543186738,0.007996965374097085,0.024208527441782035
2009-06-02,-0.00015453798098434977,0.000751606127139287,0.000861250532715078,0.0011922808103266727,-0.0014634135788758767,-6.141614472594044e-05,0.0011821493268032628,0.0018442136375838025,0.0008432465485244123
2009-06-03,0.004747333936055524,-0.001719055948321179,0.0027426097606906494,-0.0029139990728213007,0.005441726600422208,0.002915317639766455,-0.0025449910240201053,-0.005146003329563208,-0.012651180207464252
2009-06-04,-0.004469641742091431,0.001611964810902676,-0.0025193547365170207,0.0019950326146660497,-0.00519047974135049,-0.0026293645672918454,0.0021344226135556993,0.000999289769673028,0.009396962272091303
2009-06-05,5.235460167914868e-06,-0.0014836193573761886,-0.0013855621245454414,-0.001840505882166402,0.002332197639651052,-7.026983122993772e-05,-0.0002109340681418299,-0.0038511847537519017,0.0002113743806120283
2009-06-08,0.00045219719992134775,-0.00041740911078024537,-0.0002525311222493878,-0.0005336518234463652,0.0008015423827768463,0.0004333592047428638,0.0,-0.004506373163947463,-0.004124334363583948
2009-06-09,-0.001308820590633595,0.0010123096146047233,-0.00014472980611603679,0.0014978105225930906,0.0006894847344176994,-0.0007656309029872103,0.0,0.004782863069183874,0.005097329703349862
2009-06-10,-0.0008587551528676905,-0.00012076255166849598,-0.0009919502763871147,0.00038540449025229026,-0.0011325562543003749,-0.0009613656266602269,0.0,-0.003916250658251231,-0.00253562961789211
2009-06-11,-0.0008249060412296972,0.0003152371293838196,-0.00037819275073427484,0.0005044848167279604,0.0016960419541343905,-0.0002832232184189579,0.0,0.005396814250889959,0.004448824437279564
2009-06-12,0.0020442265559373804,-0.0007323371943976784,0.0007895454829046921,-0.0018982211209537985,-0.0015917359672395644,0.0016810233323425825,0.0,0.003767265831820854,0.002742529891823331
2009-06-15,0.006161965195778007,-0.002321020295020717,0.002289857301175114,-0.004709169958529795,-0.0034745411758286835,0.0044836989471398695,0.0,-0.01196055778035523,-0.022928150001922387
2009-06-16,0.0018625294697008328,-0.00027497823284705874,0.001408247056302851,-0.0009089168193779761,-0.001664030608440103,0.001172223627840497,0.0,-0.00590255940964397,-0.013563311214658036
2009-06-17,-0.0006108427890762506,0.0004529153911506852,-0.0001449981738242141,0.001045656143890337,0.0007846380084269816,-0.0007854030122616165,0.0,-0.0016562834281747874,-0.0009819750629330715
2009-06-18,-0.002282966783450751,-0.0006374446913340185,-0.0022797943753170855,-2.0243403521863604e-05,0.002147971477274025,-0.0017087813583829567,0.0,-0.0004677303630976409,0.007318793001510615
2009-06-19,0.000697937295912182,0.0007139050700920896,0.0012610987634606866,0.0012802021466720738,-2.4389630084571527e-05,0.00036292434853617603,0.0,0.004060762030399401,0.003684836303447403
2009-06-22,0.00629740006282712,-0.002034793513350206,0.0030107505336787535,-0.0033269722302652002,-0.006442959891517394,0.004031516313349155,0.0,-0.015835329705460865,-0.029986557274303105
2009-06-23,-0.0006173445770185562,0.0007454070076859442,-0.00038259969502073824,9.669020836742474e-05,0.0007022828609707028,0.00026773457247631185,0.0,0.0017662390844077613,0.0007843506488098839
2009-06-24,-0.0014219693082104623,0.0006735495001456573,-0.00026465220022869743,0.0015533083429480408,0.00249065786132686,-0.0011698333644823088,0.0,0.003656401087567529,0.008617858985091376
2009-06-25,-0.0010435480719817143,0.0011465751207926993,0.0006798379964326461,0.0013063871313556718,0.003046149332264886,-0.0001293230202466367,0.0,0.01805592286718083,0.021748282743832892
2009-06-26,-3.520649435811887e-05,0.00017034170931833244,0.00030762427911388136,0.0007241202796091364,-0.0005337669409161722,-0.0004261131320566796,-0.0004969132987133588,-0.0010338010602781275,-0.0026060665263052396
2009-06-29,-0.001129198993444442,-0.00010702158864833787,-0.0010628762249694106,-0.00044589261189573583,0.0008861224424036591,-1.4735539540038762e-05,0.0013909911380789025,0.006455931622180477,0.009363938962356544
2009-06-30,0.0011680765258006692,-0.0006427808589146202,0.0005080924346790667,-0.0005575647118442066,0.002168744942849952,0.0006066571388217506,-0.0021043706412678274,-0.005910400690258965,-0.008090643368014128
2009-07-01,-0.001070665644406075,0.000931525287793931,-0.0003994896641802979,0.002039686118463367,-0.0018072223835986297,-0.0011192693727018251,0.0012791026369416178,0.0022225569921914714,0.004132226764044011
2009-07-02,0.0070251851315541744,-0.002066619471899145,0.002224213118793522,-0.004901898222776426,0.0063921240724056725,0.0035273628424939045,-0.0058893851349844,-0.015047540379847702,-0.02729291379464427
2009-07-06,0.0025988635878931195,-0.0007584905177867108,0.0004510380591339442,-0.001416177183526738,0.0022383077836675923,0.0007874085345433848,-0.0020652753387960547,0.00019787354454474658,-0.00011130670274472898
2009-07-07,0.005041746800760149,-0.0018776432881704688,0.001720934458073841,-0.0041042819587516375,-0.005631896387755761,0.002546210959717874,-0.004218582799674536,-0.010038489651570282,-0.01937630717997807
2009-07-08,0.004124234143865359,-0.0003194666008699209,0.003396098947118032,-0.001217157906842382,-0.001285161369053427,0.003656251084641989,-0.00024963977389463415,0.004202490346537547,-0.0006814638091234837
2009-07-09,-0.002523894627980458,0.0010009973850806735,-0.0013259952428793381,0.002730759909689865,0.0017239046130798103,-0.00116723441384264,0.0,-0.001185544435217745,0.0019317200734478845
2009-07-10,0.002446544004963394,-0.0003729087208944685,0.002376645138634349,-0.0013685478382185609,-0.00110930383499937,0.0021933190024444747,0.0,0.0010607431224094691,-0.0023811526090428137
2009-07-13,-0.0038194195718293084,0.0009753251473822976,-0.001111902224688485,0.0030337665913146316,0.0033220675681186382,-0.002032085455904932,0.0,0.01316484545935479,0.02432905604802893
2009-07-14,-0.0023288807288436137,0.00046371975896940455,-0.0010814689675131197,0.0020185615379872935,0.0013702549682601836,-0.001306121706171519,0.0,0.0007389644060901367,0.0056597441584747
2009-07-15,-0.010897088839491314,0.0023966585534503657,-0.004670129358429878,0.00727402697955877,0.0048187852193003105,-0.006140898770421886,0.0,0.012373733441819908,0.029246687658619264
2009-07-16,0.00028705741511029186,0.0005876324872096195,0.0014550757214747034,0.0005403730064912995,-0.001197497391751004,0.0009805274547410314,0.0,0.0014337800506789566,-0.0016082790716318573
2009-07-17,-0.002223032320269092,0.0005686643374763122,-0.0020380705666534125,0.0015281059586792574,0.0014164725506103767,-0.0018915970371744019,0.0,0.003878955045086707,0.010954336100153395
2009-07-20,-0.003960882523770036,0.0015499010506207476,-0.0007946006757954688,0.003398714963306228,0.0011602596381737032,-0.0012651363014405947,0.0,0.007841749849854373,0.010623900303389444
2009-07-21,0.0023953001577626844,0.0007601039696155261,0.002958405426128133,-0.00013772749129560156,0.0019365671277533864,0.00302378302839428,0.0,0.007249181637265378,0.004625346198065872
2009-07-22,-0.0018652804826601553,0.00032502199041438494,-0.0007392148385226228,0.001533900582311589,-0.0018840262205920386,-0.0010374914587044208,0.0,-0.0024914177511434544,-0.0002095206213567069
2009-07-23,-0.005913302759433164,0.001543535892929309,-0.0028392263319024884,0.00395530663566261,-0.006197733262729489,-0.004044682424409123,0.0,0.0093714782561642,0.02208241646600051
2009-07-24,-0.0003351723628131699,0.00036958592602767204,-2.2198480285245555e-05,0.00025242924043001637,-0.000438345615042856,-0.00021813331875456378,0.0,0.0033033593462893584,0.004095766470780138
2009-07-27,-0.0022562242114000344,0.00041644773587735197,-0.001239447879005211,0.0015259490602967099,-0.002322869858680409,-0.0014343650318761995,0.0,-9.018870662567133e-05,0.0029579053223867113
2009-07-28,0.0030192183852865016,-0.0005819266780562754,0.0014197333684829267,-0.0018545262880044614,0.0024595175317155033,0.0013989573080708743,0.0,-0.002003994077837334,-0.004677404417504305
2009-07-29,0.0043655389204636345,-0.0006934466455246796,0.0040487201919737125,-0.0009488513287021056,0.003647755255980541,0.004242547789219849,-0.0026439908187999937,-0.0012035849170779266,-0.0024516009516503123
2009-07-30,-0.0033054794581421723,0.0014764392821277955,-0.0013438039275877314,0.0015016790929267673,-0.004704983025129369,-0.0020117487524259825,0.006026243613823472,0.007868863552820748,0.010445571762649486
2009-07-31,-0.001640737616898585,0.0019905795148361786,0.0006635580164120971,0.002560574489122897,-0.004243507492373249,0.0008208406456012154,0.005177525895424339,0.00488424779831016,0.0014189956822048266
2009-08-03,-0.006974408754831755,0.0011983839309961113,-0.004882807169431852,0.00410152052393468,-0.005794664408827125,-0.00554882992905606,0.0026981002651120536,0.005647308473804545,0.016495991985119973
2009-08-04,-0.0020191238322099865,0.00044733696221004813,-0.0023399612447371565,0.0016411955429821794,-0.0009390549218269123,-0.0019442002645372978,0.0008349090151923286,0.0003966245840882898,0.002588103688654364
2009-08-05,-0.0013114835592464337,0.00032822126135997654,-0.002124095188270741,0.0011480736716631818,0.0004918404442430401,-0.001793580017579304,-0.0006494045320738238,-0.004002423478989181,-0.0028792318329249333
2009-08-06,0.0017668979317520112,-0.0014241734276459364,0.0008957667363071419,-0.003019709107344911,0.002802120913857681,0.0012183439949559054,-0.002303952881458879,-0.0031070222611305764,-0.005178370435217627
2009-08-07,-0.002113219239596485,0.0005930679650780188,-0.0009323156204953618,0.0019462115674152712,-0.000616730541428288,-0.0013226048053275818,-0.0002614256169938593,0.005221621471734883,0.013113801959435456
2009-08-10,0.002294906596664045,-0.0006735761098667052,0.0014176142066972147,-0.0021578174631320802,0.0005847385098654896,0.0018577347496350027,0.0,0.0013291905530944394,-0.002074873620267259
2009-08-11,0.0038392805864666396,-0.0009866734123514308,0.0025663656347113687,-0.003399650411760466,0.00025566049124926864,0.0033046306115555976,0.0,-0.00470425919792985,-0.01247665988363178
2009-08-12,-0.003904394946939525,0.0003815808800671191,-0.0025828064692987106,0.0025245687935704407,-0.0007874671239870355,-0.0029368933669974605,0.0,0.005323345332555585,0.010729203760849293
2009-08-13,-0.0014108988570554635,0.0011576483972136412,-0.0003874198640377362,0.0024419220243481936,0.0019798226048142135,-0.00106731712529885,0.0,0.007711196902748662,0.0076389456630134855
2009-08-14,0.003734728213123629,-0.001978372751244662,0.0023088458282068684,-0.004834923233428808,-0.0015643803855649608,0.0030202691481901437,0.0,-0.003366184827446483,-0.00767965724040498
2009-08-17,0.005877856576592239,-0.004037914983122867,0.0025339819854762902,-0.00899580076298042,-0.0010326312119043205,0.004070935312774554,0.0,-0.012022909962887528,-0.024605294381149334
2009-08-18,-0.0028394624823274016,0.0019687228894581933,-0.0010925005965926077,0.00437281557535099,0.004699398393292786,-0.0019494483893929152,0.0,0.0033557963007132315,0.007933896833395293
2009-08-19,-0.0006669524713618445,0.0010593324733029655,-0.0001355550943094501,0.0019224749456353703,0.001572178274860077,-0.00023619393186785078,0.0,0.0067653553031475685,0.00877970134383288
2009-08-20,-0.001438941231963805,0.0006186514884966351,-2.978483020874272e-05,0.0016474478487268553,0.0010526699617175277,-0.0007101275642890197,0.0,0.007235923753659668,0.010304291755440564
2009-08-21,-0.004102715706436168,0.002535629348435084,-0.002680709398140398,0.005854801875870711,0.006777737840058793,-0.0032726988109870537,0.0,0.007692576145530471,0.019605800006135432
2009-08-24,0.0006103108749256732,-0.0007696946307334725,0.0007213117976776019,-0.0014596973835630453,-0.002256202575316997,0.0005485000942032726,0.0,0.00241858619766,-9.67803630336217e-05
2009-08-25,0.0006926550642165079,0.00018645104119203754,0.0007922843998915739,-6.665097032019777e-05,-0.000802240386077787,0.0008783126078064188,0.0,0.0022201527000132336,0.0019424144233348706
2009-08-26,0.0013278800283468262,0.0004615216536079694,0.001101351160167376,2.834246623854115e-05,-0.00031751614016164184,0.0012198813281848904,0.0,0.000584034192190508,9.680230067132811e-05
2009-08-27,-0.0019273062058270951,0.00012951955040386878,-0.0018484468899248765,0.0011579324285193508,-0.0009777374775210767,-0.0017727835032299807,-0.0003391100905530702,0.0002431739161194101,0.0022292402936059386
2009-08-28,0.0008090221444233989,0.000920908569210283,0.0006649120256249063,0.000976851781603725,-0.0012678365143809723,0.0008706714220580888,0.0018191239531434276,0.0008056927745790033,-0.00019335501919071074
2009-08-31,0.003264324264572077,-0.0008738137587140463,0.0018600676523849147,-0.0029428827703571084,0.003092514434057275,0.0026330356852263914,-0.003038209543188258,-0.00415702837096521,-0.008899347440457395
2009-09-01,0.003927148455003615,-0.0020565927155791687,0.0020164168651980482,-0.005048463300870561,-0.0012041189139325962,0.0027605078509804217,-0.004737049585134494,-0.012196638555728011,-0.0220573302108672
2009-09-02,0.0037921068418692917,0.0011011783985743835,0.0033255029844816483,0.0008202636869600375,-0.0027292588057154623,0.0011647177101809004,0.002147858443706242,-9.14254619799105e-05,-0.0037927196273240815
2009-09-03,-0.0008227341328949402,0.0011854592866035033,0.0007984483171837707,0.004203645849961305,-0.0008697612441225821,-0.001450461128346351,0.0033169967822615754,0.0035557087349133098,0.0083153320918683
2009-09-04,-0.0033526278273143736,0.0011009774495001103,-0.0022902311541770602,0.0043350136260288255,0.0014026739701373974,-0.0024709490794724825,0.0017026595973614553,0.006007251962315417,0.01400869410332617
2009-09-08,-0.004214240527899357,0.001081795884660185,-0.00347687157322248,0.005736914619001611,0.0006210137573469032,-0.00431461830762265,-0.000288908150427723,0.0042523000708905015,0.008622460388691078
2009-09-09,-0.0015571231987065281,0.0005387621847699579,-0.0026646377694773114,0.0013788772797023046,-0.000929029967301003,-0.002121949662781796,0.0,0.0049563702189711735,0.007674261709198049
2009-09-10,-0.00021457616605305812,0.0020537985279278103,0.0015250575446960175,0.003152830354910665,-0.0012707269268220304,0.0006619412183245442,0.0,0.009118257377349347,0.010218999757382718
2009-09-11,0.002567610105550443,0.0017073224496449851,0.003178910854161917,0.000475578953006176,0.00018031067983654544,0.0028945063716121423,0.0,0.0010625733461389953,-0.00019059315368497032
2009-09-14,-0.0026644661839969183,-0.0003843783400067674,-0.002839410588398987,0.0006517401700760649,-0.0008308177340954296,-0.0018143164747042083,0.0,0.0005732349972317418,0.004867754490117893
2009-09-15,-0.001471782893473305,0.0005290224428589189,-0.0007451748586087606,0.004106073863604227,-0.0037601773462751253,-0.002291888747674438,0.0,0.001676488126187081,0.004178927915627018
2009-09-16,-0.00321422952628074,0.0018745302544116104,-0.0012984967039597155,0.006095087509865387,-0.0062747777100553405,-0.002347098014736583,0.0,0.008774360288377992,0.015134522960738916
2009-09-17,0.0009036169809602929,0.00020268540637777242,0.001063984116251166,-0.001440624097556783,-0.00013864160698431077,0.001702199160991345,0.0,0.0010786421550041505,-0.0014908210533608468
2009-09-18,-0.001900360200848297,-0.0009719903384119584,-0.0015543176246957686,-0.0008907016614974978,0.0023627916260911736,-0.0009724663793227012,0.0,-0.0017554728787953166,0.0006380600046238527
2009-09-21,0.001582879460700012,-2.947733790069411e-05,0.0017208984931439948,-0.002433186897023567,0.0024336458494490683,0.002369885818221845,0.0,-0.001781157471097483,-0.0025300027312857853
2009-09-22,-0.00036082139867130636,0.0015753495674694828,-0.0012068783665500266,0.004395843676635316,-0.003214918785294154,-0.002416429140586105,0.0,0.004548021084371756,0.0058240139776335464
2009-09-23,0.00233093641635652,-0.0005519150639260503,0.0025360820602829265,-0.004598082192529312,0.003863385722840394,0.003543338991178163,0.0,-0.004111724603326827,-0.008312312489884732
2009-09-24,0.002032876212349556,-0.001305949947595806,0.0023358396402002927,-0.0055774530117574436,0.0044541115129544655,0.0039543521112982314,0.0,-0.00551936790676002,-0.011019330945338912
2009-09-25,0.001573398818389088,0.0003254903871124538,0.001104825831390874,-0.001878256392277508,0.0014390036396002086,0.0012479545094382356,0.0,-0.001587518096014406,-0.0053325798183929685
2009-09-28,-0.0033682233635815573,0.001244955745110044,-0.0016328525350754002,0.003883537446111733,-0.005351246319436602,-0.0014537135469886904,0.005184617555624842,0.01143584446202519,0.017902739309913596
2009-09-29,0.0006884204818302,-0.0005928743956657686,0.0009231878506593107,-0.0012071586567870835,-0.00040261729660386346,0.000664964847340044,-0.0011840763815062793,-0.001979018455073955,-0.003009533605427439
2009-09-30,0.0005041303224964657,7.53349320919888e-05,-6.918949652947334e-06,0.002963106128478647,0.0034586169497985986,-0.0019467178268394478,0.002084314526516915,-0.002017105622911486,-0.003867616738263302
2009-10-01,0.0049465041651037215,-0.0031928078935573065,0.002217167794706126,-0.009391638009269523,-0.004493187358768144,0.0026547270845211097,-0.007169270748681565,-0.01187856303428687,-0.02481301297325922
2009-10-02,0.0004187174147711592,-0.0009382238591703218,0.00042001013112108443,-0.002274101958987605,-0.0003018480394361638,0.0006095576892261574,-0.002523351113853518,-0.0029699384912319268,-0.0046616642669454755
2009-10-05,0.0008137388569459756,0.004365528814199718,0.0008137388569459756,0.007068951798915943,0.004028258253081459,-0.002337259833724831,0.006083433022804471,0.008914195490250697,0.014928164582159509
2009-10-06,0.0011933045282344597,0.003770705626340378,0.0011933045282344597,0.004091684109624873,-0.0005252849129741357,-0.0025037561743001995,0.0032815865195932443,0.007300936860978213,0.014324428499538966
2009-10-07,0.002050304787610284,0.001422512376993742,0.002050304787610284,0.0020913069862626113,0.000305792466980206,0.0018037507646758012,-0.00031215944231917673,0.00420131378359776,0.0027485822630330947
2009-10-08,-0.001121820193739726,0.0019738071381377033,-0.001121820193739726,0.0034213036231902374,-0.0006271774901795306,-0.0032776996466508984,0.0,0.0031324364410124867,0.007656011265731788
2009-10-09,-0.00402691718847455,-0.0017394703800447074,-0.00402691718847455,-0.002078036637873664,0.0027634154751712612,-0.0024414614068610004,0.0,-0.0001820015624590444,0.006096687433394754
2009-10-12,0.0004505193956924811,0.0014084256397119406,0.0004505193956924811,0.0027579978934425885,-0.001377438966539983,-0.0006631548917017083,0.0,0.003526156532301261,0.0039160894376260025
2009-10-13,0.0010646124000510298,0.0006217884856440476,0.0010646124000510298,0.0010950934853054678,-0.0003013788082876282,0.00042261360001496953,0.0,-0.00031410400792200035,-0.0020430878201326275
2009-10-14,-0.0023291167961234298,0.002332805577718756,-0.0023291167961234298,0.0038058344149606523,-0.007052995984273708,-0.005083112295250527,0.0,0.007599133303128624,0.01721534091909005
2009-10-15,-0.0029502322099232295,-0.0015512553277537344,-0.0029502322099232295,-0.0009831632801796137,1.459579291441241e-05,-0.0008442030586086752,0.0,0.0008869528620956133,0.0036597668329012567
2009-10-16,0.0014394586751405398,-0.000687713773294364,0.0014394586751405398,-0.0010201889939512843,0.002644794992331433,0.0021579006561250687,0.0,-0.0026462964244766242,-0.007474588497606405
2009-10-19,0.0009414729102977437,0.0030552343040623872,0.0009414729102977437,0.004934555157889378,-0.003350356040018216,-0.0016283272104977537,0.0,0.00556908386074082,0.008264937872562994
2009-10-20,0.0010297102812783523,-0.001004602869957688,0.0010297102812783523,-0.0018223473860883655,0.00146291618660652,0.002639493673153306,0.0,-0.0022562696901006424,-0.0052829613566725
2009-10-21,0.00011533019812564314,-0.00013806641759627326,0.00011533019812564314,-5.304724697746536e-05,0.00023293887819679374,-0.0016701489517342459,0.0,-0.006295287549289453,-0.008973103183204656
2009-10-22,-0.0010043312265349356,0.0015917492323157263,-0.0010043312265349356,0.002715460110978253,-0.0034383196002973487,-0.0008818787740366193,0.0,0.00492359204100361,0.010163908926042797
2009-10-23,1.2991928799125946e-05,-0.0022988098588004424,1.2991928799125946e-05,-0.004219344387293884,0.00377320388177566,0.000535765679397859,0.0,-0.008823972917446965,-0.011433792395985187
2009-10-26,-0.0017140363244145269,-0.0035158443184201624,-0.0017140363244145269,-0.005866835350781133,0.003468209030557135,0.0010221464491737158,0.0,-0.008775942992192176,-0.010825334264385367
2009-10-27,0.0007330969198018962,-0.001329926925480745,0.0007330969198018962,-0.0013901740750772238,-0.0005494948185513856,0.004033943111065067,0.0,0.0006906293531401711,-0.004582927276420623
2009-10-28,-9.902957470112744e-07,-0.005682482470608296,-9.902957470112744e-07,-0.008853720209290412,-0.006023100483722541,0.0044708258195051255,-0.009010963471030607,-0.010108127413458167,-0.018887608463274197
2009-10-29,-0.0005998487535138813,0.005506076680210154,-0.0005998487535138813,0.00868051273163744,0.005669737777056969,-0.005141709196849954,0.007560135557350808,0.010954193021507307,0.021454074023760983
2009-10-30,0.0029145549892789207,-0.0036260694117747293,0.0029145549892789207,-0.006507900236479213,-0.004315365759208696,0.006874035306427161,-0.005341470181323399,-0.014404919866077545,-0.0289733393700079
2009-11-02,0.00017335732326638977,0.0018509046866862942,0.00017335732326638977,0.0028236785584524987,0.0010479942507910884,-0.0011525717417629222,0.0020580149959737925,0.0033505346151160523,0.007338677422332296
2009-11-03,0.0010130230725870631,0.002147265228913054,0.0008192082721633969,0.0033134289052891524,0.0021005207076417827,-0.0020965545070522847,0.002996683717748931,0.0009748117770892238,0.0031633890233513373
2009-11-04,0.000841960075632738,0.0017346029682526903,0.003717949558590631,0.0018973428806276903,0.0012096526255330198,-0.0009321239451520871,-0.0002465189399850213,0.00044640748233555345,0.0025799495618830104
2009-11-05,0.0023828821531465027,0.001440649684252839,-0.00031205139133151324,0.0019175459978523128,0.001861958550001881,7.516088497097986e-05,0.005342323277952566,0.011125658085136969,0.018395315710791227
2009-11-06,0.002255288283295556,0.0007257469738500607,0.0021644205425414287,0.00021403283730183405,-0.0011559026201813224,0.001692077321879791,-0.0003221712012497134,0.00276477483286266,0.0026202297318160817
2009-11-09,0.006023486718385791,0.00667493034545235,0.002957701611271812,0.007563236488517723,0.006764832940244637,-0.004767111953984379,0.0,0.01384172229615399,0.022775950936725797
2009-11-10,-0.00021380693715279708,-0.00032681005679721686,0.00042713090373755036,-0.0004173570614424733,0.00010552928582871057,0.0007641842427508814,0.0,0.000417728518241578,0.00018263383885175344
2009-11-11,0.002439916120044346,0.0023424322057514356,0.0004930914378073754,0.002581976875234077,-0.0020384713346436947,9.250043896330863e-05,0.0,0.00420997348846166,0.005109906362618766
2009-11-12,-0.0035649420576370585,-0.0044835800950963735,-0.00203715857559404,-0.0053718426673684296,0.005176324527205324,0.004005532339261819,0.0,-0.005969222387605155,-0.010167949242272156
2009-11-13,0.005161348841845183,0.00467479064822151,0.0035923835791766175,0.0045872637997614206,-0.004080339210794115,-0.0022812052560983883,0.0,0.003553649679319504,0.005411318256100861
2009-11-16,0.005670213357734524,0.006292033838914477,0.0012939733256138609,0.007368059199648075,-0.006226469747544405,-0.0028413931310211473,0.0,0.010850451065227463,0.014504657054401404
2009-11-17,-0.0004008591186048629,-0.0003909527804194292,-0.0006433068179371507,-0.00041390754551488124,-0.00024293907609267877,0.0015508148785420234,0.0,0.0015726784499575431,0.001168920467568224
2009-11-18,-0.0006975942736254924,-0.00019762864125134357,-0.00026517518740513864,1.3483558022198117e-05,0.0008565272960218564,-0.0014837093597713648,0.0,-0.0013779506490552596,-0.0006289181610665828
2009-11-19,-0.0022073814053403455,-0.0029689216008689148,-0.00031605717623709215,-0.004042362774079621,0.0029388405479512645,0.003545010624369626,0.0,-0.007338647365570572,-0.013030853748934867
2009-11-20,-0.0011935071169677557,-0.0013478189498505168,-0.0008349424325642251,-0.0014608054535766846,0.0012272485219485194,0.0007410687666349568,0.0,-0.002174038996994221,-0.0035511458023124165
2009-11-23,0.0037653561453833227,0.003695058186236805,0.002670681656759365,0.0040910128466750476,-0.0038601330940592773,-0.002192932144336039,0.0,0.007054778803389671,0.012701630816700726
2009-11-24,0.0011280525915844082,-0.00018969389171022194,0.0004383333154490741,-0.0007780570067893176,-0.0009532297891529365,0.0025168005659591103,0.0,0.002970483459276352,0.0015341820149017416
2009-11-25,0.002854133847212069,0.003988925040639501,0.0017111207333043292,0.004664797206980807,0.0028599938154564974,-0.0016077160364544282,0.0030927623137279405,0.0034534021298501917,0.00351408276911358
2009-11-27,-0.005522538663806685,-0.006360251230378106,-0.003928501327501032,-0.007380970269203023,-0.004350621592333331,0.0051683163403339226,-0.0056172712394168154,-0.00793402988271208,-0.016250948274963206
2009-11-30,0.0024509747098964045,0.0029279557087911606,0.00011657932127360078,0.0034716238956931074,0.0028009028044625626,-0.0014805261174793154,0.0032206395201549117,0.0026718580968187137,0.00337680306359589
2009-12-01,0.003271523049165881,0.004182362925548065,0.0038099703747410977,0.00505609254641452,0.0003538248352060036,-0.004334625226149425,0.0033026715031187178,0.0052165110457019544,0.012370574255137656
2009-12-02,0.0012784545077046973,0.0008617875791599245,0.0020124824827860185,0.0006434881759514416,-0.00026357771965736026,0.00047785413232607853,0.0011177959745748047,-0.001092153480624325,-0.0004492567087001076
2009-12-03,-0.0015776551758532396,-0.0024866498250506216,0.0001303249945064715,-0.002941147149649313,0.00106904608396688,0.00032557764556724204,-0.002900701792192512,-0.006558891980074466,-0.007820580179493386
2009-12-04,-0.0020187513664507743,-0.0028584689137995216,0.0003519706453403227,-0.003278327687473895,0.004352296105130945,-0.002839712860636147,-0.001352441469839588,0.00045883989492265763,0.005707724078312104
2009-12-07,-0.0011442758585803567,-0.0016127091373431672,-0.0010106826162650402,-0.0018469257767245724,0.00010336957079018662,0.0017696799873000249,-0.0003335534093536428,0.00017972567204735954,-0.0015313708824733485
2009-12-08,-0.0028601805120976975,-0.0031915738959137577,-0.002965045193717883,-0.003357270587821788,1.0223470740221285e-06,0.003048909295299138,0.0,-0.005256250920528593,-0.01109721222821447
2009-12-09,0.00018692802725616607,-0.0007965078008643553,0.002092888527368628,-0.001288225714924616,-0.0023964087373189377,5.310851429744703e-05,0.0,0.0014584843039756375,0.0037406120174616753
2009-12-10,0.0008983065792126941,2.508872315883193e-05,0.001339013943588111,-0.0004115202048680992,-0.001991956280162651,-0.00032614564016143576,0.0,0.002025100281704794,0.005635596462296055
2009-12-11,-0.0013554617098854025,-0.0015401091455147207,-4.578175229872229e-05,-0.0016324328633293798,-0.0029012617576727696,-0.0017160834895891797,0.0,0.0005734395747807762,0.004247832956781439
2009-12-14,0.0036426223586021374,0.003794647292705595,0.0017733305699362983,0.0038706597597573237,-0.0008864575557238822,-0.0002560195215192682,0.0,0.00410417269860539,0.006840287831008984
2009-12-15,-0.002827001281462876,-0.002877738908827274,-0.00018490930202671942,-0.002903107722509473,0.00027281340012169766,-0.00015630177394772228,0.0,-0.004068370325417315,-0.004648279652351928
2009-12-16,0.0024441614649310414,0.0029343702999085042,0.0006312066319131695,0.003179474717397235,0.0009832093498869656,-0.0011233872229148777,0.0,0.0009156844608428027,0.001526140768071338
2009-12-17,-0.005467888081062329,-0.004619240734912711,-0.006336456801105992,-0.004194917061837901,-0.0005370678811483945,0.004214074995337916,0.0,-0.0036687160720408228,-0.012015412892265598
2009-12-18,0.0016908677998979773,0.0016104262090370252,0.0023614974091899278,0.001570205413606549,-0.0007829108353028574,-0.0008378982230998478,0.0,0.0014200249854203315,0.005657169642794724
2009-12-21,-0.0002637179449945106,-0.0018082687570665412,0.002579895678955746,-0.002580544163102557,-0.004863540514304045,-0.0026372116772933464,0.0,0.0019974769120739916,0.010162819193983319
2009-12-22,0.00020003771583247708,0.00010290346875174283,0.0012354244263509714,5.433634521137559e-05,-0.0023793006755472574,-0.0022372667470258283,0.0,0.00037433530404991085,0.0035933118780206996
2009-12-23,0.002420449499685302,0.0032529017509991317,0.0007699837391283745,0.003669127876656047,0.00010827227088600332,-0.001978020881769884,0.0,0.0010021227620647275,0.0019684585489145867
2009-12-24,0.0023166860253482583,0.0019261986198043407,0.003245959788768755,0.001730954917032382,-0.0012712483782262598,-0.0017491650529873227,0.0,0.001408165571319708,0.004734414902622497
2009-12-28,0.0004371628331058357,0.0006869084771233365,0.00033358387524354315,0.0008117812991320867,-0.00015745519754660646,-0.001961250101954033,0.0,0.0002020913167599225,0.0021337443345847973
2009-12-29,-0.0017990266084551305,-0.0013672726564796143,-0.0026992270051433933,-0.001151395680491856,0.0022492657585675866,0.0011000109118658205,-0.0012595698161094236,0.00020440573135793738,-0.0014197999836933484
2009-12-30,-0.0004199311723602224,0.00021908310815669382,-0.0009213102383107202,0.000538590248415152,0.00019142896391040006,0.0010520654783097287,0.0007429032500906866,0.000506851945214204,-0.000355114087893571
2009-12-31,-0.0019078527489748182,-0.0021382657547947236,0.0003037698102750844,-0.002253472257704676,0.0008545550393563739,0.0002550502381468055,-0.002169793826948174,-0.00769068099057868,-0.009598300516161395
2010-01-04,0.007105009788449691,0.007683413579652694,0.0028322098709757854,0.007972615475254196,-0.0053848290546815595,-0.002419057400407623,0.007702530425630047,0.01116852182428598,0.016959467263113925
2010-01-05,0.000626635492640218,0.0005676095370735711,-0.0006684654442738988,0.0005950593598181861,-0.001731743711137585,0.0011703987217830142,0.0022985190903472993,0.0033453180865508523,0.0026476055185946645
2010-01-06,0.0029717699070448867,0.0028655402427815854,0.0017152642243022616,0.0029717699070448867,-0.001627169712259521,-0.003523512639483534,0.00043114259343508344,-0.0011919305362718458,0.0007039898546290502
2010-01-07,-0.0002824842157773941,-1.6210690014436006e-05,0.0001887979549781456,-0.0002824842157773941,0.0005771877135253586,0.0017058572756398947,0.000710020960059757,0.002532958160186727,0.004221596933644545
2010-01-08,0.002176923291178058,0.0018947459548623782,0.0012657374817847057,0.002176923291178058,-0.002451449565809209,-0.00046273242924089997,-0.000360397402597672,0.0024914286018903995,0.0033272160543613705
2010-01-11,0.000842044198657423,0.0006289337109538005,0.0011629540982887598,0.000842044198657423,-2.8289012674619952e-06,-0.001030676962059211,0.0,0.001108176302473929,0.0013967851277985055
2010-01-12,-0.006520893393144432,-0.006520893393144432,-0.003693144495076523,-0.006520893393144432,0.0038668847228653636,0.004071627814079617,0.0,-0.002719903209365992,-0.009326089044658814
2010-01-13,0.0035085515058941538,0.0034728482145576687,0.0040650678220740324,0.0035085515058941538,-0.0015178323110726576,-0.002136361411649491,0.0,0.0031492984387795795,0.008446366946020634
2010-01-14,-0.00024274297416436007,-0.00034995944868860765,-0.0006790690397228432,-0.00024274297416436007,-0.0006241756705822929,0.001476785702074351,0.0,0.003505338394035551,0.002704141548997896
2010-01-15,-0.005263728227661525,-0.00503081839177917,-0.0027167748792329004,-0.005263728227661525,0.0034404188394083295,0.0024830757274685385,0.0,-0.004949939353185195,-0.011224313712932643
2010-01-19,0.004453121938439227,0.0045778192333139015,0.002153394399339696,0.004453121938439227,-0.0027921804258657754,-0.0017616123418133258,0.0,0.006786669689394209,0.01249546607327412
2010-01-20,-0.00789696644768271,-0.007399701885094534,-0.004452141027938041,-0.00789696644768271,-0.0027690570732979035,0.005400704894198873,0.0,-0.004721555629572638,-0.010168195840923211
2010-01-21,-0.0073888536715535896,-0.0073888536715535896,-0.0046812652138880995,-0.0073888536715535896,-0.0020640370060132536,0.002535518047350616,0.0,-0.010074051716774689,-0.019229308882336316
2010-01-22,-0.0066501484359594,-0.006720323624707395,-0.002647110011121437,-0.0066501484359594,0.0008930731040173766,0.00017613556484993918,0.0,-0.013022052195177315,-0.022291924813820585
2010-01-25,0.0023825191406153983,0.0023297935272486568,0.001059945659410939,0.0023825191406153983,0.0012000066007751642,-0.0013930940749852915,0.0,0.0021941678992067003,0.005128031353424989
2010-01-26,-0.0029546337780540447,-0.0027786570018360148,-0.0009750023378090815,-0.0029546337780540447,-0.0025605591385910948,0.0023855233396821666,0.0,-0.0017181189491989987,-0.004190681112803851
2010-01-27,-0.0005905044242441526,-0.0004503359302333406,0.0011876232072936081,-0.0005905044242441526,0.00019579638595115044,0.0010140896807137578,-0.001161433054706379,0.0019272901192593395,0.004757292776075062
2010-01-28,-0.004058571130220602,-0.00398872025903313,-0.0026802327617978243,-0.004058571130220602,-0.0035444866622713267,-0.0001933465184358089,-0.004104272514615108,-0.007016561685102073,-0.01147251399543392
2010-01-29,-0.004399759796857394,-0.00408599710418604,-0.003351068985095612,-0.004399759796857394,-0.005693763079648098,0.0023045349666187343,-0.001758486165678,-0.004971230763929423,-0.01086829508423015
2010-02-01,0.007003211477425825,0.006830236433901731,0.0036016583587380664,0.007003211477425825,0.007852514330351206,-0.0047209297357824545,0.005131472472219001,0.007958385315294868,0.015550854012322812
2010-02-02,0.004437424565874959,0.0026677153994145927,0.00046571461974315046,0.0047113441021605544,0.0036672964941911815,-0.0012842183513156063,0.004762274042241368,0.00792811027580318,0.012103090835328567
2010-02-03,-0.0006977827037431582,-0.000297157960196064,0.0005100193688147838,-0.0017688824008724085,-0.0020538119523971846,0.0015091317359847,-0.0024473165501941742,-0.004895459234727895,-0.0049825410088557565
2010-02-04,-0.015989530589879224,-0.009928169218647408,-0.00854451194293755,-0.014137113258271319,-0.007866257693966313,0.007864239309773632,-0.011561169665801991,-0.01522343046481036,-0.03086609359478998
2010-02-05,-0.002086271476834063,-0.00021645910764296053,0.00023406516547403095,-0.0013664599919813243,-0.0022304382673259005,0.0009206017476355905,-0.0003923235869368584,0.002520908448301373,0.0020667709448445315
2010-02-08,-0.003184063542573255,-0.0026647901327908805,-0.0028871708456621875,-0.0033820714708356916,-0.001733663457374237,0.001269500639340802,0.0,-0.004683462451102582,-0.0072185391300046975
2010-02-09,0.007179739380974051,0.003279222259825943,0.004003449646603049,0.005966129798476084,0.006664986740202299,-0.005374393784254884,0.0,0.005376033256830581,0.012559254357387362
2010-02-10,-0.0020253212647191425,-0.0022706294865357923,-0.0006278402979710536,-0.002647839969947845,-0.0018828507712315536,-0.003127323302969923,0.0,-0.002282471305588718,-0.0019579166622569755
2010-02-11,0.005870722302529799,0.004505350556213771,0.002861599834418687,0.005596017570388444,0.005642997603717855,-0.002293886495439902,0.0,0.0057907585596082885,0.010465955408919703
2010-02-12,-0.001420908596916214,9.059774711856207e-05,-0.0005994634613357874,-0.0008958494564750385,-0.0013362274112800497,0.0016658129186394779,0.0,0.0004349432244111773,-0.0008322612167596111
2010-02-16,0.009332324877200801,0.005811957744183068,0.0025683604404106823,0.009831154903556318,0.008989726312105964,-0.0038048729529036084,0.0,0.010328578974392898,0.015734919318478147
2010-02-17,0.0018389761700657718,0.0018116760275838307,0.0029984294996134417,0.0006443496463911326,-0.00289838038200976,-0.00015684142701353446,0.0,0.0007172830717067312,0.004738372705035632
2010-02-18,0.004247831457986576,0.0025622544097392602,0.0023288320668929793,0.0034469836645246305,-0.004048123431008842,-0.0013553629891096804,0.0,0.002112185033757363,0.0058953807047439355
2010-02-19,0.0007288516464187737,0.0006482376281397643,-0.0007533762784904874,0.0008546898258793309,0.0003387055771717616,0.0017516974034004706,0.0,0.001468145521657993,0.002073711225987429
2010-02-22,0.00038175051917930337,0.0003303925134079409,0.0009337285436529086,0.00020588633291733363,-0.00026149320311258167,-0.00010723646463677704,0.0,-0.00020481988553808786,0.00018019350519682398
2010-02-23,-0.007137346670702074,-0.0039346184916503385,-0.004962937451067275,-0.005429308567290677,0.0056919419033983985,0.004063586440595399,0.0,-0.004247468373589424,-0.012144638323720591
2010-02-24,0.0033219014774125174,0.0022658995380068414,0.0011072642467254274,0.0034464605987358198,-0.002888706283725875,0.0001968292321939329,0.002876727118172333,0.005740288208411703,0.009197742336789494
2010-02-25,-0.001796527784760378,-0.00025601648474581697,0.00025644971048940674,-0.0009744827984375375,0.001959165341335414,0.0014213046086260822,-0.0006116093538575582,0.0006505186945567677,-0.0013537389531903532
2010-02-26,0.0035909344186275654,0.0021121819467460625,-0.0009077515466365718,0.003938694682247261,-0.0028267553166574067,-0.0001840543042936528,0.0037112401340688456,0.0009982978854978786,0.0006324780577131595
2010-03-01,0.002035169622812657,0.0029166719007668136,0.0030567782319280467,0.0022687187380205057,-0.002593875702924728,0.0005231618434152041,0.0028616948043551794,0.006646376136970832,0.010384657529795227
2010-03-02,0.003749422563690071,0.0019838803252052234,0.0004374464632492711,0.0032795778194073893,-0.0017548818883283178,-0.0017974725677833826,0.0032381192276326382,0.0018827573935613184,0.0027705773890953633
2010-03-03,0.002692701945592545,0.0010057201466393364,0.0007684985173660914,0.0016612694509546277,0.0007540319300012365,-0.002063693640373416,0.0013839528178286845,0.0001377344680926207,0.0008911800869859654
2010-03-04,-0.0008305539689908206,0.0003001116526814392,-0.0002437198277708625,0.00013290566601884706,-0.0017408314844681596,0.0019776927109549144,0.0007006490551230726,0.0025237194105892868,0.0030274600650552763
2010-03-05,0.005776535481832282,0.004435612762862414,0.005767157607664909,0.005702828162647174,-0.0014153115913456951,-0.0036649867552104804,-0.00038204074235889045,0.0066787330613555344,0.014293035822984024
2010-03-08,0.00024437004894010055,0.0006873045059827005,0.001296546592542077,0.00017066520736666187,0.00023410136656011265,-0.00020958214516088138,0.0,-0.0009585438376152223,0.00017582541082528103
2010-03-09,0.0004079518964201614,0.0007066621822219381,0.0008166704098655521,0.0007029970804985825,-0.00018944034839291448,0.0011768719869796587,0.0,0.002019993515645169,0.0016626670808199684
2010-03-10,0.00131515351779007,0.0012537819003930922,0.0025759032715064398,0.0010206070960251965,-0.001665364385919041,-0.00034251456111012606,0.0,0.002008029222036667,0.004455446384640016
2010-03-11,0.0007589259603302032,0.00033300560187274407,0.0007507148559475209,0.0003900605318280316,-0.0009768535430218245,-0.0005077376788072611,0.0,0.0021498464670610673,0.004174975329650721
2010-03-12,0.0002569138664014988,-0.00016845870374113952,0.00028903808869660256,-0.000851962532430098,6.0204191354873145e-05,0.0006400117049931666,0.0,0.000674268496668784,8.660042590058481e-05
2010-03-15,-0.0019413151234940508,-0.0005375432474445864,-0.0012992760867657515,-0.0009741189860331948,0.0019588804704795235,0.0015395082978452348,0.0,0.00015592039294420879,0.0002598673215736813
2010-03-16,0.005833782976866954,0.0028888787009293273,0.0011074038686135336,0.004575970061771322,-0.003129172429284889,-0.0021302188741927014,0.0,0.006332725013561324,0.007966249924759916
2010-03-17,0.0021834920355112957,0.0015831846991870766,0.0008182507622614272,0.0022580360442323987,-0.00200924436271432,-0.0002854245510575104,0.0,0.004042645697303638,0.0059275555722604345
2010-03-18,-0.0014350790969956929,-0.00015418685173924974,-0.0006684412930098448,-0.00024317414179041315,0.0018019620747554525,0.0008469031446560649,0.0,-0.0013673004583193427,-0.0005128046643748663
2010-03-19,-0.005115884348466342,-0.0024929932819720392,-0.0016746091598719725,-0.003932111105770179,0.0011995841603469688,0.0029337767554685084,0.0,-0.0035678867547351834,-0.005061849384825234
2010-03-22,0.0027674312991914844,0.0021028427356191656,0.0020954902010961837,0.00232650980313009,-0.0029853369540400647,0.00027351919245420834,0.0,0.00453719319910304,0.0053463189857665405
2010-03-23,0.0012814204415688068,0.001369125792244804,0.0015397219388369311,0.0018708128415103461,-0.0008507134616427492,-0.000729567787310966,0.0,0.003381054044288634,0.007033436965446338
2010-03-24,-0.005714892733550903,-0.001533600757425356,0.0011281934304672456,-0.0033652375312225678,0.003390878145852095,0.0009002148653910558,0.0,-0.006897827890147745,-0.0048549843430678585
2010-03-25,-0.000994050183419483,-0.0002637000221898271,0.0006795035323697816,-0.00041447715326736306,0.0016348160859350543,-0.0005459046613035133,0.0,-0.0024511222457937578,-0.001626136267291467
2010-03-26,0.0022464457502819704,0.000361766707401238,-0.0008722341603790547,0.0010188990142084632,0.00048341123612370717,-0.0010332299588647477,0.0,0.0005825209921853869,-0.0006000373026826544
2010-03-29,0.004039662200042227,0.0016945103495708909,0.0019011920281396322,0.00316703704300358,-0.0015138940846235044,-0.0034116741955604775,0.002432984969892542,0.003226155813686482,0.0063472720467294685
2010-03-30,-0.0003310887913138163,0.00014079247394142212,-0.0001680081977858139,0.00032669512451810096,-8.936730342892633e-05,0.0008445444076452715,0.000651076616496596,0.000812734169860807,0.0006822623165834152
2010-03-31,-6.114699907396325e-05,-0.00136785541777945,-0.0016364950021643824,-0.001007729929618306,0.0010195067460772355,-0.00050694221331116,-0.00019366735794342042,-0.0011034585142828844,-0.003407424790064617
2010-04-01,0.004641111272325759,0.001869098951783746,0.001571550637800711,0.0036161627296200406,-0.0029747400741445417,-0.004319186700092148,0.003586433838212134,0.0032729209771406253,0.0068375409426228995
2010-04-05,0.004201637209564383,0.0037176651803840217,0.004771214980604246,0.0050511166697994395,-0.006159935760480043,-0.005337242149120062,0.0010832614703038118,0.001296948875544368,0.008149552476826027
2010-04-06,0.0011499028602726337,0.0017374207072304649,0.0008273988927609654,0.0016429668582252559,0.00034684397078801557,0.0010141866839753072,0.0025060777456444062,0.002593214274988309,0.0023575918426517184
2010-04-07,-0.0022879384400287155,-0.0014649233165877492,-0.004735536804250659,-0.0019368110900475225,0.0038055143519792494,0.0031321660555277495,0.0010316623496702542,-0.0009425220001310517,-0.0057124432429011
2010-04-08,0.0002742218588916806,0.0001254203613285875,0.0009132035886792388,0.00013405834211158233,-0.0004960445518812525,1.3168595021328792e-05,-0.0004029396773114976,0.001629580941160569,0.0034639998114502912
2010-04-09,0.00300013292570096,0.0022047926447333914,0.0013302220495725325,0.0017376527842370196,-0.0025809562376248154,-0.0014645351616520029,0.0,0.004389902142957425,0.006567631725732159
2010-04-12,-0.0005627670886289242,-0.0007956469641896868,-0.0003540517960520462,-0.0012695148054714094,0.001345417720689502,0.0015785831494610327,0.0,0.0020313449953865527,0.0015891891873478503
2010-04-13,0.0013666716780577847,0.0014404848452952788,0.0002634081879671656,0.0013666716780577847,-0.0025701622674675533,0.0005333185079223962,0.0,0.0012125991311448202,0.0007517987009237892
2010-04-14,0.005310158144984306,0.00426995284433588,0.003987520098561337,0.004458502740397699,-0.0012285454557373469,-0.003022769833476099,0.0,0.005736764009878348,0.011349222754962307
2010-04-15,-0.0005710679551049143,-8.621816052896057e-05,-0.0016579638542239057,7.095025952800094e-05,-0.00012848509262979572,0.001911658848613522,0.0,0.0011674298229582105,0.0008250480591962539
2010-04-16,-0.008653419619616257,-0.007379857006243575,-0.004939580707038225,-0.008084932136845389,0.0022193743682691535,0.005461881265685273,0.0,-0.007130904665782345,-0.01591220620193934
2010-04-19,-0.0010739265396628157,-0.0008035330900523623,0.000582381256636377,-0.0007906362079799594,0.00027629339834958974,0.00038808839494883414,0.0,0.0012835445823492274,0.0037701080246834717
2010-04-20,0.0036060012273843945,0.003656259468889305,0.002047961841660579,0.0038887970774891282,0.0004257708441974369,-6.811960175528292e-06,0.0,0.005536739350567954,0.008930657897576966
2010-04-21,0.0008910159279917904,0.0012807705868156077,-0.0016496132966174685,0.0012439189289718258,-0.0009131759519815706,0.0003558115020812579,0.0,0.00020043952228878683,-0.0018198283211342536
2010-04-22,0.0004164989498280369,0.0006880088359127847,0.0014782459227709716,0.0011913046145276894,-0.0006738333966847613,-0.0007422092648949263,0.0,0.0008570166880946138,0.002983422085879095
2010-04-23,0.004320470533820766,0.003714551840165393,0.002392730493585837,0.0039699311033604716,0.002674155472513991,-0.0023420160365156036,0.0,0.0028037788641196663,0.006528138785981241
2010-04-26,-0.0008066705455026909,-0.0006908816881540338,-0.00038023125933542854,-0.0008769607558718426,-0.00011794164198210946,0.00039319048089703245,0.0,-0.0019979310306023957,-0.0037762711660412895
2010-04-27,-0.010699833620481016,-0.008240871374964029,-0.010938271490787068,-0.008661524555645304,0.004425433539685162,0.004808804833917426,0.0,-0.010442037843186735,-0.023650867121275176
2010-04-28,0.002437590230973518,0.0019024187747721994,0.0022892179597395015,0.0023681476931905173,-0.0014211293269574318,-0.0011077865018496304,-0.00020901480066853358,0.002523661446499625,0.00759613472670706
2010-04-29,0.006778286753325403,0.006231186229411136,0.004622155749282737,0.0060141020046636596,-0.005938283219101006,-0.002350640726875124,0.00725528851292874,0.008105313110546764,0.012397570648908562
2010-04-30,-0.004023816135031626,-0.003884037387658746,-0.006608346256066352,-0.0043029592334408555,0.0024812625196461067,0.002401682441945346,-0.001689624173222136,-0.0077370483797597695,-0.01696156121874104
2010-05-03,0.003965138683516439,0.004342061439864006,0.0029420093902510804,0.005013716688649473,-0.004765914000999744,-0.0015072296193663355,0.004288004210891365,0.006729000926748085,0.012961680607085801
2010-05-04,-0.013980756583046434,-0.011929255111954605,-0.011199890308077012,-0.009874086270340582,-0.006996708492631,0.007836318224251739,-0.009683787499904773,-0.011403927009945147,-0.023514845517438654
2010-05-05,-0.008013142619278154,-0.006678210402627044,-0.003674731486174066,-0.005647660796696608,-0.0018038459324897205,0.004076990006331471,-0.005291495478080392,-0.002032156656354411,-0.005956126241253079
2010-05-06,-0.015204639208070149,-0.012994438532073172,-0.009980119383953417,-0.00998617148702135,-0.010869743613353819,0.0014393083133279454,-0.009059234460846085,-0.015541175930292785,-0.0332136428813522
2010-05-07,-0.002127400533503737,-0.00315455345565945,-0.0017532483678945553,-0.004438435933007569,-0.002166867545908203,-0.0021140119302740165,-0.0004141794165524596,-0.01000978664137333,-0.014875035798903036
2010-05-10,0.018714670607536243,0.017582307494777454,0.014446449623860333,0.015739676371328566,0.01232741665283898,-0.004700386130075922,0.0,0.02337815740335145,0.044040901502122365
2010-05-11,0.0010903053145382491,0.0015021328645102251,-0.0014749811190543378,0.0015500653052376362,-0.0016074000348847272,-0.0011791243646347197,0.0,-0.001222186742801834,-0.0028411428974101094
2010-05-12,0.00618200977006521,0.006197246214095516,0.0034792997627632787,0.005736250928356905,0.004495891463326361,-0.0010067600929535955,0.0,0.007384704100955197,0.013986105569998353
2010-05-13,-0.005290567294366014,-0.00436669179532462,-0.004291468528811995,-0.003499056949944111,-0.004015002614289227,0.0024310174306484745,0.0,-0.006360790154086348,-0.012430611887902732
2010-05-14,-0.009355956470647681,-0.007574885162004073,-0.007552145918547054,-0.005613980430844786,-0.00842743747933966,0.005556655022810396,0.0,-0.008280143543966622,-0.018105125379230924
2010-05-17,-0.0026216315070314317,-0.002773163197851477,0.0006981844662993185,-0.0030762265794915663,-0.0012513968893915846,0.0027561104917113452,0.0,-0.000553663864712073,0.000526794372659678
2010-05-18,-0.005559095083223484,-0.0036873136472097227,-0.0077197804929509785,-0.0018062542638578524,-0.005603090389201482,0.004654103028260482,0.0,-0.005240206093797361,-0.013602508340242014
2010-05-19,-0.0039105723946157795,-0.0048656114542712904,-0.00034090197487128115,-0.005137693031773577,0.0012482587455050868,0.001689838108784551,0.0,-0.00307013037955266,-0.005693840388051763
2010-05-20,-0.016320723079034514,-0.016051919697539524,-0.01038545604121169,-0.014618611753069428,-0.00855294422962441,0.004253001108819702,0.0,-0.01876355722349323,-0.03775959786159
2010-05-21,0.0070064308768944625,0.006540323997949956,0.003397877381049713,0.006369951583762078,0.005237715917014763,-0.0008685270044336437,0.0,0.008973797203936762,0.014598947856329314
2010-05-24,-0.0025060403479866813,-0.0014886267800394474,-0.004667573393038742,-0.0011928501583096042,-0.0035816444551934356,0.001580416103123481,0.0,-0.0076983699389625345,-0.012830616564937558
2010-05-25,-0.0014844198047596882,-0.0009619645636176973,-0.0005509662572564609,-0.0003991720625636189,-0.0008741020109103308,0.0010072434261131414,0.0,0.0019822097003283634,0.0010212187400633344
2010-05-26,-0.0012718835734675956,-0.0006101800364964755,-0.0005632737073433459,-0.00045435995657170747,-0.00019373548345429033,-0.003083228306447111,-2.8911992588410615e-05,-0.004426998042177321,-0.006028429735834284
2010-05-27,0.016432750065788204,0.014272746903096436,0.015032493852168491,0.011794769016029117,0.014292639979348237,-0.00956039369338048,0.007492533034181732,0.01629368573237335,0.03349772198238776
2010-05-28,-0.0040665494086449755,-0.0032348442655403156,-0.004510189789113694,-0.002536786292489904,-0.0034079603877234517,0.002980285089080374,-0.0014604011031239587,-0.0057171092984732216,-0.012549303296507386
2010-06-01,-0.006155688697293928,-0.005821205451653289,-0.004661505315123983,-0.005220829634333291,-0.004256369629255939,0.00245886619672551,-0.0032635975879725288,-0.00957731883808961,-0.01682372878358196
2010-06-02,0.002346903733232546,-0.0016111751827956383,0.0015787173805158858,-0.0019166410668135976,-0.0037263276409157673,-0.0044334902590498285,0.004286615522517376,0.01334301604805037,0.026039319871973055
2010-06-03,-0.00153092344149089,-0.0018804879575294276,-0.0010836354229481634,-0.001460744455465304,-0.000880318389498817,-0.0012052572752855202,-0.000549804967814584,0.0015041772654759366,0.0034440794555026244
2010-06-04,-0.0005392929030005807,0.0048454239806134695,-0.0039155326314501025,0.005081454080093002,0.008385434688280896,0.011062800548984895,-0.004623506642087631,-0.015534919569077842,-0.03513689904554651
2010-06-07,0.0006596759906407759,0.002988899768481119,7.342152666502417e-05,0.0026615168693680117,0.0002458976265548137,0.003082186676589892,-0.00032111666468900596,-0.005846229661490665,-0.012450801060150396
2010-06-08,4.844468422887359e-05,-0.0015303184576470558,-0.00013591088052902363,-0.0023018019692157567,0.0026178004574775346,-0.002527353530194835,0.0,0.00519243621057277,0.010711809849981657
2010-06-09,-0.0016448665704312092,-0.0010852923260038982,-0.0006091002032647907,-0.000922299572854149,0.0005601001420072049,-1.4409632939420063e-05,0.0,-0.003164868507177698,-0.00534621742321828
2010-06-10,0.0011383317927643676,-0.0037750593173552145,0.00269863699280253,-0.004063836475728177,0.009723094373993308,-0.008106879885649891,0.0,0.013824202915768247,0.02923180354022281
2010-06-11,0.003664861348390847,0.002828510836540859,0.0005780827838858329,0.003078075248198474,-0.0012570554748518356,0.0015582479481473619,0.0,0.005456157495527724,0.004855630864974314
2010-06-14,-0.0009358613756715909,-0.0012069472364210888,0.0007175474212275678,-0.0011346523930966539,0.001957573269261118,-0.00172558116927288,0.0,-0.0012726612824671911,-0.0015499843497807086
2010-06-15,0.0028822157413863885,-0.0011134363073343615,0.0023879533866762964,-0.001237422221599848,-0.0067682829507957325,-0.004562337284640458,0.0,0.012399540252152529,0.02273752885979352
2010-06-16,2.8712560171594947e-05,0.00014921309722576448,-0.001269803730169644,0.0002646114027107229,0.0007047527933303273,0.0010345502582507203,0.0,0.0009034104506433271,-0.00035724395289615796
2010-06-17,0.00278904945402017,0.0024217013883418063,0.0021093942608205593,0.0027523062491983125,0.0008980794613855914,0.0017851196961543411,0.0,0.00285112084425867,0.0016077176265869575
2010-06-18,0.0007442482415714189,0.0004509122413144194,0.0012289894540523992,0.0005679035876092335,-0.0008694470939227604,-0.0006282149157012853,0.0,-0.00015971950926414464,0.0010845569476831685
2010-06-21,-0.0009918355337785421,-0.0011435061190522245,-0.0018345195445604186,-0.0015190344649592858,0.00038868558964398956,0.0005688954017930829,0.0,-0.0020182280752783165,-0.002864441583076194
2010-06-22,-0.000297907175378355,0.002027460846437584,-0.0013692944279984206,0.002113688383176572,0.0006379075169471017,0.004255650777860118,0.0,-0.007512781926938827,-0.016515511554937246
2010-06-23,0.0013587538676157907,0.0013639948372108275,0.00022129410108203025,0.0011455182390103088,0.00013899948998386756,0.0009060835023958437,0.0,-0.0003725602670532344,-0.0031028142928839486
2010-06-24,-0.0036179073505785467,-0.001125974967980486,-0.0014116279236365595,-0.0010532184367694742,0.0029599705446172104,0.0013233844992819885,0.0,-0.01028165614986265,-0.01657090627454516
2010-06-25,0.0013283738987033863,0.00022412107237944638,0.0007407375807385584,0.00031365217603291143,-0.004722494635575469,-0.0012928292400259628,0.0,0.0031498415066308462,0.0041895158342550864
2010-06-28,0.0010843552058578548,0.0017080759379333715,-0.0012626512739863755,0.0019002516773986636,0.0009188807693697853,0.0028393326574696134,-0.0004923409401979785,0.0009461991570940192,-0.0031519949154766858
2010-06-29,-0.003205138730622366,0.0019337699113646267,-0.0024761481930055656,0.0019760021724881103,-0.007007335673704042,0.005994303808598657,-0.005754010209952525,-0.01680096158481892,-0.030875368118081226
2010-06-30,-0.0004893155845158961,0.0008278663266502566,-0.0006637826113524751,0.0006956072187498951,-0.00252836404983094,0.0025637001729814377,-0.0003310059321400661,-0.005113950432537328,-0.00949969818459595
2010-07-01,-0.0022639333534994126,-0.0027173167835993477,-0.000573768915221688,-0.0029423223129413523,0.0001352718359612867,-0.0013062618802565647,-0.004571687253249986,-0.002849685863588314,-0.004456384593568896
2010-07-02,-0.0009344906534283812,-0.00023920727959257892,0.0005374574334768428,-0.00019639291930627193,-0.0007755806031273308,0.0003335263348916778,-0.0013681577634219973,-0.003983032571211331,-0.0054499717344961285
2010-07-06,0.000778401431170283,-0.000146256222933242,-0.0010353152738275312,-0.0006746281444427341,0.0003839837362041669,0.000415933738969989,0.000973388606402494,0.004900350903758843,0.006556272132635987
2010-07-07,0.0031682534250548925,-0.002422593009920383,0.0022560081856810256,-0.0034798134388903893,0.005958076531141928,-0.004328253805987489,0.005876579418338605,0.017639663192044398,0.03149535952524163
2010-07-08,-0.00030816300424381534,-0.0018471967328231274,-8.185132000807752e-05,-0.0022261484327640996,0.002057821014497883,-0.001964643326157657,-0.0002988928301391711,0.004970683306711354,0.009895873171936298
2010-07-09,0.0010202589222428325,-0.00045528560731227376,0.0012065409066854126,-0.0009397828386667956,0.0027070548923780837,-0.0015564087270675843,0.0,0.0034254856564224223,0.007465318654219066
2010-07-12,0.00036434730494218034,0.0009223761756753765,-0.00017477683819302347,0.0010793328471247704,-0.0014799443255171408,0.0005175741445796431,0.0,0.0010650697401020537,0.0006485510374938386
2010-07-13,0.0008868854680346525,-0.0023700695715505324,0.0021174785380139545,-0.0029486438243500647,-0.005413461889317788,-0.0032585640582197487,0.0,0.007070604688871506,0.015088407465039921
2010-07-14,0.00144037554113353,0.001311306348343271,-0.00015149301271674473,0.0012728826136411285,0.00016754762267502172,0.0010147570856204851,0.0,0.0019374826374958468,-9.138543085229767e-05
2010-07-15,-0.00011010156401637639,7.968874777340934e-05,-0.0005289956334036426,0.00017977266043887245,-0.0002637307431108621,0.0009245813676032208,0.0,0.002231264479167372,0.00027362688696053183
2010-07-16,-0.003518723811233255,0.0018307750370911069,-0.002476062771471836,0.0030908123800650208,0.005400552412034555,0.004519372619960537,0.0,-0.014212353717771454,-0.02753461528014922
2010-07-19,2.1129075338444054e-05,-0.0011396274837596175,0.00032466143375749006,-0.001620721756226825,-0.0017195964275659801,-0.001548647945854981,0.0,0.0025008451661632236,0.005906771507047548
2010-07-20,0.002493672902071771,-1.8429869075409534e-05,0.0011055429048194925,-0.000483875268637763,0.0005676595612541423,-0.0007504697086204193,0.0,0.007073492598644516,0.011091477465906108
2010-07-21,0.0005006615125164267,0.0028736719781932416,-0.0015464600704096542,0.0036571111830355197,-0.0023397087313395573,0.0042453338443966355,0.0,-0.0052497973106046415,-0.012998044712227652
2010-07-22,0.0020022383492430303,-0.003230720538105835,0.002558481152033292,-0.004263990069849858,0.001972764394749793,-0.005282584984831766,0.0,0.011192310878741417,0.02232175726618535
2010-07-23,0.0008612214704626882,-0.001077992824191049,0.001627645369752999,-0.0015946922728820672,0.0010515135424677593,-0.0022544525497283545,0.0,0.003912956338056972,0.008679152048594485
2010-07-26,0.0012287204136329404,-0.0007064017841163733,0.0013292004923176884,-0.001150176138432484,0.0008438265873424407,-0.0022104390768870725,0.0,0.006123798045960305,0.010415727893204219
2010-07-27,-0.001618186852347693,-0.0010991210813297507,-0.0005287405295883813,-0.001500713778375498,0.0003747787912227785,-0.0009948239931591497,0.0,-0.0014368962084827966,-8.973820875812777e-05
2010-07-28,-0.00015773560473061904,0.0012383885120175718,-0.0006030428240936111,0.0016206072762140465,0.0013579332415716424,0.002301017019038556,-0.0005268096632477853,-0.002148336483715152,-0.006454282318305804
2010-07-29,-0.001066028417117728,-0.0008209668496740046,-0.0004459652759855287,-0.0005902242843420377,-0.0008855200556686296,0.0004106567110624188,0.0006561198268517501,-0.0020862579245348512,-0.004872478014467441
2010-07-30,0.0020369675709618136,0.0016458051638579738,-0.0002348585629087088,0.0018561315895983341,-7.430924395416437e-05,0.0016378041005339111,0.003169706159422272,0.0022311564843709776,-0.00018145123688650955
2010-08-02,0.0008651971172597899,-0.0033898274942354557,0.0013128337608395192,-0.004214200011187034,-0.006104516856859773,-0.0050802021041403585,0.003424897047351039,0.012311620855918413,0.022580949289923602
2010-08-03,7.836353670338011e-05,0.00035891832270993257,-0.0015982597824531909,0.00030633431721907746,-0.001191264046694644,0.001294118797104905,0.0005918851840834791,-0.0009933869101295565,-0.004789081892545566
2010-08-04,0.0004296452027230903,-0.0005956172680157102,0.0012988945870545205,-0.000883756669966283,0.00011976845729197731,-0.0009142308443494594,0.0004177389035972602,0.0023468109870306893,0.006683741258977971
2010-08-05,6.849010826062314e-05,0.0006030792752316312,-0.0008887923206858817,0.000835998960581521,-0.0003911410044544989,0.0012466453693867163,-0.00018520031753238767,0.0012836149771770834,-0.0010621621376779578
2010-08-06,0.0015651170971036881,0.001894797381864251,-0.000909198594533695,0.002842860753484026,-0.001034537189842245,0.001884926283387169,-0.000324456758604433,0.0001719404933560047,-0.004076639237360791
2010-08-09,0.0009975223049426072,0.00038524605311592795,-0.0005059656150840531,6.668726395127241e-05,-0.0005426354925089506,-0.00039242956785429914,0.0,0.0031208668256813787,0.005338490096164605
2010-08-10,-0.0006463885649158026,9.61459517382309e-05,-0.0007058512992710643,-0.0002598723682927592,-0.00010866238150021904,0.0019385529819679155,0.0,-0.0012156012567722694,-0.005398475427063176
2010-08-11,-0.003308771898029609,-0.0008612042086850583,-0.004581006859395638,-0.004290529508257168,0.0014110266534916721,0.006004070837822843,0.0,-0.014184055635657675,-0.027406677000824442
2010-08-12,-0.0005055106352192789,-0.0004896129675610755,0.001171286819567875,-0.0004893122338524678,0.0012092821588466746,0.0003757881071425653,0.0,-0.004699565102739256,-0.006130103104099338
2010-08-13,0.0016361242033330217,0.0017820510603210448,-0.0015997104484219238,0.0011159524431677752,-0.0005469493278496001,0.0023639691864752368,0.0,-4.7534760043554686e-05,-0.0029459051154016036
2010-08-16,0.003983546736176462,0.003678418795312709,-0.0016121592711758664,0.005044492152163926,-0.003551154101346491,0.002271983551913418,0.0,0.0026190505147120294,-0.0004621546773702079
2010-08-17,0.0013026739399554957,-6.52492819835602e-06,0.002236072749264655,0.0008524687303538196,0.003713701012512929,-0.002568721916309043,0.0,0.005346818836977407,0.01228589490086307
2010-08-18,0.0005215567341617328,0.00039481904252347875,0.0003438054666425338,0.0006006027284651967,-0.00014054185476012812,0.00038572157020311005,0.0,0.0006873164363684569,0.0018245303496333687
2010-08-19,-0.0011666493940888758,0.0004074202124074976,-0.0025560451106015733,-0.0008069864966658443,-0.004632212128799133,0.0036019637838327853,0.0,-0.008645132157037994,-0.017396763247362612
2010-08-20,-0.0004139686477599271,-3.5661890485708917e-05,-0.00036528962687030716,-0.0009975656539539797,-0.00034637990078482565,0.0011552705457044518,0.0,-0.0032440549310055688,-0.0032441272692759204
2010-08-23,-0.0002688455310135748,0.0002851313862892938,-0.0008754436310301318,-0.0001253654030204412,-0.0021322737510228286,0.0014806037972846602,0.0,-0.0017588137640709876,-0.0038126347284850315
2010-08-24,0.0003817620456160356,0.00117674473172718,-0.0015085604565682463,0.001333409255911157,-0.002413586216514056,0.0026761066363143633,0.0,-0.005736512045860431,-0.014843603972294117
2010-08-25,0.0013305436857035664,-0.00014953486205332604,0.0013431395343842059,0.0007794386772070446,0.001524018235037585,-0.0016818279757709245,0.0,0.0005171074873867808,0.003885468457429875
2010-08-26,-0.00027911226845973397,0.0002859817633322988,-0.001978745961422723,-0.00014678431359169716,0.00023731296975964725,0.0012792415054829484,0.0,-0.0021986723318249573,-0.006701852452121959
2010-08-27,-0.000911747729666301,-0.002704820692216892,0.003831827365677338,-0.0022350463945165215,0.005520897253217592,-0.005789078953966546,0.0006008220435755007,0.004697300051129403,0.015489884546128652
2010-08-30,0.001033718661623872,0.001996180438449981,-0.00340057077201406,0.0007439112857405172,-0.004059735471263891,0.004791171997970507,-0.0001430737746512353,-0.0056436475065489095,-0.014505264762898817
2010-08-31,0.0024225473686207955,0.002203246455202377,0.0006352500991882952,0.0033869458379786016,-0.0014259224843193466,0.0012944226545241364,0.0010441239719013724,0.0017809602698883433,0.0
2010-09-01,0.0016293982562331972,-0.0007189599975926692,0.005056353556356358,0.001457710817874884,0.005461489778347018,-0.006850861492503274,0.004883289845197766,0.015066863270388486,0.029911886779091068
2010-09-02,0.001128491821609189,-0.0003418273832881818,0.0008356210780472492,-0.0016519575456096678,0.0006168180794559714,-0.0026619525661658026,0.001784330284768257,0.003918697271829252,0.009312336309142966
2010-09-03,0.0006445147668615065,-0.0011887311952526228,0.0025684672648734904,-0.0029144428821959666,0.003494112838707759,-0.004283139912166197,0.00023709675553900645,0.005494696978701885,0.012971299047793927
2010-09-07,0.001622093720455198,0.002559117982596348,-0.0021418145712157983,0.003969651184205246,-0.00355301705524838,0.006057776117525682,0.0010906913434788243,-0.0035989530340502446,-0.011272259422790087
2010-09-08,0.00028449496945917406,-0.0007177724383545716,0.0007459408745146788,-0.0017478090996193272,-0.002939392122721372,-0.0027213087652284166,-0.00036095948765008134,0.0031128468276825135,0.007022897659219041
2010-09-09,-0.002132218002427832,-0.002533377057302734,0.00023086835544957202,-0.002767541653843764,-0.002176173842251427,-0.002417626847126932,0.0,-0.0003768452848068376,0.0046192701933038816
2010-09-10,0.0005700082794263119,-0.0002506235069229081,-0.00046867795999479603,-0.0010713491884720011,-0.001191633067203611,-0.0010435585455451347,0.0,0.0018756017242029352,0.005048671085738254
2010-09-13,0.003557002537933336,0.0017936877918986404,0.001728430977625251,-0.0006381104986074295,-0.0036477745002021786,-0.002538665459903397,0.0,0.008574786960574565,0.011122887855189445
2010-09-14,0.0027485215484735516,0.0029559789459750975,0.0013810150689930777,0.0021499604918460233,-0.0007157784228245551,0.0009883454601310483,0.0,0.001642766854403899,-0.0006211636849910995
2010-09-15,0.0001719558668146943,-0.000599761753874554,0.0004433674428690593,-0.0006172442480552187,-0.00048021898384122835,-0.0015829563788510867,0.0,0.0008992429673372101,0.003817358994553821
2010-09-16,-0.0009569255542995916,-0.0005339687885126197,0.0016114397807039523,-0.00025457489844740716,-1.3503044381290007e-05,-0.000660498512134614,0.0,-0.0015555430648338088,-0.00026496864507830065
2010-09-17,0.001461357641560516,0.0010513725246617256,-0.00015870219522018744,0.0010313259918164578,0.00020542930143076067,0.001420765825515959,0.0,0.0011302023923212446,0.000372954598133024
2010-09-20,0.0038568735756829794,0.0011857855514001024,0.0006596901924606086,-0.0010017073610156324,-0.0025674965040183946,-0.002381769341177064,0.0,0.01040826362672571,0.01529072400673237
2010-09-21,0.0016199546673733337,0.0027052541773631093,0.0005962280743901233,0.0028371500750464743,-0.0022407631115921294,0.0019769350312321965,0.0,0.0025220844225151366,-0.002014088826232663
2010-09-22,-0.0007827656669054742,0.00013521840760370127,0.0001089461504981342,-0.0001317008138902922,0.0004859148389240619,0.0005485423432551875,0.0,-0.0023385067258988586,-0.004913142377316437
2010-09-23,-0.0013131648129127357,-0.0005577649771067557,-0.0011696241488299399,0.0002938501572208235,0.0021193556580472485,0.001989428326672237,0.0,-0.004299312569657499,-0.008111405642261094
2010-09-24,0.002942129810564226,-0.00013841149002698678,0.001987574252196443,-0.0037451012264661486,-0.005855452729336464,-0.005938057898225715,0.0,0.010389282752352758,0.020622181847176346
2010-09-27,0.0012893532416269938,0.0019892108841195514,-0.0005202536777935431,0.0028198648452299182,0.0003645927354953757,0.0030369886497088354,0.0,0.00021900001744294987,-0.004789946099061693
2010-09-28,0.002178395851752293,0.0018977349446895769,0.001368947684764175,0.0012206713472740212,-0.0024049932145692823,-0.00023384443640930358,0.0019694751473384843,0.0034329387929601827,0.003500291551309598
2010-09-29,-0.000441790532160347,-0.0005997362336690225,-0.00028592563708346977,-0.0012576960001935715,-0.000849895641815837,-0.0004155160695622342,0.0008121588923381285,-0.002012287770886978,-0.001743997176134382
2010-09-30,-0.00014503229935744992,0.00022612269488108154,-0.00047621022104242213,0.00038561634325934703,-0.00012365419511338352,0.0006240308776176665,0.0011773165858253902,-0.0022665693984883495,-0.0029704678946983476
2010-10-01,0.00015100810600449511,3.984509838938122e-05,0.0015163880626333352,-0.0009691307795811546,-0.0021453535901841303,-0.0028269340762951704,0.001740188329777545,0.0027383511979153672,0.004206121779805283
2010-10-04,-0.002155934852328833,-0.0013827729238114375,-0.0021516922977127067,-0.0023057498500301506,0.0010827256919159545,0.0008356367655026356,-0.0014276402317036719,-0.0030860108431811414,-0.007503850462240114
2010-10-05,0.008529196267296413,0.006604781944785994,0.004961154088606318,0.008529196267296413,-0.004915314406517219,-0.0020253402835055763,0.007971297399852422,0.012159900115804766,0.020131608688367386
2010-10-06,0.002562307065548422,0.0025258749628061577,-0.001504698070252867,0.002562307065548422,-0.002030035944996596,0.0003998453297064963,0.002053235257208694,0.0025288890853183425,-8.61616787422026e-05
2010-10-07,-0.0020777601313889827,-0.002008404117063896,-0.00046823063920588986,-0.0020777601313889827,0.0025608653496792563,0.0013650661682134782,-0.00038661263441416545,-0.00032338078043303575,-0.0012063674450348838
2010-10-08,0.0046376427261539815,0.003496740596060081,0.0017824793202246977,0.0046376427261539815,-0.004595765604607762,-0.00035615785613383913,0.0,0.0035258592281858015,0.005609061258219583
2010-10-11,0.0006986902191473761,0.0005718988319927129,0.0008069819831506703,0.0006986902191473761,0.00010085192291904956,0.0011823925537663917,0.0,0.0009659501514585944,0.0009434521961446674
2010-10-12,-0.00011985770415420103,-0.0003166602032549542,0.0011653290703864427,-0.00011985770415420103,-0.000799437787464887,-0.0006542850171607207,0.0,0.0006927395989778872,0.0030862045473023514
2010-10-13,0.004580422254985597,0.0039980997614895725,0.0037083888540745203,0.004580422254985597,-0.005366142182017823,-0.0015706340240827545,0.0,0.004666203022667137,0.0077770050377785616
2010-10-14,-0.000961438747383677,-0.0010182889551826582,0.0026794570097880372,-0.000961438747383677,0.00019544399532844218,-0.0024781873147298973,0.0,-0.0046254664221605955,-0.0039008462474772188
2010-10-15,-0.0021439666005590064,-0.0019925620733764805,0.0021298560462595,-0.0021439666005590064,0.0018559484271779443,-0.0005802507113065257,0.0,-0.0005076073160532601,0.002043395774716794
2010-10-18,0.002582888605174553,0.002357884452716849,-0.0014283147599682354,0.002582888605174553,-0.003078955778550145,0.00020943414247688447,0.0,0.004859848187249272,0.004928007875358853
2010-10-19,-0.007974953299685185,-0.006769434356033966,-0.005109827025326732,-0.007974953299685185,0.011075183425065091,0.003219365857648814,0.0,-0.006492627278357997,-0.013104945825454406
2010-10-20,0.005905444133322529,0.00487452093917154,0.002210434376583633,0.005905444133322529,-0.006289689775318519,-0.0022573860397666424,0.0,0.005619031325312385,0.009766355543659344
2010-10-21,-0.003893785088908317,-0.0037435402060779694,-2.5665998636904228e-05,-0.003893785088908317,0.0019597317933151455,0.00027215455324238494,0.0,-0.0008870382903054086,0.002205679082800005
2010-10-22,0.0018605510919744725,0.0017095215403436148,0.00011257604675244881,0.0018605510919744725,-0.0008705743169405716,-0.0002683498273082924,0.0,0.0012384689950496687,0.0018621904021003388
2010-10-25,0.003483934507552173,0.0031158354755851784,0.0018240781606560258,0.003483934507552173,-0.0017630302599127455,-0.0001667543051057365,0.0,0.0016533184364314834,0.002957394175244099
2010-10-26,-0.001969500254432782,-0.0019325990624087866,0.001477604092193053,-0.001969500254432782,-0.00034495224745355573,0.0003013557667035047,0.0,-0.0025656237902603077,0.00016863150102675029
2010-10-27,-0.003737761721635089,-0.0034550566307060848,-0.0006258946944030676,-0.003737761721635089,-0.002016262615651787,0.00041575690633078157,-0.0035888174472462958,-0.0040369608975641125,-0.0028640448861101397
2010-10-28,0.0037957558991054386,0.0035681565905916154,0.0007422840334259558,0.0037957558991054386,0.002374863709915094,0.0004845106324157769,0.0018700242808139065,0.002433503722152919,0.00016908734297804706
2010-10-29,0.003111387817324856,0.0030134286466605045,0.001425318623297912,0.003111387817324856,0.0013333821034451326,-0.0002683773467500446,0.0021717067053953158,0.002245895103938045,0.0007600834057253092
2010-11-01,-0.00099277193636988,-0.00069753227433956,-0.0006402056035462215,-0.00099277193636988,0.0001839558399705584,-0.0008031814784424313,0.0002475078256099419,-0.00046746116746096964,0.00033735034862947266
2010-11-02,0.0054593788618569165,0.005020995835940516,0.0011121318472477708,0.0054593788618569165,0.0015621801231557359,-0.0014367945987229975,0.005156697849480672,0.006100458556058452,0.007930926873402022
2010-11-03,0.0002934925573402258,0.0002178545740725108,0.0011169412096008352,0.0002934925573402258,-1.980789429725853e-05,-0.0001859926781392939,0.00024660198678480604,0.0037076774800886003,0.0040176115867300854
2010-11-04,0.01223937990802867,0.011752378119582517,0.0049197137513695005,0.01223937990802867,0.0012870482517107892,-0.000363857350347858,0.012162173162420119,0.014786338647983755,0.01925833759551443
2010-11-05,-0.0008657002302177903,-0.0009732970067905264,0.0017932292193751662,-0.0008657002302177903,-0.0025117570727702827,-0.0004149987806743912,-0.00038813185048605826,0.0005743293419171013,0.0037621245171215456
2010-11-08,0.0005791218534614839,0.0005947852896342582,0.00027529774306587416,0.0005791218534614839,-0.002435786613949969,-4.530197510498285e-06,0.0,-0.0010036485994845189,-0.001874011992099911
2010-11-09,-0.008059314188984538,-0.0078033606218693985,-0.0021731470560511753,-0.008059314188984538,0.006529828261074625,0.0022150230794248044,0.0,-0.007689890001531797,-0.00718444643130145
2010-11-10,0.0016037274112979684,0.001389314164285667,0.0002646834100514539,0.0016037274112979684,-0.002783988953821637,-0.0027261547576303093,0.0,0.003918847815711324,0.004029294496781244
2010-11-11,-0.002630187682470462,-0.002554266777620254,-0.000276329126380063,-0.002630187682470462,0.003024938424217022,0.00024670741922691244,0.0,-0.0027051148206389984,-0.0037674684248241164
2010-11-12,-0.008923324770877707,-0.008602681543336576,-0.0018136557433605584,-0.008923324770877707,0.010262446976461158,0.0014911301534490575,0.0,-0.010421420186006492,-0.011838317786435626
2010-11-15,-0.005466001373197429,-0.005468680269074697,0.0005652171248715632,-0.005466001373197429,0.0037837120087719613,-0.0009992055995856287,0.0,-0.005989541469050398,-0.0014139712568813634
2010-11-16,-0.005421476737873064,-0.005047343097705611,-0.005842998946217037,-0.005421476737873064,-0.007590593337165347,0.002597290613187168,0.0,-0.006371559847381424,-0.01557940207514874
2010-11-17,0.001108058863347493,0.0010562792934463198,0.0022630571408219975,0.001108058863347493,0.00021311093475456498,0.0004635083878190408,0.0,-0.0008443297815628804,0.0005074386375840678
2010-11-18,0.008549569406662775,0.008174485094959381,0.004745289294608699,0.008549569406662775,0.009233612862073387,-0.002730398354580842,0.0,0.007884739358472935,0.014718231772890444
2010-11-19,0.0014569859743378693,0.0013929962997681876,0.0010307113290742344,0.0014569859743378693,0.0010003132882848058,0.00031388834345859215,0.0,0.002475606845450962,0.0027512625426688864
2010-11-22,0.0013557817785128348,0.0012627874014975442,-0.0005923731823921931,0.0013557817785128348,0.000860527584638142,0.0008117058571374919,0.0,0.0016412270496146241,-0.000831761056087732
2010-11-23,-0.006087947564537577,-0.005905493478229565,-0.004747465829103393,-0.006087947564537577,-0.002210105992584872,0.0013856301945580182,0.0,-0.0078675383914234,-0.014476740485590445
2010-11-24,0.002225668852534494,0.00179317948204945,0.004659741624951024,0.002225668852534494,0.004016862738020658,-0.0030982503797820967,0.0,0.004574703356271747,0.014773973831289533
2010-11-26,-0.003253954265801988,-0.0031207853553807943,-0.004590802198379664,-0.003253954265801988,-0.00034793238345798554,0.0011290410103117828,-0.0026005057642654087,-0.005253871992755154,-0.0116470044193413
2010-11-29,0.0007581544879094764,0.0007292201955312064,-3.9583761560701535e-05,0.0007581544879094764,3.508436291389675e-07,-8.874720096084814e-05,0.002394333268778048,0.0026818854008538117,0.00303018142826339
2010-11-30,9.661696135723394e-06,0.00016194329467084827,0.0011147993116733313,9.661696135723394e-06,0.0003058373395511258,0.001512148662107506,-0.0006980569274695541,-0.0026760911183306255,-0.00562269513144098
2010-12-01,0.00480654770008461,0.004375207872878735,0.005085596885731965,0.00480654770008461,0.003169012317892586,-0.0032399173898373353,0.00510293753291546,0.007500608938576868,0.02126761732664062
2010-12-02,0.0022040601717762697,0.003508881033777954,0.002289658130096303,0.003920498288526171,0.001082291275923148,-0.00250476334557337,0.0030410238544533383,0.006686533138380612,0.012809135296954821
2010-12-03,0.001088581533155819,0.002976934500129027,0.002365265663180365,0.003946575222360032,0.0005924093502510774,-0.0014172715977304102,0.001763438818957267,0.0016572123345090172,0.0026920733833415422
2010-12-06,0.0029740948714365822,0.0013044661227332478,-0.0008104697088344205,0.0011456732029563198,-0.002210069457969906,0.0005535710679193233,0.0028766761031766316,0.0018678356603424096,-0.0010577484564764372
2010-12-07,-0.0038281075022732554,-0.0024614467584696286,0.002284937223727379,-0.0032611481610219165,-0.0019200415458641034,-0.000135883905748653,-0.0003608940166534638,-0.006289946912006794,0.0005702799420987947
2010-12-08,-0.0028702597381669898,-0.0016190902425995,-0.00015010149372817066,-0.0019765474597573784,-0.0007517224090012618,-0.0008433599442205451,0.0,-0.001215918527894822,0.0036635972852552268
2010-12-09,0.0008467951160569803,0.0003485641292461313,-0.0004922738296114455,0.0003278187286873472,0.0005176413434043376,0.0005645261224180067,0.0,0.0031865187226699284,0.0038937742860138957
2010-12-10,0.00021621806045716587,0.0009170570420339215,0.002968916605260711,0.0003339234972331483,-0.0026648679485341167,-0.0008990663489729473,0.0,9.669065643724828e-05,0.0058176409480614755
2010-12-13,0.0009199114510457216,0.001525465182952824,-0.0006005740405653312,0.0023235041725381076,-0.0009988460824957408,-0.002122949644124598,0.0,0.0016689862859285754,0.0006425577945758931
2010-12-14,-0.001702329788147696,-0.0004767102627268997,0.0022400211157508907,-0.0007912121485044922,-0.0019788464409664737,0.0001627029152455016,0.0,-0.003692234096858593,0.0008831114523226713
2010-12-15,-0.0040254017240576815,-0.003874051679436594,-0.001385533370453355,-0.004262926789427915,-0.0016560016922971877,0.0009071986632970061,0.0,-0.004380742175296959,-0.004572055921465035
2010-12-16,0.002633238461289496,0.0018380878425854337,0.00030862939053632625,0.0021567084985512643,0.000165680866898577,0.0007242364112235262,0.0,0.005861284515463527,0.005802190476747349
2010-12-17,0.0035826136873528497,0.0016820843524252358,-0.001770497421095371,0.0016605515146756668,0.002966739860602075,0.0008774920370181664,0.0,0.004084506625442641,0.0010707844996333815
2010-12-20,0.0013506154242447404,0.0014434641618452683,0.0005751520389428605,0.001457257472873963,0.0003153515346345593,-0.0003548170646255138,0.0,0.0014054292993207706,0.0024136047194147636
2010-12-21,0.0031396523430631948,0.002713934064941837,0.0005733263032855912,0.0026221799873835305,-0.0015249376662373108,-0.0006787516424835617,0.0,0.004657172421076971,0.006340181606014017
2010-12-22,-2.8972825732432835e-06,0.00075531343970242,0.0008280477406236953,0.0010979747445636265,-0.0013674958977337136,-0.0005228281226278867,0.0,0.0007595260513824085,0.003110178785105555
2010-12-23,-0.001042885452244472,-0.00028661764052587374,-0.00020521456230977538,-7.435449446352809e-05,-0.0003194522950306497,-0.0006805618868091812,0.0,-0.002267231389296742,-0.0014310593362333313
2010-12-27,0.001382560910555308,0.0007747748422298217,0.00019832835054620106,0.000640055093012437,2.2858677913346908e-05,0.00013826203766162344,0.0,0.0017810927873207485,0.0003984099046410172
2010-12-28,-0.0007669914209657528,0.0009812157149343623,0.0033017327650321053,0.0009390306600904469,-0.0013113011421038109,-0.0013991766813083435,0.0,-0.0033425084216857754,0.0014323000824270071
2010-12-29,0.0036088117839191956,0.002567833058800605,-0.0007945054722399855,0.003085320562199468,-0.002581824918428374,0.0001467541532016556,0.002938645641874876,0.004926320385758798,0.0007155241652749833
2010-12-30,-0.0006573543292335563,-0.0008308387726426161,0.001182984829756652,-0.001009857637970842,0.000801267675610332,0.000261621202518624,-0.0015665602552397601,-0.0017652324175926105,-0.0015884744434764286
2010-12-31,0.0014415774149470863,0.0022381591316783366,-0.0011663770329362465,0.0028770820837841025,-0.002883913555569089,-0.001416272400865974,0.0023616300243853587,0.0021569960476402806,0.00023861038162475978
2011-01-03,0.003051859678069221,0.0027783441030862065,0.0019070546510747246,0.003068555511461198,-0.0032623940577456057,-8.915084584384058e-06,0.0036591381801352628,0.0049666480611776365,0.010338087340226343
2011-01-04,-0.0021484840365599335,-0.003217631961905022,-0.0016440292134759114,-0.0038741385170196108,0.00332013653918398,0.0031975683373748546,-0.0030087525631624125,0.0006101553159533646,-0.000550981796372807
2011-01-05,-0.0018712221310635047,0.0015143527274276468,0.0022342499440775937,0.0018951014338561825,-0.00037284173714848283,0.001427509270395901,5.86490709043671e-05,-0.0011906981801018015,0.005197812576021921
2011-01-06,-0.0011545436140394916,-0.002366445679039346,-0.0007488953691816469,-0.0033526737259451734,0.0026212047529736706,0.0032087129929497136,-0.0012922195694969622,0.0008952587649596166,-0.0019591112024385238
2011-01-07,-0.0006638039099627827,-0.0017329228366092723,-0.0023655723340838485,-0.0020142473992668863,0.0010746733770503813,0.0010016774845826527,-0.000361038097952762,0.0014825982416462491,-0.001962091109027453
2011-01-10,0.0010192551986638028,0.0006391722699686636,-0.0008008781622296924,0.0008289648909539138,-0.0013108624471386827,-0.0003187423597060922,0.0,0.0006091063467759117,-0.0012585066898240793
2011-01-11,0.0013235007529961592,0.0026287667033858646,0.0011399518809267382,0.0032689484634779546,0.0016778597933086842,-0.0013129358758572557,0.0,0.0005543944781441375,0.003543798025778644
2011-01-12,0.0035701856130259772,0.003932129464940215,0.002597753322142073,0.0047053298240285766,0.003096624710057292,-0.0012983858797661531,0.0,0.004263284557559288,0.009024435820320198
2011-01-13,0.0008576775233302517,-0.0012366310024275054,-0.0016386034874107543,-0.0012166974500256369,-0.0012976019246715483,0.0010874388299861985,0.0,0.001714826761106925,-0.001633121042153296
2011-01-14,0.0005158973711078884,0.0015600497894310789,0.0014673883136078112,0.0017467611433803119,0.001025482053751371,0.0004726418099035337,0.0,0.0032422457992275166,0.007244770603221928
2011-01-18,0.0010282544532135335,0.0013151961604737513,0.0013957105175596283,0.0014674338821107878,0.0009265042423186915,-0.0006758738322425605,0.0,4.073155136099507e-05,0.0017012580081836592
2011-01-19,-0.0026568942897163125,-0.003653643643868099,-0.0028414932505582673,-0.003813041227689825,0.0033825504804250706,-0.0019979657947220807,0.0,-0.0048581435773276775,-0.009805330880375052
2011-01-20,-0.004582925883220439,-0.003652933353205924,-0.00040260440401925906,-0.0037749070768412106,0.00012973956341904896,0.00186976731071501,0.0,-0.0039051551414902353,-0.001325634433379852
2011-01-21,0.0012150503234885923,-1.8829260592211484e-06,-0.0011650688403485262,7.110220303635365e-05,3.529936898792195e-05,-0.0007787693021288169,0.0,0.0026897216413803715,0.0022643274721960704
2011-01-24,0.002180610873049709,0.0014848360432675536,0.0018012836097158146,0.001323916833034702,-0.002326057712701491,0.0017495608615743564,0.0,0.0034547211915724853,0.0056866907536798905
2011-01-25,0.0015539913942059303,-0.00032856082243238715,0.0002134399506148786,-0.0007988392287382294,-0.0008108274377820489,0.0015990919143169693,0.0,0.0023362929475655657,0.0005424657066146477
2011-01-26,0.0016685066916999453,0.0038023547548109602,0.0027383416377593645,0.004489887221609481,0.001408663129844752,-0.0015801497700362525,0.0,-0.00010426007048036688,0.0038704920100520734
2011-01-27,0.0010113522341495386,-0.000603135735203079,0.00022673469146242603,-0.00114570527456877,-0.002259325940349216,0.0025329350591739622,-0.0010234871147594036,0.0029798622816386896,0.0024680590478485254
2011-01-28,-0.0056314725784152595,-0.004534098029515157,-0.0060350527411905715,-0.0042824705358553,0.0017498372668554914,-0.0038188516378491917,-0.00235319285536645,-0.008642904389184048,-0.017463108823955742
2011-01-31,0.0019596321852012656,0.0035738411099464603,0.0019154141982785941,0.004515811052920819,0.00011991711145529783,-0.0014613990769163927,0.0025634498340425336,0.002938231768938859,0.0075162017491829936
2011-02-01,0.006101178214046708,0.005944449650177829,0.005104622046055935,0.006394813423154627,0.0014689636559517166,-3.3403048704488676e-05,0.003861497169106138,0.007745324938581755,0.016008966461087626
2011-02-02,-0.0008303159429239161,-0.0004438471597793552,-0.0005498870535870534,-0.000498926862449968,-0.0006766791517746459,-0.00037733919236558475,-0.000546515032103518,-0.002091898853503915,-0.0019120454492120853
2011-02-03,-0.00040774755261895225,0.00031856578892082324,0.0015625863471993447,0.0009998537030256058,0.0007529977348037448,0.000690545553067509,0.000730149854383004,-0.0009486882292434108,0.002222200196403623
2011-02-04,-0.001473054695492972,-9.509524519398942e-05,0.000911526228431803,0.00013854948235822424,0.0006596549364471788,0.001420501407342982,-0.001037901154806356,-0.0007705171284591919,0.002829127462990355
2011-02-07,0.0015782006519901297,0.0012817148774321374,0.0013762800938747566,0.0012451535272355674,0.0005534616792248568,0.00011522618586981819,-0.0003704704760196458,0.0035774391163125416,0.006252573417607321
2011-02-08,0.001599646788977589,0.0026168237745311483,0.0032485606080118836,0.003233741329057232,-0.004325024566288689,-0.0009541268769581775,0.0,-1.834937033242702e-05,0.004546503312442551
2011-02-09,-0.00015043297381042622,-0.0015011509002642131,-0.001313926890097585,-0.001589683246086149,0.0033034682148921062,0.0005982148460778391,0.0,0.0009245746495238907,-0.002262963087050096
2011-02-10,-0.0020044477101930367,-0.0007688300747870064,0.0004704785792958139,-0.0006824938309843398,-0.0013803278493807183,0.0008957521864419596,0.0,-0.0010824885492752845,0.00037778854983838706
2011-02-11,0.0024390432393959142,0.0010546056861740296,-0.0001505271163177364,0.000719561304558629,-0.0007590217560577049,0.0007688044897698938,0.0,0.005421630871999117,0.00597065409645392
2011-02-14,0.0011884310720705615,0.0009549941877275401,0.0009181989973710046,0.001093084805665585,-0.0014357796682411468,1.968259616626637e-05,0.0,0.0015726006500684784,0.0024038238831811665
2011-02-15,-0.0008328801537993457,-0.0016149223014129978,-0.0006123775835199657,-0.0014839912312023988,-0.0007943227953821324,0.0013198591197425714,0.0,-0.0009737210641721948,-0.0031477440966930503
2011-02-16,0.0022765675420224883,0.002617530137419759,0.0017781474035624548,0.0027140388183094794,0.00014362723644956502,-0.0012001310879773959,0.0,0.0032242130640605104,0.006315593489402138
2011-02-17,0.0030532308304089843,0.0023307101253733234,0.0006263403570886247,0.0024292499952616392,-0.0011300002362341086,-0.0008779033952325422,0.0,0.003272863093057854,0.0029878304783728105
2011-02-18,0.0019162946336009974,0.001926364344621952,0.0006433918361016453,0.0021823662881546176,0.000398070031529079,-0.0008335366351649184,0.0,0.0011648909245745018,0.0020860276550269674
2011-02-22,-0.0035166057109692933,-0.005502563280964604,-0.005772766822922166,-0.005969937212955664,0.0005506759849133119,-0.0007883229187176206,0.0,-0.008181281393548878,-0.0200698689630886
2011-02-23,0.000939346942010591,0.0008134180700956166,-0.000796675962360664,0.0010015002222827812,-0.0030227446018126145,-0.002090090312703608,0.0,-0.004674861776608208,-0.006144343940889141
2011-02-24,-0.0008664159753138661,-0.0012898146600300124,-0.0010541653373924394,-0.0017017952888013978,0.0009439346937116571,0.0013944701821933894,-0.0020823892523279043,0.0006219653034106098,-0.0006869510972238313
2011-02-25,0.007152288990639982,0.0060874012090180825,0.002974047244733357,0.006266175650121715,0.0032873481542788486,-0.0021348364340526165,0.008560631356495044,0.007704208374634014,0.010692851800582659
2011-02-28,0.003168841741092484,0.0029197570285657225,0.001628850242050396,0.0031287941986732942,0.0024413996592564445,-0.0006880644440875862,0.0032520290554701272,0.0035468756548360236,0.006196969545437803
2011-03-01,-0.0020752763874052485,-0.0027932646380115127,-0.002795800730622056,-0.002450454822438752,-0.005543018326582649,-0.00013533701692383985,-0.002487409082101626,-0.009548813652747689,-0.01667336955781007
2011-03-02,0.0005496031726912937,0.0023480411968713685,0.001280130253536705,0.0027014601980143486,0.0022194765751137268,-0.00106502606612282,-0.00026321840303162236,-0.0008183655300263218,0.0021387694578818284
2011-03-03,0.003418321194499023,0.00497132655881341,0.003888791697764478,0.005305595879416225,0.0057841276096560175,0.0013081422317444441,0.0031649820376594222,0.007618151450759836,0.01722447762603685
2011-03-04,0.0014704616017583156,-2.7390597447867295e-06,-0.002069377608915313,-0.00034348039744814884,-0.004222223760652334,-0.0025953411743430558,0.0013181706693946417,-0.0016302352654336653,-0.007492795172568623
2011-03-07,-0.00379126226266115,-0.002992457702788098,-0.0013038407095014109,-0.0028528107082960216,-0.002142410243643956,-0.0004643200404696369,-0.00043168699484336424,-0.005701766838659794,-0.007850514993026692
2011-03-08,0.0011522327462251208,0.0018403225836477735,0.0015410597708069153,0.002049427457099364,0.0017652277833792131,-8.906936733031894e-05,0.0,0.004299512029491881,0.008749934395135384
2011-03-09,0.0007029407948196051,-0.0008161764513852246,-0.001209795881019948,-0.0010351401570032428,0.0009314149118427032,-0.00037705264462633637,0.0,0.0014788608669175753,-0.0014334345295510253
2011-03-10,-0.007902564269130581,-0.010027725976900487,-0.006955775122119898,-0.01066762322571162,0.001905062527356516,0.002055855788368072,0.0,-0.0077015480040545144,-0.01850554317344122
2011-03-11,0.0016507770969173977,0.0022834423933700927,0.0027802627153684506,0.002504081249955931,-0.0001439018649204375,-0.000650573296880005,0.0,0.003216086071906376,0.006925910634063337
2011-03-14,-0.0013069206569097098,-0.001582554766166559,-0.0014966025811362364,-0.0016054512257008382,-0.0023251410328153648,-0.002134311039198674,0.0,-0.002724025875681435,-0.006037731685079595
2011-03-15,-0.0078960705621612,-0.009138009348349348,-0.005168869516398488,-0.00976849022666598,-0.008617329150117923,0.001954403092734587,0.0,-0.005422222575023361,-0.011457202457578863
2011-03-16,-0.004937843961084644,-0.006872339816903796,-0.005529726681791761,-0.007217872086363784,-0.006023112989184482,-0.002267783703693158,0.0,-0.007703581231763623,-0.018512884626737725
2011-03-17,0.007798962317426818,0.008602679939821946,0.003921813054595937,0.008937927713426127,0.006339752893936785,0.0004903187434977507,0.0,0.006717367680497865,0.013235363877752038
2011-03-18,0.0043516755415799755,0.004212236401209881,0.00232494630567994,0.004209170546288883,0.00305951262580641,-0.0014525328476730037,0.0,0.001928417001031235,0.0036370006985726455
2011-03-21,0.0067407796993387325,0.007829740339645935,0.00532292842983191,0.008041460183191709,0.006349418732189678,-1.0570206016947102e-05,0.0,0.007223464756707409,0.015497698329141718
2011-03-22,0.0005000034002964615,0.00012228039994688402,-0.0016210613960369678,0.00012422463804415728,-0.0009956548947468254,-0.0008337753605695904,0.0,-0.0018679191774725321,-0.003468104907230374
2011-03-23,0.001050486671625218,0.0012987620640580542,0.0005303860639718195,0.0013562224307544107,0.0005682156467904436,-0.0006001341660185916,0.0,0.0012063455129179613,0.0028613978977654053
2011-03-24,0.0019682963292715306,0.003153048685558664,0.002997710460703643,0.003402324376355903,0.0011148443457434684,0.0012790386594334492,0.0,0.0036936672097503728,0.009563749127011079
2011-03-25,-0.00014676695462393627,0.0003702846316901463,0.000625191704804508,0.00047582795213077847,0.0003952029446002355,-0.0008604896165289347,0.0,0.000762831786554452,0.003055677808257995
2011-03-28,-0.001996390716282045,-0.0021376335407057175,-0.0010233042825240812,-0.0021698709397707143,0.000881209541998131,0.001252581865788453,0.0,-0.0013332568964713465,-0.002436912796734636
2011-03-29,0.001680171546596204,0.002762984819324416,0.0022466019123042187,0.0027972025411804016,-0.003673553743185154,-0.0005366427895157279,0.0004353029969016723,0.002872001709138461,0.006718109728515831
2011-03-30,0.004414754614073653,0.0033618411356017256,0.0012439397780904765,0.00319115019786916,0.0003047950794070746,-0.00018719849057398616,0.003914913611354939,0.005518203681244849,0.006901459110482566
2011-03-31,0.0018500343334130925,0.0024527938710266427,0.001403266146729765,0.0024188082553524676,-0.001437627576668279,-0.0035551299489688017,0.0012501378464563008,-0.0018428924398022238,-0.001355868637509694
2011-04-01,0.002934665885649449,0.0021062039620897122,-0.0004400465554036465,0.0021832915510947653,-0.00041845893779942386,-0.0004027924393239276,0.0025134631561582205,0.003387899614772971,0.004223934958840436
2011-04-04,0.002612969692999909,0.0020639567745900237,-0.0003539067959586509,0.0020671562151303195,-0.0010776872327847595,0.0003398444053048856,0.002678226019403761,0.0013994691317717133,0.0008260590207100904
2011-04-05,0.00035876447002317915,0.001234643326109456,0.002214145953745476,0.0017459609671819525,-0.0008322513447778024,-0.00028185361166644047,0.00043654700961006596,-0.002107914977714409,-0.00014974850641047421
2011-04-06,0.0004979333576656069,0.0023941918483279833,0.0023658043252181462,0.002914295670513958,-0.0005100684724392142,-0.002660958003645585,-0.0005389070247762351,0.00016488136982824027,0.0031515580710013147
2011-04-07,-0.0007467475544472843,-0.000489051581207875,-0.0007345361075736641,-0.0005564461314130872,0.000751472154710278,0.0002462419541318621,-0.00043820621683459364,-0.0014823326134736138,-0.0025433350215208206
2011-04-08,0.0018872061355174245,0.0026842078765727,0.00138073722246915,0.003008847473943735,-0.0019267379139731372,-0.0026862879872932605,0.0,-0.003240651931981464,-0.003450377609685029
2011-04-11,-0.003295884995025684,-0.003532995581640148,-0.001742898911043156,-0.003639091153704401,0.0033190674937804707,0.002387142727470343,0.0,-0.0012844663932733312,-0.0030107491332919123
2011-04-12,-0.002685910932765575,-0.004477406094028617,-0.0029911159699651264,-0.004906099262345222,0.0016234435523052237,0.003545825348802793,0.0,-0.002227629347187609,-0.007474238652609766
2011-04-13,0.003076735279486963,0.0019842646884244168,-0.0007037882121873041,0.0016708548098595937,5.025521221334348e-05,0.00021179865566506832,0.0,0.001507921168010329,-7.61594671419008e-05
2011-04-14,0.0020219559501227684,0.0027196175760887025,0.003542373319100593,0.0027382586299310304,-0.0017419423109917688,-0.0029691734617892634,0.0,-0.0008761131896556141,0.0007608933039262578
2011-04-15,0.004413036979335472,0.002055559291268147,-0.0005099111234504141,0.0015755384730255413,0.0020480778833231435,0.0014021705407043284,0.0,0.00512241685974466,0.003648676293475983
2011-04-18,-0.004191313164316281,-0.004786439818665723,-0.0021087410685360487,-0.004901060764647471,-1.4559558702456621e-05,0.003861029971815143,0.0,-0.0057407799727125395,-0.01120895343308459
2011-04-19,0.003587537800533294,0.0029330643414194587,0.0008610008405058328,0.002885926694086192,0.00043647551555589666,-0.0008552095247242857,0.0,0.003959496357641035,0.005744584770607242
2011-04-20,0.0072811785940844476,0.008197351239306504,0.004529852299122768,0.008716099861864937,0.006084716878620751,-0.005844570071362443,0.0,0.006600972930754611,0.013631896524394671
2011-04-21,0.0036819014386415185,0.0035667575831601706,0.001975497649926007,0.003630734096873078,0.0012371455177212103,-0.002096455655199042,0.0,0.003364849396619407,0.00510867043690566
2011-04-25,0.000735307603558462,-6.979154365244217e-05,-0.00029029746551342876,-0.000338811909688387,-0.001528352046394013,0.00031529769933856126,0.0,0.0007842050875761066,-0.0010464786820636451
2011-04-26,0.0029523941099115266,0.0013129964375633446,-0.0011781228664398049,0.0011115000087800848,-0.0033316507424766247,0.001237418474713838,0.0,0.006869261516747294,0.008605218647282253
2011-04-27,0.004142599828175312,0.0053433487137226395,0.004537634190472581,0.005774803467738395,-0.0043577679590594,-0.0033233606857603474,0.0027234612837442186,0.002770808601578123,0.006528883802680463
2011-04-28,0.002274299485686597,0.0009644719819717284,-0.0005197145653148443,0.0007323635661045687,-0.0023592974011492954,0.0010029923181058254,0.0018071944715635374,0.0034788653047895576,0.003243009454497514
2011-04-29,0.00221973560469653,0.001575674899456733,0.0003916974863953347,0.001506541603925094,-0.0023182710605970155,0.0015727503010787244,0.002287074148396382,0.0022168290539064106,0.0023509415831284297
2011-05-02,-0.0030662110973737325,-0.0033474029288405706,-0.0038863197101734887,-0.003177689699517611,0.003320442167631783,0.0022033548995477573,-0.002950600112928687,-0.0010469372245816677,-0.0015389353497153868
2011-05-03,-0.0037609548300656537,-0.004240997457399351,-0.0036579031286604956,-0.004929706961198265,0.0009941846563617746,0.004050361681241272,-0.0037461356191995834,-0.001096284063450592,-0.0035972143024701753
2011-05-04,-0.004190225160781614,-0.004528151816078753,-0.003911281819216929,-0.005204005126673032,0.0009405836052205104,0.0032154682984692168,-0.0042046083472986615,-0.002962376500435626,-0.006630763728211031
2011-05-05,-0.010951432567014141,-0.011640943561575502,-0.007558730950247532,-0.013019965550698223,0.0016019142818255094,0.008738634469302065,-0.007547634164603639,-0.0034432914945661027,-0.009048283921643141
2011-05-06,0.0010754009754186957,0.001199589181728611,0.00023299245913293882,0.0014479655943484414,-0.0005116362462738571,0.0017300344313175221,-0.0004512101447718512,0.0028595335273476686,0.004415684301435352
2011-05-09,0.006611052716773403,0.006547975104421421,0.002944841986367199,0.00642181987971746,-0.0012253610929351725,-0.00383033094925533,0.0,0.002913105236646274,0.003874521328947722
2011-05-10,0.002702542826650232,0.0032965363791065275,0.0038658566143008983,0.004484523484019119,0.004367250506186948,-0.0037217544176049782,0.0,0.0031918824973940826,0.008536530694586375
2011-05-11,-0.007989728618085503,-0.008445823629258555,-0.006269683089728673,-0.009358013651604663,-0.00828405434537852,0.00727376561509108,0.0,-0.004881496086573799,-0.010524743473750875
2011-05-12,2.7763819427569186e-05,0.0004106480175400105,0.0011367480568931815,0.0011764164137648932,0.0016905501558191903,-0.0010134899193961898,0.0,0.001974572836153499,0.0047605855122176965
2011-05-13,-0.0027935671412243164,-0.0033911697370097287,-0.003722910319883437,-0.004586374928580555,-0.004399038325535112,0.0028016404772473525,0.0,-0.003062467182708173,-0.007699593899003321
2011-05-16,-0.0021622661004538327,-0.002531933096726629,-0.002730372761289934,-0.003271267089272222,-0.004101899325678164,0.0036652376585347727,0.0,-0.002840288232862886,-0.006341169107996314
2011-05-17,0.0015330834088952319,0.0009572140864409492,-0.0010273015546957067,-0.00019452455846761656,-0.0007886537031538819,0.0004972350303380592,0.0,0.001081306751031974,-0.00015020199695214842
2011-05-18,0.003474008889824377,0.004352978315535865,0.004349265025402795,0.00611091716695884,0.006072390894598811,-0.004874688703140813,0.0,0.003067482724959491,0.008935737695922485
2011-05-19,0.0006584005750772213,0.0006014169020876443,0.0004099601108923707,0.00048744955610849035,9.134457601516345e-05,0.0001510003003815588,0.0,0.001848345753284253,0.002381933828022209
2011-05-20,-0.0017056887839391748,-0.0018910504220735753,-0.0015267881711591626,-0.002261773698342377,-0.0021270777161959734,0.0024347358021299752,0.0,-0.0038027340554338093,-0.007944532513604496
2011-05-23,-0.005917745002259719,-0.006187559520644226,-0.0029066441175523714,-0.006727188557413237,-0.005972898392671874,0.004379078192943922,0.0,-0.006417025591327796,-0.011601071091097648
2011-05-24,0.0028173075648948295,0.0026082281033737126,0.0013430417263465642,0.002190069180331479,-0.0009728797729318184,-0.0017848275080833385,0.0,-8.23356750055958e-05,-0.0008331796917325773
2011-05-25,0.0025730369198676104,0.002736568147490905,0.0024426868961629614,0.003063630602737494,0.0008055980929088288,-0.0032450292275509793,0.0,0.002042408864866241,0.003334816936866103
2011-05-26,0.003913467420880969,0.0032197303821950166,0.0008056382153955904,0.001832256304823109,0.0020210730487780675,-0.0006771073533050229,0.0028720377588822765,0.004974634618340268,0.004607485988429083
2011-05-27,0.003997474826735558,0.004019742867131792,0.002464901936382605,0.004064278947924262,0.0020860498066077003,-0.0014919888524145765,0.00221033632059041,0.002259546873417495,0.0038347219094798657
2011-05-31,0.005832117424027134,0.005641639125237075,0.0025368286585956655,0.00526068252765696,0.004222132952743513,-0.0035368696245234436,0.004934793394781696,0.006868350884609331,0.010410801781653767
2011-06-01,-0.006631495492033843,-0.00769299011115163,-0.006130096154199427,-0.009815979349387206,0.005533702965426086,0.007492362413236217,-0.0057665755958953855,-0.010179636313986306,-0.02246071932703464
2011-06-02,-0.0023973664258890143,-0.0027949535021409883,0.0037958689174504836,-0.00255555777102539,0.0024224786583924417,-0.004297702758949469,-0.003487175224490466,-0.00302554730267286,-0.0010617869785521927
2011-06-03,-0.00016005422945454875,-0.00023492336218212636,-0.00022972196821746508,-0.00016005422945454875,0.0002207414648398823,0.0007169841771306241,-0.0014922548242331996,-0.00439266232221247,-0.009944542876586193
2011-06-06,-0.00487232013790092,-0.004167489142302039,-0.000953669231372616,-0.00487232013790092,0.005045127627431231,0.0017804151884744516,-0.00437139575604786,-0.006596452315896317,-0.01058099648866706
2011-06-07,0.002722184766284364,0.0023415879348793814,0.0010428035021938392,0.002722184766284364,0.0007315278147315184,-0.0011322441782462339,-0.00043524859056959166,0.0003715086217065844,-0.0006201301871112674
2011-06-08,-0.0015615195142435353,-0.0017025638502659165,-0.002286807132565025,-0.0015615195142435353,-0.000918729343179631,0.0010822857872684287,0.0,-0.0016470084200491675,-0.004187005381976694
2011-06-09,0.00028627240152457917,-0.00013210024948004254,0.0011469179179243731,0.00028627240152457917,0.0013456917080606082,-0.000949244211004793,0.0,0.002974769651980979,0.007631170286126254
2011-06-10,-0.007299614117018885,-0.0062635557813100545,-0.004400937511236963,-0.007299614117018885,-0.0057042728915076,0.004605540793109327,0.0,-0.007066215508536632,-0.013910560574437625
2011-06-13,-0.0018935328566474254,-0.0015351359979078837,0.0006489177547977238,-0.0018935328566474254,-0.0012999469780782256,-0.0007839169303874725,0.0,-0.00039382574231456864,0.0007838324753084436
2011-06-14,0.0037034241700069125,0.0029075664342420107,0.004286204938799404,0.0037034241700069125,0.007721826356392771,-0.004564401924554697,0.0,0.004435377858946233,0.012685732984774045
2011-06-15,-0.005051873952624016,-0.003355277759582711,-0.006668268808662741,-0.005051873952624016,-0.01016969725590155,0.00850094786246092,0.0,-0.006347244211535918,-0.017785280697686034
2011-06-16,-0.0022499261700794694,-0.002047384516992673,0.0016484578253069266,-0.0022499261700794694,-0.002820571881814681,-0.0015775027646527057,0.0,0.0024333534587190897,0.002204422567269937
2011-06-17,0.002374625556230022,0.002520740274677617,0.0006397365089787891,0.002374625556230022,0.0033350927746502194,0.0008278465226554802,0.0,0.0015033794361746012,0.002984077184344791
2011-06-20,0.0021095721027138328,0.0022003020235939323,-0.0001922577643495752,0.0021095721027138328,0.002637271122115876,0.00015322838136650082,0.0,0.002453957118330763,0.00511623510397019
2011-06-21,0.005573309887810494,0.005069099319816047,0.003197498119909454,0.005573309887810494,0.000118501733066052,-0.002800844903482182,0.0,0.0076876975191234815,0.013703700188852697
2011-06-22,-0.0024432448589445273,-0.0024253136488369717,-0.0005879788931404983,-0.0024432448589445273,0.0002059798627050019,0.0004024396613232869,0.0,-0.003780012642095554,-0.006025473012906679
2011-06-23,-0.0015172788807080164,-0.0005666387712896401,-0.004281990593822555,-0.0015172788807080164,-0.0012269097759514576,0.003742117652470909,0.0,0.0003755969990514084,-0.002875207517058387
2011-06-24,-0.004257645894714233,-0.0037672385357077165,-0.002175043691316979,-0.004257645894714233,-7.451235219185152e-05,0.0010343584899486597,0.0,-0.005288906845050345,-0.011613894151778048
2011-06-27,0.00044912635251563755,0.00034081042489536107,0.0031430188182316036,0.00044912635251563755,0.0029079054598193706,-0.0033066888110224644,0.0,0.0037964653898323146,0.008911158276675213
2011-06-28,0.0027290796165266576,0.0018670475204764696,0.004376935436278654,0.0027290796165266576,0.0005717345757054278,-0.00490376830317945,0.0016825172667500293,0.0041458533762371175,0.013053290831189557
2011-06-29,0.004178218879295513,0.003185665125911466,0.0025869146220138762,0.004178218879295513,0.002351316055199943,-0.002843696111406591,0.002961785660827016,0.0027412526964722514,0.008563675093996581
2011-06-30,0.0025801183311649203,0.0024527161452767613,0.0003953506505255468,0.0025801183311649203,-0.0017751645905522508,-0.0011839183852632043,0.0016136933782874051,0.004364912928522724,0.009562656640366152
2011-07-01,0.0032733029749392266,0.003044259070783774,0.0011672778452139839,0.0032733029749392266,-0.0020162974278616725,-0.0017827255843776554,0.0028514732800883,0.007865821006575001,0.014776111123196323
2011-07-05,0.0034097255358227657,0.002323892742032093,-0.0018343773867241279,0.0028610861694688986,0.001349050216980925,0.000736265192042674,0.004320113145494471,0.002023626820316094,-0.000821189127251043
2011-07-06,0.000510880155674307,0.0008916544634774669,-0.00128650950967372,0.0011538899235990535,-0.0001301905462699555,0.001478801474742295,0.0019802285883128642,0.0014254356330617225,0.001195344111671881
2011-07-07,0.004351696280365706,0.0025020799417194675,0.003493482364477246,0.003290607277801203,-0.005086558769554995,-0.0031673569950355345,0.00375712475581356,0.0046861312282983295,0.010375555176581175
2011-07-08,-0.000743754159771864,0.0012078798668492775,-0.004156044134307445,0.0016435378359251909,0.0047276579022824715,0.00423963070536703,-0.00040257726489024574,4.24569988803896e-06,-0.007092141330300561
2011-07-11,-0.006908387243512757,-0.003983658841168912,-0.007990894568877393,-0.004713135833534256,0.009425223713052402,0.00666989514831263,0.0,-0.0077906527883637045,-0.018080353348376543
2011-07-12,-0.00026388438897611606,-0.0003175715188856551,-0.0017050936202480866,-0.0005408983250996125,-0.0030773358794841344,0.0006075165966668834,0.0,-0.0020176788766970376,-0.004319038930287511
2011-07-13,0.004904135897018293,0.00353831228983502,0.0011614572623897704,0.004790420629204837,0.0007782777629752871,-0.0012457299692846787,0.0,0.0026645762043933097,0.0033484318811116687
2011-07-14,-0.0034828484931191386,-0.0033362820056481654,3.0283263022437145e-05,-0.004279315202874705,0.0018277982688341462,6.806860356919469e-05,0.0,-0.006430951206203694,-0.00690220727778712
2011-07-15,0.0036390702688027473,0.0027286446036819934,0.0012090711537895648,0.0032329493799915627,-0.0018636843498472395,-0.0012113026704631488,0.0,0.00512756063721298,0.005804940993885843
2011-07-18,-0.0023566170621645587,-0.002234317964040546,-0.0011995645559605382,-0.0028953484243322667,-0.0008995159205051643,0.0009088352884920487,0.0,-0.0051664425281249034,-0.008201517351237753
2011-07-19,0.004185037320321661,0.0045996677917743345,0.001778633591177768,0.005837619785634846,0.0050142230471829545,-0.0008015652889783589,0.0,0.011255152492161802,0.016231948825610854
2011-07-20,0.0017285475090977683,0.0004232596675727634,0.0022208291806154537,0.0002546012105195593,-0.0012885547085289995,-0.0024325520122596422,0.0,-0.0023207753127134634,-0.0006026847874740504
2011-07-21,0.0030673312023063197,0.001960608032476866,0.004206888360663575,0.001885777831566925,0.002248527357798729,-0.0031160999326397864,0.0,0.006107521250063107,0.013870408955517055
2011-07-22,0.002351107563763639,0.0024498719354134725,-0.0008107351940839398,0.0029881744321943434,0.00019251101553090046,0.0006707534836337403,0.0,0.0019276503629214402,0.0006693971887385963
2011-07-25,-0.0020168415967385532,-0.002304338922462814,0.0003833704133461962,-0.0029936228936428056,-0.0020973565789332497,-0.0007037607656682445,0.0,-0.004617685898864088,-0.005573249700511762
2011-07-26,0.0021366952167317845,0.0024011656299230957,-0.0007208098869430552,0.0027732451270240134,-0.0014148064899846763,0.00021202258258849218,0.0,-0.0005513783594304875,-0.003735506791078147
2011-07-27,-0.00859165252412117,-0.006662956472191505,-0.0048219224963405045,-0.00774963776974357,0.0075374832194502325,0.0035700464785859204,-0.0075657041411648605,-0.012942531451752214,-0.020475812000885663
2011-07-28,-6.522569871927176e-05,0.00041863424821614775,-0.0013609879588996167,0.00041640680687932363,0.00018597396061250887,0.0011257556030679914,0.0005767997358249239,-0.0009639751751903567,-0.0029093867979205212
2011-07-29,0.001394632152251447,0.0032655534552838146,-0.0038763007089583786,0.004104509716945677,0.0010172783953797829,0.003677115310412291,0.0027034563962876046,0.0007408496668579907,-0.006834745662833708
2011-08-01,-0.0021344026281771406,-0.0009430802183368195,-0.0035257755548158973,-0.0007795702422592557,0.002397855811335764,0.003318849347362292,-0.0003349850117765743,-0.001096752846825999,-0.004252743652932378
2011-08-02,-0.002645497225582135,0.0023771312847715004,-0.004575569952647786,0.002078920697938994,-0.01262466250588266,0.007563968271777674,-0.002360854576005798,-0.0116432328520506,-0.02554722511008367
2011-08-03,0.00041016904561584985,0.0002906303929782313,0.0005906516129028138,0.00030393167152891284,0.000186225298628946,0.00021754457750999324,-0.00033424369159448374,0.003571997399214988,0.005418575090401889
2011-08-04,-0.015828050585052954,-0.0021455882010106737,-0.011395627966280613,-0.0046319520509283205,-0.022862747707502785,0.013695873310420836,-0.013319755118825776,-0.02281266365222263,-0.0468416315926673
2011-08-05,-0.004354718300230583,-0.004381204560231631,0.0023971094917377075,-0.004623043219595967,0.002837852849626136,-0.0031499280585538447,-0.0003776714050887923,-0.0055273805138333024,-0.0014965488433877905
2011-08-08,-0.019363209347394293,-0.003676707602342322,-0.0075887279538896105,-0.005506323150311629,-0.026767380041436875,0.013595515235262748,0.0,-0.03270869814668931,-0.06512324249944346
2011-08-09,0.01900123015351658,0.008132064242463155,0.005799050814249827,0.010182863814603161,0.010916478193832544,-0.0049094252563414344,0.0,0.030224046958783998,0.04649873769673496
2011-08-10,-0.004852995767172909,0.0024975353813409774,-0.005993428623890392,0.0019109068941241703,-0.009899007582473751,0.00960264584017726,0.0,-0.021217725383053287,-0.0441774036399295
2011-08-11,0.006390320983318181,-0.003694016984336211,0.010723470254058594,-0.002192938354038823,0.011767991950448937,-0.014448802686377616,0.0,0.021053138215975143,0.044883815606006516
2011-08-12,0.0035854343909529273,0.002563347033851707,-0.0023041099397412557,0.0025507849811346062,0.0008034922677976926,0.0017637800155609253,0.0,0.006825881623170193,0.006732979662891214
2011-08-15,0.008892345825025027,0.0029479771199929887,0.00443955368689158,0.0041521632190758195,0.0067830453753257745,-0.004116936819818562,0.0,0.011218186594046031,0.02116484210696279
2011-08-16,-0.0004976568301860119,0.0015579532812734628,-0.0013056197829195942,0.0021769203558802486,0.0005166483862920695,0.0034228514199507584,0.0,-0.003285057761686505,-0.008538832313342959
2011-08-17,0.003994973857339812,0.003072722698712953,-0.0021307725028085517,0.0033572026585831113,-0.0016219232608145444,0.0019087111130814609,0.0,0.0032047273383871036,0.0006686559666204683
2011-08-18,-0.011604418548357722,-0.000646831171354711,-0.00654022656000496,-0.0015918534224433842,0.008135630988708807,0.011046099274759254,0.0,-0.02378299587292796,-0.04311825077616005
2011-08-19,-0.0014963389167774773,-0.00012332754089536401,-0.00019569104807376625,0.00014587539075180074,0.00028953635961010446,0.0006407577235281155,0.0,-0.009375175955808456,-0.01633069981587787
2011-08-22,0.0018231370780979251,0.0007440891159371856,0.0018501503868418655,0.0007687892628123704,-0.0016213769600988872,-5.391117681191826e-05,0.0,-0.00025068271960053683,0.0007991590398803705
2011-08-23,0.004272130738281644,-0.0022818027060399265,0.004883716451982507,-0.0019759754721116805,0.008366243254122803,-0.009300175552964841,0.0,0.018129463925735664,0.03291012842069985
2011-08-24,-0.006014446002243249,-0.005979988532794424,0.0028701350893803775,-0.006534216735095921,0.005177398712149098,-0.005073624860234525,0.0,0.004160374367970476,0.014084672855960267
2011-08-25,-0.00259158779618532,0.0005919643602475179,-0.0031068004961886347,0.0007130118810804467,-0.004812158091046383,0.0038735124068694456,0.0,-0.006684606726600894,-0.015243800360425275
2011-08-26,0.008457270778235559,0.004671238616890453,0.003857030459842601,0.00563252050797833,0.0007715245680787272,-0.0003132390437905229,0.0,0.010001496926806342,0.0145338342563186
2011-08-29,0.006448903334239883,0.0004789959772416427,0.0037865384398319216,0.0006690669305624488,0.006266872395655359,-0.006160197827690787,0.002784380131723367,0.014609556547691003,0.02873630145666195
2011-08-30,0.005294294625012883,0.004314768030404443,0.0005449728811707357,0.004613588617596183,0.001238751155302292,0.0028961040733989675,0.00381378564196406,0.004348431556036081,0.0026364338127835563
2011-08-31,0.001777065109855923,0.00014726330163541555,-0.0002864387103561228,0.0006631759298602884,-0.0020364201724380124,-0.0014547811379532177,0.0011324674188955453,0.0012310159810713817,0.00443798756697289
2011-09-01,-0.0013762743004065475,0.0010385617978746298,-0.004102309138649668,0.0008733006113444803,0.003133393138020936,0.004072152868077678,-0.00010223593329172434,-0.003095944368352632,-0.010472670551309293
2011-09-02,-0.0005537329591678815,0.004442129162719281,-0.00043170444959829684,0.006314125553150621,0.007410847896411666,0.005133844146148326,-4.869095853808503e-06,-0.01166192589689956,-0.025550185708723916
2011-09-06,-0.002409534743282829,0.0004992853055022515,-0.0013530703802381542,0.0006218799643252987,0.0030701100084099425,0.002745243138062318,-0.00019494758478201036,-0.003842453236698673,-0.0072974273989167004
2011-09-07,0.0031095394317374493,-0.0032626157970370357,0.00012981401387277724,-0.005441375829458271,0.006288363778458085,-0.005456394391181254,0.002350483240723401,0.014784489705657888,0.028207579459216925
2011-09-08,-0.0008956671034548058,0.0018899498752188587,0.000238246610592646,0.00210385536966358,-0.003951072962341083,0.003277208093548588,-0.00023956247612025696,-0.004275466062943734,-0.010391475614145884
2011-09-09,-0.005103635955043855,0.0014431309954078394,-0.0020485884161953903,0.002800788237467637,-0.005517450720911153,0.0043359294685618366,0.0,-0.013775846249712462,-0.026209590439684516
2011-09-12,-0.0014482717590132742,-0.001958472080423545,-0.0003607962375817372,-0.002406660953599281,0.002156873675898134,-0.0019521525652469694,0.0,0.0026639241181201975,0.006469706760727556
2011-09-13,0.0016737382558934405,-0.00038073964378823453,0.0009724066327423859,-0.001387855886642458,0.0016615609330942647,-0.0018276319931312178,0.0,0.004320226932037974,0.009171556926300228
2011-09-14,0.0011316778859487295,-0.0003744495578124796,0.00036317497116138586,-0.0012552066162471057,0.0006338046117492596,-0.0009153031196973907,0.0,0.008536001103603974,0.013844111751473376
2011-09-15,0.0008606953659128416,-0.0025951738201012453,0.00011330359308942597,-0.0036205167042897496,0.0022529475866656283,-0.0033060061791516924,0.0,0.007370462405110745,0.0172569048215232
2011-09-16,0.0007027015776906228,0.0007128700325859634,0.0007879153229457833,0.0001550706569954816,0.00016341856217190893,0.0001527379285728487,0.0,0.00432186684876239,0.005918782778962406
2011-09-19,-0.0026881648442175104,0.0015603175619668544,-0.0014508353200711956,0.0021554926283776296,-0.004534380302872203,0.003410171177515811,0.0,-0.0027045246645743364,-0.009957584406884101
2011-09-20,0.0003702159402293377,0.0008513101294342107,-8.045117996136195e-05,0.00097390234148535,0.0001512474817913442,0.000954738360666348,0.0,-0.00016414061697420644,-0.0011632785760589126
2011-09-21,-0.004524847782403771,0.0022836572022980886,-0.003031118123290542,0.004142134280757737,0.0006308585723587136,0.004791038091071557,0.0,-0.015960209825686335,-0.029458184793648035
2011-09-22,-0.00807607051534973,0.0015344354627661368,-0.003608383075654745,0.003222317827314314,-0.0033859573663198974,0.006592658769769863,0.0,-0.015676632424001857,-0.032324374586769844
2011-09-23,-0.004336998028524641,-0.005540242070263067,-0.00393679771096523,-0.0071437086938510325,-0.0034767052206142036,-0.002900354633786603,0.0,0.0003071794446811711,0.006025034259020012
2011-09-26,0.0011278679700803354,-0.0021530472922926813,0.0002606397708931456,-0.0035015792509147546,-0.0008592265303258477,-0.0031176571058962087,0.0,0.012600171549373849,0.023780071611862352
2011-09-27,0.003793625912687825,-0.000675470973510718,0.0019104549326091486,-0.0013577472040700632,0.004702243823404919,-0.003568009098835716,0.0,0.004046012586355063,0.01118379959278637
2011-09-28,-0.007183634267662649,-0.0007971109988007049,-0.0027083538812137002,0.0003268709140522447,-0.0065418735117914175,0.0022699848331850037,-0.006217257777975229,-0.012174266135678423,-0.020418333099460506
2011-09-29,0.002964776660230069,0.00042590758359105363,0.0008508313065970863,0.00010763413993991575,0.0023203366810662504,-0.0015398317199834676,0.002282854862434471,0.0047419356084615226,0.007903226014102538
2011-09-30,-0.006112094460468328,0.002846454648380516,-0.0019131516785599232,0.004266222157333735,-0.007820364024333415,0.0052885516525120815,-0.004232781968397739,-0.012465150698075609,-0.02498955560971483
2011-10-03,-0.003056800101881113,0.00371448826144219,-0.0012694454521903079,0.006123146363884981,-0.0055837656401338,0.005830277638754572,-0.001773536877509887,-0.013370755538716805,-0.028457539025074086
2011-10-04,-0.0038732105919044033,-0.004400814024180708,-0.0044791611153977276,-0.004745163977307938,0.003325548686851777,-0.004991877201395394,0.0006397519306798703,0.011112700695536581,0.021922875692430566
2011-10-05,-0.0005453220965449111,-0.0023803741994588637,-0.0009600341782124621,-0.0032979002509158405,0.003895940056684192,-0.0014911206266836215,0.0031088286418634254,0.00943787656456383,0.01851557483743238
2011-10-06,-0.002309976069135772,-0.004972091105511861,-0.0031419438504455607,-0.0063031486236999066,0.005720460035137972,-0.003827821495148172,0.003371783955925724,0.008069562012977594,0.018090797651138857
2011-10-07,-0.00041571132041406765,0.0006661459655268475,-5.690812576348512e-05,0.001207074608497305,-0.0013371057332947163,0.000989284430721962,-0.00022271879785801412,-0.006091981187122996,-0.006695727551153885
2011-10-10,-0.0023224498193447044,-0.0060744858551198926,-0.004409868101416725,-0.007950503873007489,0.00822376677273356,-0.004921356378317263,0.0,0.015858175048747022,0.033446044018916155
2011-10-11,0.0013922115626584972,0.0007666031129103267,0.0012710373977169547,0.0004537988880362413,0.00039203437538733643,7.383801714354226e-05,0.0,0.0019289057339998638,0.001003359406959392
2011-10-12,-0.0016968064488308062,-0.002661814264806194,-0.0025458693955512316,-0.0031443181727938883,-0.0033334142775449404,-0.001255384216556451,0.0,0.003901989242635606,0.008772101461210546
2011-10-13,0.0009852847534123081,0.0010177577158349753,0.0009242312831800645,0.001033994197046309,0.0012592655006976538,0.0008527159546256685,0.0,0.0004075520155111924,-0.0019879295276118425
2011-10-14,-0.0014287363886513588,-0.0034645111040810324,-0.0020393845582649607,-0.00448239846179587,-0.004603853663501529,-0.0025346820766459876,0.0,0.008273817311165877,0.01709432969236091
2011-10-17,0.0018641853036824056,0.003584494540228972,0.0027230526157599405,0.004444649158502255,0.004480781127597903,0.0031111623653809423,0.0,-0.008837379994281601,-0.019091650192708864
2011-10-18,-0.0020003099570133935,-0.002817438461641392,-0.0021831625430221045,-0.0032260027139553917,-0.0023543262486445714,-0.002478283432640467,0.0,0.011300781015518256,0.01954625292523482
2011-10-19,0.000381534844188694,0.00232243301093171,0.0005036139127197331,0.003292882094303218,0.0014142687891610733,0.001830061141051283,0.0,-0.006475359881316844,-0.011829003398038829
2011-10-20,-0.0009535488676176,-0.000669898663338133,-0.0011974827958554837,-0.0005280735611983996,-0.0007808543944616238,5.307576934571954e-05,0.0,0.001810235742145227,0.004375226856589531
2011-10-21,-0.0013266650373559017,-0.0030748499377544402,-0.0025485509318952833,-0.0039489423879537095,-0.00244826586772777,-0.0027053849186356423,0.0,0.010653727747475151,0.018987523252917082
2011-10-24,-0.0019756274755754854,-0.0035782583235131455,-0.0022839423031668156,-0.004379573747481975,-0.0037422874140120013,-0.0013317059226483166,0.0,0.0071622048265142174,0.012261238385714801
2011-10-25,0.0044707977232243375,0.00414904028502259,0.004594396487371303,0.003988161565921716,0.00412224625879077,0.00283973232373466,0.0,-0.008237445381253193,-0.01944365366146983
2011-10-26,-0.0017234503049654867,-0.001485544039918552,-0.0017234503049654867,-0.0013665909073950846,-0.0011554809358516299,-0.001398999986818508,0.0,0.0031589026019529947,0.010158148242916054
2011-10-27,-0.0033808946681735345,-0.007445876228981809,-0.00560381548448405,-0.009478367009385947,-0.007778392028454605,-0.0067089013402129825,0.003975588716412835,0.016074697444045327,0.034835123580394534
2011-10-28,0.0013138945568759765,0.001414489505922955,0.0013767232572770608,0.0014647869804464441,0.0009537777528269495,0.0009731164955890804,0.00047141436574334845,0.002263640699797498,-0.00023278824774297657
2011-10-31,0.0022007560308533155,0.005364119288398482,0.004774267976872785,0.006945800917171063,0.005760104212122076,0.005285243104203598,-0.0009147868978575395,-0.009098612517522907,-0.02410626345424005
2011-11-01,0.0033246899221096283,0.005958024602457355,0.004740937590101316,0.007274691942631218,-0.0016118715531784175,0.005173569061061579,-0.0018010514594991069,-0.01193573932144569,-0.027888417352827988
2011-11-02,0.001336253830410479,-0.0014897378428604074,-0.0007092725160284148,-0.0019149882699452594,-0.001392926300797644,-0.0018248141745004559,0.0027825517298820835,0.008830427437568122,0.016311727900043538
2011-11-03,0.0014197089492197193,-0.0019293373912895122,-0.0007444264396049969,-0.0020304313195687635,-0.00018698429656853737,-0.0021195151843988445,0.0027206018584677327,0.00905699160700788,0.01822700970780944
2011-11-04,-0.00018529565659878577,0.0007195394414720347,0.0002734153409315631,0.0008866605066667106,-0.000384519423262499,0.001295475806222509,-0.0003598670309376702,-0.0024646774248713085,-0.006098884510383207
2011-11-07,0.0008634179768181946,-0.0003843139170142412,0.0009209246880504759,-0.0009670235327171445,-0.0015108590546281393,-0.0003574789082463635,-0.00023363704817099928,0.0041906381259075864,0.006216010683155471
2011-11-08,-0.00038954803585017415,-0.0022468192028522625,-0.0014854043704070501,-0.002539402366927484,0.0009742172453959786,-0.002706696611329946,0.0,0.005894995623016718,0.012830710990717975
2011-11-09,-0.0031904019858902833,0.00440478141173857,0.0012011033893200738,0.00520794193681025,0.0001474107617769802,0.005288197269407067,0.0,-0.018599353067602565,-0.03690970514584446
2011-11-10,-0.0013298658387935532,-0.0019529078631728986,-0.001992185097698391,-0.002209804540396831,0.0010235490951990564,-0.0022542135605341227,0.0,0.0037025437757792095,0.009418815066637665
2011-11-11,0.001980609095207634,-0.0022453351798303587,-0.0004957734177721552,-0.002615454470329187,-1.6195316790648608e-05,-0.0027903449104488224,0.0,0.009450346229385474,0.018822350508835628
2011-11-14,-0.0006509234569875659,0.0019507482571590816,0.000630325707217055,0.002504638785779966,-0.0006388949038510705,0.002104537512340008,0.0,-0.003177007398226616,-0.009474067425380484
2011-11-15,5.817369950475936e-06,-0.0006543982424530283,-0.0003596098297904825,-0.0007235062974460492,0.000141486140658162,-0.0007371866554765657,0.0,0.0024280654244360988,0.004941573484903872
2011-11-16,-0.0017405228116253223,0.0008679097405721146,7.04402791187092e-05,0.0007811437480633643,-0.004436162704431968,0.0013021845496012667,0.0,-0.008058809001655098,-0.015862726722915554
2011-11-17,-0.0028907892409035163,0.0011596347032901443,-0.0014932604110735519,0.001870325821761819,-0.00505832851193442,0.0014012372878492308,0.0,-0.00872297315412771,-0.015877004447220955
2011-11-18,0.0003398173594621821,-6.567759104085398e-05,0.0004415991240611136,-0.0006342035818387994,0.0011275155819623706,-0.00040962620742729784,0.0,-0.002127374366698476,-0.0010643912175098968
2011-11-21,-0.002078876654884626,0.0012470665517087395,0.00019240783422895313,0.0012982506279212837,-0.00492782838796381,0.0016295341011841797,0.0,-0.01030047767433826,-0.019019611353840227
2011-11-22,0.0005426791084571491,0.0003044973431889264,0.0015018161655521247,-0.00024228618698705925,-0.0002880451986985461,3.033427171730955e-05,0.0,-0.0011343919578361559,-0.003928085227135503
2011-11-23,-0.002812684477271891,0.0025132127293306383,0.00029102860149186275,0.0029285228814357853,-0.006871305467636592,0.0029267018649905834,0.0,-0.011867860594473645,-0.022065635172090814
2011-11-25,-0.0023049344161655168,-0.0007106580824612712,-0.0018663275266776083,-0.00022759880198958447,-0.0012651930052412792,-0.0004162965879307259,0.0,-0.0036758951645730065,-0.0018872803577862918
2011-11-28,0.002935497541294676,-0.002636448618749678,-0.0012217889780503542,-0.002357635022375746,0.00710720045026058,-0.003017787795597534,0.006405327433365084,0.0174182937171087,0.028967023968591077
2011-11-29,-0.00017577114169288574,-0.001040553308887786,-0.0007142468104017806,-0.0012484522130242035,0.00041360936991105155,-0.00019818540705386403,4.8974829246507984e-05,0.0009400566254019527,0.0028398884418578962
2011-11-30,0.003257274360972185,-0.003424042809981961,-0.0013037706056715764,-0.00400329656368173,0.009095326366733736,-0.004793311840316384,0.006760074961370813,0.022354813954543706,0.04114956447222817
2011-12-01,0.00018807111077317565,0.0002740418350393756,7.539257936501474e-05,0.0009233404290901,0.00016071496170512806,0.0004189092937812088,-0.00035606679871457694,-0.0002115450584501133,-0.00016010707328573126
2011-12-02,0.0019905198477431652,0.0010681700918488547,0.0011930640675781312,0.002082960085098422,0.00026087532691406536,0.0023300996085006908,0.002474001541782919,0.0012466203242573748,-0.0008799786742765825
2011-12-05,0.00016188955742714052,2.634182720603808e-05,-0.0007442377449566281,0.0001464036190980287,0.0018198129753546326,-0.0006859940730056149,0.0015515927781496574,0.00630478481687895,0.010892124844465112
2011-12-06,-4.114551170448144e-05,-0.000517633593446193,-0.0003843749600033258,-0.0011202915394460436,-0.00015750675991576168,-0.0006440105530013441,-0.0006496536633669876,-0.0008474803366922413,0.00031693708493518713
2011-12-07,0.00097827038714415,0.000560405562862494,0.0012469590072958982,0.0010238473230591231,-0.0006189763297743527,0.0006911784771151462,-0.00025887314561304903,0.004044796214087576,0.003722517765121225
2011-12-08,-0.0017689586978964845,0.00134104899586712,0.0008009936951669978,0.002170245979376223,0.0057786683719269075,0.003265029439441022,0.0,-0.011128986203499735,-0.021936610500786102
2011-12-09,-0.0002484671342029769,-0.0016537266956923532,-0.002448427801884573,-0.0029064884774197726,-0.003908395192539957,-0.004215306527918587,0.0,0.0074174964187685875,0.01694249182402907
2011-12-12,-0.0016151110637197914,0.0014761007521981284,0.00011005813329323258,0.0023666315638672334,0.0047806820391528525,0.002766223454224311,0.0,-0.007374789820455207,-0.014597591902625995
2011-12-13,-4.0849023818128054e-05,0.0010821704369505386,-0.00010399016110157922,0.002266656042014394,-0.0026941027413442003,0.002263377670189213,0.0,-0.0037648417526043865,-0.009338479174238579
2011-12-14,-0.002810204615689727,0.0008519425057651052,-0.0001532406155671551,0.001318269646198073,-0.004711491802423281,0.0019266806136660672,0.0,-0.004710379716821955,-0.010646122284881154
2011-12-15,-0.00016672908183134268,-0.0005767184592301979,-2.004186408916862e-05,-0.0010723055519409315,0.0006113211016772217,-0.0006636981269789118,0.0,0.0018271057431203273,0.0036142772882234997
2011-12-16,0.002994858396049539,0.0008981662279599849,0.0024127277359084604,0.0011255857985444516,0.002539951458154361,0.001219272441910005,0.0,0.0028271440958565377,0.0014821919390437532
2011-12-19,0.0003313149003211368,0.0012984586891595102,0.0009939641757781995,0.0025800516430962814,-0.001875029632678543,0.0028464497327975557,0.0,-0.005053387915458995,-0.010691523853897933
2011-12-20,0.0017857250308127436,-0.00205647107882833,-0.002063493376455346,-0.0038023507349477536,0.006496189906962462,-0.0053212535632390125,0.0,0.014538314754856917,0.03026052478853858
2011-12-21,-0.0008536434094269595,-0.0009775523248037132,-0.001748074144457339,-0.0012246511342544953,0.0011826152896397108,-0.0006967561534198484,0.0,-0.00013134934292922127,0.0019362025422375861
2011-12-22,0.0010149582992533982,0.0002424836613920113,0.00013822498520448185,0.00022832756549305154,-0.0005032261950547246,-0.0002898542714100612,0.0,0.005811263905933739,0.008858951232468826
2011-12-23,-0.00030232199329892,-0.0005925731966087945,-0.00128272713854018,-0.0010420905705158577,0.0016362837931950785,-0.0013788360014742615,0.0,0.0037261977810670198,0.00894084246827287
2011-12-27,0.0012961903191451999,0.0006337175531409617,0.0003588095615306911,0.0009080903382418858,-0.0007960394570937612,0.0004047056091765899,0.0,0.0007004614329154002,0.0007907963672160179
2011-12-28,-0.0015765144070344407,0.0015297078684009305,0.00012553056232642685,0.002683922223139215,0.0036600562337825216,0.0032562680815880324,-0.00290785128417931,-0.005345617610381925,-0.01312346146357335
2011-12-29,0.0006871680850590196,-0.000378635225787813,-0.00031265179226025333,-0.001229516597059065,-0.0009731172221252058,-0.001463479415981143,0.0020370166924056736,0.0066956820335743565,0.010334095150706712
2011-12-30,0.0007411026146456424,0.00041462884201401976,0.0012388212516257961,0.0011128520499279397,-0.00015720656983210247,0.0014732400257956295,0.0005165224481521062,-0.0015431496129667984,-0.004915879939005441
2012-01-03,0.0027116252322090554,-0.0016074020008613305,6.246677108185262e-05,-0.0028474064377706854,-0.005423558801743117,-0.0036088011069818366,0.004816330725447524,0.007023449575584229,0.015936385288910504
2012-01-04,-0.0007115206667228621,-0.00016172212090925434,-0.000862817894420865,-0.00035600432428275466,0.0013528081436073036,0.0008422943164047289,-0.0005344171471257762,-0.0003173597973343601,0.0015684398236761599
2012-01-05,-0.00040270305042956506,-0.0008548099015519529,0.000274098956106045,0.0005464608733402545,0.0021008507759350996,-0.00024385933043349103,-0.00033988422979194924,0.0016737643053425621,0.002662725920482334
2012-01-06,0.0012025585918345768,0.0008434291405115416,0.0011452912155860383,0.0018675521995564484,-4.097392935432931e-05,0.001972729270665263,0.0002490436941705213,2.2267329817738084e-05,-0.0025775020356874068
2012-01-09,-0.0007344652698578487,-0.000455118906904933,-0.0005743315228409557,-0.0009152215104801202,-0.0005219351824321322,-0.0007560294310767092,-0.0002844270436990058,0.0015321236047574959,0.0024273766999829416
2012-01-10,-0.00013667375345382288,3.810689351417731e-05,-0.00043512974058819865,-0.0010602752550548152,-0.0019426640961279738,-0.0013552496168527987,0.0,0.004402488666207782,0.00867038942959919
2012-01-11,0.0006974215326816936,8.247345642994875e-09,0.0011763617542543021,0.0008708151760195252,0.0005504162893816939,0.0011130416204166793,0.0,0.002653506006305495,0.0005422984419434229
2012-01-12,0.0002455771249018989,-0.00016906466658675508,0.001236838875137761,-0.0008531371258229151,0.0007892971518539428,-0.000563074284632508,0.0,0.0006048944921255294,0.002399002729936539
2012-01-13,0.0009622704931192549,0.0007736551051804987,0.0008444043968212399,0.0023851893983423238,0.0013224866240522768,0.0020681035536062532,0.0,-0.0013172616200760375,-0.005173381214229722
2012-01-17,0.001018594249155244,0.00074844836811616,0.0002779711586684983,0.00011172277810982459,-0.00041875179385463803,-0.0007208565395273333,0.0,0.002707090684061164,0.0038808535210073103
2012-01-18,-0.00047128424395452356,-0.0003765445199963025,-0.0005175451855414915,-0.001993569101400362,-0.0014802801703480777,-0.0031652996879916674,0.0,0.005385744431738492,0.011056361912324064
2012-01-19,-0.00096915536555774,-0.00038727672516736126,-0.0008074088657734597,-0.0015047090463621614,0.00037937789626997525,-0.001950394718560772,0.0,0.000775770626706329,0.005276274890752886
2012-01-20,-0.0017489130144037655,-0.0016307435920262124,-0.0006937806810896139,-0.0019488045766557537,-0.0012080541548457483,-0.0014389127402500406,0.0,0.0008625233229681228,0.003727462778035928
2012-01-23,-9.903820134907958e-05,0.00013537040151923182,-0.0008233618361000734,-0.0012330828359047514,0.0009971391327514346,-0.0008636591384708083,0.0,-0.0024267637905811988,-0.0025766641687915426
2012-01-24,0.0003505373097904569,0.00045098701613091504,0.000689417038107107,0.0009395686019269373,0.0005217612406045154,0.0008164072377723812,0.0,-0.00022326501923577427,-0.0011398933497962505
2012-01-25,0.001673360248650777,0.0007433991937642444,0.0013789998537456023,-0.0005105681068424629,-0.0035347519083190463,-0.00026143580791844966,0.0,0.006937517609649779,0.008367761387402917
2012-01-26,0.0019180757597902312,0.0012980395078916011,0.0018946799053194373,0.0015007538863549504,0.0014255263125444726,0.0021260815466579313,0.0,-0.0009414732285545568,-0.005129910113971015
2012-01-27,0.00053155573776947,-2.638818837097666e-06,0.0006133963154122733,-0.0009851252527444635,-0.0007620695812860987,-0.00020788078545509096,0.0005837389530891462,0.0009418002801721894,-0.0004548154140430194
2012-01-30,0.0006966514026506446,6.217520993076919e-05,0.001036327455454631,0.0014868995190223525,0.002759949003853551,0.0012517824863441116,-0.0012981106285025448,-0.0006864946950464468,-0.003413710685039595
2012-01-31,0.001157722302270605,0.0006850142269526703,0.0013819642918350445,0.000991836370871528,-0.0015116779938206513,0.0012470342077803304,0.0017894166330370352,0.0012801603626625857,-0.0003806336698436441
2012-02-01,-0.0007629661659593207,-0.00022363785380081146,-0.00024105795858321382,-0.0014221906717800763,-0.0007437149623080324,-0.0018848942606321064,0.0016796451755168578,0.003865400418239373,0.008757010603771542
2012-02-02,0.0011482437145074616,0.0006559937059775602,0.0007902064855984862,0.0003855580660613785,-0.0013366144615968077,-0.0003245485671651902,0.0013755840081410182,0.0015178380210946862,0.0015855055084976755
2012-02-03,-0.0022756588884544483,-0.0006316164805945017,-0.004226290682109285,-0.00029560097388312917,0.002282920460328596,-0.0021416304353848066,0.0007108067829751399,0.005243209872927323,0.014018481999826582
2012-02-06,0.0009064352882904658,0.0006507733976734733,0.001103858850323425,0.0002754801617814327,-0.0013263158240946838,0.0019219128238472773,0.0003985382238000384,0.0007010918708680648,-0.0006689538343026546
2012-02-07,-0.0005004082840541007,-0.0008599646147903278,-0.0006384341583106751,-0.0011163773182925516,-0.0013599157325697895,-0.003051626725284368,-0.00032849479981799425,-0.0010604958760920716,0.0025286071508601182
2012-02-08,-0.0002512974693539576,0.00033371540786153887,-0.0005494180274885522,0.0005110836434868229,-0.0008563996059588013,0.00035876894296076316,0.0,0.0019716754125152836,0.002968318700225625
2012-02-09,-0.001551763681236623,-0.000977717549170239,-0.0014012767482991183,-0.0009634980209774725,-0.0001614521782871836,-0.0005757384333727282,0.0,-0.00016082755453505914,0.0012571644828334172
2012-02-10,5.073359306985014e-05,-0.00019076925120861964,0.0011835341862405065,5.124291522635776e-05,0.004279652384724816,0.002600002152233328,0.0,-0.0021778719132276685,-0.007387912450970369
2012-02-13,0.0007975262116284218,0.0015902874926506047,-0.00030145851504526983,0.0019518073833644633,-0.0021006715917285534,-0.0013671982289961472,0.0,0.004199836228034081,0.0074428999441389365
2012-02-14,-0.00014105908573134115,0.0003867937189312493,0.00015340232150145097,0.0006724818177681084,0.000605357764958002,0.00155115674968687,0.0,8.350206919074401e-05,-0.001255586004703102
2012-02-15,-0.001613498935484384,-0.0007892102252213872,-0.0009155277663095393,-0.00048247011765842026,-0.0007052749928466735,8.26712187520007e-06,0.0,-0.0024928945279377277,-0.004660595734851225
2012-02-16,0.0003406598357934254,0.0004781751348333929,-0.0012757501759415293,0.00026448213287186945,-0.001959702135749824,-0.0022749768219964277,0.0,0.0048236575672850005,0.011073207335227098
2012-02-17,-0.0009610735770321213,-0.000298324182009504,-0.001129615811884088,3.240978175208362e-05,-0.0004237872173042461,-0.0004012623545954591,0.0,0.0011682803721249078,0.0026459721970093497
2012-02-21,-0.0007825671394278478,-0.0008301880596849108,-0.0004927948691307275,-0.0015459744043142109,-0.004257015379706461,-0.0016500624398474543,0.0,-0.0011852080616321372,0.00043992756996802385
2012-02-22,0.0010496184073876742,0.0013700237939983952,0.0016344431423151247,0.0012798179358325089,0.0002099958042889725,0.002335188687589972,0.0,-0.00036514508688483254,-0.0032240692510360214
2012-02-23,0.0018400405924478697,0.0013257513758297315,0.0008448320439301007,0.0007175767779676624,-0.00028199776082250003,-0.0018503222593781704,0.0,0.0032182489211630026,0.00441069809053829
2012-02-24,-7.53581931970226e-05,0.0004717481160456164,-0.00012890280434727246,0.0005718178772762452,-0.0005862141968199363,-9.571241451713e-05,0.0,0.001622381004286666,0.002195880252077842
2012-02-27,0.0019386123055157045,0.0011422487465153528,0.0019078462451078302,0.0009737255483567293,0.002028623359805568,0.002075870462736399,-0.00031063262039325405,0.002339005508635683,0.0016794465872802533
2012-02-28,0.001701872104632096,0.0003250014103149759,0.0016354503658821394,-0.00028735026907588334,-0.0029670245548889694,-0.0012329244150384522,0.001903615251093314,0.0019395046390708437,0.002916527084660725
2012-02-29,-0.004141377184843187,-0.002157350387071547,-0.0031784306211844757,-0.0007271029848505661,0.004350323297389771,0.003434587763487181,-0.004365656175378099,-0.0039470697189542435,-0.003925390524137096
2012-03-01,-0.0008656427991741665,-1.1636884409720136e-05,-0.0014510347775953509,-0.00026547736619070067,-0.0016577287201606408,-0.0025016876867758942,0.0030092827106935386,0.0018129961091249754,0.005181090924519349
2012-03-02,-0.0012754022003190276,-0.0016926476755937208,0.0016740739886501018,-0.001786400959360625,0.0015354588411821421,0.0014026966413477658,-0.001622332300844878,-0.00022342249014775098,-0.003049195677137906
2012-03-05,-0.0010495224292691552,-0.0015079183607989196,-0.0006635576178624244,-0.002959166019327919,0.002581049061343739,-0.0011827705418447736,-0.002964110257273304,-0.0032469691570075065,-0.004078291175614868
2012-03-06,-0.0026292644581182955,-0.004700283497273154,0.000893247551338931,-0.007006966257098132,-0.004262724886073901,0.0017485191691353165,-0.006976810929946489,-0.007095720640686443,-0.014625134653597494
2012-03-07,0.0009523645261015507,0.0018059757328509757,-0.000764795609322598,0.0026201294857011665,0.0010672271932274365,-0.000902226542537425,-0.00041451047450095235,0.0034252871258567902,0.0069760828760832005
2012-03-08,0.000997344725635969,0.0023186717245094962,-0.0006273541296132649,0.003191322032489972,0.0024664767779096985,-0.00042262992027493893,0.0,0.0047888901400259245,0.009948609777567174
2012-03-09,0.0008783830993853457,0.000890496216890991,-0.0007865884406058599,0.0025033562433880155,0.00023125942647677234,0.00011026840949113442,0.0,0.002015324386743611,0.003867840194337946
2012-03-12,-0.00025766783116826437,-0.0003866357370516547,0.0009956155156542704,-0.0014073500077773052,-0.0006749639583783526,0.0005215302995504535,0.0,-7.096665142634074e-05,7.273868872337275e-05
2012-03-13,-9.209122296242796e-05,0.0032541996267981344,-0.0012387061961013379,0.003473174866251637,-0.002586058699278112,0.000438235759747138,0.0,0.007948341012090587,0.01802560586777946
2012-03-14,-0.0051336503954182815,-0.004315089917914943,-0.0029757091669076656,-0.0062965254332331775,-0.007062536067954203,0.0006393791080788647,0.0,-0.005224055811157259,-0.0010707717591659227
2012-03-15,0.00012802906925534364,0.000129807389898148,-0.0005475824586531452,0.0005894005466229005,-0.00017170847281996728,-0.0017504329692229284,0.0,0.0033566063930167366,0.0057893621952394
2012-03-16,0.0005155188717080256,0.0006205486124388315,-0.0005104004242762466,0.0008289521430828461,0.002045814986715172,-0.001310185141828814,0.0,0.0007139578094761844,0.001384734673238519
2012-03-19,0.0011154036558300943,0.0009523649301674315,-0.00022317508183022428,0.00016591187591303918,-0.000672291422453275,-0.0010174824837438324,0.0,-0.00010295815629195485,0.003920300851643743
2012-03-20,-0.00039578595454006413,-0.001283667244328664,0.002231730927181996,-0.0029235686122882315,0.002099436909084029,0.001818601912457547,0.0,-0.0015507957234429438,-0.002911095085291082
2012-03-21,0.0015489534786144472,0.0009399133625121461,0.0011889503673850267,0.0010917539199053873,0.0024044410494210296,0.00022687337091052267,0.0,0.0010554164454370078,-0.0016377074268123515
2012-03-22,-0.0009904363917868195,-0.0017178737297538665,0.001092208259945673,-0.0027820938809882904,0.0027341358945997467,0.0017614102375485786,0.0,-0.0038147286600167746,-0.007203047489836245
2012-03-23,0.0021132440718023325,0.001673845170238028,-7.775951652605451e-05,0.0029233822412599213,-0.0008899376767460812,-0.0021903616004392244,0.0,0.00341921040659634,0.003232385553217254
2012-03-26,0.0037903151655247535,0.003962890564835961,0.001508175976293269,0.004939618961155498,-0.005140524365250032,-0.0008259001406331627,0.0,0.007955184801132331,0.014034686806155383
2012-03-27,0.001586893076312357,0.0014085434577810689,0.0025140056114810925,0.0011360687456450555,-0.0025540683981565802,0.00261084010477616,0.0,0.00035009288875831324,-0.003107091220074798
2012-03-28,-0.0013122504642854433,-0.0019441567366370038,0.00025589124410685057,-0.0036482281768010012,0.00012652018758722475,0.00022708038777756142,-0.004667540528791237,-0.003670215641400176,-0.004958084351567527
2012-03-29,0.0009968212523842588,2.3462342318851874e-05,0.00220153632714931,-0.0007776751333626841,-0.0021866566419984244,0.00035385975053540795,-0.0011037219499354508,0.0006385094231492251,-0.001708979565955504
2012-03-30,-0.0021567984606973957,-0.000994780572594733,-0.0018841671511343817,-0.0003988225060274968,0.002225748058163827,-0.0007680781397239245,-0.00012895621687735324,0.0005164609762133396,0.004136517343559243
2012-04-02,0.0025379771906674843,0.003227359920286317,-0.000138779005142459,0.004826523539249723,-0.0008405255553938503,-0.0007567510428770504,0.005950695093409821,0.005347091024929229,0.007314488133034258
2012-04-03,-0.0021967398417040507,-0.003305063745463188,-0.002866316217573569,-0.0037154543317689977,0.0029582314383316496,0.0013024908819490835,-0.005474180883581308,-0.005395069335099834,-0.004089219330855043
2012-04-04,0.0019229426262838641,-0.005523550121562977,0.002354898377440606,-0.003048500628723633,-0.0008131173944491386,0.0032653000327018426,-0.0060132145049651645,-0.003918887473108489,-0.009910611594931784
2012-04-05,0.0004887861815491129,6.669711729769032e-05,0.00027232951967434975,0.0010253436203670604,-0.00037018290034325474,-0.0002790235254597764,0.001973340556420917,0.0014842039540052367,-0.0005003963743284157
2012-04-09,0.0010535350060028106,-0.0031087906709906903,0.0030514043693711606,-0.001776802922751785,-0.003201077576770737,-0.00010129777717342043,-0.0004599518900197621,-0.0026447715560663715,-0.011231192693660796
2012-04-10,-0.001046122819975613,-0.00594610797454837,0.0007174633644865124,-0.0071633954642667036,-0.008231384236215434,-0.0008147442817841193,0.0,-0.00819772955871989,-0.01678483947427334
2012-04-11,0.00025461877433925674,0.003596420177197788,-0.0007051910715974491,0.00330168720570463,0.0053067318011493,0.00012166124267625928,0.0,0.003296397906239745,0.008094239576599271
2012-04-12,0.00023094637603883635,0.005930579555787005,0.0002722929775276431,0.00493368866473369,0.00836618350781812,-0.0013513514688715416,0.0,0.007037220381612785,0.013065594168487182
2012-04-13,0.0020388867950684943,-0.004394284436808681,0.0016306358225785566,-0.0013583493379755187,-0.008480512132382993,0.0025374159306998764,0.0,-0.004721624562000825,-0.011888577720024274
2012-04-16,3.962054152951728e-05,0.00016094190838092192,0.0006608177529477285,-0.0005713772800964747,0.00023732333779923943,0.00020274790530822002,0.0,-0.0005077444036329038,-0.0006561883286169135
2012-04-17,0.002075256641274112,0.004795761961643842,0.0009236881803687812,0.005556719703209365,0.0023400424522125817,0.000985818641024459,0.0,0.008468728500979418,0.014812241795951975
2012-04-18,0.00048748236211050344,-0.002001538377828644,0.0011339923691991607,-0.0019158823533931973,-0.0008186940983209509,0.0012937628108202152,0.0,-0.0012277408089526264,-0.0033794300185505666
2012-04-19,-0.0010748823825647313,-0.0017016777072553307,-0.0004986432119748214,-0.002040013626516665,-0.0015218749928016225,-0.0007213086338945175,0.0,-0.0033966490762473043,-0.006421048681466757
2012-04-20,-0.0006509822879545638,0.0015875514622333913,-0.0001252066293296834,0.0017413224275659536,-0.0007191717820258711,-0.001209624927317186,0.0,0.0010406337500580508,0.0016704077913460846
2012-04-23,0.0005468216428936943,-0.003772943338508783,0.0011340376536734737,-0.0029871970104716826,-0.0026234703349438016,0.001296118866514914,0.0,-0.004247856135459393,-0.008408915219177082
2012-04-24,-0.0001937124985591237,0.0015960939595325212,-0.00033237992942522276,0.0007493519334457047,0.00021589359643885706,-0.00031990749606820493,0.0,0.0012576337194550645,0.0038013913132233235
2012-04-25,0.0032552042553398654,0.00581267507680829,0.002349622404008858,0.005893216368047349,0.002641683166322602,0.002235375674212063,0.0,0.0077210986433733355,0.013691970955829635
2012-04-26,0.0016594090932911362,0.0021888760373720163,0.0010695812674165008,0.0023770622435491822,0.0011368669709202956,-0.0003542994778388045,0.002661387056788287,0.005512652848440025,0.006968602933702828
2012-04-27,0.0008341693402556319,0.0016620646962401521,0.0005064758063548688,0.0016178673201438546,0.0005568725878349868,-6.787768347451994e-05,0.0017613521824271661,0.0014016244230993901,0.0016411882657865196
2012-04-30,-0.0008224341942299364,-0.0011932025830270674,0.00020967480058690428,-0.0011213815938968964,-0.0012434558849003146,-0.00012066408098443783,-0.0010098169051731356,-0.0018815122253234228,-0.0037042603346559844
2012-05-01,-0.00019443495311412002,0.0012752173475005736,-0.00045049513679034205,0.0016412048463316155,-0.0017757080404080432,0.00043083271205442895,0.0011030999660167063,0.003004242659006628,0.006219975655828325
2012-05-02,0.0027085545617359743,0.0009055245388325178,0.0021163987538901567,2.2480583410642836e-05,0.0012133186952743597,0.0010953468557804802,1.5816678102573498e-05,-0.0010307747132114018,-0.002983883472375437
2012-05-03,0.0015923541106044258,-0.001262746749413239,0.0014126533737917914,-0.0031213889031276054,0.004526576707212098,0.0015124334237096942,-0.004428437024684336,-0.004613560068953126,-0.00762571043789062
2012-05-04,0.0028133801466254703,-0.003400515702843506,0.002005351849429466,-0.006685686319360879,0.0068685850046570724,0.0008060598668318594,-0.005320938967353168,-0.008102474788100777,-0.016157887752443867
2012-05-07,0.0008495916549038055,0.0009185563077937417,0.0005813775151452217,0.0010605206678233978,-0.0005493718972236271,0.00011196846969333869,-0.0004514656846586906,0.0003243101979342189,0.0007297954738547663
2012-05-08,0.0017108051223691711,0.0005923153009347616,0.0012643764037139165,-0.00026663130450566084,-0.0044424640258322965,0.002464673959557302,0.0,-0.001500067733069743,-0.00401137582224842
2012-05-09,0.000949747478604754,-0.0010695249219113247,0.00014797832823769153,-0.002779720997587593,-0.0025851498189590283,0.0010944826342824728,0.0,-0.0032205117286917993,-0.005932212249041169
2012-05-10,-0.0009187483241701494,-0.00024215301676079848,-0.0010962210419559525,-0.00010633682404543297,0.001096769276939754,-0.0008332755019042327,0.0,0.0006733640412506679,0.0020631303629290443
2012-05-11,0.0028272492110906636,0.0007728388305451639,0.002472684306226427,6.858100253318673e-05,-0.00371867878211123,0.0016691876727623143,0.0,-0.0004892224620428375,-0.0030146101381440804
2012-05-14,0.002403898070123425,-0.0018620358803736541,0.001519029511960028,-0.0040320878722904675,-0.005522780135955394,0.0020304769115575775,0.0,-0.004870559450362032,-0.011061086190776614
2012-05-15,0.0006809839930541478,-0.0005497701995006289,-0.0009045892735745837,-0.0022034166899749007,-0.004114017865854929,0.0018108585417969036,0.0,-0.003332583601153316,-0.0057416732578482454
2012-05-16,0.0001369649787208659,-0.0016972452275488248,-0.00029994840521942157,-0.0029830881842074397,-0.004460659359723802,0.0009430699652575685,0.0,-0.001995324498338702,-0.0038244429839615623
2012-05-17,-0.0026009781571988745,-0.006726336541376451,-0.002426591994471127,-0.007950542027399036,-0.005185125003164118,-0.003340767591695417,0.0,-0.007403662743892924,-0.014830726488825219
2012-05-18,-0.0010943750383057699,-0.0033284567662491492,-0.00030896121764396314,-0.004375098094654064,-0.0013421781312374518,-0.0009076916478296656,0.0,-0.0053958869924989996,-0.008559296320479026
2012-05-21,9.185412736679245e-05,0.005282245861260312,0.0007051749505423556,0.00861081124127809,0.008727163118178888,-0.00039958577163206563,0.0,0.009269929975653879,0.017188533612387147
2012-05-22,0.0018594028811762227,-0.00028322960455646605,-0.0001621402115740046,-0.003229260353912796,-0.00048099586961666314,0.002385301298179471,0.0,0.00018632563888369962,0.0017425948608826847
2012-05-23,0.00274573568325373,0.0007732003393709758,0.0020497330119404913,-0.0002646928023475619,-0.00029145243002408924,0.001024334759138401,0.0,0.0013660645164225381,0.0005297603586897903
2012-05-24,-0.00019514292295618976,-0.00013865741470608963,-0.0009753468006590161,-0.0011426403545788573,-0.0003555483446819802,-0.00013257311193617727,0.0,0.00032013672686344026,0.001965203349316713
2012-05-25,0.0005085764669534655,-0.00046149439041621255,0.00024954208397976114,-0.0007236365584208607,-0.0019449945144211732,0.0002937600765057349,0.0,-0.0007866321926916606,-0.003244200627120941
2012-05-29,0.001287451810995569,0.004092061881097047,0.0014599078249920082,0.005813669459882925,0.0061795528808036675,0.0005775604107569626,0.0028983907542588123,0.0069316362009206765,0.01211214699272034
2012-05-30,0.004825409085691901,-0.0027549964870056034,0.0032718056469162766,-0.00601731175668023,-0.0004198723949868356,0.002371208403267985,-0.0032693183223698632,-0.004897241799691198,-0.014510521638283591
2012-05-31,0.0015366654480121816,7.084716967587803e-06,0.0014510280385556318,0.0002902984622187362,-0.0010705676117307474,-0.0010067307976577948,0.00015370866145099103,0.00023316554272692093,-0.0022008424776622793
2012-06-01,0.003954544177302944,-0.005668141995819827,0.00455374528889043,-0.009111298896118353,0.0048973166588396596,-0.0009833816896558263,-0.0044079610077055326,-0.011669845221424379,-0.02517680379434295
2012-06-04,-0.003158875164596023,-0.003611214318674038,-0.00325727041690231,-0.003346784643143313,0.002381223081442752,-0.002630465743808767,-0.0015139159643248776,-0.0025862744133814844,-0.000468263548612291
2012-06-05,-0.0005851160293216959,-0.0004518429012181688,-0.0005851160293216959,0.0002310510902831706,0.003570799072883199,-0.002079767668346966,0.0019274181333786612,0.0032184327408928404,0.007572357065196433
2012-06-06,-0.005978226729167066,-0.0059155710110167315,-0.005978226729167066,-0.0038635323435702133,0.0106183977840717,-0.005540933942301897,0.005972248045385241,0.01085903692320178,0.022468621310215875
2012-06-07,0.0013120305359305565,0.001982530684839319,0.0013120305359305565,0.0027480896690102513,-0.0013749960359943653,0.0029473483793576167,-0.00041926789249111966,0.0013302057886551478,0.0006060297590246844
2012-06-08,0.001499363625579543,0.001521178063879995,0.001499363625579543,0.0021413388478127796,0.0013815384532171082,0.0005895956710563547,0.0,0.00506777337210349,0.007951507296791727
2012-06-11,0.002801126273096654,0.002473632220474104,0.002801126273096654,0.0012604734766419577,-0.006944676305219566,0.0025176856500035063,0.0,-0.006544025598403546,-0.012697180006639108
2012-06-12,-0.0034819914964794394,-0.003917067551530689,-0.0034819914964794394,-0.0029483131885339048,-0.003570665668757291,-0.004157339144680359,0.0,0.004751208613782686,0.011490796150622984
2012-06-13,0.002486776490891438,0.002133191362396919,0.002486776490891438,0.001537567609108426,0.002278796882275181,0.0017092449829803449,0.0,-0.001719056765088611,-0.006394700934545083
2012-06-14,-0.001807119829445688,-0.0019403660367715585,-0.001807119829445688,-0.001113166168729628,-0.0009465486080915925,-0.0013711466768521908,0.0,0.005288505592140114,0.010600525691788931
2012-06-15,-0.00015148008365634916,3.382393496249533e-05,-0.00015148008365634916,0.0007816730252983336,-0.0023141303782304463,-0.0008349922915353004,0.0,0.007989259554257755,0.010227083431921136
2012-06-18,0.0014491870968387733,0.001244880637865217,0.0014491870968387733,0.0015891027925297933,-0.0012764513879875863,0.0002825502127520033,0.0,0.0010521439254401964,0.0019382603529605191
2012-06-19,-0.0035470603537077726,-0.0032467063071169927,-0.0035470603537077726,-0.002231609409630093,-0.0035804399107138693,-0.0025161789474122693,0.0,0.004438455563313326,0.00967255383718868
2012-06-20,0.0026367371637490847,0.002707093912837857,0.0026367371637490847,0.003086864639587678,0.002370104228624436,0.0014264060756969353,0.0,-0.0017877827378976808,-0.0016215929112959326
2012-06-21,0.005676729053683981,0.006857040053234877,0.005676729053683981,0.005553877121931724,0.010711521573308761,0.00663082527391963,0.0,-0.012609726072286054,-0.02243849541593701
2012-06-22,-0.002558216479493707,-0.0029292667284325667,-0.002558216479493707,-0.0021471775995115204,-0.002422716122440178,-0.001986969987651741,0.0,0.0028814587664340416,0.007701708438785815
2012-06-25,0.0029513280001867287,0.002270491432064906,0.0029513280001867287,0.0008301776010051072,0.0012306651095172643,0.0037629381829946285,0.0,-0.00742721446277681,-0.016034772301277478
2012-06-26,-0.0013228446170206343,-0.0007547443366567242,-0.0013228446170206343,-0.00024914351743526896,-0.00013612928656034015,-0.0003129891247690485,0.0,0.002127840200417408,0.0050259258787408445
2012-06-27,-0.0003962892304452431,-0.0003024965122853934,-0.0003962892304452431,0.00035658675768510594,0.0014999625935613156,0.00013323028423710192,0.0030270359953301802,0.005965685527799058,0.009016224900782133
2012-06-28,0.002359108757899915,0.0031452051115252906,0.002359108757899915,0.0030171351037428886,-0.0022248191115571674,0.0019406616581821284,-0.0015885021439478145,-0.0004165990698212329,-0.0028531907266298173
2012-06-29,-0.008924184500304204,-0.010271488041173005,-0.008924184500304204,-0.008729702917481846,0.012352160355874102,-0.008864815513934478,0.011024364327492788,0.013111523428786541,0.024926741100614214
2012-07-02,0.0020620838150014332,0.002326637055682499,0.0020620838150014332,0.0024018593390146776,0.0007742544013868806,0.0011083426053720153,0.0028519023429925583,0.0036633931337211045,0.0030120303257028525
2012-07-03,-0.0032320458091979944,-0.0031920067491288703,-0.003721887700948112,-0.003114457094125847,-0.006634123050488078,-0.00423337308894656,0.005226515165472834,0.002958024895150268,0.00659338560881384
2012-07-05,0.0028389415860935593,0.002690102756060862,0.003201676735431766,0.002664094763034478,0.003184528508209692,0.0032226194387414827,-0.00014506217454190795,-0.0016334658528740496,-0.004512241962179697
2012-07-06,0.0037975849508388704,0.0039011942765433227,0.004561561659790079,0.0035452355523469055,0.004959905240420883,0.004458374893741495,-0.0027906267871907987,-0.00429803296367941,-0.009503484210303115
2012-07-09,-0.0005049416797215848,-0.0006815335774492077,-0.00040407373126290496,-0.0010560907366625777,-0.0013961596594749537,-0.00045351050659025386,-0.0003982366847053602,0.0003512146052559561,-0.0012547463087175803
2012-07-10,0.0008734240153779418,0.001078773555993129,0.0015744234166728478,0.0007632901227738217,-0.0009986420532198028,0.00226356505632755,0.0,-0.005048454533181345,-0.008720078326450054
2012-07-11,-0.0007562689831157652,-0.0006964894430533244,-0.0007682363709064926,-0.0012266392407366481,-0.000878084257536968,-0.0004633568808479642,0.0,-0.00027750582544285864,0.0001488682568135946
2012-07-12,0.0015694989200881028,0.0013875216839933314,0.001958990193845609,0.0009530163218831105,-0.002627863436785601,0.0019809107519518925,0.0,-0.0019888132724722894,-0.0048450746296792024
2012-07-13,-0.0005957676248394823,-0.0007425823452135104,-0.001944542846864101,0.00023167288322336395,0.0014478225589000552,-0.002451822156933245,0.0,0.009737049139312236,0.016778082205353817
2012-07-16,-0.0004899493042614049,-0.0005076699390210271,-0.00030044250693322364,-0.0007891596326898159,-0.0011397731729193357,-0.00043573748113274037,0.0,-0.0005342410415447583,-0.0023573687980957825
2012-07-17,-0.0005535344364366964,-0.00034212972100238935,-0.0011055574876101296,0.00023003064436928535,0.0006010091659997112,-0.001559446312462168,0.0,0.0030955040680997743,0.006866887810954347
2012-07-18,0.0006830186656084814,0.0005006689821120194,8.758420112180341e-05,0.0017743345561230105,-0.0008294074624276365,0.00019332542717310995,0.0,0.004847657271095241,0.007406903856123748
2012-07-19,-0.0012420586581042984,-0.00131997120082302,-0.0014527083332037958,-0.001056882414474311,-0.0003320480133119542,-0.001254765214881116,0.0,0.0009859031770450776,0.0026203755137532703
2012-07-20,0.002300550765756159,0.0017608355824700883,0.003035951677559175,-9.51773573930842e-05,-0.0006091755300489174,0.0035400378002581204,0.0,-0.00391081963149682,-0.009148015733564496
2012-07-23,0.002526508018003311,0.0019319285912627322,0.0033394029524965695,0.0006005594345146349,0.0009325306372667197,0.0038326601954033097,0.0,-0.0054090699096893,-0.010112002216922877
2012-07-24,0.001071212778209138,0.0008139454651808977,0.0017614935623491428,-0.0006733695467578591,-0.001762007929623436,0.0018250453958780256,0.0,-0.004385745611642644,-0.008586744145323344
2012-07-25,-0.0008981754045948415,-0.0008903557518437572,-0.0009161692281812492,-0.0015705718787683562,0.0014541346224111005,-0.00042404403205087757,0.0,0.0003527980083602334,0.0002238340728621946
2012-07-26,-0.0012608536392349932,-0.000956053465997651,-0.0025870787412022008,0.0005851506782576186,0.0036827307528640146,-0.002752991597911241,0.0,0.00866085184066141,0.01649757010675823
2012-07-27,-0.0028543255918015388,-0.0025491580528293548,-0.004336113663741594,-0.0004709928992412499,0.004820057282275154,-0.005083209216893256,0.002640318010576151,0.00817465467673588,0.018432694844885855
2012-07-30,0.0011046696724768253,0.0009359852406287297,0.0011046696724768253,0.0008756411660394113,-0.001289017389035945,0.0008347530874343214,0.0014699018596579419,0.001287484350517243,0.0
2012-07-31,0.00177184856012434,0.0017305291971255188,0.0023341311506635204,0.0013234582184830216,0.0013175232992092547,0.0018954407290155515,-0.0016876447260598315,-0.003500149347611225,-0.006994511296362971
2012-08-01,0.00028981989237470383,0.00030684924925162573,0.0003598820104043503,-2.4577623745291655e-05,0.0010405826692911964,0.0008146611394408051,-0.0011691488030315875,-0.0019820071643742,-0.0008715373448350272
2012-08-02,0.0018218981578572047,0.0022773357678801554,0.002048196094356323,0.002065838365108033,0.0031600132059781826,0.0016566863399662107,-0.0017917289630136374,-0.0031860742795568834,-0.006904363693587379
2012-08-03,-0.004222613201372869,-0.006230383081017757,-0.005766613387681743,-0.005766613387681743,-0.009224241644389205,-0.006947899654514135,0.0044861730560885,0.009808077575070183,0.01983330126411098
2012-08-06,-0.00045135021536884493,-0.0010157102367510887,-0.0009540333677777144,-0.0009540333677777144,-0.001805757060198233,-0.001031870434706142,0.0017465829641620046,0.0014209412313903602,0.0019377580472348388
2012-08-07,-0.002725217123340578,-0.0034468220605977464,-0.0033139656196674587,-0.0033139656196674587,-0.0014328038579073566,-0.003027091733874499,-0.00038300217667312135,0.0009062301065920764,0.005013337294103248
2012-08-08,-0.0009537606888629434,-0.0009114725332333505,-0.0008565370892327272,-0.0008565370892327272,0.00022350622644058373,-0.0002215329959331899,0.0,0.0001709269455950845,0.001211694963695109
2012-08-09,-0.00037534541709022,-0.0006737044303485982,-0.0006837264628565861,-0.0006837264628565861,-0.0001462812017509689,-0.00040237146301349105,0.0,0.00021562192360149443,0.0008540834793213659
2012-08-10,0.0007924873631494693,0.0008849016604587475,0.0010186565446107776,0.0010186565446107776,0.00014537736308930377,0.0009691291438358552,0.0,0.0021328446769525392,0.0016355272235417662
2012-08-13,0.0008628147949732327,0.00089118027578872,0.0009682220386117649,0.0009682220386117649,0.00010332106352805923,0.0002707280268161328,0.0,-0.0005575474549468495,-0.0004968392624844498
2012-08-14,-0.0018611386576297695,-0.001772540357984939,-0.001706904967782009,-0.001706904967782009,-0.0024983588604436677,-0.0020075781382382194,0.0,-0.0018791158627985641,0.0001419950252681268
2012-08-15,-0.0018665567380983688,-0.002336004251474734,-0.0024362679369373296,-0.0024362679369373296,-0.0028791195047624283,-0.002702335549499404,0.0,-0.0013294133800780816,0.0011365588871325993
2012-08-16,-0.0013443776194510888,-0.0022725188062141127,-0.002022025134399888,-0.002022025134399888,-0.0014922145792960234,-0.0029493688017954624,0.0,0.0034540328478652963,0.007378797259842251
2012-08-17,0.0010646939500657138,0.0006227634250031593,0.0006095960401987345,0.0006095960401987345,-0.0002967666426518424,0.0003600736402223333,0.0,0.001290252050702545,0.001337533153182413
2012-08-20,-0.0004952460283028331,-0.00043591506977852274,-0.0003525150473663973,-0.0003525150473663973,0.001504936381622274,2.6030071655167998e-05,0.0,0.000267472978780825,7.06697149281954e-05
2012-08-21,-0.0013900185631434102,-0.001189868286342246,-0.0013503200758855699,-0.0013503200758855699,-0.0011084296725215959,-0.00045831189751727804,0.0,-0.0014777032414158729,-0.003024491106266791
2012-08-22,0.0007083355034287228,0.000808387350847714,0.0010184369312889676,0.0010184369312889676,0.0011612411127515378,0.0016135177958186164,0.0,0.0033606320358403607,0.000423490580628183
2012-08-23,-0.0007439285509900105,-2.8318750459735908e-05,-0.0002885646829463907,-0.0002885646829463907,0.001320429810025544,0.0011570722862650734,0.0,-0.00420195281280511,-0.008179469181880283
2012-08-24,0.0014138595936518123,0.0009881560414389738,0.0012368545852630194,0.0012368545852630194,-0.0009695709242934149,0.0005978316050305921,0.0,0.0034400614834333874,0.006042793502840427
2012-08-27,0.0016298851426774826,0.0014584454594525655,0.0014373424558788948,0.0014373424558788948,0.001120373983186006,0.000808872611117762,0.0,0.0011660318274959282,0.00021211937082910026
2012-08-28,-0.00010773797096488963,-0.00027816576414965005,-0.00040375232120236696,-0.00040375232120236696,-0.001495197682828048,-0.0005260910490177208,0.0,-0.00044565239716425336,-0.0009893826738663902
2012-08-29,0.0006279627868186389,0.0004740723545771908,0.00042887732367734137,0.00042887732367734137,0.0007057010135517391,-5.31070605132101e-05,-0.0014969332758105543,0.00020823070769462323,0.0007780781051187624
2012-08-30,0.0006953744916076168,0.0015537798666699586,0.0013384129333240547,0.0013384129333240547,-0.0019044964440252127,0.0021726154356819733,-0.001713621240344432,-0.0035849602452823204,-0.007207590766607486
2012-08-31,-0.0006744408345031116,-0.00113450223005429,-0.0009390498379961345,-0.0009390498379961345,-0.004656193961120258,0.00015399645145579613,0.006909937139805626,0.005447448675094968,0.0047687712296276
2012-09-04,7.140059983272123e-06,-0.00047107714348757,-0.0007834502821970116,-0.0007834502821970116,-0.0003813434854590135,-0.001112272645134482,0.0002528029971810837,-0.001467901124528792,-0.0009210724240478196
2012-09-05,-0.00016843265492083034,-0.0005240412623864205,3.628319945929415e-05,-0.0008966706839700344,0.0001931389984072243,-3.632612611959687e-05,-0.0009978667908384733,-0.0006578349547167406,-0.0008505376622933714
2012-09-06,0.0006086707281945389,0.001250754850262043,-0.00019583566646240696,0.0025023813399257986,0.002952388940930788,-0.005501276613290884,0.00312279136876352,0.009451356401285648,0.020296917206723997
2012-09-07,-0.002245249154782492,0.0005308372514086993,-0.002116732034533583,0.0035454530565878265,-0.0022733168077801336,-0.002699729216697604,0.00386064785257437,0.0028562053264751695,0.0038945202306130966
2012-09-10,-0.0004306277970301251,-0.0013037957160096634,-0.00042514083502736676,-0.0021219944011807448,-9.973110794661729e-06,0.0014007051312059367,-0.000449088416537902,-0.003223569836497586,-0.005681501128293909
2012-09-11,-0.00027434355416019747,0.00042725564877821613,1.8742328254211225e-05,0.00150215490769239,-0.003630123645237944,-0.00127473243831186,0.0,0.0009317143852007435,0.0027874421818909756
2012-09-12,-0.0006851382578501681,-0.0006401930849464789,-0.0008858510478440121,-0.0003921356912459924,-0.002998638579187166,-0.001985894232251006,0.0,3.4367751003072655e-05,0.0033351460890505003
2012-09-13,0.0009765029308900934,0.003682886707875136,0.0005416218341087453,0.0064711208300187095,-0.00636578006901662,-0.0021646755470125286,0.0,0.010297756546982261,0.015236419581180938
2012-09-14,-0.002942704403543225,-0.0023099750693421966,-0.0030886566379703653,-0.0013773953450383516,-0.006080445512232018,-0.005564906378851504,0.0,-0.0010943843107377397,0.0044348378556369195
2012-09-17,0.002358400306750692,0.0010261675221059808,0.003679979840712368,-0.0005205853841653647,0.003848301150957645,0.003760742847829315,0.0,-0.001211953603242244,-0.003396331140568587
2012-09-18,-0.00030195440317755444,0.0004155281515745104,-0.0003818358462225696,0.0007705849453075349,-0.00030733395491698546,0.0012114555922070433,0.0,0.0005204809221692753,-0.0008175075610996618
2012-09-19,0.00012282420265469484,0.00034463438844276566,0.0020752086625612344,0.001059951234159009,-0.0009464327247832676,0.0014488121278484452,0.0,0.0012614747774909673,0.0005454509510096628
2012-09-20,-0.0009641639940540718,-0.0013281680480100447,-0.0018145719518338909,-0.0019654089960812818,0.0033847510501900926,-0.0007466130001769517,0.0,0.0002646931765012184,6.835968839125073e-05
2012-09-21,0.00011086796050353892,0.0005080040182672922,0.000259146092398254,0.0009092684154838061,8.930295572036559e-05,0.00012176015020438356,0.0,0.0006061004243542945,-0.0004180197611630687
2012-09-24,0.0010865671828518306,0.00025888597522684734,0.0013915464042589675,-0.001047274704510736,0.0016959736688363447,0.0021440723340645246,0.0,-1.247195047548999e-05,-0.0015078219298980677
2012-09-25,-0.0017290552580184239,-0.0020676147722465572,-0.0011729050840356941,-0.0021458143293828355,-0.006915453852967578,0.0022622754625239707,0.0,-0.004901720253220597,-0.010642367623554194
2012-09-26,0.00016362110556443317,-8.636098905581711e-05,0.0010121856769042027,-0.0004195874528574233,-0.003739763636130499,0.002469938182270435,-0.0018310946143183866,-0.0017099765008613762,-0.005621141885423064
2012-09-27,0.0005173001153146821,0.002089416137224158,-0.0008012972605012365,0.0035915432236273376,0.005898506942286671,-0.0026702242929398687,0.005961570574114525,0.004806585671733909,0.009421439534543108
2012-09-28,-0.0012071521377025694,-0.0012229375704948767,-0.0006456779049280124,-0.001959782069134148,-0.0029881208380114453,0.001568284702818053,-0.0018359074537976625,-0.0027794621428569367,-0.004632436904761561
2012-10-01,-6.549135007963551e-05,0.0003176956355415102,-0.0003662563397375906,0.0007933464561827081,-0.00023277409818439092,-0.0009273586696999288,0.0011860197752613317,0.0023262365870323266,0.0026397264039168533
2012-10-02,0.00035055558607444023,0.00028241250468932365,0.0013945591865101013,0.0009291003924247083,0.0019263730140741471,0.0007087643723358747,0.00043696949614689413,0.00036544603952899375,0.0010391022285436424
2012-10-03,-0.001485366523684954,0.00018484627188468887,0.001795076364936791,0.0008383535542463732,0.0020157359124611603,0.003423720572597591,-0.0009514597404965959,0.0028552196997224224,0.004082861642894731
2012-10-04,0.004631160816906379,0.002573366701862581,0.0019202702342243504,0.0023445131825975143,0.0007837330166539202,-0.003341837236537341,0.0032051899304052925,0.0027164341051663316,0.007167867946386908
2012-10-05,-0.0031620141741734893,-0.0023390104663199357,0.0018140969973920653,-0.0021873850981446123,0.0026799790527082517,0.0009740465940782658,-0.0004957213836822916,-0.0017713484995964812,6.872542346081367e-05
2012-10-08,-0.0017154831633061378,-0.0012132063695703098,-0.003205057390443539,-0.0014969399027699047,-0.00201216660436583,0.0018753597947600302,0.0,-0.0007521023812602221,-0.003421337539199154
2012-10-09,-0.0034833794715352574,-0.0030487836985568168,-0.0046768789899126065,-0.005103585466370615,0.00011086898982280626,0.00026288138910947724,0.0,-0.0067476501232794465,-0.009887569478947755
2012-10-10,-0.0001792290650204795,-0.0002888133573237003,-0.0011416807966891523,0.0003784779531087911,-0.00019555168582995904,0.00045463403591286566,0.0,-0.0028625809588947782,-0.006379786399772769
2012-10-11,0.0032889492748944425,0.0019766198760866474,-0.000664248643618778,0.002543390383790596,0.0003607884012406448,-0.000699638065604996,0.0,0.000705162329900011,0.0005584434728593823
2012-10-12,-0.002115343202099855,-0.0014323811689942866,-4.5207271429676115e-05,-0.0016411766316643077,-0.0021121876600806644,0.001110911709889394,0.0,-0.0019302127198628004,-0.0032786024488015153
2012-10-15,0.0014102790394096214,0.0009875410828848728,0.002365639199296905,0.0014102790394096214,-0.00295066463163822,0.001180533038086253,0.0,0.005107824074017219,0.00832774212018128
2012-10-16,0.0032749567097880143,0.002405854753908824,0.004988204856346715,0.003060585201553396,0.003796878144482003,-0.0011153935110155685,0.0,0.004194250767753971,0.010133833620999289
2012-10-17,0.0005755792810687266,0.00023383099656097488,0.0035557657447255657,0.0006248650530087922,0.0035852223127630697,-0.0019877466306920458,0.0,0.0001942440954016962,0.00453451924463355
2012-10-18,-0.0024685811629553034,-0.0022530303216807377,-0.00032113312962676795,-0.002419258299329093,-0.0022352418297862903,0.0019615725867700045,0.0,-0.002269667303057221,-0.0025991309538463403
2012-10-19,-0.006771374476614229,-0.004996789097211524,-0.00576260155771655,-0.005570079895404071,-0.006309743678882805,0.0029184849817926895,0.0,-0.00831325980022204,-0.016664316763808862
2012-10-22,-0.0006097976840287278,-0.00018755462441313382,0.0022653275237659435,0.00013012234500468784,0.002907178338621985,-0.0010761041879580263,0.0,-0.0012589330262730237,0.000139470032768374
2012-10-23,-0.005896905475017828,-0.003645593282321899,-0.00473925402874785,-0.004312059272257128,0.0001055396262235063,0.0022880243751694394,0.0,-0.006417601974541643,-0.013876716104046172
2012-10-24,-0.0022765929927991593,-0.0016683054654240508,0.0012231131168333868,-0.0016803331723651235,-0.002104139099529753,-1.379501938801169e-05,0.0,-0.0025532352948430593,-0.0028279849553609626
2012-10-25,0.0008484985087962717,0.0006213288744749878,0.0017199442001535887,0.0005826124561805674,-0.0002671474407789046,-0.0014150831887705848,0.0006259098293964127,0.000288446060099323,0.002907289471763219
2012-10-26,0.0009358661856395278,0.0009955685989478124,-0.0036089511069557372,0.0009182238899049772,0.003394969160411347,0.0001908339291084465,0.0007287169702803767,0.002208216150837084,-0.0005651326495141884
2012-10-31,0.0025675893516037785,0.0018965254726516848,-0.0004258673310019974,0.0025852260975745634,0.000684842522494713,0.0015137983305494006,0.00218474425208538,0.0016381042663293323,0.0
2012-11-01,0.0017352507226574346,0.0009730465354105893,0.004077351531758748,0.0012412765368612247,0.0040138302495886175,-0.002196227444960655,0.0026074558881872528,0.005483734256569183,0.010469935205378533
2012-11-02,0.0017423410877406146,-0.0026156923194648376,0.00039438868030128836,-0.0044362822690851835,-0.006996386781003104,0.0044342640588930365,-0.0057282013089716205,-0.005000199280531658,-0.008891579187735532
2012-11-05,7.61723230187283e-05,0.0006483185070825674,-0.0014620380288309011,0.0004130582751671317,0.0005158238343624724,-0.0013262500278751687,0.002210455769055305,0.002195656012279246,0.0020484927974344647
2012-11-06,-0.003121976717316322,7.41508430130956e-05,-0.0023849407850284514,0.0009874494360856971,0.003955235874356755,-0.004010276757734557,0.004014235638428334,0.0028783067897797388,0.007825339465339365
2012-11-07,-0.002044158634499693,-0.002481748442290856,-0.0030833264975772927,-0.00267887575146984,-0.0009072019762513929,0.0015432370953440953,-0.0005188988735449562,-0.010245978297963188,-0.02266399728315216
2012-11-08,-0.004761768911968212,-0.0021185919933735496,-0.004747618854109574,-0.0026855712770314996,0.0029691557447483414,-0.002574820789359429,0.0,-0.005441675323124806,-0.012024114012651466
2012-11-09,-0.0007907021166658388,-0.0005755308144223715,-0.0015178667498303546,-0.0011466700857496685,0.0003833188351130062,-0.0015445193954811021,0.0,0.0005584270952697868,0.0008693230725687062
2012-11-12,0.0007555484528384422,0.00020064682849082894,0.00017616166141668776,8.107289613331863e-05,-0.0007170344914881285,0.0003707577750939042,0.0,0.0007353106750942473,0.0007967183913866194
2012-11-13,-0.0010790571570023836,-0.0009608470635099259,-0.0008031185672836757,-0.0014782717693390352,-0.002622613292312657,0.0005741793041426813,0.0,-0.0016053679867956913,-0.003472135970638668
2012-11-14,-0.006188072079485103,-0.0031749297865363703,-0.004810134083539195,-0.005609583546172429,-0.0051711917210484236,-0.0027312858716631583,0.0,-0.007988888922610893,-0.013498500377275513
2012-11-15,-0.00015874420355560005,-0.00035869010207734836,-0.00034970639353653753,-0.0010855839747459623,-0.0003497536361768134,-0.000232818996869008,0.0,-0.0011988416238836175,-0.0016921788935025939
2012-11-16,0.0019737806037979926,0.0006503466197812545,0.0011333297397728974,0.0008110507509915945,0.0020862616969057747,0.0013979969832520138,0.0,0.0032193769205198564,0.004937411447436535
2012-11-19,0.004346586494583392,0.005148725562090641,0.004379054560808309,0.008360567566089723,0.007327342950502613,-0.0011616249281313467,0.0,0.011336566304389261,0.020239282266716785
2012-11-20,0.0003281070128104432,-2.0788420703420968e-05,0.001604518192067429,0.00021404318512150512,-2.4283698970987478e-05,0.0012585706842432657,0.0,-0.001395340178457705,0.00043149947562914903
2012-11-21,-0.0002745769728828227,0.00041483616403484964,0.0001444905622082287,6.127711513440455e-05,-0.0009545232907959379,-0.0004240049179566872,0.0,0.0005299087536442924,0.0018674721742060196
2012-11-23,0.002078983158466167,0.0030978985079018486,0.0030449248561986294,0.00698054793956982,-0.003952733792829238,-0.002850566317293398,0.0,0.00795327555415186,0.013625605158841703
2012-11-26,0.0012389208099480875,0.000497367735805818,0.0007278361023556577,0.0010788708418561835,0.0007384213153863255,0.0005704464499335076,0.0,-0.0006076118771336291,-0.002122790126401042
2012-11-27,4.078353944923622e-05,-0.00011219799996198181,-0.000545905102136544,-0.0013641516044601149,0.0023838947469861853,0.0012199700892990828,0.0,-0.00213956101919599,-0.005104560246219525
2012-11-28,0.0031974494227634295,0.0014820529976428973,0.0028337448647601936,0.0016039985878344581,-0.000552645405737217,0.00127483920238307,-0.00017188764610812974,0.005346996617521116,0.008052403883145987
2012-11-29,0.0016548788696827792,0.0018699763906472253,0.001107789038530127,0.0033235397932498455,-0.003857028514567206,-0.00041530976918865005,0.003810225845087947,0.0032037713846520435,0.004665168219021076
2012-11-30,0.0005958048723886976,-0.0007484268933475687,0.0008977526267162035,-0.0013185800184972133,0.00021525544123313184,0.0009449573123219212,-0.0008007025784240933,5.338186515135844e-05,0.0002113128916250151
2012-12-03,-0.0001038231643584476,0.0001653539219426444,0.0007902298570434489,0.0009959718481621501,-0.0012659429360021607,-6.224649367596752e-05,0.0005191844044057015,-0.003112682549584056,-0.004924170081285206
2012-12-04,0.0008023938711485661,-0.00018917466750577682,0.0022034117790780054,-0.00015403054763458692,-0.0020690341908540287,-0.00014629439568324294,-0.0011244915686278243,-0.00014872860466454965,-0.0014139655776810311
2012-12-05,0.00023195686238169336,0.000523782862679563,-0.0006061225983871202,3.664251707561467e-05,-9.309867613683251e-05,0.0009566930734334165,0.0002832850197944045,0.0013928569521192812,0.0017698911372079351
2012-12-06,0.0012176887696334483,0.0006460318900445071,0.0010810301812630295,0.001465539835183934,-0.00014053331841807444,0.001659716251506723,0.001984062364212954,0.0022556715966001836,0.0033924005141319213
2012-12-07,-0.0012770382220675359,-0.0004026277203050997,-0.0008814818981040407,-0.0008475576215705328,0.0016631633637254307,0.0005803935457483161,-0.0005048545182793628,0.0006789733923773242,0.0030281459408656453
2012-12-10,0.001208942149224744,0.0011210593244017231,0.0005233198497783843,0.0016237412293830472,-0.0007886855500542387,-0.00033716527442079333,0.0,0.0006213717416127639,0.00042176511827185514
2012-12-11,0.0011432995966343226,0.0011902650294315603,0.0017911366191399874,0.0010464503292301553,2.046706103137145e-05,-0.001521180124531282,0.0,0.003312564839284304,0.0068082139713137035
2012-12-12,-0.0008805261711450227,0.00012804666201554914,-0.0012950799265880227,-0.0008029746214243974,0.0024305716805521197,-0.0011472352478086854,0.0,-0.001402520891955339,0.00048800874490084745
2012-12-13,-0.0031873128701549957,-0.003124945394565204,-4.699129778420223e-05,-0.004091353680140986,3.672892629658992e-06,0.00024457262916696823,0.0,-0.004456158135832422,-0.006131550849944545
2012-12-14,0.0007874992701194605,0.0004134496333590761,-4.4307310169442696e-05,0.0006312082102580632,-0.0005471219539688903,-0.0009642590625866519,0.0,-0.0013399112496812024,-0.003716428633303126
2012-12-17,0.0007768692093950947,0.0014115257573612363,0.001920565897733902,0.000979046978358185,0.00035876678432445646,-0.0005777127976417944,0.0,0.004942709309218784,0.01175273135102528
2012-12-18,0.0026063616194788243,0.0013897867800025398,0.0038055088920592134,0.0010700909134596192,-0.006095256169092294,-0.001974578389932342,0.0,0.005114889663070743,0.011128647768486433
2012-12-19,-0.00022278528339139122,-0.00027940096458443594,0.0001334442843124361,-0.00048035666237597203,0.00026742850297993364,-0.0003306848185152541,0.0,-0.0038974113320188624,-0.0074292672196770715
2012-12-20,0.001926548381541515,0.0006828590473775506,0.003798628211382925,0.0006289583512764755,-0.0028284538507779198,0.0013955136779078895,0.0,0.003712466570421169,0.005752071457835628
2012-12-21,-0.0017480335990478816,-0.0019532180495745012,-0.0013465927394470042,-0.0013459352436159737,0.004566687635655038,0.0016929973459583018,0.0,-0.004365921785151805,-0.009077488368874231
2012-12-24,-0.0014979545319919118,-0.0012120145125894142,-0.0006573729442727407,-0.001304340756224324,0.0008860701076758102,0.00030822187115326066,0.0,-0.002257264534601666,-0.0030807295251483735
2012-12-26,-0.00046574460692844894,-9.917088918408112e-06,-0.0022913668148901185,-0.00035911116612808065,-0.00039596593751488226,-0.0005642052912636667,0.0,-0.001705707574810744,-0.004215019940610909
2012-12-27,0.001621940689164868,0.0014859797905811527,0.00019709752295126768,0.0018749405397480994,-5.273360855324183e-05,0.00045026821881155783,0.0016174124583025837,1.3253354752906809e-05,-0.0013407845612756208
2012-12-28,-0.0014999018617259134,-0.0015849855922642842,-0.0018520184721724283,-0.0019117193615449675,-0.0006788055586146064,0.0003894305710349283,-0.0021631993270801175,-0.0055568616848474806,-0.010807728613165035
2012-12-31,0.002580523012509971,0.0033161166824226176,0.0016988792986199902,0.003567358610676665,0.0022022012769632305,-0.0018102239045411465,0.005003446709335603,0.008087805288261673,0.016996370480604428
2013-01-02,0.006340792467324132,0.006397713720781983,0.004522229991606206,0.007100576224282689,-0.005013726012127746,-0.0013049173953693471,0.00852036158553282,0.013554507371238778,0.025629854877669
2013-01-03,-0.0067048662799915676,-0.003970244602748269,-0.0001797675312623146,-0.005306795075218977,0.0026511721750798476,0.0006630379643160415,-0.004680500722875281,-0.003411577895917328,-0.0022590972635231354
2013-01-04,0.0007478818433938543,0.0009097792401983294,0.0011304768630218862,0.0003467188086179167,-0.00046110053150056035,-0.0012686536381998255,0.0009825423517238912,0.002822812090717974,0.004391567262651108
2013-01-07,-0.00023946960399855562,-7.917841546715168e-05,0.00023856780595813166,-0.00028284582496201487,0.0008410838586572927,0.0007154533925858044,-0.001007500219494754,-0.001414493810686146,-0.0027330567546406392
2013-01-08,0.0001572628481963978,-0.0009426282150392293,-0.002694273546701257,-0.0005199959976435563,0.001625789851920083,0.0013482765317550424,-0.000524309342256313,-0.0007503049827728202,-0.0028771134591650815
2013-01-09,0.0008535689160445998,0.0008118417886407894,0.0010680124877684785,0.000948411000180391,-0.0018117662654790461,-1.8380889131355317e-05,0.0,0.0017499350141766624,0.002541924326019851
2013-01-10,0.0038561450352221894,0.0035212658711675387,0.0025499346330284953,0.004141087591379107,-0.0011455642291408824,-0.002941288726421461,0.0,0.0036095974236405315,0.007949782090065804
2013-01-11,0.0006035760293760616,0.000193335754387182,0.0005773558015396644,-0.00031409044145966797,0.0014350386364337996,0.00015028276332775822,0.0,0.0012356014318884113,-6.780063113376311e-05
2013-01-14,0.0007252381986129304,0.00046067999995569363,-0.0010813902582394656,0.0010083880928549547,-0.0005792470405412352,-0.0006476305245268471,0.0,-0.0005577737875603006,-0.0006800772953474699
2013-01-15,0.000859798046696646,-8.066833240075286e-06,-0.0011743371654758749,0.0003865371937681663,-0.0008874979461684421,0.0010064970029575629,0.0,0.0013814944204919132,0.0006805401152283341
2013-01-16,-0.0004524554399950321,-0.0007717141480039306,-0.0013745020818038945,-0.0006665868806552618,-8.023677772658647e-05,-8.952009139854067e-05,0.0,0.000440826878282663,-0.00013639433221468433
2013-01-17,0.0014905314630872402,0.002201191527619166,0.0023239107903163404,0.0025161849142433575,-0.002261177324444751,-0.0015500486762011923,0.0,0.0020491017354236085,0.006460602989612374
2013-01-18,0.0012463028616534377,0.0003225319987656655,-0.0010824176581802672,0.00045205958189233335,-0.001516113958467841,0.0010097024345380125,0.0,0.0024613982383998147,0.0022293546627130123
2013-01-22,0.001794216046956834,0.0012362720488079133,4.3422981453261874e-05,0.0015972055311864787,-0.002261880456353139,-0.0004188749595629889,0.0,0.0035723966609789936,0.005393822768177126
2013-01-23,0.00018677346889460017,-0.00010727962110571177,0.0003001752837551914,0.00034069597264362955,0.00059195619793518,0.0003893912448395369,0.0,0.0011522608743009142,0.0016092273016168335
2013-01-24,-0.0018411704621107874,-0.00020297151344766525,0.001372414729137983,-0.0014815526505796274,0.001225623201184904,0.0002058427296997389,0.0,-0.0005105222527546084,0.00026807378821080974
2013-01-25,-0.00125121783158001,0.0006992278120251942,0.0035771759088283083,0.00015815191765804524,0.0005626305512429463,-0.0019118179955201528,0.0,0.0007200484122140689,0.005622189532157762
2013-01-28,-0.001694942839653134,-0.0008953990585222124,0.0002432888163154473,-0.0013202087759386222,0.0011051861111120891,0.000552511554094739,0.0,-0.0015463605942765523,-0.0011981153181838122
2013-01-29,0.0013975190561135169,0.0014089700924609276,0.0002948046791154797,0.0019659855361607945,-0.0016611142826711462,-0.0018941915103704837,0.0009417255475074374,0.0017557343503438628,0.003931674543437902
2013-01-30,-0.0009045766800474221,-0.0017697488386176853,-0.004173073738550399,-0.0007287150347659941,0.001261262784737435,-0.001072067612578055,-0.001753612943195524,-0.0021231787547964396,-0.003916277016785985
2013-01-31,-0.000850159387125933,-0.000754231616785179,0.0001050430810715844,-0.0013523367913692423,0.0008464878049915065,-0.0006819258359806159,-0.0015229633646608514,-0.0011397986213439236,-0.002465618813346837
2013-02-01,0.0020813039950922426,0.0025747420380873103,0.0030562929547496447,0.00341676454362248,-0.0040004539920689905,-0.001605938813479402,0.002268170956301536,0.004813119460218962,0.010287049866162246
2013-02-04,-0.004572476120730693,-0.007103295557667891,-0.005495663988339309,-0.007079714809444335,0.006509990973579984,0.004824872488111668,-0.002510866693356764,-0.004433694419086653,-0.011240260983473749
2013-02-05,0.0018448209219987313,0.0032935354885497018,0.0022726045795316624,0.003444334816230783,0.0007595357095920509,-0.00221819435567754,0.0013192950395340595,0.004627322442054016,0.010097165843647282
2013-02-06,-0.0003989931099843662,-0.0013079167292793696,-0.0010147092393180054,-0.000741579027493044,0.0009208781578126112,0.0007602744182819297,0.001873286312387085,0.0016466268299983433,0.0007286222882099125
2013-02-07,-0.0015132286869333168,-0.0025569333610069196,-0.0011140005255324832,-0.003546402728910507,0.0003728054207298215,0.0018324168292895339,-0.000576962233809825,-0.0006051282466498442,-0.0013227805784565838
2013-02-08,0.0030405460463038317,0.00240796079013247,0.0023126566106596285,0.002606813599242309,0.002063514144318318,-0.0007870464178562611,0.0,0.003640122070848939,0.005564526275455339
2013-02-11,0.00016682177782967474,0.0002678349279345435,0.0009200223124290895,-0.0010230050097603323,0.0021377868264973957,-0.0008083166643909612,0.0,-0.0005328261993118533,-0.00019808991953318422
2013-02-12,0.0014875972179103423,0.002216055157939627,0.0015246736226720383,0.00244304954069196,-0.0008137495581547825,-7.617194267112002e-05,0.0,0.0005736053444409527,0.0016473205878677621
2013-02-13,0.0013846875510748792,0.0019166155870633246,0.00226709019636489,0.0007877373067486283,-0.000315100983675967,-0.0008015809915033395,0.0,-0.0008823885095515128,0.0008548516067474754
2013-02-14,-6.111417815634761e-05,-0.0016825363124254064,-0.0010054013751320061,-0.0022410299500031303,-0.0012046811549410983,0.0004760858452015527,0.0,0.002255299416259904,0.0009202311046700995
2013-02-15,0.001391123932851632,-0.0002718159102904539,0.0022166389695061797,-0.002952373774330709,-0.001366719366245811,0.0005878330596939711,0.0,-0.001086048996434008,-0.0011818772513073617
2013-02-19,0.002676377755320685,0.0029717524320023603,0.003632292347740775,0.002443371479109794,-0.003431248121134493,-0.0014422308410651033,0.0,0.0038556700879770474,0.007494395466730808
2013-02-20,-0.0018882961626852498,-0.005440590158540899,-0.0009237057421856579,-0.009250949350514232,-0.0011105611881603835,0.0034216967468891574,0.0,-0.006608898850147904,-0.012462837324256126
2013-02-21,-0.004328088601829548,-0.005641656430327254,-0.0032943284593759184,-0.005151180775753451,0.0026084589590138975,0.0035493869903298787,0.0,-0.002856059614326223,-0.006079278766864982
2013-02-22,0.003357339072000296,0.0034260791900500875,0.0030311051104424014,0.003929051047908847,-0.003427482107807822,-0.0014741879708146386,0.0,0.0063529465551815266,0.009772659354741142
2013-02-25,-0.007086083212584446,-0.009685753616858842,-0.008498600883643523,-0.00831678918257483,0.009833379713686495,0.004646901272673109,0.0,-0.008334613874070529,-0.019026624852484852
2013-02-26,0.0010045115405954,0.002545478010022752,0.001749708184595826,0.004090520649130451,0.0024559537337079267,-0.00019265816981999982,0.0026493482084038278,0.0033614429930277634,0.00684550387022087
2013-02-27,0.004926428673384197,0.004437525260932529,0.005895554697791343,0.002973370950029867,0.002686263796576438,-0.0034501080153039585,0.0015311668822273572,0.0073721465944847075,0.012598090885920676
2013-02-28,0.00010835223501903986,-0.0015035623792695664,0.0003344712993119909,-0.003373562820123911,-0.003513176898843111,0.0010888718723332845,-0.0015118168998137379,-0.0006240653611519597,-0.0019747226645101534
2013-03-01,0.0010129681508755824,-0.0004735726394259153,0.0013018763030833358,-0.0006628347664705658,-0.0018966742575789084,0.00020644912356444631,0.001334984353339306,0.002976457702903934,0.003297801005530454
2013-03-04,0.0017588134602792517,0.0011533109142800083,0.0025878645256935382,0.0010613746665945622,0.0007536188075907746,-0.0009865443485735067,-0.0007551512233318677,0.0022631797898571724,0.005325151351609048
2013-03-05,0.00034284444503149237,0.0015990993902782887,0.0010143167104441886,0.0021203751745342263,-0.0028900686061388357,-0.0009515397776997182,0.00459331881912129,0.004964251459918278,0.008959333321564289
2013-03-06,-0.0012160223089093813,8.942548600429911e-05,-0.0012602381628240606,0.0003763344453922646,-0.0012264013790709454,-0.0010270900208616948,-0.0004927787299299659,-0.0004550934782703742,0.001360702297477756
2013-03-07,-0.0023339482967604476,-0.0005025085869300403,-0.0003084179008981834,-0.0011452811858077953,0.00012676222865701692,-0.0012509721781180448,-0.0005730280728689946,-0.00045107676810842725,0.0018122811287344387
2013-03-08,-0.0006158361302605404,0.0012701820871923687,-0.0014470207522290024,0.0015909307222507767,-0.0029433408583716104,0.000325910047150521,0.0,0.0005242437656108653,0.004263896036313497
2013-03-11,0.0005540196309776514,-4.431849172948767e-05,0.0010291127300463155,-0.00020670361780541086,0.00033496396021858804,-0.0010884770430552755,0.0,0.002466716764847732,0.0037958481890640883
2013-03-12,-0.0004892763853900247,-0.001986021069463678,-0.0011776058491591301,-0.002663958560575915,0.001230205762718811,-0.0009436501209383294,0.0,-0.0002482882263766806,-0.002243184139298804
2013-03-13,0.00206019236552842,0.0013213042550351925,0.0011254059324036334,0.0010396122680144085,0.0005572092783764646,-8.602415843200545e-05,0.0,0.0005079924021771819,0.0014131644102008956
2013-03-14,0.0008302449630704971,0.0016128182908430279,0.00221382062360556,0.0016712017899928565,-0.0030300892271438278,-6.491651700252064e-05,0.0,0.0033077756867577524,0.005323747400042267
2013-03-15,0.00034134505093368875,-0.0006817783617150488,0.0009862110511748845,-0.0012671829426446992,0.0014299838600642135,-0.0006444610203057977,0.0,0.000605187820734532,-0.0013198432100804958
2013-03-18,0.0007465037300579819,-0.0013325414484132898,-0.0017414807397956819,-0.0014497964809347666,0.0024053801396911965,0.0001391704492232146,0.0,-0.0019940343770980637,-0.005518665091056807
2013-03-19,0.0018236037106029988,-0.00022004819051689575,0.00025355868833999197,0.00021621706654879528,-0.0008719928697049149,0.00016684793794798195,0.0,-0.0001565458696465515,-0.002323575689700208
2013-03-20,-0.0006659102575505951,0.0013751252623169724,0.001157526899431416,0.001264025861022409,0.0010926193317136715,-0.0005940089056036996,0.0,0.0026582685212311217,0.006985415249249449
2013-03-21,-0.0006370819720831224,-0.002466284351023892,-0.0017116012499192273,-0.0029358496420110315,-0.0012203121371669727,0.0002242221672110373,0.0,-0.004074782165204138,-0.008542510283123472
2013-03-22,0.0007306578940642144,0.0014157833211606294,0.0022745889508073366,0.0011053971625162595,0.0006653214243583926,-0.001664421301262495,0.0,0.004969608820919946,0.00803310970912352
2013-03-25,-0.0005718309581872005,-0.0006281102987661791,-0.0023412329926892307,-0.0005820309315085054,-0.00206516460051829,0.0016548405085613923,0.0,-0.0022070261140748836,-0.004177588607562344
2013-03-26,0.0001832906947446297,0.0014849205659920057,0.00016658036367742728,0.0017711675959645391,0.0007152117994082749,0.0009019366530923044,0.0038763819060835675,0.0052129031256856525,0.008002524364506325
2013-03-27,0.0007651959619322023,-0.00031145997669231257,-0.0012310537697160862,0.00026835467674135474,-0.0008413610079302095,0.0014806049371336562,0.0027370155708359464,0.0017183064951442617,0.0
2013-03-28,0.0012729024731224106,0.002229033160584045,0.0025328324407509926,0.002091189290136755,-0.00036248585532660946,-0.0007425739926053232,-0.000976204910027074,0.0010998956974296091,0.0030734546475299496
2013-04-01,-0.00032604165545640183,-0.0015614786957429132,-0.00023565794725318898,-0.002458271077544798,-0.0033540470942964645,0.0014283613307674277,-0.0024453413342089337,-0.001310574428578315,-0.003957119836526024
2013-04-02,0.0032207215301625187,0.003421002463410535,0.0016371984094440488,0.0036419990946840227,-0.001599722640736188,0.0014646950236664052,-0.001433838663845429,0.0021790582249998636,0.00493431748366846
2013-04-03,0.0029487951042463374,-9.62584871335117e-05,0.00458200578331249,-0.0019111475728669208,7.239632704130405e-05,0.002611893273696341,-0.005712573824061248,-0.004405482911211988,-0.010139158644147939
2013-04-04,0.0054618425166198395,0.003352964561156761,0.005730399462070556,0.0026630616815155736,-0.0019394749532193377,0.0018496678939019795,0.0032790082503445063,0.00403191028368739,0.004058646958713608
2013-04-05,-5.986059110190626e-05,-0.0021901294010810285,0.0013752917949410603,-0.0030896425899598146,-0.000972540651024712,-0.0008823421618490184,-0.0005877391847340298,-0.001437425531000036,-0.004491256078917649
2013-04-08,0.0015653212951440177,0.0025785672682610253,0.00029920754610875474,0.0032748130048009644,-0.0007876824891044579,0.0009302595204596271,0.0,0.00277002982715695,0.006766969481107665
2013-04-09,-0.002170570492157898,-0.0013756826894722116,-0.001987250809383564,-0.0003015640670208552,0.0011563215628858398,-0.0017008751519978816,0.0,0.002222159401829371,0.003457085804389637
2013-04-10,0.004134930578389163,0.006140432256699817,0.0015220013798264475,0.0074375137955819525,0.000624159462179535,-0.0006840948946607246,0.0,0.0056853101155598385,0.012248489280581198
2013-04-11,0.0018558549596396543,0.0010168936653355675,0.0025204886754563813,0.0007187636438358672,-0.0022645617781499945,2.3989411494883934e-05,0.0,0.0024114051102890775,0.0032767809328482222
2013-04-12,0.009938629070356019,0.006087667101884699,0.010333474660053327,0.003760262195299901,-0.010337762643890708,0.006958435812070323,0.0,0.0007558998442365628,-0.0024491985369698988
2013-04-15,0.008160359313362349,0.004504740562618816,0.009879991878425748,0.0012796291293398086,-0.013603413843850488,0.011225182564816328,0.0,-0.013019079535451826,-0.02317375701136315
2013-04-16,-0.00029060192819435756,0.0018278937895262596,-9.249802247891304e-05,0.003913566475194611,0.0031706999919692597,-0.0027676463509396813,0.0,0.007716601780063569,0.014762157768391626
2013-04-17,0.00018859548108290025,-0.0025215752821774163,0.0001366127083369127,-0.004666227787190438,-0.002342422335290166,0.003662827414091858,0.0,-0.008028452582907762,-0.014610841970116195
2013-04-18,-0.004240158504849279,-0.0032400451183438993,-0.0024343680311183238,-0.0026495426369843203,0.0016899138772149755,-0.0001322356605128191,0.0,-0.003531042852366628,-0.0062532800723476
2013-04-19,0.0031017749617771886,0.0032569084098231717,0.001003442672121261,0.004340747615045845,0.0017920655627434237,-0.0009179778931573295,0.0,0.004994774133227686,0.008692628952959192
2013-04-22,-0.0009988366768174995,-4.3879666825930605e-05,-0.0021665846381819114,0.0007484427662336153,0.0007105079922085438,-0.0026367246090608985,0.0,0.0028838062435958987,0.004438135087589945
2013-04-23,0.005640895425209956,0.006100647008004795,0.003642958702574819,0.006742360419605306,-0.004050920951113172,0.0005048267192333336,0.0,0.005927800573028374,0.01030929981755957
2013-04-24,-0.0020785338480270752,-0.0005229712364391293,-0.0019239279588671762,0.0006449608192250488,-0.0031391926016352536,-0.0020824888406352562,0.0,0.0005648790346644894,0.0006341988229676687
2013-04-25,-0.005070861407695056,-0.0032144874632168896,-0.005222076196166483,-0.0018159572619727176,-0.004675690190856278,-0.0044091887838758545,0.0,0.00199038609409361,0.004053707105879489
2013-04-26,0.0021957727904492277,0.0005801936678974647,0.003600990400187029,-0.0004591225707877756,0.003189786907104783,0.0010968854852259477,-0.0016824441949036318,0.0003777583859852164,-0.0017664648619687418
2013-04-29,-0.0014055053143838423,0.0002068328262257497,-0.001520865994565915,0.0016327959458391282,-0.004682684421959009,-0.0021204586820158227,0.004103231882017751,0.003871974062960781,0.006698418199688527
2013-04-30,0.0019214115167847051,0.0017203336645505074,0.002152129360600736,0.0022878622156801438,-0.002356441273035167,-0.0010798571896740213,0.0009519015443373628,0.0013578214093661334,0.0023853632396846347
2013-05-01,0.0028463456281525375,-0.0001408094908027752,0.0036285313924670015,-0.0018278240541205442,0.004103445550498712,0.002771744463214216,-0.004280324433919098,-0.0039538467901548465,-0.008767387035705232
2013-05-02,0.002009839321780531,0.0024673465332543413,-0.00035391908797750995,0.0019659905896233197,-0.0048484507709863015,-0.001628363496401559,0.006294595537820891,0.005572286663070747,0.009287144438451245
2013-05-03,-0.0019051295261026707,-0.0018212104503066303,-0.00029803183062953253,-0.0019051295261026707,-0.0009516631082866012,-0.006330745498219944,0.0007226841150467281,0.0026731577548559037,0.010140954829649385
2013-05-06,0.0007951222697504043,0.0008364458395399358,0.0005177305682167546,0.0007951222697504043,-0.0005291844478149661,-0.0001247354427136239,0.0009862268511329443,0.0010064315992011517,0.0025403411027309364
2013-05-07,0.0014195153717947032,0.0011184486405106534,0.001136540789814864,0.0014195153717947032,-0.0026895641418614876,6.082966862849793e-06,-0.0004918824110860593,0.0024857094166057967,0.005069227135594545
2013-05-08,0.0008124208090294058,0.0008258199172273328,0.0007686703622687375,0.0008124208090294058,-0.0008041292299813382,-0.0016007616143926045,0.0,0.0032128494195152514,0.0045507287671773256
2013-05-09,-0.0005913308867675547,-0.0005159110380698292,-0.0019644392226620747,-0.0005913308867675547,0.00010888464295132115,0.0013868128472536215,0.0,-0.0017638902625779717,-0.002816067111542697
2013-05-10,-0.0010320778553087387,-0.0008141335466463943,4.556805675125317e-06,-0.0010320778553087387,-0.0029707725926016114,-0.001648719843889207,0.0,-0.0003080738817406116,0.0032537414503406303
2013-05-13,-0.0005958074933539996,-0.000493912170189682,0.0003280239931573342,-0.0005958074933539996,-0.0008795241427408894,0.0002280257106670406,0.0,-0.0002307898804147613,0.0007957841001915433
2013-05-14,0.0017613235567078235,0.001425797248255552,0.00152592899687848,0.0017613235567078235,-0.004167598350919579,-0.00040530825106140886,0.0,0.004595044558956206,0.01033380916087312
2013-05-15,0.004166662410346607,0.004192165298045362,0.0028615352216145138,0.004166662410346607,-0.0017066130494978642,0.0033754090609258735,0.0,0.004281304565685984,0.005386410652974183
2013-05-16,0.0006592441276179267,0.0009342067579466002,-0.000197058047707355,0.0006592441276179267,0.0032818183211275106,0.0019271714068672806,0.0,-0.0009105005911342445,-0.00469531466899209
2013-05-17,0.0014947339068945896,0.0015795498389404726,0.0011692650182361978,0.0014947339068945896,-0.005026943294531116,-0.0014261725069888232,0.0,0.003647985399824582,0.009676616207438427
2013-05-20,-0.0025435252018686807,-0.00247418078011635,-0.0012246006448092452,-0.0025435252018686807,0.0023256309282540387,-0.003276378981306151,0.0,-0.0003353573472139271,-5.981400594223807e-05
2013-05-21,0.0037006300386462866,0.003554526601446077,0.003094470026217825,0.0037006300386462866,-0.0001785683825032824,0.0035756956610284796,0.0,0.0019110522474431236,0.0014377992812950602
2013-05-22,-0.005988938278688233,-0.006067041882089523,-0.0038290472970260517,-0.005988938278688233,0.0020337639009895075,-0.001972320961030598,0.0,-0.0076243628161842165,-0.007417258433898843
2013-05-23,-0.0040775200165388496,-0.0037971454609861703,-0.002218513764413008,-0.0040775200165388496,0.0044670409734077115,-0.0019313820416106693,0.0,-0.001322162397138671,-0.002893388690998089
2013-05-24,-0.0006221509804607239,-0.00046720312970376836,0.00036669068811973093,-0.0006221509804607239,0.0014467533642669235,0.0010564624072059389,0.0,-0.0003571040374498401,-0.0008460937247085631
2013-05-28,-0.0037145726093397485,-0.003606126996149758,-0.0026417657388631555,-0.0037145726093397485,-0.006423295179922358,-0.006166764616867614,0.0,-0.0011049831716252183,0.005989000956046153
2013-05-29,-0.0029046000120406053,-0.0029617969432320294,-0.0011821349378782287,-0.0029046000120406053,-0.003172666598944961,0.0003825271141038041,-0.004602259136317285,-0.002261074825847853,-0.006493974071494879
2013-05-30,-0.0007990409820650194,-0.0006999949692495943,0.0006381544120641943,-0.0007990409820650194,0.002200253469407224,-0.0022419881901971314,0.0009187495403622928,0.002253410291531832,0.003691846214870509
2013-05-31,-0.004664615952909602,-0.004530631471283218,-0.0028569402877182772,-0.004664615952909602,-0.009754510247762983,0.0006229283918889955,-0.009193805474198178,-0.00971034170772138,-0.014352241756256712
2013-06-03,-0.0009871365210793056,-0.0010719322492236413,-0.0011664685199293029,-0.0009871365210793056,0.004789120461052863,-0.003655402384038731,0.00330880091124753,0.003882073886750614,0.005506395904130823
2013-06-04,-0.0016107778687636635,-0.0007314384198227444,-0.001812430318824893,0.00014236272964087386,-0.002411885662087636,0.0008868956346599628,-0.003463675415742273,-0.00390915826423599,-0.004806522232784105
2013-06-05,-0.006995134156777409,-0.006126937934755538,-0.006651113052277807,-0.005010757463988583,-0.0033220044015917216,-0.0006540871011055541,-0.004674153522519249,-0.0064591783892747005,-0.014001393858950828
2013-06-06,0.0055856263612837406,0.0027017781734211114,0.004542234286578629,0.00022745431713156773,0.002157898372311782,-0.0009346580404109398,0.003828847963351007,0.005924699646803244,0.00905328014009843
2013-06-07,0.005537326478287315,0.00640644158876133,0.004326310074838198,0.0060834533788265335,0.0013262382065980442,0.0014238174416544359,-0.0004663544910310645,0.0045290080642719655,0.01272050886267273
2013-06-10,-0.001609060645869618,-0.00035183907888003884,-0.0009439290150535695,0.0011609292491120875,-0.0027079023596490353,-0.0003909574039390681,0.0,-0.0009915578259917623,0.0
2013-06-11,-0.005182465746570653,-0.004777241636729228,-0.003930833001491248,-0.003358855962815175,-0.00031030142278795484,-0.0005987940325823705,0.0,-0.005195352579667767,-0.01031562413524767
2013-06-12,-0.0016417390342576964,-0.0009590993841799347,-0.0021915863226369143,-0.0007503244862753132,-0.000996347321750319,-0.0003876134433609269,0.0,-0.006758468974266418,-0.00827708295484808
2013-06-13,0.0075073231913830125,0.004139178607528328,0.0063169586746858524,0.0009794382314952902,0.002634642809877979,0.0008662674915379965,0.0,0.012151708490337355,0.01520872212248725
2013-06-14,-0.0017820831396410282,-0.0015876443387965419,-0.0029315769689142765,-0.0015236289872345022,0.0007974094466593035,0.00035262491318808424,0.0,-0.003231053703525632,-0.006272351016810673
2013-06-17,0.00344081451013257,0.003049271658139233,0.003178407683125698,0.0024123184381559517,-0.002639272363670507,-0.0005323063619775704,0.0,0.0036834213796301356,0.007721472734824264
2013-06-18,0.0029606405241672817,0.0031740530555893617,0.002419460783433756,0.002738040548449687,-0.00031883952083501576,0.00011091872584631163,0.0,0.004514898766272335,0.00790531811992623
2013-06-19,-0.007813034460314873,-0.0033333932440784892,-0.007648602195343176,0.0005836626446633608,0.004865396754487877,-0.0005790445375945973,0.0,-0.01377418441357574,-0.013816776430977562
2013-06-20,-0.011900090505652171,-0.0052298620759369295,-0.006637916583648559,0.002108834498652464,0.00252591729237745,0.0038846848007466866,0.0,-0.016681878664233294,-0.024778313437162525
2013-06-21,-0.0003588609486896499,0.001941431964321126,0.0009920131343409799,0.003180840851291374,0.00549035143676432,-0.004117130620579774,0.0,-0.0023020605292933816,0.0032102915579808045
2013-06-24,-0.005414089007745127,-0.003257152296781348,-0.0057388600572317585,-0.002037029644231905,-6.331194162192718e-05,-0.0017710508247948547,0.0,-0.008561779978778404,-0.012636191586741896
2013-06-25,0.0067532875547878166,0.005705771428417458,0.006492611104409537,0.004058936500939458,0.0031909002300335504,0.0010628838328876628,0.0,0.005297399258571911,0.009614787003400016
2013-06-26,0.0056151751338280095,0.004651128713981071,0.005781347833702183,0.0033649828010305005,0.0020210861843729076,0.003844018195739306,0.0025163426984189633,0.007553691852692967,0.00990110178174719
2013-06-27,0.0052579715355456635,0.003025373971905026,0.004337220341578251,6.369448561804598e-05,0.005058330598633078,-0.00045690629429181453,0.0048704534220192965,0.005677104144528888,0.005869383753917434
2013-06-28,-0.004050494243864724,-0.0034908424134372073,-0.0032704964065095625,-0.003198119218965377,9.510338822332095e-05,-0.0028945568139551727,0.0004956093561032333,-0.0029260250562952008,-0.004097683346463432
2013-07-01,0.0033353732776309443,0.0020828005786443496,0.0018235981618047493,0.0004416008944217438,0.003626033644690923,-0.00016238229267603773,0.0031714920404327463,0.003667945778523407,0.005859737102404505
2013-07-02,0.00010082833438932644,0.0003695309933149797,-0.0009575486015796783,0.0018179699885052384,-0.0016136326009718186,0.000933755424857138,0.0006270504234181747,-0.0004010194599735283,-0.0009291291115643974
2013-07-03,0.0009470712969476757,0.0009115107110161894,0.0006260137176692407,0.00014300412842445744,0.0012508367456885731,-0.000372274873023977,0.0003794153009371293,-0.0005210203386246004,0.00043401256240338526
2013-07-05,0.0027127819377739506,0.006160006331117904,0.005212576820374971,0.009836382162525081,0.0008813836974062514,7.30502901388362e-05,-0.0033152656998266293,-0.00025549526901875834,0.010789092971008385
2013-07-08,0.0014737587623389241,-0.0007689783428670228,-0.00047585255044378324,-0.003153104580254776,-0.002572607912470783,0.0015195411825322362,-0.00037079350907873973,0.005770818087243824,0.005704762380550621
2013-07-09,0.0018737400161816186,0.0007219781511750636,0.0011352841304039098,0.0009283367147570205,-0.0023218375986716043,-0.0005435178774131994,0.0,0.004990357332743356,0.007196757884249783
2013-07-10,0.002228450598715708,0.0021840239339106756,0.0024655613176105718,0.001294846382929136,-0.0022360580394795906,-0.0005692066502114128,0.0,-0.00120356046826946,0.0003636736570520327
2013-07-11,0.005710897874946391,-0.00016751687520741526,0.0031227681248333318,-0.004658042082657299,0.0007490725667493007,-0.0018879514283472614,0.0,0.012175324941240583,0.013620248475280095
2013-07-12,-4.7581038960176276e-05,0.00081265544201972,0.00010027913318393135,0.0013079413546504956,-0.0014236888835436686,0.0007322807943936661,0.0,-6.308798535816786e-05,0.00041831888991050725
2013-07-15,0.0014690137466763333,0.0001798457887241586,0.0005637478464810902,-0.0005702776497634463,6.995405805460235e-05,5.853445658228895e-05,0.0,0.0035488809426929002,0.0038200933570884388
2013-07-16,-0.00044708184786459103,-0.00081536546343417,-0.00028709549349480276,-0.001411562982099824,-0.0005360389249072671,-0.0011912013788837365,0.0,-0.0020515783994602185,-0.0037459189208060018
2013-07-17,0.0020823662313875038,0.0009727972935324078,0.0014771427309653985,0.0001707757085885802,-0.0013176840699223756,0.0015260668574712322,0.0,0.003300842147156624,0.002567098094383935
2013-07-18,0.0021009560897178032,0.002248735903689637,0.0021791782515345735,0.002302216036722417,-0.0006875554887522449,-0.00019390073876219543,0.0,0.001416536421058323,0.005477597389170974
2013-07-19,-0.0012415207803920492,-0.001941795020487184,-0.0023026758391826206,-0.0025015131308687975,-0.0017141110404395846,-0.0006171565790275499,0.0,0.003257969079634826,0.0017764056817037854
2013-07-22,-0.0002539400186973611,-0.001258933363239076,-0.0005893065711658613,-0.0021108192848203677,-0.0027076513521570615,-0.0016322316344332623,0.0,0.00113161542483593,0.0019508624276427522
2013-07-23,0.000233184369716895,-0.00015842469462699758,0.00037192330713118314,-0.0004791590440945447,-0.000783199254545107,-0.0015397211616369486,0.0,-0.0017418728146117556,-0.0021242126677930573
2013-07-24,-0.0018402869980525755,0.0007447157901003803,-0.00022157156472433896,0.002352650187975984,0.005806901267921138,0.0011775687698974914,0.0,-0.0048884512196274875,-0.003665041446873518
2013-07-25,0.0010877596020922465,0.000751197119398608,0.001414652521539105,0.00021609797443691348,-0.0012219101132658946,-0.001362287701232151,0.0,0.0020479569313531787,0.0024322878105242918
2013-07-26,-0.0007426709576211304,-0.0004875683526408876,-0.00035923050482947926,-0.0004445893591741704,0.0010103995213701334,0.0007096901881920659,0.0,0.0009922050630712942,0.0010659157909629347
2013-07-29,-0.0011633762927213387,-0.00014165854953498888,-0.0008291383609608561,0.0002858539773917063,0.0024202515030325956,0.0010634546335063892,-0.003026351124339515,-0.002667502758027895,-0.0030754083788337994
2013-07-30,-0.00031410678789489557,9.23826867012805e-05,-3.743052793744945e-05,0.000286713306472067,-0.0016908510233467637,0.0010634886517488509,-0.0004413181540446743,-0.00011753055684691205,0.0
2013-07-31,0.0006120503490194916,0.0004677367298152557,-5.3701759878584446e-05,-0.0006157486385415818,0.0007985659588313808,0.00029989008087868887,0.001020670142981027,0.0007020332606459511,0.0007120813305458995
2013-08-01,0.0031741243207863276,0.004311663509232041,0.004393680122300952,0.006239542752913031,0.00013100781218436288,-0.0014156583839653757,0.0012269260536720077,0.00340482624492755,0.011558773650918175
2013-08-02,-0.0004473380675305234,-0.0007740652315683073,-0.00032269873592296407,-0.0011911487081659809,0.001043878863389044,0.0007583917952309844,0.0016802542587476888,0.004426798474081872,0.0016993477898499254
2013-08-05,0.0009166855691079389,0.0013355007792828764,0.0009166855691079389,0.0010769830067909633,-0.0022394550035516204,-0.0005798141290010371,-0.002147705283516207,-0.0021348299028069342,-0.0014628267039004106
2013-08-06,-0.000981529252830122,-0.0005070922847714519,-0.000981529252830122,-0.0006568600907767312,0.0007462943156422506,0.00039093332385939285,-0.003139532692356957,-0.0032912417360074107,-0.005682303339912487
2013-08-07,-0.0018907987639566574,-0.0014802066167713941,-0.0018907987639566574,-0.0018829549971036389,0.0019110886359203615,0.00022887998385979005,-0.00037269558600762934,-0.00048672145862354004,-0.0032409705130989064
2013-08-08,-0.00019856920158106342,-0.0012098639621799712,-0.00019856920158106342,-0.0017956352676960355,0.0009996884052819984,-0.0013737651074647963,0.0,0.002787814181200554,0.0036651876346172063
2013-08-09,-7.860048540993863e-05,-0.00031047998637253026,-7.860048540993863e-05,-5.8507176258454976e-05,0.0005309485826421986,-0.0010857443664733031,0.0,-0.0014569755623371928,-0.0028856270781417726
2013-08-12,-0.0014119917633449522,-0.0014412870619339012,-0.0014119917633449522,-0.00154309630507126,0.0004160313229266499,-0.0004964396416102295,0.0,-0.0014923205983623732,-0.001181417356922565
2013-08-13,0.0022707040336776164,0.002593525636482433,0.0022707040336776164,0.002678056556884143,0.0015807539752634445,0.0002634974530426497,0.0,-0.0018366406271117523,0.0029564742848624537
2013-08-14,-0.0017152557593057393,-0.0016909375841680447,-0.0017152557593057393,-0.0019726352926169115,-0.001974567782480984,-0.0008137489183434316,0.0,-0.0027214141629369193,-0.005129718237963599
2013-08-15,-0.004010992823547297,-0.003275564162089812,-0.004010992823547297,-0.0043740381410441115,-0.0036562820258839016,-0.0018467628181686926,0.0,-0.010607031417253387,-0.013985502196366961
2013-08-16,-0.0011051373921159011,1.421572693554717e-05,-0.0011051373921159011,-0.000331026262448535,-0.00048093083490707047,-0.0001302124738025157,0.0,-0.0035354130558890693,-0.00330599778929197
2013-08-19,-0.0014733208161000425,-0.0001797416757346927,-0.0014733208161000425,-0.00044926842058052154,0.00011321231811184606,0.0006379646455421371,0.0,-0.005552835671558709,-0.006391813191617413
2013-08-20,0.0010939180509137447,2.0893445921700015e-05,0.0010939180509137447,0.000509615247088303,0.00371220604572624,0.0005943314510764557,0.0,0.005115983501708099,0.004915815490448727
2013-08-21,-0.0013591055649716992,1.3118241224382407e-05,-0.0013591055649716992,0.0007602634098181002,-0.002764122637761395,0.0009455939691818432,0.0,-0.006209539744484838,-0.006160132414576802
2013-08-22,0.002274607580320204,0.0013866011094956466,0.002274607580320204,0.0016773722345215958,0.0033666090409122844,-0.0008035948752177302,0.0,0.005308173255524462,0.00911523692273386
2013-08-23,-0.0005547645270568876,-0.0015196022893919619,-0.0005547645270568876,-0.0015137138036883028,0.0012700116068061098,-0.0008854639138695671,0.0,0.004272870564871089,0.0033722979076282744
2013-08-26,-0.00209778230259064,-0.0016183497169836348,-0.00209778230259064,-0.0014670033996191107,-0.0010329096075085177,0.0006729898504621882,0.0,-0.0014340578251226476,-0.003721156724262875
2013-08-27,-0.00625747431048679,-0.00513136105584621,-0.00625747431048679,-0.005403701676663347,0.0005453104239586913,-0.00035198367088005924,0.0,-0.007378089979973468,-0.016084214358527915
2013-08-28,0.0011250844318737427,0.0012176706255650504,0.0011250844318737427,0.0016229267305006788,1.6332750988669233e-05,0.0011057305402466268,1.0460632872168467e-05,0.0005055404282613193,0.0035511084791932657
2013-08-29,0.0011328581858085734,0.0009515274835635694,0.0011328581858085734,0.00170027377424877,-0.0014660420821644845,0.0006851754864373426,0.0007825353695396958,0.0013496206649517006,0.0015862553021257497
2013-08-30,-0.0011092555925255865,-0.001112293667160254,-0.0011092555925255865,-0.0013502812688864789,0.0019886151424879967,0.001123166697139569,-0.002788058614230111,-0.0026556653559798972,-0.003167602068787634
2013-09-03,0.001255989583288217,0.0015988061549159103,0.001255989583288217,0.0013675882015054845,0.000832081261191274,-0.0016294902334397436,0.0016502575031802904,0.0004426926324237802,0.004522034204954561
2013-09-04,0.0031807653885311546,0.0018383019124584862,0.0030999283914547662,0.002017143013184719,0.002379990547648578,-0.00029383992974116514,4.468249625969509e-05,0.003639462469038879,0.008272502252517189
2013-09-05,0.002385108565591567,0.002238855857382072,0.0028356323042110707,0.004229068495337114,-0.0018937043679897194,1.683586873537919e-05,-0.0020298587512792145,-0.0022990029305007824,0.0012675227180574122
2013-09-06,-0.0012082304681213245,-0.0006834148958910884,-0.0011640342071328352,-0.0026547865003143196,0.000930855207719207,-0.0022010185431639634,0.0037429308852816932,0.002723104819121991,0.0004817849847043032
2013-09-09,0.0013424368282594701,0.0007467364580244647,0.0018919229015505825,0.00015041125089556613,0.0036828343480540715,-0.001270749752967081,-0.0003770037378588437,0.006552478351345092,0.009576280364224532
2013-09-10,0.0036657030099057413,0.0022983570379797084,0.003614936338624508,0.0031889110787545276,-0.00304435420500932,0.00039764261263429017,0.0,0.0025869919308930452,0.007397130619375858
2013-09-11,-0.0008807278938160167,-0.0008581980940852145,-0.0009627783061442367,-0.0016790214062321553,0.00025341213201531053,-0.0003542736630741663,0.0,0.0039045447649316057,0.00313837304451714
2013-09-12,0.001707924597389056,0.0007989782684005619,0.0012748561978386142,0.0018709962994321674,0.001128956319217257,0.0026234716383575834,0.0,-0.0015539324141600863,-0.0026565529691949807
2013-09-13,-0.00013248601717047036,2.9629534688977363e-05,-9.55450823889645e-05,-0.00018415017221781477,-0.0011200971129959364,-0.0011943126811088994,0.0,0.0018726187205875267,0.002249499485519779
2013-09-16,0.0013434822737644434,-0.00014095821701678903,0.0016212577169783622,0.00021121463044961324,-0.0011381275897576514,0.000443281066622811,0.0,0.004355679616603103,0.005786935978263186
2013-09-17,0.0010703272241737332,0.0003586758866895139,0.0007180781417737312,0.0003148118544691091,-0.0030336138998440796,-1.5742524856832488e-05,0.0,0.003479530042762935,0.004462850213187597
2013-09-18,-0.0033645788347926088,-0.0017370155021870538,-0.003046229682767711,-0.006615246455289865,-0.004614221649437403,-0.0031373307837089318,0.0,0.011904358857336917,0.011573946879062103
2013-09-19,0.0004949647764374559,0.0005036203086726944,0.0006741451623573725,0.0011261627361255867,0.00039744313578391106,0.00031134603395599426,0.0,-0.0023882747105842483,-0.001675549306485502
2013-09-20,0.0016802989078249608,0.000227500811329069,0.0006638444027199947,0.001920203484867222,1.6324746530030645e-05,0.0024149954185963053,0.0,-0.0037981692019955155,-0.006991447273422602
2013-09-23,-0.0011091080515396952,-0.0015882456135320481,-0.001489627750937387,-0.001015506907441422,-0.0011412566060369177,0.0005466014169504696,0.0,-0.0012718565619842968,-0.0046276366886481846
2013-09-24,-0.0009632203742412997,-0.0007065683938261918,-0.0011582699188465184,-0.00035462817834375584,-0.00014647471104087018,0.00023780335120872782,0.0,4.795241500343849e-05,-0.002353827144865539
2013-09-25,-0.0014256631231614374,-0.0009840614019399545,-0.0017550430500093799,-0.0017421295546853443,-0.0005604381354234768,-0.0001324026823731304,0.0,-0.0006334008978881476,-0.0028906127743884014
2013-09-26,0.001132957495570413,0.0013242992412928322,0.0019403787269300801,0.0016016362675408912,0.00018913793851308572,0.0005507918287695904,0.0010741607162496865,0.00144462494373645,0.003845682496061986
2013-09-27,-0.00022167219419158774,-0.00013334424456770482,-0.0011322540725796917,-0.000705354066562358,0.0002736056797536136,-0.0004564541725039581,-0.0017338547916512408,-0.0022075764337169622,-0.004596358711711712
2013-09-30,0.0002840048855235141,0.00021040268461658073,-0.000507836890323634,0.000587829812103408,0.0017201817584944648,0.0003992425636852917,-0.0026836970684035286,-0.0025301637617931804,-0.005328566535893642
2013-10-01,0.0028978859671172147,0.001421517122419059,0.0037135742827014194,0.002153234048820947,0.0019115461210848991,0.0002677486334243909,0.0011995649935358777,0.0038591450391662896,0.00791591640871614
2013-10-02,-0.00136272686671289,-0.00015162234551900416,-0.001414795441674855,-0.0015972300924339987,-0.00021492051173852328,-0.0012234363316655956,0.002471347266395549,0.00010128735640819737,-0.0009449007675278454
2013-10-03,-0.0032234557683287397,-0.0023441246460490592,-0.0032234557683287397,-0.0018826213403704726,-0.00104347619109406,0.0006207888210168371,-0.003372820535268112,-0.004982790463972142,-0.009220768347740771
2013-10-04,0.002108496333261255,0.002183557157519881,0.002108496333261255,0.002260143283570589,0.0015989839027345076,0.0008119147059996428,0.0023178306288050904,0.0034484770816936455,0.007576785431659072
2013-10-07,-0.004229109322290152,-0.003526721814241673,-0.004229109322290152,-0.00457968172558374,-0.001552592091436092,-0.0005899671431941675,-0.0004456311890080868,-0.004833047378977695,-0.008644826491292279
2013-10-08,-0.004037186036520995,-0.0034014462212078886,-0.004037186036520995,-0.003199590952486004,-0.003498490105923909,-4.8411674779240975e-05,0.0,-0.007184591428933751,-0.011646514262306229
2013-10-09,0.0009112597304825781,2.3358712122566985e-06,0.0009112597304825781,0.0008994868186500296,0.0017797132280301781,0.0011575561654914364,0.0,-0.0002720693202026059,0.0007249199441210497
2013-10-10,0.007412200349859911,0.006313876802220895,0.007412200349859911,0.005448352801862904,0.0010203135483089485,0.00043387611144529443,0.0,0.012068941340004045,0.021558035459555036
2013-10-11,0.003322597584256759,0.0022056207479781076,0.003322597584256759,0.0025543166741152754,0.001654182949466942,0.000376398179069209,0.0,0.004457600145413476,0.006443087071615228
2013-10-14,0.0028250000004661716,0.002613659957080995,0.0028250000004661716,0.0027795759542475216,0.00099278293398627,-0.00030479346715481503,0.0,0.001057074043923567,0.0039939621781981405
2013-10-15,-0.0028178092134926347,-0.002580071170162124,-0.0028178092134926347,-0.0025341321677690384,0.0010141624521657708,0.0007054082852865675,0.0,-0.004273413949519011,-0.007254160826468126
2013-10-16,0.002549679027564334,0.002312250113679788,0.002549679027564334,0.0011032998629301285,-0.0021726385083488983,0.0008675233223634892,0.0,0.010315332740892648,0.0139656906219634
2013-10-17,0.0009624340646101384,0.001385917994672625,0.0009624340646101384,-0.00020020602421154995,0.001215696673147618,-0.0021722559898542807,0.0,0.006291374988700494,0.006684124022425575
2013-10-18,0.0021568277012341723,0.002479733483217127,0.0021568277012341723,0.0022339238870990406,-0.0025068739371062365,0.0012319056281367832,0.0,0.004091409074793262,0.006753980232940826
2013-10-21,-0.0006486677498114624,-0.00040941047085749267,-0.0006486677498114624,-0.00018567613536898402,-0.0002750594831344157,0.00025526222494915275,0.0,-0.00023899764276600342,5.7332563397460845e-05
2013-10-22,-0.0005895099384019395,-9.078180112251865e-05,-0.0005895099384019395,-0.001299302845237065,-0.006467141508140119,-0.0008714353114985555,0.0,0.006252414850689104,0.005791125558281873
2013-10-23,-0.0015615152084071948,-0.0025043465107069157,-0.0015615152084071948,-0.0017043634271996396,0.002287812227504344,0.00036263661295054953,0.0,-0.0021738025609687956,-0.004788471482594203
2013-10-24,0.0013680379994664722,0.0015955601389725288,0.0013680379994664722,0.001389969670214815,-0.0010076187031352692,-0.0006452807211150178,0.0,0.0011786722625347409,0.0033220764268488967
2013-10-25,0.0010802161482186155,0.0005815497889196768,0.0010802161482186155,0.00013662765326533685,-0.0013767673922392876,0.00017491808340908382,0.0,0.0034402992583113523,0.0045678934530823945
2013-10-28,-0.0001151514200052838,0.00047936852892449414,-0.0001151514200052838,0.0004376320479486087,0.000488483877284161,0.0006921640916338519,0.0,0.0005666541968792681,0.001590970973362582
2013-10-29,0.00039867961894145786,0.0005469129780474539,0.00039867961894145786,0.000846314229326304,-0.0008091518563065417,0.0011326975016784078,0.0004730698926878872,0.0037442769182470135,0.005334390361757535
2013-10-30,-0.0025430217096670043,-0.002023138090296517,-0.0025430217096670043,-0.001895103994553427,0.0023018181789692138,0.001298059483159678,-0.003084061462324343,-0.00402722494244414,-0.004967060478795027
2013-10-31,-0.0005064674119303693,-0.001381148756475422,-0.0005064674119303693,-5.2416672442410356e-05,0.0020744811057156385,0.001855313857978018,-0.002512304458974544,-0.002168678701346738,-0.002836269229137378
2013-11-01,0.0009891644420417303,-0.00012336339262375477,0.0009891644420417303,0.0005881136785755559,0.0013165699831939387,0.0005938864920452814,-0.0027466942876898824,-0.0007849721746648441,0.002389436583306148
2013-11-04,0.001916832926605473,0.0016480653204488617,0.001916832926605473,0.0020387997973383733,-0.001876126901370328,-0.0007878038068635865,0.0009478765204355854,0.002895706232773909,0.0035183334834230084
2013-11-05,-0.001217707395984252,-0.0006895440353020437,-0.001217707395984252,-0.00041207856980913295,-0.005210919702985082,0.0002059373458931196,-0.004294626611787733,-0.003700587742664552,-0.003167177859910386
2013-11-06,0.0011131533771911676,0.0005608657739491057,0.0011131533771911676,-3.151647750561593e-05,0.002062189551000786,-0.0002801811596248752,0.0019498630382617952,0.004282089989145499,0.005106187691393371
2013-11-07,-0.005272008177139114,-0.003920810097960123,-0.005272008177139114,-0.0047950963539671095,-0.0013541393717069771,0.004702223381796053,-0.0004630271559735538,-0.006527986258794471,-0.012643329509146706
2013-11-08,0.005176851782856586,0.002849202161159528,0.005176851782856586,0.005089584277193076,-0.005696355639454738,-0.0027331939389492266,0.0,0.003600136777074202,0.013491097153219389
2013-11-11,0.00045359969622201765,6.442798772591949e-05,0.00045359969622201765,-9.122026461473137e-05,-0.0001345268247916718,-0.0009736533652481024,0.0,-9.609678266051526e-05,0.00016939786003300483
2013-11-12,-0.0003425460351942061,0.0004453497198908985,-0.0003425460351942061,0.000998745600836412,-0.00032205400484534147,0.0015971771712578,0.0,-0.0015739801654621965,-0.0020298670676280883
2013-11-13,0.002024537297218107,0.0016577188355472252,0.002024537297218107,0.0014516877825623015,0.0019668962231755415,0.0001012454091722187,0.0,0.006476903245061828,0.008023839526633658
2013-11-14,-0.00045321005049181066,0.00010271979716771979,-0.00045321005049181066,-0.0005187979130029533,0.0029774815913696647,0.0005188225996876359,0.0,0.00492533868227274,0.004989524567373449
2013-11-15,0.0021617979480750486,0.001592882741216542,0.0021617979480750486,0.002271017182097232,0.0016954432573252102,-0.0011893727965141352,0.0,0.0022967383172220134,0.004350945343777557
2013-11-18,-0.0016003879968279325,-0.0006992836736805032,-0.0016003879968279325,-0.0010315964762893529,0.00035090813860687677,0.0018221326604721572,0.0,-0.0006859715579590638,-0.003499247869946487
2013-11-19,0.00026542870129626304,-0.0003616164857505407,0.00026542870129626304,4.496765852523778e-05,0.0015650693446320777,-0.0005461038897396219,0.0,-0.002790860119800298,-0.0021734961594426228
2013-11-20,0.0008205529204865996,-0.0004932546834425667,0.0008205529204865996,0.0010183752339864506,0.0030325019078109882,0.0009377646318395259,0.0,-0.004076207223127737,-0.0031281522810973073
2013-11-21,0.0022898804724592174,0.001340548851367701,0.0022898804724592174,0.0010997785423390153,-0.0018952779117688934,-0.0005633464821458612,0.0,0.005196847145406069,0.008068849200117745
2013-11-22,0.00020672815557916223,0.000993909395051347,0.00020672815557916223,0.0004887020052403923,-0.0029326977116460023,0.0008224563092939557,0.0,0.004145557754709461,0.0050024544950098004
2013-11-25,-0.0014835158444859754,-0.0004083883163062089,-0.0014835158444859754,-0.0010044941971348907,0.0001533692648871634,0.001160176605271524,0.0,-0.0002825590187035098,-0.0009955527925747942
2013-11-26,0.000608699337502936,0.000977684568271478,0.000608699337502936,0.0008935996553218532,-0.0005475680484095417,0.00022382759986201174,6.167823961927073e-05,0.0010307018052521768,0.000276759788647718
2013-11-27,0.0012560861269141264,0.0012937181885305815,0.0012560861269141264,0.0023560758395231207,-0.0002323407480068355,-0.0005806631860587326,0.000393973334063267,0.0005590213803625231,0.002435336303206137
2013-11-29,0.000484230010125233,0.0003182106412857183,0.000484230010125233,-0.00011871385206547853,-4.9316861859388815e-05,-0.0015301864574279473,0.0012891174235153036,-0.000633240011943359,-0.0006626355812724416
2013-12-02,0.0009071282728835754,-0.0008233728372664788,0.0009071282728835754,0.00041980317543742886,-0.004246483041513164,0.0020479742611496515,-0.004900951674881735,-0.0032756091653007415,-0.0025964333095465086
2013-12-03,-0.0010877537548141859,-0.0014558825046638625,-0.0010877537548141859,-0.002948145789527806,0.0018774280607220186,7.255465467602982e-05,0.00045241579177479754,-0.0018804133087610975,-0.004320892280933686
2013-12-04,-3.672630735092093e-05,-0.0010244940028062619,-3.672630735092093e-05,-0.0012064492493898099,0.0006102304740836957,-0.0031599791130760353,-0.000374763369866092,-0.0018839061873210385,-0.00011145658908073841
2013-12-05,0.0014580968464344862,0.0009640164424843413,0.0014580968464344862,0.001051501786050583,-0.0014464234271270124,-0.0006114767421150017,-0.002972717053819173,-0.0036291441470530867,-0.004395229505531728
2013-12-06,0.0028010285555881316,0.002740028381276473,0.0028010285555881316,0.0019313457961873009,0.002463498313062645,-0.0008956492669966504,-0.0005063518257675925,0.007064192277207094,0.011176956753170098
2013-12-09,3.847708802671205e-05,0.00021778758425479422,3.847708802671205e-05,-3.984383660387193e-05,0.0005726414226092838,-0.00021975474265158515,0.0,0.0020024123407438752,0.0025422463213982116
2013-12-10,-0.002866907581746095,-0.002475801635128432,-0.002866907581746095,-0.0035795122295442096,-0.0015715190280669112,1.01641839489295e-05,0.0,-0.0004831516321915695,-0.0035835446934695536
2013-12-11,-0.0036263740741180545,-0.0032531166183602917,-0.0036263740741180545,-0.0009741249816810377,0.004027098533232511,0.0021198302924007443,0.0,-0.008280207042139276,-0.011230667432698738
2013-12-12,0.0010563694372493064,0.0008679634814218011,0.0010563694372493064,0.0015396069293940175,0.00278975955815202,0.001079647755282145,0.0,-0.00313128780572367,-0.00330119689445707
2013-12-13,-0.000982091460627295,-0.00047554904622905154,-0.000982091460627295,-0.00042649425971347905,-0.00017973715549863658,0.0004693864850697871,0.0,0.000529715808197584,-0.0001125765193444872
2013-12-16,0.0023633043861511086,0.0020569919672991203,0.0023633043861511086,0.0013825386625378685,-0.0029521197325752305,-0.0021167496166155683,0.0,0.0035403066607615054,0.006232274378271674
2013-12-17,-0.0011184408143335874,-0.0007205696457931413,-0.0011184408143335874,-0.0013401623316479513,-0.0014904823903652466,0.001482371876146647,0.0,-0.0006360217119601328,-0.00318009537961661
2013-12-18,0.005630518185957091,0.0047264746641938905,0.005630518185957091,0.0037975872555216076,0.004742835915354185,-0.0022550753853921163,0.0,0.008737707266604833,0.017072101473777135
2013-12-19,0.00014293104171864672,-0.00013764688012613623,0.00014293104171864672,0.0006123849877435682,-0.0024228222395061426,0.002352644294077073,0.0,-0.0023646419476286208,-0.0011559629795873105
2013-12-20,-7.671681747347182e-05,0.00022240182613695778,-7.671681747347182e-05,-0.0009490509397949355,0.0036386423205022984,6.180135610502588e-05,0.0,0.004728512952617603,0.00581686581206009
2013-12-23,0.0034866635420767915,0.0031570749751676018,0.0034866635420767915,0.00359577557561836,0.001721656116853461,-0.0026165503664458147,0.0,0.001931494483997653,0.005342670974495922
2013-12-24,0.0012455132086744555,0.000798963155801105,0.0012455132086744555,0.0008748814475571892,-0.0011723372506875027,-0.001496123835023473,0.0,-0.00024333341639088974,0.0021915827127461096
2013-12-26,0.0007671461834372843,0.0005034550337470372,0.0007671461834372843,0.00033965257131536526,-0.0007780329858339335,-0.000823151752023306,0.0,0.0027050867221261043,0.005084081258816875
2013-12-27,0.0009362762897611843,0.0006205707675129581,0.0009362762897611843,0.00032788831871396665,0.0008588947057297781,-0.001763263400378873,0.0005875978741364806,-0.00027438874243745914,-5.459808587104931e-05
2013-12-30,0.0008639365838428446,0.0015237564318599612,0.0008639365838428446,0.0015363052041535287,-0.00025643355018629944,0.0012688377861087509,-0.0010287703533254236,0.0009885370800906124,-0.0001631885547968004
2013-12-31,0.001976408733250461,0.001741578748675747,0.001976408733250461,0.0028982024480067167,-0.001825946495988654,-0.0012721313646656795,-0.0003004478684409016,0.001034447891628609,0.0047330355842925
2014-01-02,-0.006772429615674728,-0.005495881179548005,-0.006772429615674728,-0.004295559873608343,0.007985601468420393,0.0036995961809758986,-0.003294670904267991,-0.004178868572615556,-0.009584027273850881
2014-01-03,-0.001342096334281829,-0.0003051419358502046,-0.0003800327805185529,-0.00046108797336879366,0.0018904567932658792,-0.00010160261585109041,0.0003325472212630369,-0.00033866106310178614,-0.00016360643355273208
2014-01-06,-0.0008892873994849517,-0.0010005312332604988,-0.0016083353402561193,-0.0003642216771713542,0.001431825136553776,0.0016275589798843925,-0.00022204379229500017,-0.0006142683077460464,-0.0028980274732839373
2014-01-07,0.0017922411332232278,0.0014290852822087523,0.0025132790263077986,0.0011328675130189002,0.000737880408038442,-7.99660620658144e-05,0.0020209182745331896,0.004325997634336076,0.006141634876827062
2014-01-08,0.0019277184902320912,0.001955151452352844,0.0024071020254622126,0.0022676448759071086,0.0009069047979821332,-0.0005612872450598123,-0.0005401512056449742,-0.0018287156673098435,0.00021843411481015096
2014-01-09,-0.0002683845032468295,7.335063636959635e-05,-0.0005076360560893646,0.0005333463506856407,-0.0022629061526643693,0.0008814905070655826,0.0,0.0014369217066570795,0.0006534146070131808
2014-01-10,-0.002036257953793319,-0.001553661647729986,-0.0031138795144324107,-0.002170092434010319,-0.0018911057060576177,-0.0007403352240239639,0.0,0.005001307685488454,0.0027227145755583937
2014-01-13,-0.004592487276020973,-0.003416887314295655,-0.00519362496078116,-0.002519745341690134,-0.004690376382971925,0.002137074027746689,0.0,-0.006830276066622832,-0.013304952761608257
2014-01-14,0.004895104890455966,0.0037054482349043287,0.005377121696897539,0.0028417198920279805,0.0019404470212530593,-0.002448343659688367,0.0,0.005032581989910545,0.010897657900200697
2014-01-15,0.0023798177812830532,0.0011299999932882366,0.0035827031562434093,-6.061039342453536e-05,0.0015854523858698935,-0.0009258894906261489,0.0,0.002875736920437255,0.005390192139031358
2014-01-16,-0.0007569075985667541,-0.0005156970219281431,-0.000996379056486549,-1.664773902626666e-05,-0.0013756393012343147,0.0009180789501984241,0.0,0.0003355222634689348,-0.00129967975637868
2014-01-17,-0.002810478670586357,-0.0019516158810190102,-0.0018517116001262298,-0.002045479003186317,-0.00047071631225906397,0.0015165069670800234,0.0,-0.0015851132167328474,-0.004229685926646076
2014-01-21,0.0033895710569765937,0.001580763528914676,0.0029119451527945487,0.0014333685012853994,0.0009206440449210036,-0.0008662248699701673,0.0,0.0013287612303896968,0.0029406507090923295
2014-01-22,0.0012754508536655129,-3.3147274079496484e-05,0.0016342462474658766,-0.0011421904205333887,-0.0029404291551805117,-0.0018245227125777048,0.0,-0.0007198078052749857,0.0006513801282634901
2014-01-23,-0.002623455845891804,-0.0032799346190235663,-0.00525149454017233,-0.00174904118969117,0.00388727052233886,0.0006748831333980149,0.0,-0.0022109126217077163,-0.008192849783651646
2014-01-24,-0.007059873122874344,-0.006757381785169566,-0.006697837509618172,-0.005718222677852751,0.006480605240893771,0.00436827298385049,0.0,-0.011182282288298206,-0.021336500768538547
2014-01-27,-0.00017883537014394454,0.00017546281513475316,-0.00017883537014394454,0.0008687232321027559,0.002317448381097922,0.0013093888843976186,0.0,-0.004171336877630783,-0.0049192733814722445
2014-01-28,0.0013284870857758991,0.001091072584534447,0.0014489431379821434,0.0007372470636911742,0.0016258796891917859,0.00028675910074441144,0.0,0.004165088800808103,0.005955058117494971
2014-01-29,-0.004676272075571654,-0.004215180422511988,-0.004676272075571654,-0.003718326483682353,-0.004818356504686108,0.0022250805342163764,-0.0022514454727897057,-0.003871361483718516,-0.00960505111846821
2014-01-30,0.004890097591360089,0.003959783257623557,0.006576473044855374,0.0030617100385062234,0.005188834293601875,-0.0005722643121830459,0.0029900631602049624,0.005967995594439701,0.010600652677880129
2014-01-31,-0.0034925825245124024,-0.0028274082715066874,-0.002774498084581639,-0.00285700564514734,-0.0016127737158765695,0.0024523714753019255,-0.00011539877306990161,-0.0019443372984640382,-0.0058585105394763914
2014-02-03,-0.008391033083491393,-0.00658143472297928,-0.009226468357293613,-0.00449647945983051,-0.008395285907644942,0.005460158917559823,-0.005283732039698077,-0.011328745704792052,-0.022504983796056477
2014-02-04,0.0008734135242502523,-0.002220582461838567,0.0010036831816554064,-0.0024847912527340933,0.003698273262370006,-0.003254836285874489,0.002690107383254831,0.002994846446284249,0.0070045161265206435
2014-02-05,-0.0007261118511733779,-0.0015618036807970009,-0.0007261118511733779,-0.0020746522746580686,0.0017308080269512198,-0.001413723833670836,-0.0015188099182423826,-0.0021991961384255857,-0.001254976631469673
2014-02-06,0.002233496459940622,-0.00011811610134566159,0.002233496459940622,0.0008824818539054707,0.0044709754819601474,-0.002524926087824592,0.004184428156030269,0.007167489365847368,0.013187737834777558
2014-02-07,0.0008871021333447544,-0.0001193034154021911,0.0008871021333447544,0.0016599545384201008,0.002819463786283581,-0.0012152593673824057,-0.0005305147527709051,0.008498121912980983,0.012395402384720589
2014-02-10,0.001230560522584486,0.0009167421342263859,0.001230560522584486,0.0009250096875086444,-0.0013019192010832754,-0.0007378363221998262,0.0,0.0012983165700674705,0.0018371535827692576
2014-02-11,0.0015278438411194502,-0.0010977027529718644,0.0015278438411194502,-0.0006003618108770619,-0.006765123709883277,-0.003194607335627696,0.0,0.004803322177515712,0.010943280110995879
2014-02-12,0.00012362851007322818,-0.0009591972013397207,0.00012362851007322818,-0.0013463092617834842,-0.0014674787276569398,-0.0014416829378435976,0.0,-0.000647446321090639,0.000495010413019692
2014-02-13,-0.0004921308871141668,0.0002567764074038925,-0.0004921308871141668,0.0023572145996873196,-0.002527847676481279,-0.0002601162971166731,0.0,0.00499071989568618,0.005162505071268697
2014-02-14,-0.001370100622770339,-0.0019215307095524386,-0.001370100622770339,-0.0013815766528194624,-0.003639778840689274,-0.001958502616506974,0.0,0.003036569426398472,0.005518820250417944
2014-02-18,-0.0013085814890500778,-0.0015625258971827438,-0.0013085814890500778,-0.0004946760450435471,-0.0036964142357546518,-0.0006810908854910616,0.0,0.001699047118023067,0.0011955082214858415
2014-02-19,-0.00047478889828460194,-0.0005512001786182986,-0.00047478889828460194,-0.002114895836296245,0.0023811030003680293,0.0013347381962851056,0.0,-0.004756698506171997,-0.006621980387063742
2014-02-20,0.0006311424770429766,-0.0003437590683498119,0.0006311424770429766,-5.3392635477324225e-05,-0.002537928911952011,-0.0010657874208421293,0.0,0.0031089146259696055,0.005901431643602351
2014-02-21,0.00016433663284873238,0.000578543378833279,0.00016433663284873238,0.0010760043617606008,0.00015484156751409409,2.582069233784441e-05,0.0,-0.0001732779823358843,-0.0011405638266637208
2014-02-24,0.0008506849948155201,-0.0003449061748384457,0.0008506849948155201,0.0001874633062102751,-0.0033016548409456484,-0.0012243902369177392,0.0,0.0029354112626263085,0.005546792496928132
2014-02-25,0.0007323405438105102,0.0019285078637296933,0.0007323405438105102,0.00261395632465311,0.0007395115528839563,0.0016979232830035451,0.0,0.0011482621775127822,-0.0003786922365749401
2014-02-26,0.00177772077025485,0.002104243831998514,0.00177772077025485,0.0018547986551221305,0.0005210089319273907,0.0022930595225482057,0.0004886311361445656,0.0012069810679574912,5.41048294826485e-05
2014-02-27,0.0002805257005151492,0.0007811208503682898,0.0002805257005151492,0.0019832123364685993,0.00030549305460892697,-0.0005078108098740742,0.0019944366697420023,0.003617195714470123,0.005247782637100018
2014-02-28,-4.1419363994353326e-05,-0.0002750756274054657,-4.1419363994353326e-05,0.000549161067030365,-6.851156434306571e-05,-0.0003103920966636592,-0.0005384299930610531,0.0011273625081816617,0.0025289069336706937
2014-03-03,-0.004983533132529792,-0.0029194760266165578,-0.004983533132529792,-0.004100306996014588,-0.0014592166818412898,0.002702263795180156,0.0025714638088687124,-0.002240745980919589,-0.007032060294791309
2014-03-04,0.0057487822516909025,0.0029668447730693253,0.0057487822516909025,-0.00060546643799369,0.0023669050335087343,-0.004346098225197027,0.001004772213492016,0.005359944050705545,0.014055694765261473
2014-03-05,-0.0008987574243700195,-0.0002391339469550573,-0.0008987574243700195,-0.0015405186259521743,0.0017102396241563621,-2.074561518619935e-05,-0.0016194292837173312,0.0009745118395357189,0.0009056439489931734
2014-03-06,-0.00011004692560162425,-0.0007147953791943536,-0.00011004692560162425,0.0004485053826690343,0.0011823630531767075,-0.004550504894856277,-0.00012168929186388939,-0.0003489216885797842,0.0022908511208588056
2014-03-07,0.0008500693089301863,-0.0018682265455951664,0.0008500693089301863,-0.003978872878204906,0.0015322067397379104,-0.0011402648355001562,-0.0005300166505640997,-0.0014753014299662582,0.00042525632227241594
2014-03-10,-0.0008425999377305686,-0.0007747357999362565,-0.0008425999377305686,-0.0018500912507473748,0.0011861459784959453,0.00044046433573029643,0.0,0.00011527456817301835,-0.0005314194762436886
2014-03-11,-0.0018656398303600599,-0.0010884793264495278,-0.0018656398303600599,-0.0006458365798329866,0.0010841764244648871,0.002592731690105604,0.0,-0.0025704905427442306,-0.004942466677036461
2014-03-12,-0.001162595413602002,0.001211835764287215,-0.001162595413602002,0.002690954473514223,0.0016566365209687553,0.0004718663084082257,0.0,0.0017369381793686412,0.00026707091109900993
2014-03-13,-0.003671570888392262,-0.0020454085747007634,-0.003671570888392262,-0.0010269249445403353,0.004399224241661725,0.004523988153831563,0.0,-0.00437159828821323,-0.011213279383658348
2014-03-14,-0.0012002022358059358,-0.0005205178834243596,-0.0012002022358059358,0.0009177281292897778,0.0010988771155463464,-0.0005634068354795963,0.0,-0.0016458313440173011,-0.002807980853372305
2014-03-17,0.003831544811107364,0.0019133554053915565,0.003831544811107364,-0.0016206547457418745,-0.005178853357337382,-0.0027277139535541233,0.0,0.003825580800604289,0.009043600721815315
2014-03-18,0.0027049020358211546,0.003175992494770841,0.0027049020358211546,0.0031921855118304337,0.0026314485652409025,-0.00019249326796426603,0.0,0.005262868128640186,0.007137996034323191
2014-03-19,-0.0014665276107045013,-0.00508414074279842,-0.0014665276107045013,-0.007144613607096186,0.0032746128004111546,-0.0004829131381768896,0.0,-0.006912035823308705,-0.005329178648118882
2014-03-20,0.0012363758807750636,0.0007832219391376671,0.0012363758807750636,-0.0005436754194793955,0.0011484158258490934,0.0008081745729465438,0.0,0.0035826887912737693,0.005839220447119375
2014-03-21,-0.0011356578808924883,0.00026861841682303755,-0.0011356578808924883,0.0013570736838874366,-0.002937773434423448,0.0021641977245563143,0.0,-0.0015770680253375023,-0.0038782062085004343
2014-03-24,-0.0004718816824803838,-0.0003019433294842031,-0.0004718816824803838,-0.0017275636128086997,-0.0002288032839209952,0.0019453050707905792,0.0,-0.0023238253767402517,-0.004135296209321848
2014-03-25,0.0009977834864523523,0.0012469550925997537,0.0009977834864523523,0.0015502853163412817,-0.00012925500765035831,-0.0002210707429580155,0.0,0.0026113006027414618,0.004746053188680488
2014-03-26,-0.0021033382448812084,-0.001311623839736699,-0.0021033382448812084,-0.0012381872628442806,-0.004106348258757636,0.002912495362713101,0.0,-0.002621691799713855,-0.007192637917518674
2014-03-27,-0.0012384734448752078,-0.0003948359939667632,-0.0012384734448752078,0.00052788804324947,-0.0021750353381757787,0.0013967654106577735,0.0014474421340360836,-0.0008728847451324516,-0.0021084639942695604
2014-03-28,0.0017896033954932305,0.0008052160047784637,0.0017896033954932305,0.00030693752518633904,0.0005134760018991367,-0.0014949049523443733,0.0008367024700209483,0.0015474327444954029,0.004930042764285991
2014-03-31,0.00293618186622671,0.0026267791966942725,0.00293618186622671,0.001820444647634589,0.0019302591207066206,-0.0013324879619135987,0.0019175391113419025,0.004955854978413754,0.008194489064074162
2014-04-01,0.002858599718988862,0.0019159471275596765,0.002858599718988862,-0.000890510546003933,0.002468051665394154,-0.0031643067923636495,-0.00011968057313704488,0.0031514848617308017,0.006631292287823998
2014-04-02,0.0005447631534750486,-0.0004884855462132765,0.0004440841859052312,-0.0016167891729920118,0.0016459317056025235,-0.002260037050306462,5.5513177130845224e-05,0.00027077400302411014,0.003345898423181559
2014-04-03,-0.0015058942787187337,-0.0007148653155761888,-0.0012402609018738945,-0.000385923527065085,-0.0027838163336405463,0.0025755626035184834,0.00048483533389732144,-0.000516499927655345,-0.0013231348965213607
2014-04-04,-0.0038241619821681515,-0.001538481896370839,-0.00364081830368644,-0.001505555956650274,-0.003349294907677292,0.004370217501246299,0.0004413644422426456,-0.004636691570517248,-0.011822397822444097
2014-04-07,-0.0015708894177918812,-0.0009792965068234163,-0.0018716963460420478,-0.00021897963632327609,-0.0008705380918698008,0.0025862343322426086,-0.0005270702247455692,-0.005686015726219784,-0.0110513360659803
2014-04-08,0.0021858782168735465,0.003649516695539818,0.0013872490732840764,0.003053089707197988,0.0007452453156360531,-0.0013154857966378927,0.0,0.0030239331624924318,0.004123007691032354
2014-04-09,0.004131614732483691,0.0036051171821155593,0.0036052569623083457,0.0030662846787720154,0.0035358155162928534,-0.0035646942193099745,0.0,0.006332674820368034,0.010750686093844442
2014-04-10,-0.007256218362398526,-0.0054028710812104455,-0.006521652502258525,-0.0049491004899056,-0.004744868288406828,0.004772857543767467,0.0,-0.010915954309378062,-0.021005878374613207
2014-04-11,-0.0030588529758224245,-0.0025734133487441877,-0.0030588529758224245,-0.002155653771353432,-0.0019966574240401357,0.0017137892073892365,0.0,-0.004584659099390076,-0.009008804258804237
2014-04-14,0.0011327030562589358,0.0016515514757435468,0.00128119670491071,0.0013165089547272784,0.0008940607663498173,-0.00013414575439815593,0.0,0.004103214306142399,0.007878407463139059
2014-04-15,0.0017316997697959095,0.0016238037206866155,0.0027733924638987145,0.0029060413456151223,0.0019008662191472379,0.0031746223004519,0.0,0.004601231846712439,0.0068877792884880495
2014-04-16,0.003052857916304465,0.003042232266483847,0.002179866345297893,0.0029140085195745037,0.001842722285513898,-0.002097645281792454,0.0,0.005662314742526009,0.010477770366950079
2014-04-17,0.0012894511063434603,-0.0006603405381123814,0.0006594552299885492,-0.0015583732460322725,0.0019004485975882284,-0.003232243514030119,0.0,-0.0014282243136680695,0.0013967814287407787
2014-04-21,0.001780837041857647,0.0010153962808517817,0.0022080102308398315,0.0011711411415087042,0.002086018699956035,0.0002694829622472366,0.0,0.002014001662888276,0.003487334381797158
2014-04-22,0.0008177377683851224,0.0014305654820074814,0.0009995801117600746,0.0025820722570520514,-0.0012475771696110211,6.590769729549931e-05,0.0,0.0025690394091983037,0.004544296185975183
2014-04-23,-0.0017234039219132424,-0.0008561355248953984,-0.0012261816324834144,-0.00027758202891696427,0.0018345627226744635,0.0020150517922008465,0.0,-0.0003827030575203948,-0.0023417577064686057
2014-04-24,-7.108553751766287e-05,0.0009732602249567612,-0.00013784872517809223,0.0006719188900740221,-0.0002475603407687991,-0.0006656983054111062,0.0,0.001098965419597775,0.0020274516229517037
2014-04-25,-0.0037106287348760494,-0.003193174194238519,-0.0027766260942037073,-0.0027543458054564134,0.0031424636076239276,0.0024387007056683174,0.0,-0.004370312907798501,-0.008199017395733366
2014-04-28,0.001997574700548137,0.0006962796784753409,0.00165943005820943,0.0002548337445427264,-0.0012370799246618457,-0.00079802959059195,-0.0009435917844057384,0.0013126822736197585,0.0031670096318803242
2014-04-29,0.00143173601112126,0.0016115361370907973,0.0007755345203562158,0.001838315907247713,0.000720848790168056,-0.000613543747425711,0.0017990803509220638,0.003146194371187505,0.0046550465424384235
2014-04-30,0.0016356804889627833,0.0017350595685692758,0.0017690186906943503,0.0029657894537453203,-0.0010128894568930064,0.0008791811132292753,-0.00021692460984479035,0.0028484600194040423,0.002983486507545985
2014-05-01,0.0006905790100915036,0.0012258687903401962,0.0006071016988314466,0.002015520528508204,-0.001926941257390092,0.001301044192008893,0.0009307191598757977,0.0012152417057643028,0.00010584850320949357
2014-05-02,-0.0013995832091902448,-6.718449100233228e-05,-0.002062068675308775,0.0003576412100285807,-0.0019309460130894221,4.5588995692153427e-05,0.002690451147300395,-0.00027435174000911544,-0.0014335328809510495
2014-05-05,-0.00030873669126301416,-0.0007667477497859168,0.00036628659411366073,-0.0017480883056980928,-0.0003862387065055652,-0.0015465132436790303,-0.0004143621718886152,0.0009143269574820145,0.0019136890636652915
2014-05-06,-0.0015541049197644711,-0.00046880094148888524,-0.0020051133584102626,-0.0003118641647884118,0.000491350897057283,0.0016434022869921915,-0.0019252567993652272,-0.004753743119862075,-0.008703178271252665
2014-05-07,0.00306810253341963,0.0025248034117142243,0.003022759968171863,0.0032290696370325823,-0.0003834295425457696,0.0012252215343662742,-0.0005584373154522907,0.0038453719732467915,0.005889032481385836
2014-05-08,-0.0005452257789218375,-0.0005333536571787539,-0.0006124400885568334,-0.0010436912066979563,0.0003411836625414464,0.0010885968165583427,0.0,-0.00021050392900117114,-0.0010648002139780344
2014-05-09,-0.00024813216771164554,-0.0009990187072001515,4.4448184796882e-05,-0.0010360267902614247,0.000149035589407973,-0.00014721192632387184,0.0,0.0005840905496372172,0.0014922493650997293
2014-05-12,0.0018236900804678097,0.001055546101946613,0.0024995564556917534,0.0019654481248389502,-0.0019058061312685849,-0.00483778216707155,0.0,0.004790118829034151,0.009735946385405425
2014-05-13,-0.000505459402705223,0.0012608160620560837,-0.0014994069738420448,0.0020340658865682843,0.000632215179505093,0.0017100131292105529,0.0,0.0020993143832016337,0.0008961051535432141
2014-05-14,-0.002499955261357338,0.000271973190933751,-0.0038275355542036803,0.000784704979097487,0.004014147544837245,0.0023021530849639186,0.0,-0.0010153209976108354,-0.004738392896803223
2014-05-15,-0.001562810111630104,-0.000552115673453311,-0.002032911986413765,-0.00029450042587114494,0.0022480780730462055,0.003348195777542157,0.0,-0.003835730399110248,-0.008780333180364197
2014-05-16,0.002190273426984735,0.0016740030897875926,0.0025031144660173166,0.002336619096127723,-0.003482237570828807,-0.000970127241786566,0.0,0.0012326076126697224,0.003469140548470584
2014-05-19,0.001399996999223824,0.00022718498615446387,0.001646150925721015,5.3744718548765457e-05,-0.0017595414851452869,-0.002044248570055427,0.0,0.0016990279892698632,0.003668837782906831
2014-05-20,-0.0019157862105244781,-0.0009719754179907276,-0.0019157862105244781,-0.001514784975371062,-0.002366459846826906,0.0019493207126116726,0.0,-0.002621639513823326,-0.006304652199480176
2014-05-21,0.001976852667936317,0.0011366129374253218,0.0024696415146781077,0.0013729203035804777,-2.604837650994397e-05,-0.0034836451653055393,0.0,0.004436899367529756,0.008424211539890036
2014-05-22,0.0002877556448478442,-4.82927634477858e-05,0.00037743618378466835,0.00038957260029946154,0.0001671652836624981,-0.0014381208424938223,0.0,0.0010341095183719951,0.002432090869442405
2014-05-23,0.0016861680601924043,0.002139595741362313,0.0013943266827388323,0.0028060673875420442,-0.00048240154201983345,0.0007521447037276324,0.0,0.003218010646470271,0.0040087374890143135
2014-05-27,0.003907183157536873,0.0031348543847993875,0.0029655571231691,0.0040731740300196505,-0.0003129983970154457,0.0009992080234334326,0.0,0.003803590749461083,0.006146415003340344
2014-05-28,-0.0026129518950336306,-0.00038457779226548714,-0.0038865532741492676,0.0010272542036744538,-0.0015591025938561532,0.003516204182747143,0.00033347575863556026,0.0017615375443787106,-0.0007309688881979026
2014-05-29,0.001778341171584394,0.0009837340921989522,0.0025565820072435764,0.0009505429792013244,-0.0005541543467950985,-0.002059348868990046,0.0007836748534934205,0.002604719695145219,0.0051727474250162775
2014-05-30,0.0011914743844971352,0.0006175792886740502,0.0011469729513265427,-0.00020837369394122998,-0.0016069387749061423,0.0010088530059725429,-0.002387647705590776,0.00065953563752017,0.0016116313502945179
2014-06-02,-0.00039863624957404205,-0.0018621622748178947,0.0010816611824614477,-0.002381611541579679,0.001424107821706303,-0.001096749763508982,-0.002261143795533359,-0.0011452331767983549,0.0011420142113864884
2014-06-03,-0.0025839073981549377,-0.0022995832047335092,0.0019211846703908538,-0.0023407289062968707,0.00038242344110471586,-0.0028177812750122436,-0.0018864715735645197,-0.002324331149759074,-0.0005188852152611112
2014-06-04,-0.00022345072313177553,-0.00028356678248152447,0.0006220702585431992,-0.00022345072313177553,-0.0017376219103007332,7.247694526089953e-05,-0.00041184345244675737,0.0009027717766491249,0.0020232246308415913
2014-06-05,0.004481632857683397,0.0032844604026137053,0.003265767257547865,0.004481632857683397,-0.0010921831716029528,-0.0019103953774107637,0.005271588967450499,0.0044970242090091265,0.006521947598463473
2014-06-06,0.00241562852731916,0.0016862326591670493,0.001326251184452223,0.00241562852731916,-0.0003269853633188495,-0.0011863591636059325,-0.0005906903382540691,0.0025589744497788837,0.004782885872159914
2014-06-09,-0.0001738791463725091,-0.0005999102754385893,0.00022242345552567677,-0.0001738791463725091,0.0009578093855272698,-0.0017872792877801293,0.0,3.0200653879397543e-05,0.0010235421410487167
2014-06-10,-0.0022089521493536845,-0.0015955462175545625,-0.000278645009446123,-0.0022089521493536845,-0.0013773538107509748,-0.0022181358486681175,0.0,-0.0006397544775452514,0.00010258511616512145
2014-06-11,-0.0009705410944627242,-0.0005532940761836133,-0.0013213307835662773,-0.0009705410944627242,0.001821231833719115,0.0009668716086106061,0.0,-0.0015397571246525965,-0.003476799400427555
2014-06-12,0.0014302510901452094,0.001133687799734008,-0.004144617925907207,0.0014302510901452094,-0.0007214728893260532,0.0010894756616359226,0.0,-0.00268850435670056,-0.007079829901689871
2014-06-13,1.0669733554933094e-05,1.4270303304926785e-05,0.0006465699719671459,1.0669733554933094e-05,-0.001739980180683144,-0.0010268081883225554,0.0,0.0010525879813013449,0.003048567519143619
2014-06-16,0.0009290188161841978,0.00014033244828377947,8.561465729751809e-05,0.0009290188161841978,0.0005867558535451102,-0.0001157125662235184,0.0,0.0004945216547611597,0.0008242027579352662
2014-06-17,-0.0016977512212280545,-0.0019747817699285724,0.001207299776466752,-0.0016977512212280545,0.0015501771645062218,-0.0013525886562515993,0.0,-5.354840801485893e-06,0.002779695119503156
2014-06-18,0.0055618400860566065,0.004850070886397072,0.0008453022527989511,0.0055618400860566065,9.774973917120623e-05,0.00045648227766703907,0.0,0.006513471078564192,0.00733948839165488
2014-06-19,-0.003636509931098331,-0.003114876583289332,-0.001952271629555313,-0.003636509931098331,-0.0032507929694573596,-0.004800820465270516,0.0,-0.0003377591179760665,0.0011208956464496822
2014-06-20,0.001700038837000007,0.0013267636005956129,-0.0004892540281778886,0.001700038837000007,-0.0009743201463481375,0.0010996091480769887,0.0,0.0016857680575043776,0.0020303745948078156
2014-06-23,-0.001460862429953975,-0.0011783439633945366,-0.00018565949709819,-0.001460862429953975,-0.00030566885745932754,-0.0007892964099299302,0.0,-0.00045632669750035333,-0.0003064867861621856
2014-06-24,0.00023034311404239753,0.0008097371992255997,-0.0036324379936598784,0.00023034311404239753,0.0011867651942390125,0.0032651295118263546,0.0,-0.0019788251953937407,-0.006024245030614717
2014-06-25,0.001761639119207109,0.0011661016127471552,0.0006240695155097795,0.001761639119207109,-0.001125855663432911,-0.0009981458756824816,0.0,0.0030999012305125808,0.0045200957789883756
2014-06-26,-0.00011805395425646916,0.00016603278195997663,-0.001256980006401148,-0.00011805395425646916,0.0005653936600005449,0.0008537147441503791,-0.0006257559237182029,0.0006167153629774491,-0.0007161023802174649
2014-06-27,0.0015975163448022564,0.0010969481424383406,0.002169997440824183,0.0015975163448022564,-0.0015065010637204319,-0.0007627940615919345,0.0004709787033005708,0.0011667895241405102,0.0019446492069008503
2014-06-30,-0.0009257006291038908,-0.0006637822665925356,-0.00019098249395954094,-0.0009257006291038908,-0.000299976252108392,-0.0018960186840946388,-0.00047685438466177745,2.3170012181994762e-06,-0.0005110926060157839
2014-07-01,0.0011053194801934041,0.0006809824739463403,0.004676171763158292,0.0011053194801934041,0.0002739771959215763,-0.0034149266981416296,0.0011442408966537419,0.002708540520352453,0.006693654739110766
2014-07-02,-0.0024607748421713186,-0.002533631657012546,0.001114790991172725,-0.0024607748421713186,0.0011077709582491006,0.00021995391934817213,-0.001833583714522173,-0.001021383023732936,0.0010147712005394993
2014-07-03,-0.0009702723078313681,-0.0009702723078313681,0.0011986397921203676,-0.0009702723078313681,0.0008231547536529483,0.0004621080317477754,6.352133542721242e-05,0.0021323861751730176,0.004918269022881505
2014-07-07,-0.0019072726164518718,-0.0019072726164518718,-0.0019195962079503923,-0.0019072726164518718,-0.0019036696201599546,-0.00047033047589269204,-0.0018849999972662208,-0.0011122532902267722,-0.003481302007327325
2014-07-08,-0.000711190857043143,-0.000711190857043143,-0.004179290754654532,-0.000711190857043143,0.0029447429574427212,-0.00021042319722904646,-0.0006252263884020865,-0.0020269651383709726,-0.006429942463764049
2014-07-09,0.0010175955147889572,0.0010175955147889572,0.0008137413087628529,0.0010175955147889572,-0.002522949235447152,-0.0008360319177820052,0.0,0.0027681746305906695,0.004484337342064881
2014-07-10,-0.0009014250860718483,-0.0009014250860718483,-0.0032442380934625645,-0.0009014250860718483,0.0014347321828877392,-0.0016725391414701262,0.0,-0.0015214763278441398,-0.003957353249136486
2014-07-11,-0.00021902095540046458,-0.00021902095540046458,-0.0011136342242742344,-0.00021902095540046458,-0.001472303337478351,0.0005762725083957791,0.0,0.0014829584918441441,0.0013752407431679714
2014-07-14,-0.00015584960498570742,-0.00015584960498570742,0.005392451265243981,-0.00015584960498570742,-0.00014130763876489462,0.0016215737225219382,0.0,0.0021327514364276375,0.005035339445472964
2014-07-15,-0.004574051801254459,-0.004574051801254459,-6.059490221742303e-05,-0.004574051801254459,-0.0029322872369377142,0.0011892526314397915,0.0,-0.0014718245201958968,-0.0018724879790370519
2014-07-16,0.002730829092393211,0.002730829092393211,0.00017604354681799108,0.002730829092393211,-0.00027048366630164983,-0.0002701221750400329,0.0,0.0028019001630573918,0.0037013806445960196
2014-07-17,-0.0006357178028580385,-0.0006357178028580385,-0.008841972844659356,-0.0006357178028580385,0.001294396224830119,-0.0020265612460619257,0.0,-0.004497618970674577,-0.011365703866503707
2014-07-18,0.002649441941779333,0.002649441941779333,0.007191145227998557,0.002649441941779333,-0.0029230516420743224,-0.0008693269613586911,0.0,0.0053233271800939615,0.010219110483220106
2014-07-21,0.000794250442823406,0.000794250442823406,-0.0013750378571277845,0.000794250442823406,0.0004178649057223168,-0.0011755439830638086,0.0,-0.0010070627218567775,-0.001871351343902261
2014-07-22,0.0014158303324172147,0.0014158303324172147,0.001914234333363938,0.0014158303324172147,-0.0010157334999171435,6.0086008311997785e-05,0.0,0.003115775939264065,0.004357777278260588
2014-07-23,0.0016621088627824252,0.0016621088627824252,0.0012274633717153935,0.0016621088627824252,-5.007994149576501e-05,0.0003203982588451149,0.0,0.0012933923449774285,0.002219902023766984
2014-07-24,-0.0035731977069428968,-0.0035731977069428968,0.0030305197295207057,-0.0035731977069428968,0.0025439008341429383,0.0021076214040981547,0.0,-0.0015862329818661094,5.0543407392300566e-05
2014-07-25,0.000900727044218217,0.000900727044218217,-0.006046238960513034,0.000900727044218217,-0.0025993719414085037,7.360483452949294e-05,0.0,-0.0012632415114545378,-0.0046816987814017885
2014-07-28,-0.0006605960386257519,-0.0006605960386257519,0.0009563376100631157,-0.0006605960386257519,-0.0010502365351673746,-0.0010364660713531528,0.0,-0.00021953943662791355,0.000404340983658491
2014-07-29,-0.001975553779735309,-0.001975553779735309,-0.0020376098185164865,-0.001975553779735309,-0.00013873616392288577,0.0006521042142127845,-0.0022278689240319816,-0.0020385475512619375,-0.004297264102862575
2014-07-30,-0.004888242728409064,-0.004888242728409064,0.0012560957204011645,-0.004888242728409064,6.313439862258411e-05,-0.00035664455627025125,-0.004111400683482791,-0.0027183145884188686,0.00015255235246147691
2014-07-31,-0.011413701796448038,-0.011413701796448038,-0.00710910348735943,-0.011413701796448038,0.00489009299401624,0.0017895958245736131,-0.011787789560887047,-0.011965254967120574,-0.01974815837710575
2014-08-01,0.00047472574033608915,0.00047472574033608915,-0.0026568570778187166,0.00047472574033608915,-0.00010384085086304428,-0.0006421364581713294,9.140156370877165e-06,0.0005211117002202671,-0.0030555001176679752
2014-08-04,0.0022367591614620153,0.0016098140050744725,0.000766868575581787,0.002253196238000595,-0.0020113669441709256,0.0007243966178189583,0.0042632730489375725,0.0045639602671405655,0.007220827314765366
2014-08-05,-0.003983196584508224,-0.0035169877163350838,-0.0021432996520189575,-0.0027440565506330243,-0.006822179160723589,0.0013179530938754486,-0.005240923061813564,-0.005624682956926552,-0.00969615829393966
2014-08-06,-0.0007139236576356742,-0.0003492912549087807,-0.002339881505072675,-0.0012630169172093452,0.001069706561961657,-8.461755322217965e-05,0.0009458848197260916,0.0005345953716024976,0.000312273909995886
2014-08-07,-0.0010724667244365388,0.00015855885600409296,-0.0022018436104197883,0.001026998638744557,-0.0008646470542549072,-5.818855286788402e-05,-0.000609074441372982,-0.0014374777078340671,-0.005414944457760806
2014-08-08,0.00423234693327963,0.0026584955152455076,0.0035443230628856817,0.002555976926661553,0.0034717416051681777,-0.0007836727691484359,0.0,0.006596494742876135,0.01156925812226306
2014-08-11,0.0029952050234462275,0.0020699527822990033,0.001693522414259269,0.002212255515596974,0.0035051137004586484,-0.0007873673202001586,0.0,0.0015466742510496178,0.0028977434375854205
2014-08-12,-0.0005984699340123815,-0.0006806131192522026,9.373461849459624e-05,-0.00015064981415928574,0.0003894542235531777,0.0003401592583667696,0.0,-0.0014122266383311821,-0.0013930722891566383
2014-08-13,0.004473605039913635,0.003612964185206157,0.003375697085672419,0.004826615960461125,-0.0027625540962002435,-0.0005637602903427856,0.0,0.00536967230357619,0.006769012813566233
2014-08-14,0.005034184743153757,0.002894116455363941,0.003731730059364489,0.0018764187328153337,-0.0008755265733543202,0.0005591744766083361,0.0,0.0036383447205297517,0.004721718131491581
2014-08-15,0.0010601432399203034,0.0013355064139679738,0.00045881349486993244,0.002097984133031329,-0.002183682480475531,0.0009434106009144798,0.0,0.001485027079317036,-0.0002045760009853348
2014-08-18,0.004006184089274638,0.0016799281438816508,0.004036483020055099,0.001568851725254826,0.0009075171135157418,-0.0007080658249276279,0.0,0.0037694978292676755,0.008379511401915618
2014-08-19,0.0007074524944093682,0.00032098387420160217,0.0017969319317069164,0.0007912173960507647,-0.002745337360194559,0.00128532733918068,0.0,0.002710647326052351,0.005218554262846897
2014-08-20,-0.0015747271391099292,-0.0007054015964571996,-0.0010674544455210374,3.097314343793005e-05,0.0004348677582161635,0.00022324728248099605,0.0,0.00041613671676690137,0.002671829972130446
2014-08-21,0.0016258951704124812,0.001202598227635156,0.001191573103011491,0.0008054881958862825,-0.001423848104434641,0.0013828547370855254,0.0,0.0025944414797119284,0.002916227301553942
2014-08-22,-0.001030335505660709,-0.0006150514140494639,-0.0004059113436169071,-0.0005719820907547661,0.00037997623076153246,-0.00012657404158623842,0.0,-0.0008941719921962576,-0.0015543845158345615
2014-08-25,0.002081573030699656,0.0013760832628072798,0.0016976487268650564,0.0021261085670410606,-0.00319963307679725,0.0016102707025075279,0.0,0.0033489033283450546,0.005070552272538942
2014-08-26,0.0003741933971077175,0.00020521578736681958,9.769995767962049e-05,0.000713721180082846,-0.000704027540597001,-0.0009579572059145519,0.0,0.00031286380676784906,0.0006493343064959411
2014-08-27,0.0016212155992738936,0.0016626906681330832,0.001005833532123933,0.001052272017891335,-0.0003303868069587317,-0.00039230761713853217,0.0006297523219261596,0.0008709785053917728,-0.0003993525402622433
2014-08-28,-0.00131429234325839,-0.00013516627059429148,-0.001619669745767093,0.00026287732097911304,0.0018802249550136621,-0.00040682303081015527,0.00025316166956938053,0.0002051815835933946,-0.000549084491075047
2014-08-29,7.953392484003893e-05,0.00040061164728910604,-1.5334571057079485e-05,0.0015481362674787235,-0.0004734947149005357,-0.0005009253262680156,0.0022509513938562455,0.0017469270067906881,0.0028480058690703025
2014-09-02,0.0006734237449758736,-0.0020950325804224832,0.003353513632832387,-0.00244680083904708,-0.0019340438871723663,0.0016607551615613113,-0.005723300057647299,-0.0028545480069385844,-0.0004982687045320677
2014-09-03,-0.0004188745291588299,-0.0006862608395725355,-8.211745339951892e-05,-0.0007615851718427821,0.003987762197932602,-0.0019526129728924836,0.0025517848749630457,0.00024786145113659953,-0.0005483781124294707
2014-09-04,-0.004037655367418965,-0.0018870235714146264,-0.0022079611681100177,-0.0012586137682107257,-0.002253729820353275,0.0012067396002682822,-0.003604259172553455,-0.0022885900798188755,-0.001446669658107358
2014-09-05,0.0022079776617977367,0.0023973305954952135,0.0024449391436581237,0.0022079776617977367,-0.0012928673075842082,4.1188972904879326e-05,0.0019022313840368443,0.002812922473870394,0.004495526098658775
2014-09-08,-0.0012626691604380026,-0.00020881298408272298,-0.0007228037729834836,0.00029192362512115116,-0.0035698053174300693,0.0020598943677128,-0.000616073757976542,-0.0019751673556176906,-0.0025857699694729064
2014-09-09,-0.0036953169210579492,-0.00336697982589552,-0.0018477809551913815,-0.004170907901414353,-0.0010905914849115225,-0.0009620018199413389,0.0,-0.00472391268370378,-0.006331213656435186
2014-09-10,0.0005116414311959356,9.224321927954742e-05,0.0010665478093485738,0.0009880821274190741,-0.0009946059565760445,-0.0015272242455566885,0.0,0.0012528441158932144,0.0037627489816964843
2014-09-11,-0.00018104463799192185,-0.0006010630569027987,0.00015466975293223231,5.671013610442557e-05,-0.0013435393410259101,0.0007415320774755239,0.0,0.0001861997621069644,0.001149618914155326
2014-09-12,-0.004685513331067909,-0.00482930025341302,-0.0033611327272748933,-0.004923056316493596,-0.0007034944346854266,-0.0014912245671165677,0.0,-0.0050174971894380695,-0.005841463583927675
2014-09-15,-0.002580835161671624,-0.0019543096771679697,-0.00258463843768643,-0.002580835161671624,0.0018223763125586215,0.0009449096635957123,0.0,0.00028779508386180826,-0.0007530993421064336
2014-09-16,0.001644768330135899,0.0010657022129780223,0.0011751960160850737,0.0011691773497794957,0.0045415128491451354,-0.0006369045271897033,0.0,0.004406301539621049,0.007538732580948171
2014-09-17,-0.00041549207008024266,0.00047352195423962397,-0.0006049744775910197,0.0012519280002185511,-0.0029968547282108117,0.002614523624219177,0.0,-0.0002024644147719636,0.0013467478153279533
2014-09-18,0.003457955579149398,0.002010004857680667,0.0035538097036490147,0.002274376915642382,0.0005361724527494762,-0.002759897407552156,0.0,0.0029248895929682383,0.005329826904958868
2014-09-19,0.0018207005811655295,0.0024494163957061808,0.00040515036470058815,0.003247310657907204,-0.001747579434417539,0.004104060347745634,0.0,0.0009805759920640924,-0.000901086667061235
2014-09-22,-0.00200483182927857,-0.0016973069913461967,-0.002087849333865768,-0.002241321434174728,-0.005107354922073478,0.001634646735856713,0.0,-0.0037790462418679114,-0.007722923930874481
2014-09-23,-0.0031235969160213657,-0.002156762744562598,-0.002344675508323014,-0.0031235969160213657,-0.0014080413875312051,-0.0005295098062592745,0.0,-0.002581543671988928,-0.0057243700968396816
2014-09-24,0.0002617990652914665,0.00029067229811489454,0.0018167393464513595,0.001445377728798601,0.0015066957697127414,-0.0022218050195603302,0.0,0.0035751286864102116,0.007828216381469133
2014-09-25,-0.00523458639107774,-0.0036786062020605836,-0.004706609462440906,-0.004763198500669718,-0.0024509019703377235,0.0031540292681383076,0.0,-0.0077416986928583904,-0.01613592458025026
2014-09-26,0.0016686065701009725,0.0023148487030967414,0.0024095543598582794,0.0031977997094920553,0.0007589489452346649,-0.0005819039049186294,0.0026562899426740933,0.003917883914548703,0.007945509693387587
2014-09-29,-0.0022663842892432073,-0.0021516875119315638,-0.0025641704130719136,-0.0025003341810804257,-0.0015093141580251057,0.0016264551998697485,-0.0009052232997960882,0.00018540727333307152,-0.0018189014638594347
2014-09-30,0.0029204744315779766,0.003372387637290323,0.0014299489901244376,0.003974053096128905,0.0010904636689191812,0.003448854661236306,-0.004396809313022383,-0.0019265923285041618,-0.0026324761957239318
2014-10-01,-0.0016363201970755006,-0.00031594690468395904,-0.004170992950840071,-0.0018695007843457065,-0.0049073326848347925,0.0032881454311774303,-0.0010799799884251057,-0.004770553208705208,-0.013552081115821513
2014-10-02,-0.0016240001952339842,-0.0014545982238512094,-0.0015148570767185244,-0.0017719386485721038,0.0013897424853797336,-0.0018844063835319817,-0.0014229771371837318,-0.0010960243608520326,0.00015473406432664483
2014-10-03,0.007747799684382694,0.0062110307627990064,0.006994335962884241,0.0060943048870798775,0.0030984825983431333,0.0031622952148855615,0.0019754543238276875,0.006489939208999607,0.011008977582990243
2014-10-06,-0.005010113115626348,-0.005153071177207324,-0.005014274577978357,-0.005303666518544891,0.0013224768166567023,-0.0023444580895318934,0.002818787084861748,-4.846125747255399e-05,-0.0011704227378269705
2014-10-07,-0.0014573777062320541,0.0025017805819465668,0.0024790028840933286,0.003490653000495558,-0.005957942390095111,0.0005349615163776588,-0.0005765745306936871,-0.006918263103752608,-0.01543639943203512
2014-10-08,0.005845501833406969,0.001098653612832838,0.0017947789833967403,0.0005181896883333755,0.0013818681657827713,-0.001459010214996974,0.0,0.011906759558401614,0.0174896654598089
2014-10-09,-0.004802953135128788,0.0012264931929112518,0.0015168139707978905,0.004346707111030463,-0.00458181715271164,-0.0015054204858396631,0.0,-0.012584929439878455,-0.019833276656842758
2014-10-10,-0.0018691158659148665,0.0014714597253558527,0.0013735116254459628,0.0035336199618038015,-0.0037985044239351984,0.0004088695047766366,0.0,-0.005285384351349976,-0.011413937173232025
2014-10-13,-0.0032320758618168467,-0.0017044156588753938,-0.002652191067709416,-0.0013280663000796483,-0.0024070893849554454,-0.001851572642824909,0.0,-0.007768026374975643,-0.016427469640527437
2014-10-14,0.006119078215463396,0.004138001395258503,0.004613736526965096,0.0037265604537045976,-0.0026384856598573223,-4.734852866404397e-06,0.0,0.001721646056530757,0.0015472539339953517
2014-10-15,0.0004613561105059375,0.0007684990294746705,0.0002609582606504287,0.00020202191817961538,-0.00483060699500561,-0.0022082552653968075,0.0,-0.0017974407697417538,-0.00676589116049231
2014-10-16,-0.0015799219796596231,-0.0019957934005786315,-0.0014476147193318665,-0.0029506006674912886,0.002120527967660704,0.0001224998531282077,0.0,-0.001602295356955885,-0.000858347375922941
2014-10-17,0.0029114606853509147,0.00012042103113864874,0.0006912913708302903,-0.0015649600419519528,0.005609171081255803,0.0027582200098459405,0.0,0.005921343067634544,0.01181099456986634
2014-10-20,0.004303988222739272,0.001311393582006182,0.0022857217161006303,0.0003678547119314697,-0.00018415274127839152,-0.0018916508724587642,0.0,0.006391336280713445,0.009709797097655626
2014-10-21,0.004587832581008892,0.0004617820587288844,0.0013267964547199816,-0.0008369860232780921,-0.003124161482127389,0.0010407122338408387,0.0,0.010794716055425368,0.019811076090497037
2014-10-22,0.000864894364470145,0.003348966645108628,0.0032781067747675997,0.005023672321520692,0.001522175659612292,0.0010249182978511245,0.0,-0.004379769227900154,-0.007111092479232695
2014-10-23,0.0011498797079211368,-0.0016901919556664743,-0.0019208432222583031,-0.001805500773944332,0.0002823665818178026,-0.0003981809959324456,0.0,0.005313411325032379,0.01162463395575708
2014-10-24,0.002247560000617118,0.0010758301477695664,0.0013346284547300334,0.0005852871185307207,-0.002078349774752497,0.0001417229097116635,0.0,0.0049581221392248406,0.0076951978957793266
2014-10-27,0.0007009575143530485,0.0013713941077002512,0.0015141560985892394,0.0026063177957577725,-0.0008668003521895879,-0.0008132603163967768,0.0,-0.0004078606847175647,-0.001374550559508081
2014-10-28,0.0012368206551652211,-0.0028612992319217907,-0.0036603489920729523,-0.004093195075190167,-0.003135777221536312,-0.0018768738290090795,0.0,0.005898181520483714,0.011470323014212136
2014-10-29,-0.001244860564712105,-4.8506881926579535e-05,2.308140352142514e-05,0.00022465987678126618,-0.00041380683026038243,0.0015779522476034298,-0.0014315075216173965,-0.0022351536815024445,-0.0015120266549581984
2014-10-30,0.005345626756094961,0.0036279585369715004,0.0035195884169414425,0.003634927870358846,-0.004398279448010448,0.002136532505439978,-0.00089756508922846,0.004265429084915562,0.0064108339953563576
2014-10-31,0.007338049588351457,0.0036128828100936805,0.003372973665054815,0.0031422360781528627,-0.006982988837700624,0.002923283840702935,0.0014901006260152772,0.006214924956539747,0.01143562357589234
2014-11-03,0.003114450613801216,0.0034618203385358365,0.004446960385799635,0.003885288333043001,-0.002899076678721614,0.0005699283980254763,-0.0016525686449729924,0.0001781688186221153,0.0005451030394882928
2014-11-04,0.001122068467247728,0.0010899149127089293,0.0009847620329444947,0.0009801630700631613,0.001506201902895524,0.00010149777470537112,-0.002551670344068308,-0.0021198073203150926,-0.0034692491591087338
2014-11-05,0.0023471209082727034,0.0025936060605537747,0.0030103306535433825,0.0030865763651159173,-0.0034504982168757398,0.00011036869888434749,-0.0022114313493247946,0.003903910748641648,0.006315903635471409
2014-11-06,-0.0005437875287338566,-0.00020100033291117194,0.0012985699039007458,0.0004845740587341973,-0.0014457689302186513,0.0004489607503406248,-0.0007599558850446488,0.0011812061236509573,0.004003666485667967
2014-11-07,-0.0008272321738816276,-0.0010041641648412527,-0.003067689250400205,-0.0013580281467605025,0.005008609033315988,0.0027003073368627134,-0.0004999552004313075,0.0031254378413820396,0.0009349103098708067
2014-11-10,0.0023217395593215077,0.0022473611917533877,0.0031888590162520354,0.002098604456617147,-0.005135885613144385,-0.003715440742712067,0.0,0.0002530629847171449,0.0031474080402824622
2014-11-11,-0.0022092442199942454,-0.002182282162982957,-0.002153827449540237,-0.002128358048960379,0.0012915234029601884,0.00024149805336460504,0.0,0.0006266451945652118,0.0009807351561590405
2014-11-12,0.0010151573986903841,0.0010691722920841164,0.00127912038140485,0.0011772020788715805,-0.0020621529840266434,0.0005709886194044124,0.0,-0.0007994192964377644,-0.0010775697377297666
2014-11-13,0.001621842763933685,0.001696240861115241,0.0014119835150156147,0.0018450370554783536,-0.0008098737119673456,-0.0005616422735152073,0.0,0.001325998643111781,0.0011273638873627867
2014-11-14,-0.004786314325907717,-0.005016889673596777,-0.006037417687731852,-0.0054780403689748975,0.00546480734742357,-0.00035338639722956307,0.0,0.0009862705914562842,0.0002453410222014174
2014-11-17,0.00041667325778852913,0.0007126239795675866,0.0016090359045268891,0.001304525423125701,-0.001940739247794957,0.0007358374299344158,0.0,-7.501159755021199e-05,0.0006362568742526165
2014-11-18,0.0006852911515716224,0.0005357243565220053,-6.826783737918932e-05,0.00023659076642277134,-0.001133771341534815,-0.0014434340677565874,0.0,0.0039218649971148435,0.0057742951523531705
2014-11-19,-0.0011602527566116874,-0.001146729875140866,-0.0004091345247487978,-0.001119684112199224,-0.000478315462439513,-0.0008990861806600177,0.0,-0.0020293085829535596,-0.0016058070029632
2014-11-20,4.756980892709175e-05,9.492370841049659e-05,-0.000294018698545408,0.00018963150737730627,0.0003272427366015865,0.0007068513274554437,0.0,0.001777997607076598,0.0017542038303208773
2014-11-21,0.0024221088387640483,0.0015343639607087857,-0.0007742051400957068,-0.0002411257954017382,0.0019395632042465227,0.0001576254136894477,0.0,0.0040099342966953165,0.005350525466090605
2014-11-24,0.0017675498264639387,0.0019974096461416683,0.0021529911486463313,0.002457129285497127,-0.00039303682816526725,-0.0011818087285004396,0.0,0.002140070011466122,0.0028064380103165476
2014-11-25,0.0015713449666799474,0.001750142700901026,0.0014493306816410953,0.0021077381693431828,-0.0016254597670626847,0.0015431144170868119,0.0004162983423783901,0.0005533991946577777,-0.0007236867281589232
2014-11-26,0.0027808728885805956,0.0024276438995068854,0.0012668708883754258,0.0017211859213594647,-0.002015774281925965,-0.000890849670262871,0.0018914041683469097,0.0022168174460273082,0.002558908160918749
2014-11-28,0.010029409206932433,0.010588830384718959,0.010674018682559383,0.01170767274029201,0.006066234515031009,0.003606517449273228,-0.008672490325976908,0.0002791590963675983,-0.0021188699837189073
2014-12-01,-0.012304811659063601,-0.011827950770516588,-0.010220295938733966,-0.010874228993422561,0.0004482657782315509,-0.00019698062632403818,1.7589717975455575e-05,-0.005150918284104455,-0.006950031170119275
2014-12-02,0.002284312918507307,0.0011842434210536535,0.0009959185264131717,0.001129251859746505,0.0020215556037270787,0.0008728609908212451,-0.0015100445559323714,0.002100267027999791,0.0064639792759790815
2014-12-03,0.0013222018411191425,0.0008548605087263976,0.0009896249232048964,0.0009896249232048964,2.9270815138800557e-05,0.00042909983285434306,0.00161134706782485,0.002469754352334652,0.0038628607736790332
2014-12-04,0.001220685407774879,0.001430895888538918,0.001353548732514585,0.001353548732514585,-0.0019172101871734915,0.0016266081342004883,0.00017375312584458084,0.0007415021867613005,-0.001106141515706982
2014-12-05,0.00017515911379435679,8.646772044422729e-05,0.0003302144774104609,0.0003302144774104609,0.0025094961396940436,-0.0004092332711336758,-0.000456896458307197,-0.0012508288693779516,0.0016368092175820248
2014-12-08,0.0024670546902578424,0.0034652831385712643,0.0034867483987554453,0.0034867483987554453,-0.005581170909028836,0.0040381630635170675,0.0,-0.0026770141471204266,-0.00668218911326568
2014-12-09,-0.00020092834145675885,-0.0005544410966622935,-8.956845358029886e-05,-8.956845358029886e-05,0.0009128019251433401,-0.0017570866649542093,0.0,0.0010725958559011151,-0.0006779554352858153
2014-12-10,-0.0002815418471936241,0.001790780683727731,0.0020146750222437048,0.0020146750222437048,6.672716575760771e-05,0.0027031619662630296,0.0,-0.007804600032932929,-0.01603115042999448
2014-12-11,0.002122503961421999,0.002502267161599456,0.0028442477152659353,0.0028442477152659353,-0.0023984635892183768,0.001407896946076965,0.0,0.002364710938573289,0.005069663182692308
2014-12-12,0.0010843900990906222,0.0032046473756026208,0.0038004181296383433,0.0038004181296383433,0.0006945855855192765,0.0029550510738407237,0.0,-0.006418278562780698,-0.0161610324954502
2014-12-15,0.0030254983339810504,0.003359766882474047,0.00314019288499485,0.00314019288499485,-0.004055473070954999,0.004692187083341019,0.0,-0.005579500382081859,-0.006869679597411249
2014-12-16,-0.0007019551146348956,-0.00019154220909881514,9.776152354588116e-06,9.776152354588116e-06,-0.004238329059345769,0.0007937837552275843,0.0,-0.002786002867942616,-0.00801961919610339
2014-12-17,0.0043236968780975375,0.0008179992418948898,0.0002455350164544002,0.0002455350164544002,0.010024689644080056,0.0003879013318162281,0.0,0.009000670343519169,0.019604832426712848
2014-12-18,0.0014826286949004698,3.443049949607716e-05,-0.00012040980118879552,-0.00012040980118879552,0.006947248104385794,-0.001738180441524226,0.0,0.01258215285198103,0.024729059903958683
2014-12-19,0.0006919207069834153,-0.0006504892877005428,-0.001234669402438175,-0.001234669402438175,0.0026416614281035596,0.00013716327149043342,0.0,0.004027063528990249,0.004254465203249902
2014-12-22,0.004271344493828615,0.004423083979316578,0.004759487012782293,0.004759487012782293,-0.0012864141647641436,0.0035346126682795033,0.0,0.002760028787979829,0.004600047979966382
2014-12-23,-0.003590064964076156,-0.004096517389226312,-0.004301834521996222,-0.004301834521996222,0.0005128394458024833,-0.003379749611759699,0.0,-0.0025043622726868445,0.0013497350614048997
2014-12-24,0.0017810589904047763,0.0012533577867275783,0.0010999886414524633,0.0010999886414524633,-0.0015508889595523558,0.0014853596810085927,0.0,0.00034694143327786977,9.665442318018691e-05
2014-12-26,9.280185964220462e-06,0.00025734454211355474,0.0006304411948291035,0.0006304411948291035,-0.00032895817164238413,-0.00110271128023775,0.0,0.002466646688761598,0.0032244071242095718
2014-12-29,0.004244288500604318,0.004062239608058033,0.0041330199796355375,0.0041330199796355375,-0.0015457284420421534,0.0039371526790852995,-0.0005651190351122824,0.002172646780230059,0.0013434536214267379
2014-12-30,-0.0016193046205933306,-0.001202941152386117,-0.0012190637433781562,-0.0012190637433781562,0.0026696048330310455,-0.0005939821447769581,-2.2724138111161974e-05,-0.0027659317253136305,-0.005366073669650917
2014-12-31,0.00012899085802571493,0.0006380234106970349,0.0006637457657791971,0.0006637457657791971,0.0010419781754332246,0.0014740245098506706,-0.003301106461899834,-0.005500302954573356,-0.00992299967236554
2015-01-02,0.004631325997169559,0.0047783896812991075,0.004631325997169559,0.004631325997169559,-0.00047104568673442195,0.005332294898575582,0.0016584407268645882,0.0017171313270146539,-0.0005350233107670466
2015-01-05,0.002264108442980563,0.0035289632876903503,0.003648746837646083,0.003648746837646083,0.004448813377227673,0.00450672879028878,-0.0023200276679482814,-0.008395437307714304,-0.018059711357189534
2015-01-06,0.0021354405372491386,0.00294806555348274,0.002707977558456999,0.002707977558456999,-0.008142364894325377,0.004564998557556938,0.00022283748681625442,-0.0029643094488684516,-0.009419195117432722
2015-01-07,0.002011525572312843,0.0010849523832621372,0.0010817979847821996,0.0010817979847821996,0.0023992367040685456,-1.6157066496601778e-06,0.004631181112955362,0.007402467522792744,0.012461342003904363
2015-01-08,0.0005403089535736296,-0.0006324866606433575,-0.0005851230222988306,-0.0005851230222988306,0.005944230991414188,-0.002349837236586966,-0.0004260756381357146,0.009015416961478806,0.017744533827281028
2015-01-09,0.0007143928338603616,0.00045341233064839336,-3.588060300471329e-05,-3.588060300471329e-05,-0.003070462087106864,0.0019900298219095902,0.0,-0.0028347784273808907,-0.008013205694080816
2015-01-12,0.0020597300669138742,0.002264043962402923,0.0022422523849144646,0.0022422523849144646,-0.005093784927174353,0.003191615553260656,0.0,-0.0032921840880015597,-0.007833561021580837
2015-01-13,-0.0007848805690861915,-0.0008040118844263424,-0.0007848805690861915,-0.0007848805690861915,-0.0014188967238432716,-0.0008172022629579618,0.0,-0.0013187985077997898,-0.0028129005463998213
2015-01-14,0.0001551409099506112,0.0004875538674357148,0.0005040111952276088,0.0005040111952276088,0.000743762171228891,0.0009222612962993956,0.0,-0.0017776814917207283,-0.0060370335870268965
2015-01-15,0.001119022384618633,0.0021494828319129945,0.002034524246713071,0.002034524246713071,-0.004667067482983922,0.003479443390981137,0.0,-0.0020823052078917433,-0.009160536037358447
2015-01-16,-0.003553256760560294,-0.004338511831113064,-0.004122677000507015,-0.004122677000507015,-0.00018077534674456876,-0.0057655904364818595,0.0,0.004919818244836893,0.013114104974657259
2015-01-20,0.0020078299162240494,0.002290360892846142,0.0022747374351296122,0.0022747374351296122,-0.003853138015823799,0.0016489253955005874,0.0,0.0021964855054752873,0.002132853697780046
2015-01-21,-0.002845159796807199,-0.0033007985844094668,-0.0036475618013912534,-0.0036475618013912534,0.00015900226371484135,-0.003041105883641649,0.0,0.0011264976436256013,0.005048164082062989
2015-01-22,0.00302878963020932,0.0023883038350784253,0.002829260265860177,0.002829260265860177,-0.002284860148604761,-6.233407694956872e-05,0.0,0.007929631780043422,0.014870852212753638
2015-01-23,0.004418773683220659,0.004435636483773271,0.004418773683220659,0.004418773683220659,-0.002227719709101496,0.004281924662059928,0.0,-0.0006730368186031563,-0.005482957952426704
2015-01-26,0.0010141660439985049,0.00031988060375520006,0.0003333495465390998,0.0003333495465390998,0.0010584503344946605,0.00039053040313478504,0.0,0.0004897844210821399,0.002341885338013272
2015-01-27,-0.00348894771667547,-0.0032927547730443023,-0.0033732377975760177,-0.0033732377975760177,0.002736870543410133,-0.0009337855780133743,0.0,-0.007363824060585311,-0.013190824534205281
2015-01-28,0.0040734517825013325,0.004702765691281496,0.004387823091973447,0.004387823091973447,0.0010623087317925646,0.00576721971114209,-0.002090790917601352,-0.0046157820367543675,-0.012824097878085361
2015-01-29,0.0020910969402842044,0.0013936871387817441,0.0015604951066563932,0.0015604951066563932,-0.0007661864636258574,0.0002452155795999002,-0.00021154847773903663,0.004127751856768302,0.009243793966862368
2015-01-30,-0.0013537482029580294,-0.0005309909616194983,-0.0009407959299926045,-0.0009407959299926045,0.0048783754778888464,0.0009459652368704568,0.0009456399973960995,-0.00404100605135409,-0.012574939782042938
2015-02-02,-0.0012131385812936069,-0.0018238179502429782,-0.00178683271588859,-0.00178683271588859,-0.0011859582018656485,-0.0026357254510919687,0.003192806246445016,0.0069303837912325856,0.01238396487302973
2015-02-03,-0.0020529465292911243,-0.0039362686740916815,-0.005097756628416634,-0.005703157556288489,0.0025726736224900544,-0.002930244562143243,0.0017641847226209024,0.005301692560784809,0.01446116449563184
2015-02-04,0.001263913487667284,0.002206257395419708,0.002718365593172265,0.003050864795235469,0.001247643375243375,0.0015470959566682397,-0.002032552365078454,-0.0016260561354629608,-0.0038081023742585485
2015-02-05,0.00045611529343576255,-0.001071243887959958,-0.0028570036476968856,-0.0021875663760726393,0.002007781975066326,-0.0008011629390230376,0.002438136744932015,0.0045957323814267426,0.01009505455937254
2015-02-06,-0.005979950309535018,-0.004309220316467288,-0.003265380913797521,-0.0037174320563521726,-0.0007077132751269679,-0.0009241835781416696,-0.0003909550049364403,-0.0061327903817110395,-0.002765008429368221
2015-02-09,-0.002370964891771155,-0.0017422774544836128,-0.0012045024309010892,-0.0014312198170548544,-0.0012594450626508538,-0.0014951071515936928,0.0,-0.002871014027844154,-0.004476074355354465
2015-02-10,0.002373249828268699,0.001757392295453272,0.0008399164545165019,0.0011479901276138524,-0.002516984991663503,0.0017715923872589781,0.0,0.005390184249439844,0.010653445700711028
2015-02-11,0.0002443861352756749,0.001104335371028097,0.001634859294983927,0.0013245272333293064,0.0006946900252873592,0.0010877536655959953,0.0,0.00019934345410530514,0.0005803293451658309
2015-02-12,0.001862418468154574,-0.00010984671605783502,-0.0005989461460296973,-0.0010963801752699573,-0.003608086327466814,-0.0013834294257864847,0.0,0.005918931413877182,0.00961670307727358
2015-02-13,-0.0010602312587778115,-0.0019091009162188202,-0.0026968137729647974,-0.002718347601989709,-0.003180774294973467,-0.0024604787446852123,0.0,0.0011305708350000108,0.004116241536275211
2015-02-17,-0.001899422972643714,-0.0020908031840618404,-0.0012427182535949832,-0.0018625813541631798,-0.003731290605771965,0.00035802994399407697,0.0,-0.0018924323522032443,0.0015729813875169363
2015-02-18,0.0033745730141464246,0.0027147826876367477,0.002024902072861621,0.002296383776349693,0.0007358500176228032,0.0024564968678528944,0.0,0.0019741470772943527,9.565671898337236e-05
2015-02-19,-0.0012935821944630428,-0.001023697509069336,-0.0008485524624193708,-0.0007554816321742597,0.0008795489263901302,-0.0006189910765111023,0.0,-0.001438354450667223,-0.0007140161403516032
2015-02-20,0.002776880321530388,0.0017235592304053564,0.0016054274285500047,0.000994135698868113,-0.0017227234917912128,0.0015722475045542655,0.0,0.003375566737993374,0.006000719100981211
2015-02-23,0.0022909021928396627,0.0029920619379964156,0.0023518501573296497,0.003217015676667977,0.0022110387230940866,0.0016852883388948432,0.0,0.0017536291130223704,-0.0001420178657425275
2015-02-24,0.002088805027774373,0.0009458134552336049,0.0013402725172254925,0.00033380201993566576,0.00091640393394775,-0.00023221464955403348,0.0,0.004355820781710351,0.00284023598255545
2015-02-25,-0.0008475036200702703,-0.0008420655254322624,-0.0017522869883648147,-0.0012951501238616298,0.0014119270665348801,-0.001209883148853432,0.0013271958550465002,-0.00013851465479328688,-0.0008494656956710145
2015-02-26,-0.0005926304969862649,-0.0004758341816765415,-0.0007709891808028719,-0.0003146744374580043,-0.0015353364609648448,-0.00025880959420117094,-0.001744891799323444,-0.0030811886849091644,-0.0011811850798831847
2015-02-27,0.00048630810056113545,0.0004876859918821943,0.0007757969104333376,0.00046043677586888725,0.0009687596657097373,0.0005132517648158339,0.0012365669788828794,-0.000626915812003492,-0.003406521102122362
2015-03-02,-0.0008252690353800586,-0.000919699816519587,-0.0012439239901290856,-0.0008375362770657806,-0.0025815110248741465,-8.966936047375635e-05,-0.0018256248014573697,0.0008106086251542964,0.006313521158205493
2015-03-03,-0.0016610422519840265,-0.0014754324090605119,-0.0006234231804524176,-0.0017178449322702526,0.0004967535161764691,-0.0007393635788497576,-0.0017505157250766608,-0.003324701113743389,-0.004103687271023171
2015-03-04,-0.000658885440314448,-0.000318121753182564,0.0004566847317256769,-0.00020791601679736774,0.0006032610276413479,0.0008118536275846038,-0.0013961355484769808,-0.002228936238763457,-0.004215533476995215
2015-03-05,0.0012163190107902311,0.001334794019036579,0.0010161457084786286,0.0015323724611201696,-0.00021841748028155725,0.0011580652634025478,0.0007566106740950013,0.0008817924297296997,0.0010936244838322118
2015-03-06,-0.00321410253760023,-0.003542970877377691,-0.0010245254751033977,-0.0032842938945884317,0.0003097932082281699,0.0022330459323097918,-0.00037955663037094015,-0.01252958621343727,-0.01406430923258517
2015-03-09,0.0017646913697333955,0.0020234632827392527,0.002396286324949553,0.0021851243291780885,0.001421281782663431,0.0004461574104024946,0.0,0.0043448761623143374,0.0041447670991117125
2015-03-10,0.0007732327617245672,0.0011061850798337433,0.003061023431152049,0.0004972926752863908,-0.004753799168822712,0.000426931649417535,0.0,-0.00803505917102496,-0.01622205327913362
2015-03-11,0.0026078022222152043,0.0021594362498468887,0.001585301420283857,0.0022734878470550184,0.0004443075760358142,0.0011430253010837178,0.0,-0.0006908542809255902,-0.0023416810393228626
2015-03-12,0.0019279875822082757,0.0019804965393899867,0.001135924221137741,0.0025658548118751784,0.003672663263108468,-0.00014297774667778435,0.0,0.008003797577783934,0.012714088249316857
2015-03-13,0.0003413311604790916,0.0008028495354113803,0.0018073670343605021,0.0007222610093695685,-0.003197701865233768,0.00129614274662957,0.0,-0.004279161583921165,-0.006132422542831972
2015-03-16,0.0021831663786386424,0.0019070111500112006,0.0014624627157128534,0.0022890350674746223,0.004416237082807481,0.0002035641331767519,0.0,0.009405316565528255,0.01336059756337904
2015-03-17,0.0017721016869455724,0.000991412560813427,0.0017466960699606127,0.0006933408133875819,-0.0020609087518916915,-0.0001398319960762086,0.0,-0.0009606525028866386,-0.0029726731935286743
2015-03-18,0.0013654092389222307,0.0012780133402608565,-0.0019296584674402804,0.001442593994470034,0.003050490856274897,-0.0024613531292643318,0.0,0.011804578535930775,0.012021458533993723
2015-03-19,0.00023058274109141318,0.0007024355089855241,0.0028071062699531494,0.00044924042127983106,-0.0027195440726534553,0.0007389519500955137,0.0,-0.004619021661560229,-0.0045612410198866415
2015-03-20,0.00013208266079000187,0.000331301682766268,-0.0022711290611426155,0.0009788686472981464,0.003053331796604706,-0.002232321359960248,0.0,0.006927965234578259,0.008827098455107762
2015-03-23,-0.0021949892303455114,-0.0020362272301171834,-0.0025450762913695794,-0.0019727210377243863,0.002400166687370569,-0.0017023243381613688,0.0,-0.0006527657984746192,-0.0019490269024972084
2015-03-24,0.0008671825884632424,0.0006700229905086089,0.00031529866162858795,0.00038604740079099727,-0.00026567067879032486,0.0003563462397238119,0.0,-0.0021540770419501195,-0.005619156837477157
2015-03-25,-0.0057667553832490516,-0.0050895439390593175,-0.004154300680239193,-0.005010946159831812,0.00488058794212408,-0.0010208228274062928,0.0,-0.010520236763254554,-0.01465349248249459
2015-03-26,-0.0034191185144097106,-0.0030529185239911638,-0.0027127089556013223,-0.0034984342026118808,0.0017483176706863757,-0.0017352982504483673,0.0,-0.003681531169229113,-0.0023811596563035886
2015-03-27,0.0037182317022250977,0.0035667006412049315,0.0033828047521391345,0.003742660216954978,-0.00036063633201815375,0.0021508511158291107,3.721091204772264e-05,0.0029336590072713605,0.0022899036473698064
2015-03-30,0.004195634378259863,0.0029809213956507744,0.0023127995262970753,0.0028272930355072107,-0.0022624951302617205,0.0009519628800750987,0.0030868649444783782,0.007282934960598819,0.012199696008747152
2015-03-31,0.0005984221286095369,0.00023314348876245136,0.000965703498437003,-0.0006034028346182191,-0.002219644330143677,0.00021853503826498955,-0.0024405365982921325,-0.004208064540271116,-0.008739766103561752
2015-04-01,-0.001125843252966859,-0.0011021198487813895,-0.002389708281197539,-0.0014136519475674643,0.001583190840119731,-0.002361294072268077,0.004093658336383093,-0.00021805611429173135,-0.003536404340507615
2015-04-02,9.180076806346248e-05,-0.00020727897997893728,-0.0011530403384292986,-0.00021999480208867675,-0.0006097090647853968,-0.0007874240942809243,-0.00035416879465043934,0.0010180563695325604,0.003597770331881689
2015-04-06,-0.0008332942829389653,-0.00018446848743815995,-0.0023370653981543096,-0.0008651323319886963,0.002122470454691592,-0.0020750878967225267,0.00400220313441687,0.004556592568927131,0.006732961409055216
2015-04-07,0.0005745446355577141,0.00044564303573788196,-0.0003030189268714142,0.000812260832203537,0.000556196007276503,0.0015788802280885137,0.0009066622314143922,-0.0012562506921004468,-0.002646272127741711
2015-04-08,0.0035506786920741786,0.0027005081388341372,0.002117975469825795,0.0024365113514680774,0.00039057449089013,0.0019284121237407156,-0.00038752119716341254,0.0016579300216600142,0.0033770157444419358
2015-04-09,-0.00017915954831366663,-0.0009754049649143398,-0.0006506927313111726,-0.0007624747048945029,0.0018660622068520161,0.0016738671456715862,0.0,0.0010324909288989656,0.004423395254736118
2015-04-10,-0.00034881457665489465,0.00015092873553784847,-0.0009361561326396707,-0.0002277407852443154,-0.0024556029386251553,-0.0004597438187118146,0.0,0.003163301952214326,0.005457090176374857
2015-04-13,0.00038547922966918383,-6.575583984894364e-05,0.001233074035535372,0.0002482977712258377,0.0017734430743818878,0.0008873889504130906,0.0,-0.0018995749009883323,-0.004522820345135292
2015-04-14,0.00026223120956310355,0.0002657967239142801,-0.00015614970267544166,0.000592592313727862,0.0006260582824311009,-0.0008707786137666112,0.0,0.0023302482047638405,0.0019131318014204979
2015-04-15,-0.0010083435395613213,-0.0006973984694260591,-0.002425849799012502,-0.0011122275882717945,-0.0007138937554579438,-0.0008826799075203784,0.0,0.0029132020891249333,0.004487112576899044
2015-04-16,-0.0010286186205609202,-0.0012059790463236273,-0.00110328906509295,-0.0013529775980901325,0.0005403666469794718,-0.0013870702268089403,0.0,0.0001229266689952491,-0.00028543511813305944
2015-04-17,-0.001874953353893066,-0.0016884602656152315,7.941964921998849e-05,-0.0017271764529531834,0.0036079611606236227,-0.0011919744715110315,0.0,-0.006092919568309329,-0.01150336474249214
2015-04-20,0.0022570101644175766,0.0015527322219900347,0.0018110989793672027,0.0024155767403850007,-0.0038109409972886255,0.002906884340494729,0.0,0.00474822885140469,0.00913699505311949
2015-04-21,-1.1695089200826578e-05,0.0005948488493026508,-0.0005802706923093656,0.0003487436029083579,8.657234483404157e-05,-0.00019851692485118298,0.0,-0.0015606092633067671,-0.001191343905860509
2015-04-22,-8.674605809759737e-05,-0.0009766212474649238,-0.0006167846628947436,-0.0006772799710492209,6.664536843080114e-05,0.00019713879520535325,0.0,0.0006269761039431549,0.004913991332317735
2015-04-23,-0.00027439140306865714,-8.016269488197558e-06,-0.0007208516148743251,-0.0004721933999761545,-0.0017507434744913387,-0.0013333988859053705,0.0,0.002732837827082957,0.002516359392001455
2015-04-24,0.002104001733163004,0.0017355050149355153,0.0014608668862173145,0.002349811101042846,-0.0033015626053680717,0.0012023356561725142,0.0,0.0027962441407079373,0.0023200045567475236
2015-04-27,-0.0029773329244763124,-0.0014535101500602716,-0.0033288034251153114,-0.0028269596096585784,0.0014438900918433632,-0.003153454788372373,0.0,-0.003120471077772668,-0.0041573576149549485
2015-04-28,-0.002625980205076409,-0.002245267321163455,-0.0023813643222584087,-0.0026361515372848167,-0.002754535179237371,-0.0015132972480215983,-0.001338210534206428,6.333619483691569e-05,0.0031787853185158976
2015-04-29,-0.004309313427867741,-0.004637293391770815,-0.002990457721487607,-0.004180619378787942,0.00019581384009707858,-0.0009699148551685239,-0.005199875107715686,-0.003950842511129959,-0.004114516550176361
2015-04-30,-0.0023109229655541557,-0.0031078157830135575,-0.0011083071704507317,-0.0021535829586179396,0.0032731080700162856,-0.0001704628390736366,-0.005578088421884944,-0.006123910844550618,-0.010020530502167113
2015-05-01,0.0006285003370122105,0.0007228569708000166,-0.0003211911487036431,0.0011648664044817047,-0.0036372074979819464,0.0006943435014100463,0.001441094551085541,0.0043181110050512835,0.010841495325123907
2015-05-04,-0.0009344342389102358,-0.0006426067818179096,-0.00022315262695629795,-0.0009264575385211221,-0.0018644437282750543,-0.0004918622999838737,0.0005699061800401474,0.0008841402839827593,0.0028471936818710297
2015-05-05,-0.005935471277091645,-0.004561710623985228,-0.0037926487592616284,-0.005935471277091645,-0.004697567797046263,-0.0019139768877616578,-0.003957090755372533,-0.007546681437209157,-0.011451823286081853
2015-05-06,-0.0035410018455366912,-0.0019010875785457945,-0.002134734757059999,-0.0035410018455366912,-0.0030873927948560963,-0.001189113792814764,-0.003752457053051406,-0.0044254829439653864,-0.004116653390831448
2015-05-07,0.004578880326813894,0.002324926833771816,0.004133470380217849,0.004578880326813894,0.0033724327571885556,0.002708338386056526,-0.0004386294509200157,0.004094310934525414,0.0039895783525483175
2015-05-08,0.005305156012188434,0.004450451422396907,-0.00019819315429396177,0.005305156012188434,0.004153132789550058,0.0007836287014550931,0.0,0.009442272452507882,0.013165918751850025
2015-05-11,-0.0048063666612787655,-0.0026589144720268374,-0.0002679210844877081,-0.0048063666612787655,-0.00458476443205809,2.5280279074890992e-05,0.0,-0.0067991754145955595,-0.004772708232741341
2015-05-12,-0.002369322624000385,-0.001790630953223071,-0.0019929186136666355,-0.002369322624000385,0.00011555570949456083,-0.002502902555857871,0.0,-0.0014918467284316338,-0.002991102400330403
2015-05-13,-0.002803301825237224,-0.0018660469186058868,-0.0029609260628368087,-0.002803301825237224,0.0009011251945869964,-0.0022752205683561465,0.0,-0.0004152256482642614,0.0001904059403849967
2015-05-14,0.00397330797197241,0.0032116555963145744,0.0008229666289946927,0.00397330797197241,0.004804440114291259,0.00037134956721573454,0.0,0.007620000520745451,0.010427600628202471
2015-05-15,0.00295759032900607,0.0012229000617112599,0.0008641925637981522,0.00295759032900607,0.003585680952124978,-0.00026356574369588255,0.0,0.0035189753832871153,0.0010837191925412437
2015-05-18,-0.001505280980048273,-0.000492328892879787,0.0007962942878689368,-0.001505280980048273,-0.002411333005254334,0.0012767573473339293,0.0,-0.0008341761432049571,0.0031068767686057708
2015-05-19,0.0016511382076891804,0.0012109134632259282,0.003504455753894909,0.0016511382076891804,0.004961371637186809,0.0029247681687281243,0.0,-0.001970527272768763,-0.0003284613295468919
2015-05-20,0.0003564414683453014,7.574757247241851e-05,0.00025392205004867117,0.0003564414683453014,-0.00038725477833406253,0.0001410281509298396,0.0,0.0004489976757835468,-0.0007042742923049072
2015-05-21,0.001234159756787096,0.0009555206872472691,-0.0006201082702983592,0.001234159756787096,-0.003133314985020921,0.00011784090437000684,0.0,0.004130266558266227,0.002912643082565447
2015-05-22,0.00045909918163606256,-0.00010868406633250143,0.0010168906768664027,0.00045909918163606256,0.0021429163837286165,0.0008853013125371958,0.0,-0.0023357131483956683,-0.0023889854796818044
2015-05-26,0.0010626331971424472,-0.001202932861333292,0.002488650457559636,0.0010626331971424472,0.005259989981110473,0.0031246364008789347,0.0,-0.003964085522191962,-0.010751570322633408
2015-05-27,0.004193500558982289,0.003372383396865527,0.0024516301720063738,0.004193500558982289,0.0015420169712324532,0.0023016994349289986,0.0020420711962453,0.005470603580954991,0.00949239145804337
2015-05-28,-0.0016876874624740029,-0.0012016242299407419,-0.0009739973359442602,-0.0016876874624740029,-0.0002555473269363816,-0.000131300327638434,-0.000987794211658782,-0.00030215086970548645,-0.0011283448616169478
2015-05-29,-0.003151899283354053,-0.0022075869380894647,-0.0026757185291596207,-0.003151899283354053,-0.000953456166113764,-0.0008020140645743567,-0.000740922415803589,-0.0035034986393891686,-0.006213253284141351
2015-06-01,-0.00018988690695722835,0.0002231301590818527,0.0007480344662109863,-0.00018988690695722835,0.0018651786972704349,0.00041420326707659807,-0.0003142883303360714,-0.0005427768452171302,0.002036794699734834
2015-06-02,-0.004844697746253005,-0.0029139246066740856,-0.004401475370978668,-0.0023864730348071273,0.0027220848409747057,-0.0029260167504696166,-0.0019524054989086715,-0.0033804475427069657,-0.000992596770144516
2015-06-03,-0.0013471207833587475,-0.0003615521824018254,8.354804381292819e-05,0.0017108586912875409,0.0025583783212230695,0.0010478402909701622,-0.0047268949146886795,-0.0018212538565873795,0.0026496706749621346
2015-06-04,0.0025222913462441304,-0.0006220924136512453,0.00337368705028657,-0.0005113756911335381,-0.0034463323035529413,0.001607285716488735,-0.003167608206663039,-0.00311878371048031,-0.008447045226408822
2015-06-05,-0.0011304294840002766,-0.0007831656556102784,-0.0003354144944179582,-0.00022871430919617754,6.432376461793508e-05,0.0007037830178767977,-0.0004274731127278341,-0.003918925864341816,-0.0017133058821634517
2015-06-08,-0.001581535618895225,-0.0017854063168580175,-0.001581535618895225,-0.0014811877494770775,-0.0004225367307867134,-0.0013544047424315783,0.0,-0.00311534344750044,-0.00614932745867891
2015-06-09,-0.00250368466593697,-0.0018052740858811548,-0.002060615527829095,-0.0014828354958579617,-0.0014715633661199757,-0.0013096301282730916,0.0,-0.0013868339576455615,-0.00014378783196800082
2015-06-10,-0.0013416287017111589,0.001023156768566618,-0.001696712061122135,0.001790318081876678,0.0025100203047849984,-0.0011627456562752951,0.0,0.005660493574356895,0.011993365045903648
2015-06-11,0.004298226805476095,0.0024026830767466148,0.0037663166773284473,0.0011069799288138827,0.002596464813517468,0.002124303846549208,0.0,0.005093859256095401,0.0032234115191236423
2015-06-12,-0.000702470725154735,-0.0012532381222456024,0.00027061658538964,-0.0010846006163941998,-0.0026568717993241775,-0.0006341828159525304,0.0,-0.004822543173816052,-0.007655141069726201
2015-06-15,-0.0007375417125206454,-0.0009680678782685156,0.0005056672022381135,-0.0013806052260074686,-0.0014841390911181735,-0.00045863908638904864,0.0,-0.0016146124599219379,-0.004285449446767453
2015-06-16,0.0031831804450891104,0.0022924639945876434,0.0016963703150430166,0.002028503342906669,-0.0002840341772558236,0.0019336488411337228,0.0,0.00479747305810121,0.005451786137376624
2015-06-17,-0.0010798480740734865,-0.0007551164785736295,-0.0008434551036826335,-0.0006399359723263951,-0.00019480294197595134,-0.0010935267824798696,0.0,0.0011984894569687654,0.0016170720543060568
2015-06-18,0.0008794129488065639,0.0017894502753073036,-9.727176879330965e-05,0.0024419570811587904,-0.0020347575896622447,0.0002361951719273352,0.0,0.00593548677616309,0.010399464565075345
2015-06-19,0.0022143358066103996,0.000710027814096968,0.0020668731065587764,-8.872996248591213e-05,-0.00022604304726322902,0.0017497359134292512,0.0,-0.0005339000164569009,-0.004439081514622245
2015-06-22,-0.002651277102370844,0.0009537109888397092,-0.0031816599635189936,0.002252242349187264,3.121734112138466e-05,-0.00021238860876784648,0.0,-0.0002928234028135358,0.005122844345420097
2015-06-23,-0.0005898571145680276,-0.0002009890339445769,-0.0004134237964359374,0.0005769964065677746,5.080124523554813e-05,0.0005291199386368149,0.0,-0.0007960508265943301,0.0007080045629455078
2015-06-24,0.00030066063092708186,-0.0008725851288942205,0.0010071087375824706,-0.0017162487932477998,0.002800827296345419,9.270378247286354e-06,0.0,-0.0031712079144575966,-0.007262679868798028
2015-06-25,-0.00133045254862454,-0.0010600123870035613,-0.0005337504447732916,-0.0007656690712703556,0.0014048649042421597,-0.00027803018316271223,0.0,-0.00281625011861617,-0.003040517100919904
2015-06-26,-0.0015370404194634758,-0.0012445374731415153,-0.0007672806197877676,0.00022879346990128558,0.0009736099647506626,-0.0011657255719697386,-0.0026075362102553506,-0.0020265122043984676,-0.00019063913032979496
2015-06-29,0.00036927830202015656,-0.0039806577536196375,0.0021800981388403525,-0.006249760172671793,0.009527841299951175,-0.0006101099513658515,-0.006331986351462896,-0.007932523264676394,-0.020970290474817688
2015-06-30,-0.0004908515158919908,0.0003356848297482437,-0.001746254004760918,0.00011668027987594835,0.000287239058669474,0.00010392147852823351,0.002485860802574198,0.0001548044881760633,0.0020934434690524917
2015-07-01,0.0019940502447397396,0.001963240471631108,0.001949122846136043,0.004298896693711049,0.0021750062411930327,0.0018477863078285748,-0.0005819851152995166,0.002718314849576719,0.008014962852479934
2015-07-02,-0.00032158910031789055,-0.0012114241999816144,-0.00018949402594346457,-0.002244213379224008,-0.0003433365537618453,-6.805258527963441e-06,0.0008549066029827574,0.0008695570295896183,-0.0009152620139274426
2015-07-06,0.007119538529957891,2.877114714206071e-05,0.007119538529957891,0.0011319725997974057,-0.004175698822924857,0.004773146944857082,-0.0035868387758441348,0.001120470971192922,-0.0028459411548674707
2015-07-07,0.005162223369425607,0.002203686789283882,0.005162223369425607,0.0017412591815834228,-0.004106171984784513,0.0017419373455301128,-0.00011937808813938961,0.00483581425009727,0.006288997472626123
2015-07-08,0.0013696918283687175,-0.0026864678557198805,0.0013696918283687175,-0.002129804758550794,-0.006820754450032878,0.0017946857050045776,-0.00044354342434921914,-0.008476872273618463,-0.01677752500009233
2015-07-09,-0.005480088950903935,-0.0001575163406505751,-0.005480088950903935,0.0006222820544071786,0.005948637012925637,-0.0026052955371572775,0.0,-0.0017044193693143141,0.001808605317614509
2015-07-10,-0.003603975782299651,0.0021279189798333984,-0.003603975782299651,0.002485812402887955,0.008165028447940976,-0.002990905513905682,0.0,0.004783998395891675,0.012591738559018406
2015-07-13,0.0023205421691984054,0.0029644098154950975,0.0023205421691984054,0.0037153104672484,0.0020517297184356716,0.0004240676036444892,0.0,0.005551736801139828,0.011037302299348406
2015-07-14,0.0013523377169435407,0.0011759457300791352,0.0013523377169435407,0.0009181660925016321,-0.0012081354251432968,-0.0002595031292158139,0.0,0.0038681231144460423,0.0043384212896206975
2015-07-15,0.003815547736333542,0.0008293856339867519,0.003815547736333542,0.0012667671636138631,0.00043462593100682237,0.0021728909050573834,0.0,0.0013286112346546865,-0.00033262392673616414
2015-07-16,0.0023089709107867703,0.001814128143811702,0.0023089709107867703,0.0016150969627391329,-0.0032215870321454956,-0.00033899336855912224,0.0,0.004662425117634949,0.008024213415921633
2015-07-17,0.00246936109068356,0.0016287354623112128,0.00246936109068356,0.0020770976611094736,-0.00045769981397691874,-0.0009050363052881201,0.0,0.0005468087294658641,0.0008481027171527433
2015-07-20,0.003177486562442513,0.0027160653390198492,0.003177486562442513,0.004482302286734868,-0.0013927940378697812,-0.0011050162052079452,0.0,-0.000488918893974244,0.0005177501031883303
2015-07-21,-0.0006169612835091948,-0.0010398299659462823,-0.0006169612835091948,-0.0019891238072564056,-0.0001038701613425566,-0.0015433210460925957,0.0,-0.0012643475085462041,-0.003951322067528573
2015-07-22,0.003886281069888739,0.0005108246652921623,0.003886281069888739,0.00181704225669321,-0.0027483232710850958,0.0018481245528221629,0.0,-0.0005819781911987397,-0.0017947337938304386
2015-07-23,0.0010455834817352109,-0.0005153136949411489,0.0010455834817352109,-0.00040117722060858637,-0.0018654521000986963,0.0009351867630069554,0.0,-0.0017441280431146787,-0.005629655951808199
2015-07-24,-0.00011690959100729989,-0.002316839869857262,-0.00011690959100729989,-0.0017983767673210684,-0.0006198574490554859,0.0005902722970619462,0.0,-0.005844787953134901,-0.010372096287605381
2015-07-27,0.0024571348278422393,-0.0002919000047978537,0.0024571348278422393,0.000560210902638548,-0.0025456828747869188,0.0010834771252045171,0.0,-0.0021673532112855606,-0.005817477650585823
2015-07-28,-0.0015862587167641115,0.0011402212605591832,-0.0015862587167641115,0.0007750850826255061,0.004580885609479626,-0.00033983604921311377,0.0,0.006239332261194974,0.012283091512863997
2015-07-29,-0.0013570577042708982,-5.7336679434747214e-05,-0.0013570577042708982,-0.0008827281151195247,0.004157508094542097,-0.00032210065824518234,0.0029985303745598373,0.003560728165521798,0.006879072977136191
2015-07-30,0.0019578993280221215,0.001127687463756595,0.0019578993280221215,0.001416019425710814,-0.0010085739682756743,0.0011934355643135885,-0.00015328469888826153,0.0005965376219083662,0.00023748712055682297
2015-07-31,0.002083407146346034,-0.00037285283717089924,0.002083407146346034,-0.0007847480329311091,-0.0015363652628692553,0.001148783854551127,0.0011379737253316771,0.0014328855070860906,-0.0015180808929547984
2015-08-03,0.004187374323605006,0.0007057008243802913,0.004187374323605006,0.0015386398328014847,-0.004415132258991481,0.001780780882859393,-0.0025794531036608783,-0.0008044112014613299,-0.0033730777343309315
2015-08-04,-0.002494829860717715,-0.0010507637891436928,-0.0025343387959383254,-0.0008517130114486757,0.0015543406547445173,-0.0006347995754993591,-0.000725265298554793,-0.0032362475367948788,-0.00195396160087713
2015-08-05,-7.717352423473768e-05,0.0010444450264169083,-0.00014469775116921464,0.0017077321154160387,5.7470855256887e-05,-0.00046918690376062484,-0.0011920268475250865,0.00043064004634043576,0.0032951449188967086
2015-08-06,-0.001737681982572973,-0.001345339220344827,-0.00037919887568444723,-0.0012290337876765174,0.0023676937450001264,-9.240088825967886e-05,-0.0021977380282052674,-0.003511713131877814,-0.008187980553687746
2015-08-07,0.0004404407558314725,-7.174469010804578e-05,0.0013639208432180648,0.00015237808899961827,-0.00040068461040561695,-0.0003543560950046271,-0.00044997417345588617,0.00043295122555733214,-0.0019196810170742928
2015-08-10,-0.002610366244325848,-0.0027235213577407433,-0.004290353149492816,-0.0022168177730981673,0.001398122985766732,-0.002247022144311826,0.0,0.005905703662887029,0.012599441540550371
2015-08-11,0.00048180453312591365,0.0004396946954791112,0.0028318536335875384,0.00013662318915142515,0.000925044772156492,0.001706254192500952,0.0,-0.0027722868298527318,-0.009023606821370822
2015-08-12,-0.001825822861365272,-0.0011925398072016328,-0.000918965277491652,-0.001480245416837654,-0.0016600570071496634,0.00014640825861167363,0.0,0.0005691734071758159,0.0011982458354553582
2015-08-13,0.00046904031768551797,0.0014146954245023084,0.0008371044323131902,0.0013718377677310464,-0.0003391563137193999,-0.00016611226761165207,0.0,-0.0017968307224916825,-0.0012443793779399748
2015-08-14,0.0021131813078025877,0.0015221123382543804,0.0018453485391585018,0.00123574658580049,0.001288279134806229,0.0011075616946658355,0.0,0.00177192448945771,0.0036422724636624437
2015-08-17,0.002812681918811808,0.0016992037651631328,0.0029594456001024536,0.0013173943806652068,0.0019876497314897717,0.0012434922244840387,0.0,0.004066848850289073,0.005586730346554436
2015-08-18,-0.0004631274874830023,0.0007781153383355042,0.00044447508778390797,0.00034976929928941643,0.001121523382625543,0.0009399312003733221,0.0,-0.002376555173685935,-0.0028965173569863722
2015-08-19,-0.0009970119478867054,-0.0013618501221927812,-7.321208818137883e-05,-0.0011505417834377291,-0.005161783182878915,0.0017922102329540098,0.0,-0.002297019843949499,-0.007905433579052712
2015-08-20,-0.006673869135559239,-0.004633959286021584,-0.00355841451148031,-0.004840706236494566,-0.003324853911011321,2.7764433554801436e-05,0.0,-0.011443970120271117,-0.020881442439903863
2015-08-21,-0.0050646584563160575,-0.002375530846495734,-0.002371446281973989,-0.0023587489395922524,-0.003258224610548349,0.003469907228317204,0.0,-0.01645734203707774,-0.03010265805869483
2015-08-24,-0.007355553171119859,-0.0015391866186834505,-0.002597551366101485,-7.899987668373489e-05,-0.0004591800880998141,0.003258808876498067,0.0,-0.02459532333759591,-0.042106975122423895
2015-08-25,-0.0031411259270816955,-0.0009121954101897568,-0.0043883564470743345,0.0001261635851219769,0.0006073158056896296,-0.0010175172021300682,0.0,-0.0092491236905071,-0.011767372597634829
2015-08-26,0.010017333571853831,0.0064827189643009,0.0060716739970449116,0.005347847015631988,0.010364188278321734,0.0002658792673587275,0.0,0.020574465706844246,0.03839350782579354
2015-08-27,0.000913641571664268,-0.002411937136808176,-0.0019161762881983039,-0.0030816024244544127,0.011018535940106216,-0.004489103909139281,0.01006922216832281,0.014615896736942345,0.024735351810472483
2015-08-28,-0.0018396418023650385,-0.002240450410356405,-0.001955420894059294,-0.002294960831453643,0.002628218911671704,-0.0007164677616554543,0.003580450580316747,0.00010555312917048809,5.0330375750196055e-05
2015-08-31,-0.006501746790455328,-0.004354513200378974,-0.0055705024201495425,-0.003370283871252781,0.000352132205501712,-0.0016855738880284148,-0.0007074864422146622,-0.005523502887005826,-0.008079088184390959
2015-09-01,-0.002605414899137925,-0.0006111356513818848,0.0008272064285114592,-0.0011190223055399314,0.008592726194345228,0.0049192708080401035,-0.007552785801891368,-0.016111752499865805,-0.029847596923699427
2015-09-02,-0.003171643267270954,-0.004531798105920947,0.00024392780743648948,-0.004790945202549072,-0.00512975757784064,-0.0031542702969531663,0.0039113832542778905,0.010300889372779088,0.018980914964714657
2015-09-03,-0.00036440590996544625,-0.0004236951288421497,0.0008719911260874209,-0.0012058959842162452,-0.00029040859525354657,0.0004497563556784848,0.0017045085720363375,0.0014076425044621476,0.0007166707142516326
2015-09-04,0.004176900155872961,0.004684906743206234,0.0017385761613505366,0.004305864047393366,0.003552068201994448,0.004225069298740414,-0.003670357804818017,-0.007844417438814765,-0.0151372028360659
2015-09-08,-0.005301282658157829,-0.0059907162257870775,-0.0018465263109879162,-0.005193722372038871,-0.005639837400685522,-0.00500490411991824,-0.00039053620921212807,0.01332118781305258,0.025131275941234987
2015-09-09,0.0034688857695501967,0.0039417811864886215,0.00135767782834494,0.0037314129389264756,-0.002027201330815837,0.002048399714625081,0.0,-0.007872657891385493,-0.013371932253944174
2015-09-10,-0.002453012654243339,-0.0024401837851365815,-0.002038442460518419,-0.0019277461736742513,0.000574380862318132,-0.002378809531496228,0.0,0.002363734110960536,0.005441748124237478
2015-09-11,-0.00027882470832082566,-0.0001636764353452804,0.0019351799830490026,-0.00044360160784543524,-0.00014840250929572013,-0.0003967218200582933,0.0,0.003780324848944039,0.0045442613900192885
2015-09-14,0.0019030104838461935,0.0019305433810368469,0.0013228357817408364,0.0018905245657041571,-0.00019662344840784207,0.001371772261578995,0.0,-0.0018511420016572356,-0.0037105744487953007
2015-09-15,-0.001787022918670946,-0.0027133520612234023,-0.0011159852058176582,-0.0015215593463759434,-0.004401502209278411,-0.003764884365836163,0.0,0.004350332690094305,0.012499894957296531
2015-09-16,-0.005325047353249406,-0.005014878195489055,-0.0028832379280959533,-0.004918030322825443,0.0012129151759754397,-0.003965672348266614,0.0,0.005086293048993618,0.008666240063564423
2015-09-17,-0.001604850768093506,-0.00025177343895407643,0.0012376009125280015,-0.0010319403379355134,0.0017399152071744205,0.0018616324588671635,0.0,0.0019781169682424387,-0.0022478057243436877
2015-09-18,0.004450690242202145,0.0037872839184592243,0.0028706819412825362,0.0024773557169465565,0.004739475659570304,0.00510661032838043,0.0,-0.007930404551274051,-0.01634178157957822
2015-09-21,-0.0007587485291221674,-0.0014415247486755183,-0.0010970522194655467,-0.0005290317470026346,-0.0011175062347796286,-0.003374222017858962,0.0,0.0008243330230994772,0.00516774755420446
2015-09-22,0.005533829412003363,0.00562405742217519,0.0035968293041593056,0.004600303146666148,0.001824618239775622,0.003832807108687384,0.0,-0.005798693508208762,-0.012979681985511804
2015-09-23,0.0012609408336596364,0.0011867490191201943,0.0012429613591660967,0.00122291297567862,0.00043439334192053766,0.0008781559180317716,0.0,-0.0014073949502970916,-0.0015988325555283955
2015-09-24,-0.000858304214666343,-0.0005657407354061013,-0.0018729926727531002,-0.0007176120849784227,-0.001482151835235046,0.0004121760902473945,0.0,-0.0015711209434777326,-0.003615642001221997
2015-09-25,0.00040372988281177173,0.0005728937739986266,-0.0010048729310171605,0.0013599861867545325,-2.5128575523064082e-05,-0.00265195243172329,0.0,-0.001200639198311837,-0.00025890066605338546
2015-09-28,0.00816287647753967,0.009057434315615549,0.0036162560994761634,0.008605913121030154,0.004766275451344667,0.0031465751966595935,-0.007351001784259737,-0.012775640440265645,-0.025097587304596436
2015-09-29,-0.00047256351211260494,-8.567545783372442e-05,0.00011076527583853779,-0.0001578630038981559,-0.0006020632497197543,-0.0008734580514272393,0.0008825576210197598,0.0017281721349633905,0.0005851125179505701
2015-09-30,-0.002292545388986684,-0.0034703114717812514,0.0007232993331733859,-0.0038976413180317362,0.003413912243958502,-0.0021808402143156736,0.0036960256910164558,0.01126896712060188,0.018658065257933343
2015-10-01,0.0010012191924054655,0.0007327172930051908,0.0013547181018294502,0.00045039239762386264,-0.0006524285785903954,-0.001081925464188838,-0.00023476520822594767,0.0018776404424059034,0.0026093960109039305
2015-10-02,-0.0015386606143396849,-0.003789248648883593,-0.0013224695215158977,-0.005493775934607094,0.004608503004725534,-0.0019492799282196129,0.007024070676715754,0.010892290620141187,0.014937780176365711
2015-10-05,-0.002824184987471857,-0.004968743415140467,-0.002824184987471857,-0.006883499342448913,0.007418325482306899,-0.00406743308464781,0.004347490187767818,0.008461089978606928,0.017795012126830212
2015-10-06,-0.003210474777099199,-0.0021282697217411867,-0.003210474777099199,-0.0015698814141670413,-0.003553263391100618,-0.00014413085859777314,0.0023387271255029774,-0.0012388652409985434,-0.0034263782319760017
2015-10-07,-0.0006949304019663724,-0.002644919488463694,-0.0006949304019663724,-0.00461302297709954,-0.0037750146379664515,-0.0007786164909277999,-0.00038664054349749625,0.003913697229233515,0.008190365920418996
2015-10-08,-0.0010328489175145165,-0.0013278800088858565,-0.0010328489175145165,-0.0016336431168796253,-0.0014368299943287276,-0.002087227932978326,0.0,0.00437581496109094,0.009027014116059773
2015-10-09,-0.0013070877485514049,-0.0011599450257996976,-0.0013070877485514049,-0.0009691207216972603,-0.0017793978081128204,-0.00010964736165021513,0.0,0.0005813141493575813,0.0005963145228826683
2015-10-12,0.0028248520060242064,0.0021204347339540365,0.0028248520060242064,0.001340151368544957,0.0004469048229919651,0.0027487986069693283,0.0,0.0019066822594019594,0.0009438582069407619
2015-10-13,2.6527992936686227e-05,0.001502276074801845,2.6527992936686227e-05,0.00268417095665317,0.001965438908166871,0.0017077675802111532,0.0,-0.003410352768079239,-0.006302265526901163
2015-10-14,-0.0015949074206829024,-0.0004308796079501532,-0.0015949074206829024,0.0002930510412628627,-0.0030024374898800577,0.0010593426628841278,0.0,-0.0006891751775748075,-0.004794023032440697
2015-10-15,0.000998013828084052,-0.002121776917092415,0.000998013828084052,-0.004317519032896778,-0.002016455806422947,-0.0024378655318426697,0.0,0.007848517053966518,0.015354621332826612
2015-10-16,0.0005564872724687531,-0.0001030427268714807,0.0005564872724687531,-0.0007252725795457129,-0.0002899101098309306,0.0003725370410416727,0.0,0.0023953737431969824,0.004546678246235336
2015-10-19,0.002367712201391434,0.0015275722584435839,0.002367712201391434,0.0005106309630408825,0.0012686281905409731,0.00203686652966655,0.0,0.00010995519790033546,0.0004919225546222705
2015-10-20,-0.0015955302122441727,-0.000866924091105915,-0.0015955302122441727,-0.0005198525791403711,0.0009114973832945173,-0.0003223975640127155,0.0,-0.00213808724759601,-0.001278620457873636
2015-10-21,0.002441981509134765,0.002859694861595575,0.002441981509134765,0.0030011065858886136,-0.0006758416372181542,0.003089359766452888,0.0,-0.0023463319987408137,-0.0062032694163784985
2015-10-22,0.001955246597846888,-0.001801358176739928,0.001955246597846888,-0.0041823061852696115,-0.003705287883890738,-0.000745153523973586,0.0,0.010543474929492458,0.01689353988610165
2015-10-23,-3.560750667989964e-05,-0.002007796293604222,-3.560750667989964e-05,-0.0025649715443852826,-0.0013157333825253937,-0.002328849875161228,0.0,0.004319589552395309,0.01096175011903866
2015-10-26,0.001115281010479063,0.0014911727440931055,0.001115281010479063,0.0017511911975434296,-0.00021237755980198068,0.0014235492199304299,0.0,-0.0004326428017830785,-0.002457964585270034
2015-10-27,0.0011761866970671584,0.0015147618120333285,0.0011761866970671584,0.0017738517715972695,8.520993644458137e-05,0.0014912612023243038,0.0,-0.00015696793612502975,-0.001932322364038841
2015-10-28,-0.0005494694001357311,-0.0030709694116728445,-0.0005494694001357311,-0.004040344853050121,0.0007476911663599785,-0.00394570279159333,0.0019701860086585397,0.004751057803600566,0.011374648240825236
2015-10-29,-0.0008694408870244884,0.001229101272497831,-0.0008694408870244884,0.0025204414290349872,0.0009002991710036815,-0.0015056412183821048,-0.005194056790402007,-0.0028008973223038634,-0.0005740514623019388
2015-10-30,-0.0003856114528753132,0.0003003574197677577,-0.0003856114528753132,0.0009652537590329278,-0.0001526396975861898,0.0002898093044946064,0.00019496291453115506,-0.0017994094813949865,-0.004309689805387817
2015-11-02,0.0006242519145128082,-0.0011287596968058012,0.0006242519145128082,-0.0024018495672176814,-0.0003989189498218117,-0.0021487265228590955,0.0012124951796073438,0.005949294078261679,0.011830858442997583
2015-11-03,-0.0010019674204755128,-0.002104193598868852,-0.0010019674204755128,-0.0007715812990722249,-0.003099984854924234,-0.001113962973637592,6.33093330560379e-05,0.0006884364169869261,0.0028993330919457883
2015-11-04,0.0025738377665266345,0.0017307925365879916,0.0025738377665266345,0.002777200093080053,-0.0005145017065387143,0.00047963104184907824,-0.0022626685094804437,-0.0022340106446487205,-0.003033156069172649
2015-11-05,0.0012377232687393468,0.0009482281864203126,0.0012377232687393468,0.0013740653242200712,0.00038566160644256086,-0.00042603643393675016,-0.001360786448538,-0.0008628640951990451,-0.000998375594870815
2015-11-06,0.0002814764798428703,-0.0007788430644153177,0.0002814764798428703,0.0028533117973654296,-0.003010869500866063,-0.0008286671177682265,-0.00037805881130441614,-0.003028731055935774,-0.0005235555373037659
2015-11-09,-0.00031976847035746517,0.00023022624921422964,-0.00031976847035746517,0.0013141817444209149,0.0006507002693058824,0.0015238381728981468,0.0,-0.006281781145710341,-0.009331070310041656
2015-11-10,0.00207659823860201,0.0013805040518531262,0.00207659823860201,0.0009916499886156614,-0.0002328444016573278,0.0003839843266109549,0.0,0.0021443362762012972,0.002306417833591201
2015-11-11,0.0003457103855568904,0.0005669994849073136,0.0003457103855568904,0.0010795188679595946,-0.0008948923844173842,-0.00036649561196029916,0.0,-0.002548860308017642,-0.003931940416087243
2015-11-12,0.0006140062514338426,0.0016136299536417397,0.0006140062514338426,0.001383505670506643,-0.0018924124137687025,0.001333987849233932,0.0,-0.008148092521424498,-0.013959763236441769
2015-11-13,0.0015347719523734077,0.0012449143229301947,0.0015347719523734077,0.0006884432094844589,-0.0018067471308963953,0.0030749028367003514,0.0,-0.005218570581901427,-0.01122794947996042
2015-11-16,9.800866076160089e-05,-0.00046336878294475013,9.800866076160089e-05,-0.0003681876399969103,0.0025501136592393984,-0.001470632411762685,0.0,0.009653140845773754,0.015206848740734635
2015-11-17,0.001735639394403609,0.0012323058706744919,0.001735639394403609,0.001545379084594831,-0.002373688438353367,-0.00019538333274841984,0.0,-0.000550759487591379,-0.0007295392745639839
2015-11-18,0.000953908791280727,0.0002536777538565258,0.000953908791280727,-0.00030730619150009397,0.002099167229573364,-0.0018401391350400574,0.0,0.009330554828727688,0.015865838324387926
2015-11-19,0.00021976769963164976,0.0009685507478153926,0.00021976769963164976,-0.0008908284924957024,-0.0004216781778163724,-0.00033348676587851395,0.0,0.00035163953142405293,-0.0008619848207979119
2015-11-20,0.0014820284534424453,0.0005946609786733815,0.0014820284534424453,0.0014287093495530321,-0.0005030884076034786,-0.0008670425052957165,0.0,0.0016586634338533468,0.0036441155099322664
2015-11-23,0.0011795102458223438,0.0005534919096658116,0.0011795102458223438,0.0005126810633840462,-0.0011616006389978167,0.0005456831967531295,0.0,-0.0001595911030778163,-0.001146823904945804
2015-11-24,-0.0014864204632747012,-0.0014157585069740283,-0.0014864204632747012,-0.001998607698001187,0.0012188620784700185,0.00036097385678801597,0.0,0.001180920908995198,0.001339381275519358
2015-11-25,0.0009983812628158839,0.0003800382951910395,0.0009983812628158839,8.407072766898158e-05,-0.0008679918248055094,-0.00010298772986333253,0.0003051829131994803,0.00013984255278767235,-0.00014349954871561987
2015-11-27,0.0026237816634651647,0.0019106454775918223,0.0026237816634651647,0.0024064946579973,-0.0018247176713985544,-0.00017390407391880698,-0.001550964765573612,0.0011022877876571968,0.0011469434036577297
2015-11-30,-2.2794460070804992e-05,0.00018603685467770797,-2.2794460070804992e-05,-0.00024368978528574637,2.5766268208757325e-05,0.0012024341175939726,-0.00040522378277902196,-0.0023404363454428757,-0.004151494852660753
2015-12-01,0.0011413824129775634,0.0006858613688809575,0.0011413824129775634,-0.0023915947324577806,-0.002463505550763371,0.0011846164384178679,0.00578379996879363,0.007848695481870482,0.009535556781437027
2015-12-02,0.0012327858772694298,0.0008512416609366521,0.0012327858772694298,0.001836914175101868,0.00020108700588321364,0.002190024922656918,-0.0060668870517795875,-0.007246756891853323,-0.010205037547928786
2015-12-03,-0.010153463328291925,-0.009993598067807793,-0.010153463328291925,-0.008937505903321607,0.006735519772781127,-0.005729643278180948,-0.008242338637464973,-0.012608123900238112,-0.014002915153050743
2015-12-04,0.003298794252525935,0.003418046253011984,0.003298794252525935,0.002569067584940559,0.0012465540799828467,0.0009261399144059251,0.006908579351852351,0.013181998043795405,0.01950290975401403
2015-12-07,0.005300418190534101,0.0051515933231862385,0.005300418190534101,0.006384012132170348,-0.0012457581571414847,0.004348936887775817,-0.0004158999061885084,-0.0023494114324567046,-0.006058651505764345
2015-12-08,0.0016987327329767374,0.0011999446559041206,0.0016987327329767374,0.0020965248159180018,-0.0037934483571540603,-1.735648063090167e-05,0.0,-0.0038056600683378235,-0.006719524643485686
2015-12-09,-0.0021475493728295957,-0.0021692159573570807,-0.0021475493728295957,-0.0013413108563461945,-0.0009304830335272218,0.0011030770211521248,0.0,-0.004064702209749171,-0.007779456691718423
2015-12-10,0.0012743717982747719,0.0010636327078701673,0.0012743717982747719,0.0010341921007630157,-0.0013105123549153061,0.0003990022903145253,0.0,0.0006833500772212453,0.0025807652918723445
2015-12-11,0.0035947494743496108,0.0030383275306242723,0.0035947494743496108,0.005201130585553354,-0.005129179510715814,0.003938412372593722,0.0,-0.008424152518852179,-0.01938091240626727
2015-12-14,-0.0003215096110242025,0.00021821798413848784,-0.0003215096110242025,0.00019396165387990363,-0.0003039951266437763,-0.0037076903704099684,0.0,7.680498718145527e-05,0.005052302878793435
2015-12-15,-0.0009590449628236544,-0.00085987359978713,-0.0009590449628236544,-0.001997370827976718,0.004680311485576196,-0.0005605126856126675,0.0,0.0052813535185118,0.010497994756476503
2015-12-16,-0.0006820465945493685,-9.48516097914933e-05,-0.0006820465945493685,-0.00178242002048433,0.005675329162058169,-0.001932232802337939,0.0,0.007721349880940308,0.014631974377460999
2015-12-17,0.0051393029947820875,0.0047823602408585955,0.0051393029947820875,0.005908080395069418,-0.00672920508702917,0.003175070546914937,0.0,-0.007476230185659194,-0.015238153252194131
2015-12-18,-0.0031417832363684287,-0.003133438241496947,-0.0031417832363684287,-0.002039931901852114,-0.002914859229308487,0.0012614306221145506,0.0,-0.009255597418493555,-0.01781484126023425
2015-12-21,0.00021284783016745605,0.0003171634327133499,0.00021284783016745605,-0.000330446535254035,0.0019089368661746684,-0.0010378500013566699,0.0,0.0051372794608556035,0.0082489393270746
2015-12-22,-0.0013085286913289919,-0.0011577203931961695,-0.0013085286913289919,-0.001969787948569463,-0.0005432810154782784,-0.001060080191820175,0.0,0.004317696081473787,0.009074436387133789
2015-12-23,-0.001968721916463152,-0.001524784849724599,-0.001968721916463152,-0.002878347024949643,0.00047207572334812475,-0.0034121292483235087,0.0,0.006525784660667266,0.012383320477028947
2015-12-24,0.00013961380838812637,-2.5238552869390586e-05,0.00013961380838812637,3.302716954225321e-06,-0.001271748224145368,0.001125856799274835,0.0,-0.0002565317821115354,-0.0016503930555227253
2015-12-28,0.0032580492957743627,0.003163881832858009,0.0032580492957743627,0.0035918240000075486,0.0005942314766347112,0.0012890859210969556,0.0,-0.001295757654146623,-0.0022852955181016377
2015-12-29,-0.0022239780772792548,-0.002189111542956361,-0.0022239780772792548,-0.003002146001902519,-0.00379487428574808,-0.004110632644999812,0.0015904255275500181,0.004289730712258022,0.01067182384315668
2015-12-30,0.0009518412887052367,0.000714569632426685,0.0009518412887052367,0.0016778933598450797,0.0022431880807043717,0.002054405604879992,-0.003385734741558848,-0.004100712289632202,-0.007087452081266488
2015-12-31,-0.00043149426674224113,-0.0005670589656032433,-0.00043149426674224113,0.00046633279719119356,0.0030244960422729592,0.0023282904589818445,-0.001276973046458045,-0.00554689527910912,-0.010003454983134263
2016-01-04,-0.00014768076020610734,-0.0005651703213069351,-0.00014768076020610734,0.0015233769868680121,0.004993826059814543,0.004472313176000462,-0.003660181165641629,-0.006683030115241739,-0.013979551759453535
2016-01-05,-0.0004419416036080294,0.0006388522106659208,0.0010666857713790608,0.0008362671369124378,-0.0007289573859351675,-5.540076509515443e-06,0.0007455580283884971,0.0009018830550480138,0.0016916240031614738
2016-01-06,0.0024590043865172833,0.0022596103823498996,0.0019533202603209537,0.003693201666302141,-0.0032027691273223257,0.005408921579981514,-0.0021382189402610204,-0.005154036902711767,-0.012614519641087507
2016-01-07,0.002753668271339166,0.0009185137658278925,-0.0026521463582946173,0.0013471509590338043,-0.005178258853789975,0.003899504385283746,-0.006037540345079678,-0.01353222789666928,-0.023991493804924602
2016-01-08,0.004038631421580665,0.0029977742636512557,0.0014557191792813936,0.0034247242716462217,-0.00467359171580745,0.0033800444269634247,-0.00041572562097766565,-0.005575296584168754,-0.010976468536262551
2016-01-11,0.003714980691887191,0.0036443476202225205,0.0026706948315733284,0.0029966254180089327,-0.0034767549124373365,0.000823850174189333,0.0,-0.0006753544939111401,0.0009899368211512272
2016-01-12,0.00026922649245959335,0.0004960116227888484,0.0030542228410251723,0.0012828624772849423,-0.0009258308941994869,0.0016526011662476672,0.0,0.006638767715822791,0.008068527795395575
2016-01-13,0.002243363120189405,0.0010023164157784762,-0.000859858558278446,0.0021322378601865586,-0.008823698597533873,0.004058299380927305,0.0,-0.013398380266626764,-0.024940735122798485
2016-01-14,0.0005214724318848955,0.000293760698815229,0.0007852983649428277,-0.0006862138082307458,0.006701160149579974,-0.003005815706077472,0.0,0.009032538124704281,0.016416685429277544
2016-01-15,0.005631435040918164,0.004666831825909738,0.0009033605381841949,0.00675799195829306,-0.01047886607125208,0.004812321056415211,0.0,-0.011018771212036559,-0.021466094091637578
2016-01-19,0.0010480633675893746,0.0009914402216022128,0.0010245556566958781,0.0011470951917459276,0.00033275729247559825,-0.00030427508552741177,0.0,0.0002802857390665546,0.0013313576108457958
2016-01-20,0.0035438589985402665,0.0017939337294525471,-0.0005150668890193122,0.0024778052112314607,-0.005283915017574699,0.0033386767033595013,0.0,-0.005723695691194774,-0.012815336711887393
2016-01-21,-0.0023007765140572963,-0.0021171851024649243,-0.002089121494231709,-0.0025802997866956607,0.002960044460993235,-0.0020210866104660337,0.0,0.0023646329660881983,0.005601872776458183
2016-01-22,-0.007713763141468455,-0.005473945790906034,-0.0009479945714181892,-0.005839001047933667,0.009737283635808619,-0.00549053412304124,0.0,0.011421512309494508,0.020515584293706146
2016-01-25,0.004552918338597178,0.0035870636807919516,0.0016784920759863996,0.004624322539390054,-0.006670115159232098,0.004199948814252964,0.0,-0.007734904894393346,-0.015116340819525731
2016-01-26,-0.007264726177553693,-0.0055086071647642365,-0.0017943934979955363,-0.005492625703119547,-0.002499440213899333,-0.0030528163609329574,0.0,0.008481252098681936,0.013642882862618055
2016-01-27,0.0006606881349539441,-0.0010284376893771993,-0.0032605326264901306,-0.000954954054510596,0.00046293759182214036,0.0013647061787291045,-0.002561954611097964,-0.006234277950730993,-0.010883293004751549
2016-01-28,-0.0012428106975167998,-0.001459392363906627,-0.0006635717831036557,-0.001715061499238113,0.0008567750992752953,-0.0018397346324358524,0.001437513332141529,0.003642070439041367,0.0052093901017162825
2016-01-29,-0.004775352287959499,-0.0026004612725050893,0.0030826397062302807,-0.002169234853944417,-0.003064938991882869,-0.0015830924291823307,0.0082113747714741,0.01676401639073788,0.024377096900929374
2016-02-01,0.002177372223316836,0.002064365012135021,0.0010320549284592328,0.001984579397268384,-9.376394696621374e-06,0.0007920918688502972,-0.002985954318623774,-0.0011383246468201992,-0.00036129523641525996
2016-02-02,0.004161069933129074,0.006174317538024765,0.002980762779179055,0.006753074233801324,0.003468248493336686,0.005653032466822361,-0.003883737602383868,-0.00797986018810397,-0.01802240914841924
2016-02-03,-0.006102112266835897,-0.006163010390208713,-0.0061221212778845915,-0.00621434218395276,-0.0055386790054634556,-0.0053151175749480304,0.002916599829129753,0.003158698385062308,0.0059951664042250385
2016-02-04,-0.0014561139134747257,-0.000756369210651432,-0.0005955645488760064,-0.0009104931974201554,-0.0020394340542818903,-3.5561757891917065e-05,0.001033558816973206,0.001891935156303548,0.001568293228447315
2016-02-05,0.0024047437782954233,0.004365123901641195,-0.0013046967167596644,0.0033350817981389453,0.004200421802056811,0.00366280094663853,-0.00037359600531136964,-0.010919444554047275,-0.019050393594273518
2016-02-08,0.0016660202251164828,0.004178404525796292,0.0009966197937723072,0.00286875721910137,0.0007438777575518669,0.0049696843468566695,0.0,-0.00508795351257636,-0.013461012522678284
2016-02-09,0.0035843757300826357,0.003718687404916315,0.0007145363488802862,0.0026194547338529257,-0.0036290942081020697,0.0023233869012731613,0.0,0.00010473956476091397,5.397978403398618e-05
2016-02-10,-0.0006126871887245988,7.32732017073756e-05,0.0009587409618719669,0.0005472758134451182,-0.001493521987273587,0.0008423166319126174,0.0,0.0006761872330703246,-0.0008626538523819338
2016-02-11,-0.0009549514531400838,0.0007862381676657265,-0.0023133175469539084,-0.0011145235126902514,-0.006373728452161108,0.0025462044731149876,0.0,-0.005966018848670096,-0.01300852037129463
2016-02-12,-0.003273631089028544,-0.005217218573672528,-0.0029317785481966685,-0.005138106825888365,0.008086111955339464,-0.0045581210442611235,0.0,0.009318991497979878,0.02061726997133162
2016-02-16,0.0015783542291537174,-0.0009720379342509552,0.003170709844464364,0.00037172814752894207,0.00800547378186898,-0.0035075340454141456,0.0,0.00893349904529974,0.016878452660935128
2016-02-17,-0.0042251618229108235,-0.005385652593373329,-0.001928362658735505,-0.005654330998638537,-0.003486394671030292,-0.003549353008079164,0.0,0.008821278673765852,0.016334505494840945
2016-02-18,-0.002398608575422781,-0.00035851193610361584,0.0010413632767848338,0.00026853657242063324,0.0018374530120888854,0.003696587276537841,0.0,-0.0006030186042401905,-0.00409609048614934
2016-02-19,0.0006574300901205734,0.00041690644984661594,0.0008413401172322314,0.0009586820431931125,-0.0006751012094584782,5.157138677442801e-05,0.0,-0.00028103015368938775,-0.00046838358948231296
2016-02-22,-0.0020028390397478484,-0.0032275596826251956,0.0009864594063941448,-0.002390065529002371,-0.0022854961072581695,-0.001976616526311495,0.0,0.008289524068556098,0.014479373122017414
2016-02-23,0.0016742307983760136,0.003068415423755181,0.00036045453933905244,0.0029158765128217655,0.004086002994068693,0.003790419248497887,0.0,-0.006780632598154579,-0.012629667885926121
2016-02-24,-0.0007546015648481303,-0.0011798796113179166,-0.0007097136278978512,-0.0016225607921360027,-0.0013255798874553526,-0.000451758181779606,0.0,0.0027453350131429574,0.004575558355238263
2016-02-25,-0.0027780542539323763,-0.0028505160338079876,0.00219851766670671,-0.0016007053286663268,-0.002902961504127279,0.00024546957721999305,0.0032863023802457954,0.008460659971750982,0.012111939321140186
2016-02-26,0.0016988928509850195,0.0008765010144214584,-0.00010220263398398599,0.00041713996933408107,-0.00232996059902424,0.0007394891684078567,-0.001696449794628781,-0.0033279521665773746,-0.0023011531034605737
2016-02-29,-0.0021796779103562627,-0.0011229605698708702,-0.002803873020834182,-0.0014458484320449033,0.00042486616750047625,0.0009382256332784186,0.001984095064838423,-0.004053375702451677,-0.00784267120072979
2016-03-01,-0.003618324863505621,-0.006359151603629156,-0.0013706537039681476,-0.00546740911488441,0.0029283067912858306,-0.005805577856735348,0.0034057897954067945,0.010977684826678756,0.0235067818256387
2016-03-02,-0.0015637229034780452,-0.0009221265303371915,-0.00026465893305277163,-0.000663194271843177,-0.00010291415122549186,-0.001301267503553029,0.0018300268940756408,0.002002027937846007,0.0044926289366233885
2016-03-03,-0.0020224899999210207,-0.0005258296501416095,-0.00039549199206037014,-0.0005488682270787202,-0.0006413199765052287,-0.00018873786435017007,0.002919636403870572,0.002826947825035031,0.00391936903006318
2016-03-04,-0.003651269414540077,-0.002783702974650832,-0.003455326903364056,-0.0036849216394225395,0.0008619474319246077,-0.0033791571158413567,0.0017708117506067967,0.0006006012254187619,0.0032538577048779604
2016-03-07,-0.0019920847973612927,-0.0014866914939871956,-0.0018226268954017854,-0.0015510762423710893,-0.0014882680908867045,-0.0014184798044109834,-0.00036015890379560294,-0.0003278262910475949,0.0007979128564656879
2016-03-08,0.004520166798172892,0.0036218810214633016,0.003992104063792512,0.005130605318339043,0.004530933706544911,0.004375959382167134,0.0,-0.004236385663478549,-0.010917529593573838
2016-03-09,-0.0027936243243284324,-0.0027945354055748353,-0.0020486157565908682,-0.0027046984602492837,-0.0022465794676907185,-0.002438140092209531,0.0,0.001393441408490181,0.004939639551454045
2016-03-10,-0.0015858718885632646,-0.00012460324216565272,-0.000852813471046709,-0.0008243888891947451,-0.002979391706688311,-7.953287154870365e-05,0.0,-0.0009482646947628127,0.0008023872450293457
2016-03-11,-0.006142281076802384,-0.004994325255856582,-0.0020544894225593296,-0.00401244154857498,-0.005084091206122223,-0.002718012236324838,0.0,0.008541464773322493,0.01613701285937763
2016-03-14,0.001036699816896356,0.0007289885896071997,0.001751482695477065,0.0017453666926216518,0.0019977437848760628,0.001445203118661831,0.0,-0.0004741110083594124,-0.0012821997134063734
2016-03-15,0.002329962232888163,0.0021310876568358373,0.002154939909796424,0.002279651969001477,0.0002731457419412504,0.0012850127080256484,0.0,-0.0010516651654287833,-0.001629565422109014
2016-03-16,-0.003760747472677265,-0.0014770184160551882,-0.0009895570994086474,-0.0018302928653990407,-5.1084109110012326e-05,-0.0011169639537597818,0.0,0.005574635474412748,0.0057872733879693605
2016-03-17,-0.004363789224433523,-0.0025375329080920307,-0.002336399242897816,-0.0027159448509493983,-0.0010314761900122142,-0.002033530663984949,0.0,0.004246596456744189,0.006343843980833874
2016-03-18,-6.42117906138127e-05,-0.000298438122266509,0.0005431682902500532,0.0002076361179841611,-0.0002154511411337233,0.00045537340541393476,0.0,0.003053983852975062,0.003929703513426919
2016-03-21,-0.0005251524333427478,-0.0007946378506098668,-0.0010961626788988544,-0.0013929792884730414,-0.00012117126575963164,-0.0015101311218680504,0.0,-0.00028260342678763104,0.0014189844543406327
2016-03-22,0.00022407772573453534,0.00013161743159356698,-9.813389342183603e-05,-0.00022422412977898362,0.00028434096724154955,-0.0005106938285299139,0.0,-0.0011662069439083212,-0.00053754562649444
2016-03-23,0.00436631309509008,0.0026068547840381665,0.004364237651265979,0.005221737492491778,0.003983778995941182,0.0047255212741718735,0.0,-0.002121707102948344,-0.006599786785057238
2016-03-24,0.0007160413923879053,0.00046019439410053647,0.000624714871850996,0.0006385389614731007,0.001133591841921038,0.00016620812122200375,0.0,-0.0006681167795377308,-0.0004426962255893452
2016-03-28,-0.00034232171628563755,6.024625197449545e-05,0.0003467698979236549,0.0003821246091246418,-0.0009725925177901158,-0.00010546408834785376,0.0,0.0009406016937778983,0.000590936753544602
2016-03-29,-0.0023615936213102085,-0.0002751290817538286,0.0015533412366793564,0.00011416553402572268,0.0021533195347852732,0.0005245724756925353,0.004680467402524195,0.008256570249084615,0.009249706367317367
2016-03-30,-0.0016635070253432861,-0.0017479344367628,-0.0015318877668309698,-0.002070380084178123,0.0011787022185437588,-0.0016879537006065821,-0.001089003928678023,0.0020879519998163064,0.004388286210471826
2016-03-31,8.367599227203167e-05,0.0010228551039502443,0.001197270259654376,0.001430504425850341,-0.0008370014893113651,0.0015750425782312901,0.001541729906062585,-8.623053531662747e-07,-0.002427052090940851
2016-04-01,0.0008839897118994456,0.0005977626476955397,0.002568421370716132,0.0015717015085359963,-0.0020916914139395074,0.0016494775458256207,-0.0010958988570581212,0.0039710344685415224,0.0068119116327305385
2016-04-04,0.0012096388805703767,0.0001953602461173581,0.0010615627477274152,-0.00020437074184690581,-0.0023959638589227577,0.0012997054066266741,-0.0021597085485629023,-0.001470791109848024,-0.0032380646728797924
2016-04-05,0.0022007340783483653,0.0017989560163742685,0.0017418773260114483,0.0016437110024404482,0.0004498472320328562,0.0028707183098389205,-0.00011983566474454902,-0.004396205916509355,-0.009987583617638962
2016-04-06,-0.002249504440137133,-0.001461809338419053,-0.001205663060027067,-0.0009161245851821736,-0.00044139533045596047,-0.0026543764979791978,0.0023127878393967628,0.005685123012097027,0.01092080634069914
2016-04-07,0.0024996161208863106,0.001815131244720418,0.0018906978378667142,0.0014445205622809494,0.0008314986424292077,0.0033383886222752876,-0.0003738672315213287,-0.0051155164575284115,-0.011965897110364887
2016-04-08,-0.003363169262568993,-0.001951227895719724,-0.0027971242807720933,-0.0013792558162853124,0.001620209922705369,-0.0037381966040358847,0.0,0.0010058655467245713,0.002696952250604845
2016-04-11,-0.0015552591533534187,0.00034385953208999,-0.0013878379968336788,0.0012765245357353005,0.0018405233501282822,-0.0014519250035731385,0.0,-0.0014806534463197797,-0.002347443470285704
2016-04-12,-0.003633441648033876,-0.001915313514579232,-0.002903499351966029,-0.0011215186524434102,-0.0005112520139414639,-0.0038659446423075726,0.0,0.003999924544522892,0.009313018385268101
2016-04-13,-0.001746462337259989,-0.00037186172746618806,-0.0009300107309895198,6.908836416608956e-05,0.0001821875318193905,-6.820243796800958e-05,0.0,0.006350396127706226,0.010101088712244355
2016-04-14,-0.000923337867328273,-0.0013862548266765171,-0.0009684097750110967,-0.0015795693299201865,0.001601207369716054,-0.0001980269668124341,0.0,-0.0009122424853105217,4.8046078526597924e-05
2016-04-15,0.0023401946134071153,0.002410399541685747,0.0021448581051958355,0.0023015434216561033,-0.0011802455899336717,0.0013175915889470234,0.0,0.0005341653481193644,-0.0011053529762812264
2016-04-18,-0.00043899574921726323,0.0001301320018828387,0.0002683194455952855,0.00035280250023471816,0.00019580139222446287,-0.000698160387100157,0.0,0.0038176618751191603,0.007026052159435414
2016-04-19,-0.0026830587632632884,2.629966310278457e-05,-0.0021593943444314957,0.001182102182648526,-0.0030556721667296272,-0.00265871854317262,0.0,0.0012407798160817495,0.003154487261571859
2016-04-20,-0.003755121299261024,-0.0036875893047916474,-0.0035166877128302177,-0.0036731162179912116,-0.0013586337229177978,-0.0014788534914851883,0.0,-0.0014595175995557152,0.0009527381485070485
2016-04-21,-0.0003810103731366971,-0.0009041806315033206,-0.0007677050929510938,-0.0010199902323684647,0.0013388846842325875,0.000409964883291003,0.0,-0.0038832797951224626,-0.005378283950835283
2016-04-22,-0.0011769108800292912,-0.0008744167554121422,-0.0008934711288011829,-0.001440940531859382,-0.0012408940507261355,0.00021159198539380178,0.0,-0.0004383878825544585,0.0
2016-04-25,0.0008781785580636308,0.0002837538315782322,0.00040191390015248895,0.0001890038331041828,0.0006594836418313908,-0.0006923533183014218,0.0,-0.0014721992272415329,-0.001722922669681437
2016-04-26,-0.0018833995200683734,-0.0006843563331598037,-0.001465059266684637,-0.0005044562362137293,-0.0017892560867216122,-0.001918734446332533,0.0,4.9756720775828646e-05,0.0014861093188471841
2016-04-27,0.0006064148742771754,0.0017245188650976862,0.0013361174311723421,0.0019526272032235116,0.0006841381204262497,0.0016336409098786243,0.003027673295202109,0.0034352329303418026,0.0020580043856057717
2016-04-28,0.0015050234061710723,0.0019397755702880402,0.0012977400573694893,0.00213426970658021,-0.0007529546593541956,0.0007627057675040607,-0.0006715428509631462,-0.004059119918452647,-0.009075653814858975
2016-04-29,0.0004770382369238926,0.0008752248542251125,0.0006846682868520573,0.0011787637437407333,-0.0014895545126808267,0.0004262589876575869,-0.000268582090521449,-0.0033845620511862903,-0.005398380312308215
2016-05-02,0.000990305393854792,0.000163888900079541,0.0010379299265657928,-0.00023024736201428687,0.001545583704835592,-0.0011614674726280441,-0.0009670175086139616,0.0036070782687215534,0.007948043529313997
2016-05-03,0.004628016652606181,0.001146598825243486,0.0038876195792659444,-0.0017026622207487146,-0.002001700199089296,0.004602318561452988,-0.002520789091528474,-0.002847622828127871,-0.008703050795156209
2016-05-04,0.0015593982578926582,-7.645750685868734e-05,0.0010691164231954188,-0.001421667291521271,-0.0011528731516371904,0.0023926787006202325,-0.001084604009215307,-0.0026211518841594782,-0.005578630868028234
2016-05-05,0.0011029335156135518,0.0007129466886766255,0.0010811129419277623,-0.0002042871876478153,-0.0002943343443554307,0.0019418599649491312,0.0010454551635493152,0.0009703899808127137,-0.00019463602097924415
2016-05-06,-0.0006678532938838159,-0.00010621999199015988,-0.00026131981871454384,0.0004398595331254685,6.112373801870013e-05,-0.0015180050096311798,-0.00042262814310439463,0.0012557964302720493,0.0036590964635585532
2016-05-09,0.0005361735833761792,-0.000879408110521551,0.0007527630944380848,-0.002090760764363403,0.0019673964595968443,0.0038496586915390527,0.0,0.0012565081291803447,0.0008260983352867957
2016-05-10,-0.0028900101514994104,0.0005850668477563117,-0.0018460224743522447,0.0031649219622654394,0.004874917342229357,-0.0021986809471673304,0.0,0.007388075680296823,0.01243398329996559
2016-05-11,0.0005262351219437245,0.0004950346077215334,-0.0001627332930302899,0.00043350853457857453,0.0013849031969887233,-0.0020846877019485397,0.0,-0.004998032839173571,-0.009354634484413538
2016-05-12,-0.0016514967617618115,-0.0017307927283376275,-0.001988323354692207,-0.001899929918858743,-0.0012751064114046161,0.0009288400134092891,0.0,-0.0009089712182963617,0.00029045767619217955
2016-05-13,0.0021043600090196396,0.0002996140363814473,0.0018235861276198703,-0.0010304707777845853,-0.002911213469468955,0.0018122599297626092,0.0,-0.0037079232634518395,-0.008714251106596183
2016-05-16,-0.0034676139243049174,-0.0008832743220563752,-0.002513842978411072,0.0007272830529673817,0.003979509897459313,-0.002908150944670607,0.0,0.004476292588017693,0.009865211845007993
2016-05-17,0.00010549928618605879,-0.0008515352722895696,-0.0008507607718534467,-0.0016226919358580455,-0.0013788260207312742,-0.0007244055049420996,0.0,-0.006143145892551094,-0.009333525838809531
2016-05-18,-0.004923990105676897,-0.005465746249752749,-0.00464938251495043,-0.005670845738662282,-0.00046211894251977704,-0.0010637824469040295,0.0,-0.0030508069017067376,0.00029270934849501273
2016-05-19,0.0005314576355991635,-0.0006263043962488031,0.00013539949488523291,-0.0017773849875213801,0.0010814277716713365,0.0016825337148126038,0.0,-0.00167642065120579,-0.003464471221514165
2016-05-20,-0.0011861663919584577,0.0005356332158243796,-0.00034648659177600213,0.002090088535935644,-0.0007349133638232513,-0.0006502304550632672,0.0,0.004045616608722424,0.00631689702054028
2016-05-23,0.00048136298050050754,7.374699828204212e-05,0.00038115191350565343,-0.00033139373066003804,0.0008657204738169826,0.0009739538783719261,0.0,-0.0005622970001185389,-0.001362511472558614
2016-05-24,-0.0037567717334334888,-0.001231388596584593,-0.0022297224546409863,0.00034816969683967625,0.0022608897997983346,-0.0005037342992891308,0.0,0.007120966574323883,0.012962089560227597
2016-05-25,-0.0014347681198167317,0.00026897579989509056,-0.0008865608092636522,0.0016120159845580864,0.002938560213397067,-0.0018497279943509195,0.0,0.003887674718717759,0.006783500648421592
2016-05-26,0.0011854252003104318,0.0012181656558286863,0.0014087396002601018,0.0012584443058628447,0.0013228502765392843,0.0005727918048897378,0.0005667238522525846,0.001414252146238937,0.0002865993426368618
2016-05-27,-0.0018787938329553034,-0.0012576554647563609,-0.0014821819123049384,-0.0007150146957013378,-0.00018930281091685246,0.0004958872468594478,0.0010248564387174662,0.0018146313836960633,0.004299220666261316
2016-05-31,0.00036615454521414894,9.673265474737007e-05,0.000511523810611917,-0.0002494015772448295,-0.00038808098930223465,0.0010665638636068336,1.1050767706780126e-05,-0.0006670898248973822,-0.001902394780319283
2016-06-01,0.0001189756768875291,0.0006910465025048602,0.00012587405941204592,0.0014817132229669456,-0.000990757741659009,-0.0005895440866491518,0.0006667830408022453,0.0010944541011997265,0.0020490667345827163
2016-06-02,0.0006634747922093185,0.0012709277287312037,0.0008469557027933573,0.002039041692227603,-0.0014743430207221518,0.0006710573905939243,0.002385388705737092,0.003068000885273925,0.003043893813706511
2016-06-03,0.003991775673754019,0.00527303300918642,0.0008570207625733491,0.007343512926209477,0.0013344802485496443,-0.0014381246539634572,0.004228126078192169,0.0019209112010333932,-0.0029873588558102515
2016-06-06,-0.0033409167845250463,-0.0012122273552228249,-0.0033409167845250463,0.0014352838155083053,-0.0020896795621570124,-0.0018248364923623387,0.0015157131415740256,0.002007002562095739,0.005088357789082787
2016-06-07,-0.0007596495911933629,0.0009090427871803659,-0.0010863613396933111,0.00259834654228665,-0.002875511430775353,-0.000710782848573211,-0.00046453149223659856,0.0015157178364465286,0.0015615823978165633
2016-06-08,-0.0006171701951992827,0.0023462861310012805,-0.0011897543072372776,0.005470673627440873,-0.005504843445342202,-0.002247202141552366,0.0,0.0024250596852442466,0.003259587494902405
2016-06-09,0.001963970673808724,0.0008956680088229218,0.002866403893534068,-0.0009488499651930475,0.0009891970745506652,0.0014564250886780795,0.0,-0.00020620624033602648,-0.001365852301926207
2016-06-10,0.0031776247918532635,9.13965402984646e-05,0.004484266682027414,-0.005129125714401834,0.005227818815738734,0.0036339992685505596,0.0,-0.004281661939915082,-0.009477167245486307
2016-06-13,0.0021848465880262733,0.0004649365814460605,0.001698053435523749,-0.0022494982228557906,0.002361248400433955,-0.0002196515302182409,0.0,-0.0038375950226165133,-0.007711824672113066
2016-06-14,0.00041669105725108437,-0.0011107736136506125,0.0016366894268534252,-0.002802065346809641,-0.0017676696017839342,0.0011334106708217747,0.0,-0.001287468849459539,-0.0019670189379238368
2016-06-15,0.0014771808725274967,0.0017091165361005558,0.000992187889621823,0.002282981366559933,-0.0016652453509627741,-0.00037187372394991943,0.0,0.00038185394374328223,-0.001393847647882085
2016-06-16,0.0027207926669857983,0.0009039306884672855,0.0024776475611266694,-0.0008345106460569248,0.0007255778222949043,0.0029537571319487757,0.0,0.002219241513032122,0.0029843486376541772
2016-06-17,-0.0038286293680724953,-0.001059366279978604,-0.004721080393654376,0.0014321310285194287,0.00029522752484762604,-0.005513044289237304,0.0,-0.0035906232156147186,-0.003724348118097187
2016-06-20,-0.003805795167326863,-0.0008457846928685681,-0.004946793302559576,0.0032367329964784735,0.005750380372180596,-0.0034443671710283957,0.0,0.0021454186150989592,0.006440012282220353
2016-06-21,-0.0016215928585182247,-0.0013598805993001095,-0.0006379696389409539,-0.0013324125650262676,-0.0005319104464992541,0.0013399441285185,0.0,0.0008045017326131718,0.002838895033795197
2016-06-22,0.0011587175408416229,0.0009350979264966446,0.0002615244028866477,0.0004036661475759367,0.0006117356959909424,0.0005410676645559344,0.0,-0.0001860668264717536,-0.0016312242148235345
2016-06-23,-0.0038078584571408164,-0.0004946036550223752,-0.004709175615841703,0.004816034420304079,-0.006500038292863177,-0.0032004506038641003,0.0,0.0059074923011824595,0.01302265245137213
2016-06-24,0.008654211993491685,0.0009968121313344786,0.0138397015507198,-0.011213218270214811,0.015465834831127638,0.007436021485588304,0.0,-0.016016256293344244,-0.035909282099869544
2016-06-27,0.004929242390845815,0.0015255975027162116,0.006613794087214628,-0.003899329491209692,0.008788765263189943,0.00332552099779879,0.0,-0.007287677323838504,-0.017909690820982704
2016-06-28,-0.0009889736658112097,0.003224592768091101,-0.0019434881465304832,0.009275494357155847,0.0063602780183802145,-0.0005266202895168058,0.007009293577907965,0.010750574985773385,0.01803598419680652
2016-06-29,-0.0036276458769000765,0.0010761527446131887,-0.004267053201817784,0.00761248166981829,0.006757758977573762,-0.003253895850842772,0.006119847728597674,0.008590471940316124,0.01702733497744302
2016-06-30,0.000340934744225457,0.0023653288454062796,0.0007418470958450644,0.0055881002663884,0.0010895598269638753,0.0007091569909277952,0.004981835847262203,0.009074989343756544,0.013646046196152728
2016-07-01,0.0004592585250253817,0.0031153370669726697,-0.00018092104771219502,0.006142307231886007,-0.001701711534204572,-0.0010895135299973894,0.005115231392119116,0.0023167427595021995,0.002099946939077446
2016-07-05,0.004852457083592403,0.0009494381393277801,0.005790327296555873,-0.0014636969219984247,-0.007209998593361849,0.005137033800329822,-0.0013647858835954872,-0.0021228838137423932,-0.007193056681726984
2016-07-06,0.0011670376806903228,0.0013393077888765204,0.000445840561964372,0.0023616385967274297,-0.002150727782416134,-0.0006845199202798488,0.0018325430089398008,0.003668981270349514,0.00599783280038646
2016-07-07,0.0007725278801180355,-0.0019314081324104929,0.0005590773593397617,-0.003112093495036913,0.0014994902798311596,0.0022140573409675504,-0.0029509300495921356,-0.0008994967016473733,-0.0006199510430061617
2016-07-08,0.0032394450939588195,0.005138790353858744,0.0010689036748253566,0.006943752716395061,-0.007644141956659407,0.0001698233289377311,-0.0004003056500429828,0.009709063505403969,0.0148904486951833
2016-07-11,-0.0016690790519971617,-0.0013096492418443804,-0.00176468750532733,-0.001247563290196659,-0.00018284260267378453,-0.0012533068918049043,0.0,7.0776255059355406e-06,0.0035268104818895196
2016-07-12,-0.005272805266667071,-0.0019041174272639069,-0.005731673288686408,-9.570673512254469e-05,0.0027605205960906615,-0.004041309866467677,0.0,0.0019904847181780646,0.007263282686136074
2016-07-13,0.0037376482186741206,0.0018211135018961918,0.004214100722097881,0.0008677979880780953,-0.002903462532599219,0.0020994683651157906,0.0,0.0009470740994542261,-0.0001395896148660425
2016-07-14,-0.002610438496697322,-0.0018610536780311869,-0.002935382279150708,-0.0009660762932319077,0.0015883772603994335,-0.002599559662334762,0.0,0.0016837188446099827,0.005583447277976772
2016-07-15,-0.002368856988793874,-0.0019621971734361306,-0.0020445569125411424,-0.0020585471927778063,0.0019508578644154818,-0.0009015275858515505,0.0,-0.002336159826210471,-0.0013418403030178716
2016-07-18,0.0008563209601879108,0.000355887919808471,0.0003019847128087123,0.0005312818731234213,-0.001703267957895013,0.0002568239205887885,0.0,0.0015054625905820183,0.0026876185045796586
2016-07-19,0.001231225279514908,0.0003082235165415128,0.0016693322980323132,-0.000606376838135729,0.0021809809096160516,0.0026357609431907143,0.0,0.0004622192265631321,-0.0010169715718948424
2016-07-20,-0.001343734492529398,-0.0015470476683043656,-0.0017639226983379092,-0.000973510244458736,-0.0030164145394092215,0.00021277770843241333,0.0,0.0016779765382121778,0.0041632552886268215
2016-07-21,0.002541452733709804,0.0013141348241067653,0.0027701840070728195,0.0007336371485402919,0.0030665168301271654,9.48958182677972e-05,0.0,-0.001373229669035192,-0.003777232404917674
2016-07-22,-0.00015932708096397545,0.00025851550722547556,-0.0008844770979727873,0.0003767265635052592,-0.0008851819921031484,0.001384356466843672,0.0,0.0023705441067650044,0.004485407702215172
2016-07-25,0.00020049457731878464,-0.0016373196908038479,0.000979398546733542,-0.0023990139643974566,0.0009286672190513692,0.0008251138445184994,0.0,-0.0019508402591915885,-0.002716185123765813
2016-07-26,-0.0003033703867572794,-0.00015601596866409768,0.00032656479341782927,-9.011183917753191e-06,-0.0004177509713914287,-0.0012175813697271748,0.0,0.0005268025762281692,0.0004615373294154512
2016-07-27,0.0041556955761858005,0.002908446307936132,0.0036573327856347024,0.0031195218061605876,9.602871548778741e-05,-0.000268697164711165,0.0021605277366529224,0.0010763056347080193,-0.0010609965582488723
2016-07-28,0.0005274171015330626,-0.0005689467034186914,0.0012153969136804216,-0.0007703703836804247,-0.0015975435457643552,0.0008154739709520589,-0.0008103284653550447,0.0009057323014645568,0.0011546187189375168
2016-07-29,0.0027663780716890027,0.0031407276836434256,0.0026127546275312875,0.0042079398488732095,0.0004228677910985807,-0.0005636076672832852,0.002761093142650763,0.002495855722600293,0.00161456890192202
2016-08-01,-0.00037799124392062707,-0.0024905986887988566,0.00054036656647228,-0.003147089861756244,-0.000652037781336892,-0.0007451261119195806,-0.002971859251045711,-0.001886347571110414,-0.00082933181283662
2016-08-02,-0.002071658585520055,-0.0029510352859506567,-0.000788659604343409,-0.002881796394950287,0.002304994608673004,-0.002424606977953329,-0.004172007162595643,-0.004803932636290131,-0.006406976265072695
2016-08-03,-0.0012894398002546272,-6.392376088880996e-05,-0.00259348984781958,-0.00010760062990002994,0.001981760156906569,-0.0004011201970390063,0.0021807624029911887,0.001967487908810694,0.0029226398797901343
2016-08-04,0.0008538662429953259,0.0015521270576305344,-0.0002150169834065279,0.0017939759645899452,-0.0004928652743364421,0.0007353343584198609,0.0026062316172578022,0.0015999821670822812,0.0010641255373142755
2016-08-05,-0.0027357083532512315,-0.0018044844141224775,-0.004145353957627679,-0.0014997112342834346,0.002148035195283552,-0.0008484004858567525,-0.00040057612805907044,0.0024203002713724326,0.008178898262034773
2016-08-08,-0.0005368331227956143,0.00025995667022883705,-0.0011445159449264316,0.0003962128844249812,0.0006431550539087067,-0.0003025519200145963,0.0,-0.0005722727245872416,-0.0005959879721926242
2016-08-09,0.002608074786385261,0.002818102484252297,0.0019804951698225506,0.0032413112972532517,0.0010948581078368382,0.0013794723709920898,0.0,0.001788973555810225,0.0005963433856777112
2016-08-10,0.001998685129616772,0.0011590561444644433,0.0028186205667039897,0.001358608244793666,0.003315906907723287,0.0008438454803007662,0.0,-0.00041609733668792606,-0.002475250776369009
2016-08-11,-0.003919179765046783,-0.002205591554550392,-0.004653712179072847,-0.0016626762890690737,-0.005561495988579865,-0.0031781660316948937,0.0,0.0008651041424336812,0.004640882831968174
2016-08-12,0.000827253227514271,0.0010870681601812102,0.0006274197079771291,0.001008954352945032,0.0006123540071064524,0.0012516051948860693,0.0,0.0009074250105080452,-0.0008687521469948889
2016-08-15,-0.001396373863622812,-0.0002913876356426871,-0.002597234549450668,0.0006079126875182597,-0.0032978330466969536,-0.0032834640743843626,0.0,0.0005555617784336773,0.0028835441271379825
2016-08-16,-0.001690675390033738,-0.0019632183007191983,-0.0007687755625526879,-0.0014657472291761267,-0.0008354937619825535,-0.002285221313328487,0.0,-0.0037728475811503294,-0.0051578114683895615
2016-08-17,0.0009231914776932451,0.0008777086666146945,0.0009205865833698502,0.0008079421758980982,-0.0005869153476800136,0.0014655924076562342,0.0,0.0017721305965768153,0.0018811600615804558
2016-08-18,0.0005691615747334209,0.0013205051167339804,-0.0005905320381425242,0.0023024028983903485,-0.003812900796937377,-0.0016836759649745748,0.0,0.002060563760681644,0.0022441464298779135
2016-08-19,-0.0024387437192749002,-0.0026428691068733304,-0.0019676485541985744,-0.0034016195639633936,0.0026062073420310434,-8.220594271507784e-05,0.0,-0.0022314399353668968,-0.0014623001409919123
2016-08-22,0.0020284522794912787,0.0009485419260638072,0.0021156402320719873,0.0006253807470022727,0.0012408448142719553,0.0031356238438494844,0.0,0.0008663865217234168,-4.590212094024437e-05
2016-08-23,0.0005817669521539884,0.0006854269312826737,-0.00045829352606179674,0.0008488349283796722,-0.00024072265137244274,-8.259174085864332e-05,0.0,0.0011724577930908974,0.0020134742024795482
2016-08-24,-0.0017178825480117848,-0.002095678207898564,-0.0006850674614744836,-0.0025310413461139157,-0.0009155951361313168,0.0015572937390537695,0.0,-0.003212027085727365,-0.005114990132016106
2016-08-25,-0.000456535545397811,-0.0002507879435588856,-0.0008906669710811806,-0.00033737011383028594,0.00040443322667504977,-0.00042411147455783966,0.0,-0.0010553329113858645,-0.0006884104149622594
2016-08-26,-0.001778846220944768,-0.0019442537228769642,-0.001448499221592849,-0.002852603186256652,0.0006319163745278742,-0.0008123391538133323,0.0,-0.0026674404590479204,-0.0018834066843533837
2016-08-29,0.003548635319422058,0.0037395746505043985,0.0023852416066516705,0.003884002455932966,0.0006801998029035164,0.0025099339468185873,0.003347623117973929,0.004605529914614648,0.0049243661773628045
2016-08-30,-0.0010075556773038819,-0.0012398341035915093,-0.0012344368882109384,-0.0019138982103561744,-0.002132629392743132,0.0013120019609689075,-0.001612839857184444,-0.0010249612816791264,-0.0016486705056070194
2016-08-31,0.0009743590799143173,-0.00040879778013618387,0.0020035812742779237,-0.0011577945652162763,-0.0015678507873289752,0.001421624990139564,-0.0025532420223138637,-0.0021707530555932887,-0.0028435317971441387
2016-09-01,0.0016596787957750578,0.0012837548042892322,0.0012943845727693402,0.0016952246042358171,0.00048307060082546555,-8.616604424854378e-05,0.00012544928849049402,0.0006543865451682507,4.5652618185787475e-05
2016-09-02,0.0017152125168850018,0.002353205643798413,0.000111232152359398,0.002611664877144922,0.0019819059076030573,-0.002890663492160789,0.0036106652088314832,0.0016672626708926328,0.004507949043456749
2016-09-06,0.005203028107104164,0.004951678138145009,0.0034867966185757205,0.005722083470103306,0.003408178726873983,-0.002082543585997638,0.00441285057001698,0.003678962401124775,0.003022547039341905
2016-09-07,-0.001031897840875368,-0.000582680697078394,-0.0012348672766213475,-0.00036179787395069173,0.00047396792384084665,-0.00012580220021629268,0.00032374511002466105,0.00015918923241609043,-9.159885557041836e-05
2016-09-08,-0.00554126935641512,-0.004557874043752606,-0.0037888840564232803,-0.0042129690219661065,0.004308491284820298,-0.0034413022120300387,-0.0004159807957242022,-0.003332488115505061,-0.0022829016628105325
2016-09-09,-0.010783240242548639,-0.011410320200415745,-0.004637231809068191,-0.011937745453298084,0.009211701016474718,-0.00038024787840926634,0.0,-0.01626164419437983,-0.02393468673564514
2016-09-12,0.0037967734427976053,0.0037686585720601053,0.0014895686845648208,0.0037967734427976053,-0.0037766200176435638,-0.00017390394094821625,0.0,0.008968440174019321,0.01434701949465822
2016-09-13,-0.0068003110845028586,-0.007207946375294864,-0.0021119129332072707,-0.007768991759741315,-0.005766754533992261,7.365278537104641e-05,0.0,-0.010101147378728314,-0.014375358893372714
2016-09-14,0.0020675476044076896,0.0014461464443702473,0.0016392165099672537,0.0014993635830712333,0.0013192145025582077,0.0005740383011681347,0.0,0.0006784445625410697,-0.0003749335381367791
2016-09-15,0.0026378321264210534,0.0027954497009250057,0.000233531534265035,0.0030021636454955294,0.0029247121609106684,-0.0008926868068816755,0.0,0.006103926956124539,0.009992873338723118
2016-09-16,-0.0009322918541711639,-0.0006448343654898011,-0.00040492989077438166,-0.0008286932476646407,0.00048079383895265906,0.0023205315646031115,0.0,-0.0018869092669197894,-0.0038654888110510877
2016-09-19,0.0014673352925091013,0.0013049078838016542,0.0009694650083891937,0.0014156106543925392,0.0007991576190031417,-0.0009750778736743121,0.0,-0.0005720782601505991,0.00018694508508998453
2016-09-20,0.00018481425887340025,0.00045603037396265485,1.3880909804267618e-05,0.0004436108356396787,0.0001708477703540422,-6.284106036112582e-05,0.0,0.0006416261397697022,4.7186877070615196e-05
2016-09-21,0.006414885693159728,0.006875109680694478,0.0026258831617361764,0.007343374780040294,0.00559668914574274,-0.0019032614318359026,0.0,0.007395473424956389,0.011245313165360926
2016-09-22,0.004210240506236914,0.004427722882402975,0.0013046446301718838,0.004617833554611417,0.0038004454673215304,0.0008207291740716283,0.0,0.004967119717639168,0.006301487494267732
2016-09-23,-0.0008358826825200002,-0.0014721151974546429,0.00025346514058143975,-0.0016973162897759059,-0.0016274520283353817,0.00220543017887255,0.0,-0.0031080474234672414,-0.0054791098473548905
2016-09-26,-0.0022135476441553278,-0.0018756099747262837,-0.0009016593192836159,-0.0017009163756415261,0.0006228064628087132,0.0012938690938167918,0.0,-0.003714521565852147,-0.008102206664280631
2016-09-27,0.002132163966496048,0.0016283741274188577,0.0006960553917476084,0.0014193723467180205,-0.00196209888107959,0.0011525159131253702,0.0,0.004403516405732643,0.006207945414738125
2016-09-28,0.00021606391955838686,0.00140359066944722,-0.0017368734836195208,0.0019638142013427744,-0.004087743279955638,-0.001229124906341172,0.0037521321158440397,0.002799889360543073,0.004963677965073243
2016-09-29,-0.004062079844674527,-0.0036339039738553804,-0.001782264482702254,-0.0036100140465797994,0.0035772939126729048,3.643810497231416e-05,-0.00349493890276212,-0.005178546076650314,-0.009047135487861513
2016-09-30,0.00032413440055698256,0.0004500279861258357,-0.001077836757559531,0.0005737736446464191,-0.0014072928260691181,-0.0019806268558807574,0.0013058005790102178,0.0035292120204039714,0.007545996531320709
2016-10-03,-0.0034665818596551095,-0.0029703840148083047,-0.0024297142425882675,-0.0028196965530092695,0.002212490628346337,-0.0018855598815444533,-0.0018244470916147502,-0.002373677550338571,-0.002404369675525042
2016-10-04,-0.007700714314744331,-0.004103904015565526,-0.004998000550433845,-0.007976290268180551,-0.005472418560022076,-0.0001535992999506214,-0.006963777968596845,-0.004888284464093884,-0.005097367213798831
2016-10-05,-0.0006929539780436789,0.0011165036566637401,-0.0008610000826948499,0.0006565795959597733,-0.004542355490415422,-2.397922755521803e-05,0.0009359864392267846,0.0017539726767187513,0.004425181383370447
2016-10-06,-0.0028863968165465056,-0.0010639030985691723,-0.0018955355873358096,-0.0022126384410800634,-0.002420486223099456,0.0007922118751804237,-0.0010565064382856788,-0.0004140085460460963,0.0006952256077767949
2016-10-07,0.00037844786895043327,-0.0003748723278187511,-0.0006134967670810322,-0.0004064015126257806,0.002312532200662953,0.0012595235113327943,-0.0005016506487928019,-0.0014783783298406793,-0.0034294398066779808
2016-10-10,0.0008598109383184382,0.002109549085694858,0.0005841842767680732,0.0028928144805496427,-0.003688678536406262,-0.0009787838581899765,0.0,0.002076614781800235,0.005208483991418822
2016-10-11,-0.006978472768534016,-0.006118884794287601,-0.0032475525956323476,-0.007756481757161726,0.0015095717012502765,0.0013572629560244832,0.0,-0.007686453547844185,-0.01262940754111741
2016-10-12,0.00099421426577907,8.54717861729505e-05,0.0009680233869823242,-8.658089596518621e-05,0.0012036476416637134,0.000617566109317991,0.0,0.0007870531395318014,0.0013117552325530024
2016-10-13,-0.0005006804580132565,-0.0008909724036111716,-0.0007166269747760699,0.00025227932264372917,0.002480079710806894,-0.0002719251822204803,0.0,-0.0011314655100727708,-0.003275508959048712
2016-10-14,-0.002552708242189766,-0.0010375951565460922,-0.0012074481832059693,-0.002652369713516847,-0.003046760570300004,0.0007095733205272497,0.0,-0.0009203176223558263,0.0005164322862889481
2016-10-17,0.000803270594731344,4.678661714552278e-05,-1.5613218761438504e-05,0.000696398523973965,0.0021708062256031377,-9.745870812766398e-05,0.0,-0.0012121495608954811,-0.0034722431297773415
2016-10-18,0.004355374729111795,0.0037262394035019837,0.0011605828651986127,0.004775344433230165,0.003100319728275296,7.652048568706306e-05,0.0,0.004554130075156281,0.00626239889438307
2016-10-19,0.0012803534660542446,0.0014711007839650727,-0.00014807454755398104,0.0024960798161949033,0.0021941098960933047,-0.00034587748099475647,0.0,0.0017809867812559332,0.0026671107959357343
2016-10-20,-0.0005810619389783148,-0.0007333377203572249,-0.0004482443558834676,-0.0020649370182741584,-0.0016151845563707754,0.000996395507691605,0.0,-0.0014812444069228548,-0.0018666693061657469
2016-10-21,-0.0002594751098806455,0.00017684009907691586,-0.0005102554223876851,0.00023346963408285944,0.0002772169142743891,0.0008911556846008901,0.0,0.0007144306985164661,0.00046749840271376186
2016-10-24,0.0007884158697643704,0.001092382639346707,0.0017991560430451656,0.0006883350408057864,0.0008177123671991759,0.00021338643149084396,0.0,0.002010033853256532,0.0042529138986300286
2016-10-25,0.0003103966131874519,-0.0006751497420192297,0.0007609629737848474,-0.0006753353597138131,1.0163127706724526e-05,0.0002718741774993367,0.0,-0.0020826275335177557,-0.00335058237280339
2016-10-26,-0.003982468319530292,-0.0033490020939844376,-0.0008822360569127199,-0.005020828975683976,0.005140648507619561,0.0006145949011388262,0.0,-0.0020732445332013903,-0.0020078538233817556
2016-10-27,-0.00518043078502268,-0.0032191127972428777,-0.0020802616530749517,-0.004285192912213197,0.0038393605269687356,0.000558385856584397,-0.004373169912121949,-0.002977634185589828,-0.002666903265176046
2016-10-28,7.030117401832258e-05,-0.0012528493498613804,0.0014785748566717672,-0.0011293837173408684,0.002404928943096078,-0.0009325039450517364,-0.00248179672885265,-0.0017005665872859897,-0.0029553843730424356
2016-10-31,0.002962525268850819,0.0007235872745568124,0.0031358891216796475,0.00027239846413490204,-0.0002506627444830639,-0.00027913481604964594,0.00016204682222728937,0.0003558283902465931,4.729616464160813e-05
2016-11-01,-0.0023370709325919595,-0.0024888536903953287,-0.0006444807186573245,-0.0018005287960633038,-0.005987875315854866,-0.0006832674677012726,-0.002740953782472269,-0.004332789703990136,-0.007245362658475529
2016-11-02,-0.0005742065239324032,-0.0017891755502122517,0.0031625956796317183,-0.003962312091573743,-0.004796665094892612,0.0013105742223688973,-0.0033768707472700554,-0.002410177312079753,-0.006018658474770344
2016-11-03,-0.0019864738347792977,-0.0012825473860121972,0.0008929478188629855,-0.0014403967414137603,-0.003373805613347791,-0.000901665120853433,-0.0031727796955916742,-0.0030002237241289584,-0.004577165989590903
2016-11-04,0.0022513005191619863,-0.0005480534829948168,0.002080948658204301,-0.002465261542497429,-0.0001067210456704912,0.0015655220199989456,0.00011188032600477438,0.0005736217528747202,-0.0011013412357405716
2016-11-07,0.0048953389312185475,0.0053958140396404095,-0.003561045756602294,0.008446654650402775,0.01038814559055265,0.0012452488407457057,-0.0005127313013563579,0.011569043758967766,0.022056751056619195
2016-11-08,0.0002426446807719762,0.0004137740375534171,-0.001826672298009719,0.0012741438967837845,0.0004620537302028483,-0.000755718084167554,0.0,0.001284895262178498,0.004504107505223676
2016-11-09,-0.006705992827132138,-0.0026265655326129095,-0.01044887977841955,0.005172351064559056,0.0020435735610983014,-0.006165274997645623,0.0,0.00026980747757394605,0.010602059494300597
2016-11-10,-0.004667532046586065,-0.0038388235948460287,-0.0033529532967401933,-0.0018849353626373242,-0.00019589539978455225,-0.0014133980483854941,0.0,-0.0009104802039399567,0.002495240855032499
2016-11-11,-0.0029942941224954532,-0.0031077903445726027,-0.006044337295395968,-0.005728766583486319,0.0029326547890257816,0.0019518569097614384,0.0,-0.0022030875622415015,-0.0023050622631384243
2016-11-14,-0.0002344032986711297,-0.000331956598250748,-0.0043072501052376375,-0.0001698612619910804,0.0023408019658355895,-0.00020962861776177956,0.0,-0.0018436602912774269,0.0007855022215268459
2016-11-15,0.0030797445840006032,0.004347070096858251,0.001369896041832263,0.007533479626557872,0.005124859860718185,0.00022522400798204246,0.0,0.004681713957305167,0.0078028565955086115
2016-11-16,0.0015688055424595971,-0.00025538719550418656,0.0004655337621950852,-0.002399311839537017,-0.00135531742493718,0.003117921731191364,0.0,-0.0007514869951998459,-0.0018781882024272445
2016-11-17,-0.0024136354012791973,0.00028006982203153294,-0.004369978414544855,0.002123084405255508,-0.0030970285122025854,-0.0007963740107794961,0.0,0.0013208364702750328,0.005140500496281675
2016-11-18,-0.0021663562529530334,-0.0010569022676456326,-0.0031986567193838526,-0.0006153074963075444,-0.002808815331829225,-0.0011164361247788174,0.0,-0.0031139008111784163,-0.0022375333937127984
2016-11-21,0.0001337479397299888,0.0023670254868499137,-0.0005124307479859177,0.005126742018884967,0.004735729565455259,-0.0012077213449927602,0.0,0.004871643453037766,0.007551765801045551
2016-11-22,0.0037894307316572915,0.002094034846566073,0.0008634186253703621,0.001893948640434314,-0.0005583029245587816,0.00020563775749270913,0.0,0.0015502699266882302,0.0019533946019825166
2016-11-23,-0.003191268445032228,-0.0013046231036019083,-0.004321398520385725,-0.0013068486385618265,-0.003271967513637332,0.0006942161716065814,0.0,-0.0011097577829704444,0.0005434730350997174
2016-11-25,0.0016039750911722298,0.00048061579438795536,0.0008745024334461319,-0.0003717883726489377,0.0005922009282046911,0.0007510992580352523,0.0,0.0018878916007724733,0.0037155108120734415
2016-11-28,0.0014416015352008028,0.0001352334351453296,0.003196285190790946,-0.0009585518250082258,0.002890393370068311,0.00026590132434821265,0.0009840664146156491,-0.0009948692680678659,-0.004694701204704277
2016-11-29,0.0019302353209922716,-4.7119124732942e-05,0.0013306092188645814,-0.002145476554521024,-0.0008076645189183283,0.0016588509587061927,-0.0006861074968530907,0.0015855159096984206,0.001950228708271995
2016-11-30,-0.007359081320343088,-0.0013812086827390455,-0.005711490700985627,0.003465405909595617,0.0004855566507660317,-0.0041148853373900555,-0.0007208848848980437,-0.004119081460013963,-0.002399134646268397
2016-12-01,-0.007089345915530591,-0.0034078783693195854,-0.002190262046724565,-0.0009088958311758194,0.0022063271653280647,-0.004406629580371649,-0.003799127433118134,-0.0037313332491045294,-0.003675372529273413
2016-12-02,0.0018299250821400687,-0.0011271600798583854,-0.0004141403615546383,-0.0019833472288575725,-0.0034649201157675212,-6.934852977286154e-05,0.0034133721366674977,0.0020960383710846298,0.0005009218065199494
2016-12-05,0.0012683433424560448,0.00027641941369699525,0.0016264024798751642,0.0003430620661685779,-0.0038792301326960993,-0.0012791266426353104,0.0018847633364373402,0.003452894839107934,0.006008701176970499
2016-12-06,0.001474843861964757,0.0007066144799995779,0.0002711475737789157,0.0009844343214429978,-0.0014161326110876562,0.0008666535261236713,0.0020410637607195504,0.0020529092319914177,0.0031675422248231833
2016-12-07,0.003551440234166951,-0.0005169630541017566,0.0011872559832073054,-0.0019695162898162714,-0.0020206681611138434,0.00014958773870051912,-0.00046193325391157854,0.009179573752758774,0.013081090250301575
2016-12-08,0.0013258138627456856,0.0026698670355784545,0.001065658530153571,0.004042261361199444,-0.0020355928900332946,-0.0007310930013412651,0.0,-4.7165937026827495e-05,0.0024481197012296008
2016-12-09,-0.0004494153795310975,0.0019822401096677286,8.953089454654848e-05,0.003932203345855163,-0.002106530419340232,-0.00029905543861399387,0.0,0.0015698195446793846,0.006040519117650023
2016-12-12,-0.0008156192432858284,-0.000975300456877538,0.0011184034027580019,-0.0017056504709002996,-0.0007507921546765314,-0.0013792313069791386,0.0,-0.000612386590404168,-0.0011477209563491853
2016-12-13,0.00075272019222865,5.670169448391738e-05,-0.0014005491891294563,0.0012724041869987613,-0.0023684707560840327,0.00039760855932796164,0.0,0.004233763506610799,0.0066738994356265735
2016-12-14,-0.0034647559560982834,0.0018188646780459496,-0.0017998081906196437,0.0024114667117834487,0.0016560728639798729,0.0005135519833849496,0.0,-0.008276890158964023,-0.008253828588090095
2016-12-15,-0.0007360285359450476,0.0016345694964326743,-0.00287760569669107,0.0043447391865904135,-0.0010590009001118885,0.0012852891246585424,0.0,0.0013528073730492364,0.004117073320075493
2016-12-16,0.00023209474534575941,-0.0007536357301474474,0.0012282456639649904,-0.0013669099179393525,-0.00010846059797946743,-0.0006193380120047651,0.0,-0.0006714359926967894,-0.0019560724529488205
2016-12-19,0.001962677587471038,-0.0005046002390703258,-0.0014933852453274772,-0.00143513814645023,0.001184204814847151,0.0014108616238492082,0.0,0.003158946798676299,0.0021772973388360928
2016-12-20,0.0007073521436940007,0.001334328551698643,0.0006019457096331214,0.002101855487725665,-0.00011724131600956967,-0.0009005934105829149,0.0,0.0014694144506812276,0.003857636168837164
2016-12-21,-0.0010879423767504526,-0.0012485960540081192,-0.001511881300287664,-0.0013938024769114415,-0.001363614743312591,0.0016934327478339481,0.0,-0.001015168351085238,-0.002782577499173877
2016-12-22,-0.000978402212511082,-0.0002677643427239091,-0.000875449875822513,4.839300214666174e-05,-0.000984777547735845,0.0011622193096384396,0.0,-0.0012094934206996698,-0.0017274628529954095
2016-12-23,0.0006903402686926107,-0.0001198827601246913,0.00017895303370488782,0.00011945390838095005,0.0008813959443339045,7.389086204898478e-05,0.0,0.0012635398262944796,0.0014642529279358385
2016-12-27,0.0015421742426022051,0.001277962661147889,0.001947099202701407,0.0012921051284129057,0.0016356886361591975,-0.0018815688006879488,0.0,0.0009115463316577976,0.0024811550441650176
2016-12-28,8.605099888044196e-06,-0.0010321644971493379,-0.001702352128139924,-0.0019023667540162895,0.0023637534420876097,0.0007418119251902904,-0.0005008741313172747,-0.003494507811854985,-0.008264664729004556
2016-12-29,0.0018904354004310375,-0.0012682160127951347,0.001603923382350484,-0.002549733051271139,0.001188555055551004,-0.00017169511088141622,0.002593312308916733,0.001095035830173563,-0.00022266987816643713
2016-12-30,-0.0012815307399672614,-0.0014873147903224756,-0.0007451232040101643,-0.0018924638273246292,0.00017333617505096153,0.0005636843051877796,-0.0008551698458644694,-0.0010066931951082656,-0.0036551266389230896
2017-01-03,0.0033746370333532496,0.0012019768508733852,0.0003379903284352415,0.000254132666221587,0.001327957633991638,0.0016195898557050626,0.0038578488521282955,0.004399097895956006,0.007650260142613163
2017-01-04,0.004427130939247298,0.001405961764210975,0.00199031879994495,0.002081195521939852,-0.0018394307606119814,-0.0011608867880828744,0.0045948767888583245,0.004027736445374286,0.0059490718105925655
2017-01-05,0.003495300788920953,-0.0018049872669575625,-0.0021254279012980527,-0.0032397750118500807,-0.0035921074844061976,-0.00018575389158081686,0.003501700198747738,0.0021165114362046602,-0.000794602676374434
2017-01-06,-0.0014460232528368915,0.001788985507782888,0.0017465083919578858,0.00303835394437889,0.0025593455438587907,-0.00028275574151388283,-0.0014301169990327104,0.0003279225285115928,0.0035778903344838575
2017-01-09,-0.0007245925773021608,-0.0023636700363083765,-0.0018708070903343164,-0.004014991319681954,-0.0011833029061415435,0.0017492269542534393,-0.0004560097296793473,-0.0004580404206561135,-0.0033011574912046315
2017-01-10,0.0003278001501726602,-1.3674702356798377e-06,0.0008893938356940589,-0.0006094017997296569,-0.0009170637832887505,1.8477990331699492e-06,0.0,-0.00018948358860684247,0.0
2017-01-11,0.0023770751379586148,0.0014080303242317432,-0.0002507761426829861,0.0012227341000602117,-0.0006593344566182925,-0.0005777015618249599,0.0,0.0021505143799139593,0.0028261258907635867
2017-01-12,0.0006576954789194152,-7.362711737721666e-05,0.0003038365719444517,0.00021187173021187602,-0.0001562145560526717,-0.0009954374321286274,0.0,-0.0012780657897461412,-0.002509583660343817
2017-01-13,-6.910579863761597e-05,0.0005659970479537838,0.0012434326074643306,0.0009995103491509906,-0.00015340688497706334,5.939545354847343e-05,0.0,0.000506057006960603,0.0022954778296746525
2017-01-17,0.0011039894692786501,-0.0031701458237807798,-0.0015404996483331602,-0.00498229963193909,-0.003795229166594404,-0.0002682293188543956,0.0,-0.00010235923784129852,-0.0035234764593141676
2017-01-18,-0.0026592545466667104,0.001354553605724291,0.00231581051422049,0.003104718739948823,0.004756962463949106,0.00033347371008894276,0.0,-0.0015064401839936625,0.002209822475688794
2017-01-19,-0.0032507057941178227,-0.0007132347713784931,-0.0001604272013877751,-0.0005126469398881013,0.0008779639364329881,-0.00033826258127694014,0.0,-0.003744260987638604,-0.00370442840402474
2017-01-20,0.0025180602277085585,0.0012558618208570742,0.0010163152057170958,0.0016520643725856379,-0.0015515911752941767,-0.0006633243494376219,0.0,0.0023957172814705885,0.0036742796502822195
2017-01-23,0.0022528840570854762,-0.0015697027462482356,-0.0008733064202110439,-0.0021421160992537765,-0.0032656571702617274,-0.00026565367498587733,0.0,0.0005374265957904358,-0.0026024189633524486
2017-01-24,0.0006776942664167209,0.002425100953462085,0.0028638479161907362,0.0037068085688864117,0.0005362725569911645,-0.0012672407255255906,0.0,0.0023285970846053774,0.006411766153051612
2017-01-25,-0.0002695039695787519,0.0024429965889335385,0.0033791774391348215,0.004392055134966204,0.0007224724704776855,-4.215670311873729e-06,0.0,0.003211579237729811,0.008655292306655182
2017-01-26,0.00010349329442835959,0.0009547539064513164,-0.001251497179622649,0.0008092833280719071,0.0016232497749485817,-5.7261444566652445e-05,0.0,-9.100159508754755e-05,-0.0010453628348350286
2017-01-27,3.508972934592351e-05,-0.0008895996199661738,-0.0005350118686943862,-0.0021929272948228067,-0.0010547761448385182,0.0005366101638927465,-0.00047250637308316026,-0.0004447661147504167,-0.001569607879269297
2017-01-30,-0.0033765794803940325,-0.0023957999252297774,-0.001318293745337127,-0.0031122483141436314,-0.001690584394059885,0.0007053071888295934,-0.0034085017324468714,-0.00383557378660051,-0.006201940071850376
2017-01-31,0.0025403564919824232,-0.0012132340252089444,0.0002816179288718558,-0.0023623950309573406,0.0028857543218919254,-0.0012943234167122604,0.002497202893992957,0.0013229061618087459,-8.752350831597866e-05
2017-02-01,0.0004753072530268962,0.0020694387431068177,0.0009211957650896864,0.002233821012973032,-0.0014198655251998417,-0.00013135196599315662,0.0005288097850739907,-0.0005291711815710976,0.0003954477561962655
2017-02-02,0.000835881852477598,0.000276220583392927,-0.0010194301656332053,-0.0005050737376035192,0.0005645445318380786,-0.0006278290860733788,0.0010615212846324144,0.0005481158554958565,0.0006589488050099401
2017-02-03,0.0024765643081168824,0.0019674144204634963,0.0010239991746758947,0.0014798066476564807,-0.0011166090772734272,8.356072357858455e-05,0.002606778927528224,0.004441259736205661,0.0068928965420618216
2017-02-06,-0.000919005655067397,-0.0028142050387937796,-0.001961550781793414,-0.00368969612608385,0.0021301900842903474,-7.352570913194903e-05,0.000585180701779875,0.0008352717218605089,-0.001788030847491684
2017-02-07,-0.0011100162776494621,-0.0010584673622786114,-0.0016679915461571262,-0.000883094841860569,0.00031699123370717566,0.0016570200443620374,-0.0004769499698129655,0.000748276843211304,4.403975001521232e-05
2017-02-08,0.0007339763118375555,-0.0005328276927468192,-0.0013747965156641379,-0.001502730218203803,-0.003106550737491394,-0.0006199333733969267,0.0,0.002416463598170271,0.0013102990043507567
2017-02-09,0.00291091751509276,0.0041418964187160115,0.00314014790831874,0.0046546408808000395,-0.00010508699503164215,0.00011904186569162859,0.0,0.0011807786919515004,0.005932841718875315
2017-02-10,0.0031789323028135097,0.002222302205636559,0.0018569774480261434,0.0014416742176478962,-0.002924067627382279,-0.0015105452416620444,0.0,0.0021015869093738977,0.00394593620206285
2017-02-13,0.0005332086301464583,0.0013302955052743478,0.00034767806838068564,0.0017135733097709818,0.0003166575337368035,0.002418445867798855,0.0,0.0026573618508071383,0.005442624215544756
2017-02-14,0.001495882605124111,0.001651632067777299,0.0021924927290069987,0.0019533001825218156,-0.0009796649127368573,-2.1284494229852568e-05,0.0,0.0009508232291472129,0.003995472893538965
2017-02-15,0.0019379909337744138,0.0017841315340543621,0.0017361467637442036,0.0018503645785930408,-0.0014622829606584459,0.00013814518825135092,0.0,0.002367675017385862,0.005220042585854845
2017-02-16,-0.0005636771233412237,-0.0017515095908069362,-0.0016089718862189089,-0.00259680031612236,0.0008383148131192526,-0.0002521352492395086,0.0,0.0010974624110386523,-0.000851020179579276
2017-02-17,-9.614059905589884e-05,-0.00010236815905108505,-0.0009405002806880241,-0.0001870849689108228,-0.000988278276865361,0.0015328764206820273,0.0,0.0020131931162401086,0.00157629070360632
2017-02-21,0.003327447328685397,0.0029292012327642395,0.000877501735003365,0.00218536916637864,-0.0032039373314416645,0.00030562830301482965,0.0,0.003382776944479104,0.005955092941913653
2017-02-22,-0.0008969231464242744,-0.0011862119640734512,-0.0005469778259660303,-0.0011900986452893136,-0.00025115846315989333,0.0005269258460601086,0.0,0.00011404522750744226,-0.0008878523368948121
2017-02-23,0.0008031549704932777,-0.0005923120511274658,-0.00099739103163748,-0.0015119362190383014,-0.0012710832825952598,-0.0007503655761900469,0.0,0.00146994552247115,0.0006770921916250394
2017-02-24,-0.00036156325963516674,-0.0020261042541665376,-0.0018389899682867143,-0.0030590586450027065,-0.0007754660159189019,0.00036988008066973196,0.0013306058999096922,0.002617537080342203,0.0012688855577187574
2017-02-27,0.0007342366416372619,0.0015410192531493077,0.0011990813052086037,0.0017197086829868543,-0.0002626257281844829,6.7003678268879804e-06,-0.000693369190049411,-0.0004953245383569895,0.0015626912058859244
2017-02-28,-0.0016473719998441507,-0.0018348555788568657,-0.0009723782409418418,-0.0016355237946829723,0.0007239714088347975,0.00017785114252389023,-0.0017792128043538713,-0.001808540621568455,-0.0026991129148207227
2017-03-01,0.00562802321908339,0.006529367851180715,0.004774995121946537,0.007110081249918878,0.0004062153831453618,0.0014166278539158056,0.003353123780381319,0.005611721406066384,0.013997558012196487
2017-03-02,-0.006934829136296154,-0.005241333319939404,-0.004086509999750319,-0.00506052111630399,0.0029631528674687975,0.003417601220129508,-0.007953053298156851,-0.004923609714649424,-0.006297435830739828
2017-03-03,0.0010593164620172784,0.0008664631331678249,0.0018210324809300334,0.0008604502784364228,0.0008791342718569259,-0.0010715245343315557,0.001514376325675971,0.0007604245973314328,0.0006294957073822438
2017-03-06,-0.002193195455522034,-0.0013856930982128466,-0.0005065265016908449,-0.0008852604165050854,0.002162170534505123,0.0005493939563578866,-0.002764541097406723,-0.0018632484945060757,-0.0029779119493789086
2017-03-07,-0.0037361037338023715,-0.0023979940202518138,-0.000559891712505602,-0.0014214522737897952,-0.003911201062535784,-0.00019951590975840572,-0.0005686271335974501,-0.0023658976467729517,-0.002986955475266395
2017-03-08,-0.0063719105059477,-0.004861866730160164,-0.0028578459196365842,-0.0047801316452412606,-0.007657683183694051,0.004369722292771569,0.0,-0.0024548813853027206,-0.001856366015866917
2017-03-09,-0.0031898578099948532,-0.0015922079998571,0.0001675649365884836,-0.0011118392821677374,-0.005379647452730256,0.0026350912148462567,0.0,-0.0003542662585485968,0.0012679423239043697
2017-03-10,0.0002857486235702377,-5.214947274637452e-05,-0.0005065297697583075,-0.0006525282137325424,-0.000397972868412908,0.0014844810525183366,0.0,0.0029510201294887573,0.0035043443921103368
2017-03-13,0.001765851245120873,0.002086003280295687,0.001261492906074622,0.002640638333411512,-0.0011055869616392658,-0.0001954501653769896,0.0,-0.0006972480800313098,0.0005049745283809415
2017-03-14,-0.0031937189373909217,-0.002914355030540847,-0.0020838968853490823,-0.00275605282383873,0.000639344893448004,0.0002478192576537758,0.0,-0.0018719909748211806,-0.0038267495756003633
2017-03-15,0.009196940539312148,0.0062937720313929885,0.0022051356513641098,0.004584034382572371,0.004680318367091354,-0.001598986105183931,0.0,0.008697824839727364,0.008653434208290456
2017-03-16,0.0002197619422544934,0.00028881386933604967,0.00011549885610199004,9.769088748768539e-05,-0.0019740979132068584,-0.0010962443736160436,0.0,-0.0022875594452258286,-0.001966757548469311
2017-03-17,0.0004704563439511106,-8.900886264922548e-05,-0.0013931909226104662,-0.0004227192531818943,0.0020115247743915693,-0.00040291822611244446,0.0,1.842773194218341e-05,-0.0017564291883759298
2017-03-20,-0.00019063366046241534,-0.0005898344528966061,-0.0009957117733227106,-0.0013568117811151748,0.0001297191766840275,-0.0005321604765154593,0.0,0.0002966631419421883,-0.0010967225969140681
2017-03-21,-0.007216671739693415,-0.007805366951087818,-0.006693827291043085,-0.008961200524775762,0.00023210028215465668,-0.0019816786027132332,0.0,-0.006370012300420024,-0.012839744425609756
2017-03-22,0.0013695278582559122,0.0010513390998101396,0.0005523760043589724,0.0003854412969125602,-0.0020136972255162277,0.0010538948098504203,0.0,0.002171431317617589,0.0023534107548282
2017-03-23,0.0003628908063468989,0.00014630547134040193,-0.0006312217374476994,0.0007107667353982195,-0.0006333855596086389,-0.00037356836188170615,0.0,-0.0010570689360627882,-0.0010668988019978398
2017-03-24,0.0016105797393749766,0.0012867753504249829,0.0008765563406877267,0.0011402606115942634,-0.0019263584155284055,-0.00021766836600791597,0.0,-0.00020828542228938928,-0.000726624864817893
2017-03-27,-0.0003086438578012637,-0.0009101687627785883,-9.801397448220444e-05,-0.0015719955871380384,-0.0023687663819317436,-0.0003685685484238487,0.0,0.00037021262874015193,-0.0010262675146877065
2017-03-28,0.004664401239827416,0.004823782597324604,0.0035487362367878556,0.005736399663810147,0.004386376533246851,0.0012485829325720654,0.0,0.0030042833859616367,0.00727696359192298
2017-03-29,0.0028065253437943053,0.002128903392166131,0.0007161151013063566,0.0016445631353906819,0.0012791741465280383,-0.0007407512095620428,0.0036063778468995306,0.0016995309030817917,0.0009343585912786612
2017-03-30,0.00222509205125306,0.002829323064223919,0.0030469463754234354,0.0038162303513328355,0.004862074301176715,0.000751235570135077,0.00047169448255667625,0.0007750026275091136,0.0031844746002647195
2017-03-31,-5.201942693232925e-05,-0.0005792183225596849,-0.0009062570939675964,-0.000584507566732424,-0.000800514178360479,-0.000974808995852878,0.0007621255668655812,-0.0005992540308473737,-0.0023275398193799424
2017-04-03,-0.0012864403645681478,-0.0019816009425641418,-0.0032087544352405314,-0.003140180191874388,-0.0028584352185516385,0.0004913608586767771,0.0011573363080865464,0.0009255274709953688,-0.001739287657643529
2017-04-04,0.0018493977140194887,0.00031847273341237937,0.0017202275644938392,0.0013315479411981173,-0.001341529865273229,-0.0012511943575179536,0.0008540609464240708,-0.00018408378285816879,0.0006373730932598409
2017-04-05,-0.0022220480556378874,-0.002035593732214226,-0.0024453302615633603,-0.002397157459709482,5.4577791767274644e-05,-0.0004920655233642901,-0.0013893811494226117,-0.0010273531419117353,-0.0029725880883106903
2017-04-06,0.001987957077508521,0.0009193195709180857,0.0008080806921210782,0.0012348538999077635,-0.0022877516180111013,-8.019516714260916e-05,0.001648893838413928,0.0014226127442519497,0.0028112517095983947
2017-04-07,0.0004934924166439359,-0.0002822328061738288,-0.00010651180034022145,0.0002984354702734783,0.0007619005772242005,-0.00030875418852225586,-0.000607757896450457,-0.0018202007126227437,-0.0010194552220122999
2017-04-10,0.000867883596067632,1.2789034685947734e-05,-0.00036526332508912554,-0.0005943284906286827,-0.0025439112179350245,-0.0009580398217701122,0.0,0.0010768606126426938,0.0005951953223273243
2017-04-11,0.0013379663358590854,0.00032941400959419863,-0.001520986068533098,-0.001972098378091963,0.0012758378580681113,-0.0025990033803252,0.0,0.0011386447829600634,-0.0011897575154090623
2017-04-12,-0.0014688845278160523,-0.0011977295233646696,-0.002249809504517077,-0.002933768615855799,0.0012891164340898653,-0.0009373273728923158,0.0,-0.0013868585962016674,-0.004381625632644992
2017-04-13,-0.0020535456847785008,-0.002472696580908158,-0.0029878492104876376,-0.0032342756392706373,-0.000637156717946151,-0.0010288583643126136,0.0,-0.002696640893809432,-0.0064952226997034845
2017-04-17,0.003465259709792756,0.003828277170437284,0.0026568388312848525,0.004736523215780995,0.0007150523240401598,0.0012289316365127175,0.0,0.004679897830981083,0.008859816317735136
2017-04-18,-0.003159190740580845,-0.002058908438477769,-0.003963251402598091,-0.0052484167243787416,-0.003261929267410358,-0.0003147042102145443,0.0,0.0004948354722576597,-0.0029839698208024013
2017-04-19,-0.00328971254535337,-0.0008123860160603945,-0.0015876764500630245,0.0009157602928238319,0.005874134009375656,0.0027963321376049104,0.0,-0.0021459708975227975,-0.0018387385205196338
2017-04-20,0.0038930782995137336,0.004197543329605267,0.0030498644706188167,0.004466363729472012,0.0017812530148525508,0.0019311892255976307,0.0,0.003986943184380509,0.008139134866727682
2017-04-21,-0.0018123901128198183,-0.0005263059902345452,-0.001697029440541622,-0.0009655544515958601,0.0010735577853692665,0.0011941794781690454,0.0,-0.001724874105877405,-0.003186954902185568
2017-04-24,0.004548601493896451,0.0060922199190219595,0.007674914988912776,0.0061995788157479395,0.0005661711635006536,0.004438590404542782,0.0,0.005775865408669211,0.010998271814023797
2017-04-25,0.0032302339881316007,0.0029673295889658586,0.005171970997688336,0.004989073507395738,-0.005410955309763316,0.0010568667139812136,0.0,0.0014287130810383794,0.005818159745886398
2017-04-26,-0.0016401293715255915,-0.0007107832330697013,-0.0022686688437541158,-0.0023732158611159803,8.77211165290629e-05,0.0009058693162557121,-0.0008243082077747126,0.0006780047259325128,-0.0006287697899413081
2017-04-27,-0.00026958266502359563,0.000471309590193623,-0.00019990255409769891,8.865191777291188e-05,-0.0019234144618376914,0.002589672681392488,-0.00021441442255844392,0.0007664812332948134,0.0008390351909326466
2017-04-28,-0.001732167917379539,-0.0010857851079979126,-0.0009070209011235337,-0.002462386510989967,-1.4668109416143398e-05,0.001178253113076363,-0.0012159681672493953,-0.0008944034943051403,-0.0021793817107026436
2017-05-01,0.0014897463477194664,0.002121694780631228,0.0025244609324018624,0.004033191691296057,-0.003550870919694838,0.002030810663336274,-0.0002947025611041271,0.0006476637407168528,0.00252019210369947
2017-05-02,0.00027842673419749465,0.0015136385510771111,0.0006178131111346363,0.0015039686408674744,-0.0015254038952368088,0.0023245336537251176,-8.245146030194473e-05,0.001055000921835303,0.00037733720856070185
2017-05-03,0.00013731680016082796,-0.0005273915012967874,0.0008078095669436128,-0.0012399159615321185,-0.0025162164528224986,0.003132226306977514,-0.003906252009951073,-0.0015557991082702839,-0.00121485567068369
2017-05-04,-0.00010710110792712076,0.0017140094611904843,0.0035474460138890237,0.0016478508685041661,-0.004171356888255015,0.004365061693529734,-0.006405410332493946,-0.00019961096848688533,0.0011739443969511765
2017-05-05,0.0028859012332950154,0.0018831044131892676,0.000958903509408858,0.001307307110668895,0.000248075656491773,-0.001607080559573796,-0.000599846034488661,0.0024380091760573654,0.0039372536907367195
2017-05-08,0.0002030164209246109,-0.0002161392887618489,0.001219582966103555,0.00044189666860002273,-0.002120257778758146,0.0014233898035584656,0.0,-0.0010813138662424838,-0.00016677915304752489
2017-05-09,0.0016815598913809894,0.0013599457187512798,0.0022730134785187974,0.001496458175910046,-0.001540173807538437,0.0014034496341834186,0.0,-0.0010048654351657138,-0.0009181008680145819
2017-05-10,0.002403000587933991,0.0007719515973131708,-5.990609390457671e-05,0.0002892324932859304,0.003320518275585431,-0.0021099442670121393,0.0,0.0009260994795633692,0.0017958911566471336
2017-05-11,-0.0014855512369406666,-0.0016675917767629983,-0.0021604471537459056,-0.00148193395932943,0.0010754664108175796,-0.0007409723996558232,0.0,-0.0009224857705488309,-0.002042810242014359
2017-05-12,-0.0014146097750294623,-0.0005931255115813989,-0.0027655949089846065,-0.0010263949232090664,0.001597748046986788,0.000539177066542882,0.0,0.0010417121096276906,-0.0016709791681452923
2017-05-15,0.0015955469083340388,0.0012623860545392608,0.0009013696695262738,0.0012425892557046498,0.001496566952096794,-0.0015057458568454598,0.0,0.0030504900070835285,0.0055234682251270595
2017-05-16,-0.0008549191882948985,-0.00010413160063320114,-0.0014139638506007288,-0.00043641695826649563,-0.004308405871228963,4.5533004463767625e-05,0.0,-2.159744712442184e-05,-0.000915508949191568
2017-05-17,-0.010551481108088498,-0.009042585125961008,-0.013074447355526526,-0.008948265591027314,0.00241131972937226,-0.005415412038636615,0.0,-0.007446780583909551,-0.017744154350899932
2017-05-18,0.002347421255892549,0.001998288054538747,0.0027452238947195434,0.0015796660128325917,0.0011007417597792275,0.003321156764124998,0.0,0.0023050110054358085,0.004028607979411847
2017-05-19,0.0027474239035463733,0.0017824161669815419,2.2270177044342527e-05,0.0008584136232190401,-0.0066268442523297515,-0.0033076277000736623,0.0,0.0037906869500675456,0.006504256468528258
2017-05-22,0.001680615726251634,0.001258571528396593,0.0010338270657136576,0.001385507062326139,-0.0031794755268607262,-0.0007433493692219808,0.0,0.002597921092843647,0.00507727174671202
2017-05-23,0.0015095450451241886,0.000947944075581144,0.0027644055505674264,0.001072482277481259,0.002221245940833821,0.0007132589949749128,0.0,0.00028018999088055265,0.002212920942213481
2017-05-24,0.0003172157917551854,0.0011783195366436524,0.00015301892934129922,0.001117716365012609,-0.0015515547211858837,-0.00038477425538001504,0.0,0.0022248233776095637,0.0023326794873397283
2017-05-25,0.0019261442355165265,0.0037303679525003994,0.00467882473324952,0.00464115522359558,0.004076596976251687,0.004350116535308538,0.0,0.0030923877781090956,0.00477958940961587
2017-05-26,-0.001407512347066622,-0.0017530803480309688,-0.002583984397623058,-0.0011676223472409184,-0.0012169814291907032,-0.001639995566568603,0.0015875954993615428,0.00013776166688435066,-0.00020673405725035732
2017-05-30,-0.0018234029049675176,-0.000953731567075075,-0.0013897045125803756,-0.0012213421125522603,-0.000809505750012108,0.002029026539403071,-0.0006720362851653568,0.00048786057481138285,-0.0008689297085134884
2017-05-31,-0.0006537759088771206,0.0006898432633885498,0.00045591715601918197,0.0013143594608034847,-0.0014306129209233527,0.0017276109184661814,-0.0013845784703166225,3.761144039289289e-05,-0.0002482310796122489
2017-06-01,0.0035976645155459475,0.00409030892728973,0.004437481462784525,0.004608908418763071,-0.0006491549659234473,0.0009196751950670644,0.0032419050065691474,0.004562135394111433,0.007952089297692533
2017-06-02,0.00309090171385866,0.004842804161378064,0.0014455107022719842,0.005761561032589183,-0.002690272079969731,-8.678299802803813e-06,0.005463700465528903,0.0037525207680184636,0.0033283341626622054
2017-06-05,-0.0002497734507681545,-0.001163115417946726,0.0008707068397786095,-0.001975877960405307,-0.0003335845420707291,0.00010422403421455276,-0.0024863488834744483,-0.001111876801819589,-0.0007372725827661242
2017-06-06,-0.0016881061812567587,-0.00026757962048139114,-0.0013737755414674553,-0.00020766485857300803,-0.0006850178210859609,-0.0011454998577136808,0.0015313497497710723,-0.0006514110551574025,-0.0031963132888829238
2017-06-07,0.0024751490754731814,0.0013980995273888395,0.001691225573631489,0.0015835360698379377,-0.0013278115891150297,0.0016467448705622153,-0.0005820269804319672,0.00036748505715924465,0.0018498757162355162
2017-06-08,0.000698090142683603,2.347106305852843e-05,0.0007159052571530237,-4.585286136178228e-05,0.001477256147278269,0.00018977986639969027,0.0,-0.00033697103173229164,0.0004923507161855856
2017-06-09,-0.0030152023686085563,-0.003704174439663071,-0.004271838317072415,-0.0030734242145016395,0.003333115605577198,-0.0012843324908108124,0.0,-0.0012830963417745256,-0.0015177202816627489
2017-06-12,-0.0006762679726173323,-0.00047834177447458073,-0.0015232740452027656,0.0007976374871368575,-0.00016259847764258064,0.0007780849435226952,0.0,-0.00019786764140181657,-0.0002053326922332177
2017-06-13,0.0018425897788578493,0.0021558680480431715,0.0015222520753932274,0.0026854161845262505,0.0012867916914418615,-4.982095645028592e-05,0.0,0.003083211684146869,0.004889922553451109
2017-06-14,-0.00025732296102715335,0.0022578740536221705,-0.0020869948064021052,0.003564869687563669,0.00038464188165255556,0.004655875410371763,0.0,0.0013273564040724218,-0.0012676618326659117
2017-06-15,-0.0020994619051140926,-0.00348686378882388,-0.003325204542020436,-0.0036687730170743013,-0.00416425659198423,0.0004949671263597952,0.0,-0.0018594470881112104,-0.0019244203100958757
2017-06-16,-0.0011983884424435912,-0.00014515827329025284,-0.00036191474042600584,0.0004563526854958831,0.0014321857111508317,-0.001125188134172873,0.0,0.00035393571325603723,0.00021849061702572392
2017-06-19,0.003967688685496245,0.0030317159740453395,0.0033794427885461254,0.003071806318027574,-9.653652248254837e-05,0.0026805536564434027,0.0,0.0038811991745049124,0.00832528613558381
2017-06-20,-0.0031984717321188526,-0.0019484316931086,-0.0038315911692721684,-0.0014335076959508467,-0.0017943321620377112,0.002695978782200833,0.0,-0.0030411543977251427,-0.006744163117126001
2017-06-21,0.0006868576800908189,0.0013151998447362562,0.0012115971797165902,0.0016410967081156326,-0.0024897429466739208,0.0013024940339899202,0.0,-0.00018511265723863968,-0.0002470086237001956
2017-06-22,0.0009936168606320566,0.001031239516403728,0.0005743815527362202,0.000722141881266824,0.0007286534170491446,-0.000613815763870881,0.0,9.968211734847634e-05,-0.0004527321936237394
2017-06-23,0.001799385756384585,0.0019010097909495207,0.001893076423553945,0.001868837770855405,0.001132581422901253,-0.0013097496228191656,0.0,0.0008279175332185141,0.0011941927443572808
2017-06-26,-0.00017795130528791553,2.4612332897207028e-05,-0.0018727331131360582,0.0008543498436448629,-0.0021337504713539648,0.00017149684086059587,0.0,0.0007290034508149468,0.0006582683296967318
2017-06-27,-0.004877704996522803,-0.0051160907234912715,-0.000263321910896326,-0.006049530778567369,0.002125120540251542,-0.0057025797335518305,0.0,-0.006798836267069496,-0.008056317513630784
2017-06-28,0.00431951392491141,0.003938484302454002,0.004401759105884415,0.0035552168842791702,0.0014683632741411467,-0.0010085736585816428,0.0040478072577322,0.004997750474743157,0.008950357745866722
2017-06-29,-0.005607653129383973,-0.005637666589157061,-0.0023829204974887513,-0.005827733059300974,0.001839099121039882,-0.00152518995415393,-0.0072868842637507526,-0.006765074283715778,-0.008788833656044326
2017-06-30,-0.0007511269852387984,-0.001592074758886741,-0.0008644341862306854,-0.0019417838119210654,0.002612679635826022,-0.0016646373190900253,0.0017948547423513898,0.0001828179925821514,0.0018646882572068701
2017-07-03,-0.001249968330761848,-0.0028628085823174283,-0.003501107257576976,-0.0017547594295470985,0.0024641079053282057,-0.0011319628890963187,-0.0007733461971774635,-0.0004516591190425691,0.0016956002249086666
2017-07-05,0.0029039888642380723,0.0017741903636056796,0.002729197241029059,0.0012320624256415653,0.0009689377251343896,0.0008283986075210051,-0.001940383226445423,0.001688930196530114,0.0023120374176477387
2017-07-06,-0.0019776343319829626,-0.004296875744575916,-0.0019776343319829626,-0.005322441162614489,-0.004424740100071569,-0.0020582911538706778,-0.006073424239117435,-0.006240580683935848,-0.009144592179001876
2017-07-07,0.0047588005646606694,0.0029423153998953695,0.0047588005646606694,0.0038850575547167386,-0.00022331459022180194,0.0018497245052421414,-0.0014440523689692225,0.003249199134417013,0.006485127945452307
2017-07-10,0.00096662760758983,0.0007290572417644694,0.00096662760758983,0.00020038553139776024,0.0012289267776474076,-0.001269513738258375,-0.0005607457212381675,0.0011738263322050191,0.0010739386842650855
2017-07-11,-0.0011611924207604626,2.017024320685558e-05,-0.0011611924207604626,5.316905048021966e-05,0.0011638273965327087,-0.002490572772094634,0.0,8.329012418037965e-05,-0.0007426928275924283
2017-07-12,0.0026483411980136947,0.005250304843407311,0.0026483411980136947,0.006119472414899716,0.002144347942042226,0.0009462459168177708,0.0,0.005678032462377347,0.0075146524995151065
2017-07-13,0.0014825721695544318,0.0003482918321465604,0.0014825721695544318,0.00041782802520582606,-0.0012662773243804512,-0.0007274385897092096,0.0,0.0005944956111831434,0.0016804594426194086
2017-07-14,-0.000762487265588158,0.0020926999580064875,-0.000762487265588158,0.0023787523899541896,0.0032420715000753397,-0.0021703612827583714,0.0,0.003363072189509753,0.0046640065002454545
2017-07-17,-0.0011730457651962876,0.0005096839225666045,-0.0011730457651962876,0.0006570687493378405,0.0014456908411849797,0.0011111949547492474,0.0,0.0004155284707347829,-0.00012232903034470333
2017-07-18,-0.0017277868873595012,0.0009452421566891245,-0.0017277868873595012,0.0013441549420404439,-0.004935739632230778,-0.0006269680608679271,0.0,0.0017819870248893198,0.0005296329529944632
2017-07-19,0.0011294810768870825,0.0015366912093533029,0.0011294810768870825,0.0017012197816178916,-0.0032291153462201713,-0.0009164177074219447,0.0,0.0032484110846304312,0.0054140184743840525
2017-07-20,8.86576012562437e-05,0.0009532365748729538,8.86576012562437e-05,0.0012403596136640253,-0.0011202645022217231,-0.0006857468248398212,0.0,0.0003797192361888246,0.00044546896857622365
2017-07-21,-0.0010562936402828023,0.0007800795523181656,-0.0010562936402828023,0.0006294225120110622,-0.00022830769463696413,0.0010614946161750546,0.0,0.0001760664009652802,-0.0008903991285854618
2017-07-24,0.00030340275317870927,-0.0004480044871418162,0.00030340275317870927,-0.0007881387826849733,-0.00011087635918267259,-0.001275228101063915,0.0,-0.0004070670659052089,-0.00024327880953378678
2017-07-25,0.0005008529644260301,-0.002041286684220624,0.0005008529644260301,-0.003063642075032557,0.0015679761667424072,-0.0033342514568585548,0.0,-0.0007830793745514429,0.0024309616425037817
2017-07-26,-0.0019964974256265165,0.0008271433755455025,-0.0019964974256265165,0.0012484842347840709,-0.003495660690421061,-0.0014177023297065505,0.0,0.0013016252245336092,4.037519841659787e-05
2017-07-27,-0.001010177573346914,-0.0023579698107915673,-0.001010177573346914,-0.002775807746580584,0.00276706744993157,0.00021224222443820667,-0.002104935801163322,-0.0011944357993033173,-0.0009295854457616048
2017-07-28,-0.00232556127171179,-0.00026102700469502415,-0.00232556127171179,-8.157222898481985e-05,-0.0027578434353720737,-0.001105238159608865,0.0012748290353905981,-2.8711704385497795e-05,-0.0011730592251087968
2017-07-31,-0.001685705638044369,-0.0006326615289478155,-0.001685705638044369,-0.00038336643804180243,-0.0008027507419810437,-0.0008831209066742633,0.00030887372518564193,-0.00022759307508131156,-0.0005667758432471581
2017-08-01,0.0018771240692409792,0.0029684578405500526,0.0018771240692409792,0.003831475367289833,0.0015974431727575791,0.002679000979383656,0.0016956737161910064,0.002330934460253564,0.002228903533703752
2017-08-02,0.0007561352772529544,-0.0004293841983910956,0.0010407424046913621,-0.0011906268825378939,-0.00013261419113550364,0.0008280295759697365,-0.0016182329624452136,-8.311536979661583e-05,0.00048491107372639064
2017-08-03,-0.002603307648382322,-0.0005214552625297088,-0.002977832869041812,0.001067361373575191,0.0014161980642257458,0.0019669649888728455,-0.0004324788732838068,0.0002212660441084592,-0.0019398394346510361
2017-08-04,0.0020121708247847446,-3.582141015207171e-05,0.003046105591325393,-0.0013508085351536174,0.000577939553878314,0.0001154619584223561,-0.000550730806237173,1.139789329367407e-05,0.0018221874353521184
2017-08-07,0.0011771085938197085,0.0011729964954671002,0.0011109415588544831,0.0011315925369186307,0.0006582799734258999,-0.00022119826875728922,-0.000590927052069981,0.0013396828505738423,0.0018590370503146492
2017-08-08,-0.0025500560662686926,-0.0031679452067843736,-0.0012694318672480953,-0.0034034856607107786,-0.0008167072158932632,-0.0023260534686559858,0.0,-0.0018127426002814806,-0.0024607534543475973
2017-08-09,-0.0033422662419139975,-0.002047655686184442,-0.003608471060657115,-0.0019415765419385515,0.0016521996991089947,-0.0013118681995536933,0.0,0.000461999288600401,-4.0401320732685875e-05
2017-08-10,-0.009645680628423851,-0.007158246784406534,-0.00955702643971231,-0.004729896423010468,0.0013636876577990337,0.001607300592904064,0.0,-0.006974243033532401,-0.014115329057910353
2017-08-11,0.0017098590780385257,0.0016590128850490044,0.0012221104996172532,0.001270898747026852,0.00054240903535419,-0.0006142401129449321,0.0,0.0013331528521087765,0.0014769876366476087
2017-08-14,0.0029969783277592433,0.003474410671367725,0.003174068231701125,0.0047812895331157575,-0.0016105003466143262,0.00037946053926489476,0.0,0.004980622537961166,0.009912801635803659
2017-08-15,0.0012808825087646416,-0.0006002162772318647,0.0015908565417384118,-0.001328490310777958,0.0013442485270287012,0.0019140375670172326,0.0,-0.0012658650161614827,-0.00012141553566258345
2017-08-16,-0.0009033387688497166,0.0012286017712714583,-0.0016571848306540101,0.002803495474339206,-0.001071976347194246,-0.0008158688119831834,0.0,0.00179447225123619,0.001744322813957755
2017-08-17,-0.006698872161500118,-0.005492793597449049,-0.006964242696752054,-0.005204308520990079,-0.00711512835332159,0.000886240099937623,0.0,-0.007936126194114546,-0.015590803891316729
2017-08-18,0.0034506281510370777,0.0013318999475564542,0.003627389107765876,-0.0013890705434733343,0.001413959941879281,-0.0014193350123043308,0.0,-0.0008635940454017498,-0.001563174938009948
2017-08-21,-0.001527455235435477,0.0009006065448199801,-0.001903214294530063,0.0032599952598022907,-0.0008228412706093521,0.0005037119754818949,0.0,0.0007299285048250504,0.000782738804596228
2017-08-22,0.004676937259197659,0.003062421359943029,0.004941800280846571,0.002024830027732578,0.003672014762673257,-4.510646343866017e-05,0.0,0.00549386337135811,0.010457193873435466
2017-08-23,-0.0008157739259589698,0.0013249094191762777,-0.0018320376000454698,0.0016600432222686006,-0.0024187956805553795,-0.0010856076229951118,0.0,-0.0007736411327162295,-0.0035856133407391466
2017-08-24,0.00031472175697804054,-0.000641468078437543,0.0008209590560002496,-0.0006706841834711555,2.824633000763198e-05,0.00023707654981651438,0.0,-0.002029415999204853,-0.0023309558110505835
2017-08-25,0.001257901622004214,0.0027322982734536106,0.0006404114194014071,0.0034402762325102055,-0.0006883518614373841,-0.0002736556460701755,0.0,0.0020709130373548932,0.0023364018605442904
2017-08-28,-0.0016784734191055703,-0.0003977847009655471,-0.0016784734191055703,0.0007007305076556143,-0.001058181152005376,-0.0016347874207149442,0.0,0.0003953848599761667,4.0919150363416534e-05
2017-08-29,-0.0006083516074771045,-3.3262916530515485e-05,-0.0008064519318741554,0.00037543233532569487,-0.000495612937177735,0.0008704299382416441,-0.0006665916871347273,0.00161365484522773,0.0011447561239463777
2017-08-30,0.00031906196849335045,0.0009338047949383308,9.938521077119305e-05,0.0017971848114576902,-0.0011928620002365801,0.0004129836176110422,0.002190065054344059,0.0025097673174053537,0.004737773300325987
2017-08-31,0.003094514276846496,0.004032990195609563,0.0026331722971777204,0.0025586839947856583,-0.0061131322175126835,-0.002891144302082987,0.0067439570052064465,0.004238857981739263,0.00601598572702966
2017-09-01,0.0008360580401515999,-0.00011553687310889066,0.0018913161999841617,-0.0006911302271326416,0.00020095140876687532,-0.00225897365010987,0.0004259071181665078,-0.0003285243940953644,0.0014140798914703545
2017-09-05,-0.004042988110826925,-0.0010276659925240004,-0.005686174563865493,0.0007424594880480868,-0.0008545516125724612,0.0008319657816705552,0.0009408672557874887,-0.0015251653426117777,-0.007181973336181979
2017-09-06,0.0015069018826850478,0.0002476636203079481,0.002232891319591098,6.154574934315081e-05,0.0009700473812718521,-0.0017255029100963425,0.0004864614316776342,0.001089651757572163,0.0034136864395866162
2017-09-07,0.0008320767340024751,0.0036100921583487747,-0.0006498020606614963,0.005364962638288676,-0.0015404839721995561,-0.00012832881971893122,0.0037178012782952225,0.001664160928250258,-0.00012123848705458684
2017-09-08,-0.0008506021785188323,-0.0009142545285789573,-0.0006728279032937132,-0.001629772234397693,0.0029610100978238038,0.0007596636805525996,-0.0005772567110316286,-0.0009992014165650209,-0.0011748402693710913
2017-09-11,0.003325314203276384,0.0013000297528705674,0.005305479144410842,-1.9687773552858707e-05,0.0008199961533649095,-0.0005771389822240692,0.0,0.004116813817159315,0.010665956756320982
2017-09-12,0.0024229242057931923,0.0005525927118322776,0.00200551609796201,7.092908572966702e-05,-0.00019064732779828174,-0.0006185055403285971,0.0,0.0010592949911608861,0.0033703965171958394
2017-09-13,-0.0009920968575515526,-0.0023433812338894263,7.650417394012286e-05,-0.003034634802571387,0.0021746539671561424,-0.00013690950476370864,0.0,-0.0005286587229994755,0.00047989796252956296
2017-09-14,9.531139473606572e-05,0.0012204689687954566,-0.0005280368173899669,0.001831663034247323,-0.002281745682017453,-0.0001673016596600493,0.0,-0.00011735898091282947,-0.00031945101585018065
2017-09-15,0.0012374520181716424,0.001298449171641293,0.001948357820949982,0.0011826291547854548,-0.0009464464950672828,-0.00029442940704656,0.0,0.001291338987715429,0.0013460261620761305
2017-09-18,0.001787390099676346,-0.00048329670609162297,0.003114257408516084,-0.0023653807976347398,0.002196397402921311,0.0007906937351533639,0.0,-0.0002841626351089755,0.002126882737799818
2017-09-19,0.0019559890026431535,0.0011502262469071784,0.0016583526064647767,0.0008889568103249978,-0.0011799863469327508,0.0001264030844066489,0.0,0.00015342368752708775,0.0010011608737010569
2017-09-20,-0.0011380694451768403,-0.0021944806443506847,4.28816749069793e-06,-0.0026557566322587683,-0.0026102113689202614,0.0009359979839528374,0.0,-0.000567957932019647,0.0003602000095463964
2017-09-21,-0.0006563067603290974,-0.0012448622527003392,0.00042619863431098706,-0.00205868435443406,-0.0003817719904082586,0.00042957053049639307,0.0,-0.0021313556908384656,-0.002679428925969618
2017-09-22,0.0010337754931292447,0.001011096723472342,0.0003839418349502386,0.0011863533193408069,-0.00031207577112658553,0.000964147671235568,0.0,0.0008317383336888362,0.0002002729428101091
2017-09-25,-0.002886707370149453,-0.0014746291652076482,-0.0043768511457637806,0.00032737507797273274,0.0003946710064056275,-0.00024266446118193657,0.0,-3.029379798078478e-05,-0.0020444900705453017
2017-09-26,-0.0004312730815635532,-0.0008212854336473805,0.0011577509393222829,-0.0021084686320956185,-0.00037953730390049233,0.0019005603867493883,0.0,2.637880516864749e-05,0.0006027011369422741
2017-09-27,0.0024463536099967745,-0.0008381206019617897,0.0037874104743309076,-0.002720011007236341,0.0012595783721535934,-0.0012282863793756423,-0.0017676663769250968,0.00028463876341748833,0.003894226679019175
2017-09-28,0.0009196820581074465,0.0012696907103707902,0.000651258292742072,0.0016612797973213184,0.0011912369149023922,-0.0006891553954216051,0.0006353079278935534,0.0006446915220513994,0.0011995839392966445
2017-09-29,0.0019995625788258907,0.002042638093168734,0.0027334370017746204,0.0014286195027943653,0.0018442439635925876,0.0008403147708391694,0.0014015873311253569,0.0016215812886962054,0.0035153078762408807
2017-10-02,0.0006988547251387803,0.00032870714639931587,0.0016473070197542453,-0.0003940124272346535,0.00035911222400978563,0.0015639380897459212,-0.00016646009016935986,0.002148332432135813,0.004338619393774001
2017-10-03,0.0017198244379107318,0.0022824900377346274,0.0020405371803032903,0.0023874091111367643,-0.0020442839693586164,0.00010113652913746263,0.0024070681111207463,0.0018484718522378874,0.0021398945596329266
2017-10-04,0.00028424339196016365,4.2302728612614296e-05,-0.00040029216768453424,0.0005847094173230866,0.00030014799798183623,-0.0005622260796065114,-0.0002995820076346349,0.0005993560173729318,0.0011868751874895
2017-10-05,0.0022624087087142163,0.0013859605455357206,0.0017757950460985902,0.0007495895709272932,-0.002319518517676149,-0.0014880521131669544,0.002790485195865043,0.0031411633005514524,0.005924787671186094
2017-10-06,-0.001233995665857551,-0.0014141354592054774,-0.000797673908431892,-0.0013541516958345673,-0.0005196395145296726,0.0003497620815613746,-0.0005987515033649436,-0.0011726700766289567,-0.0011386976862944875
2017-10-09,-0.001404294434508308,4.0382849502118844e-05,-0.0017285314216956267,0.00040885996116404936,0.0021978967010287103,-0.0006634511911994816,0.0,-0.0005381240175641454,-0.0016511704890878054
2017-10-10,0.0020803208541937076,0.0031143860302660894,0.0016760235970652475,0.0027516442949705924,-0.0008888689791324124,-0.0019078097696272425,0.0,0.0017335024299463873,0.002638454905838028
2017-10-11,0.000254834600218885,0.0010783751196801,-0.00019667039723766602,0.0012457481526214145,-0.000627048550159381,-0.0012118922112454005,0.0,0.0013940423008456547,0.0015711265647802009
2017-10-12,-0.0005409540379750577,-0.00038586446523656306,-0.0014088294034020192,0.00042740568061439964,-0.0004033881026125657,0.0003849993022696909,0.0,-0.0005180434750104323,-0.0014904309837017182
2017-10-13,0.0003303751347314663,0.002680888491002779,-2.0904678045954156e-05,0.003246269544972723,-0.001734306881905592,-0.0003883802782740447,0.0,0.0020827944356601067,0.001217683767751998
2017-10-16,0.0004800164372421839,-0.00037025215740393836,0.001148924194185114,-0.0009602886686688986,0.001053635788771583,0.000594396491959185,0.0,0.00012613502830536303,0.0013333074775745413
2017-10-17,7.5300034512191e-05,-0.0007185390254080446,-8.474954506822695e-05,-0.0007258789929953341,0.0009198848117487359,0.0014194301926088921,0.0,0.0002730126329561599,0.0007051139442646459
2017-10-18,0.001825863488182669,0.00037393392737326,0.0019697573417919827,-0.00028383377553789176,0.0013476306589673837,-0.0005411783522465489,0.0,-0.0004253604366722286,0.0009786956582686912
2017-10-19,-0.0017195539192617429,-0.0005992140626887605,-0.0013194300640642525,-0.0004253476560708816,-5.3488700964765426e-05,0.0008010707763655761,0.0,0.000577703612579139,0.00027374225612408765
2017-10-20,0.00204931559918439,-0.00020218420273707789,0.0028198108304625094,-0.0014025379055040337,0.0027523807371236204,-0.00046533518982079156,0.0,0.0014434844209084028,0.005160408538147809
2017-10-23,-0.002759288080477003,-0.0020252371618986057,-0.0022427175742369704,-0.0020505812309698002,0.0006436671637095285,0.0011281845890390998,0.0,-0.0019563577033311574,-0.003889336053556125
2017-10-24,0.001262866344310961,5.354803081061141e-05,0.0020732321142428226,-0.0009314860065272987,-0.002303714693913894,-0.0008383310333814674,0.0,-0.00015181384180298365,0.001757072439965146
2017-10-25,-0.0013672154947299497,-0.002103211397968501,-0.0009759565150366802,-0.00246120111925348,-0.001156755041294409,-0.0014378925490050067,0.0,-0.00361275598077897,-0.004950244928142111
2017-10-26,-0.0008246788754784465,-0.001851608968118668,0.00028722491452526995,-0.0027455200770742927,-0.0030686099541430215,0.002089158622528401,0.0,0.0002453770486327666,0.0012927317081816714
2017-10-27,0.0030591087052738862,0.0050677487457679955,0.0024491322962522408,0.005482341507743854,0.005004434383717777,-0.0018177166219515684,0.007227838645547678,0.006194883235715931,0.008176183757773625
2017-10-30,-0.0013774625548198592,0.0004703594339250113,-0.0012626269536568334,0.0012020144962377852,0.002170168581271408,0.0015101564294944794,0.00034465608758530374,-0.000798981587497849,-0.0037251130661162257
2017-10-31,0.002064399054342653,0.0015539711909636244,0.0020808483419664362,0.001443471756448372,-0.0011604896574058002,-0.000523233307573603,0.0013150993761724176,0.000671108291850242,0.0015579566048835591
2017-11-01,-0.0011992120228462159,2.4788282143763004e-05,-0.0018563815745973554,7.344514347691495e-05,0.00031396606510509796,-0.00042601330033677275,0.0023112124190660887,0.0010348432268818984,0.0013222405438366724
2017-11-02,0.0010019219069126515,0.0008232480245185498,0.00040704831657697635,0.0021027132643420938,-0.0004655764580352307,-0.000640586901159188,0.002094783182647117,0.0007607457118520955,0.0003881492688702082
2017-11-03,0.0014176290608742194,0.000769930090012064,0.00013473623924893207,0.0016596577487445316,-0.0037698669388967886,0.001046614911544834,0.0009226371645691461,0.0026439437845267033,0.003338918090707521
2017-11-06,0.0019937490401341455,0.0036397512967082718,0.00026405181602619444,0.003963648112103229,3.754125567388358e-05,-0.004126876125764106,0.005387018546194884,0.0014173741170559584,0.0015477762528484096
2017-11-07,-0.001452893362338156,-0.0026277899864175173,-0.001134867812795649,-0.0011757019631668442,0.0011657356720848745,0.0013359227422696355,-0.0006237014452534701,-0.0002669663788896992,-0.000695483695581145
2017-11-08,0.000368342371119983,0.00034867272259313725,0.001113236023582028,0.00014729176010014244,-0.0016009248567488365,-0.0016363618395786404,0.0,0.0005322532862911177,0.001700714155416616
2017-11-09,-0.002034053119521497,-0.002164572093122075,-0.001575289368349414,-0.0020444507017446543,0.0017207062253741558,-0.002329194144644694,0.0,-0.0023268364683875606,-0.0036277205966085413
2017-11-10,0.0015413745527673678,-0.0007911122478062423,0.0032639575373187915,-0.003123375869705307,0.004556611446493715,-0.0014484758088608419,0.0,-0.0022165866132327627,-0.00030971511419919384
2017-11-13,-0.0009316525799694005,-0.00046846285087293683,-0.0007785858682934452,-0.0005535141791016295,-0.0004558549395947753,-0.0007072768884267776,0.0,0.00036896878699606,0.0009298393341601319
2017-11-14,-0.0031472938091203087,-0.0029441064653828583,-0.0019757561788203756,-0.0014892815236885232,-0.003546970400744864,0.0012940981412980113,0.0,-0.0008263048697572106,-0.002322472653312202
2017-11-15,-0.003112434061468523,-0.0020981606044674266,-0.004043829505434717,-0.0006725295984008141,0.0007055515599374692,0.0027895409966172905,0.0,-0.0015683908892876628,-0.005005384021082193
2017-11-16,0.0065058966142570555,0.005844751768421266,0.006917468486979111,0.0045065958899295575,0.003224102629988224,-0.001498870886904918,0.0,0.004084798168720604,0.008501015391302102
2017-11-17,-0.0005629065727060776,0.0015455646521387964,-0.002321083511914139,0.002428318772308341,0.003962190786550898,-0.0029703644115684704,0.0,-0.0012352000377839677,-0.0029388287120039047
2017-11-20,0.0015667909886867312,-0.0001995623768798584,0.0019144036498730892,-0.0005150074305148469,-0.00037429126412875523,0.002403968361896794,0.0,0.0003834228417037177,0.0017065989826392514
2017-11-21,0.00493972102172857,0.004901865486323118,0.003454704675080073,0.005676472517714313,-0.0014329443104737281,-0.0011916260015868204,0.0,0.0040012969528652855,0.006542743346354296
2017-11-22,0.0008480614827652506,0.0021112493589771067,-0.0011777711575943605,0.0033566860165305163,-0.0015619243437190726,-0.0009730614264562885,0.0,0.0007518670303783727,-0.0008846763321666007
2017-11-24,0.002953464165343098,0.0018652311064601035,0.002338033913702513,0.0019926940041319636,0.0001480246666616449,-0.00032780446954759244,0.0,0.0010470721021464068,0.0023095526949052925
2017-11-27,-0.0034610697523592394,-0.0027504226519962107,-0.002351018439445158,-0.0029725450844457924,0.0013310845251035253,0.0006267454121296386,0.0,-3.5793654340965364e-05,-0.000498743445646932
2017-11-28,0.002997970688545501,0.0029278889141462357,0.0026724749705842273,0.0032302559842257708,-0.004797630130494669,0.002137212605803736,0.003074213300464708,0.006162318183782167,0.010144789672356103
2017-11-29,-0.00109545337012029,-0.003291959895486026,0.0004951282399017435,-0.004228397594366419,0.003694418617681892,0.0009458136350768159,-0.006024575255506642,-0.001643944659947727,-0.0006089530115295227
2017-11-30,0.0023939726683157247,0.0006579796614289261,0.0027030420262653863,8.52197595681554e-05,-0.0013242994028003353,0.0008133039289734766,-0.0007681175699310948,0.004007905643279796,0.008755101667611509
2017-12-01,-0.0015924049480382594,-0.00039707256448044963,-0.003399466864743073,0.0019412484191547075,-0.000869639339926558,0.0005652141368613678,0.0018262827814395023,0.00023287185367768535,-0.002075527992303594
2017-12-04,-0.0036504136325139374,-0.0028441481718193004,-0.0014228966132580395,-0.003381016423088806,0.00209867075458441,0.0019227124937722584,-0.0030817385723295367,-0.000914743132430007,-0.0012099233532448794
2017-12-05,-0.0014003279675903172,-0.0007677052820649386,-0.0022339441986551738,-0.0014003279675903172,-0.0018814877721403764,0.000386885283071005,-0.0021703870680457988,-0.001855643146266539,-0.003596402156029077
2017-12-06,-0.0024171230610391045,-0.0024463735888457165,0.0006984109813800404,-0.0024171230610391045,-0.0033123836843574417,0.0034028568751650326,-0.002635136008720458,0.0009444884637122453,0.0001898382631100315
2017-12-07,0.0008145127983198194,0.0025383089915081056,0.0005701420093363059,0.0008145127983198194,-0.0007084992553714331,0.00136160698726555,-0.0006572202119538118,0.0011759238817090176,0.003153039795555035
2017-12-08,0.0028422840432009064,0.003121899281997795,0.0015812137848026716,0.0028422840432009064,0.0019434742776304112,-0.00025616409553315996,0.0,0.002970116563584124,0.0054531584676114075
2017-12-11,0.001770975146860635,0.002267811449949847,0.0007704348166263394,0.001770975146860635,0.0005097750634770577,0.0002245619249602808,0.0,0.0015433933747145189,0.00301304307546868
2017-12-12,-0.0013197146035939297,-0.0011390603787573715,0.001177750679682213,-0.0013197146035939297,-0.00026862565841065454,0.002236678589052277,0.0,0.0007188037724517482,0.0017648198323161335
2017-12-13,0.0033523125709973432,0.0012312886186911492,0.0023431466668029297,0.0033523125709973432,0.002261980170156659,-0.0017557777040768136,0.0,0.001559022977224589,-0.00011243568835783702
2017-12-14,-0.0015367095304677984,-0.001214458997092872,-0.0023208251136919026,-0.0015367095304677984,0.00037515939141346215,-0.00015923096469687913,0.0,-0.002602306104942764,-0.004086321285905914
2017-12-15,0.003230673447696245,0.0033834168402272343,0.0027104576417440944,0.003230673447696245,-0.0003217303311312471,-0.0006099860172151844,0.0,0.004920700524142241,0.008327436863937443
2017-12-18,0.004040539969263493,0.003943292820657954,0.004727152564873939,0.004040539969263493,-0.0014624229275154005,-0.00029320391280117375,0.0,0.002900143426671997,0.006341028784474956
2017-12-19,-0.00534016906432097,-0.004736074464090162,-0.0035330842659806647,-0.00534016906432097,0.005297965858757215,-0.0030409302375450963,0.0,-0.004117489737241487,-0.003840265486267036
2017-12-20,-0.0016508523088283999,-0.0014133683337428972,-0.0016154837829103503,-0.0016508523088283999,0.00297964084823425,-0.00221431806793283,0.0,-0.0014909488691010387,-0.0005238934580390486
2017-12-21,0.0023704929229199367,0.002069950755031247,0.0009434455843930833,0.0023704929229199367,-0.001582909769522807,-0.00036108245713678923,0.0,0.001518002071757163,0.0020596361754203762
2017-12-22,0.001573737897758197,0.0010455142826203195,0.00038711783942250777,0.001573737897758197,-0.0017432748225612367,-0.0003919470252415525,0.0,-4.555156961183471e-06,-0.00026164277888018894
2017-12-26,0.0022707681816900877,0.0014989415022619653,-0.0019819671661930344,0.0022707681816900877,0.0003507135164292907,-0.0019960204580135228,0.0,-0.0005656567296028258,-0.0011964778395280318
2017-12-27,0.0031130029815660157,0.0017669324503676782,0.000232073194309789,0.0031130029815660157,0.00019103195633527002,-6.387213502242608e-05,0.002719582695422825,0.00200496633297047,0.00048651518972753216
2017-12-28,0.001811834300544488,0.0013662671796370622,0.0015767117794177918,0.001811834300544488,-0.0012775175486155186,-0.0017415567539358354,0.001901415319110294,0.0007419559623524917,0.0020577276881408313
2017-12-29,0.000522494871570866,-0.0007092171121696654,-0.0012395759349940454,0.000522494871570866,-0.003006590649866283,-0.0006369460469557159,0.00018610515958960753,-0.0016173060347104862,-0.0037705071205549334
2018-01-02,0.0033927078167476626,0.002607603516010398,0.004901306587017777,0.0033927078167476626,-0.004170569178891498,-0.004218130369553532,0.0036409501126939943,0.002968128230348377,0.007157144150463646
2018-01-03,0.0037989134016806897,0.003578973520930858,-0.0001057901893464628,0.0033867913426620447,-0.0045341204748697,0.0001830160406497691,0.004826899869132649,0.0042131976447428165,0.006325024260358081
2018-01-04,0.0019746302466737693,0.00200748278670461,0.004306115375692884,0.0021011274841198574,-0.0019746302466737693,-0.0010476610590135925,0.001101392916250124,0.0023392965345558456,0.004215070651208297
2018-01-05,0.0017120031557065203,0.001797520594841793,0.002630051370490207,0.0020412842339403727,-0.0017120031557065203,0.0008345614024323398,0.0018453667356754476,0.003504568933908247,0.006664150918765044
2018-01-08,6.803593316689243e-05,0.0001009570213226801,-0.0006585623051096365,0.00019479711210516892,-6.803593316689243e-05,0.0007151014798443738,-0.0006367759996036508,0.0009071031239668236,0.0018287414872903973
2018-01-09,-0.003203930058323561,-0.002874439344232836,-2.852044307299125e-05,-0.001935240786276757,-0.003812321178426844,-0.0010379084043709392,0.0,-0.0005452125390875474,0.0022630356149710984
2018-01-10,-0.0010305567296129757,-0.0010106964980199857,0.00011406801466372991,-0.0009540857952744331,-7.016998915765138e-05,-0.001890074966342292,0.0,-0.001032551834407247,-0.0015297423881657224
2018-01-11,0.0051187896718268315,0.005072448227843839,0.0038913167306351445,0.004940354012434644,-0.0031241990970580437,-0.0007853679481860549,0.0,0.004645464408627164,0.007296351532564804
2018-01-12,0.006023718376060015,0.0060700288321551155,0.0061454589715678335,0.006202034717974498,-0.004449660565957266,-0.0042142236501206435,0.0,0.0036438004283042783,0.0065187915686266695
2018-01-16,-0.0009956079209914484,-0.001028711607215895,-0.0003596718009469456,-0.0011230721856341076,0.003627674303847426,0.00051057522644617,0.0,-0.0018598056705859236,-0.003418336779249853
2018-01-17,0.0021470492995977037,0.002299319134872365,0.0021321627885987735,0.0027333574964839577,-0.0021105619491645906,0.0009099031560754478,0.0,0.004839545734714078,0.009531680050072433
2018-01-18,-0.003667836451421026,-0.003448897119702503,0.0005275131726066479,-0.0028248203374558103,-0.0005324994149900362,-0.0010674989449578087,0.0,-0.0022730296440356844,-0.0016808424551464363
2018-01-19,0.002162862977518837,0.0023425575873361965,0.003018800762272632,0.00285476904336671,-0.0023751940914949273,-0.0003749622300259193,0.0,0.001691894475467359,0.004549589290398615
2018-01-22,0.004354706674717013,0.004381393652863098,0.002481007841767028,0.004457463691620266,-0.002602286292771464,-0.00012662907082387824,0.0,0.004724426059273234,0.008130935974380193
2018-01-23,0.005981450624401718,0.005781189914541397,-0.0006736649852978965,0.005210355709288851,-0.0008363694237529704,-9.733720878005614e-06,0.0,0.002430321731779017,0.0021227989318495233
2018-01-24,0.003152458152070635,0.003285559603318412,0.0024566049722022885,0.003664959342757966,0.0024613542752809493,-0.00474561492664157,0.0,-0.0010018104301039888,-0.00038843107345498673
2018-01-25,-0.0011313447521612884,-0.0012847373507426307,-0.001120478405226148,-0.0017219760989917352,0.0002493337916224936,0.0019151835563325787,0.0,0.001140197868684556,0.0004237514140648102
2018-01-26,0.004719774362676021,0.004926084299080221,0.004342784480463365,0.005514161554299871,-0.0035162599136349215,-0.0016470359938918777,0.0,0.005754912887973917,0.011577489459016155
2018-01-29,-0.0076074812764790655,-0.007433970005999838,-0.002263519662758013,-0.006939383882463906,0.0019436356854341597,-0.0001886886659984058,-0.007188931592617311,-0.004980049779858708,-0.006629839481393285
2018-01-30,-0.007307430066239712,-0.0071468625760043635,-0.001860483035959357,-0.006689172119689585,0.0019336974376428294,-0.00034308580247165713,-0.007315509232228115,-0.007081365326635702,-0.01025663067801752
2018-01-31,0.004031917061464024,0.004011801051370342,-0.0003148953425769447,0.003954461263437457,-0.0009515316782622044,-0.0004106116554952581,0.0034246344085107246,0.00041420583970510624,0.0004967035711087586
2018-02-01,-0.0030622421927298674,-0.002704987268159198,0.0006916743822619679,-0.0016866480688120182,-0.0032641204333548283,-0.0028964598438253504,-0.003909430264379548,-0.0027445582765747824,-0.0011352784844966823
2018-02-02,-0.010617321619648687,-0.011019262447458227,-0.006358380371865068,-0.012345106530990064,0.008340322151523975,0.0015488849126867586,-0.013764414380363186,-0.014543548931779136,-0.02177011039463872
2018-02-05,-0.015489797338873127,-0.015643706946831513,-0.015358898508555034,-0.016261999719783458,0.010544723955654733,0.0021783135395581094,-0.013482580865467964,-0.021806665874076956,-0.04182251346998467
2018-02-06,0.006895703764479363,0.006822545404620813,0.006603968401902591,0.007207619906003124,0.0023429867517965374,0.0002207063114170682,0.0035330063421963134,0.010074941679348992,0.0197023621682193
2018-02-07,-0.006821695227965092,-0.006369393050200683,-0.003886278751734424,-0.0068918069652309745,-0.008200874190291826,0.0032796604935321,-0.000538811472788268,-0.004424375370894351,-0.005424880166657431
2018-02-08,-0.013724075897634993,-0.012460150365489848,-0.010106872813025821,-0.013316207843776112,-0.012497099440700618,0.0017237001572701282,0.0,-0.02215350684026962,-0.03750896172669815
2018-02-09,0.0002710615257909716,0.0010233980440565336,0.002683922154524823,0.0006951525811885593,0.0007622829192038742,-0.0008775777079032403,0.0,0.008309883860799606,0.015021554633553036
2018-02-12,0.00711476118199536,0.00688851879596683,0.004735975426663627,0.0075275516617777805,0.006377483337747121,-0.00020802254580592187,0.0,0.008693466380149095,0.014684725552459366
2018-02-13,0.001031261816165043,0.0010910034483402682,0.001397718318897635,0.0007314772503535026,0.0013424533759012263,-0.0022164290782359032,0.0,0.002157816079363872,0.002487265952931139
2018-02-14,0.009791818898622247,0.011924632748111558,0.01170542911979841,0.012737392166596752,0.000446687881700841,-0.0029964057790926773,0.0,0.005674668522970849,0.013496094616544996
2018-02-15,0.0070757231066490905,0.005812490137793747,0.0032348843872683523,0.006645344272978887,0.0021550854563108348,-0.001067668925582924,0.0,0.0077742904751419315,0.012760306980797775
2018-02-16,0.0005055030758597717,-0.0011192475645657083,-0.0020604496690775137,-0.0011198734313726064,0.0002986598193949805,0.002094919463303596,0.0,0.0011190249649756013,0.0002928969218003452
2018-02-20,-0.004021127670718879,-0.0037195131481538926,-0.001407841538658714,-0.004469328130780612,-0.003361024848445519,-0.0005307794419307072,0.0,-0.00418792028825623,-0.006260851148133351
2018-02-21,-0.002864428681112645,-0.0010523884181545865,0.0013527329330292755,-0.001311353393032445,0.0005952558456768112,-0.00012911333050397362,0.0,-0.0041625967290467745,-0.004974696796076095
2018-02-22,0.002060208377761598,0.002071538697839454,0.0011279741585306553,0.002321738586140081,-0.001980905024870162,-0.001461887338302737,0.0,0.0013289833784680294,0.0012961843304257759
2018-02-23,0.006550547739098413,0.004689466765496652,0.002420710943651463,0.005055106968727258,-0.0034345498696419455,-0.0007139238407543418,0.0,0.011097123256262087,0.015939417691305025
2018-02-26,0.004370333050674985,0.00442962990477789,0.0035230320465085177,0.004806687874646993,-0.002561666297724546,-0.0001880077455017547,0.002902803875046292,0.007437214969827588,0.01161208724566598
2018-02-27,-0.007091448923775601,-0.007127436550902053,-0.00504173374659544,-0.007968199304092318,0.001182004408605301,0.0023290134891343238,-0.00710180488184013,-0.008743491902960709,-0.012486438151937396
2018-02-28,-0.005464846901424245,-0.006115209273535004,-0.006369826047736441,-0.006376761423715349,0.0035832075514220497,0.0020623409379980514,-0.0025503623389532843,-0.00513637369506108,-0.010129871511717181
2018-03-01,-0.005217505383776438,-0.004936810088172103,-0.00403992971055065,-0.005652048847732886,0.0030619888886896573,-0.003314089102548436,-0.0022729946068903127,-0.007003226955001041,-0.014540985521845573
2018-03-02,0.002501215399522654,0.0020553437683542342,0.0028993604686979283,0.0025948805216739717,-0.0019229814701100614,-0.0026697815367859408,0.0008011058293136156,0.0016094679919929965,0.00515487077015897
2018-03-05,0.001964640172057584,0.0018648071118039784,0.002400308986272814,0.002400308986272814,-0.002328140522165986,-0.002434268734949671,0.0021439584150516056,0.006425238342224526,0.011557984057316117
2018-03-06,0.001811153485246322,0.0008732589269320912,0.0010949432375127945,0.0010949432375127945,0.0029061251548294885,-0.0010765877081504891,0.0030981541230059757,0.0014819785875248126,0.0025352059792598247
2018-03-07,-0.001122586465923248,-0.000769176498696639,-0.0002474215770320435,-0.0002474215770320435,-0.0017913737161860282,-0.0010747724059609115,-0.0004926604567177928,-0.00022001318728803732,-0.0003666886454800622
2018-03-08,-0.000915242357180411,-0.001971384308929061,-0.0024826354901137763,-0.0024826354901137763,-0.0008684164808159052,0.001218662916904598,0.0,0.003727455273277913,0.004839045428916444
2018-03-09,0.0039775029531024225,0.003925188692746889,0.004800253558438088,0.004800253558438088,0.005047305443718842,-0.0043691683668581355,0.0,0.009579985914101696,0.01740261795761544
2018-03-12,-6.7810771234384695e-06,-0.0005238448059425462,-0.0006566239408868027,-0.0006566239408868027,0.0001221848172372387,0.0002145152596446934,0.0,0.0001886335410989482,-0.001255438123161312
2018-03-13,-0.0019130554345137868,-0.0014944312973509625,-0.0017525143192169816,-0.0017525143192169816,0.00013549763929290447,0.0015881689061387667,0.0,-0.003211749842644473,-0.006462435071894812
2018-03-14,0.00017598460555154225,-0.0007105000329634426,-0.0012334280284179184,-0.0012334280284179184,-0.0006579890930125873,0.001077866204297703,0.0,-0.0022970076333451712,-0.005131243225099502
2018-03-15,-0.0004205136071159591,-0.0005783357637711125,-0.000879634474057962,-0.000879634474057962,0.0008021673278635607,0.0007889574013392619,0.0,-0.0008101301058299093,-0.0010902063007711682
2018-03-16,0.000636569944526849,0.00023660313416863806,0.00024067855735715536,0.00024067855735715536,0.0004617782169386419,-0.00036715166812527507,0.0,0.00018236012215422365,0.001084633384941025
2018-03-19,-0.002841265516533118,-0.0007636448977016378,-0.0004736496587248868,-0.0004736496587248868,0.0037748831261857066,0.0006540294040442026,0.0,-0.008509088726305824,-0.013530316785104635
2018-03-20,0.0008334914690382,0.0014745763511900259,0.0017607316734468653,0.0017607316734468653,0.00020943456724601317,-0.0007592813241494754,0.0,0.0002383231687928865,0.0017005029635921431
2018-03-21,0.0035003506746883904,0.0032533630750254247,0.003429910707809459,0.003429910707809459,0.002315715298927715,-0.0003467087111893712,0.0,-0.0008772277457102849,-0.0019191304729512249
2018-03-22,-0.005628114118111866,-0.004620878052224184,-0.005781024182557237,-0.005781024182557237,-0.007549296544435024,0.005869073377921538,0.0,-0.013353344288018508,-0.02499705210608949
2018-03-23,-0.0018177409385998788,0.000170150161076983,-0.00019254163068939693,-0.00019254163068939693,-0.0033317122041361226,0.0036069090060595016,0.0,-0.012242658232182624,-0.021314655434189866
2018-03-26,0.006339302842881845,0.0037894196959417288,0.004176491270560535,0.004176491270560535,0.007179986715672087,-0.004986531343765063,0.0,0.015324446327035713,0.027358893399690443
2018-03-27,-0.004368219700414636,-0.005033792783772412,-0.00644613985192329,-0.00644613985192329,-0.0024728071183265695,0.005605575826973638,-0.002301427991030445,-0.007941621951313626,-0.01701154472126576
2018-03-28,-0.002570070791551038,-0.003348143938723725,-0.003492320881044491,-0.003492320881044491,0.003469367396581426,0.0003108594789299891,0.0002166818196203782,-0.0018507669721179233,-0.0029549280144008927
2018-03-29,0.004326352915959999,0.0019663620076146946,0.0016043176368252773,0.0016043176368252773,0.0009422728316459777,-0.0006701225360289424,0.00447672143413809,0.008482135217703001,0.012777454083429118
2018-04-02,-0.005456167212127321,-0.003798164788410085,-0.004542374816780176,-0.004542374816780176,-0.0036840488151854665,0.004332132366802894,-0.004431046714988668,-0.012542790236296675,-0.021584401654861196
2018-04-03,0.0015776619421856094,0.00133263041533257,0.0026655707575169306,0.0026655707575169306,0.0011866374734726564,-0.0027200136326515586,0.0007543985700874441,0.006409958420997696,0.012816778563019993
2018-04-04,0.0012727177758584938,0.00021520643196997217,0.0010296091691715248,0.0010296091691715248,0.0007379543766857453,-0.0017177191211966087,0.001392875014041346,0.0061862944028644225,0.010699373418010527
2018-04-05,0.00044855473108232596,0.0002961819165286612,0.001173992002245713,0.001173992002245713,0.000525614181449039,-0.0015803711847357956,0.0008186817639613429,0.0037227422388231178,0.007891960842012269
2018-04-06,-0.0027278431893694695,-0.0023573109217856518,-0.0044858660219727516,-0.0044858660219727516,-0.002928262340386357,0.00489050807237126,-0.0004621851242870869,-0.01161505839825525,-0.022286036073464355
2018-04-09,0.002888998322595342,0.0015875686659283024,0.00164942836180209,0.00164942836180209,0.0009551981965716762,-0.00022745919322140763,0.0,0.0030348503781912227,0.004928459353207959
2018-04-10,0.005607875072617692,0.0037090911801744447,0.00493582633067196,0.00493582633067196,-0.004856673711264672,-0.002923523371938477,0.0,0.008840914317528491,0.01590046827534053
2018-04-11,0.001028369835598248,0.0007948004492491143,0.0002842180974702148,0.0002842180974702148,0.0002744417282452546,0.001023166288976114,0.0,-0.0027562750315288874,-0.005242380270724101
2018-04-12,0.0008361375202717939,0.000783146642372045,0.0017095068406808307,0.0017095068406808307,-0.002398591831035497,-0.0019455242423970062,0.0,0.0034974030696403252,0.008227011352234692
2018-04-13,-0.0005783230629001677,-0.000690251318753575,-0.001119588399015743,-0.001119588399015743,0.0007545334797297999,0.0008129811233208885,0.0,-0.0014084881202162335,-0.0029328749022385914
2018-04-16,0.000687249338107799,-0.00015993383800935517,0.00026644727510609736,0.00026644727510609736,-0.0008383023283024748,-0.0011284133879394045,0.0,0.004738114015175654,0.008221750321960375
2018-04-17,0.0012408790035439488,-7.65028734609114e-05,0.0007406701140967791,0.0007406701140967791,-0.002289263901738043,-0.001796237602043907,0.0,0.006653023873831865,0.010698504337320669
2018-04-18,0.0008432398878311907,0.002417597804554492,0.003537026843794012,0.003537026843794012,-0.004805465158545834,-0.0030327474484430146,0.0,-0.0011155350737917403,0.0007400947534004221
2018-04-19,-0.00255070394157414,-9.459654586069466e-05,0.00029205097001133425,0.00029205097001133425,0.0010620983355361599,-0.00031691832104803616,0.0,-0.004424346011778257,-0.005547598017083266
2018-04-20,-0.002766385309843318,-0.00030512543307361826,-0.00013868172122989653,-0.00013868172122989653,0.0019678746306640276,0.00029785214224604115,0.0,-0.0064221316121505275,-0.008479069895606317
2018-04-23,-0.0002488394038611702,0.00034121697599246575,0.00045997900411428856,0.00045997900411428856,0.0024627652199072977,0.0007537201896904606,0.0,-0.0004838737949931282,-0.00015051299086832337
2018-04-24,-0.0029987425903312682,-0.0008303386969070342,-0.001131447899428747,-0.001131447899428747,-0.0011528826187303814,0.000423692029224916,0.0,-0.008553455005180831,-0.013466835983553138
2018-04-25,-0.0009578269782363927,0.00020364083067647373,0.0007549162882763395,0.0007549162882763395,-0.002649605961809781,-0.00048300192646049235,0.0,0.0006146189339180984,0.0024714667830163517
2018-04-26,0.0018794423513861837,-0.0006733190054009328,-0.0006796983981824294,-0.0006796983981824294,0.002181413432371325,4.345243626610861e-05,0.0038006023968273133,0.0072467733144336854,0.010165989177020052
2018-04-27,0.00037293834716042775,-0.0006879639086467931,-0.0011641447666481605,-0.0011641447666481605,0.0021698533809842244,0.00042687073736397965,0.0018570622405898374,0.0012335190444700216,0.000938678060467435
2018-04-30,-0.0011064977949132096,-0.00041719313755203037,-0.0009501308058909821,-0.0009501308058909821,-0.0025534954820232545,0.0018071970750942554,-0.001211810874039796,-0.004181178748302661,-0.0076906561051414135
2018-05-01,-0.0018088827178216681,-0.001368201909738286,-0.0007729531284862265,-0.0007729531284862265,-0.0018213620127582758,-0.0006886197984366951,-0.0009128439456065708,0.0004396725185721094,0.0017770381305968197
2018-05-02,-0.001385489710115848,-0.0005441623958554194,-0.001014605367528411,-0.0003674776069357063,0.00015322032660275306,0.00022318068445692442,0.0002431692551301579,-0.003951581909709412,-0.0067175996825924456
2018-05-03,0.0010449915574952129,0.0002720366868209044,0.00044120161754935384,-0.0004395291568265801,0.00013664428160186309,0.0007120594349245259,0.0010863096224328344,-0.00029628500284626367,-0.0022037419083767995
2018-05-04,0.001821442024598925,0.0005228755521963274,0.0014424474880728227,0.0018650027029105739,0.0012268239135776516,-0.0017011389600281185,0.003948333748177504,0.007807025190322347,0.01294631883429731
2018-05-07,0.00024991939753564885,8.703787240779024e-05,0.0002540529667699013,0.0009027431591777712,0.00021367520261233425,-0.000688582063805012,-0.0004853690591040699,0.0018332987175524004,0.0033835117107068324
2018-05-08,0.00024671068197206576,0.0006211667148694589,0.0007355330539273456,0.0011455666976773402,-0.0002259131816708027,2.484342384098285e-05,0.0,-0.0006690313822905303,0.0
2018-05-09,0.0016453628574866117,0.0014320616857570177,0.0021015693008009147,0.0024881928677382963,-0.002952930772082675,-0.001996467589421733,0.0,0.004891776552635996,0.009665291960889721
2018-05-10,0.0019053031967306345,-0.0009468815230878006,8.160253246968906e-05,-0.00016489735388378632,-0.0002905874385499896,-0.00039742541039194425,0.0,0.0064405649653721305,0.00935083301552564
2018-05-11,-0.0002214149736288108,-0.0005904900885136313,-0.0004943325639715681,-0.0009186381946873193,0.0010863946291808106,0.00012160265004370499,0.0,0.0018701873735968099,0.0030511353949207454
2018-05-14,0.0011741044100538728,0.0018644585860376533,0.0018636398420581474,0.002175306186098775,-0.0006722409150529585,-0.00019365337335674096,0.0,-0.0005817969276844083,0.0004766161774141242
2018-05-15,-0.0012937343358317302,0.002535524861166012,0.0014645275212308395,0.0015922916618379595,0.0007370118191320314,-0.0008985446698934498,0.0,-0.006345847204487342,-0.00688696830959612
2018-05-16,0.001409654444460047,0.001058296874040923,0.0016465278510433344,0.002460214694552525,-0.0026022732319719495,-0.0014407385782129706,0.0,0.0016884534576584453,0.0042052298259567245
2018-05-17,-0.00021779341836478255,0.0004387020582918593,0.0003558770837328385,0.0007481010066971867,-0.0002255335992690703,-0.0001090789637368798,0.0,-0.0007460399616392221,-0.0008449766683932269
2018-05-18,-0.0014688657059700326,-0.0016285317444934319,-0.0024330781736811792,-0.0022579371185509783,0.001841283020376448,0.002390233708501522,0.0,5.465807332181169e-05,-0.002499524266845854
2018-05-21,0.0014203744922509573,0.0003916704021274534,0.0010168536396322088,0.0011792780594266322,-0.002083456721249924,-0.0013277793776191506,0.0,0.004788832416391963,0.007518000657933621
2018-05-22,-0.00044924869291510156,-0.00020544150185498102,-0.0003982231714028989,-0.0003175236073767257,-1.7795457912437923e-05,0.00012401517798613567,0.0,-0.0018269578425630817,-0.002780101864665041
2018-05-23,-0.001008909070389244,-0.0015031929732099028,-0.0022245574987234205,-0.0011858303254836462,0.0008666520703919287,0.0026164985220689255,0.0,0.0034764581029431696,0.0027510840466273834
2018-05-24,-0.0009443257556676415,-0.002003765236972712,-0.0022046587658829785,-0.0023199016941131915,0.003072533050148536,0.0017033832965647083,0.0,-0.0002017532029761071,-0.002048691215623677
2018-05-25,-0.003285064072310733,-0.0029735487554318303,-0.003777040141191428,-0.003149915101372017,0.002220758222456481,0.0023711490108850753,0.0,0.00014710521424117235,-0.0023822489076970044
2018-05-29,-0.004578849417630032,-0.004176900560799161,-0.00667264400408937,-0.006237612037179789,0.00170644201403429,0.005746865339685747,-0.0003188079687433022,-0.00258265106253821,-0.011501029949151698
2018-05-30,0.004346685998109989,0.0025977922023039447,0.004572278993236891,0.00370773941298457,0.005378865392145609,-0.0046089149652525935,0.0031526794163397975,0.006297747816191724,0.013344508884402195
2018-05-31,-0.001222820593335879,-0.0003896887064988458,-0.0007700636225811744,-0.0011588136140258604,-0.0014320630507284712,0.0009351307217076919,-0.0027441347000829335,-0.003870731094538282,-0.006126086674070663
2018-06-01,0.0007532124542097408,0.00010702867884094948,0.0009594334152103893,0.0018339193649084568,0.001519615838739551,-0.002528306941752785,0.0004031374443913362,0.004412908389555259,0.009817786694054531
2018-06-04,0.0020894287984313063,0.0006414459703691169,0.0007575877953417067,0.001317613930377428,0.0010278600785765517,-0.0016712308087082953,-0.0003939561453886624,0.0014380313177401848,0.00475138812310516
2018-06-05,-2.443381259558544e-05,0.0001048415134183228,-7.335747324513139e-05,-0.0003150592892212239,-3.481684121283497e-05,0.00029388161191774533,0.0012861115411081884,0.0014605268527545512,0.0007274775879659856
2018-06-06,0.003822102656237481,0.0020546541046151984,0.0029279756560576025,0.0020549990788948334,-0.0014414983784196637,-0.0030580159962127536,0.0010983516574707666,0.0034060905567060203,0.00836098039661115
2018-06-07,-0.002208766200203052,-0.0013789925272767753,-0.0023021010653541587,-0.001540950509562612,0.0013965316260796318,0.0014472138897221648,-0.0005223322797227637,0.0016308098456609302,-0.00010833787237396475
2018-06-08,0.000637857265709258,0.00036101606845584177,0.0004294684595830529,0.0006935358361943421,-0.00031453764585301835,-0.0008292155902128823,0.0,0.0012239905970144792,0.002956458934998185
2018-06-11,0.0008643783079875125,0.0006477024027572897,0.0005163261282467621,0.0007981305433683503,0.0006907090304558016,-0.0002645912546754308,0.0,0.00040479117401681636,0.0013300910160858326
2018-06-12,0.00018226197552417803,0.00040390154443252106,-0.0006363438182277978,0.001288012541791184,-0.0003147230630619562,-0.0007921931930872029,0.0,0.0005392874858477726,0.0012923412668399692
2018-06-13,-0.0008896031431169526,-0.0006163174134945199,0.0009716701723909121,-0.0012136451360660102,-0.00044502661329592983,0.00038770598751801085,0.0,-0.002387126899789438,-0.003190839776148424
2018-06-14,-0.0026103425822961834,-0.00046717379582005274,-0.004338520592787281,0.0005860062111885879,0.0008109568242036255,0.0028478297875985633,0.0,0.0027724196035582515,0.002517444217854603
2018-06-15,-0.002653936277899713,-0.0016491012088935778,-0.0024362660552794276,2.7629041956450632e-05,0.0050580591023763645,0.0027341592291282232,0.0,-0.00045094241603216284,-0.0012757156227403144
2018-06-18,0.0005144262394977261,0.0008837748634348071,0.0005174896166537639,0.0016232179679870457,-0.000988616794305905,-0.0011430732667070244,0.0,-0.0010376298133435212,-0.002056625195651751
2018-06-19,-0.0031909273129134778,-0.0017711008921947363,-0.002717787246540076,-0.001430660864107377,-0.0041941944631611015,0.002235339121630562,0.0,-0.0012397115181182583,-0.0038327663792886435
2018-06-20,0.0031594507261187605,0.0022753118884264057,0.0017618535930611961,0.003666563614157591,0.001605392737894893,-0.0033016554149563012,0.0,-0.00026839567324663536,0.0017061551012216292
2018-06-21,-0.002720673224069436,-0.002281038333334892,-0.0026407195177900124,-0.0021348137331552233,-0.0007210865963582885,0.0009570964702660216,0.0,-0.0027004576765861095,-0.006268748526580881
2018-06-22,0.0038371467777667274,0.0026812784284790067,0.0030179755665649703,0.0019635288789071215,0.005053266840607502,-0.0030263825411794582,0.0,0.0011718772984250503,0.0018226501054765532
2018-06-25,-0.004734571382740159,-0.004014440735421987,-0.003853159994801658,-0.003643793108443319,-0.0020467211312185716,0.002693330664249067,0.0,-0.007619153072437812,-0.013612668833206665
2018-06-26,0.000680957570912914,0.0018128292345150395,0.00038838453473173185,0.0028757799105380887,-0.00024337694819087153,-0.001001260564787576,0.0,0.0015239050572962488,0.0022142460129199737
2018-06-27,-0.004188740291679923,-0.0015426755444090151,-0.003243944128265181,-0.0006942295110597754,-0.004699541417984335,0.002939318817474006,-0.0022806943474519372,-0.003445341952444636,-0.008284220715082391
2018-06-28,0.0017930884534981767,0.001581664390835994,0.0016447757027778928,0.0016284383549570144,-0.00029228136635709996,-0.002222285735621013,0.0012263761422051955,0.0030409204170589454,0.005717264097751862
2018-06-29,0.002987754468405695,0.0011444290733014662,0.0033662965687014873,-0.00036692497243342363,0.0008937066687910076,-0.002918928201247282,0.0012357653911436854,0.0005516726840663288,0.001439608890558386
2018-07-02,-0.0022646072572737614,-0.0008189547545188745,-0.0019655208101550816,0.0009202276280693997,-0.00147072589067689,0.0014517074883772893,-0.0027397743036523476,0.001009070752813157,0.0021378856176561545
2018-07-03,-0.00293567426014412,-0.003020183605964481,-0.0021833928145898766,-0.0027471400958453797,0.0008568241343371462,0.0016706863023706591,0.0020499263489249086,-0.0011015387674401023,-0.0035311559118620384
2018-07-05,0.0020869550805419673,0.0008289115407099127,0.0018039964967334332,0.0003994129864463353,0.00014488515758004648,-0.0008994452391428475,0.0042906817636357685,0.004933758344540795,0.008158289572393063
2018-07-06,0.003164767281655941,0.0017922579243094582,0.0032011811830459686,0.0010744766310174997,-0.0006362841116299115,-0.002387991892775615,0.003952668768485662,0.005426331955549956,0.008458081650162486
2018-07-09,0.0031725854002226175,0.0010221114951467392,0.0026754434074179653,-0.0009039618279938616,0.002172526883655948,-0.0019206741843912443,-0.0005618648694649545,0.004388893482428901,0.009004312556234684
2018-07-10,0.0005456021655741439,0.000557336441622234,0.00042314634709071625,0.0007503402403606277,-5.81257245223087e-05,-0.0002021009123942381,0.0,0.0018464798828810914,0.0035987184298178487
2018-07-11,-0.004901578308146655,-0.001783808682854345,-0.006041471753495837,-0.00012836977367705876,0.0020326931586994194,0.005306537919920428,0.0,-0.0035673513096249774,-0.007314618311535015
2018-07-12,0.002852855909457501,0.0010673630630652574,0.0018282482452593543,-0.00016458546888940267,-0.0038301580402866596,-0.0016093714714826826,0.0,0.005283427007774399,0.00906591675939672
2018-07-13,0.0002538176195900102,0.0003138107263907814,0.0005245347450152246,0.00014409191741092406,0.00034939533851561675,0.0005585636552433841,0.0,0.0011364239458464542,0.0007874052664604836
2018-07-16,-0.0023273753064558538,-0.0020692545091576544,-0.0017789574064030263,-0.0022046341141347078,-0.0002982163397394856,0.0018914556279466756,0.0,-0.0011993420751196028,-0.0008941027313869032
2018-07-17,0.0031880894348163633,0.0027129366722508028,0.0020991574377854285,0.001982672341043888,-0.0023071386831742795,-0.0008426718751134683,0.0,0.0021929718511974894,0.004045232419631839
2018-07-18,0.0013442388120696884,0.0012808658390616508,0.0009493184170505807,0.000733352142555356,0.0006120440658413634,-0.0006995388359978061,0.0,0.0009494625535078072,0.0021035969578524494
2018-07-19,8.022787978156253e-05,0.0010590819134587287,-0.00024513204584564993,0.0023964816562737205,-0.0011635851599365583,0.0011885409627418757,0.0,-0.0011678378599180971,-0.003771278169154013
2018-07-20,0.0002660240461538635,-0.0014765803355623994,0.0019375379753556305,-0.003397401447270043,0.004087667883429209,-0.0023157032171985865,0.0,-0.0020896052078340334,-0.0011428124042693888
2018-07-23,0.0029400456727786176,0.002428975906355962,0.0026713536888604878,0.0018596699469709773,0.0006545867362131956,-0.0019760858090304262,0.0,-0.0008411099586576045,0.00185898689650843
2018-07-24,0.00029831045580046365,-0.0007561960020932299,-0.00035285674338223177,-0.0017817458615569158,-0.0014004196317087504,0.000479635150010262,0.0,0.0032949132922965862,0.00503254878935544
2018-07-25,0.003007084272141493,0.0009024993315143224,0.0035938496994617794,-5.3170230886684616e-05,-0.002163988385429286,-0.0031984187817146502,0.0,0.0048380774289983105,0.008522119978705334
2018-07-26,0.0011401143692370205,0.0018427087280104733,-0.0004342797025143508,0.002360832694735687,-0.0006805548066788999,0.0009399532936187823,0.0,-0.0018481467289997555,-0.002359121999078284
2018-07-27,-0.003939018870556825,-0.0036736548061459037,-0.0035754466751902595,-0.004160885725969025,0.002950827649985533,0.0033566251941634204,-0.003162082989663326,-0.003435898399883252,-0.006776290270908647
2018-07-30,-0.0004098084057012387,-0.0006200226827100064,0.0003095843577315763,-0.0008329665306908349,0.0006981336006388066,-0.00038663380340374847,-0.0019309416107429948,-0.003644826932985201,-0.005223357267826301
2018-07-31,0.0010159372721110227,0.0002111213867106604,4.325920033859275e-06,0.000598766980127143,0.002488120754582745,-6.979194516888493e-06,0.0037613392063601545,0.003508531217336008,0.004929247112447355
2018-08-01,0.0012644535382592807,0.001310389571484679,0.0007537921682129495,0.0012986190332148534,0.001455441020210213,-0.0006668937536512779,-0.003291148200955934,-0.0019475502929872323,-0.001670676117822012
2018-08-02,0.001966861705083564,0.0029946827647987133,0.0021088665890486567,0.003592566092744101,0.0018042872635021924,0.00038502746644804954,0.0016183804041175918,0.0037423364916704394,0.005447619996688857
2018-08-03,-0.00018048871880444096,-0.00013926381240551004,-0.001653162963070646,-0.0008515832190873684,0.000873905553298122,0.000770158455234716,0.0030232675266887235,0.0035960784763961143,0.004285207912685385
2018-08-06,0.0013532658250095435,0.002139827219057136,0.0010103554310647446,0.0024671292916182514,0.0010216553259606335,0.0006763768150165562,0.0003488496842306751,0.0023965204331426906,0.003666764687705104
2018-08-07,0.002446612516524095,0.00019353852782657896,0.0025321956070004327,0.0007006844706760576,0.001441573466036461,-0.0022797055921201315,-0.000557253919008259,0.0011559944628489304,0.0033022543607741373
2018-08-08,-0.002391810839442944,-0.0015641441320822448,-0.0015650410998835317,-0.002180124577258549,-0.0003514468305183232,0.0014664756443050152,0.0,0.00010271271177020319,-0.0004199624272730462
2018-08-09,-0.0008729717520029493,0.0004224513902022426,-0.0007435451350714112,-0.0002887975694242607,-0.002228598652458779,0.0016658845899260102,0.0,0.00028226654655612044,-0.0013657682875268806
2018-08-10,-0.003557729645105798,-1.7062471554186304e-05,-0.002206277042133569,0.0005243866109327384,-0.002430117228185015,0.004346036208788954,0.0,-0.0022934255213164167,-0.006700582898840901
2018-08-13,0.0003852200403125545,0.0016879744687382083,0.000798513560318542,0.0020951093749748614,-0.002383340022568913,0.0009290719699659338,0.0,-0.002363424312809048,-0.003743309161256647
2018-08-14,0.0024200935798107887,0.0019378848857842888,0.0013855702204778404,0.001965056958279373,0.002058574842096697,-0.000590205024732858,0.0,0.003437507113894433,0.0063805043457563215
2018-08-15,-0.0031697202445958115,0.0013668159599403143,-0.0035951717148829266,0.0008163387772058587,-0.009213367133835103,0.005473417355127608,0.0,-0.003502265154606831,-0.007467286572032883
2018-08-16,0.0023745112434603215,0.0011100802262582268,0.0010926581097373347,0.001034318460352043,0.004131552976990864,-0.0023438317547815647,0.0,0.00473779995184742,0.008091354866772926
2018-08-17,0.00020810355185479977,-0.0008963700238123984,-0.0011741416618244456,-0.0013271415345849156,0.004096625691446306,-0.0014868922123852588,0.0,0.0022683975805837696,0.003520677923282367
2018-08-20,-0.0006610741734960286,-0.0006660054444968524,-0.0008677157581999198,-0.001670434810203302,0.0010752962597043525,0.0008520082534047943,0.0,0.0025325780627478258,0.0021395536229367185
2018-08-21,0.001797898595905497,7.4017649899133e-05,0.002098042786306639,6.393681122364393e-05,-0.00042833623812388213,-0.0024078009861974218,0.0,0.0008625808064984586,0.002345413527166551
2018-08-22,0.00097941344555019,-0.00023132900811942403,0.0015383241393130854,-0.0001050443668700711,0.0011213683597211858,-0.001519113293655113,0.0,0.00038407102796842455,-0.0005934528071400713
2018-08-23,0.000443159500469291,0.00204632310362316,0.0007669294761035832,0.002562191232800006,-0.00073722536171147,0.002246120127357832,0.0,-0.0008356546338547321,-0.0013278110653973663
2018-08-24,0.0001963150833634255,-0.0013961526389307138,-0.0009526196917693823,-0.0019490385567014412,0.0011966153695661596,-0.0016874368247821563,0.0,0.0037275423485750637,0.006018130676238798
2018-08-27,0.0025879510125652646,-3.971965903721338e-06,0.0029122259769019023,-0.00014759709646472528,0.001034853118428174,-0.00264388007799185,0.0,0.003843118651305888,0.007895269545891814
2018-08-28,0.002760587919062978,0.0024885982319347516,0.0013220455374507905,0.0031491177474761494,0.00015953630521334662,-0.0018266100535228695,0.0,-0.0006063639196824955,0.00048304311692115576
2018-08-29,0.0019657996257979,0.0005277221896449766,0.0020925597182367317,0.0008275623312728534,-0.003169292993466361,-0.0018615724218889592,0.002180202580945336,0.0031114432495176645,0.005380934751351152
2018-08-30,-0.001902882456690045,0.0006388332442939444,-0.0009436778828944666,0.001270428936120442,0.0030682603348548784,0.002380219544181998,-0.002581217177324304,-0.0016872275784992619,-0.004048749603556501
2018-08-31,0.0014679299428044844,0.0015778269440788555,0.0006708225040651719,0.0020415368401239965,0.0003992299704775075,0.00017635301447872412,0.00028623761259462244,9.902291730661261e-05,3.467027617487517e-05
2018-09-04,-0.0003256742264102326,0.001095122062669739,0.001608792502689783,0.002211217308579187,0.0025659990305664684,0.002759774113467483,-0.005193977605340608,-0.0019473571572690808,-0.0017222931170489675
2018-09-05,-0.0016694767844943703,-0.0014158038111259828,-0.001447762599410768,-0.001251634391726358,0.00047985834017272793,0.0008847899314067666,-0.002599587758099125,-0.0016540141903187199,-0.0026913698476663805
2018-09-06,-0.0026252637067521434,-0.0008158517561687248,-0.0028430215917685333,-0.0010760427738856536,0.00282503736685889,0.002482118209490746,-0.0005699521180950256,-0.000983645714120973,-0.0030098301121823656
2018-09-07,0.0009378056279391077,-0.001246213745832889,0.001217479536918491,-0.0008018375426142072,-0.003444709508146636,-0.0006620754966174557,-0.0035182792323483238,-0.00296352178734034,-0.0019435131212554024
2018-09-10,0.0006868545297166957,0.0013227211067557045,0.00015792675724999642,0.0007706767668123511,0.0010890271031593146,0.00047744481897135855,-0.0005550777344817431,0.0012784329644214497,0.0017384018603834317
2018-09-11,0.003444201492007573,0.0010078425874431463,0.003382093640643564,0.0010344502798480377,0.00015710383884615195,-0.0026458540098809064,0.0,0.00052729384575132,0.0032977700032741364
2018-09-12,-0.0011528950424395865,-0.0007609565817979832,-0.0017737029512296235,-0.0009252364784689663,0.0029896047287737764,9.955604214670761e-05,0.0,0.0006176800570364182,0.00024219111048906505
2018-09-13,0.00029223967035075534,0.0005864415009004765,-0.00020353325272196097,-0.00034179391983514345,0.0019420542830012265,-0.00011747372165586266,0.0,0.0035094312575237206,0.005914601154117127
2018-09-14,0.0017182220425828937,0.0005911600387817689,0.0014709389672449634,0.0002041285972216816,-0.002352655412486808,3.5777920365243185e-05,0.0,-0.0006441473448784319,0.0001716131469893245
2018-09-17,-0.0024982557207373383,-0.0026170069849608007,-0.0023129070405834198,-0.0025517483918284004,-0.0010217165659011432,0.0006134083714217628,0.0,-0.0030977139412002416,-0.0052940918565285155
2018-09-18,0.0041721071793983855,0.00019770654841321715,0.0042029633694612226,-5.635009166532912e-07,-0.0022608005404348617,-0.0036284932622612526,0.0,0.0016012148656468824,0.005426147792450431
2018-09-19,-0.0003124171406791173,-0.0021093148765901995,0.0001823067608978557,-0.002226327046201613,-0.0012669158030513758,-0.0015596424625648178,0.0,-3.310134398475388e-05,0.0010655336993250497
2018-09-20,0.0007951086408456931,0.000905579875600638,0.00042320550613581356,0.0001719149067798512,-0.0018500232560915808,-0.0016100856579944283,0.0,0.004901612284473611,0.008103426542760861
2018-09-21,0.00035689494157806775,0.0003249111891506185,0.0002951468202599285,0.000336065126579948,-1.4054534803134718e-05,-5.1323990828718155e-05,0.0,-0.00038959430440010934,-0.0009133111668404581
2018-09-24,0.0005131839569811566,-0.0005233623320968756,0.0006369384105965813,0.0003061304030338092,0.0018736316157396706,-0.00023362398053504993,0.0,-0.0024284894110156775,-0.0033216676590774874
2018-09-25,-2.5802497651207957e-05,-0.0008044458442432129,0.00019083248189053308,-0.0010571175731481643,-0.0018617643269454825,-0.0014426778191710978,0.0,-0.0009534221862543379,-0.000928275862882133
2018-09-26,-0.0027070372562523694,-0.0004046095310145188,-0.0029859482407751056,-0.0006529392612371715,0.002205669725705147,0.00294966240379048,-0.0014928607834362262,-0.00048557149452641544,-0.0029919364527425385
2018-09-27,0.002682010160702652,0.003055994967437401,0.0021873976685995626,0.003041745761723652,-4.860283938216286e-05,-0.00011472169120780923,0.002013825926149829,0.0016764736171134497,0.002794122695189083
2018-09-28,0.0008863537434490407,0.0009007326962695327,0.0007010586221788801,0.0015190908146669143,-5.405424685497802e-05,-0.0014485620159858127,0.0027457226776677565,0.00025949961673470416,0.00010293099550917617
2018-10-01,0.002695678827088495,0.00041820001203513057,0.001924181728384366,0.0005932553697502782,-0.002190457434358181,-0.00043269080165387426,-0.00025644233886160247,0.001070433800054893,0.003474271728981293
2018-10-02,-0.0031143338709298685,-0.003654493801150143,-0.0030476937535371474,-0.0026962755791471995,-0.0008893179770749417,0.003050875346699888,0.0005333472310673133,0.0006832765187614555,-0.000582450982433147
2018-10-03,0.004653174744975473,0.004063849639702777,0.005869847189498321,0.004872609160219225,-0.0007035253587534295,-0.003859460481618348,-0.003072864119042622,-0.002642258912673645,0.0005486609413076771
2018-10-04,-0.00295990578945108,-0.003844534593648706,-0.0020049897700678628,-0.0015127100734099634,0.0026837565565126895,0.0027762851057301745,-0.008079013074956072,-0.005726720074537117,-0.007815483773681797
2018-10-05,-0.0017739994794514348,-0.0021204425815224046,-0.0017156516007072239,-0.001032618387179321,0.0014694136230799463,-0.0007253724339123333,-0.0005763814835555892,-0.004318683906877929,-0.005597213983005611
2018-10-08,0.0014493309195042522,0.0014149689477446846,-0.0002001906430266456,0.0020460531472970235,0.0006341980834555491,-0.0006304926696849134,0.0,0.0001603337599060062,0.0
2018-10-09,-0.0009635360279824994,-0.0008655668282085223,-0.0011218395549245517,-0.0006449983275902267,0.0011718304685932478,0.0012661795310986571,0.0,-0.0001136523558487256,-0.0014591584651219014
2018-10-10,-0.010768821508578361,-0.011676992931039222,-0.009073170497540434,-0.008138845353339978,-0.013977964237683993,0.005097718437444952,0.0,-0.01879817962732606,-0.03166366685890665
2018-10-11,-0.012823324801479997,-0.01279521248477304,-0.009555962175691025,-0.01109593729012497,-0.003405228704762634,0.00696514429664392,0.0,-0.011575670712355568,-0.022026037390180053
2018-10-12,0.004265141075397292,0.004996004118715063,0.004565446138796988,0.0038174343007279904,0.004691027196166577,-0.0019779200164834645,0.0,0.00785506857816749,0.01388836884094613
2018-10-15,-0.0010355034633366025,-0.0014193931191969977,-0.0018033220194050442,-0.0007445595445914454,-0.00043300807746462675,-0.00034811350490483663,0.0,-0.0031309690622830285,-0.005617235647850549
2018-10-16,0.007520812046407003,0.00830455417443234,0.005172815931866973,0.005401820069940462,0.006866168440809105,-0.004017014806831017,0.0,0.013079609142677029,0.02186590297536606
2018-10-17,0.0005458610550959636,-8.051194786856642e-05,0.000985500030034156,0.001253047196097104,-0.0003474062365602795,0.0012810598915599272,0.0,-0.0010492410619117988,0.00017829589507045718
2018-10-18,-0.005370271699425402,-0.006013129615208003,-0.005149594826431658,-0.0033710924667555405,-0.006060883079260855,0.004613109880259073,0.0,-0.007944713704961325,-0.01444080004247994
2018-10-19,0.0004397513889326535,0.0005880981629278711,-0.000547801064198047,-0.00026362969266269525,0.0012168427764950177,-0.0017630367485770612,0.0,-0.0008045720854423343,-0.0005426903924310444
2018-10-22,-0.0005855155557980962,-0.0004024510208866834,0.0010072502990668968,-4.1515544428879256e-05,0.000392872032235526,0.0002102839221685399,0.0,-0.0026130602619528487,-0.0044888959771532955
2018-10-23,-0.005514979293833037,-0.005689476302837834,-0.006018855635520247,-0.004344174074029499,-0.0019511012332515147,0.003865887185999688,0.0,-0.0020160912129780547,-0.005090753876629495
2018-10-24,-0.010087250708407625,-0.010783231461474294,-0.011164276825026674,-0.0065806412608605865,0.000591459778337395,0.006686082027579264,0.0,-0.016027741342316503,-0.03029862769598235
2018-10-25,0.008204605171370739,0.008594423489203867,0.006742949380703483,0.006643504338106701,-0.0024477769114504416,-0.004692836771505929,0.0,0.009813562575000169,0.017940784057683068
2018-10-26,-0.007372513109033702,-0.007542517261237835,-0.004630472357143906,-0.0065315973025019776,0.004620763086089669,0.0025846722705854114,0.0,-0.008764954956243276,-0.017587550734174506
2018-10-29,-0.000348866854819038,-0.0008491474371542997,-0.0017979732618892406,-6.165316395681823e-06,-0.002006364434976222,0.002171768124511657,-0.003662481923576255,-0.003363944446516864,-0.005540296960227398
2018-10-30,0.006276208288050609,0.006606134382695084,0.004713845830213848,0.004780315781835707,0.002762118694752362,-0.0033218347513317057,0.003093473144507304,0.008021218474407642,0.014818570161397204
2018-10-31,0.0028758576948046174,0.002953044767691937,0.004215414930765377,0.0019570866315574446,0.002318695163909522,-0.0005511505616802444,-0.0017400574167924427,0.005417752994790792,0.010681176312066887
2018-11-01,-0.0007657901224676772,0.0003098753414046532,-0.001305053495868094,-0.0023518758767493474,0.0036166371526259113,-0.00254964581509787,0.005068666042618746,0.006727177292434439,0.010641198521912143
2018-11-02,0.0012554361360866653,0.001312530683952298,0.0005438665181967226,0.0015920126883910853,0.0015241524205114204,-0.0013752029089378632,-0.0030736236107694113,-0.005781606544433937,-0.005922524618744984
2018-11-05,-0.0007680816816106789,-0.00046338068458417814,0.0005123877713082949,0.00017498964342340507,-0.0010727490090191587,-6.755528054396633e-05,0.0010775726808450352,0.0035500696907970752,0.005516859900948967
2018-11-06,0.00038631878478413077,0.00015766788822210509,0.000821382458148224,0.0007732996421116624,-0.0024840530210524497,-0.0007876404500652324,0.00022694674618730423,0.0033567150405242607,0.006327756751775437
2018-11-07,0.0005895935762038148,-0.0011626239952152186,0.0016177240016097157,-0.000932711814435269,-0.005214234029850326,-0.0031592728771785723,-0.0005020949093914664,0.01284536960403253,0.021408949340054217
2018-11-08,0.0014000833657792028,0.002718930514523852,0.0014642423424043633,0.0033244777436064223,0.001692054375381274,0.0016288621991673146,0.0,-0.0016493248013922822,-0.0018147434165640686
2018-11-09,-0.0020259588685701576,0.0008703000852472505,-0.0020366048865876492,0.0018851732323401987,0.005153294818544106,0.0028662795848973673,0.0,-0.0042975429564745754,-0.00976821790529847
2018-11-12,-0.0018119360940398671,0.0015603216929763555,-0.0016409443968806933,0.0027119881285450655,0.006647276007591558,0.00500276122101709,0.0,-0.010012914866160426,-0.01868503681280731
2018-11-13,-0.004188140564659129,0.00024263296449828013,-0.004273499793591245,0.0022350970572312533,-0.003383225927366472,-0.0005819299393943412,0.0,-0.0008045049702651851,-0.0018714389661136366
2018-11-14,-0.0013691957156743654,-0.0014672727579241457,-0.001582718037611321,-0.0024759019910053784,0.0017616981394609071,-3.3128648006170856e-05,0.0,-0.0032664913146748685,-0.006836509242183486
2018-11-15,0.001012423908993023,-0.0004160175224263582,0.00042366348015410193,-0.0015478445425574747,0.0028667495060869146,-0.002418566920570504,0.0,0.006539745845334188,0.01043634371949409
2018-11-16,-0.00309080351691859,-0.0028458288785788025,-0.002163894405618906,-0.0035886060849166955,0.0004693679268023349,-0.0005862781892282899,0.0,0.002790448529120493,0.002600817006432443
2018-11-19,-0.00247497691183946,-0.00012738572475316925,-0.002357700646760475,0.00037919472704730416,-0.0035106622871969926,0.0027889380897563164,0.0,-0.009555435468270045,-0.016914481609948018
2018-11-20,-0.0028876209239788887,0.0034618528081317382,-0.003771423626962499,0.006182781119275492,-0.003546645116792163,0.004541594229801991,0.0,-0.011182991462726454,-0.018506366058078094
2018-11-21,0.0006495784569224657,-0.001934173448440187,0.0007248838986903839,-0.002649158862933651,0.0009892483908359299,-0.0017033898997991872,0.0,0.0019657373902410846,0.0034076642825791037
2018-11-23,-0.003068987418588279,0.0017232527189342942,-0.003240966163777119,0.0035068665870422924,-0.002634912751182579,0.0016297701435929038,0.0,-0.0037702993932237083,-0.006678699507980945
2018-11-26,0.0025007727921367347,-0.00014183294472885135,0.0026622940419321504,-0.000763266916135742,0.0024319986696273894,-0.0024172503501288965,0.0,0.00937051396669264,0.016143962963508507
2018-11-27,0.00040869590018412374,0.0008688450592498342,0.00077426454195661,0.00142679041466383,-0.0009684439973578712,-0.0001294320261194708,0.0,0.0024139966958447888,0.0033648639678187653
2018-11-28,0.0002596336219025093,-0.0013329488896394815,0.0010303997453903044,-0.0011495354287072664,0.006213428590293533,-0.0037380823484592937,0.0042612699681230356,0.0137756044942674,0.023025049764516137
2018-11-29,0.00041992979959815254,-0.0001452935629133094,0.0004411294461776514,-0.0008634984948685235,-0.0010700767618889687,0.0008373659078718242,0.00029414905775284017,-0.00028421921330117343,-0.002184775961740937
2018-11-30,5.7577271716775335e-05,0.0007251201189724318,0.0008743851259471338,0.0010744157103933774,-0.001271245808006962,0.00011109444446744842,0.0004920939967083584,0.004444708131024511,0.006095336831560827
2018-12-03,0.0012649764574162443,-0.0031334718270578663,0.0017273528547904196,-0.005133213423941095,0.00520299980264163,-0.0008530118706420879,0.007971951417573378,0.008818950598519136,0.013241188640397805
2018-12-04,-0.006251089528134277,-0.00037591951092459414,-0.005395702311818429,-0.002321032378618402,0.00367426085467126,0.007632839945865172,-0.004259798165340429,-0.017594617305987235,-0.03240234053828295
2018-12-06,0.0010807162576699616,0.0017345078469537872,0.0009401025122565819,0.0018998205790009034,-0.0001495010276516358,0.0007247603085061706,0.00014226581477878592,0.00010681326953854175,-0.0015171398137217018
2018-12-07,-0.004839403284876367,-0.0008666996580442357,-0.0034664097084841543,-0.002654633984490222,0.0021710767464616027,0.004091874299050959,-0.001972716937015848,-0.012770944808545058,-0.02323584822106073
2018-12-10,0.0024145718734401534,0.0018685672775391824,0.0013344129498501034,0.0027597393113139553,0.0007266928322286994,0.003104544505537689,-0.00047696481561175486,0.0013715105353139022,0.0018968726434329675
2018-12-11,-0.00013001934547977656,-0.000873444484260176,-9.447903218860238e-05,-0.0007360867684546778,-0.000439884184535018,-0.0006090765285668968,0.0,-0.0008746090463886969,0.00022726392683480867
2018-12-12,-0.0008422449081933734,-0.0020250299928927773,-0.002022541164484962,-0.002190622422342563,0.002188790639378775,-0.0007260541119177082,0.0,0.0019300021131400502,0.005035499809227462
2018-12-13,-0.0012416181683601812,-0.0007408299050636161,0.0002893873461819091,-0.0001650069656998611,-0.0014005420970261623,-0.00035595323269737244,0.0,3.112250175445476e-05,-0.00033911084193660734
2018-12-14,0.0007076825189257472,0.002743409331779987,-0.00020244745152576314,0.002107895217397942,-0.0019171050870789032,0.0035718850486750895,0.0,-0.01045379034514935,-0.018464632776835743
2018-12-17,-0.00476207553655028,-0.0009817528699694368,-0.005286193831726651,-0.002534299570937131,-0.004960471421400206,0.005858335180758028,0.0,-0.010601162413172526,-0.01961860409787486
2018-12-18,0.0006756612004804655,0.001248874956245852,-0.0010756506044906288,0.0014136288346581311,-0.0026497938000751664,0.0023746138864245577,0.0,0.0003281361350290225,-0.0010964035625086188
2018-12-19,-0.0039006636867493978,-0.0007957317614508289,-0.002071847009997253,-0.0016139464362539744,-0.002739454305250776,0.0022059312473319366,0.0,-0.0075861879129478504,-0.014975787606491209
2018-12-20,-0.004004942491165564,-0.0008441167298763147,-0.005482391479767467,-0.0032684019483464207,-0.005039652912825103,0.0016961817094579114,0.0,-0.010270263722639238,-0.01627802584638638
2018-12-21,-0.0005220884667698852,0.0022721118694507153,-0.0008779549547130136,0.0013975744850024483,-0.003647182656683774,0.00401947401089364,0.0,-0.011944742347269388,-0.02048956502883237
2018-12-24,-0.005081614874252953,-0.0008655400129185284,-0.00552582482417676,-0.0031490301170453033,-0.006506767214019568,0.005592777495577702,0.0,-0.014846332843617494,-0.026422875996700568
2018-12-26,0.0064924274133212456,-0.0008525010394378115,0.007733890640136316,0.002105315103573034,0.011588985427135193,-0.00829151377031776,0.0,0.028420941027318,0.050524897129945234
2018-12-27,-0.0007497947833845495,4.608197854096398e-05,-0.0011551692687662997,-0.0003475747365133319,-0.002331682791976421,0.001193569536670071,0.00012933713211557747,0.005616309405530817,0.00767742283257089
2018-12-28,-0.002614428066350678,-0.001337329409590537,-0.0015249097774690478,-0.0013545842336109926,-0.0013569496457887858,0.00235215108543473,0.00252505785031029,0.0013955138842704385,-0.0012899104729248156
2018-12-31,-0.0011300227748040424,-0.0010227450945280556,0.0003920485015764471,-0.0006370570150251327,8.274835227069574e-05,0.00022533212944430577,0.0023495043086830354,0.006757980756908699,0.0087586924096128
2019-01-02,-0.0016159108662420082,-0.001383888092489861,-0.0003028121331890923,-0.0014219015258802046,-0.0004738630281438063,0.0021447593476010374,0.0019547258108883235,0.0014686511023744853,0.001040260156493611
2019-01-03,-0.0014804365917334078,0.001859562592737122,0.00036333185281366945,0.0038952782804494643,-0.0013417397316802288,0.004481178352136917,0.0007337039473601937,-0.01113822907381594,-0.023862803809223565
2019-01-04,-0.0055440196476362665,-0.008686119792367553,-0.0036319643841680855,-0.010414297308100407,-0.0040446317986948905,-0.007296509614497318,0.00470884887867394,0.016867202700544714,0.033495882126724386
2019-01-07,-0.0029911056448035105,-0.0034068470560464814,-0.0007096576862868091,-0.0037809530790630266,-0.0021787152504578744,-0.001977231794440896,0.0016122071901746005,0.0036197064832621086,0.007884617022170914
2019-01-08,-0.002733209425271549,-0.003287568598103698,-0.001195390991935375,-0.0031573040853629776,-0.0023281338685481774,-0.0019515650688320388,-0.0004303057029650529,0.004638270612503481,0.009395261312808767
2019-01-09,-0.004810431884224391,-0.004143927503719269,-0.002682717574661671,-0.002943953840021987,-0.005135625080613857,-0.002722048032113589,0.0,0.0030351070129691405,0.004673602149212419
2019-01-10,0.0011018195187633998,-0.000721265247262448,-0.000469258715133289,-0.0025855116071545107,0.0011738677856500644,-0.0018543105121581202,0.0,0.0019239001000649568,0.0035274933559481525
2019-01-11,0.0006251344470639401,0.001495083081344538,0.001379369003590808,0.002341826431824349,-9.43471210556682e-05,0.0017458675753857424,0.0,0.001426057551417692,0.00038656149628746306
2019-01-14,0.0020195964167664974,0.001937500712602542,0.0001366738207529564,0.0015425000196880524,0.002407566186380392,0.000944635628563399,0.0,-0.0038910108606561742,-0.0061010568802993825
2019-01-15,-0.001147030106063094,-0.0022711207111324886,-0.0005260325736012462,-0.0029172666420517225,-0.003698107546333555,-0.002295150925509571,0.0,0.006492049220208873,0.011460483742336436
2019-01-16,-0.0019376481165170292,-0.0013364554798170401,-0.00040854088729689296,-0.0006404329971842895,-0.0017854009714650318,-0.00035265349419585625,0.0,0.0012211374704361954,0.0024200739760775747
2019-01-17,-0.001186022359965544,-0.001461982734035798,0.00013850970751244467,-0.0014635926392243502,-0.0015418154697864168,-0.0009552579684332185,0.0,0.0038209602606230847,0.007586669265270629
2019-01-18,-0.0008154185552276354,-0.0027052216446384956,-0.0011120247203374024,-0.0039814505653734,-0.0033091031978842653,-0.003452326732064991,0.0,0.006713946964748318,0.013310131506281575
2019-01-22,0.002100140726257481,0.003811523679564649,0.002096178674654585,0.004990259378427216,0.0034483792576041564,0.003759260604335384,0.0,-0.006714108515281202,-0.013510607837163957
2019-01-23,-0.0010789530559113688,-0.001036894507321161,-0.000166709191168011,-0.000525211888100589,-0.0008465773399208092,-0.00014902917254436832,0.0,0.0010626324983729952,0.0020922422993474576
2019-01-24,-0.0003086232660012314,0.00011778541371757661,0.001411588311824359,0.0005581191096694849,-0.0014213048192370675,0.0007568692107382249,0.0,0.0015912367834531426,0.0005313740571606385
2019-01-25,-0.005178633170172206,-0.003809189591807192,-0.00275393874029514,-0.0018175336061491626,-0.00010105624463666095,-0.0013541827900133356,0.0,0.004154681693974282,0.008461614731501754
2019-01-28,0.0012024926758021123,0.0018344133802015643,0.0007774696162332551,0.002273072135740405,0.0021262966271192933,0.0019869186069672194,0.0,-0.004444900624896197,-0.007600278014341155
2019-01-29,-0.0019976916736163877,-0.00038013991670926393,-5.756305904196793e-05,0.0010392572634992936,-0.002304921967703379,0.0009290660318621853,0.0020583176812041925,0.0003592622743691542,-0.0013270602398431919
2019-01-30,-0.0045287336924952175,-0.004084294545578717,-0.0002846280699292042,-0.002634412861863421,-0.00025759067568096905,-0.0011568334138922505,0.005174062493763491,0.010420497387546135,0.01583126885727104
2019-01-31,-0.0014897958137056033,-0.00045111294776188215,0.0027052024079678148,0.0011671584856983814,-0.0018832311033411746,0.0016267263706311978,0.003818913985776371,0.007108176938035671,0.008781980312432713
2019-02-01,0.00019500285780643014,-0.0009230272548066275,-0.0017057690124001143,-0.002238412961560475,0.0030749000147232406,-0.002328418313836945,-0.001930789586650906,-0.0018511490351455606,0.0004817623199309118
2019-02-04,-0.0008527930848519417,-0.001175885627536555,0.0003365310762438686,-0.0014762137641810248,0.0022070408726538116,-0.001957676455459721,0.0002827492821189419,0.0033374898761497464,0.0070354967565862125
2019-02-05,0.0010876775188401072,0.0018281779198520997,0.0017152294590996545,0.0022847065286634503,-0.0027324376614776603,0.001027309364723667,0.0027074864281539514,0.0032082972556365607,0.004191856786965209
2019-02-06,0.0018027436995385491,-0.0004649649027602727,0.0015967220299360106,-0.0013116604208321338,0.0022245859340448873,-1.0574147455418763e-05,-0.001826599722023632,-0.00048322821375734726,-0.0013181494343638134
2019-02-07,0.00304216006857715,0.002576136078614232,0.0019061666136581993,0.00337651030258209,0.0008976591669699064,0.00343134435534601,-0.0004448046814392869,-0.004413793476172434,-0.00953290867567158
2019-02-08,0.0006018190872864691,0.0010204227886970174,0.0007578492680159793,0.0012252514130115181,-0.0011794114896863139,0.0015785889663946324,0.0,0.0012690575287761963,0.001221401268769684
2019-02-11,0.0006883150576084613,-0.000657009892351712,0.0006791368688475971,-0.0009879555161729737,0.0016466128759552372,-0.0009697306310808728,0.0,-0.00027905630370952397,0.0005548376412500833
2019-02-12,-0.002766101264420729,-0.0013169290088041003,-0.0013785807510030461,-0.0018546538861777717,0.0025022087869973567,-0.0019401149963006944,0.0,0.007179259228215562,0.012859006627446323
2019-02-13,-2.0528447695132936e-05,-0.0014784101119710519,0.00019795833036418233,-0.0019817294816364627,-0.00043468598510985727,-0.0018944841541195683,0.0,0.0009510640352288656,0.0032468546717654423
2019-02-14,0.00022136925336489904,0.0011646650184283923,0.00014641485525750675,0.001600434998341927,-0.000289202526649825,0.0012601371903041589,0.0,0.0005530250039954554,-0.0022178552107005034
2019-02-15,-0.0029412673451825336,-0.0008223674212635644,-0.0021276103098324156,-0.0009989488957928448,0.0026663706870548058,-0.0013764299861813648,0.0,0.006155669234681582,0.010897216644952357
2019-02-19,-0.00244176884598638,0.000585147922244156,-0.002255582966051799,0.0016975026720858213,0.0024685940790149523,0.0012243246595041574,0.0,0.001727611918356775,0.0017303531917876036
2019-02-20,-0.0012415070213572567,-0.0010339647889835313,-0.0011324198930273966,-0.0008413000396741139,-0.0007493762055520744,-0.0007636696856194012,0.0,0.0011330131188469039,0.002015892635024441
2019-02-21,0.0005714196727851158,-0.0018838186095559335,0.00020650698710174395,-0.0028326281512384595,0.0036502291805870874,-0.0027663895021622456,0.0,-0.0033187832499951943,-0.003555666704814664
2019-02-22,-0.00010684528828301637,0.001351014627770356,0.0005739090249397043,0.0019115590776347757,-0.0038488527304929234,0.0008137956141323941,0.0,0.004908573535582005,0.006199445056519037
2019-02-25,-9.039958276184671e-05,3.445402675576527e-05,0.00014693856316365514,0.00012654648394430613,0.0012827652888541918,-2.5315919722060376e-05,0.0,0.00020512070647202838,0.0013615485895090984
2019-02-26,0.0001866519869994696,0.0008575685343844228,0.00019036507803585183,0.00048723790904380134,-0.0005867736889529671,0.0009152845012400943,0.0005101468303674185,0.0007579392834602407,-0.0007156076736916095
2019-02-27,-0.000763711187840592,-0.0026616202139460015,-0.0008161181847330894,-0.0036077572053496627,0.0016367904390673683,-0.0027302408574112636,-0.002771465700777824,-0.0016705513652657267,-0.0004295377358121133
2019-02-28,0.000825313984332117,-0.0007040697225042779,0.000617255049674144,-0.0016341967015870156,0.0016887628814629264,-0.0010028347527006281,-0.0022412040499295263,-0.002152385981767124,-0.0018627613293901168
2019-03-01,0.0017862515758922312,-0.0017182297596360315,0.0024490344304077217,-0.003581536273011678,0.0004971552161233952,-0.0034410037923683938,-0.003413857222717137,0.0024336738457241044,0.00624364259041954
2019-03-04,0.0010317512008618428,0.0006124433323656689,0.0003487218268506141,0.0003720133861559757,0.0018967905800134578,0.0008806125084626973,0.0009433203411356439,-0.0009465616335733837,-0.003637175613551258
2019-03-05,-0.00042851136468892036,0.0003426587182609197,-0.0005206219607159045,0.0005540883343947811,0.00012993414350937176,0.00019399775305903956,0.0013843166968130944,-0.0005851833657260385,-0.001360220453269001
2019-03-06,0.0004220256633494446,0.00012511092563846177,0.0001686147781969209,-0.000327149545915679,-0.0003587563403382171,0.0021341056993259815,-0.0014469171061361663,-0.0025180869492084975,-0.00605691889890736
2019-03-07,0.0028780598203602898,0.0019609204155023735,0.0020035711193346754,0.0002904270418943364,-0.0004692643817922165,0.004196985122643724,-0.00046714438933789315,-0.0036763304070527303,-0.008365422085590102
2019-03-08,-0.0012393681649108838,0.0006922423581624917,-0.0015834471406258035,-0.0002819415483021919,0.0027306806403631255,0.002390275148183951,0.0,-0.0006260949742614262,-0.0019997447134408874
2019-03-11,0.0010054842411978708,0.00042760358791907224,0.0007077485367949243,0.0024859518690968697,0.0005029080022829853,-0.003908766888691238,0.0,0.008394991104676518,0.014500880502269053
2019-03-12,0.0003714705426336673,0.0011768534608197709,-0.00036079203655429526,0.001509126660075988,-0.002003684960649491,0.0009997097978845636,0.0,0.0033710160468663816,0.003771161825484759
2019-03-13,-0.00169764584195209,-0.0004456539348435568,-0.001264068300114349,8.190000009509026e-05,0.0008504648499477605,-0.0019462432545721239,0.0,0.0038190256894611533,0.006619060952385958
2019-03-14,0.0011476617858602724,-0.0007606274721257908,0.0016733365819971862,-0.000810225834639369,0.0015419656384741051,-0.0017978311237205132,0.0,-0.0009556679184211658,-0.0006395594660560944
2019-03-15,5.8698626950645655e-05,0.0008769954191449632,-0.0009031559047333799,0.002697023571068159,-0.00048603413515458803,0.0005247152508676173,0.0,0.004224342945754378,0.004940541872575865
2019-03-18,-0.0014244857095136074,-0.0007139807648313594,-0.0012874973888035036,-0.0002208302919617297,0.001279066398357786,-0.001349029616315657,0.0,0.0016427395341837678,0.0036260670429404396
2019-03-19,-0.000853771632669055,-0.00030905159792317394,-0.0008994956202933496,-0.00027484955766508747,-0.0005756633592804644,-9.039359571095641e-05,0.0,-0.00011806309825566078,0.0002478177452063246
2019-03-20,0.0005698468312084966,0.0018739983345196784,-0.0012336201465725238,0.0015977168145952132,-0.00520192502976976,0.002575382411930318,0.0,0.000978295617007574,-0.0030098788032478785
2019-03-21,0.0034476228963765615,0.001882737389394948,0.0029489105543706994,0.002954739225292476,-0.0009599930686933208,-0.0008537384208227849,0.0,0.006587324155760488,0.011294641734285182
2019-03-22,0.00290555936984044,0.0019377689366685822,0.0012760402635166774,-0.0006168369658572064,0.0033819584324518734,0.007878947886531722,0.0,-0.008592112093118097,-0.019246238543710215
2019-03-25,-0.0003971726335550555,0.000851087654560345,-0.0009370020375119116,0.0009266947441389559,-0.0020368981719863814,0.0011000164391462674,0.0,0.0005642499598243812,-0.0007520788744469487
2019-03-26,0.0012771765429229164,0.0005437591636257065,0.0011649040355919409,0.0012722927589164574,0.0010176554157040054,-0.001823889770378625,0.0,0.004134906526473347,0.007454209434663017
2019-03-27,0.0024792809044094184,0.000723482599173413,0.0021203470465865184,0.0010274698427286469,-0.0017782001471483807,0.0019374520142263828,-0.0017222264372241016,-0.0019734213610601787,-0.005229230385402239
2019-03-28,0.003481414574460944,0.000731957753560524,0.0031452135856188308,0.0018524035940335874,0.000873950327430961,-0.0015321516638116494,0.0004544312960240183,0.0023118226799615726,0.003790480361511417
2019-03-29,-0.0007942091590808822,1.1249320042197252e-05,-0.0005928091660572908,0.0004540512365987071,0.001239757548236483,-0.0008706830316478177,0.002113645578065166,0.0031467650923828303,0.006305428553711634
2019-04-01,-0.0031850612028663542,-0.0023274976682817086,-0.0021921854860397594,-0.0013746791018169047,0.006482641846675515,-0.005913137028305105,0.0011170826237148685,0.004364995084011491,0.011859118025590032
2019-04-02,0.0004735330188470515,0.0009569953633664673,0.0005166800896087857,0.0009284649240930766,-0.0010754105850693985,0.0007399758564351385,0.001968044701435985,0.0009750367296283535,0.0004901606633769262
2019-04-03,-0.0017709128036070278,-0.001499453882306421,-0.0021838510710852814,-0.0009890922376660579,-0.0023229670757614557,-0.003009149042917358,-0.00014801900476871347,-0.0003025895643067767,0.0015732090316877834
2019-04-04,0.0008470045912611922,0.001076131106101982,0.00045671271212306425,0.0010473999663688166,0.00022527198133252474,0.0005465477174305163,0.0014182897235095093,0.002008852915073378,0.002653510698888306
2019-04-05,0.0011561021133901503,0.0013320393712292571,0.00041004318332114257,0.001153629770692185,-0.002613260866389261,-0.0006607492900618261,-0.0005604008011562386,0.003093510817780354,0.00484036390661724
2019-04-08,-0.0029203297697202946,-0.0017865401125863336,-0.002788687866020977,-0.002140382166061312,8.864582926617454e-05,-0.0024917103221233244,0.0,-0.00018569746474614854,0.0007623333638957508
2019-04-09,-0.00011166319463133884,0.00038904349148419535,0.0008619746539214083,0.0007068299767907763,0.0018522847397770003,0.0023869494905292476,0.0,-0.002354763566083862,-0.0051249241422784975
2019-04-10,0.0017524182349289556,0.0022387425618185922,0.0006692091093920494,0.001870180671957074,-0.0041092302726369045,0.0002902735314114424,0.0,0.002992108378225788,0.003411085513685519
2019-04-11,0.002270471836683436,-0.00032213122407629547,0.002371740887471276,-0.0004171295395303312,0.0027670744887976174,0.0008783486530188206,0.0,-0.0010722589293702845,-0.00027768486926127434
2019-04-12,-0.0012552034159882632,-0.0009344440171177631,-0.001544276454765207,-0.0003416709456028256,-0.0037621999358535964,-0.002740670275662371,0.0,0.002206247052387633,0.006766103184163708
2019-04-15,2.8163139495763236e-05,-0.0004209454648760843,0.00028586489718362724,-0.0003227948542037243,0.0017082899467732629,8.957100395583136e-05,0.0,0.00013923224432332848,-0.0006547976688079382
2019-04-16,-0.00205886001662435,-0.0025726250448949366,-0.0022464295928119014,-0.0027795640592112925,0.001202344087202495,-0.003792564100868903,0.0,-0.0009729568726167149,0.0006552267097299502
2019-04-17,-0.0009833282641154018,-0.0009683640367553135,-0.00025504474453242796,3.1901033451556824e-05,0.0011429300228088073,-0.0005304483457077298,0.0,-0.0013921553928619712,-0.00244688782065805
2019-04-18,0.001762149493852905,0.0019435904770745388,0.0019969503758212543,0.0019786766319013875,0.0006136722930425525,0.0017853978457521588,0.0,0.0021333111994185304,0.0019692114459270993
2019-04-22,-0.002601027302854292,-0.0023359613206396118,-0.0023911427171001472,-0.0030814075579869518,0.0006565202601571096,-0.0027093418418992587,0.0,-5.262840818418555e-05,0.0008616959295466575
2019-04-23,0.004409239795053036,0.0032005521811465524,0.0032081818188323128,0.0033213099663353765,0.0006662296190184372,0.0009562198774992717,0.0,0.006117878376059949,0.008991809703647213
2019-04-24,0.0031819971842914196,0.002469440607254938,0.0029342425670809986,0.0015089792399352385,0.0013725148295245125,0.0038127588451397606,0.0,0.00018686923193862444,-0.0022194828357984253
2019-04-25,5.754560139685131e-05,-0.00010045065526834745,0.0007178746215372708,0.0006388757199740508,-0.0009529440631641841,0.0005689768551499072,0.0,-0.0008612285150374711,-0.0006157571773541815
2019-04-26,0.0028395530861339106,0.0025109971303526658,0.002066921281429041,0.003708087883674428,0.0023175923926834546,0.0023898945200048973,0.0013048109540508722,0.0038544597252795133,0.004656843447931935
2019-04-29,-0.0018491733786860278,-0.002243587671343345,-0.0022317707131234935,-0.002220727661181486,-0.0020162266801130066,-0.0031495916493303987,-0.0016883809086573967,0.00010945554252947962,0.0015673498567969624
2019-04-30,-0.00012619821883939273,0.000701795852167517,0.00024455334064943764,0.0006494023676528143,-0.0007838234552986057,0.0012217050657233543,0.0008999080467097712,0.001100982839694087,0.0005102674124852769
2019-05-01,0.0013020357446731454,-7.070764323819105e-05,0.0020570695567903538,-3.99467765234485e-05,0.00044908804306879467,0.0022286142475415878,-0.003773291834910969,-0.004691288723219688,-0.0075162234841033015
2019-05-02,0.0011693900543761062,-0.00028519822625462936,0.0007377357961890668,-0.0013420393072986836,-0.00045274126414238407,-0.0007593395439019607,-0.0031517333458603875,-0.002431511850929713,-0.002158950379291591
2019-05-03,0.0011670967047996308,0.0033203457222272395,-0.0006045497003570797,0.004883109765953622,-0.0035058049842532583,-0.0034973865172907266,0.006668057033993406,0.0064047493259084655,0.009788028310793617
2019-05-06,0.0009615183708233347,-0.0008656685959532209,0.0008575515377809162,-0.001428955141256023,0.0004674496310360678,0.0024632501676953873,-0.0008649868990094641,-0.0014453234494101296,-0.0041151479027473625
2019-05-07,-0.0004206484069592352,-0.004339278370090497,0.0014139195509659318,-0.005961081562568657,-0.004650918427278857,0.004117909783007303,-0.0005897716036578159,-0.008658410023922158,-0.016700042858393882
2019-05-08,-0.001511179350477197,-0.0012686535738478035,-0.0010579980457113378,-0.0010145907419535872,0.0010964086146882726,-0.0004322516251454713,0.0,-0.0015873843356309703,-0.0013890990873774989
2019-05-09,0.0014330615351544796,-0.0002708940976410828,0.0017701664771110882,-0.00077620390963923,-0.0030454232324972955,0.0013697700552331611,0.0,-0.0007577146063671989,-0.0030252806012430744
2019-05-10,0.00023672871985206962,0.0015489544034384998,-1.847766669839085e-05,0.002268227868258376,0.000550689083144661,-0.0011728506705513317,0.0,0.0027500675091127746,0.005022719059721181
2019-05-13,-0.002123683349216127,-0.006478015818629616,0.0008302118321442602,-0.007965316703906362,-0.005883083893505357,0.004471070369937952,0.0,-0.01308036397392207,-0.02513002741427528
2019-05-14,-0.00020231374811657636,0.002538576178241676,-0.0013701587075980438,0.0032662937511119994,0.005253710990076643,-0.001166017726655005,0.0,0.0050512312453201424,0.00904383671706288
2019-05-15,0.0020994646421443838,0.003137103857040605,0.0017975212759620924,0.003205315642358938,0.0024116533213190228,0.0005591947438344233,0.0,0.004790867363055895,0.005857337623488945
2019-05-16,0.0018528314068290586,0.0025367268234642954,0.0012750033471285816,0.002378098225240621,0.003511941463396554,0.00039572272080009994,0.0,0.004770931352477303,0.009261476731985852
2019-05-17,0.0017161158783647473,-0.0009308334999389579,0.0030081789212136776,-0.002194217129607166,-0.0034078709347394646,0.0031102490247345103,0.0,-0.00369163383684612,-0.00646525085562899
2019-05-20,-0.0037361492904538374,-0.0040558101758370714,-0.003093171762714499,-0.004378761876594538,-0.0023235998119174326,0.0013760169619053241,0.0,-0.004641882121680307,-0.006612123902554057
2019-05-21,0.0020640037422611493,0.003389055478125905,0.0008178805958205046,0.003796358569561367,-0.0030577158444788865,-0.001402131258826717,0.0,0.004959100153657703,0.009015751549264595
2019-05-22,0.003051158915183292,0.0009744302585416614,0.003828695381909414,-5.311014809217997e-06,0.002855204525567563,0.0018813965022240115,0.0,-0.0006405231258209243,-0.0030717322746810494
2019-05-23,0.0017712872933437983,-0.001664163077440624,0.003679904175554829,-0.0029080130914983272,0.007983491189798925,0.002177301712257865,0.0,-0.004895378773537939,-0.012218481973059858
2019-05-24,-0.0017497996555912376,0.000305254772789352,-0.0026186874510688973,0.0007623932756333984,-0.0019554270159817203,-0.0009025417874035759,0.0,0.001249246772790924,0.0022683374734333572
2019-05-28,0.000575267302963029,0.00010456830820191248,0.0013131427516357317,-0.001016586431880327,-0.0002613534656917214,0.004198614503665242,0.0,-0.0038292557382856524,-0.009300298541595087
2019-05-29,-0.0018338471089411404,-0.002189437136291464,-0.001059128782786006,-0.0020356063051550676,-0.0020967083276755712,0.0009861042885145129,-0.002249512983639638,-0.004174909818421924,-0.006711018430235027
2019-05-30,0.0035258305899484505,0.0032059223658727726,0.0037820770748804564,0.0030289423962158806,-0.0032488601858543377,0.0012476459223534143,0.0022047704326138584,0.0030857995419664606,0.0027312271463253435
2019-05-31,0.0014395625855463845,-0.0010765596987892079,0.002736929434625136,-0.0012219409791974292,-0.009455473155406542,8.66680307119134e-05,-0.0033691044581609076,-0.0054231589051816805,-0.013475123997347627
2019-06-03,-0.002213594054653512,-0.0007949416147907037,-0.0025377635917944686,0.0008437325706550789,-0.0018664690985743387,-0.0006073270009702237,0.0024055109310447144,0.0003989882644366285,-0.002542847391894032
2019-06-04,-0.0006413597520050741,-0.0012435464629826152,-0.002977066012011242,-0.0041757367024496195,0.006526233643295484,-0.0037339078220841,0.004608501436047546,0.011558911965678754,0.021706352666999384
2019-06-05,0.004740775969003176,0.002619823850601124,0.004124876341844823,0.0031183965194586396,0.001342928364096952,0.0008803010309980312,-5.020980812352444e-05,0.005197358552107012,0.008662264253511687
2019-06-06,-0.0006241461886794938,0.00027731737172167684,-0.0012825310398664018,-0.0015447408547872874,0.0015350390401544002,-0.0017506197267567797,0.003156787998661105,0.003828054731352592,0.006502736881020876
2019-06-07,0.0011146417202878357,0.0016172519571386733,-0.0004856465015341848,-0.00014178234536596295,-6.901865072894676e-05,-0.0005407221861888474,-0.0005451337576380676,0.007585226104789777,0.010007116635605273
2019-06-10,-0.0010304137181668953,-0.0020752998246755046,-0.0019962033359535516,-0.0021927919588373944,0.0040210117336419455,-0.0018435337424738373,0.0,0.0007757027208949549,0.0045887478089712275
2019-06-11,-0.0006063746819543633,0.00018314636083538563,-0.0007194959462024283,-0.00011168045003912916,-0.0018750428694828626,-0.00040166007621616535,0.0,-0.00014527404491131434,-0.00024212340818552391
2019-06-12,0.003384785231602124,0.0018985272868705706,0.003863711330703075,0.003203635217966793,0.0032452010569475505,0.0028420809102263156,0.0,-2.8582252471265335e-05,-0.0017653425265324874
2019-06-13,0.00038109142487732084,0.0011876479877771463,-0.00010973152918253451,-0.00046629882966011554,-0.002211757217668478,-0.0009226890775178053,0.0,0.00346680095962375,0.0041266133881805445
2019-06-14,0.001758562889399707,0.0014575081399613242,0.0021109616695707363,0.0013889080572916032,0.0019168250478608863,0.0013290720598616089,0.0,-0.00037010375567927403,-0.0011052048781019508
2019-06-17,0.0009368483838488184,0.0004991417563623577,0.0004377555101074546,0.0004785616434353279,-0.0004654906236091485,-0.0006688854305009752,0.0,0.00015510444053594695,0.00038031617789169303
2019-06-18,-0.00026256836764579274,0.0015788584896336058,-0.0014667182732751788,-0.0010995925608962185,-0.001840457050756734,-0.0009931517786592409,0.0,0.007051163837375051,0.010470974972877967
2019-06-19,0.001023409330724343,0.0016254538559877666,0.0007122190394181526,0.0011746744675395452,-0.0007432055353306147,0.0005945995450736461,0.0,0.0024500351569726854,0.0022573924550077784
2019-06-20,-0.0005463210464090556,0.0017409339860428579,-0.001316910577038395,-0.0013743348408936386,-0.0028208624278779227,-0.001915952073978774,0.0,0.006388192618424826,0.009554171869397221
2019-06-21,-0.0027219840795613534,-0.002824527567373695,-0.0025991456341408507,-0.002929572807113664,0.002827995668689259,-0.0014183284674698813,0.0,-0.0025088480888439736,-0.0014540370018322202
2019-06-24,0.0016606134909770856,0.0022049530105788685,0.0016579917015819392,0.002042864359327656,-0.0020120589729013603,0.0024112527952743026,0.0,0.0006533303015791025,-0.0012238088241617318
2019-06-25,-0.0010190274085553528,-0.0007633199701021115,0.0004034936860797424,0.0008138692581484554,0.0013492176294358118,0.0023997603119727275,0.0,-0.0052663650002963795,-0.009808452475243756
2019-06-26,-0.0038673946870651857,-0.003210492323267416,-0.004252769687244482,-0.0039989236570604665,-0.00020830269557853948,-0.0018568079838548876,-0.002411766186172292,-0.0022335988831138523,-0.000997163930006928
2019-06-27,0.002029032682854098,0.0019813385738735117,0.0017123740964128116,0.0015989164548778933,-0.001174334427214607,0.000218697562666723,0.004076375517745419,0.003331776421246957,0.0035460369830921934
2019-06-28,0.0012006666396106134,0.0005351269202116234,0.0010940091921545897,0.001172251654188159,0.00013272845390161378,0.0008029639951962308,0.0010010763251946924,0.003269207072174618,0.00514592906340261
2019-07-01,-0.0002456219332814134,-0.0005031460645915082,-0.001363870125265097,-0.001835551015897954,0.0008061661245465947,-0.001786471096574874,0.001433709736700617,0.004944405715890009,0.009078206087598462
2019-07-02,0.005601220408181347,0.0043615644967517665,0.005604395673184397,0.005784382467570824,0.0019138330228368472,0.0036235802982372916,0.0025396369051593967,0.0029848653925517166,0.0026040973005712065
2019-07-03,0.002445058398882218,0.0032841686489760223,0.0018029787225262355,0.003235993768894266,-0.0003942045246938446,-4.0310546694664363e-05,0.0043402206063536605,0.005560269312727107,0.007995532116447768
2019-07-05,-0.004176363471668286,-0.0043859218586463945,-0.004130747107665607,-0.005829120292171805,-0.0011269279238399035,-0.0029666189756438434,-0.00496920121156996,-0.0032215795023851305,-0.001137974292640398
2019-07-08,-0.0010946937995406966,-0.0016912216465688546,-0.00042494745206795144,-0.001932006199860439,0.0007035671653900013,0.00022993192134134562,-0.0005317742892641983,-0.0036983463354230747,-0.0054947730574923526
2019-07-09,-0.0009042113696203801,-0.00038600871621350015,-0.0003545463881738759,-0.00013618681956122298,-0.0001182389648055859,-0.001507223130864502,0.0,0.0004922870613882413,0.0012465709903219935
2019-07-10,-0.00013964982587841269,0.0014773353300958515,-0.00014240814686902834,0.0008734028577915962,0.0033560671564701306,-0.002720705497179361,0.0,0.0030860065710778257,0.004777975026149628
2019-07-11,-0.0034173066195359266,-0.0038540405149651,-0.0032264025986574203,-0.004459159967749149,-0.0006938814790551169,-0.0022077962556251727,0.0,-0.0005667959230207574,0.0023439530358198013
2019-07-12,0.0005145107547738523,0.0011922785857619706,0.0008217277924495716,0.0017906391160908165,0.0008291296726215733,-0.00036820614079196266,0.0,0.003126844815320195,0.004476951575972832
2019-07-15,0.002055553155790681,0.001588989465827102,0.0012304988931552915,0.0027883095386822578,-0.0006948425479475131,0.001530411698508917,0.0,0.001043524600072887,0.00033310845046563564
2019-07-16,-0.0013111858166585397,-0.0016320213608143732,-0.0019347408573495905,-0.00048053172455579955,0.001038208508309533,-0.00020174303476348137,0.0,-0.002813902167665061,-0.0032257941254876243
2019-07-17,0.0016353166644545404,0.0015557017977373072,0.002554090080850825,0.0038922220114264955,0.0015139216862008376,0.003359515294414293,0.0,-0.002211993068333617,-0.00680473829781314
2019-07-18,0.0008434994015016007,0.0014075469949979967,0.0013997118524870344,0.0035570505192810647,-0.002294468649583302,-0.00016057145571297384,0.0,0.0031825506988843785,0.003660953207820894
2019-07-19,-0.002694543304825748,-0.002960563278236437,-0.0032557067173578595,-0.003964560315464107,0.001452610698115885,0.0005068201902366331,0.0,-0.004061621101201718,-0.005555268388515167
2019-07-22,0.001344186386283175,0.0016142804921684142,0.0006923774096611469,0.0024922823869708323,-0.0005678578824366681,0.0005118049136178186,0.0,0.0016564663644969444,0.0024567671537509828
2019-07-23,0.000783022884714736,0.0014693321306911327,-0.001261261028929338,0.0012492879124184435,0.0019458980920214316,-0.0017242608149731285,0.0,0.003633262387618297,0.0071498252368318305
2019-07-24,0.001336771850138494,0.0022309526929238334,0.0011121926619265918,0.003874097054066932,-0.0007111058562243979,4.680639361262749e-05,0.0,0.0034044489804691217,0.0046997417271230635
2019-07-25,-0.0020997472695019597,-0.0032089103945198627,-0.0006791687664094462,-0.00413158328947908,-0.0011754854636710664,0.00048589063858934503,0.0,-0.0035596662785585043,-0.0047773271725704
2019-07-26,0.0016803037382979444,0.002302303702715959,0.0008690997157359149,0.0022968919573148044,0.0016542929543918044,-0.0004950197652868952,0.0,0.003947193206489085,0.006700151085483386
2019-07-29,-0.0002060890308793345,-4.17942649671606e-05,-0.0005012810651468908,-0.00013775060703107904,-0.0008330668163321447,0.00016053126763343432,0.00016512105008469502,-0.0007271841804582068,-0.0018211040577650328
2019-07-30,-0.001939368914345071,-0.0006554415162703742,6.173096561467239e-05,-0.0004014106846598489,-0.0017705030775669586,-0.0014566429501065297,0.000934188273383185,-0.001290220276585785,-0.0024545443435322056
2019-07-31,0.0002685443353809667,-0.001051905157182983,0.0004630460000595155,-0.0023087028966924518,0.003567026577846339,0.003982574740205887,-0.0028473897325912503,-0.005542345725052478,-0.010940561926251036
2019-08-01,0.00614995088208895,0.0039752781137711414,0.008910053696216001,0.005864624003618105,0.0036575442048007506,0.009147713381455612,0.0004214662192302502,-0.000687777960281322,-0.008707988512382636
2019-08-02,8.805590193346755e-05,-0.0005696700659133969,0.0012293847394909596,-0.0018129311574534765,0.0028437439737183687,0.0009229813115232465,-0.0019529959438881225,-0.0036884558222447733,-0.0075296557144540754
2019-08-05,0.0021919878096688648,0.0003448183859967636,0.004157186061551176,-0.0033495204613474376,0.008799127572598266,0.00191534807655962,-0.007598224043001853,-0.01458889226636284,-0.030072795308905942
2019-08-06,0.004192833429707642,0.00472255663514259,0.0021894065951284514,0.005782003046012485,0.0008374797877527721,0.001695681615152279,0.005437050921668206,0.009056330107074073,0.014023219757646421
2019-08-07,0.003637135352611118,0.0037858056675079315,0.0002841145137848344,0.004083146297301557,0.0009438306749142084,-0.0021435131912435615,-0.0004998577682669984,0.00035415869283079716,0.0005902644880513286
2019-08-08,0.0015884916187030435,0.002581453431760075,0.0009766333588116212,0.004567377057874136,0.004549212314858154,-0.0008308017278593092,0.0,0.011807841238047833,0.019620408943675338
2019-08-09,-0.0015358894954861058,-0.0021671136207905353,-0.0011654691397906727,-0.003429561871399394,-0.0005729795974035623,-0.0012012362373024523,0.0,-0.004692521744108546,-0.006811660068313463
2019-08-12,0.0036250323121094423,0.0029430940088035723,0.004053066738977835,0.0015792174021918338,-0.006414643915226776,0.002443663157324931,0.0,-0.004771413934332891,-0.012173494580279165
2019-08-13,-0.0017433326973206034,-0.0010607294766330766,-0.002315240435294864,0.00030447696474197785,-0.0005136847052672037,-0.0013192442856670267,0.0,0.007913188867550547,0.015551792061117897
2019-08-14,0.0045128697268893275,0.0026218743244361513,0.005723968663343041,-0.0011601164804701984,0.004033095351513044,0.003335679595124586,0.0,-0.015072538748629771,-0.02956781563140609
2019-08-15,0.003924196221659222,0.00395347774408587,0.0028707944912790637,0.004012040788939166,-0.004190352104168112,0.0024900975570183157,0.0,0.0041293441763143425,0.0026417246774992353
2019-08-16,-0.0009690819178722579,0.0001184100476050513,-0.001268525061929089,0.0022933939785596707,-0.0031295161587804234,-0.0006647075195194523,0.0,0.00779951240410317,0.014754989119678319
2019-08-19,-0.002392583841224613,-0.0018645866376982068,-0.0019006017881756016,-0.0008085922306453949,0.0010518621790111355,-0.0013193415022024059,0.0,0.00532773468246015,0.01204813496831858
2019-08-20,0.0021521570575250447,0.0018348532551871195,0.0004833251665090721,0.0012002456505112692,0.0002847937802513261,0.0009270608392966978,0.0,-0.0028290307334582153,-0.0076629849821635565
2019-08-21,-0.0002446517048427675,0.0002706159550862682,-0.0013862326939948146,0.0013011512749443396,-0.002401824930172044,-0.00023431529826486116,0.0,0.003824901851736673,0.008135788649860531
2019-08-22,-0.00021056302174768106,-0.00035270833996884135,-0.0002624263498736821,-0.000636998976411162,0.0015974945270883158,5.0933898956311485e-06,0.0,-0.0010676218219015654,-0.0003076603379016385
2019-08-23,0.0031552212889484196,0.0017997550063880532,0.0022828707230260733,-0.0009111775587326797,0.007088333247372896,0.001708053578113253,0.0,-0.012722645874523986,-0.02568771744158238
2019-08-26,0.0019242032149258946,0.0025639008797195707,-0.00031790906327252145,0.0038432962093069237,-0.002974493278778502,-1.3851975150058846e-05,0.0,0.006248070689431673,0.011058024608590067
2019-08-27,0.0034047903615316184,0.002961289787704241,0.0008043618397561654,0.0020742886400494853,-0.0043135455806939255,0.00016171871260512631,0.0,-0.0006297157377720408,-0.0039231348180327474
2019-08-28,0.00037681382774142123,0.0007001887365210764,-0.0009924842450117753,0.0013469385540803868,0.0015594447604988923,-0.0007176171201482906,0.0022449069316025786,0.00436518421466876,0.0070415723051910906
2019-08-29,-0.001242056461297788,-0.0004040912275651278,-0.0010038234371515197,0.0012718392399001925,0.004737139104386043,-0.0010387284643558687,0.002616760559310578,0.006893274811348648,0.012773144677715953
2019-08-30,0.0010565485985011484,0.0011678365868072116,0.0008876884224741819,0.0013904125634193378,-0.0003094619915523677,0.0014760615168167644,-0.0003931114992557663,-0.00016141544778065504,-0.000444418977926464
2019-09-03,0.004135730994267842,0.003652558391089192,0.0010944688976998328,0.002686213184731893,-0.003408200986048695,-0.001477250864348377,0.0006760331035483956,-0.002629762765684518,-0.005847626768021197
2019-09-04,-0.0012163238817050894,-0.00015559529850183319,-0.003484997078820542,0.0002883628470573109,-0.003327786793665394,-0.003996213936387165,0.0060667254678668904,0.007441445006535252,0.011350527325492132
2019-09-05,-0.005439107989708552,-0.005256592032150749,-0.007876796112060581,-0.004858770236165175,0.005013101139580456,-0.0018828729441109392,-0.0028994982850596594,0.004492169726126649,0.012855543082208376
2019-09-06,-0.0006450898206400511,-0.00044966877122789195,-0.0006413517998378512,-0.0002885488920732701,-4.813432012281275e-05,0.002499208663176858,0.000279780963541026,0.0007105559146062035,0.0007723060252127212
2019-09-09,-0.004912091911728536,-0.004467816002737471,-0.004806077772401613,-0.0045905438187124024,0.0035983263437163225,-0.004007709906035609,-0.000466645891383655,-0.002167205248217741,0.0005033976220898406
2019-09-10,-0.004040060420948892,-0.004084146225171073,-0.003812981823805278,-0.0038544683425611134,-0.0034328222360097416,-0.002973280732440832,0.0,-0.003051075797190439,-0.0002346268944988239
2019-09-11,0.0007232957596483519,0.000604940595470318,-0.0005716849086562823,0.0013297321609793788,-0.000638473191196707,-0.0008775290295792699,0.0,0.0038733142104769858,0.0071108633030885215
2019-09-12,-0.0005991076925847217,-0.0006170391947661121,-0.0012000117267203137,3.74382403906007e-05,-0.0017922112585704675,-0.0006223299691771174,0.0,0.0011835067275024259,0.003463741374277518
2019-09-13,-0.006541815664038855,-0.0063698769085921555,-0.00622740185232204,-0.005925571455946594,-0.004263188445665862,-0.002514537470176802,0.0,-0.004056946785302374,-0.000663904101643964
2019-09-16,0.000568581486293511,0.0017979614724666021,0.0011589438206385857,-0.0004085368552091954,-0.0008587707652167164,-0.0022791016280979816,0.0,-0.00011555030528151975,-0.003088677394078587
2019-09-17,0.0030985611538789596,0.0026824194454800982,0.0025328389501315064,0.0034661825941255144,0.0029219212103802975,0.002256041022899947,0.0,0.0025644664554506317,0.0025322881376355078
2019-09-18,0.0009945636087740617,0.0007522870278125261,0.000972201450068716,0.0008613252047365273,9.436993672250833e-05,0.002594903773675926,0.0,0.0005025035526103227,0.0005977764334110791
2019-09-19,0.0004374908974347621,0.0006549706687630633,0.00032389930506794643,0.0008043421457041757,0.0011540832624067977,6.375184048170698e-05,0.0,0.00014002668973704948,-6.623025047602926e-05
2019-09-20,0.003119361909615139,0.003046766528468841,0.004291524044338891,0.0028700770361142634,0.0028443987761137624,0.0023127833694705897,0.0,-0.0005361984310269683,-0.004724887137300793
2019-09-23,0.0019385591850841597,0.0018546569326786627,0.0019273625911229034,0.001655379517028232,0.001348588812943044,-0.0016339846715829063,0.0,0.0004305685085935541,-0.0002348392749624839
2019-09-24,0.002288235425984685,0.0018241202345637836,0.003926889769636894,0.0018707300101791424,-0.004234777882903526,0.0033214289064985407,0.0,-0.0027106406539466163,-0.007846512167351327
2019-09-25,-0.0025498590415228236,-0.0027635868195293447,-0.0038722631485937145,-0.002868388145843095,0.003293632452532792,0.00016943231233180567,0.0,0.0009227945806265844,0.005914709197444523
2019-09-26,0.0014189536246909788,0.0015534691517574723,0.0018652605616545366,0.0018225002058904593,-0.0023772275020158273,0.002451494783414945,0.0004746229128457077,-0.00039272109025192395,-0.0020833093112361256
2019-09-27,-0.00042276933503222904,-0.0006974702795085924,0.000938637997835014,-0.0007913244440204399,-0.0009302239970355058,0.0022425449670146927,-0.0030736706380549723,-0.002662031941254139,-0.005387198979382002
2019-09-30,0.0008056133343082358,0.0005888267612637723,-0.0002826958591900794,0.0012090041659149307,0.00020163217393750712,0.003231335793655211,0.00012581795743328943,0.003102885775477615,0.004637679772875769
2019-10-01,0.0011387041488945223,0.000612152570505953,0.002762659080325956,6.693589203851224e-05,-0.0020273405559288623,0.00026543687220537994,-0.0027324968336896625,-0.006028923554922261,-0.01189455869768985
2019-10-02,0.0011476576575612967,0.001278820541753793,0.003887899760242455,-0.0011112915470043172,-0.0037173571164816647,0.000542065820968775,-0.0035026983201170976,-0.009213401808888234,-0.017664740632483134
2019-10-03,0.001973029614620578,0.0017232893331380465,0.0004900598637864714,0.00270677852100709,5.774624927677273e-05,0.000441513889681122,0.003723597293127552,0.007003950727895924,0.008192482159863568
2019-10-04,0.0012908961476516792,0.0008438194887326795,-0.0009180932074039337,0.002158655525950293,0.0017103271493491166,-0.0006279506707349083,0.004073424903189009,0.008893895288639441,0.013532063247790216
2019-10-07,-0.0015361519838825903,-0.0013867995339826174,-0.0009503420659883054,-0.0016739045520769566,-0.0003101839737388521,-7.121745318048472e-05,-0.00045268555633957736,-0.0039242121623347835,-0.004314293140588288
2019-10-08,0.0008892263734653776,0.0013440993069473786,0.003288319398999202,-0.0001452478516224438,-0.0046371949341940805,0.0011544050536859388,0.0,-0.008468554515573134,-0.015525053664407484
2019-10-09,-0.0004059534155879417,-0.0006423493674789066,-0.0019157385552216687,0.0003946438683728902,0.0026818227128446786,-0.0006032641062904386,0.0,0.0046774884397073006,0.009496677935143527
2019-10-10,-0.00387509268934617,-0.003992992372104251,-0.005006345863908016,-0.003097538563058567,0.0043987886696622925,-0.0023187636417004317,0.0,0.0015532607382882971,0.0067635538771229076
2019-10-11,-0.0037805777920094136,-0.0037245803076700113,-0.0055858047875501846,-0.0018073583434504354,0.005569939001786786,-0.0025511192917185947,0.0,0.003486430274502927,0.010366875837627632
2019-10-14,0.0028234582394879963,0.0027062536583181275,0.0029269973700854915,0.0023683053653808946,-0.0018919813415267087,0.0015142248473287074,0.0,0.00043994141777921054,-0.0011136480883396915
2019-10-15,-0.002222503733556694,-0.002378168959285298,-0.003975960357865803,-0.0009360427864333971,-0.004440408382215162,-0.0010435768611421598,0.0,0.004014971412938317,0.009900088513623562
2019-10-16,-0.00039728607807807445,-0.00023685175620364717,-8.330979390163616e-05,-0.00022995939663123096,0.00016666747783848266,7.754469287111349e-06,0.0,-0.00017563613745361637,-0.0016061289556751346
2019-10-17,-0.0005155695825984423,-0.0005735774654870158,-0.0009569158296862737,-0.0002482469841763319,-0.0016531822603137924,-0.0008743510288329616,0.0,0.0016266931791985683,0.0029491939692889435
2019-10-18,0.00013813453965002707,0.00047382814822705534,0.0011952305708478454,8.811933418329356e-05,0.0010730640605041025,0.0011173708582196142,0.0,-0.00226879318572184,-0.004377113461400128
2019-10-21,-0.0009377248150850381,-0.0011416481418042193,-0.0021497770905598416,-0.00033744251976777805,-0.002096093355825619,-0.0009043486082705896,0.0,0.0026029608647125,0.006779372803289441
2019-10-22,0.00033805982396510343,0.0005312338443062279,0.0011829463418582824,7.269536709529777e-05,0.0013037906955095829,0.0005274206700301012,0.0,-0.001027899045158298,-0.0032669897767780842
2019-10-23,-0.0006135939393835197,-0.0005432731982899625,-0.001001107881139569,-1.5117774346798607e-05,-0.0014711517256914572,-0.0005446091662418356,0.0,0.001888822283349878,0.002909646142516209
2019-10-24,0.0012807774096812588,0.0010706912702479914,0.00045209899515430516,0.0014791974059084109,0.0004814636241818586,9.831774813543305e-05,0.0,0.000908849333405115,0.0016339821617257222
2019-10-25,-0.000842271142915759,-0.0011097530012022343,-0.0017602316850703736,-0.0007267561756205702,-0.0009356375421853999,-0.0018840202242077259,0.0,0.0015984841456482266,0.00409498106915529
2019-10-28,-0.002021708619621185,-0.002251450230055508,-0.003205565618735037,-0.0015270764518103019,-0.0023823022120446624,-0.001363039627896546,0.0,0.0018762607403484564,0.005636458416184986
2019-10-29,-0.00028817458789443624,-0.00010811649795808696,0.00028481487289756157,-0.0003209897788773858,0.0009511796234147146,0.0002778129738408599,-0.0013312002864247338,0.00018191481175717787,-0.00029662188275247914
2019-10-30,0.002012534318063435,0.001963341759059498,0.0014052073899559515,0.0024722835691591057,0.0016855566066406574,0.0003905678972439681,0.001879666292330225,0.0037818340244019756,0.003067407738646777
2019-10-31,0.002827697701697253,0.002806368566936517,0.003025352054787481,0.0025660559443248174,0.0030004685279338304,0.0010881817689766464,0.000571038675492307,0.000942010370710844,-0.0026636610001046224
2019-11-01,-0.001914129548467726,-0.002066909201456467,-0.0033558404712612103,-0.0009307575846404647,-0.004501162374892194,-0.0021084770743761507,0.004302258706722217,0.004803651446807944,0.009264136534625322
2019-11-04,-0.0007769409012461279,-0.0006227795874762518,-0.004453808421637763,-0.00022260874259103031,-0.004232989410359171,-0.0015153318246720173,0.0002625605916838258,0.000377231334593242,0.004017580334572335
2019-11-05,-0.003972897124311583,-0.0038160274889444982,-0.005124240457062899,-0.0037591130355988022,0.0034975455673723383,-0.002426791601858809,-0.0033762180661241793,-0.0028150830966096278,-0.001106195780015251
2019-11-06,0.0016088811672527361,0.0013336332232789423,0.002693486500195295,0.0007025884394682373,-0.0006419829258670537,0.0018888900288152862,0.0003168342800597918,0.0012903052898920464,0.00022803707635210557
2019-11-07,-0.003565353434177955,-0.003580639185609268,-0.005268202324026414,-0.0036192394116974875,0.003845969474957207,-0.0021280860818826772,-0.00047452189668423326,-0.0010890397259581078,0.003516732966030167
2019-11-08,-0.0013569919373471382,-0.0012455643294133167,-0.0014734144106877051,-0.0011412915948547187,0.0016554365152357498,3.420249580055539e-05,0.0,0.0009361285464757784,0.0024659684777874613
2019-11-11,-0.00020363978244386285,-0.00043219886770008687,0.0013037094109300332,-0.0007415238739668156,0.0004890155386707939,0.0006766689262930556,0.0,-0.0007102654053739333,-0.0019093974415185233
2019-11-12,0.00010511379782827526,9.610188406342999e-05,0.00018797607622055492,0.0001592489973911612,-0.0014547031326746312,-1.3522070573304576e-05,0.0,0.0014460732783224018,0.0021079231790261943
2019-11-13,0.000721385968950852,0.000967821876963423,0.0025257148763870377,0.0008836869272219055,0.0007933777406243449,0.000830865243362354,0.0,0.0012808663151425038,0.00032370585166097143
2019-11-14,0.002328722522791732,0.002198539716875521,0.002944117774817298,0.002058730756110559,0.0021288822115419844,0.001126827169447315,0.0,0.002896565733639278,0.0014553886005117533
2019-11-15,0.001210272304902182,0.0013908560502397267,-0.00082689105160371,0.0016436454294488482,0.0010688545469675183,-0.000905723869369245,0.0,0.0040183554759185116,0.00723647828491325
2019-11-18,0.0011907944248579542,0.0007943661461736438,0.0022365147039629515,0.00032850475920046185,0.0006492931321115616,0.0010369734008126479,0.0,0.0011263189482041192,0.0007375484343254968
2019-11-19,0.0018002027178108204,0.001136380615763988,0.0021247827759397378,0.0010378681697921993,-0.0007900144365533089,0.0002357449009008731,0.0,0.0005811006879863356,-0.0002881166026869053
2019-11-20,-0.0014109429306702265,-0.0006246174944217374,0.0005316647504100947,-0.00031191711039844623,-0.00016030611662905302,-0.0008512362342461157,0.0,-0.0007612642353669761,-0.0037187676315997287
2019-11-21,-0.0031798878007846232,-0.002516475126253652,-0.0029320862373980313,-0.002420508026145378,0.002207109153421823,-0.001622802539917382,0.0,-0.0019653654805200206,-0.0016088778096223777
2019-11-22,0.0013221852522030562,0.0011431986495206463,-0.001029177818866516,0.0012684252957453402,-9.486362709946555e-05,0.0010021899298611437,0.0,0.001262511677619793,0.0022237012920824917
2019-11-25,0.0032941191250775823,0.0027715597456083475,-0.0010039163171123913,0.0032941191250775823,-0.0006957836643388014,-0.0007188758629269822,0.0,0.004829063267287692,0.007750159886065644
2019-11-26,0.0018638655766213623,0.0020842704118871104,0.0021528273614587474,0.0023479792283936964,-0.0001851855062505361,0.0006105757181272267,0.0021647121813535277,0.0021111791812093994,0.0022656925215935875
2019-11-27,0.0009942863199874558,0.0006311353527977602,-0.0006582606855332968,0.000566433901358408,-0.0011035590750993825,0.00012191742865138143,0.0006831455040424791,0.0016382848198706944,0.004457511756778221
2019-11-29,-0.0008494153346781141,-0.0017360788000842884,0.0027710470438108373,-0.002515818349763709,0.004904634194623183,0.0017474845439614019,-0.004745263244177059,-0.0025475266875860216,-0.0037085955700546513
2019-12-02,-0.004729631881213262,-0.00447650185864586,-0.002150607076721679,-0.0048393288690922135,0.002854796304809522,-0.0009406763616742654,-0.005493789686662382,-0.006533011067593297,-0.008494887118407068
2019-12-03,0.002405428479306359,-0.0005400423397672641,0.004256392961828909,0.0020785791168347373,0.002321975914590944,-0.0002719237847561717,0.0025209714280168384,-0.0004567640097804522,-0.0067066620747878725
2019-12-04,0.002401334331370234,0.003434421051205221,-0.0037927023903465613,-0.00037612313686696635,-0.000885852229111434,-0.0003471841869770577,0.0024286747322316226,0.0021664537293858196,0.0061702444012394775
2019-12-05,3.0814087245370264e-05,0.00046008364938127365,-0.00030710625685593243,-0.00014501406724467107,-0.001083348926156152,-0.00094971143994686,9.383806623260232e-06,0.0001465083437156788,0.0017980253155915893
2019-12-06,0.002163078756885944,0.003093331897283091,-0.003362332602479466,0.0011847393940451853,-0.000905108591567764,0.0012594221373515122,-0.0005340411588708676,0.004258852425216775,0.009134223626575011
2019-12-09,-0.0010569032405601663,-0.001180225593316239,0.0007435316309216635,-0.0009705959051959199,-0.0001237239870815745,-4.890251018210484e-05,0.0,-0.0015621116927959642,-0.003144228695889817
2019-12-10,0.000426572659343296,0.0006396850683595598,-0.0010489055878065063,-0.000160309686783446,-0.0006302326477503151,-0.0011731801727120762,0.0,-0.0011371373132806895,-0.001114980875323246
2019-12-11,0.0025808973498370157,0.0019411112511368903,0.0012249746109383142,0.0032544158242645512,-0.0020835670255248775,-0.0013349611746410399,0.0,0.003361740283112891,0.002838423308487048
2019-12-12,0.0009303879950772265,0.0028571046251036412,-0.005014896504181107,-9.427308634014692e-05,-0.0003835354202148542,-0.002261369094723714,0.0,0.0020113743958692695,0.008619039379661908
2019-12-13,0.0032646113253805014,0.00178783539792581,0.0016167686412487576,0.002445316421457513,-0.0028678156719668803,0.0009127078968910736,0.0,0.0027122987306223757,0.0005995180303641767
2019-12-16,0.0025222776612846966,0.0030876591633514886,-0.0016780235060409564,0.001595669287411947,-0.0026838451094633323,-0.0006485325487514983,0.0,0.0022509403192835452,0.006870128322410407
2019-12-17,0.00067335386121431,0.0010638484831175647,-0.002199098082648838,-0.00010649838395693825,-0.0019597821567562453,-0.0014959200599334818,0.0,0.00016764929934387496,0.0002190314765080359
2019-12-18,0.0009659052520079023,0.0007897001311020635,-0.0007918036894514842,0.0008511618699240106,-0.0003187565010609527,0.0006140912237936619,0.0,-0.0010471467943160117,6.21155154871822e-05
2019-12-19,0.002137755367947443,0.001424849736258041,0.0012783002699367533,0.0016249811639871144,-0.0007938315153114415,-0.00017541305001055572,0.0,0.0027714165129233857,0.0040990535657250415
2019-12-20,0.0013830467644940412,0.0006995012456930523,0.0009335347078628665,0.0019289285865984056,0.0004745719736449481,0.0004711151068903736,0.0,0.0026307515056417595,0.004384585842736266
2019-12-23,0.0008537501905103509,0.0007624642871595,5.806610541513362e-05,0.0006263197511951232,-0.002059706603586889,-0.0011607992358093914,0.0,0.0005538144374336972,0.0015273838780622828
2019-12-24,0.0020884430855910904,0.0009285281259742833,0.0014534904963735028,0.001483149897227474,-0.0020985565145719173,-0.001065185212857338,0.0,0.000708703096152874,3.158088599697351e-05
2019-12-26,0.0036299634363509852,0.0027445035082288263,0.0011276596557823614,0.0025972539106777436,-0.002382204837119233,-0.0009765240907142449,0.0,0.003773619999944433,0.00532293093884828
2019-12-27,-0.00027153145000650644,-6.602971474852141e-05,0.0007113206121751989,-0.0004989982743361929,0.0013916747907780093,8.32528248103547e-05,-0.0009445392535180152,0.0004304481127446636,-0.0002475692494110504
2019-12-30,-0.0018376648593781083,-0.001977976138591963,0.001204546695546884,-0.0016106042950277833,0.0007054789462955827,-0.00032140870229910594,-0.0019933220402687246,-0.0035609939335802254,-0.005513305579630701
2019-12-31,-0.0006965531693254167,0.00010042115746185614,-0.0004970234816948323,9.983833687381562e-05,0.0006319537933701828,0.0003903185728769366,-0.00095539359392317,1.118848634167318e-05,0.002429034295420074
2020-01-02,0.005876892023731586,0.004778086615457563,-0.00022406430803778186,0.005762693031408431,-0.0039676851397818635,-0.0010237303782479725,0.00666096555383254,0.0074621190692159,0.009352135730428257
2020-01-03,0.0014920253085294421,0.00026942210010288286,-0.00477319992913761,0.0014280435357404684,-0.003731482126897931,-0.0004870113707435552,0.0015525433738411735,-0.0018703467704329624,-0.007572268495077972
2020-01-06,0.0008608947891530018,0.001304678283690053,0.002754884804943284,0.0008608947891530018,-0.0006619406797828351,-6.10087233545859e-05,0.0008939450213946381,0.0018585124255598993,0.0038150745444736067
2020-01-07,-0.0010859093842412323,-0.0010532545771066199,-0.0012611318395912392,-0.0010859093842412323,0.00017699199781783187,0.0004161095097526503,-0.0011092953160028714,-0.002261819749316518,-0.002811715896694822
2020-01-08,-0.0015670502229947635,-0.0013496524783144224,0.0021017951670472164,-0.0015670502229947635,0.003293843879843182,0.0018413605943896475,-0.0005974627898856742,0.0022626361297551686,0.0053297287259783666
2020-01-09,0.0016443947725439012,0.0013306670639184138,0.0002016112104045822,0.0016443947725439012,0.0013132919907558934,0.0016819183000523507,0.0,0.004356807440940713,0.006780594271465823
2020-01-10,0.0015238305018944107,0.0011047672850460417,-0.0013586036719684862,0.0015238305018944107,-0.001401908754922166,-0.00055806827259766,0.0,-0.0008618850934115185,-0.00287774400121521
2020-01-13,0.001389801544028771,0.0015854615643667665,0.004109193099819425,0.001389801544028771,0.0012713288604114257,-0.0014237379488225884,0.0,0.003658673753477526,0.006876891088514636
2020-01-14,9.817367502093562e-05,-0.0002607909861117944,-0.0010907106290284953,9.817367502093562e-05,5.619039936641116e-05,0.0005386778999799405,0.0,-0.0001227101228451487,-0.0015242828642674233
2020-01-15,0.001714430967072325,0.001399443708168453,-7.956635970887558e-05,0.001714430967072325,0.00019934148306728676,0.0003709151352365056,0.0,0.002361794306446052,0.002259701579521378
2020-01-16,0.003361503900652279,0.0035217317111785377,0.0036555263880004916,0.003361503900652279,-0.004504070777410952,-0.0011378194105200017,0.0,0.00416696148551563,0.008318612742991727
2020-01-17,0.0013934127082982928,0.0015023539602537206,0.0011505668171684553,0.0013934127082982928,-0.00142609400731658,0.00035667208060110114,0.0,0.001544220531060425,0.0031123598006503883
2020-01-21,-0.0019283646016501391,-0.002543883364672305,-0.0028496610047863877,-0.0019283646016501391,0.0022829021964182582,0.0019421917022078936,0.0,0.00040642080983559485,-0.0019581633829397482
2020-01-22,-0.0008268707829090568,-0.0009062441693622365,-4.93254226366906e-05,-0.0008268707829090568,8.859196048385896e-05,0.0016821990920579703,0.0,0.00014416396748879735,0.00012086316511128459
2020-01-23,-0.00032901375267118993,-0.0009566986253734238,-0.0005709083579579837,-0.00032901375267118993,-0.0028954351717844764,0.0013138080593606382,0.0,0.001690141654618138,0.0011468487828851792
2020-01-24,-0.002789616480515045,-0.003456046089473092,-0.0037592506268984767,-0.002789616480515045,0.0006866068552701814,0.002046012010890867,0.0,-0.003907604484848814,-0.008892884299751103
2020-01-27,-0.007815435038352546,-0.008987799566639353,-0.00767706959099405,-0.007815435038352546,0.0004605106117596857,0.0035493823113749772,0.0,-0.006914076999012786,-0.01602945359143859
2020-01-28,0.0028557497959033297,0.003387550189588082,0.004439539235279169,0.0028557497959033297,0.0075903733717412126,0.00044402572678777365,0.0,0.004944757847788894,0.010478948803701815
2020-01-29,0.0014483600430176555,0.0006287123161532183,-0.0016469806450320665,0.0014483600430176555,-0.002779060407340889,0.0014852696403723398,0.0008339647298497887,0.0014190421745424954,-0.0008257058135752171
2020-01-30,-0.0005420339682607395,-0.00040618804927097855,-0.0006384467855460427,-0.0005420339682607395,-0.0012521570714714631,0.0008281815084851241,-0.0002766356904295256,0.0023352461216498807,0.0032450752410948525
2020-01-31,-0.007270871190526369,-0.007678972135902924,-0.007527123430920945,-0.007270871190526369,-0.008652229868758781,0.0020472255914792516,-0.006929974957553529,-0.00888535052649133,-0.01815780020033997
2020-02-03,0.00037082990819077533,0.00011032999873717111,0.0034881304409028146,0.00037082990819077533,0.0018143269646788583,0.0011669009299302576,0.00029007288386642335,0.004116313598010857,0.007428368596682056
2020-02-04,0.004379930093140743,0.0043509778177865015,-0.0018378414418726882,0.004379930093140743,0.0007295127200538489,-0.0019205695777366788,0.004379391269542188,0.00682481802012269,0.015241351876675191
2020-02-05,0.0014517214818843631,0.0014364850355432137,-0.003151416448002299,0.0014517214818843631,0.0036658319509659367,-0.0003588727539521278,0.00435557226481577,0.00519619815416128,0.011547951520580302
2020-02-06,0.0021493758310626287,0.001890470007256362,0.0008732882339146418,0.0021493758310626287,0.0005226330524399245,-0.00031310791420781413,0.0027617028499241285,0.0023031000080536933,0.0033648884242869492
2020-02-07,-0.0001189104038500644,1.675350447023614e-05,0.002814787830114871,-0.0001189104038500644,-0.0033677392277065062,0.002240541328103239,-0.0005637578072850566,-0.0012813763166080738,-0.005329337157488401
2020-02-10,0.005014513921831812,0.004908421801953738,0.0027462827004576837,0.005014513921831812,-0.001116431976168209,0.00046238066829493586,0.0,0.005256112748004326,0.007465148965358548
2020-02-11,0.0002765030737056493,0.0004727034256707059,-0.000999751680250008,0.0002765030737056493,-0.002810575745262663,-0.0014910326946177036,0.0,8.791149478377665e-05,0.001732915878303043
2020-02-12,0.0007515831379448687,0.0009797515233779558,-0.0019790285038064257,0.0007515831379448687,-0.003341561498206219,-0.0019084033764448856,0.0,0.0028409429241927683,0.006442629143931677
2020-02-13,0.00036368142245143026,0.00016411986902891112,0.00014280158322086404,0.00036368142245143026,0.0009869651068033424,-0.0004266636120611135,0.0,-0.00028593178109683756,-0.0010670467313681486
2020-02-14,0.0016638150256662217,0.0015115169696312744,0.0017930256734065854,0.0016638150256662217,0.00011344643423398839,-0.0003554297499463301,0.0,0.0019524778612303618,0.0016023791337100857
2020-02-18,0.001552269908387282,0.0008710686499333274,-0.00012106025071501427,0.001552269908387282,0.000614770618387021,-0.000308006976454731,0.0,-0.0009107028913667658,-0.0025769407978966097
2020-02-19,0.0009572288444178346,0.0006330090576338427,-0.0019004092722348155,0.0009572288444178346,-0.002824138163502791,-0.0008396174549063654,0.0,0.0027980076699648305,0.0047809250585397756
2020-02-20,0.0008681650967938464,0.0009991075550167161,0.0010087918598297948,0.0008681650967938464,-0.0014491413751321295,0.0011354916314554506,0.0,-0.001301373994289667,-0.004107854509140418
2020-02-21,-0.0006337136987116874,-0.0008384730603528095,0.002352626960168463,-0.0006337136987116874,0.0012663454220832098,0.001492077209645245,0.0,-0.004562021945031858,-0.010298433594001843
2020-02-24,-0.00847274196967376,-0.008646824878526093,0.0007628663152573196,-0.00847274196967376,0.0074175775652990375,0.0026182815424791303,0.0,-0.016783254176691086,-0.033165361574997054
2020-02-25,-0.01080381879409006,-0.00980973567695565,5.154681748562913e-05,-0.01080381879409006,-0.008062994454563347,0.0032525773206312863,0.0,-0.017069677227935818,-0.030302102041731782
2020-02-26,-0.00017053618417723262,-0.0001255323343588948,0.00030415638538660954,-0.00017053618417723262,-0.001263644316622273,0.0019893020030016246,-0.002583533430360657,-0.0024145196528815305,-0.003678130788239864
2020-02-27,-0.01536247588560593,-0.015046868032059683,-0.0027103868547339034,-0.01536247588560593,-0.014621011626250669,0.0031723474898843864,-0.015157907531049487,-0.02500623551090093,-0.04491196399519304
2020-02-28,-0.002338948675809959,-0.0009082222832867588,0.004421057160538158,-0.002338948675809959,-0.0028673364690036595,0.00495723210690202,-0.004356382427104832,0.001963471924512228,-0.004201333614517577
2020-03-02,0.010300973253623728,0.010252546845644347,0.0036061351202922986,0.010300973253623728,0.014332246559223513,-0.0061652621793003804,0.01005113014406393,0.025710814534977144,0.04330666483442225
2020-03-03,0.0031315661652449515,0.002820840693357912,0.0063737054073132356,0.0024225757946724743,-0.005854867596764268,0.00672351922426581,0.0018016024172708375,-0.012531628939291405,-0.028632680640217845
2020-03-04,0.0065991967597435796,0.00374329632850886,-0.0013464031972831218,0.002549405239459435,0.009875912261560907,-0.0054676000883728225,0.008488703152763172,0.02434150526658887,0.04203309006209799
2020-03-05,-0.0011061074662249526,0.0007052315311617454,0.007609995775866913,0.0018303887050480638,-0.010180906422997625,0.006520458317762893,-0.005241620680884546,-0.01638984949191633,-0.033241691476601054
2020-03-06,0.0038179009238317324,0.005746746967208859,0.010674367596352976,0.00692053181941211,-0.014439433656410232,0.007343378371912889,-0.0004396735167527028,-0.005858184956453871,-0.016531517276197616
2020-03-09,-0.00794628293626471,-0.0014008745075656242,0.01638130165612889,0.00445200721144158,-0.03230523149447455,0.012414107294502574,0.0,-0.04326860562173635,-0.07809415705373146
2020-03-10,-0.002364225496680874,-0.006773004223315179,-0.01650707971225511,-0.008382262650462977,0.01433298646444824,-0.015370218417601281,0.0,0.023704207871819837,0.0517449000776411
2020-03-11,-0.014930174662980503,-0.01135134550809241,-0.002660356961697169,-0.007017334206163833,-0.010210791991647046,0.0015325744185453079,0.0,-0.033240714024129,-0.04874847368823665
2020-03-12,-0.023815561270967612,-0.014882296321472713,-0.0010081121046858672,-0.0037482344694040343,-0.019016211918665565,0.011869697200128692,0.0,-0.05720295691700299,-0.09567716175927643
2020-03-13,0.018207027352474134,0.012009946357873273,-0.009357352269097804,0.011933065170751569,0.027934945155673612,-0.0042252841824953966,0.0,0.048684425991202485,0.08548642644376603
2020-03-16,-0.02197909176498502,-0.005453351059316363,0.01681851406138895,0.0026242478998672386,-0.03206224041707979,0.024247871637120173,0.0,-0.055087630484863266,-0.10942371115694116
2020-03-17,0.002914059005145214,-0.00249248762644435,-0.012828944339101067,-0.005299576887211234,-0.001730872946884233,-0.019089681546031297,0.0,0.02236606486624599,0.053991900195986986
2020-03-18,-0.02005176508127765,-0.014030814290559596,-0.0029647982572189773,-0.005989308047228693,-0.016355373192569647,0.0029246313190654473,0.0,-0.03593174061505353,-0.050632856909107016
2020-03-19,-0.009332789877620424,-0.011403419452492318,-0.01221934549674583,-0.011791414774385773,-0.0006779497363841878,-0.010625012281617724,0.0,0.0025873344449313333,0.002124927460214643
2020-03-20,0.006106440992138751,0.007043170299496375,0.012759082586652063,0.0051292564013139495,0.0015570198347746598,0.012970722995889432,0.0,-0.015665279446499425,-0.04309408262092884
2020-03-23,0.011955453171839674,0.011872931233863059,0.018728504335888043,0.011026715713548295,0.005403113970241937,0.017025939268347372,0.0,-0.010607110540762774,-0.025568227691708745
2020-03-24,0.01923273628654985,0.010953193866796235,0.00017063356724235194,0.0021253798983156074,0.005322103156222335,-0.013160718200216786,0.0,0.05164099119280676,0.09060313486362914
2020-03-25,0.011197789849445108,0.008305854483030199,0.001891616305612155,0.005042099098212677,0.005115567480562488,0.00229148934187391,0.0,0.009216089976537356,0.014970148611177736
2020-03-26,0.012885196525104989,0.010535711854254408,-4.537128451226726e-05,0.006382027801796361,0.003891736980630747,-0.0060640042661037254,0.0,0.036002186128165505,0.05838994717539925
2020-03-27,-0.0013081957282510025,0.0014711249646009257,0.006496657187601672,0.005329796715786994,-0.002374499709602865,0.009151631436281352,-0.0028082805774523063,-0.014907060047890218,-0.02978577133247251
2020-03-30,0.007662920351422279,0.006457651358241234,0.0015820714803583655,0.006040712736178617,0.0010695889514483236,-0.00019463637613442491,0.0017669893129179338,0.020411193531656567,0.032475654652755814
2020-03-31,-0.004555412087864977,-0.003284045717256041,-0.002156053759524885,-0.0037423354902412958,0.0019612810401003064,-0.0016353632778090086,-0.002285595354985902,-0.008217556731799046,-0.014905311165162138
2020-04-01,-0.008267606609333874,-0.005585606763657096,0.0032281391924254338,-0.0014274996640926607,0.005113196389144178,0.006237137118024612,-0.003937349247000082,-0.025374134895564615,-0.045004670439132366
2020-04-02,-0.0028151583897656073,-0.003110163152354756,-0.001298305122123907,-0.0033996471075306714,-0.0016696735340527952,-0.0019474098478717403,0.004605509989257084,0.013910865124105286,0.023075271323846236
2020-04-03,0.0001942945300883454,0.0005653156745587169,-0.0009937671980570944,0.0007508262467939026,0.002665220574006596,0.0006469437971561203,8.69324296697425e-05,-0.008377266616094814,-0.014454358459102257
2020-04-06,-0.0027637328809205215,-0.004450936697752051,-0.00034637487002780933,-0.005294538606167816,-0.007376095871577485,-0.0030255701874635616,0.00625805679269626,0.03849587994209238,0.06716649046035084
2020-04-07,-0.0008067176842213883,-0.0008444960270567318,-0.0008901735940872913,-0.0008633851984744034,0.0013437244683328201,-0.00047675993435174495,-0.0001503171863905248,-0.0011678054781401495,0.0010194112259267474
2020-04-08,-0.002355589124409905,-0.003205918937160049,-0.0012012351525341194,-0.003631083843535121,0.0015043241399075552,-0.001715194962541103,0.0,0.019644423581844837,0.033568398999378024
2020-04-09,-0.0014921350022676205,-0.002864278289229201,0.00251561522606341,-0.0035503499327099912,0.0032332532845608226,0.0017613035160543985,0.0,0.00999220553894804,0.01521758577526744
2020-04-13,0.0009214778064978475,0.0010307854024159016,0.00035062250431511406,0.0010854392003749288,-0.0018634628568661223,0.0007695050344508411,0.0,-0.006337907462287373,-0.009130175863532375
2020-04-14,-0.0006722721240718479,-0.0012133306298330712,3.8579738071592787e-05,-0.001483859882713683,-0.002748320369687064,-0.001883216826505257,0.0,0.018225787240793156,0.029492522622364348
2020-04-15,0.00419239744144835,0.004179992294304101,0.003421550863955108,0.004173789720731976,0.003593403392162096,0.003064660418414695,0.0,-0.009174354332721468,-0.02124791468064824
2020-04-16,0.0007973538202410706,0.0006540726073136904,0.0007898197615097654,0.0005824320008500004,0.00039188501748497676,0.00019975924269657425,0.0,0.003320854069565904,0.004823964799011371
2020-04-17,-0.0021609627869808978,-0.002405762573455199,-0.0026413084050874347,-0.0025281624666923497,-0.0018818766924319846,-0.0019381742164995602,0.0,0.015160830850685467,0.027015646192060983
2020-04-20,0.0028624918842582907,0.0032108410665125965,0.0023619836151900957,0.003385015657639749,0.0013663323029235459,0.0016493779354985424,0.0,-0.009519456815276705,-0.017617949304793323
2020-04-21,0.004921590490145007,0.0056017321252349065,0.0032569405399396688,0.005941802942779856,-0.0033314042938785283,0.002738756143831805,0.0,-0.017103784763513066,-0.03036314260638817
2020-04-22,-0.00037181412982347135,-0.0008547424439737865,0.0004969041521452004,-0.0010962066010489439,8.406665165556967e-05,-4.493391336245797e-07,0.0,0.012074634987513422,0.022194184716572973
2020-04-23,0.00010046479850385221,1.1940297605385754e-05,0.0003252991042049294,-3.2321952843847475e-05,0.0004110083097302712,-7.303951756559802e-07,0.0,0.00021937520674315534,-7.167250839357209e-05
2020-04-24,0.00020178434825748938,-2.5542200834052195e-05,-0.00025115270842780344,-0.00013920547537982293,-0.001020700046581771,-0.0012157411585313584,0.0,0.00846164182684741,0.013938857179249586
2020-04-27,-0.0009086950845459639,-0.0008027968244532959,-0.0007109945132289899,-0.0007498476944069619,-0.001250420972066542,-0.0017594491338152338,0.0,0.006522103430664572,0.014418166103559393
2020-04-28,2.038276682647948e-05,0.00023766846193694422,-5.8524773001620894e-05,0.00034631130949217654,0.00020577571315087784,0.0006547243281442596,8.339580451764337e-05,-0.0010140019713585024,-0.004598216138885225
2020-04-29,-0.0027190242905780013,-0.0034637316948553706,-0.0014925877961701564,-0.003836085396994055,-0.0008407669746603622,-0.0018689819487519455,0.0031325060426037766,0.01551048563172479,0.026178517286504333
2020-04-30,-0.0007305080351781576,-0.0005298601793071172,-0.001248995616382303,-0.0004295362513715969,0.00153343547861133,0.0002349557608419596,-0.0018024582399616162,-0.006537235492049098,-0.00931039951124324
2020-05-01,0.0026953697284174305,0.0032508140794046785,0.0017350046468531581,0.003528536254898302,0.001213185743998204,0.001932890162840281,-0.0023656985559698755,-0.015331709906501723,-0.0264739114896283
2020-05-04,-0.0003527530422944463,-0.0002573443006267198,-0.0003092369306683211,-6.762514199832066e-05,-0.00010013911123550781,0.00014794240692526996,0.0008606166758891179,0.0017207558859893002,0.0027582835014039464
2020-05-05,-0.001263655079679244,-0.0015456842991818866,-0.001060374636618937,-0.001589435700204591,-0.000746120589918338,-0.0004328557224164641,0.001748590664490508,0.005248231834140471,0.009239804259817408
2020-05-06,0.00035316094674284974,0.0004720248525212341,0.00020402054919966184,0.0003732888458371763,0.0003523623777832338,-0.0007984934121327952,-0.0018401196976356546,-0.005547039625083139,-0.006778950595466737
2020-05-07,0.0006456074269493896,5.940026620171178e-05,0.0009110739701848375,-3.9217416178082286e-05,0.0012300873507827765,4.4188929983693506e-05,-0.0001412814704128898,0.0096821388863793,0.012066379136620675
2020-05-08,-0.0024306654433995517,-0.0027022009431846667,-0.0020666358030180503,-0.0027845739816288306,0.0005397392997653008,-0.00184439063561692,0.0,0.008615676760372403,0.016546415244180324
2020-05-11,0.0003465052340352251,0.00039881962266494913,0.0003510224468307896,0.0003465052340352251,0.0004728361895815289,-0.0005780700345654912,0.0,-0.0009957942326920045,0.00020532305716480792
2020-05-12,0.0017285200764467759,0.0017777646975580034,0.0012900147908250087,0.0017673522481007095,0.0021735461334779706,0.001841265666505307,0.0,-0.01063888904369641,-0.019931592754539817
2020-05-13,0.0018424720740541733,0.0017344515330787666,0.0014533811518328086,0.0015897063950274359,0.0016816542277904162,0.0012393794413960786,0.0,-0.009788731116126636,-0.017685537804198348
2020-05-14,0.00042993254642855356,-9.746248885362754e-05,0.0006932164935533705,-7.1082032687535e-05,-0.00040337435387196067,0.00025785564299555207,0.0,0.007804001761431856,0.011967172540369386
2020-05-15,0.0004004008680605959,-0.0005773976219038192,0.0005015340075537069,-0.0009248023543212663,-0.0011140583881173963,-0.0006031830554122608,0.0,0.0024958342994358504,0.004596853484916563
2020-05-18,-0.004472577623527485,-0.005021780663850953,-0.0038024547259593302,-0.0049787348542327005,-0.004619468649565003,-0.003500614868500334,0.0,0.015815776116406964,0.03045942005210267
2020-05-19,0.0014257039414272896,0.0009837559938707624,0.0011997380549813453,0.0007509565242162014,-0.0005286368972040572,0.0007492440317394622,0.0,-0.005040527449243215,-0.010270936685912502
2020-05-20,-0.0011527300066936697,-0.0016648053638740044,-0.0007789961359236844,-0.0014821761532743407,-0.00239018180919089,-0.000776412607163782,0.0,0.010291188515954895,0.016987506319799284
2020-05-21,-0.000508068844458143,3.84914321906999e-05,-0.0006599433048346794,0.00017744610387140713,0.0010055203603210484,0.0002299456799007452,0.0,-0.0038786930551138127,-0.00690322327528714
2020-05-22,0.0009845604183727724,0.0008657279306713078,0.001026334115191818,0.0008440199183611132,0.00029272578980592306,0.0005510313753422165,0.0,0.0018953891695673076,0.0018987600381332737
2020-05-26,-0.002897620338021601,-0.002777936212808933,-0.0026265588072247998,-0.002775260946936977,-0.000532785921415396,-0.001986848792770223,0.0,0.006342187210892946,0.012320690811294055
2020-05-27,-0.00012908085798766809,-0.0004349258907947201,0.00019826604757854023,-0.0004450943678040766,-0.0007357421297034246,-0.0010078018339079405,0.00067895667162034,0.009256622536824377,0.014879057163366127
2020-05-28,-0.00018547535476500627,-0.00023352504274101228,-0.00022606582770283564,-0.0002549197255759647,-0.00018566221766189403,2.6608764989280133e-05,-0.00026003044011000336,-0.0014686791821248548,-0.0018449783909989526
2020-05-29,0.00043327072678776325,-0.0003028761002464231,0.0005313005639767298,-0.0003806647769848692,-0.00113965764197076,0.0001700742897945476,0.0017833132845644036,0.003956860972187082,0.004455797584911325
2020-06-01,-0.0011020288296001005,-0.0016116304316036796,-0.0010131083764426522,-0.0018425165192463883,-0.001073424809274037,-0.0013588899225968312,0.0013358738493588688,0.002267452708154094,0.004041744348350029
2020-06-02,-0.001095140726763142,-0.0014860666203325957,-0.0010282938074825528,-0.0014322558347037288,-0.0010416248392741928,-0.000554828073927383,0.0007572183314596785,0.004311085565385486,0.008280032888760003
2020-06-03,-0.0023956225179806263,-0.0027239961767451006,-0.001862454513195365,-0.0020503957159382306,-0.0007528239399537716,-0.0022035781581869057,-0.0002620632289065002,0.005615917464208175,0.013308380996768898
2020-06-04,-0.00046876864069831715,-0.00034553015911430336,-0.00013349442249014493,-8.761384152545311e-06,-0.00021988300612352642,-2.3760527912629684e-05,-0.0006380486252731429,-0.0031646192342065452,-0.0026267614718905596
2020-06-05,-0.0021645498126701304,-0.002809053289701763,-0.0023328203059308074,-0.002712931099598701,-0.0016119572709402672,-0.0018599616277520192,-0.00014742859389673348,0.013383833051489356,0.025629655934790607
2020-06-08,0.0005341381808163181,0.00031792334415209355,0.0007692704469817379,0.0007216183765402968,-0.001465485562278783,-0.0008516393332303244,0.0,0.007686687049555507,0.01208732474577734
2020-06-09,0.000653460899342373,0.0009767030277780494,0.0009229041574552689,0.0012370933863775186,0.001072831188118966,0.0010714203465935926,0.0,-0.003039547631898909,-0.007456501424567108
2020-06-10,0.0017646109886047204,0.0018881522754652254,0.0022038050643236355,0.002261396118124694,0.0014964746176807206,0.0009432526525291352,0.0,-0.0003560588756026826,-0.005579942462647258
2020-06-11,0.0018888502006171545,0.003457245766727032,0.0010060582206558124,0.0020391019575139494,0.006743336128608627,0.003959455546199535,0.0,-0.0331708067167777,-0.057649235705594215
2020-06-12,-0.0008351329497365547,-0.0012841669612062656,-0.0010704521965723864,-0.0014698878462128188,-0.002138129554668234,-0.0008572221866896092,0.0,0.006297709499176918,0.011975708444645905
2020-06-15,-0.00015965195489693574,-0.0005625382229550807,0.00020914968513205563,-0.0001814852519562328,-0.0018053182125874307,-0.00021266696586334972,0.0,0.005272137408096977,0.009336005608890252
2020-06-16,-0.0006978888712970594,-0.0011012318944156692,-0.0009672290893506377,-0.0011316826863131404,0.002126129899869292,-0.0012673733691979249,0.0,0.010724069190946484,0.019247477399986224
2020-06-17,0.000467856768760968,0.0006564778679920225,0.0004007177990181675,0.000588569002503273,-0.0007484591586347988,0.00017745638159814486,0.0,-0.0018645178463580821,-0.00415392870000153
2020-06-18,0.000328233597817138,0.00033203525419175445,-7.153506176733318e-06,7.361379584565927e-06,-0.0008338463059772312,0.0006871356623054013,0.0,0.0011219236015488575,0.0003850012073338682
2020-06-19,0.0005124539155083123,0.0006900215829155886,0.00041221518617365837,0.0005477559473842616,-0.0003751052380395923,0.0004795986057289744,0.0,-0.003297352067544756,-0.005714934176786035
2020-06-22,-0.0006343533627274333,-0.000712820416508328,-0.00016711199449519147,-0.00013797107476415298,0.0016768156994164645,-0.0006659905103309847,0.0,0.003487226499616902,0.006415295180347114
2020-06-23,0.0002564693134014935,0.00014733374751481806,0.0005584387074875398,0.0005001120767736907,-0.000826297184197446,-0.0006763712101408642,0.0,0.0026303946796268464,0.004603758133763014
2020-06-24,0.000975141318621161,0.0016394410935148855,0.000571119818379838,0.0009836906520139018,0.0021139209108463567,0.001869240267518074,0.0,-0.014547395010211694,-0.025508831123649767
2020-06-25,-0.00014269974727211147,-0.0003161141616666603,-0.0002767435533259257,-0.0002914814727556723,-0.0019132336328404123,-0.0007899817374004581,0.0,0.006497958607725751,0.010720463067337205
2020-06-26,0.0009185442249728732,0.0015359015220559134,0.0007846893857616476,0.0011670686953688969,0.0007345521863587022,0.0014633509721193704,-0.0020874735376058846,-0.01316560873815038,-0.023751581039749725
2020-06-29,-0.0008032302867992714,-0.0008757479907111657,-0.000836643196577496,-0.0006089917403903256,-0.0017062224396201238,-0.0007805380144944377,0.002443929508574075,0.009212401848076411,0.014698058780086454
2020-06-30,0.0005423888629667905,0.00010137621227578573,0.0006759824089832812,0.00030766407702475563,0.0009445446809478754,-0.0006222384092763468,0.0016383853886945596,0.006964749431280559,0.012809516885034844
2020-07-01,-0.0006331618274616826,-0.0008235760849666853,-0.00043246327307126125,-0.000557760367364766,0.0021629351782957978,-0.0004339724520479063,0.0006091824957664365,0.003578543161924097,0.007004339064302645
2020-07-02,-0.00085823889396053,-0.00013850326538347935,-0.0009022593418073673,0.00011643650295565578,0.0011853866833166412,-0.00039826076124484233,0.001978332392129072,0.003797837086635436,0.00550712354177918
2020-07-06,-0.0011148507807875285,0.00048808932799664214,-0.0011148507807875285,0.00212829018464674,0.0029208149447201895,-0.0032309100041171164,0.0030823561416318834,0.008670812101163028,0.015437253164477749
2020-07-07,0.0027125522108995413,0.0012852475888724762,0.0027125522108995413,0.0014068259083662357,0.0025683552720664965,0.0032926094765533417,-0.0005346880745990567,-0.004904715014630079,-0.010313601421818919
2020-07-08,-0.0010119021271237298,0.0002817949710020139,-0.0010119021271237298,0.0013886900660617621,-0.0038577986360349157,-0.0025802555369339904,-0.0003045555743211028,0.00396585498055737,0.007648602967982754
2020-07-09,0.0028440597244966223,0.0015175925337871262,0.0028440597244966223,0.002121406485143335,0.0026968613109074535,0.0021751199211552845,0.0,-0.0021344596810696226,-0.005693092836957514
2020-07-10,-0.001203525698641855,-0.0006539357174273123,-0.001203525698641855,-0.0012016588944932908,-0.0018321913598394026,-0.0016107259290394332,0.0,0.0053405543976392965,0.01021093104042925
2020-07-13,0.0010534127487861575,0.0004142636889323999,0.0010534127487861575,0.0010422937356032113,0.0018720227794965791,0.0007197503784833545,0.0,-0.0047689845666355705,-0.00865933440333766
2020-07-14,-0.00013780424738214845,0.0005622245977848407,-0.00013780424738214845,0.0003325961185716839,-2.683119367848639e-05,-0.0009711796613278834,0.0,0.007742727298461416,0.012959050805655403
2020-07-15,-0.0015458266875322437,-0.0003000858072521557,-0.0015458266875322437,-0.0008334147874533928,0.0015424771557400938,-0.0015915695394139754,0.0,0.00538122757752264,0.009187237515292601
2020-07-16,0.000615383045770168,-0.0003617420307220364,0.000615383045770168,-0.00080965555335016,-9.21748002395177e-05,0.001827905242313552,0.0,-0.0016808224202212285,-0.0032931400158006108
2020-07-17,-0.00030833887258611135,0.0004502685072109112,-0.00030833887258611135,0.0008547138666675658,-0.0005137494406483706,-0.0008838492223090951,0.0,0.0016410400438404693,0.0028988690154785335
2020-07-20,0.001667859555445942,0.0018195917655939118,0.001667859555445942,0.002626603845032569,-0.001682776622064959,-0.0013002211463317784,0.0,0.005111003744173992,0.008081361387558772
2020-07-21,0.00017275486888262894,0.0012915151898650272,0.00017275486888262894,0.0019225511612657661,-0.004699353176718926,-0.0013499361926187833,0.0,0.0017022285224763233,0.002127447392142434
2020-07-22,0.0027308155715504083,0.0030522838215425547,0.0027308155715504083,0.0030851945351194994,-0.004717153198184007,-0.0017710092525537347,0.0,0.003546146829989327,0.005692179393937513
2020-07-23,-8.396401345608473e-06,-0.00035608267170639615,-8.396401345608473e-06,1.6462224666820703e-06,0.0009159696912119082,0.0027249142841054745,0.0,-0.006766234710314722,-0.011931573132198392
2020-07-24,-3.1926049644002876e-05,8.894833216125636e-05,-3.1926049644002876e-05,0.0008210335777191185,9.606828562062387e-06,0.0005060834890257355,0.0,-0.00406047000242189,-0.006440513340762899
2020-07-27,0.0006720795023341353,0.0020924800844327987,0.0006720795023341353,0.0029992825013446262,-0.005578630590646663,-0.003767622122132463,0.0,0.0037544912607530897,0.007292751790011431
2020-07-28,0.0010561462579435365,0.0005639572915378184,0.0010561462579435365,0.0003190409305005199,-0.0008087467228500026,0.00167756754978422,0.0,-0.002855844063806656,-0.006342545435531588
2020-07-29,-0.0011252168199902364,0.0001562828944375197,-0.0011252168199902364,0.0006620890083810677,-0.0022755622809653956,-0.0012009689535745635,0.002832617498016411,0.007901905311848001,0.012298860726684957
2020-07-30,8.64354447076656e-05,-0.0005009565968640741,8.64354447076656e-05,0.00028849308252914456,0.0016818592493629918,0.0012789966131091087,-0.0026179559004196854,-0.0015860491089484394,-0.0035680395148706134
2020-07-31,0.0034127356209252826,0.002438275685024398,0.0034127356209252826,0.001823363041358523,0.0008384465906874235,0.00047341746263029796,0.0021655524324696272,0.0048390754036137015,0.007902222425896
2020-08-03,-0.0006070128203260651,8.703580188601043e-05,-0.0006070128203260651,-0.0002642698264635493,-0.0004974123064192069,-0.0012583258903051163,0.0018705571835209687,0.003975698413667006,0.006952132274107736
2020-08-04,0.0035588693031386614,0.004097496438366975,0.0033524917714982394,0.003926680013588932,-0.0019209788947871732,-0.0004890313395769605,0.004759008956634765,0.003687282955598059,0.003862529313163554
2020-08-05,0.0004797858155076111,0.0009685423650714628,6.786728970395938e-05,0.0012143016965867688,0.00028839406350697667,-0.0023448150243778046,0.0011073141864859867,0.0023939137258985,0.006211006761003501
2020-08-06,0.0034081104994546736,0.003576405925619674,0.0030603808946428348,0.003393699108921078,-0.0012123264398729286,-4.360071482609766e-05,0.0039332966268546205,0.004467561032880773,0.006684645919215804
2020-08-07,-0.003890628371102317,-0.003883366386874458,-0.0033462659827250964,-0.0033046488810021778,0.0015161054519750423,-0.0006662697955202354,-0.00037364367991816496,-0.0004165222843015127,0.0007179166441584339
2020-08-10,-0.0008297622669270837,-0.0004968274490535022,-0.0010756156250623428,-0.00044678240214139224,0.0013960145038419687,-0.0014073130825256667,0.0,0.001368922619002566,0.0029886616275220934
2020-08-11,-0.007235599508851986,-0.008089758951635264,-0.006279812118175867,-0.0074485283868655555,0.0068797961349208745,-0.0016705746321155634,0.0,-0.0063251025005795596,-0.00825432150555605
2020-08-12,0.00018584638185827014,0.0004947872065633665,-0.0010917840087213326,0.00033646934054887956,-0.0041730600122978755,-0.004187083354134259,0.0,0.007184702248222674,0.013942003511788537
2020-08-13,0.000920997682205979,0.000889392051176202,0.0015192622013999763,0.0008436523171299285,-0.0018214785908743016,-0.0014609688880313709,0.0,-0.0019069156481079873,-0.001807662793257836
2020-08-14,-0.001531959037353243,-0.0014479029103521793,-0.0009583218948393158,-0.0015554456487289073,0.0013349710560280675,-0.0001731668570880493,0.0,0.00021575618485916161,2.9711673785515202e-05
2020-08-17,0.0031753235125023243,0.0037815080661401127,0.001987304076810773,0.003365684239191981,-0.004661762161427606,-5.5345003145532276e-05,0.0,0.0025646821001901188,0.0031764967573426617
2020-08-18,0.0028403445233043654,0.0026661693049834065,0.0026777438357924437,0.0024872817490413273,0.0003555000111927315,0.0007575903871105876,0.0,0.001987046150414473,0.0021607452035878882
2020-08-19,-0.004512904130223344,-0.004719422504807284,-0.0038995200259669092,-0.004510533771228884,-0.001158524161921453,2.3991650782282238e-05,0.0,-0.0030236112512556533,-0.004163919327353494
2020-08-20,0.0029422995699733097,0.0029942111384020685,0.0026992484320796715,0.002791222122733056,0.0018670510626750264,0.00048048469492143706,0.0,0.0030185787560581987,0.0031135682494454198
2020-08-21,7.323960950858619e-05,-0.0002641024292470195,0.00037520154778939276,-0.0001993380821672762,0.0010271734239907049,0.00080585201943232,0.0,0.002423450827551488,0.00354737487206247
2020-08-24,-0.00028340096768224337,-0.00012188400484071279,-0.0016160986486110612,0.00010343917588525545,-0.001964611733106341,-0.001421943606222777,0.0,0.005523023722074516,0.010133221089063671
2020-08-25,-0.0005314252908120624,-8.487167321908311e-05,-0.0007014372633971908,-0.0004912546478127316,0.0017915301748017017,-0.0022094557609662595,0.0,0.0011483442918449158,0.0034989889962748766
2020-08-26,0.00250494559199846,0.0022540216177562127,0.00219258650088523,0.0022736025626091034,0.00015153267003429835,-0.0011229920141974804,0.0,0.0058510411972805265,0.010025673273409863
2020-08-27,-0.003825319567194009,-0.0035889825102499878,-0.0030558061177383433,-0.003735046211702967,0.0011331914178209649,-0.0021920649886560373,-0.0036701760212956534,-0.000102259411671657,0.0021869771033851126
2020-08-28,0.002988898419791404,0.003235179217674718,0.0024852855560276634,0.0033016837601331965,0.002014546251741158,-0.0007513231391348352,0.0021458865258616525,0.0045354831108763705,0.006458899623912551
2020-08-31,0.001344324279921335,0.00115002722163403,0.001954794516240417,0.0009472255359173086,-0.001990408636096481,0.001500884483586721,-0.00036852732946800366,-0.0017451498716249737,-0.0036225527635150856
2020-09-01,0.0027366560177988146,0.002915062917976071,0.001978083568829127,0.0031594594321809753,0.0015707857821281594,0.0008586054808705811,0.004105561752665554,0.006962472521572583,0.009418880033272181
2020-09-02,0.002023511151454097,0.001585313047361909,0.00043310473353092016,0.0008269280824584687,0.002732660498724969,0.001347204351448233,0.0015476299067758758,0.00923668330863725,0.01446424140808844
2020-09-03,-0.004977115682333953,-0.005572882901444854,-0.002872165921160962,-0.005772557772145811,0.001962352610916744,0.0028014189390486886,-0.006671388641188993,-0.02012388446421016,-0.034414404181971614
2020-09-04,-0.0022896959090371637,-0.0032468900956369898,-0.0005018821288698102,-0.003092321994033201,-0.001091616373706462,-0.0022595518043167697,-0.004778973239316271,-0.007125807442908916,-0.008164991136147548
2020-09-08,-0.0014590236298504284,-0.0033630992387249964,-0.0003779208537498918,-0.003618928373533292,0.004957429102275882,0.003653242171261046,-0.0003803706177466775,-0.01553745163914204,-0.027322867428780206
2020-09-09,0.0029393117481151284,0.003779218366161622,0.0006437603890187437,0.0037694850938166167,0.005824113211671948,-0.0023439500505067546,0.0,0.011650979397786898,0.01974716154443179
2020-09-10,-0.0014341778353537881,-0.0023044826296624047,-0.0002709110107333356,-0.002325192118659724,-0.005323688614401384,0.0022335413036711467,0.0,-0.009924930318270575,-0.01736352894318094
2020-09-11,0.0006806725613907525,0.0009341232709631716,-0.0007119109245964138,0.0013037962057994333,0.0008956104578866876,0.0003054620287579682,0.0,0.0009294502159760576,0.0005092482499367001
2020-09-14,0.0024675500148208917,0.0028711705538387285,0.0024957963582021197,0.0025362945583657943,0.004348891752208711,-0.002565460019870852,0.0,0.0075421250649390535,0.013171319206167542
2020-09-15,3.8940078942868427e-05,0.0007519487885743553,-0.0006699015050683713,0.0005198318897415897,0.00027929148757771934,-0.0011034455609627216,0.0,0.002834488835215465,0.0050521151130302755
2020-09-16,-0.0026077133208926156,-0.001295947257651426,-0.0024544280176990612,-0.0009678105581914263,0.0007708367067923484,-0.0003108716002405812,0.0,-0.0026110148640436036,-0.003968478182088786
2020-09-17,-0.0010941856276349502,-0.0008200051236557605,-0.0011193268518800668,-8.7860037015078e-05,0.001433141954955771,0.000948236662292448,0.0,-0.005145674014926515,-0.008795131101490772
2020-09-18,-0.0017067797785694323,-0.002070023902908925,-0.0005504704546144448,-0.0013087685006379199,0.0009637726780428141,0.0010644841933275765,0.0,-0.0072688938755525396,-0.011512773913851748
2020-09-21,-0.002362872074989104,-0.004043242097802099,6.792883343541452e-05,-0.004542168766687118,0.0008675948272041427,0.004072813625748765,0.0,-0.005954577627641755,-0.01112948284284998
2020-09-22,0.00043929963676043934,0.0004523512353348348,-4.8255385297278164e-05,3.307763825214537e-05,0.0007692663785840463,0.0003886428940662922,0.0,0.0061105882683093245,0.010184313780515541
2020-09-23,-0.005387230980407782,-0.006345794566586352,-0.0033304073662220315,-0.006407440195641296,-0.007767682576680681,0.0027890925083247473,0.0,-0.013914658662831036,-0.02319109777138506
2020-09-24,-9.692152674364466e-05,0.00039922972759763017,-0.00025147436087756694,0.0003159109694784015,5.144541961701719e-05,-0.000665567424149935,0.0,0.0017961571815564793,0.002665439333557229
2020-09-25,0.0007047542086947014,0.0009927531986097253,0.0005232291565712451,0.0007047542086947014,0.0017213071603382995,-0.0006643234588537394,0.0,0.010028140639560678,0.016167136627134315
2020-09-28,0.003364542321746851,0.004170520271340044,0.0014249589529725041,0.004117902741323108,0.005097084106571159,-0.002214656462112854,0.005261499688711945,0.009899976219619865,0.01660904073201075
2020-09-29,0.002182877180663734,0.0011749132804334884,0.0019378111094927567,0.0011642154969445239,0.001599623438098615,-0.0003780632801732186,-0.00203782517342963,-0.002972534832109641,-0.005445797040529943
2020-09-30,-0.0014790873386550227,-0.000747939264521364,-0.0010250669036466673,-0.00044858982801530936,0.0008004549003363612,-0.0003134421301811172,0.0009436281517716182,0.0034684923733033553,0.007581989007456658
2020-10-01,0.0036476072223866913,0.0032137412789569873,0.002595524760087092,0.0025610431951347767,-0.00035775950859217676,-0.0015840557415103043,0.002408192612043038,0.004078668932846207,0.00641989807679999
2020-10-02,-0.0012041817242864601,-0.0010716537662952145,-0.0014576400555947743,-0.00015994706365621378,0.0006568832884674995,0.0010246661026540563,-0.0025475647846623355,-0.006090546173862865,-0.009494286045847788
2020-10-05,-0.00020730280964573948,0.0023579456933942138,-0.004750423369167189,0.00016331230686203175,0.000589442602378743,-0.004966361045394128,0.004120600353778095,0.008108583994920737,0.01773293766198969
2020-10-06,-0.0026423178259607012,-0.00292388478495407,-0.0010987091260972251,-0.0030656959989200402,0.0032008144289844723,0.0020229192030468282,-0.001349918281156313,-0.007603206834824361,-0.014215819326053536
2020-10-07,0.0022488742049533296,0.002835516149948232,-0.000548591893698817,0.002343573061043066,-0.004221541568353897,-0.002472152310800037,-0.00042161477071391083,0.009288874077822796,0.017406392267478532
2020-10-08,0.0011625425020683042,0.0022352502067752417,-0.000586354459261304,0.002242159639129094,-0.0013975423099689777,-0.0006977768438695577,0.0,0.006045873172736282,0.008862943149579028
2020-10-09,0.0041642728651217886,0.004176956588954868,0.002717398048739191,0.003908482539240676,-0.003722892207044701,-0.0016809767874979378,0.0,0.005159681214592382,0.00893005615032516
2020-10-12,0.004570958865064378,0.0040293874917231645,0.00260235118283696,0.004874435330392009,-0.001861446506703686,-0.000294018666812756,0.0,0.010082131316234033,0.016087453504854743
2020-10-13,-0.0024066799365149018,-0.0033080985196237886,-0.00011756108715552539,-0.0035142388926790893,0.00238126652822302,0.002239961332306362,0.0,-0.0030238671298738356,-0.006525855192714647
2020-10-14,-0.000995429926583423,-0.0012183142457588838,0.0002707176041906498,-0.0017834469445810403,0.0003968320274022086,0.0008531290782519477,0.0,-0.0036383392594986795,-0.0062835595776772335
2020-10-15,-0.0018056240015822092,-0.0013356934362238517,-0.0012894293102904291,-0.0014705420758366,0.0012474546957223854,-0.0003405268037743038,0.0,-0.001169841350253087,-0.0012360852657877786
2020-10-16,0.00017314155527527517,-0.00041200529518205264,0.00018363766004191436,-0.00028719749295762784,0.0011940547508795525,-0.00010667723557579076,0.0,-0.0005932411945212213,-0.0006042752904216186
2020-10-19,-0.0016600954224646593,-0.00213150398312193,0.00012867334707390932,-0.00266725148370333,0.002780751314154799,0.0004640694567215309,0.0,-0.009782009793888456,-0.015203547782768778
2020-10-20,-0.00017366591992983417,0.0011869020666867476,-0.001479262515817295,0.0002891787044708418,0.0007843914597370224,-0.0020945413634810162,0.0,0.0015445308104727216,0.0040059907463640965
2020-10-21,0.001160213396716007,0.0006958929948483043,0.0021051065365480775,0.0009667036233276991,0.0012701672913636082,-0.0010193424473042493,0.0,-0.0016657616041847677,-0.00189301841083922
2020-10-22,-0.0018189462502643848,-0.0012197881591491735,-0.003305440769015858,-0.0018270266480853946,-0.00048764540644721495,-0.0011398850124861757,0.0,0.0018985459827507874,0.005485276724882082
2020-10-23,0.0027307836772433457,0.0023004203430911896,0.0015838509188867106,0.003118976065360638,0.00230066438164014,0.0004251762571696665,0.0,0.002602810078202733,0.0033953483249056227
2020-10-26,-0.0016609611696972587,-0.0034974756518997853,0.0030358939421780847,-0.0025854414382372095,-0.003814227854215118,0.0028234438277520875,0.0,-0.010024882658881351,-0.01848016528886176
2020-10-27,0.0009692801510498177,0.0004034815736902316,0.002043613194070378,-6.651602675387169e-05,-1.4947373979940133e-05,0.0008748602610506792,0.0,-0.001173236657208587,-0.00344708436180996
2020-10-28,-0.005546782966182663,-0.00816496499060742,0.0005881017265817885,-0.007088475400020299,-0.006028953338811402,0.004104211321724418,-0.010629590217395084,-0.02054068949729819,-0.03417913532708283
2020-10-29,0.0007627074514748983,0.0010121547505543068,-0.000967526159153878,0.0016288172063414915,-0.00013281579730548248,-0.0022818618346239525,0.0002606475942044212,0.0044116228508677136,0.010163567065669676
2020-10-30,-0.0028427254019489623,-0.002720240538019738,-0.0020674953804649294,-0.0032700492020861396,-0.0032697410570837766,0.000653164331578711,-0.003465045772019978,-0.007550086392501543,-0.010424898927302584
2020-11-02,0.001376006855438722,0.0031566697433874484,-0.0013017781509140282,0.002919575848745161,0.004408828044085226,-0.0009054444605220599,0.006360044147396416,0.007412046068363187,0.011208714922163354
2020-11-03,0.0009693620575754113,0.0015952562315165717,-0.002494988310173705,0.004210127943088405,0.005302456072763298,-0.002379056730193251,0.004209967891841271,0.00969484162050147,0.01765582869152138
2020-11-04,0.006859460654202906,0.0018706079251408667,0.004859572367913732,0.006053937161085277,0.009706912165575777,0.003977358170301193,0.00924555239006311,0.016778459741665717,0.022349112403368343
2020-11-05,0.005275558759297867,0.0031745828952532387,0.002841908348261009,0.0074087892788633515,0.007534832080821164,-0.0024194649789848082,0.005371793421122551,0.011635445303208857,0.01950272757257432
2020-11-06,-0.0006263242763640238,0.000600040868119369,0.0005748523775435323,0.000674205258671505,-0.002108178160205583,-0.0011406637482744744,-0.00040803175343337433,-0.0014934852985197813,-0.0002285293172485936
2020-11-09,-0.007874346108808945,0.00022330930064497494,-0.011659125583406085,-0.0020433265191176875,-8.868421939663064e-05,-0.0016087337214722862,0.0,0.004585068428177052,0.012565858587667567
2020-11-10,-0.0035932466024639494,-0.0006163422110926933,-0.004438081221773342,-0.0006442323983945212,-0.002378342082578115,-0.003198145755626238,0.0,-0.0020170260837702124,-0.001466829699461436
2020-11-11,0.0008718044325809843,0.00030597114932440195,0.0009688888436906647,0.0010842369804619299,-0.0012880468359560211,0.0005177006867854517,0.0,0.005094463407150673,0.007428826924973819
2020-11-12,0.0021176570705512296,-0.0013244624048711793,0.004450650793294403,-0.0017229636413460528,0.004661929267936611,0.002279857811589659,0.0,-0.003543714508612372,-0.009701056149266196
2020-11-13,0.0018244094558415565,0.0019175565928477595,-0.00014179540933846466,0.002897256524968849,-0.0035010540377778585,-0.0008650195397510367,0.0,0.007773992143942764,0.013844564105784496
2020-11-16,0.001325382440110989,0.0017171969140611033,-0.0012861623771133316,0.0031665369056354765,-0.004624554715524347,-0.0011827946797364898,0.0,0.007189646223829714,0.0124826408523111
2020-11-17,0.0007547250770813609,-0.0003451294117339729,0.00039772939073301586,0.00013599513015400186,-0.0011134491511708264,0.0010881679873676043,0.0,-0.0021928277513274088,-0.005378475556029327
2020-11-18,-0.0006334196365633388,-0.0009381747852500233,0.0006053041437202984,-0.0012941692207451571,0.0019167242326947665,0.0016541129455925787,0.0,-0.007354087872269898,-0.012034983202626082
2020-11-19,0.0016586674437730682,0.0005261729129809232,0.0004927037954839498,0.0016321721475278405,-0.0023157001946713857,0.0010160772058780858,0.0,0.0029590181459139054,0.0042105465993560465
2020-11-20,5.315073215444465e-05,-0.0005093540222908965,0.0003716024941242984,-0.00033989852281001874,-0.0005784746369665773,0.0010164410777045527,0.0,-0.0034105309881836024,-0.006848113885779661
2020-11-23,-0.0008200220831351946,0.0007138334049204023,-0.0022731667892007144,-0.0001560181975065749,0.0005857917108469763,-9.63937355203174e-05,0.0,0.0028000921858233325,0.005994682478102975
2020-11-24,-0.0013074665205685659,0.001235181592209871,-0.003077984247183265,0.002758586152445827,-0.0024966286982784462,-0.0027036801576994646,0.0,0.009036289957415367,0.016113735848784838
2020-11-25,-0.0007689008878519852,-0.00042676794332539413,-0.00046464473184548054,0.0001631848467838916,-4.946999242964779e-05,-0.001302888009728678,-0.00025819148180427536,-0.0007918151032763498,-0.0015418111896944309
2020-11-27,0.001896746782549697,0.0003218988727891959,0.0013025626251790504,0.0011540305082820138,-0.0027893606802564096,0.0025995675079733133,0.0010199712295723188,0.002869956998939083,0.0027849517589018102
2020-11-30,-0.0004885112659217847,-0.00120878845010165,0.0008346475048350377,-0.0025805342647696105,0.0017976892394964755,6.623483819420917e-05,-0.0028716340582210223,-0.0029220187103732756,-0.004427120416785946
2020-12-01,0.001473142576080014,0.002621254795755619,0.0003765216946954432,0.004923243286437399,0.00047247702246606027,-0.0035749960325315807,0.0017340920949352298,0.00443463176927854,0.010937382058744172
2020-12-02,-0.0003253255784424546,0.00039720074223139517,-0.0005606026793421415,0.0007353827339513329,-0.0010101828778142606,-0.0007985979208112945,-0.000299624831378592,0.000593723305249849,0.0021038970384477107
2020-12-03,0.0025318959728366083,0.0017882407389128415,0.0015869677637349341,0.0015374056497030233,0.0004141408018009221,-4.270015540055647e-05,0.0022190568227372547,0.0009079020749975576,-0.0002726597336105696
2020-12-04,-0.0008854262138832487,0.001998202197660917,-0.0012507696160638584,0.0029756731107446893,-0.0012069570337234971,-0.0037149773982174945,0.0010681285877503647,0.0036011601859523793,0.008617677382026345
2020-12-07,0.0017576690923970372,-0.00048607213651804474,0.001591545934396895,-0.0005548398975828015,0.0013592432318897919,0.00202671668847959,-0.0004155308835898412,7.2452126138379015e-06,-0.0020551584575451143
2020-12-08,0.0008649478460284413,0.0001870532887092621,0.0005121531547763708,-1.0037601425643241e-05,-0.0006018694991156634,-5.423114123710525e-05,0.0,0.002156807880558986,0.0029261074043547275
2020-12-09,-0.003218679914148753,-0.0022316561491861203,-0.0026433699627847426,-0.0027850429978291806,0.0021126983422473304,0.0003858581625086184,0.0,-0.005948640556526662,-0.00896857947737495
2020-12-10,0.0018930628989098906,0.001982611565495928,0.0008317422328368752,0.0012277576985082915,-0.0010212837174369872,0.0005181462250744411,0.0,0.0007061026257300984,-0.00032749804985710007
2020-12-11,-0.0001389933904662468,-0.0010900102327830916,-0.00025607516353568237,-0.0013299461175242473,0.0017941868651582017,0.0014803799581307973,0.0,9.725151543080743e-05,-0.001172359109453458
2020-12-14,-0.00047861090242355805,0.00016267964461006803,-0.00041175113394870545,-5.800172641844744e-05,-0.00037000470985055025,-0.0005321636443850502,0.0,-0.0029193044873970786,-0.004476971507412553
2020-12-15,0.0026787672848529714,0.0038689087538260987,0.0016185057803861384,0.005092352029528625,0.0006973822108137394,-0.0026875390516663935,0.0,0.00771175409984508,0.013519373575053173
2020-12-16,0.0004997840893991032,0.0007790140957609324,0.0007434873760033722,0.0015095969210052857,0.0008835099260789136,-0.001334747056269111,0.0,0.0006082786768518921,0.0015690884747996403
2020-12-17,0.0016785994037011342,0.0027496866023146147,0.0010866364114391848,0.003629958011757013,-5.425929804273163e-07,-0.0016727048892073164,0.0,0.003064663531453915,0.00559216574288679
2020-12-18,-0.0008940883113270133,-0.0007729377374122546,-0.0004650768674419974,-0.0012438921965745662,-0.00051709961839341,0.0010333451974787035,0.0,-0.0027301049770885656,-0.003993129554328068
2020-12-21,-0.0005546304295628051,-0.002381257857594968,0.0008663159949705363,-0.0022826722569743783,0.00040213027014955236,0.0009045667513302907,0.0,-0.0018775873078618053,-0.003575321176653823
2020-12-22,-0.00017401003216886246,-0.0009008847604692978,-0.0006935902905611664,-0.0016284028658412463,0.002383574582135989,0.0016354292055338947,0.0,-0.00034270725241256615,-0.0016852091492687293
2020-12-23,0.0011097767251828559,0.002509054296352249,2.630291424528166e-05,0.0030122894557635146,-0.0039235230506806515,-0.0012684956294999909,0.0,-0.00029500931890802384,0.0008986188601314282
2020-12-24,0.0008168251578071925,0.0006802140002891545,2.0721807406841005e-06,0.0007266434688770456,-0.00023659441243316636,0.0008605656524704152,0.0,0.002902654491821943,0.003890250723028954
2020-12-28,0.0014673221887626193,0.000989074184035434,0.0006252135675807505,0.001265123381844522,-0.0009331301868561192,-0.0012880147663986154,0.0,0.005187781118096302,0.008590619186357396
2020-12-29,0.000601453026995857,0.0005895020579040268,0.00044195729843717583,0.0005032120604170588,0.0017191073900132124,-0.0003394269270828005,-0.0007570905451136026,-0.0012114991117678554,-0.001907661315141862
2020-12-30,0.001992770180593177,0.0019625043042126463,0.0013132921007201293,0.002376232252690853,0.00019642429156081082,-0.0007034551269366497,0.0022094998865346245,0.001123343900652296,0.0014268889511972471
2020-12-31,-0.0006351495258902313,-0.00022911568130806645,-0.00043647802971996723,-9.71498422653209e-05,-0.0003818444788753184,0.000816623746401846,0.0011516492798679273,0.0033153888135473153,0.005080692942727172
2021-01-04,0.0012172426470029786,-0.0016392480661616571,0.0011900524955517926,-0.001022475505435687,0.003001812286498046,0.0013749667543095318,-0.002044044810250201,-0.008068294035830424,-0.013613848222061464
2021-01-05,-6.214044706554813e-05,0.004148283125764405,-0.00032901265219299747,0.006218102454532571,-0.0019194212809207477,-0.0037461174954780373,0.003451865415117797,0.003198946811489378,0.006887370026880113
2021-01-06,-0.0028646857171626913,3.3560493575413475e-05,-0.0017504533618946346,0.0013893297573661053,0.002968996510498522,-0.003111878963448289,-0.002703608727835741,0.0012477421765067827,0.00597844428569827
2021-01-07,0.0004733555453468722,0.00234367265381201,0.0006329709788249593,0.0032224984259835083,0.0029171448252996424,-0.0008481377996387384,0.0026631143802939177,0.007502905348310662,0.014857551199858099
2021-01-08,-0.0025766293675957737,-0.00012512240703914062,-0.0028994388889331374,0.0010548650236253299,0.0027911175297413654,0.000388927665122642,-0.0004393318099145818,0.002271778095911614,0.005697691767714952
2021-01-11,-0.003513263199523373,-0.004211098469813709,-0.0006706238976579555,-0.004591072385935273,0.001672038408019507,0.0010015579725366015,0.0,-0.004822765260466743,-0.00674089289396429
2021-01-12,0.0013529665372644139,0.003300396449271398,0.000736704964826182,0.004271406844594052,-0.001199133741796674,-0.0015726590991774082,0.0,5.902602582019688e-05,0.00021133126110095546
2021-01-13,0.0014932974638564931,0.0003057854443075115,-5.620915998711914e-05,-0.00023249970645724825,0.001958990971859691,0.0027631395436857028,0.0,0.003005835638443388,0.002693014873362598
2021-01-14,-0.0008117928089557708,0.0014955603754986358,-0.0007699145036548381,0.002612838510506804,-0.0022551209536878333,-0.0030983566605907085,0.0,-0.003013352346053022,-0.0035020915280867815
2021-01-15,-0.0026938238273881716,-0.0046099137032925945,-0.0018128370421865794,-0.005524716483689921,0.002385251966881243,0.0035014143043096014,0.0,-0.0032920869538036737,-0.007292797509239279
2021-01-19,0.0036816462546495296,0.003750228977651564,0.0022624535574516528,0.0037939463608190854,-0.0007511516729253366,-0.0016973418801681335,0.0,0.004947512262637987,0.007852180944132092
2021-01-20,0.003256946735797677,0.004016603821676353,0.002170359070848353,0.004403168249068676,-0.0027482949992168344,-0.002792264222458939,0.0,0.008471993020524681,0.01383866770349984
2021-01-21,-0.00014621957611549977,0.00035962829962470305,0.0003130660130175771,0.0005896672815785849,0.0005485275315592766,-0.0016493357437591056,0.0,-2.65513274429807e-05,0.0009115259099548023
2021-01-22,-0.00025422871624635173,-0.002191127218101465,0.00018334261896256406,-0.0031353096370604007,0.0013664578162164394,0.0005398845472790571,0.0,-0.0015156302579785175,-0.0035395418773368492
2021-01-25,0.0011866514704114834,0.0008749490737673269,0.0001446137057087209,0.0007837167624996481,-0.0026045041683200034,0.001646954940457897,0.0,0.003985749859362597,0.003944142671729933
2021-01-26,-0.0007240302226186453,-0.00019689558889255505,-0.0003864344162629776,6.130675098892265e-05,0.0002563777344362201,-0.00038102265293707405,0.0,-0.0010709943572499326,-0.0015609251593843299
2021-01-27,-0.0052563169867329935,-0.006569356120331407,-0.0030945002997069325,-0.007207102049148016,0.006277766301914057,0.003770670908210365,-0.005979616429521188,-0.01419391846765321,-0.02444060187514796
2021-01-28,0.0021151962606600757,0.0027470583870479203,0.0015846520415666106,0.003021460290320345,-0.002139841915533883,-0.0023954581952317366,0.001186939597881053,0.004119494975072913,0.008600268434695746
2021-01-29,-0.0044564717027017345,-0.004161295486769686,-0.0017354650160052217,-0.00404191050248641,0.005231385262639772,0.0014695913149871185,-0.005046287777103123,-0.012718645487316826,-0.020019853882664695
2021-02-01,0.003568477770897029,0.006243008564560687,0.0015322449079904915,0.007600203829319867,-0.006150748843041402,-0.0030863470543270547,0.009271680044265509,0.010486985438115682,0.016645948633546848
2021-02-02,-0.0005502723260666036,0.00205715061335462,-0.0006438633974122608,0.0022345727508767213,0.001676995695799792,-0.00016697582297389027,0.0011898470400947946,0.00747327431123046,0.014140217093058016
2021-02-03,-0.00040721851262488047,0.0013553240677651698,0.0002740358482771365,0.0018303740546012069,-0.0015224140000263079,-0.0013877792481764963,3.8921246197056376e-05,-0.0005079042318519634,0.0007862718045497097
2021-02-04,2.309675616677699e-05,0.0018448591021311069,-0.0006541885265864246,0.001373802017125082,0.0017050318644128881,0.0011149601216591794,0.002190622521916466,0.006683641297255382,0.011365302028817359
2021-02-05,0.001652690814262842,0.0028514117836493224,0.0022043138875338575,0.0038450229411961766,-0.00021029822150914494,-0.003188096963102285,-0.0004683012535964353,0.0015148760879467372,0.003936209441881555
2021-02-08,0.0036467330000561366,0.003354695809164437,0.0007416711583691125,0.004433098217425084,0.0007781578079885177,-0.00046059367140946717,0.0,0.004502860297447864,0.0072218850735756845
2021-02-09,0.0009829005983369064,0.0011083911039609974,0.0008241520599394827,0.001243545276082466,-0.002165906141316033,-0.0017776013733997304,0.0,-9.40610214295478e-05,-0.0006658902996228289
2021-02-10,0.00029515600408591973,-0.0006490731017554039,-0.0008390374597823163,-0.0005568730961267435,0.001200951555751402,0.0008080749783878102,0.0,0.0007556804803417582,-0.0004356604913707818
2021-02-11,2.6961226360943974e-06,0.0009897957881206097,0.0008397651110986878,0.0005413827052025212,-0.0019514286866813423,-0.0010500253864412976,0.0,0.0006646015305258766,0.001614912840035787
2021-02-12,-0.0005664285864063487,0.0021393288923381316,-2.1257159615386043e-05,0.002864116330796209,-0.003908383301471339,-0.0015009396832854638,0.0,0.001643937661748662,0.004940141331716719
2021-02-16,-0.0026519310450240185,0.0010362746790906021,-2.134069776731426e-05,0.0009521738594949162,-0.0040427140153369906,-0.0017313743145145205,0.0,-0.003406169146692939,-0.0008662681671265382
2021-02-17,-0.0005450894406698636,-0.0006411758794221366,-0.0015981115740819828,-0.000944154459657199,0.0008214820337620044,0.0022990758793861345,0.0,0.00041140535708188435,0.00022946813157642687
2021-02-18,-0.0016007737932074114,-0.0018570599774889933,-0.00043455023801439657,-0.0022086545307071805,0.00012328819753108555,0.0006583320801449,0.0,-0.0025880858636532,-0.004256205923476086
2021-02-19,-0.0005895155345252145,0.0012193503493282151,0.0019049443368508853,0.0015630939849076665,-0.0014624064046191167,-0.00338609535512406,0.0,-0.002666034729402478,-0.0017658654086372128
2021-02-22,-0.002871291783615313,-0.000569825439815259,-0.003003398271857297,0.0009503615714460164,-0.0012429255630522916,-0.0017053089696861894,0.0,-0.005267020933921685,-0.007691517539604287
2021-02-23,-0.0004979395303721375,0.0001839633880013539,-0.0015061825642200975,0.000451607087420958,-0.00036320584643729576,0.0009362828063535794,0.0,0.0010379924295087495,0.0012144241077070017
2021-02-24,0.001464428193650321,0.003160778285100358,0.0007480178519050011,0.004110966326389076,-0.0006492457113913294,-0.000975038771830258,0.002536531986802737,0.006061915273146789,0.011019271596631519
2021-02-25,-0.01164784470138106,-0.006866374324553088,-0.003057310606893699,-0.00779206248675354,-0.010234813400886883,-0.0013391919101877682,-0.013457410451969232,-0.01978945162368071,-0.024095875118591015
2021-02-26,0.0007801108335884411,-0.0046073000251469366,-0.002225313788157043,-0.007463047961367135,0.005915889807117265,0.0071142138361217026,-5.372966979668394e-05,0.0004994756857760411,-0.005152521124055731
2021-03-01,0.0052891730758110505,0.006076841087577935,0.0047984099705711235,0.006441182836891083,0.0068641474871410915,-0.0017914261663348513,0.00527544019450745,0.014094718440881636,0.024240199630052972
2021-03-02,-0.0017033672128979735,-0.0023037793886335933,-0.00020517191207621252,-0.0025626416491319973,0.001275385356898257,0.0006003901296246781,-0.002602842068016927,-0.0039552003979347545,-0.007803323547507679
2021-03-03,-0.00409841435487679,-0.001280541227148661,-0.0012755070207239269,-0.00022711214813459093,0.0011217860856738632,-0.0016134920031993913,-0.004407831342903177,-0.010089336018037697,-0.013245425022714863
2021-03-04,-0.0063381499008376575,-0.002634625296349383,-0.0027389923746179087,-0.0012856485831552365,0.0009067636982308615,-0.001062101662405357,-0.004031653621373135,-0.009404951063595447,-0.012374903729015285
2021-03-05,0.0029965807461541207,0.004417235989638236,0.0015479670663846026,0.0049836338790831,2.5874568754947114e-05,-0.0018306811554739243,-0.00045043231392713517,0.010479224533360343,0.018396481902078987
2021-03-08,-0.003958589412878983,-0.0029204098658720643,-0.0008652400579145371,-0.002430353323060813,-0.0010049342594416295,0.0005062318994107983,0.0,-0.004560352681687907,-0.00497870979161108
2021-03-09,0.006278356692382834,0.0034351171782485476,0.0038430547262202877,0.0025442502660305596,0.00814664118939422,-0.0011865840242220255,0.0,0.010461764428673125,0.01427746343586933
2021-03-10,0.0021716686170654797,0.0016838863650577207,-0.0004375888896363178,0.0016303429755605873,0.00235210791702569,-0.00018847139780222012,0.0,0.004573155631486037,0.006224590864748469
2021-03-11,0.00532747038199224,0.0060561169029112825,0.003247136511964051,0.006371638922520934,0.0029688496282121515,-0.0038188589161215532,0.0,0.005944041430976421,0.010139334759011742
2021-03-12,7.354217821152416e-05,0.0015180617842612365,0.0017316266863685653,0.002086503337413913,-0.003494687757590616,-0.00243161214226834,0.0,-0.0020863632146549183,0.0013466150803853605
2021-03-15,0.0014330661498870444,0.0005222722903410254,-0.0005155837487690669,0.0002785479634937247,0.00257459974277212,4.3820792764839584e-05,0.0,0.0040701955600932925,0.005963627568318142
2021-03-16,-0.0004908251185119551,-0.0007021469420909155,0.0006049091104115586,-0.0009680892613321613,0.0002900132813392156,0.0003266448755846546,0.0,-0.0008271345354633919,-0.0012613841913091672
2021-03-17,0.0028958268444644144,0.002227714053390659,0.0022665250258078313,0.0021187863238751243,-0.0023182752576111055,-0.001411970648633932,0.0,0.0013793553795414582,0.003409889259953003
2021-03-18,-0.005607800986673118,-0.007225241084028475,-0.0015795206452064098,-0.008256139712560503,0.010627125944539389,0.0043917208494874405,0.0,-0.011225382929047845,-0.014549670871247145
2021-03-19,0.0010370701644511668,0.0017106143001507923,0.0008448927336059331,0.002195126551874849,-0.0024112095878327418,-0.001407743024763103,0.0,-0.0013575602119878958,-0.0018502520705040437
2021-03-22,0.0007789820793035485,0.0004985463915355924,-0.001485940870785395,0.00010027264086257833,-0.001413222842151664,0.0018317264900517111,0.0,0.006100185208120524,0.007984819305340674
2021-03-23,-0.00490220390285524,-0.006649943439659694,-0.005652115338842539,-0.008033739447620787,-0.0019253949019101423,0.006766087017972071,0.0,-0.0027470923987208185,-0.00787083374880937
2021-03-24,-0.003225457224108433,-0.0018586315624572096,-0.003518737876400397,-0.0011606145906594555,0.0019392571640523052,4.672988343269198e-05,0.0,-0.0025235383599699675,-0.005083297876125159
2021-03-25,0.002098646000079311,0.0010242018286480237,0.0010227743457538667,0.0005234586743744011,-0.0004113932063221694,0.0015151327801987882,0.0,0.0028496157789381638,0.005625607011094935
2021-03-26,0.005329628524544937,0.006828147011084188,0.002878537353540575,0.007533725516266872,0.002917813910652178,-0.00413155299071535,0.0,0.008334952297638231,0.016114707876839995
2021-03-29,-0.0020205029424520634,-0.0005542417278371465,-0.0012114461766054093,-5.467121712501578e-05,-0.001201332200471166,0.0007302991269789471,-0.0029372519854394042,-0.0016763408700178229,-0.0005048922345043394
2021-03-30,-0.0017634456132425659,-0.001600733950594094,-0.0018479169928175047,-0.0020004237770202982,-0.0018561088595948473,0.002354684232059135,-0.0012391119243277454,-0.0019452325226994693,-0.0026530371535286035
2021-03-31,0.003917247194073077,0.0019471481325221444,0.0026035739939932203,0.0012972386458268968,0.0009538374805237581,-0.0012796250537583159,0.0017542690666486876,0.0018660905262370075,0.0040534219804653215
2021-04-01,0.00394252053203938,0.0034017845704551845,0.0006107582734297961,0.0034675284369776386,0.0022636531162537475,-0.0015896621022468936,0.006525319188375177,0.00825132718954782,0.010798936125016034
2021-04-05,0.0015286306861738096,0.0018772774786296091,0.0035771967956388898,0.0015644181593390742,0.0010577317156768966,-0.0007026766838791301,-0.00021154577595164454,0.00748299269295578,0.01435326530305181
2021-04-06,0.0006374742380925175,-0.0008702267887572498,-0.001979122359822437,-0.0017137813559145092,7.091432783330634e-05,0.00013770169978876757,0.0018852140206099678,0.0015916009894321184,-0.0005908296371883726
2021-04-07,-0.0004754570927575044,1.389176679315014e-06,3.75982429323174e-05,0.0003710317781926385,0.0012096820170367155,0.00031422802019707145,-0.00100697282841568,0.0004481013321656402,0.0011575136509980322
2021-04-08,0.0019148302362424412,0.0004306784942093222,0.00035921822149204526,-0.0006045335025436732,-0.001050097921212325,-0.0009731331774353538,-0.00040799856676313297,0.004222144765244229,0.004746603422665752
2021-04-09,-0.00019790618396165345,0.0006102167497988797,0.001103907049692327,0.0009535332979692648,-0.0007767607795785053,-0.00013274944693982595,0.0,0.003308757111294502,0.007270423658988001
2021-04-12,-0.000686179610481175,-0.00017990231855698349,-0.00012440351733756657,-0.00024589623911784695,-4.8336078065589847e-05,0.0003641684590524026,0.0,-2.7831048110460438e-05,0.00036437627610319545
2021-04-13,0.002244001167650882,0.0008410414632222154,0.00028728633297989744,7.459629354449016e-05,-0.0028784475007850407,-0.0003127715425212066,0.0,0.003434181567376182,0.002963766321326222
2021-04-14,0.0012962951722026237,0.0015561505002469795,0.0005545678681028701,0.0016052677861315672,0.000230230621198685,-0.002034424387673985,0.0,-0.0025404210845761943,-0.003415136542778252
2021-04-15,0.0031913290875146944,0.0013954175066649343,-0.00039717287377025916,0.0008193971032023727,-0.003642792650664378,0.0012237697328801769,0.0,0.009009730914663772,0.01074246281977298
2021-04-16,0.0008954228385389771,0.0012224191618680675,0.0021678474096359845,0.001289321162292659,0.0011919162588645061,-0.0016917523711557174,0.0,0.0009235912245693977,0.003342367411653946
2021-04-19,-0.00048033049760438874,-0.00041717233757172415,0.0004777596347960325,-0.0011171246112402092,-0.00039523335026592866,-0.00036892929612757834,0.0,-0.0033678037237873993,-0.004913041003507312
2021-04-20,-0.0027063600582283164,-0.002982788565643848,-0.002396398577803392,-0.0029478574118021114,0.0017070045904449124,0.0015763291153947266,0.0,-0.0032016590538826105,-0.007321409044410143
2021-04-21,0.0032747566479481554,0.0018961556495874525,0.0018613992935741803,0.001599509904802566,-0.003220987412728939,-0.0002665488838952147,0.0,0.005886785177251541,0.00946212705201721
2021-04-22,-0.00228588962404847,-0.0015996378396603938,-0.0017406657027582676,-0.0012708309756224718,0.0020230229502185768,0.0011938087106153617,0.0,-0.0051657243325932125,-0.009133295871719072
2021-04-23,0.003936067237911716,0.0036458983903646202,0.0031130917818534267,0.0027965986090573948,-0.0034020537230731633,-0.0016192840337545527,0.0,0.005982170337487824,0.010842352867886706
2021-04-26,0.0011846516752387053,0.001016726459930168,0.0012753028139445863,0.001047163785379176,-0.0009442208079108755,-0.0010458221376264446,0.0,0.0008335151295994602,0.002087812316992066
2021-04-27,0.0005510640123010431,0.0011873223244272318,0.001199079222321732,0.0016163730526292347,0.0013555702969501474,-0.0019939580512574146,0.0,-0.0017028139454480673,-0.0002156415001244305
2021-04-28,0.0010331726677989313,0.0005692575096288539,-8.426892717210263e-05,-7.84897626924796e-05,-0.0008587695746295023,-0.0004531240246082103,0.00014291502230971687,0.00035399893275980256,-0.0002873224800967744
2021-04-29,0.0011853399108509377,0.0016511145268883211,0.0008274684279603565,0.0018250547474103894,0.00012010615499564772,-0.00031518284539667406,0.0006496156388306808,0.003122372597829459,0.006372591069613742
2021-04-30,-0.0037200334265696995,-0.003029770805042185,-0.002865286395027062,-0.001912661252010468,0.001440736707649183,0.0030903546082250394,-0.0016920391931398871,-0.003591053353909257,-0.006570329903088257
2021-05-03,0.002915040484463616,0.0011379886688780928,0.0007484397178412982,0.00041805326644817,-0.0018836691172047482,-0.0015062473879566597,0.0028288089195811317,0.0019754164689023135,0.0021569180658449483
2021-05-04,-0.003575418607822193,-0.0027082125767938026,-0.0022409504868299416,-0.00310668002766063,-0.0018776095389383273,-8.387124953875485e-05,-0.0015607766481545273,-0.0031759696113976333,-0.006169502136217364
2021-05-05,0.00027028808233863036,-0.00022752705852254206,0.0008467920306670641,-0.00032349226804130284,0.0013785942444273838,8.912310648635917e-05,0.0005943386833096514,0.0006780335536579418,0.00031291227374352637
2021-05-06,0.003926607479846052,0.0018980684966359135,0.0015653506793679738,0.002043213862150585,-0.000466847514001927,-0.0016110332242886556,0.0030056192314758153,0.004965998455100883,0.007985434353418253
2021-05-07,0.004552414355567197,0.0036541604923768637,0.0021200072707317024,0.003645578906230095,0.00025025377007723763,-0.0005894994356389183,-0.00042962618730110546,0.004506546181374693,0.007278048824720829
2021-05-10,-0.003019689146005754,-0.0021305677439144646,-0.0017524108525389197,-0.002393902531175939,-0.0024191525771569728,0.0008426512919110121,0.0,-0.006744955074040692,-0.009902308624409661
2021-05-11,-0.0010573984559429802,-0.0008146889209105745,0.0011038925535834126,-0.00045542323537861205,-0.0025447704502266993,-0.002881387422982367,0.0,-0.006020164978166176,-0.00892492948000656
2021-05-12,-0.007580643902894956,-0.00535413074774431,-0.0018661401910302494,-0.0057321395617347835,-0.003132651524947425,-4.68029069342602e-05,0.0,-0.014675700026698579,-0.021245361220016856
2021-05-13,0.0016702493772418308,0.000969882488183573,-0.001628814670959791,0.0006485445704802562,0.0029370902741091814,0.0030879614275777507,0.0,0.008546505497045541,0.012012520132376858
2021-05-14,0.006178377738050882,0.004395452532748533,0.002335502289923947,0.004404954681051035,0.0015485896627930374,-0.0007434027810503169,0.0,0.010091239010092679,0.01535557019382372
2021-05-17,0.0016240250220500975,0.0005481939954556424,0.0011110850683124012,0.0007269659490342294,-0.0025534541347039404,-0.002460770480046827,0.0,-0.0019121652352426023,-0.0025445546742293157
2021-05-18,-0.0005225459947604174,-0.0005400303163463805,0.0004718608000668318,-0.00015037519725041415,-0.0009734073301391719,-0.0010501391865393173,0.0,-0.005169451244456757,-0.008615752074094596
2021-05-19,-0.0031999756396448044,-0.002700278552516968,-0.001935630071529248,-0.0029666063302061997,0.0005589959002899089,0.0008998093213800813,0.0,-0.002765641994316681,-0.0026217253780838057
2021-05-20,0.00316830902847257,0.0019472965062246217,-0.000698145582171159,0.001586955054110054,0.004012261174650811,0.001984956366314768,0.0,0.008108466760295353,0.010758049959826765
2021-05-21,-0.00024722589277787377,7.345439746625168e-05,-0.0007000598431242351,-0.0004055866942119529,-0.0003373243263521786,0.0004290449245376661,0.0,-0.0003512265977676065,-0.0008186554361464538
2021-05-24,0.00407744109085892,0.003328703540260237,0.0018732585918881193,0.003449343100488877,0.0009779796975503035,-0.0007145662362280245,0.0,0.006501752991870591,0.010194050356112205
2021-05-25,0.00015690818717579313,-0.0012060509273314436,-0.0013213210434862344,-0.0013215714601356471,-0.0025992767067831153,-0.0005689194432444965,0.0,0.00013841880901555026,-0.0022185701070264185
2021-05-26,0.0006427976138300702,0.0008643164109307711,0.0003511126121973247,0.0008954402825138638,-0.0004988887749946642,0.00010075981783904845,0.0005727453435710199,0.0007373243859932542,0.0019844538064253125
2021-05-27,0.0011739709243724587,0.0013644919562748352,0.002006389684275705,0.0016485558333025814,0.001351681229329692,-0.0014262675746245942,0.0001014019065503692,-0.0003828769483897876,0.0005249137839857809
2021-05-28,0.0008909068578771562,0.0003881046341323499,-0.0001272581546276489,0.00039673603269255094,-0.0009011603678962548,0.0003465187210086458,0.0009238592181578125,0.0010383365010434352,0.0017887708163857319
2021-06-01,0.0033009342571203803,0.003046339697169407,0.0008938404635537253,0.003531050471531793,-0.0014071960598226747,-0.00032871124814273203,0.0027990735042895966,-0.0006019606748259631,-0.0008806609980028801
2021-06-02,0.001969104835405237,0.0017835246740721352,-0.0003458184805264788,0.00157936136728661,-0.0027886629031360936,-0.0008473903324415146,0.002580112932074652,0.0013985516108390161,0.001572645783139981
2021-06-03,-0.0045036691513190815,-0.0042210067366361135,-0.0005817345882517505,-0.003655681907270177,0.004165566530140096,0.0005181822841278124,-0.004239087312632088,-0.0032407710696910506,-0.0037114678605213447
2021-06-04,0.0033044075847345326,0.002796918350128324,-4.5797557904637075e-05,0.001781939880915909,-0.005498628484398287,0.0010055153882260043,0.005698720405349876,0.007695400391901508,0.00914575285799879
2021-06-07,0.0018078110707631853,0.0018673795877830336,0.00034871517971691614,0.0019865166218227294,-0.0008572935511523008,-0.0015553573905175556,-0.00047560129741760284,-0.0008957017453563366,-0.0009701299206671399
2021-06-08,0.0001427190546977564,-0.0001284291022492168,-0.0012826349467608,-0.000670725416143163,-0.002609871435941309,0.0005333207485929459,0.0,0.0012788470714519828,0.0002131470033834848
2021-06-09,-0.0011439019895782285,-0.0014032312503281328,-0.002046686013889757,-0.0019218897718279418,-0.0007394842416234197,0.0017579446074439398,0.0,0.00035687945757807444,-0.0014920213743909727
2021-06-10,0.0017890012724019234,0.0014660137294522188,-0.0008135389581316755,0.0008200386435528093,-0.002868765683833929,0.0006569937852944018,0.0,0.004210569024438638,0.0046484695874156046
2021-06-11,-0.0006064950461529703,-0.0006654228373082616,0.0007491148020814697,-0.0007832784196188441,-0.00018163931325652157,-0.0001963524240843449,0.0,0.00040425643241452907,0.0016526739856772554
2021-06-14,0.0007051696644702476,0.0009675424962784646,0.0020244870250457373,0.0014922881598948986,0.00029756644792162647,-0.0021421502773090843,0.0,9.767944940550764e-05,0.002238789376844741
2021-06-15,-0.0013428596300195876,-0.0013965986502250353,-5.452913240166765e-05,-0.0015040766906359306,-0.00040433713997900305,0.0008514896146099691,0.0,-0.0010310692728669358,-0.0018342978572484236
2021-06-16,-0.003691151684613332,-0.003487102603733059,-0.00022574220958742372,-0.0030790044419725126,-0.00013665823304487312,0.00021951186412902152,0.0,-0.006091273261468277,-0.005583234460501796
2021-06-17,-0.005864586768619358,-0.006263125286925664,-0.0037044787371257834,-0.007060202323538276,-0.005419963153097856,0.0037849154191224514,0.0,0.0012335683120387798,-0.00033161624464816963
2021-06-18,-0.005500997935332749,-0.005875871152205815,-0.004301619044485439,-0.006625617585951947,-0.00017006577399450776,0.0044033480939002344,0.0,-0.005831336518144714,-0.013490381996013823
2021-06-21,0.006647567111279555,0.007063111075105556,0.004089111476363663,0.007894199002757557,-0.00023003841401530707,-0.004438839023845625,0.0,0.007308716042908836,0.01431614441174589
2021-06-22,-3.437473323533751e-05,-0.00015225520689977605,0.0003804761042560804,-0.0003880161542286532,-0.0011382542454500756,0.000691621065513836,0.0,0.003936962614803674,0.005346004562561069
2021-06-23,0.00013228862458101954,0.0002446473386126816,0.0009791305972848595,0.00046936476667600583,6.430502096154041e-05,-0.00094925626289632,0.0,-0.0015204696590976675,-0.00120541823922804
2021-06-24,0.0025251499999907295,0.0023857937004469493,0.001553005839814603,0.00210708110135939,0.0008390047857176346,-0.0007017159389006547,0.0,0.0034801039571596523,0.005915918500683404
2021-06-25,0.0019709329193470385,0.0021581456217116927,0.0012613655413194237,0.002532571026441001,0.0014718311888582904,-0.0015001908896484857,0.0,0.001297358647052693,0.0035520106796895767
2021-06-28,-0.0010177218434322974,-0.0013233517628680681,-0.0016258332867476713,-0.0019346116017396092,-0.0013919466084639043,0.002119135095178363,0.0006071528815585327,0.0024627661134312808,0.0020158665489915517
2021-06-29,-0.0009662547104190369,-0.001051711847681497,-0.00013240949283529942,-0.0012226261222064172,-0.0015364905109136293,0.000445922123449371,0.00011082476382153492,0.0005311750923414848,0.0005382041290782347
2021-06-30,-0.0005654163833373008,-0.0006453864361898272,-0.0008839027787025933,-0.0008053265418948794,-0.0015226096632915023,0.0014683542778563521,0.0010381242198728446,0.0011293211903955491,0.0008415317725767313
2021-07-01,0.0010782237960735063,0.001140650775523003,-4.327124085436434e-05,0.0012655047344219965,-0.0004025775940373912,0.00024880393266104987,0.0017879686467367722,0.0030342676630380704,0.005536563762132518
2021-07-02,0.0017747086662520334,0.0015499916095618636,0.0003835926229846422,0.000614095191594522,-0.002402796854260183,-0.0002369164221498429,0.00329793916077496,0.0060430217362222646,0.007643863505558457
2021-07-06,-0.005133307284060243,-0.003838723000218155,-0.006623193110060274,-0.004286932716769645,0.0018756151429928597,0.004506425506137842,-0.0009392564208114084,0.00101505802976154,-0.0018217128934406857
2021-07-07,-0.0017278344314680149,-0.0011737265846324535,-0.0030252344489316366,-0.0013530189268088925,-0.002416113636551015,0.0033060859066918243,0.0009431934484081638,0.0032891445176921772,0.0035340776632761806
2021-07-08,-0.0025402362308023386,-0.0023671302615425817,-0.0018216388423756454,-0.0034757507868691277,-0.0008190348546374441,-0.0001784341683237009,-0.0005029607273547626,-0.003860282806530968,-0.00814789801982796
2021-07-09,0.006797268546571101,0.005947998986358918,0.005796969800564081,0.006233707513913521,0.0023667750612412198,-0.004660645298756325,0.0,0.0043875272310845755,0.010674643824301278
2021-07-12,0.001177260489762912,0.0011081131347212602,0.0005600890503725093,0.0014597131343584758,-0.000315582375281094,-0.0003922597236397478,0.0,0.001943106107176007,0.003581960599557954
2021-07-13,-0.0019201251403327577,-0.0014990838720068218,0.001177789091536695,-0.0005094661845495951,0.0017354887132686365,-0.0009034135904324178,0.0,-0.0032829505273605395,-0.003408859239012574
2021-07-14,-0.001164701366296748,-0.0009570597683698424,-0.003446024243204701,-0.0022864436360287466,-0.004133763562839548,0.002109561267368999,0.0,0.0026193508617229355,0.0014920873271000445
2021-07-15,-0.002986628964003582,-0.002190805780762676,-0.0035079002201457723,-0.0023291376290630983,-0.0013369141911894634,0.0019195807455202924,0.0,-0.0003665986704543434,-0.0034154231981867733
2021-07-16,-0.0025884146050021775,-0.002309527945079145,-0.0018024703499182027,-0.002307415875462622,0.0004445194958530913,0.0011063677389392282,0.0,-0.0047746518052453005,-0.007843693328384305
2021-07-19,-0.011500268801301262,-0.009967347121961647,-0.009740307603069074,-0.011126054699801512,-0.00679759532388842,0.007711769935498208,0.0,-0.005440623798261978,-0.014767895438452583
2021-07-20,0.006270002311632413,0.006064556097883741,0.002963428599638954,0.006550213280524183,0.005983398482599184,-0.002633400355560636,0.0,0.008089629562595003,0.014330483084946666
2021-07-21,0.006789133317483969,0.005560535308435965,0.007055040268357688,0.0062294045418821425,0.007186508242665989,-0.0040965598704207585,0.0,0.002549015714171832,0.008096420776940283
2021-07-22,0.00011852096713830382,0.00038595486205459447,-0.0003048328430681998,0.0003990482919757741,-0.0009919889684076048,0.00118471772143969,0.0,0.002178495775295319,0.002093921473774296
2021-07-23,0.0024648824084477243,0.002202285190883037,0.0012479446589595468,0.002558265400219228,0.002492696769192514,0.00024043757743169274,0.0,0.005559317237562266,0.010287942260832406
2021-07-26,0.00023798954521716477,-8.766546443378487e-05,0.0011459368420775108,-0.00050891997687567,0.0007712888308700383,-0.0005106087447201472,0.0,0.0012002532713798252,0.0024550244318646275
2021-07-27,-0.003672167140403397,-0.0029933368222444345,-0.004948440106249049,-0.004046811390502604,0.0018744246953672594,0.00324858844267951,0.0,-0.0010276416531534772,-0.00455782183485498
2021-07-28,0.0029024147642964116,0.002598245089677553,0.0025829139107063914,0.0022457376372090688,5.3504013683728204e-05,-0.0023464037208283653,0.002245798492968683,9.414688127353806e-05,-0.00041003755268631537
2021-07-29,0.003772491830643047,0.0031711573171643286,0.0039021535713935182,0.0029257551739550127,-0.003658985342679235,-0.003795487719508154,0.0023221018041033464,0.001265442919534809,0.004147594604213101
2021-07-30,-0.002434599083680024,-0.002051517260464485,-0.0024054016196218813,-0.0017736473027452591,0.0016456182429348668,0.0019313494041664817,-0.001164732472595099,-0.0017893629401134036,-0.004856565663152401
2021-08-02,-0.002183564862037272,-0.0017621307163253961,-0.0020441704019709523,-0.0024660175066328095,0.003181652971597517,0.002646611248975789,-0.00020549454917425224,0.0004957553657629621,-0.0020980211318144537
2021-08-03,0.0015438412959405618,0.0009206728551934372,0.0004971335597917827,0.0007726522444268661,-0.0007362089928702001,0.0004922213477936741,0.0017160860730608522,0.004982920984672923,0.008135507776596107
2021-08-04,-0.0027898300089176974,-0.002210025656824458,-0.0019749136302681125,-0.0022680274705388966,-0.0013069767042903923,0.001258500582950145,-0.0022198811907495272,-0.0030529952948508575,-0.004919007973783085
2021-08-05,0.003388537410616624,0.0028723698427692585,0.004456496652605916,0.0026698080722213744,0.0030930660310267235,-0.0020263491338301954,0.0014680842591889122,0.00234399785253343,0.0063329205652522536
2021-08-06,-0.0009974602993650591,-0.0003334480606450187,0.003499936323253722,-7.209250870962591e-05,0.006084549091191749,0.00018652450671960386,-0.0005022459650165778,-0.0013529941201764208,0.0016524835333717736
2021-08-09,-0.002017105967288019,-0.001227814445868094,0.0018706284273153182,-0.0005093126894257581,0.0025362454720114906,0.0005582161626063395,0.0,-0.0013428407867808855,-0.0008136254592602254
2021-08-10,0.0004219884493459589,0.0003838254666329896,0.0019755697577654224,-7.69696213645042e-05,-0.00040548209157954693,-0.0007352419440909196,0.0,-6.8923199331827984e-06,0.0012441044250117717
2021-08-11,0.0016882683782874462,0.001257979971361742,0.00021226931005462635,0.0005632725919731863,0.0013551669381605311,0.00019661960698024301,0.0,0.0019370999242687148,0.002484895825265898
2021-08-12,-0.00028540393951256057,0.0009515199776168533,-9.243384259187109e-05,0.001257299889436203,-0.0006681138080638641,0.0015267171273053936,0.0,0.0013864944043251446,0.0029967922624045684
2021-08-13,-3.952826328657531e-05,0.00013418611571119706,-0.003698052635535844,0.0007185489476264797,0.0036477793954513443,0.0015036790490884555,0.0,0.003391026390002061,0.0018197718019217213
2021-08-16,-0.0015961884195116465,-0.0005814519603064167,-0.0022168155919663137,-0.00023126197003587768,0.0014601467055015414,0.001324099560786979,0.0,0.0022999606681036954,0.0023547354214066285
2021-08-17,-0.0044539048706501985,-0.0019691693451703287,-0.00281890680103343,-0.001131953410862663,0.002026274846487198,0.0017007031638550804,0.0,-0.00413726379870123,-0.006555094955078
2021-08-18,-0.003688347920720949,-0.003207044772191737,-0.0024991330083272293,-0.003189842465169882,0.003366055482954042,0.0008824778004499698,0.0,-0.006771497026470552,-0.0109451597091057
2021-08-19,-0.003061950797328473,-0.0002903188371840389,-0.0028612246208313827,0.0015402590764001015,-0.0002331788123251335,0.0019968001830196567,0.0,0.0018150793115323527,0.0015485136893056417
2021-08-20,0.0007341476027878013,0.0004914895750131749,0.0004055524097520612,0.0008017402916933546,0.00013688620298663715,0.0013450661299679693,0.0,0.0044001312935416865,0.007956933133746347
2021-08-23,0.006804961647391355,0.003999265525390131,0.004194127516228758,0.002549221774122006,-0.0060412856322156015,-0.0037287119402968152,0.0,0.0053801789124702905,0.008796660915838528
2021-08-24,0.003961178325778191,0.001518805461941607,0.003575262235038331,-0.00011918136445384535,0.002512870668507808,-0.0029578830556909992,0.0,-0.00013662578501474345,0.001587118728307635
2021-08-25,0.0021233488570359268,0.0009476063168043574,0.002464762929077593,-9.641390466250775e-05,0.001781803443576015,-0.0013541240122328163,0.0,-0.0003105106397423452,0.002098397334366897
2021-08-26,-0.003069003103637604,-0.0012776752023619235,-0.0021421676437868306,-0.0006482311490982884,-0.0006735302334252833,0.0013234851301251506,0.0,-0.003541745176333322,-0.005902908627222203
2021-08-27,0.004813558024172585,0.0029608485146850492,0.0012815724943442373,0.0029158768811334184,-0.0012911775566185912,-0.0014033943845949384,0.006701739077657959,0.006666164945684682,0.008940780054249808
2021-08-30,0.0015766084059217896,0.0017733216867389413,0.001022939697050325,0.002405204655912213,-0.0006692242301586044,-0.0006004360404162,0.0021354991898597563,0.003423751888158488,0.004397452613238428
2021-08-31,0.00038310433559155216,-0.00046652415286882237,0.0012389382457825891,-0.0015387741225681352,-0.0012126440860185626,-0.00041504145890085384,-0.0005368984235498287,-0.001638504385386641,-0.001481373445530787
2021-09-01,0.0025186390638395183,0.00102871319267133,0.001300070780612767,0.000643704431106437,-0.002805923025680663,-0.0011386473160477988,0.0025572680260939726,0.0004896949363025094,0.000531329187789531
2021-09-02,0.002306856850217948,0.0023597903426952212,0.0015419235251552669,0.0025034435079011887,-0.0014796627900487815,-0.0004362966480064934,0.0015991526326713315,0.0023240031661254878,0.0030767193839971174
2021-09-03,-0.0005485859864553858,-0.0017304141831412502,0.00036184768825987427,-0.002000530711840744,-0.0025601897926665856,-0.0016513637060964433,0.00044531517964290727,-0.0011004894809916621,-0.00024266199633582453
2021-09-07,-0.0005555049398936167,-0.00176746679009279,0.0013744686841564854,-0.003591221593847572,0.0034851212346311035,0.0021876027879646166,-0.004074393823046802,-0.0037180140737024026,-0.0035755930014513826
2021-09-08,-0.0007561037118167064,0.0007858787113073461,-0.0018922725873568831,0.0020232345290927952,0.003142121299436802,0.0008419815355809744,-0.0005170188779517581,0.00036745008220493433,-0.001218104055247915
2021-09-09,-0.0024501672769739434,-0.0013629464934500908,-0.004391426941951651,-0.0005205029101101484,0.0022702332817103594,0.0012039373192074903,0.0,-0.001438632317123978,-0.004280367162957988
2021-09-10,-0.0007100967452868035,-0.0017147037759380227,0.0004318128344482916,-0.00242419599521814,0.0010191452440749763,-0.0006090000305144804,0.0,-0.005993679850811517,-0.007884612965114668
2021-09-13,0.0018194055523723413,0.0024809898331821347,0.00051701396679352,0.0028713262285774257,0.0009371110242168807,-0.00029999304235001203,0.0,0.002014904577788501,0.0025592220985195535
2021-09-14,-0.0030223799861289224,-0.001097706640174657,-0.003687542026700516,0.000525965700198925,-0.0022788883684455585,-9.111314310085833e-05,0.0,-0.0017330343645830305,-0.005396305857395589
2021-09-15,0.003903608268691367,0.002817800037015585,0.0038156134078645722,0.001989396697865341,0.00037225889322248777,-0.00031969250619174705,0.0,0.004329959977009734,0.008352407355240787
2021-09-16,0.001318028007161281,0.0007901053292907244,0.0017725968343139486,-0.0001495053333667953,-0.0033028196543041315,0.0028948428052575632,0.0,-0.002213798876097006,-0.0015851407507733173
2021-09-17,-0.00272356175753874,-0.002856870180414695,-0.001815412179019411,-0.002830494345401776,-0.0033656571386397483,-0.00047975171734708743,0.0,-0.007008701085184588,-0.009740986139487151
2021-09-20,-0.008055052572138535,-0.005287205297310384,-0.00792285014044203,-0.0024563397494220328,-0.00487277532734989,-0.0007394986469562944,0.0,-0.007978512823264138,-0.016674191580546727
2021-09-21,0.0007255118377053588,0.0004422420552521332,0.0002884608968124671,0.0003344455731060776,0.0018551643241795496,-0.00045140262274643954,0.0,-0.0008059871119920903,-0.0009445473611464639
2021-09-22,0.0036776079356969143,0.004282340651766751,0.0024639644869372396,0.0038900687804843685,0.002143975520848442,1.705652320882706e-05,0.0,0.006228945285810505,0.009754713916467983
2021-09-23,0.006519915671976121,0.0020886517419559675,0.008194525099608819,-0.0010225142331782323,0.006153687619447438,-0.00037517654372096627,0.0,0.0036697410009275616,0.012149913479319263
2021-09-24,-0.0008365461251151405,-0.001253235173281363,0.00011512323314261596,-0.001044954311309953,-0.001324443195774432,0.0008694018815940373,0.0,-0.00021800823578073131,0.0016472898959951632
2021-09-27,-1.472469236161333e-05,-0.0006286325311162382,0.000362819261854172,-0.0010950700473883672,0.0001435489812581017,-0.002375715269522467,0.0,-0.0027882234281529474,-0.002861042674488723
2021-09-28,-0.007091454273055603,-0.008155074889010216,-0.0030992242054262145,-0.008650187863682574,0.002089293859971625,-0.0028587630420768137,-0.010292132916519923,-0.013616231645639142,-0.020151748790581125
2021-09-29,0.0002923271842618561,0.0019672586558193697,-0.0001373018414285162,0.00295589742433857,0.0008369800505309623,0.002592785869966356,-0.00019404680392524158,0.0014275438270697548,0.0016832193239282311
2021-09-30,-0.0040830856337280355,-0.0037753153997207942,-0.0030960262380483852,-0.0030457969254256718,0.0004091845092831279,-0.0030612097144863616,-0.0004737833418707463,-0.006846775827108397,-0.012222427411872183
2021-10-01,0.003357307751544167,0.00439679529898156,0.0008276746096130268,0.005069872001657153,-0.00030758242335016133,-7.550233582967366e-05,0.0054889896997800305,0.008763171961549698,0.011884165713622163
2021-10-04,-0.002717844713064126,-0.0020129176679892216,-0.0013907456028033078,-0.002847297019194538,0.003023957350570632,-0.004191335967531295,-0.0032448784449678704,-0.008222016515272568,-0.012896099434919206
2021-10-05,0.003014154030469932,0.0012856977726887916,0.0040920483025375706,0.002050391411628484,-0.00025947735153330223,0.000894692057485359,0.001107468366486056,0.0049959025840479844,0.01040496672026503
2021-10-06,-0.0017302085371044777,3.892934519720537e-05,-0.0016467434886615765,-2.6057988641227272e-06,0.0010281419689231568,0.001181568332658419,-1.5516573638847437e-05,0.0025979882039491196,0.004156131485078207
2021-10-07,0.004637698725719044,0.0010391010285920892,0.005635579030787401,0.0019910055248713076,0.0018404407789623205,-0.0010849109546090623,-0.000489093998739167,0.003589423954652826,0.008645695760987504
2021-10-08,-0.0010767035370718469,-0.0018882394927496402,0.0007884700505801747,-0.0022640036711252393,-0.0020774191137407894,-0.0010420848950176817,0.0,-0.001966312900782663,-0.0018237153784192994
2021-10-11,-0.0010500167672082888,-0.0007218441331509698,0.0002197885750981496,-0.0004066205164744874,-0.0022621867463589454,-0.0016290933459987898,0.0,-0.00532258758559605,-0.007239653923223566
2021-10-12,-0.0006065477598456641,0.0016554806374284967,-0.0025804254343026398,0.0017804423356107542,0.0031038271170992665,-0.0002828991086858119,0.0,0.0003453017789500246,-0.002461540258556494
2021-10-13,0.001983358371393777,0.0012522721630519027,0.00010176029420967789,0.00038511205997286517,0.002162531474643854,-0.0014987766925866662,0.0,0.0029258153912024906,0.003597275123204291
2021-10-14,0.004411795553458098,0.003952591242504845,0.0018097789146930788,0.004532118360708619,-0.0005078419417613305,0.0014392497153834583,0.0,0.011032402359047521,0.016820825594597855
2021-10-15,0.0034725654088138343,0.0007127400633153569,0.004762843440603141,0.0016464632026069472,-0.0045194172360223705,0.00041560943995904164,0.0,0.0025897026920265183,0.007615878062393389
2021-10-18,0.00019771908199449085,0.0005623560980028555,0.000511685515465847,0.0009567666473362235,-0.00032543399173354465,0.00047597373662326415,0.0,0.0012178285742192596,0.002960518223545927
2021-10-19,0.002350457266890268,-0.0005626099291080576,0.003438762932539971,-0.0006688393953328103,-0.0020849122435688187,-0.0010341782336756268,0.0,0.0031956516528066636,0.00771468616527704
2021-10-20,0.0010825515047319675,0.00015718416054013077,0.0015515200250098354,1.2820479404755534e-05,-0.0029531189701781564,-0.00264026816906375,0.0,0.002181416820238491,0.0039279896255137725
2021-10-21,-0.0008786600798866345,-0.000613386319659797,0.0002852731579351305,0.00014547632364113447,0.002326395102441094,0.0008044175041102556,0.0,0.0005118701114635636,0.0026082220794552136
2021-10-22,-0.0007362542356974732,0.00026298528325620845,-0.0010255869669966028,-2.4622127884699706e-05,-0.0022460812741726096,-0.0015008502517131872,0.0,0.0003989053088709894,-0.0010362981323960296
2021-10-25,0.0009332531916021775,0.0009400395714289833,0.000367460898315957,0.0008052916709809031,-0.00226374885059455,0.00013431057316734888,0.0,0.003709079574028751,0.005362850030836919
2021-10-26,0.0007908071684294099,0.0021869110602389208,-0.00026914984207181993,0.0025308547073935495,0.001464270312839606,0.001736516482263035,0.0,0.0010305812721727926,0.0008999481436675616
2021-10-27,-0.0038531195010176973,-0.00030295447862938344,-0.005051780109830401,-0.0015516467879558681,0.005409450832457799,0.002502414295776838,-0.0015050537975257912,-0.00041701686844530794,-0.004430165327071411
2021-10-28,0.004919662608310326,0.0018694292035111642,0.004591770326649781,0.002926004022615486,-0.004762373547282362,-0.0008017087420903184,0.0024524731655339916,0.004744848984342775,0.009649028715780217
2021-10-29,-0.002340266567190663,6.890167917196358e-05,-0.0015150203311606694,0.0012160556795254682,0.002991189931586441,0.0026420829287858863,-0.0012447536385452238,0.0013918524191849357,0.0020288364780096657
2021-11-01,0.002617217422923077,-0.0001850846801196572,0.0033176375060614757,0.0004573557273065998,-0.004471609639072586,-0.0018540026633461046,0.002155821441649239,0.0010006545666129353,0.001720335429264308
2021-11-02,-0.00021343520465545084,0.0011119734496415604,-0.0006506139216808826,0.0027213736392375865,-0.003153304022142715,0.0020301132315675365,0.0013488038449409813,0.0034036625290867484,0.004043139556906716
2021-11-03,0.002106220348902045,0.0005678031073065563,0.002143963436965585,-5.276416831613139e-06,-0.002512179866374401,0.0003391160810633439,-0.0013170944283497576,0.0024091269039784088,0.006105291492207288
2021-11-04,-0.0014829743899852507,-0.0001167178623748624,-0.0038767211859101836,0.0006853954812889123,-0.002279360586052267,0.002732342525164704,0.0035735313833477117,0.004994240157609697,0.004712460751963965
2021-11-05,0.0020761695883178576,0.002026384549243294,-0.001492651183919759,0.00261548257816639,-0.0004904245445492006,-0.00012613113001980815,-0.000500967184480911,0.004271387809400107,0.0034694774376267112
2021-11-08,0.001608272245621065,0.00019007643874458823,0.0017333271979875936,-0.000626380842332468,0.002396631278570891,-0.0027495382873061816,0.0,-0.0012163014086050252,0.0008536897716795444
2021-11-09,-0.0013511024307125846,-0.00040793073435436544,-0.001888353373974071,0.00028000521988858195,-0.0002677742588964306,0.001035880481482839,0.0,-0.00014306198582547647,-0.003305373720592253
2021-11-10,-0.0055023477666244595,-0.003740774602615989,-0.0024863819110075296,-0.004997024127044995,0.0032008490447137613,-0.0018029600247342604,0.0,-0.008248268965012073,-0.008044804999726374
2021-11-11,0.0016170710280051447,0.0004947837425280394,0.001576260620833191,-0.000514363951400101,-0.001405097985787948,-0.002841583225366089,0.0,-0.0010955860739438883,0.000323638136338511
2021-11-12,0.0012328192879990415,0.0009116974203266374,0.0012176277302265843,7.876494219496652e-05,-0.0015442427595580277,-5.318993214874682e-05,0.0,0.005367341333306852,0.007546890942004447
2021-11-15,-0.0006983030595376018,0.0005954856266017349,0.001778334592967657,0.0001821798070851026,0.0018113063390933757,-0.001373063126022828,0.0,-0.0013647832436770814,0.00034249416412079903
2021-11-16,-0.00012092532101401341,0.0006381057162091083,0.0008025621328116883,0.0012089418515670875,0.00012075816625965784,0.0008004471900440833,0.0,0.0020242055468454806,0.003957701516694279
2021-11-17,-0.0021377251569495905,-0.0018877532719882614,-0.00328964475662164,-0.001912223619127086,-0.00021508615542844157,0.001431626655726738,0.0,-1.9744046673752895e-05,-0.002429151370031968
2021-11-18,0.0006346094081665262,0.001112874947932998,0.0008272080714012944,0.0018178427123390975,0.002385874877144583,0.0005113094710171797,0.0,0.0022823312683413195,0.0033963282111466597
2021-11-19,-0.003574943911313674,-0.002146379329636165,-0.0037232951129103774,-0.0005086529704511192,0.0006010829742518489,0.003798300180746066,0.0,9.634482444465138e-06,-0.001788313910101369
2021-11-22,-0.0011927912753634208,-3.717376969666043e-05,0.0028202732175519095,0.0006260674806660563,-0.0024127677047539836,-0.0005713646657744335,0.0,-0.004614583893178925,-0.002815242109641347
2021-11-23,0.0018641724284734333,0.0020416887836730937,0.0049085148347477745,0.0014032395600537578,2.0528518346341073e-05,-0.0029584083072510684,0.0,-0.0008530799371510245,0.0013262178483361975
2021-11-24,-0.001107765863057821,0.0003038016075518797,-0.001825403006595856,0.0020051780882775583,-0.0010628255556675383,0.0017889405454021255,0.0,0.0028348625346601873,0.00266977811727398
2021-11-26,-0.015593314001024325,-0.012641609567551663,-0.014481377700504209,-0.011183343688962037,-0.008955110517181022,0.009950668341844928,-0.013524882312091924,-0.008219499741783952,-0.022303149387927212
2021-11-29,0.004017172993637751,0.003543308476894915,0.0027485481552788045,0.0039264687475646706,-0.00023826510036290845,-3.566934405054489e-05,0.0028268396618446132,0.006458570102284433,0.012266549534412752
2021-11-30,-0.00736610790591177,-0.0070664374481478835,-0.006491993843764746,-0.006707334588492917,-0.007452767429614454,0.0041211815919673855,-0.005785984466493872,-0.009276872752563347,-0.019457609996626823
2021-12-01,-0.00585539164262866,-0.004235119994090834,-0.0046452933388892595,-0.003528980304582689,-0.00497497465111617,0.0035482020895859345,-0.003319306853426102,-0.005910695370768825,-0.011107142706596962
2021-12-02,0.006205757677844712,0.0007504240705735129,0.0032494494384351,-0.0011345331664886168,0.006844205253565559,-0.0021343446727821068,0.006347030230509543,0.00832710490634021,0.01531622316725878
2021-12-03,-0.005578056364166583,-0.0017305651576102665,-0.004346367209826755,0.0015741673874228852,-0.0027302462237548475,0.0027106008239935167,-0.00036393006130937814,-0.0028694734522793025,-0.008701291613206097
2021-12-06,0.007519324920457912,0.0019922652755027604,0.0056627899994221,-0.0019066973421921676,0.005757054395631409,-0.002193621242674271,0.0035913803916454764,0.005112230022517038,0.011843367128660631
2021-12-07,0.007609404582019039,0.0017049660362806062,0.004808075395582708,-0.00127250389879266,0.0005257468663704464,-0.001331281177627768,-0.0004449731905497648,0.010890764798116237,0.02068479585105143
2021-12-08,0.0030306302852533824,0.00037003264562244576,0.002743156890689706,-0.001918660088597303,0.0011772272928450925,-0.002177936724461014,0.0,0.0003055959071333269,0.002647996730490876
2021-12-09,-0.0036728194437217108,0.0003082760835424424,-0.0020580284732965772,0.002265175219987247,-0.0007687689752082128,0.0025807505140687894,0.0,-0.0030420234156080415,-0.006751618548664351
2021-12-10,0.0013997577202375724,0.0005343775324143026,0.0007129179907250683,8.686240419613337e-05,0.00047674030351989793,-0.0003420060226238995,0.0,0.00592585322488044,0.009413615767862149
2021-12-13,-0.004168429209657186,-0.0005980947142461877,-0.002783831024827506,0.002762524684899314,-0.0015385988479453092,0.001475647775760716,0.0,-0.0034076557050177086,-0.00885849759891777
2021-12-14,-0.0008924376012882646,0.0003221002760316529,-0.0002330788175965913,-9.645189245215417e-05,0.0008687662123214149,0.0006745860316044024,0.0,-0.004818559645032239,-0.006880181787982109
2021-12-15,0.004342974220329656,0.0009309842227877259,0.003577463611927206,-0.0003709586278302744,-0.00339192582320814,-0.00013772815387041792,0.0,0.008787433399469212,0.01562518219252529
2021-12-16,-0.004017628667190459,-0.0028436628467653144,-0.0039287431155144055,-0.0020699265800596775,0.0007595055788218287,0.0007740748873793132,0.0,-0.0041266262474737745,-0.008818460837475728
2021-12-17,-0.0020979949020346403,7.555237133561276e-05,-0.0014182162932657992,0.0019492856656161454,0.0018542381820345444,0.0004791352167444506,0.0,-0.005487346833951023,-0.010643031611676679
2021-12-20,-0.0022933372329164295,-0.0005793747631234374,-0.0005249277732694204,-0.0002804172534762603,0.0006062603222757959,0.0011521572720487037,0.0,-0.006724788550259997,-0.010633324134106004
2021-12-21,0.006693283919744558,0.001449668405517363,0.003798252353580322,-0.0014422428035648365,0.006815718466672955,-0.0027963461167430513,0.0,0.009067974305771463,0.01775903267474388
2021-12-22,0.0017220204552201794,-0.00028008319837716423,0.0005980881800619895,-0.0008552081172151127,0.00399946885331395,-0.001243471735622463,0.0,0.0063802817134763325,0.009998751145454676
2021-12-23,0.0026212332781729185,0.00013868173993339855,0.0014038984292537,-0.0016988718377266192,0.0018484060435096322,-0.0002238114209258302,0.0,0.0029026500530979766,0.006222054120449183
2021-12-27,0.0034290763094492064,0.0014826652582626148,0.002759431718664466,0.0011121773706658116,0.004232683932050204,-0.00144740828552019,0.0,0.008629918971743056,0.014152051644305885
2021-12-28,0.0002785695814925917,0.00035606883632428296,0.0006864231886269462,0.00036116034814042514,7.523479475817201e-05,0.0003306903957599934,0.0,-0.0005595937187622856,-0.0008171990602449108
2021-12-29,0.0016891300278113622,0.0006238350711499545,0.002510842107036268,-0.000842111101459527,-0.0007490576941375925,-0.0013429145348085648,-0.002410901501874368,-0.0012787010923665412,0.0012791378446332935
2021-12-30,-0.001514599787778709,-0.0010792578152564272,-0.0023922411682548704,5.240541338318364e-05,-0.00039428994430754495,-0.0001257348764373716,0.0021974108596323517,-0.0003339988292677897,-0.0027643586033903045
2021-12-31,-0.001968100915909148,-0.0014573243051684203,-0.0014799892056542184,-0.001089743462475971,-0.00011984651105695148,-0.00011238213148662412,-0.0010206627356670035,-0.001963754595116063,-0.0025202672055406605
2022-01-03,0.006778694363215858,0.0027342781029280026,0.0062756364192305516,-0.0018147272041982698,-0.000452999105443429,-0.001032532596298692,-0.0022413143440017623,-0.0002478802405473158,0.00578995482308331
2022-01-04,-0.00029047385057746303,5.493631632965139e-05,0.00042788211355171,-0.00023270518023526838,-0.0008118337231356018,0.0005061481386479668,0.00043935128569363497,-0.0004115193521123217,-0.0003347869282508409
2022-01-05,-0.0035115237486460153,-0.004588976460944842,-0.0014519673630891852,-0.0042858847059617355,0.0004420799617165335,0.0013292121952128,-0.008827225719694824,-0.013207554611936366,-0.019202327653655593
2022-01-06,0.0022805863073391453,0.0009672782110918017,0.0022496357005088665,0.0011022202511630414,-0.0021709981948815765,-0.0017487872289566376,-0.0008262168599126639,-0.0015513530340883098,-0.0009394016027026719
2022-01-07,-0.0018895555347740811,-0.001141011653528926,-0.0012081401843589473,-0.0019493940002171307,-0.00031443156252716265,-0.0007728542211991847,-0.00043924424291044614,-0.003680599705541665,-0.003953480086905881
2022-01-10,-0.001196846643730806,-0.0008127595794574336,-0.0014142453294206758,-0.0006561583401265474,0.001187149063724116,0.0001713481562292321,0.0,-0.0008529963010236674,-0.001244424081745743
2022-01-11,0.00033681684437751873,0.0022855123049117655,-0.0009043575230911261,0.002234579162752336,0.0034670913472124336,-0.0016698796643390243,0.0,0.006423289274511612,0.009108371851271668
2022-01-12,-0.000822054230574121,0.0003275131564443571,-0.001254484718143138,-0.0008294425614999107,0.0009356653983052177,-0.0015188563704303592,0.0,0.001692979298527497,0.0027035874092380396
2022-01-13,-0.0033615830128216648,-0.004186565783417116,-0.002405639025744955,-0.003035772393509053,-0.002306250805715088,0.0011685434917222026,0.0,-0.006992945767380409,-0.013778613691053265
2022-01-14,0.0035430057923853146,0.003174430505412846,0.00379062698298496,0.0020089679239612902,-0.003470502403204193,-0.0015533536671816167,0.0,-0.0025068080688304575,0.0004090094918411946
2022-01-18,-0.0009487924175846465,-0.0010998672392924982,0.00035208309319305657,-0.002260951299010058,-0.006719513770523977,-0.001007885405721976,0.0,-0.013645854998788585,-0.017709612274034003
2022-01-19,-0.005079282558683125,-0.0030338291986173743,-0.004830216202204721,-0.002728865370914475,-0.004154413413132018,7.13958786727882e-05,0.0,-0.005263545534572156,-0.010383589744755728
2022-01-20,-0.0034399069285716744,-0.003190832101752233,-0.0029414315600556217,-0.003229489979236316,-0.001964458705475653,0.000252584868408559,0.0,-0.005783756685774843,-0.011068055907754282
2022-01-21,-0.004116478615376854,-0.005055671987270738,-0.004147695523970706,-0.003533533332933194,-0.0006504338425837745,0.0012384376225411207,0.0,-0.009461946595745018,-0.019630669253529742
2022-01-24,0.0020581248958787208,0.00175873900449124,0.0023390441878539444,0.0020228151421736477,0.0010178052002368556,0.0005243563831682266,0.0,0.002193805506035051,0.004246725832663056
2022-01-25,-0.0016445302075881868,-0.0015542074182807177,-0.0008635301620144398,-0.0014118949827535059,-0.0035456996715999976,-0.0003210977192172936,0.0,-0.007857379680561572,-0.012208909531499001
2022-01-26,0.0028025888535507114,0.0008783917868114353,0.003711389458407223,6.364637793457393e-06,-0.0012445456044289593,-1.9219037899809925e-05,0.0,-0.004346087719818414,-0.0025087351476361652
2022-01-27,-0.0006580978941037657,-0.002725625941090895,0.0005052783072585881,-0.0006490995552408171,-0.003406712092204939,0.002312762821307605,-0.002755575372523739,-0.001281928003597521,-0.004938037293699349
2022-01-28,0.0050036842973579,0.004594778712347011,0.004245694639511323,0.004694102156970659,0.0051098453010932614,-0.0010149522812261727,0.004336634009374255,0.015827202521961948,0.0248353509440844
2022-01-31,0.0019575267885790695,0.0035248343399420386,0.0018946021996495408,0.002214423771717191,0.005489405846454256,-0.00311138422570431,0.004896488313196678,0.010806696326155983,0.018011160543593308
2022-02-01,0.00118569885554186,0.0015933623919123373,0.0001272051095482842,0.001014518808892878,-0.0003769805090862273,0.00016413227114419487,0.0018539567022097568,0.003513470444260891,0.006756878529592836
2022-02-02,0.0011014179035629729,-0.000604657468944361,0.0009680845702296396,-0.00032826499086369116,-0.0006405009251683714,-0.0002722267170469473,0.0015703877841999026,0.006647740771790289,0.009714170858762028
2022-02-03,-0.00184307678552445,0.003164839910276003,-0.00184307678552445,0.0021203771525228903,0.00027733105502682627,-0.0007365908894383865,-0.007471596153866014,-0.01580914132633606,-0.023505015554534214
2022-02-04,0.0022189715642009604,0.00245456685835547,0.0022189715642009604,0.003029192813261203,-0.0034279349374734735,-0.003860879548919045,-0.0015268104673367168,-0.000248375989154637,0.004702174095550182
2022-02-07,-0.0017810503469796516,-0.0010665422331184627,-0.0017810503469796516,-0.0017601792165452947,0.0017337350680207732,0.0002858887062494663,-0.00041218807918371586,-0.0018176683099815794,-0.0032093338783540926
2022-02-08,-0.0001527601426574891,-0.0007182023372338911,-0.0001527601426574891,-0.00037567125795299203,-8.994387199926998e-05,-0.0014681630427252873,0.0,0.00364214062455872,0.008228029484690813
2022-02-09,0.0019456310444777138,-0.0016755081542023623,0.0019456310444777138,-0.001069244970212827,0.002503856582166772,-0.0016332988766695612,0.0,0.009322816257717071,0.014635916394550863
2022-02-10,-0.0008220261425027352,0.00413632612607945,-0.0008220261425027352,0.003965592252801924,-0.00596905304922628,-0.0019759806820736437,0.0,-0.014454429703517402,-0.01796554860536581
2022-02-11,-0.004906231001288411,-0.000626013874503445,-0.004906231001288411,-0.0024710415305144325,-0.002352377309816071,0.0038981413043524932,0.0,-0.007685684954745975,-0.01971862462284668
2022-02-14,0.0014218609664682208,0.002612630814270288,0.0014218609664682208,0.002518016539506146,-0.003412894699472841,-0.0018426787190098368,0.0,-0.004733033358069428,-0.0032695938522624424
2022-02-15,0.002113675532676315,-0.0013475562266119523,0.002113675532676315,-0.00016584902191996577,0.003993108696327752,-0.002514297188002555,0.0,0.008480294278081724,0.016127140034802423
2022-02-16,-0.0011040980961664081,-0.0020954246732973122,-0.0011040980961664081,-0.0029651387929837724,0.0011958697569089964,0.0011223705958797257,0.0,0.0015083652343713006,0.0011207507714203757
2022-02-17,-0.0037254305449052312,0.0005548054054119579,-0.0037254305449052312,-0.000996394269064451,-0.003494221974797798,0.0028567335398158077,0.0,-0.010676534278698413,-0.02136156869762551
2022-02-18,-0.0006681685142359799,7.635323934603527e-05,-0.0006681685142359799,-0.0006335463528329863,-0.0006392739368892141,0.002217017620777617,0.0,-0.002586307995697123,-0.0064750351899246494
2022-02-22,-0.000435770021588323,0.0015792506646364426,-0.000435770021588323,0.0013390064349795947,-0.002861730711634696,3.9296347030351746e-05,0.0,-0.0064748029392186265,-0.010731544523481018
2022-02-23,-3.4688360872705854e-05,0.0028401622792423977,-3.4688360872705854e-05,0.0012650480879131127,-0.003820199463230407,-0.0003009942506803413,0.0,-0.012729361041229747,-0.017738735377157422
2022-02-24,0.003821548393457698,0.0011212708576937677,0.003821548393457698,0.0032510412902048372,0.0024543165740183717,-0.0001668589525126538,0.002536355908879956,0.009969590114453064,0.015049144180475649
2022-02-25,0.0013670336806926562,-0.0031784709657629237,0.0013670336806926562,-0.0026288964218170842,0.0038105983044434137,-0.001327984169685235,0.0037636184090435957,0.013130394629455644,0.02206422240665895
2022-02-28,-0.003714830429805339,-0.0018786149447772285,-0.003714830429805339,-0.002012156553919884,-0.003674174561228275,0.002506907639147538,0.0040739410166525354,0.0030110516908593344,-0.002558620512856047
2022-03-01,-0.002388092196594465,0.001349593243001386,-0.002388092196594465,0.0005327783216694087,-0.008514632623163335,0.0006146475010446137,0.005393147255289242,-0.005242539423840696,-0.015230356599403971
2022-03-02,0.0032837922567024703,0.0028042359051996986,0.0032837922567024703,0.0024408566371867104,0.0003332746936677091,-0.007113672747161808,0.0006924227441455845,0.005026001013526793,0.01839632458206175
2022-03-03,0.00250388134652027,0.002084053311151304,0.00250388134652027,0.0018741392934668206,-0.002521552818714084,0.004245212652994638,-0.0002713673080696468,-0.001263783719187561,-0.004978578690444824
2022-03-04,0.00696175570595781,0.0072071698557187,0.00696175570595781,0.007329876930599144,-0.00818905509156015,0.005266033486256405,0.0036193996692349796,-0.0009066494666823965,-0.008124639994592786
2022-03-07,0.0061261722621715285,0.010104721855381507,0.0061261722621715285,0.012093996651986494,-0.0005519823882122731,0.004744899172970276,-0.0003886884853289909,-0.019386575423911156,-0.02947920479297028
2022-03-08,0.0018895859699844509,0.004461209624161154,0.0018895859699844509,0.005747021451249505,-0.004275422330334873,-0.0018149466469093497,0.0,-0.0071442287566150006,-0.007581728256061626
2022-03-09,-0.010157169717137655,-0.013765551914550098,-0.010157169717137655,-0.015569743013256318,0.014388343312455743,-0.008192893856183353,0.0,0.013617845598298838,0.026811083889662024
2022-03-10,0.0021135737913072507,0.0037242162792210627,0.0021135737913072507,0.004529537523177967,-0.003726733244903809,-0.0010032374838520994,0.0,-0.004545625235630313,-0.004515658499446351
2022-03-11,0.0032813568687457815,0.004466190577506021,0.0032813568687457815,0.005058607431886141,-0.004145218330289207,0.0024254349167274186,0.0,-0.007737508594925791,-0.012715025960451376
2022-03-14,0.0004488378423551775,0.0018749941752973804,0.0004488378423551775,0.0025880723417684827,8.230200570386251e-05,-0.0028389351861129826,0.0,-0.009450237348421785,-0.007308509402109364
2022-03-15,-0.0040351949623986935,-0.006529422566386703,-0.0040351949623986935,-0.007776536368380708,-5.517398294525806e-05,-0.0018175709922577943,0.0,0.013011266306362712,0.02199058284238009
2022-03-16,-0.005931006529463653,-0.009037351815203248,-0.005931006529463653,-0.010590524458073044,0.005683110049332414,-0.005452691861425256,0.0,0.012754471874895933,0.022174039113555866
2022-03-17,0.0026023890189459885,0.0017278417314848865,0.0026023890189459885,0.0012905680877543357,0.004872864419461775,-0.0008658980982648606,0.0,0.006735633017290387,0.012511009935931794
2022-03-18,-5.63474674633161e-05,-0.002433329925736978,-5.63474674633161e-05,-0.003621821154873809,0.0020634563498861578,-0.0007771693611539712,0.0,0.007748698668929066,0.010952794915775943
2022-03-21,0.0071013814656098444,0.009256362189123889,0.0071013814656098444,0.010333852550880911,-0.0017851384472964006,-0.002813277692583579,0.0,-0.005383071920191429,-0.0002922599696800754
2022-03-22,-0.0010602772645683617,-0.002306308129714725,-0.0010602772645683617,-0.0029293235622879065,-0.003015646881474309,-0.0026459828838198357,0.0,0.0048284264735612755,0.011701237833250389
2022-03-23,0.0029508904323411115,0.003917144363374024,0.0029508904323411115,0.00440027132889048,0.002547397528824443,0.004256873759498494,0.0,-0.0050368608690164905,-0.012878179522839317
2022-03-24,-0.0006848895643044391,-0.0012876671478388685,-0.0006848895643044391,-0.0015890559396060833,-0.0022089536653535895,-0.0024360383521153696,0.0,0.006817740412571371,0.015074055231441008
2022-03-25,0.003249666045399719,0.0030287614982910022,0.003249666045399719,0.0029183092247366447,-0.0009408213509300204,-0.0033895798425811236,0.0,-0.0011750756093436903,0.004883628926311001
2022-03-28,-0.0036644931179636835,-0.006408389920876937,-0.0036644931179636835,-0.007780338322333564,0.0009942193781786945,0.0008095734698523902,0.0,0.005172839809506913,0.007112994380143567
2022-03-29,-0.002535554038832037,-0.005484465521820453,-0.002535554038832037,-0.006958921263314662,-0.0025609020940477434,-0.0021657498881473935,0.005102085767252483,0.009416472948925935,0.01237094158486407
2022-03-30,0.0012851102207324324,0.0018673697329489917,0.0012851102207324324,0.002158499489057271,0.003913107323229239,0.0020740667796466856,-0.00035175010305216723,-0.0021326310926204958,-0.006174825662262684
2022-03-31,-0.0005990572428339195,0.0008287538565357076,-0.0005990572428339195,0.0015426594062205212,0.001125400290097951,0.0033697405612444853,-0.0031089950684962436,-0.008488886246156667,-0.015391294497740904
2022-04-01,0.00026896414388204984,-0.0011770112242321554,0.00026896414388204984,-0.0018999989082892578,-0.00222609843330784,-0.0019104447463572387,0.0013718889422823705,-0.0009041398904150904,0.0028340719493600286
2022-04-04,0.0010021503576881797,0.0004656549850463956,0.0007092561439748852,-0.00017656935053481326,-0.0012916501540723416,-0.001174675222091739,0.0030115753992379876,0.004877413998512381,0.008566709985302401
2022-04-05,0.00427850472178208,0.004531060736425377,0.0036237711545410666,0.0045778868963169,0.006841861005443816,-0.0005622888067878391,-0.006812473863886623,-0.012345326774083265,-0.012631381651066143
2022-04-06,0.0016034856406415975,0.002198664165819426,0.0021188724542877844,0.003051818227054372,0.0036024649825611237,0.0010436197171118575,-0.0028616082051969513,-0.007404894502407266,-0.009999444419552805
2022-04-07,0.0012219279170561136,0.0015169235792024307,0.0015380123298807955,0.001435841581556603,0.0013111676129398387,-0.0011126533389574234,-0.00030240349995865333,0.0020324367216670858,0.0050390701909333036
2022-04-08,0.002122079057387705,0.0025342002258366652,0.0024121733744654037,0.0030128695468015416,0.0016615673307351594,-0.0014623484991608334,0.0,-0.0036296966486266905,-0.002674091921900712
2022-04-11,0.0009874576138530179,0.002449231351327179,0.0017810288495145072,0.00279760030567673,0.005133041818551848,-0.0001071881028400184,0.0,-0.012175632673970926,-0.017092096197737328
2022-04-12,0.0005937399587394455,0.0012695035065287178,0.0013522935843079272,0.001533796975025801,5.942822276627346e-05,0.0002798901997081691,0.0,-0.00029356512720586344,-0.003705340264511192
2022-04-13,-0.0007537701033556972,-0.0010041367146138617,-9.908308125380818e-05,-0.0009725400868284282,0.003835764850694488,-0.002052667970883745,0.0,0.007755548476029129,0.011453776861894971
2022-04-14,0.003096109960310532,0.0036078799338961744,0.0028419429424221343,0.003824555859388077,-0.004054571650816335,-0.001136904225160463,0.0,-0.011073356329587992,-0.012451958752540015
2022-04-18,0.001972119784396707,0.0023991548281635873,0.0025060331891617296,0.002473018010798625,-0.001931826749346648,-0.000865937009544589,0.0,-0.0009133118097615523,0.00041115548206072106
2022-04-19,0.0017497480542920704,-0.00035744527099819303,0.00030138791497746203,-0.0006590260204969652,0.003190564786505735,-0.0006527169241566051,0.0,0.007048296611425274,0.016142755464064296
2022-04-20,-0.002606113394447468,-0.0026911840081956795,-0.002511659139976587,-0.0018849700093061124,0.0028728488351573277,0.002311209401858843,0.0,0.002678357602641346,-0.0007414932071926339
2022-04-21,0.0029136551675433293,0.002904244101868922,0.0017586056557830447,0.0026477125510007945,-0.0038747614737532506,0.000738273841121977,0.0,-0.011180182272963357,-0.014953709170161922
2022-04-22,0.00012462571083755826,0.0006889880659135823,-0.0010311828817283024,9.403455178795929e-05,-0.002898140092248079,0.0029203624974843186,0.0,-0.016268833248863166,-0.027439062195532382
2022-04-25,-0.001753806153500178,-0.0027876149262046103,-0.002934477370190643,-0.003486475176780789,0.003562858108766222,0.0025935634117079495,0.0,0.006048167781954028,0.005797447256245647
2022-04-26,0.0010073662650867394,0.00221294099383214,0.0005548781051262729,0.0021768004189661183,-0.004966121190039794,0.003956454200644006,0.0,-0.014707108373018363,-0.028960575283302648
2022-04-27,0.002055465652456813,0.0018917746326988765,0.001649910999986634,0.001701397674160675,0.0006028719399016009,-0.002067989543470765,-0.0016301003885604275,-0.0005419006846594688,0.0028116255194237105
2022-04-28,0.0017393178836448172,0.00017712227456351612,0.0015605673083317452,3.444789121374208e-05,0.0023248361999818486,-0.0011536895775509704,0.005030546993458729,0.01457594983996353,0.025259407972770154
2022-04-29,-0.0003973042578736023,0.0013894871615436131,-0.0013708377162192917,0.0005627644472448845,-0.0012685087685500632,-0.0005683685231589785,-0.008011963434660926,-0.024301606865612644,-0.03695552114202538
2022-05-02,0.0016365726041218458,0.0015180863918097156,0.0011931773152243552,0.0004757521737796278,0.001933448369529449,-0.0036115704958052603,-0.0014913877067674196,0.0006313619562711812,0.006019338951016806
2022-05-03,-0.0017436278056205878,-0.0024715388856861205,-0.0010933665094275736,-0.0028177399333387775,0.0023159836737615003,0.0011176720495630697,0.001459667063550568,0.0032215443123423614,0.004584146159092528
2022-05-04,-0.0026512470118734317,-0.0038563770452021452,3.558488442725839e-05,-0.0050772826233970916,0.0053386103368278925,-0.0030818626244981445,0.006481223178386152,0.020859012999707535,0.030452967359845484
2022-05-05,0.006988468765061254,0.008959408053748064,0.002650002271815717,0.010617392923491533,-0.009138728384782366,0.001899173045322295,-0.009192033955895936,-0.025337408922518078,-0.035543017230283414
2022-05-06,0.0031619640438218955,0.0037544126821324134,0.0019463834475735475,0.004215925441001002,-0.003420596512183326,-0.0004965677363632132,-0.0002864981857672252,-0.005863120805754107,-0.005968633187063199
2022-05-09,-0.0005382964289512146,0.0018620257699978706,-0.003491493866627734,0.00393498420392934,-0.0036959969539056966,0.005368938041381496,0.0,-0.016242977423408765,-0.03201758674758992
2022-05-10,-0.002073348383487698,-0.0018877524344160766,-0.0008389461086074967,-0.0011090472956582153,-0.0004872425210620009,0.0009623873187171665,0.0,0.002721959573723254,0.0023108476174771297
2022-05-11,0.0011484678191160014,0.002149683089423541,-0.0008239837729471913,0.0021817911916599507,0.0006977339959522976,0.0017884611222675302,0.0,-0.007065709814120158,-0.01588651238849348
2022-05-12,0.0016548373111052348,0.0006613584748153862,0.0015084168602439722,0.0012449756636542563,-0.0018715582176288428,0.0015219693351688662,0.0,0.0006966359814747136,-0.0010438055013053393
2022-05-13,-0.000936000030962568,-0.0026035656475851595,0.0007162186119381551,-0.0038864411578336503,0.004073225484193174,-0.005630485464894157,0.0,0.012250533863554968,0.023907758389084766
2022-05-16,-0.0002939259100116178,0.0006140404601982484,-0.0009487343225615358,0.0003163576596582741,0.0015946543653365748,-0.0008024535265361769,0.0,-0.0007581461000933487,-0.004057444744268501
2022-05-17,-0.0017227555676055232,-0.003059812250967907,-0.0007925488139988836,-0.0037139788748419785,-0.0013194818023208623,-0.004489836848653114,0.0,0.00931423377238767,0.0205703758496405
2022-05-18,0.00034369225730557543,0.0028568597596028257,-0.002708694942244883,0.004386447655292253,0.002835568950889135,0.005824845144307404,0.0,-0.02133158737767502,-0.040311686781438816
2022-05-19,-0.0026474615800199343,-0.0017146645295555412,-0.00199489759288555,-0.002031643651460174,0.0015157055664614032,-0.001379604477718576,0.0,-0.002237642068431733,-0.006124409241303197
2022-05-20,-0.00017380784216681656,-0.0006340056958349962,-0.00038420572603042966,-0.000581693596962004,-0.0019480768631345265,0.0012961265465934178,0.0,0.0021196014894584894,0.0004366073014123728
2022-05-23,-0.0001145825986397233,-0.0012617943159540135,0.00106679510238243,-0.001878184785168861,0.0002617117055302178,-0.0034148672439204136,0.0,0.008799220555951857,0.018709988906599584
2022-05-24,-0.0015082981611072312,-0.0012816721201037752,-0.0015924763728402348,-0.0015813154996082075,-0.0031024170352516,0.003710797737367616,0.0,-0.0011309732647146512,-0.007633674221568465
2022-05-25,-0.0017582240387020364,-0.0024804557784077145,0.0007714476577954789,-0.0027713857408733756,-0.0007337340604697427,0.0009731370827467253,0.0,0.006107792830486592,0.008834721524366707
2022-05-26,-0.0017845767694157316,-0.0026209101785524577,0.0011386550014208935,-0.0029968602108300423,-0.0004557414555143467,-0.002521470120241488,0.0026667228820882287,0.01179726436378541,0.019981469166227228
2022-05-27,-0.0014241383124866985,-0.0033850990225228134,0.0010545336410421838,-0.004436044431161061,-0.00016466972310731867,-0.0014428204798714174,0.0043524347215796715,0.015304836925998133,0.02454912525413122
2022-05-31,0.0024612983215196024,0.0026788204875120964,0.0012389709882602003,0.0035186023019754668,0.0029357819914247706,-0.0017465125288673913,-0.004039901429466139,-0.007542526499370816,-0.005611112032488763
2022-06-01,0.002022229684706664,0.002940242574555339,0.0012434881774929306,0.0029808808877349094,0.003096182150764439,0.0002919629583401878,-0.0006612706165545289,-0.007105296255797544,-0.008088545451683915
2022-06-02,-0.004588565992372482,-0.004196743619521577,-0.0002837443895711279,-0.003458204211314405,-0.0035530559135297035,-0.0029610732842383475,0.004341088659641263,0.012010892033073216,0.019043594571526823
2022-06-03,0.004828128043843651,0.004542735152107348,0.000642104112855731,0.003971949368634744,0.0019246838817663244,0.0005408548247794124,-0.0030755350105382516,-0.010625433587461531,-0.01641146542909755
2022-06-06,0.0017183426379601316,0.0015945454476159024,0.0006255465401256133,0.001346951066927444,0.0012084121942998543,-0.0022489023459810434,-0.001481802328246476,-0.0011762366879950472,0.003044787836726348
2022-06-07,-0.002577206952529252,-0.002393961502354295,-0.00022437671283997632,-0.0020274706020043808,0.0008975782741761905,-0.00041544770623506825,-0.0002829118894550371,0.007366414135654819,0.009592118826285079
2022-06-08,0.00397674852442842,0.003950739427916831,0.0008906749010633482,0.0038987212348936527,-0.0031949877352743404,-0.0005219284706825388,0.0,-0.00801047391683971,-0.01087220020079438
2022-06-09,0.005300858953698803,0.00521137144104253,0.0006797871593528622,0.005032396415729983,-0.002320689977881798,0.0024693703420575713,0.0,-0.014623371042885714,-0.02378280718315895
2022-06-10,0.005458443933252778,0.005835489235652575,0.0007492581719234484,0.006589579840452167,-0.004251154951197687,0.0010526114105957403,0.0,-0.02132918602195426,-0.028995630036379838
2022-06-13,0.014136062469326806,0.013393561829589328,0.0018843474507670918,0.011908560550114371,-0.008778249799332345,-0.000558136936710192,0.0,-0.0298891349280481,-0.037968211456457346
2022-06-14,0.0014570642694071666,0.0012320785275946277,0.0010072250836192628,0.00078210704396955,-0.001960209524866728,-0.000662412804798874,0.0,-0.005001857810520094,-0.0030134682631351994
2022-06-15,-0.008452166902903884,-0.008085279688875641,-0.0022870434069556804,-0.0073515052608191574,0.008408877114655749,0.0012796074540114798,0.0,0.01413707638164139,0.014256530019678415
2022-06-16,0.0032510415573084417,0.0035671091942336536,-0.0021300172447663683,0.004199244468084078,-0.003024371926873751,0.0023861719982498438,0.0,-0.017245115339036787,-0.03309614822179385
2022-06-17,-0.0007891306975408082,-0.0010202900093999104,-0.00017335273937204936,-0.0014826086331181153,-0.0007841791123899167,0.0017563852072276201,0.0,0.0014134703141220229,0.002155880181493597
2022-06-21,-0.001252226025902897,-0.0013572743324007474,0.0013125287218301394,-0.0015673709453964484,0.0011587631624213539,-0.003884122373959126,0.0,0.013028180816978405,0.025173680240046403
2022-06-22,-0.0026729181408778726,-0.0025608867736965336,-0.0018236072828888687,-0.002336824039333855,-0.001774226853140091,0.003376555267483284,0.0,0.003968412602667782,-0.0018131006759707358
2022-06-23,-0.0027151980628133078,-0.0028875033708921317,-0.0003704184193103945,-0.0032321139870497813,-0.0017318728765683571,0.0011988480166191368,0.0,0.0081403985314755,0.009802576900934223
2022-06-24,-0.0036495451790782897,-0.003677613887738461,0.001070340477105755,-0.0037337513050588037,-0.0012235786177862776,-0.0036179013013336015,0.0,0.017657653272580863,0.031793788341729856
2022-06-27,0.0019448120800256894,0.0019134090746308363,0.0006311185733648007,0.0018506030638411304,0.0012388596831143534,-0.001886709965603968,0.0,-0.004545722662352936,-0.003819439658704904
2022-06-28,0.004022350068965272,0.003976020999332735,-0.0001394387947009642,0.003883362860067662,0.0031079112900690804,0.0017408568953473575,-0.0019364661603732982,-0.01174279328627663,-0.02043303654906281
2022-06-29,-0.0007519552025907136,-0.0007734990093756537,-0.0013247925616260013,-0.0008165866229455339,0.0004768357916880334,0.0028802923735232753,0.0002111697390904499,0.002728499613103863,-0.0008143084860704475
2022-06-30,-0.0004072796090003219,-0.0005781171927961984,-0.0019470084261131557,-0.0009197923603879513,-0.0017646491539072139,0.002756546242585023,-0.002626701406913537,-0.0018013201304998504,-0.008124327434265832
2022-07-01,-0.0023338564692129454,-0.002357219013241472,0.00040049797447038723,-0.0024039441012985246,-0.0009064626187107827,0.001832292245740848,0.003235543159417099,0.01063383639579225,0.010576364186104303
2022-07-05,-0.0024904681358013845,-0.0010640105700666438,-0.002194830772211916,-0.0004173853121938153,-0.0035902264177496064,0.0037556209978857158,-0.003981001849473523,0.002605507907556115,0.0018887245189815882
2022-07-06,0.0006710830476133313,0.0017033861063576045,-0.0006973541534236682,0.002219537635729741,-0.001074536297741258,-0.0010166811716896215,-0.002733721294703471,-0.0013705124287733297,0.0033773817410669427
2022-07-07,-0.0005989547527070989,-0.0006351229363444694,0.0009678099138331435,-0.0006532070281631547,0.005434316313369071,-0.00316388198295807,0.004125186535938307,0.0065332311951751265,0.014976953686444139
2022-07-08,0.0017249595726294411,0.0016968402826515075,0.00073988998596735,0.0016827806376625409,0.0017393235814879482,-0.0016625360120284768,-0.000262519558616217,-0.0029220725537181694,-0.0008224236876560598
2022-07-11,0.0022352351720610684,0.0025845346469136627,0.0020841015018620694,0.0027591843843399596,-0.005350241021863402,0.003424543789658493,0.0,-0.003701277086070819,-0.01142376197159145
2022-07-12,-0.002400792396815591,-0.0021586045060010715,-0.002315539187464006,-0.0020375105605938116,-0.002303960632482821,0.0036863835276069773,0.0,-0.004370863525511259,-0.008848882018928306
2022-07-13,-0.0006843654228548808,-0.000996339203944861,-0.0007065697626021472,-0.0011523260944898508,0.0020336593556019122,0.000792902416865079,0.0,-0.001434273003282693,-0.005251532256966951
2022-07-14,0.0026710375736562035,0.0035863668015630712,0.0012541619430557426,0.004044031415516504,-0.003985752656546486,0.000417926871817171,0.0,-0.0036712922176213468,-0.0024284018744628044
2022-07-15,-0.00392346299199075,-0.0037925886877661916,-0.0006134049848514898,-0.0037271515356539116,0.0011790352958233456,-0.001261771179453977,0.0,0.012830049492703477,0.019104866130654763
2022-07-18,0.002391149013154716,0.002329675876788463,0.0003975585111013069,0.0022989393086053364,0.0016841693746823376,-0.00253983338323921,0.0,-0.0061220109322863035,-0.008257009881728838
2022-07-19,-0.004183098729500081,-0.004338670153158697,-0.0010601706342891113,-0.004416455864988005,-0.0008198308036938445,-0.0027447446306356014,0.0,0.014376491098246102,0.027019174457522777
2022-07-20,-0.0007489038887122771,-0.00013625208260850446,-0.0002822042632387636,0.00017007382044338185,-0.0010903175229711579,-0.0005755074863930179,0.0,0.003431605511668545,0.0063733635816964895
2022-07-21,-0.0047700686695074474,-0.005689526950588281,-0.0013667716486200857,-0.006149256091128698,-0.002531643598099158,0.002863837265011268,0.0,0.010664355008569704,0.010183151897833032
2022-07-22,-0.0006893257998916743,-0.0008519529848425788,0.00046545104548660057,-0.0009332665773180311,-0.0021237432406558164,0.0035123913589004173,0.0,-0.0009862273425431216,-0.009278126136273324
2022-07-25,0.0014875448880315278,0.0016659931514845753,0.001146713290489068,0.0017552172832110992,0.001258957040456721,-0.0018514996913875407,0.0,-0.0006910136426756087,0.0012148738565078698
2022-07-26,0.0017449134734303698,0.0018221828465416934,0.0006393493800557331,0.0018608175330973552,0.002222511445261756,0.000717284101009326,0.0,-0.006944584946929955,-0.0118309932517916
2022-07-27,-0.003582053534686446,-0.0042457238752048685,-0.0008124979037098632,-0.004577559045464079,-0.0033643853680066092,-0.003049115209855695,0.005340234206001547,0.01638836704408897,0.02596643374290597
2022-07-28,-0.004411509632130573,-0.005205525333289115,-8.587620248642756e-05,-0.005602533183868386,-0.003137128701713125,-0.00019671109249869845,0.005216009830079741,0.011483246728096707,0.012542394270407486
2022-07-29,-0.0016224018028522186,-0.0018055770261578277,-0.00037216707612811853,-0.0018971646378106322,-0.001163601073516784,-0.0010688701309401153,0.0018969865406288668,0.008899447970369501,0.01457879820450314
2022-08-01,-0.0021570867929668674,-0.0025263728917365017,-0.0019004626491415128,-0.002711015941121319,-0.0022400497572602025,0.0028803158767220075,-0.00014001771626994392,0.0005627410698531015,-0.002961398359536571
2022-08-02,0.004795602266856479,0.002916080879579987,0.0011775763068937054,0.004843575335148985,0.005039632132220622,-0.0016047776344106,-0.0038306769291341926,-0.009488729280532637,-0.006597174815962892
2022-08-03,-0.004141085633303399,-0.0016990218083617619,-0.0016820948750398248,-0.004141085633303399,-0.003748255465754002,0.0013424665227930654,0.003274973087243997,0.01104717825370427,0.015659344387390473
2022-08-04,-0.002948189096955384,-0.0021472014410280505,-0.0006047565273419573,-0.002948189096955384,-0.0024618763379325986,0.00127493107216485,0.0007117274886085315,0.0016219098706082183,-0.0006756565182249874
2022-08-05,0.0042622530575397,0.0025192604110539584,0.0009939540579828364,0.0042622530575397,0.004426105524140858,-0.002378563653100983,-0.0002657513598761767,-0.0067989656875575575,-0.0016901278824306143
2022-08-08,-0.002306288095202179,-0.0019187428917466023,-0.0002904241745512625,-0.002306288095202179,-0.002854456786733173,-0.00047361790084940014,0.0,0.001659196088014947,-0.0011607912316814462
2022-08-09,0.0016831346015469132,0.0005715691729376573,0.0010270049836218467,0.0016831346015469132,0.00019814012558101176,-0.00046463410151792884,0.0,-0.0035729210891122464,-0.003971217462723886
2022-08-10,-0.0042545770862371275,-0.0027971364095141014,-0.0012896219752245768,-0.0042545770862371275,-0.000849320309055058,-0.0021397282629693416,0.0,0.012833570162026485,0.021004118849070164
2022-08-11,0.003322467398987457,0.001428245778761663,0.001615524306496566,0.003322467398987457,-0.00013397259621715767,-0.0025775608471393955,0.0,-0.002655465704031546,0.0
2022-08-12,-0.004959805367550775,-0.0028044965216611887,-0.0010874569854603315,-0.004959805367550775,-0.0028373637286368478,0.0003985025273117347,0.0,0.01174577208225789,0.016928998806866824
2022-08-15,0.0009706300991342278,0.001695087105631802,0.000377455965564344,0.0009706300991342278,-0.0004924811572115762,0.0009196580773539736,0.0,0.0037459234960734557,0.004120807469615517
2022-08-16,4.9643841320508485e-05,0.00020163334046188188,-0.0007179272027178717,4.9643841320508485e-05,0.00010026179604303231,0.00032859131332694884,0.0,0.0007135737243276095,0.0019586367389836656
2022-08-17,0.004068976175687593,0.002227692488916607,0.0010404641352076813,0.004068976175687593,0.0009469039867366684,-0.0010374743472088472,0.0,-0.006954468161973737,-0.007097876233855049
2022-08-18,0.0015440698167269403,0.0014329232457788396,0.0014801952567512163,0.0015440698167269403,-0.0006772841776378606,0.0002582871509950029,0.0,0.0025191832648879587,0.002906426819987873
2022-08-19,0.005768738778834286,0.003573090120439874,0.0019008203849652152,0.005768738778834286,0.0011393793060876544,5.137840194025683e-06,0.0,-0.011506681647284078,-0.01343801971759262
2022-08-22,0.005305026029106848,0.003278388434734901,0.0009922114795355703,0.005305026029106848,0.0025953954496176984,0.0005096242093822539,0.0,-0.014249923723908941,-0.020822635655202038
2022-08-23,0.0003757060273409046,-0.0002979061036633327,0.0001998961192350098,0.0003757060273409046,-0.0007220279012000736,-0.0008673724113727962,0.0,-0.00243151815421645,-0.0024191468698646634
2022-08-24,0.0004692937816727914,-2.8169638625053096e-05,0.0008897819174120735,0.0004692937816727914,-0.0004222503596933624,-0.0012590747968811015,0.0,0.0005844572883572316,0.003201158135150761
2022-08-25,-0.005183537278544832,-0.002858724846713229,-0.0018091107269776455,-0.005183537278544832,0.005569409654666259,0.0006913136467341549,0.0,0.01103352268659239,0.014117478954684737
2022-08-26,0.006300685747955155,0.004189123136930132,0.0005849786652363206,0.006300685747955155,-0.006903507041423553,0.0019077016955904352,0.0,-0.020779498536878726,-0.03384900253066325
2022-08-29,0.0032175493355746073,0.0014420477529842404,0.0014524166369737949,0.0032175493355746073,-0.00340836911438038,-0.0010929060793748297,-0.0017049741714403551,-0.006242557814727756,-0.006612174713157892
2022-08-30,0.0014239035246612832,0.0016095591306938873,-0.0013354525761076488,0.0014239035246612832,-0.00043315015404763086,0.002324029386399176,-0.004378907801288961,-0.0067052141178197905,-0.010978102166435022
2022-08-31,0.0019295685790215174,0.0013442533838049118,-0.00042468106618751483,0.0019295685790215174,-0.0009233659632519388,-9.989950499517342e-05,-0.00408010348102847,-0.006222759290563329,-0.007608882392342475
2022-09-01,0.002419928627526645,0.0020790725188748714,0.0010745002066909223,0.002419928627526645,0.0014482655880645266,9.102289812317789e-05,-0.003141831403165851,-0.0012969820312878526,0.003137960697038089
2022-09-02,0.0007478276137059277,0.0003010606827241878,0.0008368647367131144,0.0007478276137059277,-0.0013183246022145303,0.0014680845905683307,-0.0001874558168116427,-0.004085931874280123,-0.01054455527159126
2022-09-06,0.003703800572153194,0.0038920504587194307,0.001839924107399713,0.003703800572153194,0.00020235026051894996,-0.002100821544964218,-0.003117641598612059,-0.00672068004524502,-0.0037732906637077956
2022-09-07,-0.008046910711743452,-0.006189427846320455,-0.0027984280391879896,-0.008046910711743452,0.005044723240125076,0.000966365290384237,0.004208407546734777,0.013394821147570112,0.017965228260907296
2022-09-08,0.0006858779084067619,0.00041332940197236494,0.0005653722168504475,0.0006858779084067619,-0.00024693268989041406,-0.0016743871633211403,-0.00027575559825570597,0.0024424687661306786,0.006536220140289206
2022-09-09,-0.003287154779768869,-0.005098486325469824,-0.0008848374300314002,-0.003287154779768869,0.006071876606851715,-0.0036839572750105255,0.0,0.009361329765405824,0.015535319748823717
2022-09-12,-0.0029333133243684482,-0.003738125377128244,-0.0012791662265680954,-0.0029333133243684482,0.004202474091188278,-0.0034016573669908524,0.0,0.005485400086105629,0.010747630917717466
2022-09-13,0.010288548556184489,0.010550609721054842,0.001592421682102958,0.010288548556184489,0.00993584698302037,0.003896001736792343,0.0,-0.028341773675312164,-0.043482525143137885
2022-09-14,-0.0007259917484940195,-0.0010693884962961332,-0.0013571464715864232,-0.0007259917484940195,-0.00038594258784198517,-0.0003480460753516882,0.0,0.002491674816392786,0.003815812362144344
2022-09-15,0.0029772231760457277,0.004743444786729023,-0.0015747246406547133,0.0029772231760457277,0.004948195395211621,0.0014874757091347134,0.0,-0.008186631884391615,-0.011353419430593648
2022-09-16,0.0005881407175214753,0.0006590511069439963,0.0011165346646915505,0.0005881407175214753,5.233098715160866e-05,0.00021025790491806462,0.0,-0.0042526631025323605,-0.007628688629233382
2022-09-19,-0.0009243944424353071,-0.001069904440233879,-0.0004969835890340331,-0.0009243944424353071,-0.0012677216504018538,-0.0005155181682204215,0.0,0.0035182066591627143,0.007754940713434522
2022-09-20,0.004747046668367204,0.005032259177350141,0.00045477158501379254,0.004747046668367204,-0.006096937160263458,0.0008254773420563453,0.0,-0.009367016934612615,-0.011478573406658144
2022-09-21,0.0016405827407783504,0.0019919642964902704,0.0004152595513917505,0.0016405827407783504,-0.0023897794305911117,0.0031908301800637855,0.0,-0.008870998801791784,-0.01744379450404354
2022-09-22,0.00469132248697503,0.004514652815282245,0.0010562409121131393,0.00469132248697503,-0.004977972141067912,-0.0015300747191265471,0.0,-0.01106993859061578,-0.00839995300083951
2022-09-23,0.00558411268635705,0.007748213901906114,0.001156501785648884,0.00558411268635705,-0.009295375951794062,0.0043678972137560085,0.0,-0.009556211006152449,-0.016754755494384987
2022-09-26,0.006492347913766738,0.007900727667705519,7.699352493823093e-05,0.006492347913766738,-0.009310435417124712,0.0003992203251011789,0.0,-0.012587155321978828,-0.009892734383536883
2022-09-27,0.003308571996631274,0.0025714418468114997,0.001579439213622618,0.003308571996631274,-0.0023848819771212252,-0.002040291475037686,0.0,-0.004262437025741273,-0.0025526142249541195
2022-09-28,-0.009280893662403878,-0.011031768736620358,-0.0005642683989734767,-0.009280893662403878,0.012385075484603623,-0.0005318434279967563,0.010283982599736544,0.02081611788970341,0.019676418465138346
2022-09-29,0.004646708646641286,0.004951547553622343,0.00033515712468284195,0.004646708646641286,-0.005585016327746104,0.0009820824931401303,-0.0060506235032826185,-0.014395202784961071,-0.020889169674434216
2022-09-30,0.0010054735569818322,0.001859710264493111,5.779106514059259e-05,0.0010054735569818322,-0.0024569519536677075,0.00018276068332730264,-0.002425785051699405,-0.01031724404820513,-0.015463635992449709
2022-10-03,-0.009079689479840064,-0.010622195193980753,-0.0015211085112448073,-0.009079689479840064,0.011699989012962729,-0.0021923750624345834,0.010954509026923475,0.02058807960826492,0.02640158203389742
2022-10-04,-0.0077355924975504265,-0.00930178718290996,-0.0016746324043271235,-0.0103723336744141,-0.006863595478859877,-0.0038362528969459494,0.008406617636696909,0.01941720652185652,0.03098649788188168
2022-10-05,0.004752140722847625,0.0033577604426579593,0.0018545852897936545,0.003019539067231557,0.0030354621402131077,-0.00033810030391712295,-0.0016973891304539366,-0.005185226291123857,-0.0023282836714252353
2022-10-06,0.004120412048102505,0.0036122578918087156,0.002546962603932113,0.0033087253471438946,0.002484085078504454,0.0012149511044517627,-0.0018308082249164318,-0.008392846372690999,-0.010315732461303462
2022-10-07,0.008281843390528367,0.00692310296270872,0.0027179366073756105,0.0067764378421578345,0.003401929856506793,0.0007617064071505073,-0.000268441095406289,-0.018700981675385565,-0.027894005545312406
2022-10-10,0.004341440644815082,0.004845370533857047,-0.00030387705999002177,0.005513601808977963,0.003984895324938637,-0.0007797040702940282,0.0,-0.006933792909695736,-0.007635486221816534
2022-10-11,0.0005426235694886946,0.0013720125532008364,-0.00027309757193560996,0.0022124078217922293,-0.0008945188262203605,0.0015020238222681482,0.0,-0.0027854725497645115,-0.006332631142470513
2022-10-12,-0.00017298444472004198,1.1224679847262524e-05,0.0005025518629217462,0.00019894297978350064,0.0001983827288638867,0.0015435563328279381,0.0,-0.0006723101047746204,-0.0032984813255301226
2022-10-13,-0.0021097175200433266,-0.0032339097595490713,-0.0019001511650328963,-0.003582443314872793,0.0018889596697305468,-0.004730062179554648,0.0,0.014154109042180174,0.026391011546337273
2022-10-14,0.0057250894112768165,0.006722635743137289,0.0009503939353170689,0.007847860746941986,-0.005442719062306669,0.0030811853483848264,0.0,-0.015909548747044665,-0.022788894297335882
2022-10-17,-0.007327975989695338,-0.0069992061952811185,-0.0034807380995073947,-0.00718120323477257,0.006961479537402751,-0.003322779208684382,0.0,0.01584264524969008,0.025697217334643696
2022-10-18,-0.003164994204798143,-0.0022565728573134347,-0.0010167444000712441,-0.001923044350830105,-0.001851491973096008,4.527492045210879e-05,0.0,0.00806684301519991,0.011749485785729652
2022-10-19,0.006598324126463541,0.006029693404760971,0.0022268788104832325,0.005985203554330901,0.00013417166232715215,-0.0013709311149658406,0.0,-0.00843698625113567,-0.007086456287198617
2022-10-20,0.0023536498764519446,0.0023991838173816403,0.0006203571159759405,0.0022452760046499337,-0.00018671135999046322,-0.0008118205022487463,0.0,-0.008021746521503803,-0.008385428122763883
2022-10-21,-0.005365415236614328,-0.005098988712759923,0.0002920378231128615,-0.0056111935573330525,-0.002201443641098402,-0.0024081339888274563,0.0,0.015485003509976059,0.0243016073754887
2022-10-24,0.0013623162341836524,0.0012634358909133947,0.0015285785662538132,0.0012986026467523943,-0.001234774756520682,-0.0025284021616936766,0.0,0.006826336774823582,0.012236355847317748
2022-10-25,-0.007511647023516621,-0.00765627689229878,-0.003524316841317405,-0.007919819301995031,-9.389487752053564e-06,-0.0014662385807867149,0.0,0.014569223524050701,0.015968409136280615
2022-10-26,-0.001504020574332788,-0.0028167357548058167,-0.0002188749396192885,-0.003599292146122989,0.0005818775526195522,0.00048230220830428527,0.0,-0.002481590898008812,-0.007533689571240898
2022-10-27,0.0005824434756853177,0.0003330665020976634,0.001688624495256579,0.00020837801530383622,0.0017765413924147248,0.002173937333115857,0.0006857943082114422,-0.00037294109503667157,-0.005340320033128454
2022-10-28,-0.0023630965140849338,-0.0018742704414699252,-0.0022608868331755096,-0.001379142317916327,-0.0019515630448977098,-0.002881019193993221,0.0013534144540010456,0.012218418420202947,0.02379092412582695
2022-10-31,0.003034654303964348,0.00358940982319655,-0.0004600135374619595,0.0039938400458006,0.0016873707360561966,-2.4952705899127523e-05,-0.0028201961511197023,-0.006147560083627201,-0.007223350306940102
2022-11-01,-0.0017380418046297607,-0.0024571618080405123,0.00046731116763729807,-0.0032750960790588323,-0.002118771585403692,0.0009680806665947763,0.003171844885388152,-0.0026976406094653127,-0.0043759047459098754
2022-11-02,0.00591806961191086,0.005424915357505034,0.0021713864988579567,0.004941394530304949,0.0020971721517169892,0.0019302161503860248,-0.004417777089032116,-0.015737114765283455,-0.025096143110544866
2022-11-03,0.0022119298770665475,0.0024759172597487254,0.0005360440534729268,0.002630169979807603,0.001844267756559718,0.0006810647826531951,-0.0015643371376168494,-0.007922353870065922,-0.010296851834777576
2022-11-04,-0.005804637876477781,-0.007575938561629497,0.0010332420397503588,-0.009430619637459593,-0.0030626012670199876,-0.004524363025070978,0.007058368239657035,0.00778132546528032,0.014392940133537424
2022-11-07,-0.00033386085828929744,-8.959165744608908e-05,-0.0008773690088073128,0.00028033581128548236,0.00018070174550683488,-0.0015661976486967821,-0.0002655770168817207,0.004326402764673753,0.009565867528870342
2022-11-08,-0.004638509830500006,-0.003768878401005288,-0.00032024130746906147,-0.002986293396819331,-0.0004280139734587608,0.0015362539667654483,0.0,0.005901365640661993,0.0053952366309353295
2022-11-09,0.0029815528572546706,0.004300035901069299,7.06302947659834e-05,0.005619354463938361,0.0007870619980428851,0.0033760321252578095,0.0,-0.010995314172113012,-0.02060213343687367
2022-11-10,-0.01811032924487243,-0.018468804544040936,-0.005321279681858572,-0.018907040787864458,0.0062651415665906495,-0.0020473963890108478,0.0,0.041948319218272266,0.0549543245653239
2022-11-11,-0.0024525685466661416,-0.0035092243938191015,-0.0012976524527590066,-0.004584391051768717,-0.0025797139582991123,-0.0022101402672416027,0.0,0.004974923928542773,0.009678397055140397
2022-11-14,0.001522024912966664,0.002582583311727559,0.0008336402880982583,0.0035399445322170757,-0.000792603018480609,0.0016944412173973402,0.0,-0.006062865637167713,-0.008506706903312788
2022-11-15,-0.0035787262574197257,-0.004236413896196566,-0.0017051751801665216,-0.004898754250282117,-0.003480554222505353,0.0011237736301723529,0.0,0.008084833351571997,0.008529137609148973
2022-11-16,-0.0003316289833153373,0.00026674824269912233,-0.0004782016472228293,0.0008846080666566566,-0.00040976341710853066,0.002776352551807188,0.0,-0.0016319776784331046,-0.00762883019534677
2022-11-17,0.0018240996173010905,0.002758837026124711,-0.0011715975854425821,0.0037040344163821125,0.0015892575455451077,0.0006084102488772789,0.0,-0.004553874018180948,-0.003059910022105261
2022-11-18,-5.4538581530821976e-05,0.0004508041473258311,-0.0007861133384672395,0.0009068899863717508,-8.770177697645955e-05,-0.0008132676279086103,0.0,0.0013145790370388878,0.004540598551263431
2022-11-21,0.0016754599294524016,0.0017437498414018253,0.0007410727912356033,0.001880329665300673,0.001422295194894944,0.0005934062174058603,0.0,-0.0024314119983103845,-0.0036362349836505103
2022-11-22,-0.0033241196431381707,-0.003843637750344138,-0.0006159628572253305,-0.004400382096999077,0.0005249038955569057,-0.0008672746266043623,0.0,0.010364174194530706,0.013457033317886724
2022-11-23,-0.005114561463946442,-0.003992766654279449,-0.002225516639553932,-0.003036184955265615,-0.0005202081097259396,0.0014636160935984559,0.0,0.005933712673733193,0.0063016301400034
2022-11-25,-0.00020477828641251517,0.00011932080548066488,-0.0005373711467870318,0.000533573493656507,-0.00046176502645764683,-2.6371162447805718e-05,0.0,-0.0002578507765023996,-0.0002238850445108742
2022-11-28,0.004238941254932173,0.004382510056094911,0.0008194812173303863,0.004627777308071956,-0.0015958266023873811,0.00213662229993742,-0.0036317846036522687,-0.00940917897340201,-0.015956696514596302
2022-11-29,3.978858147614422e-05,-0.0007184663961128102,0.000866113931691671,-0.0014699463906030364,0.002337216117861734,-0.0011206433508594415,0.0015385409182072196,-0.0027187891862351155,-0.001717842784019652
2022-11-30,-0.00746378229956534,-0.008538749990371406,-0.0003102064745632918,-0.009719491693840362,0.0028968650509722783,-0.0024531802816729906,0.0079547666333628,0.022497679963262306,0.031500791809218054
2022-12-01,-0.004906832293054831,-0.004882651043565534,-0.000443888605098484,-0.0047245120276470575,-0.002921088171835719,0.0019605451649028615,0.0028761744227059887,0.003927454239596085,-0.0007358158440751161
2022-12-02,-0.001252398982862732,-0.0005012598446398665,-0.0014430040760060887,-0.00035412542672479987,-0.0016487363907063946,2.611363686536303e-05,0.00037714947197912746,0.00011992857020730612,-0.0011539628178728334
2022-12-05,0.0019853494509159287,0.0017154739171191325,-0.0003928404721445535,0.0009805765681028316,-0.0015856274416253995,0.0008172169671884202,-0.006404008673343169,-0.01484700100715013,-0.017989034852715968
2022-12-06,-0.00025759650861584564,0.0002675526565754105,-0.001506677491033954,6.145678542851906e-05,0.0006594496520616934,0.002503530804081007,-0.0017219511760700617,-0.006191919470768246,-0.014414957001301243
2022-12-07,-0.0016644357974510931,-0.000774962406582582,-0.0012609386675772715,-0.00023243921229266788,-0.00224846487824131,0.002327542859893472,-0.00023342347332884573,0.002479445285996129,-0.0017011897907771578
2022-12-08,-0.0008540190164125958,6.860354410450354e-05,-0.00014539804847175345,0.0007981420821983631,-0.0008620550854051882,-0.00184006903332488,0.0,0.0024408501130238403,0.007833947901335181
2022-12-09,0.0029239411258219767,0.002049350372300621,0.002587341862105098,0.0018981858595207915,0.001993487717509591,-0.0008223290272182438,0.0,-0.007443982121384552,-0.007470181660408248
2022-12-12,-0.0007425211353911193,-0.0008804794301246762,0.00045500762435235877,-0.0005470314902429224,-0.000856655299871651,-0.001226542094294063,0.0,0.008077978836956356,0.014417396358964218
2022-12-13,-0.0018046221053725007,-0.0016165623847861066,0.00018744916286085475,-0.0012090039485107011,-0.0022920008108215455,0.00013291403116536248,0.0,0.008144468444971409,0.007569642957458544
2022-12-14,0.0009481116469777786,0.00013107710974373564,9.032236807468067e-05,-0.0014590442578586232,3.275047496997715e-05,3.1504056392647376e-05,0.0,-0.0027406774391230066,-0.006393451344642753
2022-12-15,0.0018076267488372866,0.0009032543494954288,-0.0009935117447057466,-0.0007471909345314071,-0.0005694122867148275,0.003829940164728253,0.0,-0.013898658677536124,-0.02446163938805923
2022-12-16,0.0020767420869007612,0.0018017701059393231,0.0005894188308596511,0.0016697023615784093,4.282722499341935e-05,0.0007181487835453452,0.0,-0.008095275104960086,-0.011806198330241435
2022-12-19,0.0027277105523765784,0.0015704031817693994,0.0017394085260764975,0.000606894650913683,0.001768255140248082,-0.00084000277257172,0.0,-0.008333018477025722,-0.00847984857651174
2022-12-20,0.0027955567358528364,0.0021870500939580673,0.00283365993200799,0.002720039685437445,-0.0007623951948971641,-0.002308905230933625,0.0,-0.0020824923999025915,0.0013686212996477654
2022-12-21,-0.0017249243653489356,-0.001400193486375621,0.00027697623099447036,-0.0007071814273589491,0.002455394714535635,-0.0007968866982790989,0.0,0.009465999143158889,0.014952484528232501
2022-12-22,0.0007989212213692344,0.0005273152226131758,-0.0008510882147311113,-0.0005033602623127114,-0.0020600106978082805,0.0009637968555612566,0.0,-0.008683186056400082,-0.014266141660710274
2022-12-23,0.0013760675884054235,0.0005657695143288375,0.002058775168688848,0.000348887219657212,0.00047929775858950366,-0.0011926641690235141,0.0,0.0016406144287300693,0.005752292622004385
2022-12-27,0.0030621516859207915,0.002026310856623054,0.0020273735680421227,0.0011102099590490045,-0.0011999269072987392,-0.0017112850645366765,0.0,-0.005715137845154783,-0.003943595572617364
2022-12-28,0.002001043529346818,0.0011910589663761393,-0.0003257466521631692,0.00013583879373619783,0.0015199702599081183,0.0011793894427517928,-0.004442304712061735,-0.008415700498214163,-0.012428082276035202
2022-12-29,-0.004133468482579391,-0.0022180419429069067,-0.0013217334824367434,-0.00011731712605213355,-0.0011304562259642577,-0.0016491927660160376,0.004819349620876938,0.012764528816637588,0.01800052992827994
2022-12-30,0.0024483362933850213,0.001058068820881293,0.0018825768020059724,0.00041430819164860796,-0.0010488782326263332,-0.00011428459367206391,-0.0011031734782968206,-0.003244018443208696,-0.0026340865414707926
2023-01-03,-0.0019421036493142705,-0.0008156900943032779,-0.0015416144082985124,0.0008577748423488126,0.002815058299266289,0.0021284123982947155,0.0011680531114220823,0.0006061526473062798,-0.004209929474814134
2023-01-04,-0.005826452104470723,-5.2145020390554476e-05,-0.002930118332148283,-0.0016359645619153772,2.242050753429445e-05,0.00014554987158255886,0.00273343447936927,0.007698673902603658,0.007720202438144863
2023-01-05,0.0016244542474019136,-0.00095484104932283,0.0006318388789691465,-2.7641680987199372e-05,-0.0008963357891377393,0.002003295836711499,-0.002508603220964866,-0.007423802917390265,-0.011413368099189247
2023-01-06,-0.006051884619059349,0.00020897304166787032,-0.001371404126036895,-0.003370170572460032,0.003750416150427781,-0.0011278026330984346,0.00747734398206502,0.018906992961977398,0.022932115671277398
2023-01-09,-0.0009383747592584009,-0.0005669782515462547,1.531277556751176e-05,-0.0013809923973127484,0.001682503587889231,0.00016695157490223772,-0.0002639338972991126,0.0006762691617174354,-0.000566803677118255
2023-01-10,0.00026196995345040947,0.0007472173770803224,-0.0005170378697781901,0.00034023809442132853,-0.00042510413691173915,-0.0020265720173482243,0.0,0.0016934566076344908,0.0070127836026780965
2023-01-11,-0.0028610885865385646,-0.0016615440800788685,-0.0008863076674230125,-0.00487187320488913,-0.00279394340188255,-0.0004520096449716944,0.0,0.010159652386632212,0.012647755991627152
2023-01-12,-0.002928874736905107,-1.8556833555009145e-05,-0.0002904827948207673,-0.001762059779297923,-0.003806731377026233,0.00023968131119536434,0.0,0.005753109272535495,0.0036409047906624803
2023-01-13,0.0017935137626752982,0.0010860054008950118,0.0014028187432801656,0.0006841535605062966,0.000815752955780071,-0.001436873982424563,0.0,0.00019749045589643197,0.0038794324712942974
2023-01-17,0.0008705263436059421,-0.0004922995659252007,0.00029890702661306684,-0.00019114732637095632,0.0013738698405941407,-0.0005410708347960467,0.0,-0.002351804908363753,-0.0018318270336247222
2023-01-18,-0.0017747926036923364,-0.001327556268599414,-6.534642058200714e-05,-0.0005261449882632671,0.0007739576217539448,0.0043278798791356755,0.0,-0.004041137631735924,-0.01578814385562799
2023-01-19,0.002803626890571956,0.0010136792714040303,0.0018630848433074387,0.0017328071282580934,-0.000429177688069045,5.2179870349518736e-05,0.0,-0.005127613749717108,-0.007279564952791251
2023-01-20,-0.001073750643684276,0.00012766721989836193,-0.0012237932474993914,-0.0013048205257945502,-0.002017363601265746,-0.0038997673865682147,0.0,0.008532717913550193,0.01862870229865221
2023-01-23,-0.0011839647447396816,-0.0004237069216855546,-0.0013807298416115097,-0.0012404767279259445,-0.0007779130435449671,-0.0013955769662723561,0.0,0.0059085921213942955,0.011998820039305746
2023-01-24,-0.001324894965546555,-0.00015336285753749993,-0.0005688876170052803,-0.00020169075086330076,0.0016390244418024533,0.0012861401163316198,0.0,0.0016626140266761567,-0.0010733205477034824
2023-01-25,-0.0002595585966699738,0.00046021870532118777,0.000269511340120499,0.000543455774020761,0.00010771835393921789,-0.00047376319282730717,0.0,0.0006674924345590139,0.00037482571601077375
2023-01-26,-0.0010757390583830098,-0.0006463184419226471,-0.0012535286386022478,-0.001851106111214211,-0.0012425550933409775,-0.001890015779146939,0.0,0.005147218443878332,0.010990236578673818
2023-01-27,-0.0010176681975591513,-0.00020755838904006684,-0.0016397448724984707,0.00022132958634408465,1.4179758009684129e-05,-0.0006247164287852484,-0.0012651203203612837,0.0007736616524327999,0.0022977953859733002
2023-01-30,0.002228973204110892,0.0006529913664117462,0.0008710378570049595,0.003056573206189826,0.0015863455636430704,0.0014778549103225487,-0.003950086797154701,-0.00878035704955753,-0.012546829046435226
2023-01-31,-0.002175323027565217,-0.00038005825060950576,-0.000370259446512196,-0.0034069993952402745,0.002000061036670472,-0.0005152577885769815,0.004581663583029176,0.010848123589549941,0.014703403131767212
2023-02-01,-0.004774560542424047,0.0004927536810930153,-0.002222028770692659,-0.0007710458421872606,0.0016852932996993695,-0.0003351093306497142,0.0030569011561918896,0.009253533690648252,0.010627886715439905
2023-02-02,-0.004015138534015768,-0.001468547748905472,-0.0024796313321595385,0.0009776772164581914,-0.0016009281764911218,-0.0020211119121338102,0.0012108585230598179,0.0085736622186118,0.014556822769197009
2023-02-03,0.00199551892815939,-0.0019583248535129686,-0.00016424767615307002,-0.005988239239334981,-0.004284609594232353,0.0008086193879699072,-0.0074680691712168045,-0.010671540108662026,-0.010629124038788351
2023-02-06,0.00410332658952357,-0.0005927640217192073,0.0019125324784447554,-0.004110864325115157,-0.0018289263524491224,0.0003034984031538714,-0.002539213094676865,-0.007114907725501473,-0.006111295280818552
2023-02-07,3.1547476391527614e-05,-0.00011304608435900782,0.0014018067105569683,-0.00015628339286203856,-0.00014778775195084653,-0.0008031835858368619,-0.00027695235699044584,0.0068650073120045,0.013078688470970379
2023-02-08,0.0019316626000706876,-0.00026639340376005503,0.00025018715773999616,-0.001523237107022643,0.002140739766460493,0.0009020692563798139,0.0,-0.005084104601245265,-0.010934801833093033
2023-02-09,0.0011382871035947508,-0.0005091141340647073,-0.00025219589154166475,-0.0024020688295021773,-0.0003394978096754244,0.00011522416657483764,0.0,-0.006999830669726936,-0.008669201449988728
2023-02-10,0.003190623265651234,-0.000397433351170594,0.002148507132419107,-0.0029090085017217295,-0.00011869658995272846,-0.0005538946327672545,0.0,-0.0005294739803211269,0.002333744151331585
2023-02-13,-0.003244461042813628,6.735167858142895e-05,-0.0016311396870789673,0.0027398658385762113,-0.00044876421032469715,-0.001307749929460861,0.0,0.007992214774832052,0.011738855346036692
2023-02-14,0.000512426787676354,2.4376197274275364e-05,0.0006384056189490021,-0.0006129985695552581,-0.001507035285863068,3.750526995146043e-05,0.0,-0.0020869827908926776,-0.0004601509437346385
2023-02-15,-0.0001607554279716922,-0.0006855183338172541,-8.462771763506583e-05,-0.0011413491761846353,0.00010062586662324644,-0.0007383255122667151,0.0,0.0007494320949033904,0.0032473674937161245
2023-02-16,0.0028051356433784003,-0.00015689342893406656,0.0010583642631165186,-0.0029771225825840726,-0.0007831285908859065,0.0007420788338044339,0.0,-0.009588224458346416,-0.013768800807406167
2023-02-17,-0.0007048933900219277,0.0005361493747997826,5.158951091446766e-05,0.0013073272146756948,0.002441949011828314,0.0011336155417548737,0.0,-0.0003757365072870609,-0.00249829487602915
2023-02-21,0.006226224131538271,-0.0006193197564661273,0.0021554831272737607,-0.006413971737274344,-0.0022425921887831717,0.000947003879981979,0.0,-0.016392830484619723,-0.020060788225039983
2023-02-22,-0.0016839353975079707,-0.00030853827637576745,-0.0011760309170694692,0.0005572109856822517,-0.001842280729722081,0.0008915497025755631,0.0,-0.0001137381475234011,-0.0013780767911539815
2023-02-23,-0.0020366816953281248,-0.0001492997485187809,-0.000198847724926639,0.001741800099452583,0.0035059048378337384,0.00010744630786840078,0.0,0.004740955922779966,0.0053192277405791355
2023-02-24,0.0039139804922747705,-0.0013715612202996215,0.0016152385818642074,-0.0056485170545037275,-0.00635534514137531,0.0012751764213799058,-0.0055220361724968026,-0.008828716413443094,-0.01068229738258586
2023-02-27,-0.0022027501905699273,0.00039556250946141687,-0.00046347460224448466,0.002183700469143819,0.00210796189844704,0.0006049412207607621,0.0012775166006806277,0.003260408278576055,0.0034057808576726245
2023-02-28,0.0015502296877204537,4.2389020331477614e-05,0.0008557829306366344,-0.0005384956359379265,0.00026654643188705216,-9.995157912562851e-05,0.0005397556145687346,-0.0015898525494405288,-0.003695943674133062
2023-03-01,0.001870889272838552,0.0007029359087830309,0.001980598980733804,-0.0012395608261845093,0.0009116408677683806,-0.0004208774928365747,-0.0002557833498467654,-0.00549952456574081,-0.0038358653937848874
2023-03-02,-0.0004083331212324444,3.5169389714033764e-05,0.000660141695182306,0.0005084319179188904,1.2041605720646616e-05,0.00014444605016671248,0.0010335166231419325,0.0030207578776166866,0.007777193029124163
2023-03-03,-0.006105020456542458,-0.001801008847334019,-0.00022125234865958136,0.0001293030201858784,0.006637064246476252,-0.0007337473055784645,0.007607740329254103,0.01284282376667094,0.016037915078260356
2023-03-06,0.0017880559232652119,0.00041680913452127576,0.0001695225856235854,0.00016827431648670777,-0.0016920334462194615,0.0005155805666991082,-0.00203834770973822,-0.00029901159261749307,0.0006927414233075524
2023-03-07,0.005329911955800358,-0.0008080255170685232,-0.0007702363554682654,-0.0016937858741119575,0.008106153629104728,0.0027590025053422307,-0.0003330447101867634,-0.009155139959217573,-0.01532886975802783
2023-03-08,-0.0009905624881659347,-0.00019820108166364246,-0.0009648861065689659,0.000560878685533462,-0.00014704286030343323,-0.0003680798107529924,0.0,0.0008529701501189368,0.0016321427380827647
2023-03-09,0.0024760104987288593,0.0002364748371070175,-0.001272326389631546,-0.0020413192905218824,0.004883118675421889,0.0027555915319568674,0.0,-0.008585152383424477,-0.018449874810535727
2023-03-10,-0.0011239273253236199,-0.0024460447254398836,-0.0031090576696989015,-0.004615561006565861,0.00012742023340565976,0.0017834982434251313,0.0,-0.001291206215890915,-0.014429289309512594
2023-03-13,-0.004576051491120537,-0.000613879828589084,-0.004946222894759613,-0.001231518836468202,-0.001221121470231164,-0.0003965961918097636,0.0,0.003994060527049781,-0.0014254731287233202
2023-03-14,-0.0027211061038753407,0.0012160383302131114,0.001442030599297333,0.005210425125169061,0.003329332832404508,0.00097485220793364,0.0,0.006141865748772445,0.01653005568573218
2023-03-15,-0.0007314365332615522,-0.002923174896043421,-0.004921926871359851,-0.00404728445956996,-0.0066324294494314266,0.0030519745059218377,0.0,0.0020273179958689054,-0.006254310511639605
2023-03-16,-0.0025088647051102198,0.0008781977093972595,0.0022651046923655117,0.0048415909038329215,0.004488435483397413,-0.0003317529543706009,0.0,0.006930670511130631,0.01754520021339645
2023-03-17,-0.0015982309835642261,-0.0009765197993142876,-0.0034404241428313614,-0.00202975293151599,-0.008013098075460402,0.0018291158926899559,0.0,-0.0022855778192545804,-0.011692521398339206
2023-03-20,-0.001209330614717748,0.0010458557064549265,0.0015597484219146377,0.001871915418779468,0.0026854643115438027,-0.0013347917249583962,0.0,0.004157324108273653,0.00961552415176592
2023-03-21,-0.0008465641082114125,0.0006994471617331939,0.002453610776379234,0.002720772273019824,-0.0007009324135547062,-0.0006765687854263985,0.0,0.0043986913001910375,0.01313050228293533
2023-03-22,-0.0004855924808186542,-0.0006845414981623705,-0.0022861895078767017,-0.0019560064643910245,-0.0023672587638401644,0.0016922531957730153,0.0,-0.004962698261169284,-0.017046584438314527
2023-03-23,-0.0019523105075801963,-0.0007800259612754148,-0.0013422569841191226,0.0007725539387373925,-0.001202874248748406,0.0007310100791582575,0.0,0.003918310211636422,0.002703410781646598
2023-03-24,-0.0001953140686263775,-0.0011429851746212335,-0.0006962345063734266,-0.0020321675643483928,0.0011308149854500648,-0.0011963341358689344,0.0,0.004057507456881515,0.006562154064048142
2023-03-27,0.004096909866950133,0.002841348188003991,0.004681431734823411,0.0008091255394251325,0.003537495573032377,-0.002859629267900977,0.0,-0.0038034166984700414,0.0018697594033481035
2023-03-28,-0.0007161260651196992,0.00027697474088995,-0.0002454647055786159,0.0005468996753391828,-0.0008979202379977608,-0.0010519453887525942,0.0,-0.0015900842494147138,-0.0022446079810725106
2023-03-29,-0.0036794847931429695,-0.00025119288663775217,0.0004960889787482272,0.00204482484304966,-0.0023946327899428054,0.0008083251687081017,0.003049900984283795,0.008031346534914618,0.014534888860919803
2023-03-30,-0.0032703694655513496,1.4076103698216333e-05,-0.00018428995998938917,0.0005729634794675064,-0.002407999482078312,-0.0010200469324118076,0.003667424354030869,0.0041226602142861776,0.005855336362785124
2023-03-31,-0.0036038325213878716,-0.001602765269894128,8.920354956817037e-05,-0.00109510423845132,-0.0024560939923077285,-0.0006492002776061294,0.005508188664192079,0.010647912488644096,0.014094636893041468
2023-04-03,5.9215447897716144e-05,-0.0002930169947365115,0.0017207150282890333,-0.001146145582973647,-0.002385327779094808,-0.0005603443071889178,0.002812640044691666,0.004170496074813724,0.003810482399118964
2023-04-04,-0.00023504642105596528,0.0008881612173527939,0.0022053219277597294,0.0025905314378815688,-0.0017636095183615188,0.00036241495992196844,0.0009521621252189174,-0.0007530048285922849,-0.005548031879616833
2023-04-05,0.0005210173399778455,-0.0007148536121662834,0.0006013134508023793,-0.0005686024013196024,0.0011853226267637441,3.312498300266656e-05,-0.0007561089362418906,0.00010843350791314168,-0.0026182146923600103
2023-04-06,-0.000976576759172383,0.0002898176417401301,-0.0005525948007819658,0.0005453433858088075,-0.0008087478174593686,-0.00011976896610547844,0.0009689837006840671,0.002460112560315242,0.0039007744449546244
2023-04-10,0.0012733292618065275,-0.0008644916158533648,-0.0009257412652391682,-0.002556032733899594,0.0019334020546833107,-0.0005369744880829876,-0.00033127385112958655,-0.0033254840909924255,0.0010263587481640357
2023-04-11,-0.0012509255368852454,0.0008091615160092307,4.533570973304688e-05,0.0001621263810563746,-0.0006138450176670874,-0.0005403030535640677,0.0,3.708723906647787e-07,0.0002684938218477928
2023-04-12,2.205187528100082e-05,0.00041804400874262426,0.0016545226251885197,0.0002603943899772039,-0.0019382535433351575,-0.0005190746698414146,0.0,-0.0012791827678795052,-0.0040759133032660655
2023-04-13,-0.0015170702496790655,0.001974741565928354,-0.00046742819779285695,0.0034433194909175373,0.0009252560473310952,0.0003670160539441145,0.0,0.006646104068029989,0.013282620818763524
2023-04-14,0.0019273823387131804,-0.0018672696628357643,-5.676307424580377e-05,-0.002528128326819279,0.0004722523847904062,0.0002324381224151782,0.0,-0.0034372664726938455,-0.002442792163656393
2023-04-17,0.0010116739950685443,-0.0005727277262776456,-0.002214626535864242,-0.002474042910568782,0.0028001376224401973,-0.0005618412699696345,0.0,-0.0003943830465748645,0.003588328458705492
2023-04-18,-0.0003443956453369121,0.0005860112683600668,0.0005786600963488453,0.0014182868294742225,-0.0007066598370683715,0.00026068183602510436,0.0,0.001042506694330747,0.0006523460338927478
2023-04-19,0.0016896934119416977,-0.000635389311147435,-0.00037603604648805283,-0.0008590565985199031,0.001415345002790843,-0.0005711171223404469,0.0,-0.0009547225170257301,-0.00016910178092655048
2023-04-20,0.0011768923910314665,5.0151019835559114e-05,0.0011236257758486618,0.0016806794168600775,0.00278454655253361,0.0021006523111074026,0.0,-0.0009533130153763112,-0.005457007487032817
2023-04-21,0.00020829238918881491,-0.00025762771405191576,0.00037589321336810544,-0.0008520046004523133,-6.705305518245006e-05,-0.00036035129027508876,0.0,-0.0005054500338657064,0.0007768804575196686
2023-04-24,-0.00160441924477134,0.0006378560924003984,0.0007397182055030034,0.0010923988576677398,-0.0002209351933684365,-0.00027103728515100054,0.0,0.002573830991454873,0.001043238434246252
2023-04-25,0.0028218449662463715,-0.0010971812030440074,0.0032201586798046235,0.0004862134925529958,-0.004778903262708727,0.0027952429664831135,0.0,-0.00556685617079362,-0.015874062824805413
2023-04-26,0.0023796497827425597,-0.0007263252117859889,-0.000838711071923415,0.000779736292760451,-0.0006793409051138701,0.0013090584027879147,-0.003890741772920834,-0.004100758265026339,-0.004235453474214945
2023-04-27,-0.002142599102536881,0.0014043597673524485,-0.0025339611259260083,0.0007590862130554363,0.003868833073322524,-0.0018158398467277759,0.0035039826449782415,0.00933535588437726,0.019908074120989827
2023-04-28,-0.0040510458799935326,0.0010933609427168994,-0.00032584145273020597,0.0010444680907867742,0.00045882240963811575,-0.0011579020973615072,0.004533755960214323,0.008111233940705986,0.008535165599250494
2023-05-01,0.0043426172289843055,-0.0015529605435246783,-0.0005446108824377334,-0.0032146173534667553,0.0026993425628369576,-2.5496660560931327e-05,-0.00433691164543496,-0.0053138100746296995,-0.0010098035026345764
2023-05-02,0.002591961049516458,0.0030368686514004183,0.0024115258409962512,0.003683719309269304,0.0020240678344071697,0.0011854603336962104,-0.001374085609962251,-0.0015361037880414763,-0.011239202411470028
2023-05-03,0.0014287294086054818,0.0015921808935359474,0.0005258407077104823,0.002116249395418911,0.0011217538403793302,0.0007508211898721443,-0.001269704371659526,-0.0015078451905509152,-0.006863899793702832
2023-05-04,0.0014923532379632906,0.0005966550735350116,-0.0001863406116706304,0.00030329691584718476,-0.0003604677334671467,-0.0009444013141037789,0.00024383227797753732,-0.004329617144196129,-0.007083083650939903
2023-05-05,-0.005331977149619304,-0.0026153432508276768,-0.001997840912088404,-0.0012287983678550532,-0.0007270371875656848,-0.0008639608621998997,-0.00034918629712102036,0.00895262170178217,0.01851268627954017
2023-05-08,0.0012190808635983638,-0.0002729670624615424,4.658675456679814e-06,-0.0009416754813370508,-0.0011358441329940253,-0.0007924634690161213,0.0,-0.002287709218038803,0.00026660578397397217
2023-05-09,0.0013864703016592257,-6.523853077396513e-05,0.00013847897312080983,-0.0011049591088857042,0.00017779288034383924,-0.0006724581389909233,0.0,-0.0031157934824856733,-0.004385497645365999
2023-05-10,-0.0030262226491659964,-0.00017165488148538174,0.00011712677907064944,0.0012887735738830678,0.0004462474478203767,0.0007091093445631226,0.0,0.005794550081822658,0.004672368966426754
2023-05-11,-4.4291125471835734e-05,-0.00013977089180303956,0.0003253986278082562,-0.0006673237104843124,0.00021946481193069352,0.0033440514810225046,0.0,0.0004380587288066674,-0.0017439512922760025
2023-05-12,0.003027938045276936,0.0007479246527206646,0.001282336073655064,-0.001593364940663011,0.0007502673316322152,0.00032476956233315983,0.0,-0.0031843963433618953,-0.0013102677655305595
2023-05-15,-0.0011001203280753633,-0.0006798035815539324,-0.0012049935659431711,0.000631988816836341,-0.0004724412164958551,-0.0005969884468685156,0.0,0.0011854266020992375,0.0034501452733404214
2023-05-16,0.0025373640228452967,6.98261416420077e-05,0.00030485040695311905,-0.0011421719107472265,-0.0036393866315427813,0.0009146926249105179,0.0,-0.005299361134986058,-0.00668279969499419
2023-05-17,-0.003125475054769918,-0.0016116114665329832,-0.0008416799478387718,-0.0011386120460348127,0.00024541548646569294,-0.0013973420937241513,0.0,0.005989602663909598,0.012139092711475952
2023-05-18,0.00031859416814184664,0.00023055350104061285,0.0019407024998275204,-0.0005730089887664561,-0.0039623960179371665,0.0011249790990857538,0.0,0.0033055058504765527,0.009633194785377608
2023-05-19,0.0017196192217596045,0.0012628826524052404,0.0014280712548616677,0.001530080058690654,0.0014933613782969176,-0.00032910251352451334,0.0,-0.002383296334556362,-0.001455078269423038
2023-05-22,-0.0014280368656063816,-0.0007354229839447913,-0.0005561902734332173,-0.0001847875250615053,3.725840625109421e-06,0.0003386931639264809,0.0,-0.0004938169459127728,0.0004061107554489407
2023-05-23,0.0010788397121480513,-0.0011923716971160888,-0.0012645231258584084,-0.002913987718228185,0.000992721944071756,-0.00127816305050401,0.0,-0.0060768845010928055,-0.011222843874589938
2023-05-24,0.0016032194352050004,-0.0011246856921868348,-0.0009642592457811921,-0.002541530055509091,-0.0014118276693154159,-8.564090884986565e-05,0.0,-0.00537146894981444,-0.007244844509494475
2023-05-25,0.0006004391491443675,0.0011136112356439694,0.0024795675217251143,0.0007465281626291328,-0.0031022825069909115,0.0013782571565789951,0.0,0.002689833850134038,0.008660023577043985
2023-05-26,-0.0037949949800561394,5.095943613977687e-05,0.0005891406732428658,0.002424923014053023,-0.0005095025476033947,-0.0009807809868120094,0.006067894644366619,0.008514612865494042,0.012950584810208943
2023-05-30,4.010501077408259e-05,0.0017136296619611553,0.0020630341172915333,0.00218467650742848,0.0011261472161829805,0.0013622204462428278,-0.0006320955000692965,0.0033648074293044063,0.0003808365702422378
2023-05-31,0.001599103574520492,0.0011026487967743322,0.0007159682092454608,5.32360464330488e-05,-0.00272977864813424,-0.00010999791039162379,-0.0013597797642630567,-0.0018120360736915806,-0.005545188038641569
2023-06-01,-0.0038731059249229515,-0.0005289160718446304,-0.0009343677191991428,0.003023892466906648,0.004023143138487031,-0.0012869649548402327,0.004594753496982171,0.006812712138175581,0.009501116256561026
2023-06-02,-0.0015248008445389507,-0.003204141223786843,-0.000933544818689095,-0.0032108271749055665,0.0030135031828954287,0.0009284887848546797,0.004672637602693442,0.005496133119866098,0.014461063367353866
2023-06-05,0.0008206248512502567,0.0005991911498753464,0.00034583205561621846,0.0004771083458434462,-0.00046512579628804943,-0.00014682974356047362,-0.0013920558928757515,-0.0012729403613710665,-0.001916135541940367
2023-06-06,-0.0012458679363173595,-0.0006399087852915288,-0.0006533269557833059,6.095632849637385e-05,-0.0027378916238096317,0.00011506567752607157,0.002867610480466766,0.0015530966352709007,0.002177387434340261
2023-06-07,-0.0010558490893855827,-0.004138264438814616,-0.0034237813474021863,-0.005872530229640338,0.0035439047180338417,-0.002101416913646366,-0.0003603172269361481,-0.004991839980148382,-0.0034575764058497604
2023-06-08,0.00032484497049584994,0.004125294867285172,0.002495937145311123,0.006344867923510649,-0.005687669564809179,1.684241264457377e-05,0.0,0.006319490173001397,0.006048477415352638
2023-06-09,0.0013844485993986194,0.000524794290929684,0.00103131138369078,0.00029882533115653873,0.000545005311517623,0.0010078154583266006,0.0,-0.00036254431745827995,0.001794039202134945
2023-06-12,0.0017657333802013706,0.0022590463691344615,0.002060935724589951,0.0025958875936772066,-0.0028907473662527564,0.0017019663081422856,0.0,0.00610333538918244,0.00907202148459163
2023-06-13,-0.0010742708263671908,-0.001759302925314181,-0.0015441948026922742,-0.0016517569692313834,-0.0012163451933435959,-0.0006691891250557879,0.0,0.0011134113673034736,0.006592959906466023
2023-06-14,-0.00043163874080747225,0.0012840941135094242,0.00011621511057794423,0.0024761485712480797,-0.0019578830516751404,-0.00019052506358301834,0.0,0.0012539606583262587,0.0011909348277734377
2023-06-15,-0.0028711127265550855,0.0007024864254082772,-0.0006644634748284807,0.0029094790984861138,-0.002394657882344306,-0.0002757081482249763,0.0,0.010546014146894179,0.012397578054858416
2023-06-16,0.0003274913146755887,-0.0010285584867802027,-0.0004006432895158659,-0.0018599537050187184,0.0018167361692691816,-0.0012089236748834297,0.0,-0.00377043635841956,-0.0034062534638480413
2023-06-20,-0.000748953235848565,-0.0010568113234234503,-0.0006758935974625967,-0.0020901576762895994,0.0028813328677038934,0.0010625750208184965,0.0,-0.0019154517831565074,-0.005188148969131445
2023-06-21,-0.0019460599159829548,-0.0017332948466447142,-0.0025767040620892703,-0.0018399443279532742,-0.0008969421473968,-0.0007226367343718176,0.0,-0.002703750874491129,-0.005123619864388362
2023-06-22,0.00362224654062654,0.001122203401792998,0.0022917384354467075,-0.000285528544117786,0.0026277962470353353,0.002006203726466091,0.0,-9.639710078155348e-05,0.0036095637818025494
2023-06-23,0.0005999986457527132,0.0004002305937939657,0.0007124075654727263,-0.00035535651699927177,0.0027371260710831943,0.00028902231529513695,0.0,-0.002881491260472235,-0.007559998603776541
2023-06-26,-0.001634889806991084,-0.0009690272164821879,-0.001366303160579335,-0.0004869506513503329,-0.0003737011342145743,-0.0007230520490985507,0.0,-0.0014627434880296387,-0.004085668666200859
2023-06-27,0.0010733403396148637,0.0015677025043606947,0.0015119647451357755,0.0022722701078713853,0.00259964587933823,0.0009003334372364653,0.0,0.005180874029643112,0.010963160951005912
2023-06-28,-0.0011392163641278797,-0.00021703027884715657,0.0005756487805883857,-2.76050078596817e-05,-0.0006480782005946486,0.0009180602869623339,0.0015793865293946404,0.0019108891779554328,0.0005044557473712352
2023-06-29,0.0017447795462678147,-0.0017775272870019225,9.757483174732012e-05,-0.0037778427872246934,0.002087597207423954,-0.0010964182157355525,-0.0015492369083886827,-0.0017423556426749975,0.003941423498616148
2023-06-30,-0.000984926718066104,0.0018793958181060233,0.0010170642622170018,0.0036664946463781985,0.003382824910877935,-0.00013792915303653338,0.0052183871019291575,0.007951732883078443,0.011800696993804705
2023-07-03,0.0003903139098999996,-0.0005201041892801037,-0.00032341463496013656,-0.0004755008452096533,0.0017634240872366255,-0.0004222125170497262,0.00034995339245899484,-0.0010445083587635297,0.0011505137043690272
2023-07-05,-0.001959239291689687,-0.002191378236290986,-8.926362096487776e-05,-0.0025767573200545612,-0.0002356244881778827,-0.0018554741023171946,-0.001788093902765173,-0.002810060182039509,-0.001487096684625211
2023-07-06,-0.0041206063716541395,-0.003962402672213896,-0.0005891489840367768,-0.005924258162915485,0.004501116291224087,-0.0007112206140325783,-0.007448364556414362,-0.00796563763079523,-0.007830644259084751
2023-07-07,0.0008069206197261316,-0.0004363516182674146,-6.247786885819353e-05,0.00011661928647695814,-0.0006852010551475661,-0.001908652652318912,0.0013810186249182488,-0.002021684796540657,-0.002524735811275769
2023-07-10,0.001230950293612124,0.001328159599204425,0.00029656991879499993,0.0016736036599545976,-0.0012865775265676277,0.0005499323026893249,-0.0004099096787335882,0.003590851718120014,0.0025311262363274523
2023-07-11,0.0009410884521302227,0.0016046002883215822,-0.000763512630262896,0.002477781627416954,1.4016586882639433e-05,-0.0006710008624962909,0.0,0.004662299360251065,0.006368397875653908
2023-07-12,0.003949715130256383,0.0022882088381077923,0.00045445010884550175,0.0053189483838424825,0.0013531648856093018,-0.0010185346279359077,0.0,0.00873183398509556,0.008045970099074706
2023-07-13,0.002096991404198762,0.0016112973133676537,-0.0002595390945539369,0.003491457301329542,0.0018447386257047977,-0.0014185178700032424,0.0,0.008088197789452644,0.007936792586096031
2023-07-14,-0.0008805242625557371,-0.001000428312288739,0.0009141357633357273,-0.001537021305218513,-0.001235040455914207,-0.0006379496230506218,0.0,-0.0023528064049045836,-0.000622674790210942
2023-07-17,0.0018123422528634758,0.0015824853995264963,0.0014234207974773117,0.0013555290028383603,0.0014479445043190466,0.0006302768516700703,0.0,0.002746383898890414,0.0034721453509449773
2023-07-18,0.0016952910046976375,0.0006964921560935144,0.0019427961116782891,0.001663080981448328,-0.003968111180059666,0.0004767268873807643,0.0,0.0049134265573164354,0.007430576751312978
2023-07-19,-5.8724257122480766e-05,0.0005100617489867919,-0.000818964113642043,0.0017766653826411752,-0.0017454440714866867,8.157902961001808e-05,0.0,0.002697926240266657,0.0022237855714153376
2023-07-20,-0.0024829061065806467,-0.0021290362159103906,-0.0006958419929818482,-0.003774526934523807,0.0054736638298966064,0.0005013853730107436,0.0,-0.00715171731850699,-0.006634424603174649
2023-07-21,-0.0005241956144518661,-2.6713573086856927e-05,-0.000681785895564996,-0.00014085619035466592,-0.00036187158006425107,0.0004962106701666984,0.0,0.0003320625865941729,0.0
2023-07-24,-0.0007670898729797749,7.219869951383964e-05,-0.0018068455236685504,-0.00044669181562669843,-0.0008629571200477654,-0.0020494310174820145,0.0,0.0017263156687738592,0.004467270826008285
2023-07-25,0.0014589209495366178,0.0003106126200164996,0.0009646827037792878,0.0007502349634277564,0.0008602351732955563,-0.0008963473154629954,0.0,0.0008896920033195864,0.002729996484983177
2023-07-26,0.001628628829340828,0.0011221783491490605,0.0003283547050796139,0.002060533999019359,0.0005966967339027571,0.0005716588887799993,0.0,0.0014668515166972986,0.0001537110721494539
2023-07-27,-0.0021273661025296873,-0.0017232970353812278,0.001016741124961179,-0.005462094968780467,-0.0006864061117454149,0.0004879334182887465,-0.007285212674500484,-0.008336573786578594,-0.0066299791777848505
2023-07-28,0.004147395757574808,0.003389204453103803,0.000862207752486124,0.004524724039307691,0.00035832141056432775,-0.000490338341166154,0.005757538683946649,0.007175101032628062,0.009790334919762111
2023-07-31,0.0009971038560896445,0.0005521369449842475,0.0004906411003861384,0.0017019006111980252,-0.0010044728616010888,-0.0007104820496362394,0.0027845932090376085,0.0016444217207095325,0.0019040031346999609
2023-08-01,-0.00221514008726752,-0.0014406592265813539,0.0005873151208404452,-0.003747314721723023,0.002113376342403905,-0.000414705288222829,-0.0052273807187993146,-0.004054086941940293,-0.0028615100807442007
2023-08-02,-0.002823425172304656,-0.0038800364469206185,-0.003516636696887289,-0.006439976334858681,0.005840819217200939,0.002615430657860773,-0.007705678088939051,-0.009147142348863846,-0.013910871383944978
2023-08-03,0.0011424238465172778,0.002167546978294673,0.0012702855372245954,0.0006382355127758528,-0.0015456089497426079,-0.003255594985056206,-0.0028916730173848978,-0.004674644583743603,-0.002865940689348756
2023-08-04,-0.002614379109132208,-0.0026467454295233625,-0.0017188858599994548,-0.0010926665996800462,0.00041346663071277685,0.0028895687724484246,0.002422091146428564,0.0015394257798416306,-0.004522604518271245
2023-08-07,0.001228684624392559,0.0020518119487509937,0.0011001279683942541,0.0019259411797687808,-0.000901937528098226,-0.0009518031852920762,-0.0004121107565581217,0.004269221679710089,0.008728491157189211
2023-08-08,-0.002846746362277757,-0.0024934113480113342,-0.0036818236213438495,-0.0026965851867841056,-0.0022535135734597957,0.0032841807884288958,0.0,-0.0005842437072127501,-0.004348656030964793
2023-08-09,-0.00239591598637485,-0.0013286866184372844,-0.0025237945920707286,-0.0010529194220586778,-0.001228809164622687,-6.839270473332258e-05,0.0,-0.0037595502643566364,-0.006685382273444951
2023-08-10,0.0029868446775660577,0.0022497721890643863,0.002667365811792414,0.0005705749437372626,-0.0020528798656200787,-0.0015103396468979932,0.0,-0.0028466161826611993,0.00035901789418502084
2023-08-11,-0.0003516620813467093,-0.0003519920734602926,-0.0007343699754859606,-0.000868486115050239,-0.002342487597350356,0.00033642322290091623,0.0,-0.0024631816532783234,-0.0005830171032082943
2023-08-14,0.0012547894354706314,0.0008126794177613234,0.0006182638751824244,-1.9951884301618245e-05,-0.00086699893059178,0.0009233626910656111,0.0,0.002674618173571641,0.005519965181954856
2023-08-15,-0.0010637055030552967,-0.0023616483948140136,-0.0011271249063072337,-0.004528595531379561,-0.005066823650890632,0.0012929897531036342,0.0,-0.007755446914986596,-0.011648832108919538
2023-08-16,-0.0005210498973518903,-0.0012903039127921717,-0.0010282977772258918,-0.003379577119064029,-0.004740153673306155,0.0009187973594910772,0.0,-0.005938202960497608,-0.0073381579205229475
2023-08-17,-0.001306274299889283,-0.001271558937771879,-0.00124303948549551,-0.0018089267050483914,-0.001512009295348589,-0.000688450415410764,0.0,-0.005085672068178182,-0.007619945182738563
2023-08-18,-0.0012664923521620093,-0.000520175885850402,-0.00139300597353659,0.0006772234909315638,0.0013111125050117368,0.0002666709496075881,0.0,0.001489027511289942,0.00048130106517896287
2023-08-21,0.004159330034023032,0.003176479542000171,0.004348954671736934,0.0021161470750191438,4.8189601615123586e-05,-0.002144589805427666,0.0,0.0014252297533753565,0.0065063764390449474
2023-08-22,-0.000638404803882291,-0.0008062097523023574,-0.001271151347683621,-6.095130898409824e-05,-0.00028324955629443734,0.0011398115221107291,0.0,-0.0014532555184429527,-0.002708630796397271
2023-08-23,0.0013145476437856289,0.0004176543013094326,0.0019451001855373955,0.00445040326048217,0.00734593190870164,0.0014287076281960952,0.0,0.011023941466395648,0.01113766666122018
2023-08-24,-0.0021422459533125644,-0.0020353385463962818,-0.003597547739428583,-0.0029042718235937678,-0.005236430429789719,0.0008929712478588328,0.0,-0.00980370027028521,-0.013859073052089221
2023-08-25,0.0009569665261223916,0.0019218970128719258,0.0007058745584367101,0.002576793862063645,0.0023699506807542906,-0.000637064450488115,0.0,0.004101907360893664,0.007049871211805447
2023-08-28,0.0015073746681203565,0.0015480838375239868,0.0018208102894619492,0.002627641929527565,0.0035799493522387688,-0.0005264664345451312,0.0,0.004914883649780632,0.006341447926264232
2023-08-29,0.002056806697363657,0.002211871071355744,0.003061493862030586,0.005201973555842015,-0.0075805101803035485,-0.0006509120253853478,0.007121949111807418,0.011525395547167739,0.014454758364166098
2023-08-30,0.00013709750854486513,0.00045042805665967023,0.00045281859447794226,0.0005224395013202045,-0.0002088587914694603,-0.00031557700521667436,0.00046492326909047896,0.002428947623163413,0.004118729077884575
2023-08-31,-0.0014724442570129832,-0.0006773085542024262,-0.0023579702460970542,-0.0006151142330587501,0.0008151177510785179,0.0012521965633466021,0.0001913828753433483,-7.47960634216448e-05,-0.0014635011439637635
2023-09-01,0.0022416783465242043,0.003824637951337643,0.00110864246983851,0.0033308616240687048,0.00010600666279277364,-0.0026536364520520373,0.0013489827357615924,-0.0013257443418927654,0.0018653102376895436
2023-09-05,-0.0024023628666276693,-0.002022924723562545,-0.0016825826185474077,-0.0008923684775204278,0.005435548124832454,-8.064490680620055e-05,-0.0051041807376644485,-0.0050192191191527295,-0.004321914265616678
2023-09-06,-0.0020066297715019455,-0.0017844864023351195,-0.0014714476887142283,-0.0016270518623124242,0.00020031362307516701,-0.000573055712892993,-0.002193046967973524,-0.005061227355482001,-0.006722442933943085
2023-09-07,-0.0016116726086699827,-0.0016236687315343988,-0.0017651581883715648,-0.00245864435898434,0.0016346836097087469,0.0022504604099864,-0.0003923208116801284,-0.000468490441238356,-0.0030703732443994047
2023-09-08,0.0001826787063578086,0.00014631489669529162,-0.0003051012050468216,0.00026926142002103664,-0.0005217136850063714,-5.851465704507586e-07,-0.00043770222737154893,0.0009893554750718624,0.0015061976129560062
2023-09-11,0.0021084388019996726,0.0024192181586842093,0.0023162515386521516,0.002984465334877545,-0.0015450222948467304,-0.0007935012448069233,0.0,0.0032615463392348778,0.006576646870672942
2023-09-12,-0.0016805354349291321,-0.0011168875489774594,-0.0017270383237378575,-0.0012832413489591418,-0.00272788091448484,-0.0010389173031504296,0.0,-0.0027341699234621373,-0.005485500099279839
2023-09-13,9.513980842553906e-05,2.07542984416508e-05,-0.00025883762172497,8.64244008823949e-05,-0.0009260973927632376,0.0011994415525467905,0.0,0.0011701083052271688,0.0011659669752071
2023-09-14,0.0025589804576662783,0.003636419112446299,0.001047319881080623,0.003648647109047442,0.0010109201091841402,-0.0007931441358950708,0.0,0.004275837207660516,0.008622264479344999
2023-09-15,-0.0009714460607357713,-0.0016668132298814904,-0.0002954087959802066,-0.000979874587710092,-0.002306595897917972,0.0001339854910188391,0.0,-0.008471113470361601,-0.012048247854332339
2023-09-18,0.00043617146059644944,-0.00020948297711867765,0.000599379996061205,0.00011571586190126955,0.000482462072956065,0.0006571483105219096,0.0,0.0007385356026361034,0.0005864319287229858
2023-09-19,-0.00040600611753711203,-0.0004890350754667256,0.0004362736718461492,0.00016359211465484275,-0.0018855290692333113,6.295890021912176e-05,0.0,-0.002703884489134745,-0.0020738999123249835
2023-09-20,-0.0018271846485758934,-0.0024396859442945193,-0.001882476434924126,-0.00270156225703724,-0.0009293161142527589,0.0012076080146014808,0.0,-0.0058174699601433845,-0.009193192951669094
2023-09-21,-0.0023290913374624162,-0.0031950114563607207,0.0004460717830978361,-0.0011641202753333868,-0.005292756847814389,0.0003989687758810167,0.0,-0.01289214469768176,-0.016528431397665355
2023-09-22,0.0013109498403491317,0.0008742207658499806,-0.001038121807220248,0.0004931910528517032,-0.0005638018291942168,0.0006801357590841784,0.0,0.0002147540581746599,-0.002248501529476976
2023-09-25,0.0007825527824317485,0.0007691137161102623,0.0018333312912806004,0.0017387503414134366,0.0004697023625816246,0.0002281614794481148,0.0,-0.00041933830287015387,0.0042051361330315284
2023-09-26,-0.0033560876759258103,-0.003512673000028274,-0.002382178580088453,-0.0030605573476414137,-0.006546451599873666,0.00043557601574145487,0.0,-0.008945492784428688,-0.014691179741892157
2023-09-27,0.0005666606028748586,0.001313310500992171,0.00018336340215541224,0.0018086898653870626,-0.0014733891151263241,-0.0020314291585092504,-0.0009029245182106067,-0.0015486073590814887,0.0003990548684880135
2023-09-28,0.000256803028332834,0.0007962435514381199,0.000847934677690359,-0.00012034855937822597,0.0026950502894538863,-0.00028221572010895743,0.0015484942798882461,0.004573762547576221,0.005797397590904252
2023-09-29,-0.0018337250444076852,-0.0018272040566549182,-0.0017174128560289304,-0.0025823543285320096,-0.0030572864072970075,-1.4839943695200446e-05,-0.0028696990332894566,-0.0013688445114034443,-0.0024269434552449676
2023-10-02,-0.0016850904383717545,-0.0022601748746835966,-0.0014690485346940244,-0.0010967688201175664,-0.00900060576872296,0.0014610041699493906,-0.007348244867385869,-0.0034831739224238105,-0.00039748747744605684
2023-10-03,-0.0032322530912051763,0.003055132722164281,0.0003369829579443257,0.0026983068608652143,-0.006939792006063535,0.0002254162535686134,-0.00811564970998012,-0.011342684957038829,-0.013386242424752837
2023-10-04,-0.003634555644731525,-0.005642854280190563,-0.0007124843364015916,-0.004544974569454269,-0.0007341473290425673,0.00038994279758560173,-0.00037571740619584483,0.0069065338622595895,0.007282061879444246
2023-10-05,-0.0013414277178832835,-0.0018663143757089383,0.0002604493830369757,-0.0020657472304222266,4.882132646746184e-05,-0.0005178942763142513,-0.0008039166765757544,0.0005259985435428938,-0.00037663820336364395
2023-10-06,0.005027133551750267,0.0005850938681802571,0.004559146589204595,7.10882894800889e-05,0.0023136760784034046,-0.002179860493017988,-0.0004411532447375459,0.004783689158910231,0.01187262616259388
2023-10-09,0.004176949489751889,-0.0008682840131946898,-0.0008329648960587989,-0.0011988173109637728,0.008965101019800317,0.002451631233220175,0.0,0.008948300677874065,0.006402050819723115
2023-10-10,0.001607627866545914,-0.0009526185510035782,0.0013586774262564633,-0.0017465356407612253,-0.001216489083351732,-0.002364425356182633,0.0,0.002333734776161833,0.005204986219367713
2023-10-11,-0.0007317142768152082,-0.0033128301480612353,-0.0007532162516639582,-0.004089983855177893,-0.0028981224273464386,-0.0008251447627372274,0.0,0.004654478887186019,0.00409618408878476
2023-10-12,-0.0009410538349704162,0.004499829560607119,0.0008631674902732625,0.005563867106938997,0.002609487812882394,0.0023896465216294398,0.0,-0.007503051502601554,-0.006096385807143889
2023-10-13,0.0040968554515168,0.0010052353961937687,0.00045639354106676174,-0.0015370106817153943,0.00015591765162851394,0.0029378903522473973,0.0,-0.00042975296000808934,-0.004980948218810566
2023-10-16,0.0012311296680406853,-6.178361515637141e-05,0.0021763255403426827,0.000338389972846554,-0.0009443666478176658,-0.0028556941867037182,0.0,0.003945645565734467,0.010521496910222972
2023-10-17,0.0014010623245372107,0.0018017382323069664,0.001143103473037896,0.0008626538414358318,-0.00275584650234847,-0.0018546824800519108,0.0,-0.003952594397322096,-4.589631226747937e-05
2023-10-18,-0.0007718868718018105,0.0035393550522301114,0.00033684695583673725,0.003307703969880268,-0.0010352973063771898,0.0035850518943307086,0.0,-0.009865618272082967,-0.013325092853804454
2023-10-19,0.0011733703964940203,0.0035837576831946718,0.0031508525842328665,0.003095436004738366,-0.0018889881247439021,0.0020292698653220313,0.0,-0.007240767425249595,-0.008786305077294165
2023-10-20,-0.003165332385917675,-0.0015817888843229974,-0.0016936679442960492,-0.0017036589432669093,0.003363239368347011,0.002341504280535879,0.0,-0.0050343693372941305,-0.012288051595855776
2023-10-23,-0.00221434771789178,-0.0021680232916374653,-0.0006870836187742507,-0.0012623092149283933,0.003967357452258393,0.0014968386367910217,0.0,0.0008378157928418564,-0.001733154596925357
2023-10-24,0.0008744356847938734,-0.0026146768961554353,-0.0006259473506044355,-0.0024019010162434073,0.00579959689615578,-0.0003907531170431835,0.0,0.005235502630758226,0.0075393164938621915
2023-10-25,-0.0005698214372325388,0.004367332901867776,0.0007602474640609204,0.003804190082562134,-0.007801384692211055,0.0021933704133945938,0.0,-0.012120422976258748,-0.014352192055823276
2023-10-26,-0.004188701677825599,-0.0037569128773816004,-0.004935972966914738,-0.004311750559244857,0.002135617214112939,0.0012493554724986788,0.0,-0.004137483924472395,-0.011974539126637818
2023-10-27,0.002286311509599598,0.0020000525169005415,0.0022182125641080873,0.0015115919531342832,-0.004186063543414952,0.0014942023494994572,8.33585574584209e-05,-0.002096993966311444,-0.004532814510393113
2023-10-30,-9.521072156363678e-05,-0.002200737305831059,0.002802771461251454,-0.002002884718332666,0.003411531440132778,-0.002799050075873577,-1.480632222828859e-05,0.005841247596071807,0.01195564267257554
2023-10-31,-0.00015615600260892953,-9.156404210265831e-05,-0.001584278467629507,0.001082559672853064,-0.0013255876617821374,0.00022606861958123642,0.0007003021036096579,0.0029215682226254366,0.006280396257328347
2023-11-01,0.0022311306985669035,-0.002705285023291221,-0.000717229765448869,-0.0017674678171523575,0.002101136531654889,0.0007472064420138955,0.006314215293482805,0.011006028961464054,0.010664617842702562
2023-11-02,0.001312794112264175,-0.003502523139750785,0.0010025362199675705,-0.0028087217291478477,0.0021631446352558597,-0.001486992149904187,0.009671488415850199,0.013977177908524575,0.01916449207449178
2023-11-03,0.00040360741116506516,-0.00459277873177985,0.002038265183409071,-0.004905450386613703,-0.0004598448286390149,-0.001399464930112242,0.005271501494259843,0.008553414294261551,0.009123380342047183
2023-11-06,0.0007453529372025385,0.0019912058029044155,0.0012251311921182377,0.0020114056917820964,0.00015584030514077213,-0.0009211865226613706,-0.0023816409525294407,-0.0009333781210793203,0.002300344804824661
2023-11-07,-9.35660535008613e-05,-0.0012613521393577438,-0.0020278113964183183,-0.0015581569358107759,-0.0020585087687446336,0.0032945418105071725,-0.00039942776575239194,0.003990887590891879,0.0028461911355182057
2023-11-08,-0.001220755738314098,-0.0014532261144070576,-0.001838818626096355,-0.00202140535085864,-0.0013838054714898022,0.001362478106087085,0.0,0.002054837769892037,0.0007323394361862245
2023-11-09,0.0012262236864738663,0.0032941803523748934,0.001541170353638514,0.003187482043459893,0.005911132618634171,0.0010099185220339112,0.0,-0.008636051492053376,-0.007798684948302714
2023-11-10,0.0011304384833695673,-0.000160260297955754,0.0006048522085774154,0.0007718873764134876,-0.0048496944378294965,-0.0011941558234481611,0.0,0.00980190033361259,0.015604715087276677
2023-11-13,0.00021142953176201085,0.0008080487509946619,0.0005290387323184352,0.0011560658081333332,0.0004607171954495262,-0.0006505599642461009,0.0,-0.0007912898344744068,-0.0009531094371517668
2023-11-14,1.1057660461585676e-05,-0.008783138476234948,0.001749703440224856,-0.009736517589573524,0.005393516261190743,-0.003834687599306107,0.0,0.01765373226784477,0.019400699264744192
2023-11-15,0.0012531022492840921,0.0005686502909156276,0.0010435061567054592,-0.00012854972487380632,0.0004679711601139162,-0.0007160581545148724,0.0,-0.001843131586374325,0.0021171564022650635
2023-11-16,0.00126502187482324,-0.0015875942466823164,-3.704606342325685e-05,-0.002124151162061912,-0.003818215722810262,0.004755974705259568,0.0,0.003740943542166519,0.001222951533367933
2023-11-17,0.00010178743115615873,-0.0004187580206150724,0.0010463159515826665,-0.00036669319095670663,0.003160290179209168,-0.0018728056897712668,0.0,0.0010059205817285033,0.0012438929741640514
2023-11-20,0.0003117229880572554,-0.00039998173962500706,0.0005161747039556816,0.00013571112012045265,0.000918142504983534,-0.001966851509396792,0.0,0.0051805598992121565,0.0076975556449827565
2023-11-21,0.0009546793710486083,0.0011837527721801672,0.0006615379768636359,0.0017253871508627998,0.00015162014480343009,0.0012651871242416964,0.0,-0.0007897260273844742,-0.002179354867042904
2023-11-22,0.00047326010046575906,-0.0005275554327156746,-0.0009234777123533645,-0.0007272353682491219,-0.0011444174492357766,0.0012052325874007876,0.0,0.0021873102510008733,0.003860903299975238
2023-11-24,0.0009868812207170902,-0.00075055788133825,0.002788183155514239,-0.0014557035317333204,-0.0015264266065230768,-0.0008572864181748751,0.0,-0.0017009621798941942,0.0006152604287994468
2023-11-27,-0.00039969596972924096,-0.0018750539419748876,-0.0010105610354470059,-0.002196710873157826,-0.0027450923549108513,0.001096963591029953,0.0,0.0019540516144862744,-0.0018008995207469125
2023-11-28,0.0014844202371290366,-0.00018298205500499805,0.0017837102324550092,0.00037243103731328706,-0.0022654614109710587,-0.000696630634781911,0.0030106374476641315,0.002357857637520322,0.000989934175940732
2023-11-29,-0.00018032316429937773,-0.0005468465492705305,-0.0015532292303508852,-0.0001372090578391168,-0.0011824993335941272,0.0005193336275093228,0.0027352439032879944,0.0016771210738184773,-0.0007032940193641979
2023-11-30,0.0009759637613006418,3.8792944773394884e-05,-8.584986995236995e-05,-0.0007551287557203987,-3.335330619477783e-05,0.0011742624283542394,-0.001309061844114725,0.00040230481858514154,0.003937496649781158
2023-12-01,0.0001771814056361107,-0.004127552682363958,-0.0007225750346113297,-0.003979145301002173,-0.007473284950039222,0.001156285509858859,0.005974518518495807,0.007323609547513543,0.005915794115564088
2023-12-04,-0.002867798302821827,-0.0035620771420636133,-0.002666378164266292,-0.0033622212218671374,0.0040598490200948875,-9.678353002862976e-05,-0.004198217895169994,-0.004808476643658622,-0.005249346358470519
2023-12-05,-0.0007861282674919783,-0.0008587268736019833,0.0005854360818638998,-0.00017351182917212804,-0.002585010404280814,0.0022604804950127006,-9.465448566309335e-05,0.002700737785474017,-0.0001969872833995634
2023-12-06,0.0012684114085978217,0.00014071985247433947,0.0014940836503936502,0.001679349070699291,-0.003540714452242402,0.0030362968070062517,-0.0012444685188994717,-0.000763938439339684,-0.004029978661036937
2023-12-07,0.0011598476762403219,0.0011746911622270606,0.00027583067446633014,0.001114912156371118,0.0004244416981641284,-0.0006671213708192239,-0.0003670702558448818,0.003986985103694706,0.007630357758266149
2023-12-08,-0.0010557859490497477,-0.00115384073805467,-0.001124631422075408,-0.002053881779762887,0.0006737889139100445,-0.0005266354156022938,0.0,-8.044676580000812e-07,0.00429931711865561
2023-12-11,0.0002564195449139483,0.00028247947462884,-0.0004074138381581796,0.0004265378805204219,0.00036916115337217397,-0.0005433989994579348,0.0,0.002376288893454559,0.003889530902242866
2023-12-12,0.0019769548325763034,0.001128149778809635,0.002015668568768457,0.002241549527398138,-0.0027541674974938713,0.0018773908083619692,0.0,0.003591904606655083,0.004567349114591446
2023-12-13,0.0038235921987461595,0.005819851081480757,0.0008555344118728956,0.008068100359888433,-0.0017362224854857583,-0.0006870898307934567,0.0,0.014221312329663371,0.013790130499257591
2023-12-14,-0.0005012130740162199,0.0012509904708487168,-0.0035293742503043285,0.0022912098063495897,0.000617101141151686,-0.003318894338732287,0.0,0.005250670864404716,0.003209297866463734
2023-12-15,-0.0010730192645651017,-0.0014251651600914982,-1.7591440651811875e-05,-0.001983915554683623,-0.0011245209772614397,0.0003284096275660835,0.0,-0.001320992575895974,-0.0016465287174175502
2023-12-18,0.0005035609249732595,0.0006993796685308765,0.0005274175396029456,6.919487648396494e-05,0.0005659698494342263,-0.00019892737328264785,0.0,0.002499930511888237,0.005625020765432476
2023-12-19,0.001259585046224072,0.0017063911819855324,-0.0006962805651021361,0.0019521527795738356,-0.004650297385490448,-0.00145730088502391,0.0,0.004400182814942788,0.006081013120286194
2023-12-20,-0.0024178639115610694,-0.002681177429735695,0.00041290786144631067,-0.002418501484947944,0.004147103009169478,0.002253010002696956,0.0,-0.006355283506482245,-0.013857394125843636
2023-12-21,0.0034849431570258297,0.0034977870952768433,0.0007370940426747149,0.003767562380895274,-0.004854987890032793,-0.0011231282175962665,0.0,0.005066995976060439,0.009481946536269659
2023-12-22,0.00027057845452251126,6.667539779780794e-05,0.00013944772197006366,0.0003592542472787445,0.00016929432630544277,0.0003887605972142102,0.0,0.0008318924780994051,0.002009663437074538
2023-12-26,0.0008160422038335611,0.001437149221047495,-0.0006931676097852947,0.0013217442656873303,-0.0034993639026066788,-0.001304043671771365,0.0,0.0027831688871635674,0.00422260141133024
2023-12-27,0.0008586801419503708,0.0009582453397215542,0.0001162756426485728,0.0022250153659113935,-0.0031224270553568572,0.0009670155752625757,0.001819451622664337,0.004201596712177613,0.0018079687840184544
2023-12-28,0.000527930389666006,0.0001122813684294802,5.343741876552089e-05,0.0003940009871627179,0.0022637519070888403,0.00019038256913509862,-0.001692287273778755,-0.0012991019099177772,0.0003777782469400748
2023-12-29,-0.0003825888510939762,-0.0008707871851255722,0.0006576837860668164,-0.0013996398438664917,0.0029390764259239316,0.0012131799213836649,-0.0027032456044504116,-0.002730531043844198,-0.0028949863105453
2024-01-02,-0.001587962193285713,-0.001725078863453273,-0.0001627959197559721,-0.00162574186125966,0.004717534962317984,0.0010081378559521114,-0.0033260743513877284,-0.004851706225844121,-0.005596317714220533
2024-01-03,-0.003838138045775363,-0.004247408666963861,-0.004549400855666837,-0.003741700529574511,-0.0012222158752009374,0.0003223991218510952,-0.0026711524867877256,-0.003941926176993649,-0.008166680634763557
2024-01-04,-0.001715499907424012,-0.001628484545788923,0.00034178462017025,-0.001715499907424012,-0.002150868547249476,0.0001739572084472178,-0.0024564132252028067,-0.004342915489972943,-0.0032211423681619555
2024-01-05,-0.00141972146012851,-0.0005800945856675478,-0.00043608523505727487,-0.00141972146012851,0.0001892634446596063,-0.0007243689839220168,0.0001615168927256782,-0.0006413021711598966,0.0013698032919413627
2024-01-08,0.00570077778024362,0.004583478650644657,0.004710917940158377,0.00570077778024362,0.002822016469266936,0.0012428513654642688,-0.0003662482701908859,0.009908253461473837,0.014275782111674573
2024-01-09,-0.0016038380091076526,-0.001500100582696618,-0.0004977373468693948,-0.0016038380091076526,-0.0015048990850675095,0.0007586425368760544,0.0,-0.0010775888460935023,-0.0015169956372050875
2024-01-10,0.001042611789678682,0.0008026166641358564,0.0020762907894801095,0.001042611789678682,0.00016705389354330067,0.0008606151673656641,0.0,0.0027658409593152465,0.005655464913819852
2024-01-11,0.0006646406833975714,0.0007071883776203803,-0.0009060021509247052,0.0006646406833975714,0.001481436026771215,0.000753284423888969,0.0,0.0018725550550275473,-0.0004407389796123873
2024-01-12,0.0007306109850860916,0.001515729893962616,-2.748237255436063e-05,0.0007306109850860916,0.0020141001791519337,0.00024129843281406988,0.0,0.0014993183468751338,0.0006927820714308641
2024-01-16,-0.003810182704571177,-0.004735556321553108,-0.0010502515101322896,-0.003810182704571177,-0.0071494421094833735,0.0005420248370367725,0.0,-0.005444943255576762,-0.003671240950010146
2024-01-17,-0.00341703354780015,-0.0038608399665806467,-0.0016975417950152382,-0.00341703354780015,-0.0016951689975162744,-7.50311204375603e-05,0.0,-0.004634394845228917,-0.005558695057710117
2024-01-18,0.001249348356164452,0.002044511905505848,0.0012133649173055564,0.001249348356164452,-0.0020103182551858803,-0.00012126650425111004,0.0,0.004452776700704364,0.008892677794146264
2024-01-19,0.003392176623704084,0.0030752249903809353,0.0025135923006583366,0.003392176623704084,-0.00043843839440474327,-0.0006495667626756408,0.0,0.007521882292836457,0.012466283224738861
2024-01-22,0.0013870924058219038,0.00073126175115013,0.0013118050402260032,0.0013870924058219038,2.944128806690281e-05,0.00013545447631035557,0.0,0.002490502608170875,0.002114386993945949
2024-01-23,-0.0006730129054121955,3.0798285324645284e-05,-0.0010499426944710624,-0.0006730129054121955,-0.0006530025113769356,-0.0007339381454921476,0.0,0.0007417806960871242,0.0029165435453932798
2024-01-24,-0.0014809442480061864,-0.0004778379979565499,-0.0011943025839289008,-0.0014809442480061864,-2.584419659271657e-05,-0.0012838405248455,0.0,-0.00048114433946024884,0.0010930682304626238
2024-01-25,0.0021575618478495403,0.002768060128257602,0.0005284241775484701,0.0021575618478495403,0.0018040899507404278,0.00032627188613061235,0.0,0.004994768704851226,0.005438906700346413
2024-01-26,-0.0009178191660200168,-0.0007394694866095992,-0.0006223398783253634,-0.0009178191660200168,-0.00015384781626714972,-0.00019944434667457472,0.0,-0.0014770983304705611,-0.001270334204830581
2024-01-29,0.0035993901621077045,0.003555149863234249,0.002017841839568872,0.0035993901621077045,0.0012472634773837837,0.0005997728374464602,0.003244500427486828,0.007152677211490266,0.00791930780119432
2024-01-30,-0.0012514356079018302,-0.0011152506046113214,-0.0011736374711344474,-0.0012514356079018302,-0.0007652549997209106,0.00046903090325793324,-0.00031482493011607043,8.043107689688085e-05,-0.000773236136256239
2024-01-31,-0.0009485719169507747,-0.002404254198061438,-0.0026766637954335776,-0.0009485719169507747,0.0032320160499331747,0.002510683078848179,-0.003810786157194819,-0.006445373704160538,-0.01631751358517275
2024-02-01,0.005744319578786723,0.005492613800001507,0.003734700134395599,0.005744319578786723,-0.003927187870110835,0.0008819993528463544,0.0051877115981710945,0.010330408093986155,0.013088179485211349
2024-02-02,0.0018451862672671138,-0.0008186626714398339,0.003905053802834894,-0.0007601122789100703,0.002915908616416764,0.0006242137360772044,-0.003840750513650012,0.0011109007659675365,0.0105272959921896
2024-02-05,-0.001351241193207496,-0.0038108104784847453,0.00020024261888787552,-0.004081548527017562,0.0026425957222236908,-0.000488620043515312,-0.004025635030714799,-0.006077569239128144,-0.003641132568705019
2024-02-06,-0.0003150252636121648,0.0016668478559244875,-0.0011742174438407018,0.0033798925916146737,0.003920310004174759,-0.0006440071386791978,0.004123842054662599,0.003897862225325177,0.002903381627711532
2024-02-07,0.0006842875953608286,0.00032570874038496484,0.0009691497007749771,0.0003471529114286347,-0.0011993212372221056,-0.0001737062867430524,-0.0003993881307685306,0.004289423763529099,0.00834030432383015
2024-02-08,-0.0012548736610863511,-0.001146566829917157,-0.0007345182174858253,-0.0016869289837419532,0.0005231205082672292,-0.0023128062300923043,0.0,-0.0010406699629043727,0.00044162427096816614
2024-02-09,0.0008606814951271658,0.0010317296831606267,0.0011469880675201904,0.0012070465200951558,7.851946993796906e-05,-0.001031901280555514,0.0,0.0027493321465113406,0.005779525577980893
2024-02-12,-0.0004483999031288416,-0.0001349139960650911,-0.0006002350798241126,0.00038003879028113873,0.0011161043798377413,-0.0011239137831848252,0.0,0.00011752713016610633,-0.000439080910819456
2024-02-13,-0.0032016704700731594,-0.006525789154892849,-0.001448712580664339,-0.007540646714591845,0.00479180879438112,0.0006885217051342275,0.0,-0.01266217286198683,-0.013772927581574446
2024-02-14,0.0025669041686490813,0.003933463487532444,0.0019703722845297784,0.004774482982348128,-0.0030676360692326195,0.00016890012772861494,0.0,0.006949343801276519,0.009087603235319097
2024-02-15,0.0005395485006625116,0.002643920733141437,9.810265217358546e-05,0.002853301755565321,-0.0042775326079696,-0.0012939283802600632,0.0,0.005247525550006271,0.006899793709901791
2024-02-16,-0.0023013481855494932,-0.0025030085130969527,-0.001607153620133813,-0.002951325326264506,0.00016160708542955915,-0.000638089920396994,0.0,-0.0047297777493300105,-0.004979910956536826
2024-02-20,0.0007855100132430042,0.0006117493155575067,0.0005134622340336296,0.0008756090368209747,0.0022972510606626417,0.002313035965416712,0.0,-0.002620735983280564,-0.005505569798089027
2024-02-21,-0.0012025503313390327,-0.0012955977676152824,-0.0006932624016436668,-0.001218676328096558,-0.0014163318709383948,-0.0005424327013665328,0.0,-0.0007343069334234898,0.0009059460883917847
2024-02-22,0.003523218070987399,0.004037380760284001,0.0035062234267047012,0.004954003357951226,0.002925115663614319,0.00025952002880593513,0.0,0.012459897036175517,0.020695425164566572
2024-02-23,0.001458119867764366,0.0021985007057049046,0.0007257643254779101,0.0023861487191707935,0.00026426829045791966,0.0016113722291119703,0.0,0.0022513771944604687,0.0006896579920787627
2024-02-26,-0.0006290209369974498,-0.0015947291661298653,-0.00039162882949876523,-0.001961545252263377,-2.0258582329752122e-05,-0.0009437086413085949,0.0,-0.0027931231919190447,-0.0036624553660885573
2024-02-27,0.00024900271357203806,-8.330368684767082e-05,0.0006055297812065795,-2.048904530404334e-05,0.0006141463628819876,-0.0008045923650105496,0.0007500318570256659,0.00022007267396695319,0.0018577481830415188
2024-02-28,-0.00017093750856990398,0.00010764098059151213,-0.0007494933914136237,-0.0002626353236689285,0.0005411109681629693,0.0008202584959952448,-0.0007623733581358099,0.0006586931035969413,-0.00132164076202812
2024-02-29,0.0012275578412829136,0.001981388320078794,0.0009054708588062076,0.0023434606553280257,-0.0009493383811232446,-3.2515031055451935e-06,0.002605834476124121,0.0029651046864878515,0.0035949057285806774
2024-03-01,0.0017895350568581851,0.003497308992238,0.0010617231380470927,0.004150827047597048,-0.003040314325566293,-0.00027780528156154497,0.006968464528583417,0.007459180235791863,0.009388330704717784
2024-03-04,0.0009342128136785933,-0.0005371663454916208,0.0010500295010260272,-0.0012178811293626387,0.0011751057307086475,-0.00036102980426045035,0.001091089670517926,-0.0015333972013445328,-0.0010724601789007249
2024-03-05,-0.002154297604269923,-0.0010418829603703157,-0.0021442596277608623,-0.00048567563842051185,0.0006037193564199654,0.002571022348323147,-0.0017639307212560346,-0.003533386228497526,-0.009994191635525618
2024-03-06,0.00337611216451477,0.0029087391505152288,0.0016414914622429537,0.0026750526435154586,-0.00333335281012144,-0.0010627361861094736,0.004683110787441707,0.004011194010034203,0.005067253552665463
2024-03-07,0.0028220545043426133,0.0025210827127630773,0.0027006592526678985,0.0023705968169733093,-0.0024389451432284153,0.0001219202663167528,-0.0004359141631352511,0.006629607411433324,0.009926452199480407
2024-03-08,-0.00017036309213053566,-0.000248317677043745,-0.0013264450150365923,-0.00028729496950034985,0.0005630440540650499,0.0010042704827989862,0.0,-0.0033071693673634604,-0.006002148112792316
2024-03-11,-0.0009127532432651434,-0.001154287985656961,-0.0008290086763267231,-0.00127505535685287,0.0002900165697329672,-0.0004631824644010152,0.0,-0.001019876945966014,-0.0008598627131740644
2024-03-12,0.0011326542346057325,0.0011409784858978412,0.0013211195874880362,0.0011451406115438958,0.0018083633838320077,-5.814008969140687e-05,0.0,0.004814116736924134,0.010757349449404208
2024-03-13,0.0004222436421893951,-0.0010918729149816029,0.0018449834836620697,-0.0018489311935671019,-0.0015458823478708215,-0.001476442597313666,0.0,-0.00182725396444241,-0.001567407845057267
2024-03-14,-0.0026049709548736106,-0.0033300525992430944,0.0001648578134610029,-0.003692593421427838,0.0029872161161102954,-0.00039521271765741953,0.0,-0.0041487534313061625,-0.001976943619330096
2024-03-15,-0.001264128523117866,-0.0018031514364463125,-0.0005389180674545908,-0.002072662893110536,-0.000729916775055144,-0.0003964399423299148,0.0,-0.004802125030705584,-0.0068664632814761095
2024-03-18,0.0010716539518391248,0.001114924355069682,0.0008707117990827003,0.0011365595566849608,0.0009819478481246707,-0.00034929543219195725,0.0,0.003096007581517712,0.005943093396157284
2024-03-19,0.0014668696289260755,0.001825374638743053,0.0004447320646192582,0.0020046271436515418,-0.0005055560093262669,0.0015076746950706767,0.0,0.004488943969476455,0.005557210954509451
2024-03-20,0.004434312008332723,0.0035498152840674467,0.003255799504680024,0.0031075669219348076,0.001807389689781647,0.00011329787582437174,0.0,0.00648755481302179,0.009249219472714065
2024-03-21,0.0008250669125565468,0.0020273151255920724,-0.0015568127808952119,0.002628439232109835,0.0006772683167969522,0.000990809899803411,0.0,0.0020254926268144847,0.0033047317059688996
2024-03-22,-0.0008849577499819324,-0.00021173476274033637,-0.0018847372788975986,0.00012487673088046168,-0.00062421593282987,0.0016946139014758286,0.0,0.0008189489293075616,-0.0018958132164252905
2024-03-25,-0.0011928949775788676,-0.0014979295159256948,0.000713334260079877,-0.001650446785099108,-0.0010735468604832986,-0.0013534236051831357,0.0,-0.00271577577394686,-0.002762833417446431
2024-03-26,-0.0003451834018336841,0.00022497724310853337,-0.0003519389749418495,0.0005100575655796423,-0.001868118174903653,0.0013227447614667669,-0.001478374100698687,-0.0005139447115584338,-0.0018468511817459898
2024-03-27,0.004586752571075662,0.00482148474388373,0.0006842515489189178,0.004938850830287765,-0.00327352810438526,0.00041340468845461946,0.005903782989714483,0.006567645435289826,0.008403561354286104
2024-03-28,0.001084259637784866,0.0006172982754036086,-7.803111256467942e-05,0.0003838175942129798,0.0010174295716295935,-0.0011593620505990926,0.002479657707275806,-0.0004944988642146652,-0.00019103900658279382
2024-04-01,-0.0010762988909268727,-0.0022738422978000996,0.002159082567557754,-0.002872614001236713,0.0026382975294849567,-0.0005231204996943928,-0.002489175817864013,-0.0046632261186835946,-0.001739871634885537
2024-04-02,0.0007266875525025877,0.00019918576972502742,-0.0026168060313602145,0.00034210607845629225,-0.003953630590217333,-0.001425411271942491,-2.303253507764075e-06,-0.004670190872962943,-0.006358076572897664
2024-04-03,0.0028759401584658086,0.0022731338042891154,0.00013718248440315449,0.003095718666049385,-0.0016248633174048323,-0.0017906154949837833,0.002962750616545263,0.0011305590637923136,0.001098595818522119
2024-04-04,-0.003544958833214634,-0.0033528120210810693,-0.0031023560399822134,-0.002906269895144485,0.001092369540636319,-0.000467034642462888,-0.0021486590156850303,-0.005953734286240063,-0.012206090452421381
2024-04-05,0.004776486533653958,0.00382758846312445,0.0031079325789471813,0.0035432884967222518,-0.004385656989793359,-0.00041041204397934553,-0.0004857047739582596,0.0036230354331150843,0.010446857229074125
2024-04-08,0.0023892762935734764,0.0020272813367808577,0.001269468931087007,0.0019688235661014623,-0.00111221512600774,-0.0006589897109741522,0.0,-0.0005662379715117628,0.0005593141739412832
2024-04-09,0.0011569340151534357,0.0014881607060351614,-0.0004813294417579854,0.0018994421302017278,0.0018980480662902795,0.00020079334961640112,0.0,0.0022867127765082264,0.0011568527924608052
2024-04-10,-0.004186519941853739,-0.004128549902467317,-0.002990098352340954,-0.006665076053931922,-0.006943522227139391,-8.639199418042256e-05,0.0,-0.011324138612383305,-0.010013164687256215
2024-04-11,0.003720788247020083,0.0037248929618085625,0.0021639057760355134,0.0034574392891387595,-0.0006033867536208181,-3.353093156265442e-05,0.0,0.0039632256239131355,0.007546801980252926
2024-04-12,-0.005449934657143708,-0.00489525384833187,-0.004973304944378625,-0.004679034781292908,0.0004754653718831537,0.0019078213530879186,0.0,-0.006628282900770777,-0.013802968858963038
2024-04-15,-0.0012039457470801583,-0.0010238388417514901,-0.0010057418161616197,-0.002395938739245926,-0.007464823585152644,-7.928038266421234e-05,0.0,-0.010073598478431211,-0.012528166703078103
2024-04-16,-0.0028411224361503127,-0.002562056415560161,0.0003526828232498759,-0.0035730986126350263,-0.0033060186919378325,0.0009719389654008345,0.0,-0.0026642837905412444,-0.0018237876332101166
2024-04-17,-0.0046017625556861765,-0.002789947810148605,-0.002917110352855107,-0.0034178328408771374,0.0010798462570156234,0.002535305015799749,0.0,-0.0010115390788523414,-0.005918237768831047
2024-04-18,0.000531080613396472,0.00032767703872222005,-2.9426243972526466e-05,-0.0001179948969354407,-0.0014299643858662018,0.00014546264751632884,0.0,-0.0026268591277203157,-0.0020577684122999873
2024-04-19,-0.0004065992267991008,-0.0006175530240254892,-0.0015826178274255937,-0.00016233522391142683,-0.0014691333933768932,0.00011739981619969823,0.0,-0.004713080778042489,-0.008728335232320639
2024-04-22,0.0010709518328565054,0.0006516563082289247,0.0024132896857165563,0.0010912749133266933,0.006329413783989675,0.0006985710504614196,0.0,0.005569071404871062,0.009209134257071705
2024-04-23,0.00406925233046296,0.0033401509523568744,0.0033656366552819185,0.004313170233172712,0.002413602721024612,-0.0012224920875660412,0.0,0.007643160562890916,0.011866637582815809
2024-04-24,-0.00023850109942343009,-0.00032331502805961097,0.00023350639987742213,-0.0008068769642960039,0.0009163803972527316,-0.0006777795739314621,0.0,-0.001503934532656559,-0.0004747143780131635
2024-04-25,-1.75488154115473e-05,-0.0005568668436165395,-0.00020926253294410165,-0.0007301398892208388,0.0018835718356459488,-0.0013209440918698562,0.0,-0.003807734178442246,-0.003798836592728616
2024-04-26,0.003604121019506345,0.0036653934566916006,0.000847024670768213,0.004115050037313122,0.00029184440381720405,0.0012819405257361504,0.003925057920429555,0.006780223746280933,0.009473892050490873
2024-04-29,0.0008469266100027146,0.0010739156262924412,0.00017993035388203822,0.0016011214910076211,-0.0001880576827243978,-0.0001949658359362006,0.0022987851905760218,0.003742561373790698,0.003541489000252307
2024-04-30,-0.007892636129910775,-0.0068642787021230495,-0.0036609670885642074,-0.008765572389043661,0.007753871638499901,0.0012973297424617718,-0.009149732070699497,-0.011377055060140062,-0.01584116572162686
2024-05-01,-0.0012422632511461292,0.00016491691364827325,-0.0006154577023885203,-0.0005037651996015406,0.0011217968358162285,0.0028958354002248253,-0.00022567850556578728,-0.00036429015022851883,-0.00324715015108501
2024-05-02,0.0041524938845448195,0.003731144604983925,-0.001474977187047491,0.002965240283897788,-0.006911547285143455,-0.0007813389617735452,0.0055704066307239114,0.007491454300254707,0.009353387028529392
2024-05-03,0.0024746815784211194,0.0027661401931814455,-0.00015838119922803834,0.0019723846924909272,-0.0045853637229670615,0.0009740079082985926,0.004608663060239518,0.009655666538197582,0.012395270486213139
2024-05-06,0.004528312952511852,0.0038827247306323044,0.0006811801474603369,0.004463641289143717,-0.0028254929145574686,-0.00035994480192092475,0.0050374720128537115,0.006542283036627072,0.010326918770771076
2024-05-07,-0.0002687112657589286,-6.479820136177244e-05,-0.0001010459743446351,-0.0009795799882981885,-0.0011065182752064977,0.0008178911899061295,-0.000468822174868862,0.001699480603813175,0.0011034840257218015
2024-05-08,-0.0005198657945548839,-0.0005080697171261179,0.0011717195086272574,0.00011118225672687024,0.0016677353217236879,-0.0003660174060934456,0.0,-0.0010629080194588527,9.660296345659347e-05
2024-05-09,0.0033868884473395523,0.0028592601750675756,-0.0010359557289588111,0.0018466353836215994,-0.002962243293029765,-0.0023304672088785734,0.0,0.00466750604469115,0.0057616829058904084
2024-05-10,-9.415975682610853e-06,0.00027780536585768725,0.0009825585694791814,0.00019845079122756738,0.001058209452909471,0.00010184194604334818,0.0,-0.0005200497643210068,0.0012884098603842542
2024-05-13,0.000650808472720971,0.00019272051810416304,-0.0013069049372568461,0.00040610993281760813,-0.000718561103238048,-0.00016211807969380147,0.0,0.0005561659752314707,0.00013418710026313896
2024-05-14,0.0015353048600443345,0.0020018007557413126,-0.00021108648139110903,0.0009571686147619876,-0.002341768370610931,-0.0008109586296705222,0.0,0.003919020556246089,0.004588101776224374
2024-05-15,0.00482730786574991,0.004551103926088313,-0.0012653661902418505,0.0037874649428940674,-0.004688031293500377,-0.0015021194317848229,0.0,0.010444584371709541,0.012383186875545515
2024-05-16,-0.0004923705644555289,-0.0007555345859636722,-0.0005678714599183836,-0.00043932780004828965,0.00011280197593787874,-0.00024598714710433016,0.0,-0.002003811091637231,-0.00205752090146627
2024-05-17,0.004282554017569615,0.0033415691024527455,-0.00012176880246235732,0.004291403183022532,-0.003347284861489853,-0.002083075049708116,0.0,-0.0003796448020428224,0.0014373061020953593
2024-05-20,0.0013862949004907722,0.0010494331346853581,0.0008260878769904825,0.001828753673938412,-0.0007034545356373165,0.0006939857121609635,0.0,8.98726358286694e-05,0.0011522908721703917
2024-05-21,-0.0010514215809645858,-0.00045158656545514925,-0.0006718735280481773,-0.0010247136492321342,-0.00033004596505736725,0.00017108409022256968,0.0,0.002504107613028239,0.002452466390780561
2024-05-22,-0.004715115933224569,-0.003450280074331142,0.00014695129925953548,-0.004038341151504638,0.0056970799446357,0.0012181105260597662,0.0,-0.0022426574883241067,-0.0028795143258492084
2024-05-23,-0.004579344567747251,-0.0038799049895133996,0.0004282250445236585,-0.0029619201585893338,0.006645813800917874,0.001931285355713056,0.0,-0.005800450557411607,-0.007304044594434456
2024-05-24,0.002876157493908582,0.0023126732561608147,0.0008064847849616871,0.0028210733145572994,-0.004437047598567557,8.42521701478035e-05,0.0,0.004487355204230381,0.00661651357559756
2024-05-28,0.003825680719936568,0.002047380188561134,0.0006812685669481195,0.004321220391323679,-0.0014451996974755698,-0.002550926548890351,0.0,-0.0018200396259444587,0.000698751458297453
2024-05-29,-0.003946800434446438,-0.0033523921724120083,0.0007605198938767117,-0.003217009482868867,-0.005658727905736433,0.0007739839438930284,-0.0068965262693611125,-0.006150497768039376,-0.007002511477218976
2024-05-30,-0.0016957518293566833,-0.000917258125614867,-0.0007531604700395023,-0.002796516487163127,0.005780130286337464,0.0007077843309294091,0.0005063778626673586,-0.001978266927647776,-0.00663375672329336
2024-05-31,3.2328452217398896e-05,0.00024267311238454343,0.0004923798181108303,-0.0013742905544162944,0.00440501580114922,0.002447904654487309,0.0018879751573436185,0.0073269117789757756,0.009108153680295716
2024-06-03,-0.0021332789764295815,-1.3364489343818372e-05,-0.002740967107248486,-0.0019618068951782596,0.006058629450276904,-0.0001737022479501466,0.0009223805410335185,0.0031090938759429586,0.0008154781339302364
2024-06-04,-0.0035693090502020176,-0.0024836504005609967,-0.004013609062230488,0.00023512231073392475,-0.0033461358454873603,0.0018574121864728265,-0.0012541823533508746,0.0028611730806490155,0.0011177709187168983
2024-06-05,0.0049541824083526725,0.004836356404941505,0.002836522339037731,0.0053202915429420555,0.001160797244404807,-0.0012084087937064495,0.006402325681755158,0.008583682663114489,0.011885179878577512
2024-06-06,0.0023874326729824385,0.0020420453538037083,0.0016686195685901022,-0.0005479523164364379,0.00013720213526522722,-0.0012428836052496262,0.002111600981338685,-0.00018161202908650867,-1.875747881197043e-05
2024-06-07,-0.004042473380894921,-0.004764538979292669,-0.0014271373933714298,-0.006225110443098871,0.005917839848137548,0.0025457904752687016,-0.0004648412828835421,-0.004944893165752063,-0.0012156246633115986
2024-06-10,0.004279884349772968,0.0030223582729958774,0.001959997470514569,-0.0006004418812669989,0.002822343140353933,-0.0012389999329076944,0.0,0.0009931335052271173,0.0030896534756781335
2024-06-11,-0.0012327798139332552,-0.00036168945017351766,-0.002298125423353443,0.000991301195719977,-0.0005148400768121514,0.0004138957842720791,0.0,0.003558302308918515,0.0024085729892517893
2024-06-12,0.003613127610729237,0.0034879993604965244,0.001456798410953663,0.004714733323288832,0.0018520939540933997,-0.00045980618106526054,0.0,0.007158604499823307,0.008212873995760317
2024-06-13,-0.002189280685208398,-0.0010480198767994723,-0.004358692048711353,0.0007505787292552187,-0.0009201141317802316,0.0010583453056797426,0.0,0.0038530668975349514,0.002013393833566024
2024-06-14,-0.0006171948181439592,0.0001534485328838417,-0.0003949001547916256,0.0008631222322407167,-0.0009766219236738687,-0.0017209176096469408,0.0,0.0012975192797163083,0.0006085012219712027
2024-06-17,0.0027520813691184216,0.001498674655033016,0.0039432535047054474,-0.0010265777400711527,-0.0027770604173951623,-0.0011831855619268798,0.0,0.0029147966739165197,0.00795871175044316
2024-06-18,0.0020181602811304472,0.0022389778711443633,-0.0007858021674695093,0.002188469052963613,-0.0034155235245236356,0.00034182701784185495,0.0,0.0032660935036538776,0.002540720441353894
2024-06-20,0.0015889327620328421,0.0011721676889267984,0.0013418043228970418,-0.0004457300137684989,0.0008158491226992356,-0.0006986781992042666,0.0,-0.0026449707576450933,-0.0027165587345688857
2024-06-21,-0.0023188314748790874,-0.002221359394036836,-0.0025320876894981558,-0.0007528032315141111,0.00016890713023070273,0.00133328525861115,0.0,-0.0007195570145072993,-0.0013403787346283336
2024-06-24,0.0005553991784593942,0.00016141727401844868,-2.282593946078572e-05,-0.0006321158873267746,0.00023262231002695196,-0.00039302774975802054,0.0,-0.0016113082036811166,-0.0032508539071004483
2024-06-25,-0.0012268334101055089,-0.0005095534049102158,0.00021665805601724035,0.0008145050601472448,0.0005396707589612254,0.0012779755222394127,0.0,0.002649403366458314,0.003850869326469164
2024-06-26,9.453000063414606e-05,-0.0006109794831882913,0.0005526869818719462,-0.0026532821897282677,-0.0016795145190418854,0.0004020710676702517,-0.0028402390815595257,-0.001663438754850022,0.001248271084342223
2024-06-27,0.002143307402726871,0.001606375569538699,0.0005091047937130196,0.001468594683320622,-0.0005035507680980851,-0.0013508293564472628,0.002916411121668637,0.0018398897407599702,0.0015763469388081486
2024-06-28,0.00044754788365228125,-0.0007603063015472039,0.002172558382893403,-0.0017827171825137151,-0.0018077765125675378,-0.001188027879029331,-0.0024238340081737825,-0.004485347879506385,-0.003935179546855183
2024-07-01,0.0028625766260403063,0.0017039362891704123,0.0031840239480749135,-0.0034179054130636147,-0.0025917648842821014,-0.00024709122195535065,-0.0003865362438601067,-0.0017425838887110245,0.0020581387752909297
2024-07-02,0.0015623687240494302,0.000230318321378748,-0.00022042836104086132,0.0021258731592082723,0.0010540537728863728,0.000507101118271149,0.002979969740489294,0.005548494003751525,0.006729662300142714
2024-07-03,0.002771048492383868,0.0019556487641723404,0.0019453300779426704,0.003994204592322712,0.0026578857235926186,-0.0002395587636584525,0.005208812408701421,0.005343640951573515,0.004462748330993138
2024-07-05,0.0020340315469261844,0.001531434820989656,0.001700686495335132,0.0030532137034032705,0.0020880573743049455,1.377388504297545e-05,0.003787587349128092,0.0056811644510400775,0.005766257097071348
2024-07-08,-0.001368327229637231,-0.0019194757357183163,-0.0011632825073907339,-0.0013098810654841712,0.0001986562797815712,-0.0003547741744864078,-0.00045612684520619643,0.0008198475129784999,0.001154097016245137
2024-07-09,-0.0004915398339581958,-1.7142792236950514e-05,0.0006215849548726425,-0.000744827460369451,0.0004862721918422032,-0.0004744916901619948,0.0,3.137240451511747e-05,0.0009723971750748017
2024-07-10,0.0034981633606912584,0.002273706906603454,0.001910348357614589,0.003673768563953404,-0.0034885838093405173,-0.00011653414554068094,0.0,0.0063199182186266965,0.009895281643110376
2024-07-11,0.0022126701716619758,-0.0019502541382074062,-0.003155478151942937,0.0033821828752283113,-0.00275700697056546,-0.0028441818744579456,0.0,-0.0026244685932007125,-0.008622565598673693
2024-07-12,0.0012956103470504426,-0.00019579030508937742,0.00030746400871024246,0.0016829793374829672,-0.0020531603316613907,0.00042219465255132534,0.0,0.004628818169665649,0.006307514045889917
2024-07-15,0.0005081540465976392,-0.000252557371299198,-0.00026637470844330965,-7.168350239392888e-05,0.0031876696558165896,-0.001414485255627635,0.0,0.00038629144844661814,0.0027501763419899294
2024-07-16,0.0034230931778572193,0.00018415072269643498,-0.0011561020813271768,0.004237438700352122,-0.006379277678579138,-0.001608404939554193,0.0,0.005332950267408787,0.005930003592828914
2024-07-17,-0.004401694884482394,-0.004240100075502478,-0.003072213924402863,-0.004247256116303868,0.0005689680568303092,0.0006609475160732807,0.0,-0.008075995665384882,-0.014021017533931812
2024-07-18,-0.003608256202822758,-0.001552621440393762,-0.0008236357168655822,-0.004129005130755913,0.003840370855580918,0.001180015886578054,0.0,-0.0057459445966399295,-0.007684866404461421
2024-07-19,-0.00394569639166955,-0.003129446657695009,-0.001933160709746537,-0.004525961668080391,0.0015631653822792957,0.0012819382346645175,0.0,-0.0052491312501187215,-0.00664064103061246
2024-07-22,0.003979854378798015,0.002609837336688696,0.0018057210194610972,0.00380521464970045,-0.002605358969656854,-0.0001852645531682613,0.0,0.005805404347912768,0.010310082054099778
2024-07-23,-0.0011758199949513687,-0.0016361148186834057,-0.0012855012702596823,-0.0010398685925224046,-0.0029968893068347204,-0.00020668035797250057,0.0,-0.0006449194565254945,-0.0015687320587394193
2024-07-24,-0.006572208232689509,-0.003869315109160565,-0.0023866004483406498,-0.006979792467801575,-0.004274291779004091,0.0011264441062243888,0.0,-0.0144858915591364,-0.02266253442422783
2024-07-25,-0.0020974016024449655,-0.003091265874329599,-0.003828154834124646,-0.0016889101375023312,-0.001659527729764733,0.0009581979804962743,0.0,-0.002235767865670546,-0.0052101936151491834
2024-07-26,0.0032170123533567106,0.0007043988593603542,0.0007160838701538726,0.0040903957349046225,0.0015037905784627112,-0.0004646745462877683,0.0,0.008623358256492386,0.011199551971502908
2024-07-29,-0.0012264264383152494,-0.0011356300334041107,-0.0012735692667831487,-0.0009174334012015675,-0.00040848226513622303,0.0006446870521782005,-0.0007238822176862231,0.0010262314953920272,0.0005879167331797053
2024-07-30,-0.0005404843319171954,-0.00126380406734005,-0.0014515891214705971,-0.0001548089470874422,-0.002202890301943983,-9.88221290523337e-05,0.0003248285717679511,-0.002199314698008403,-0.005066555093496405
2024-07-31,0.007223843240814018,0.006401808579227237,0.004834088738661175,0.008570860400532485,0.007252483462569506,-0.0013160288455102824,0.009600438168352163,0.012688590431727941,0.01625438469990037
2024-08-01,-0.007266867907697333,-0.006392382627136917,-0.005504214715507051,-0.0064831875109538865,-0.007110603082649793,0.001237608620080308,-0.00511335884699922,-0.006788413462447452,-0.014160873071779267
2024-08-02,-0.0030016031848361232,-0.002256506382635375,-0.004737828949400309,-0.002909843260461805,-0.007884124288195786,0.0007041668452995078,-0.00462495800217187,-0.0049747969355150344,-0.018618258504180973
2024-08-05,-0.010646458216880587,-0.01015482026279473,-0.006328850777500068,-0.010646458216880587,-0.00495611586957181,-0.0012911998274424945,-0.010544332936910308,-0.01706496616185904,-0.029123751439333545
2024-08-06,0.0005486755242382425,0.00027057370989331565,0.004963879403811882,0.0005486755242382425,0.004849992365017007,0.0008892917633924121,-0.0003688056929063746,0.0019727560426295635,0.009219487047082087
2024-08-07,-0.0014420105830174285,-0.001626834787228953,-0.002081678540995317,-0.0014420105830174285,0.0018260005302702127,0.00023188724409240906,-0.0004366296966020342,-0.005455051012945899,-0.006684045176147402
2024-08-08,0.00696337544714996,0.006840424514570641,0.004861623130200946,0.00696337544714996,0.007028324236306519,-7.141116205736418e-05,0.0,0.01266925116758748,0.023117604839586026
2024-08-09,0.002446417368345141,0.0025385063460888336,-0.0012720473725678868,0.002446417368345141,2.273864722258107e-05,-6.024588702454768e-07,0.0,0.004266227132192402,0.004409574349089951
2024-08-12,0.0015561664560257127,0.0015561664560257127,-0.0019228581234743006,0.0015561664560257127,0.00030363794050596336,-0.0014783588381360566,0.0,0.0014326410124463785,0.0005255222956614958
2024-08-13,0.0057556545779004235,0.006216563972141016,0.0037762010884810084,0.0057556545779004235,-0.002318924882530121,0.002209704474925208,0.0,0.011641731173518854,0.016445492255224403
2024-08-14,0.0006910573857069181,0.0005983851549279145,-1.4634035575221692e-05,0.0006910573857069181,0.0015577925630647362,0.0020579099215577274,0.0,0.0024268992483568396,0.003154549406154672
2024-08-15,0.0038412502499322663,0.0035326812854602594,0.003817850933752351,0.0038412502499322663,-0.0064977112294160675,-0.0009029825009256103,0.0,0.007781326744905436,0.017140281937690238
2024-08-16,0.0027261552912515264,0.003156643797088654,0.0023201536893126666,0.0027261552912515264,-0.0007607752785926701,0.00045843003886620573,0.0,0.0021297399177796273,0.002242106873271421
2024-08-19,0.0028591264588132535,0.003322631606106132,0.0035515280357083737,0.0028591264588132535,-0.0009211034485796514,0.0008494581939477985,0.0,0.006272556484052938,0.00956143118372177
2024-08-20,-0.0005651737193926066,-0.0002545237460965565,-0.0005020590018356952,-0.0005651737193926066,-0.001229822771692603,-0.0001681699276451462,0.0,0.0006292062849382109,-0.0016260605567995912
2024-08-21,0.0018631077036072045,0.0021436784703716375,0.00234309684611523,0.0018631077036072045,-0.003241811842270995,0.0010140222954698693,0.0,0.002881637514696811,0.00343645955089511
2024-08-22,-0.0034822747629051484,-0.0038888487685628543,-0.0015219459508118568,-0.0034822747629051484,0.0048368580616869284,-0.00011306014872204933,0.0,-0.006549758323666999,-0.007848514301196041
2024-08-23,0.006749787025669149,0.007496929412123842,0.0030749481593155305,0.006749787025669149,-0.006672371837268282,-0.0024357995732489385,0.0,0.008224391147402744,0.010625387116536933
2024-08-26,-0.000989056256488765,-0.0011774500347716186,-0.0016798361873319,-0.000989056256488765,0.0028682539441542768,-0.0021175355983019694,0.0,-0.0019210285935037817,-0.0023838081109496256
2024-08-27,-0.000358057935383708,-7.608532687922765e-05,0.0017473363599475017,-0.000358057935383708,0.0001336291040735123,0.0006902071390029001,0.0,0.000660004317712115,0.0013730708321384455
2024-08-28,-0.001794250527777752,-0.0022971540601360667,-0.001304927357350567,-0.001794250527777752,0.0028784124219397847,0.002179773298064758,-0.0032003681421522026,-0.003688059891327944,-0.005805297076289628
2024-08-29,0.000570048234895604,0.0002575246580251903,-0.00039635372214247375,0.000570048234895604,-0.0007660057136887855,-0.0007435652683348438,0.0015421620824339053,-0.0006431363803316881,8.964094270047518e-05
2024-08-30,0.000206920833291051,-4.221497811564539e-05,0.0033220807049755734,0.000206920833291051,0.0026373524173066865,0.001981388904439366,-0.0011312678213225146,0.00433157104666968,0.009546072545585815
2024-09-03,-0.004722604207293657,-0.004877871047690035,-0.004175437025246867,-0.004722604207293657,0.0026135514208130237,0.002043394079041096,-0.005763638194442726,-0.009710714702307133,-0.020579026837119763
2024-09-04,0.002220178936155365,0.002541345972872586,-1.6042594372165214e-05,0.002220178936155365,-0.0002459603512418683,0.0007111913433329581,0.0006144430079691142,0.0011123270773349737,-0.00204683084696089
2024-09-05,0.0015091710691341803,0.001322857061831787,-0.00016923495862101526,0.0015091710691341803,0.0021075653131689266,-0.00022818532523028275,0.002012739427128415,-0.0005204308120162703,-0.002432293987318923
2024-09-06,-0.0035314557729760852,-0.0032470178167248323,-0.0024718501172000715,-0.0035314557729760852,-0.005933407314702179,0.00277602020030165,-0.005571425327221809,-0.009527857202081425,-0.016829978520024547
2024-09-09,0.0038092262344347465,0.003289327242301877,0.0010705338428449633,0.0038092262344347465,0.0020346450792887295,0.00028756433699433725,-0.0004336072991712725,0.007286928178899776,0.011195905333618361
2024-09-10,0.003210401982578594,0.003136079441690227,0.001526498720372874,0.003210401982578594,-0.003372865730558357,0.0010043570450127763,0.0,0.004319010957479508,0.0043559163518611665
2024-09-11,0.001259351309303912,0.0010844199269133892,0.0005072169303534112,0.001259351309303912,0.002507162830569467,-0.0005694474557754757,0.0,0.005872363355436461,0.010258963429025103
2024-09-12,0.001192795428373146,0.000909039007759169,0.002287355247047103,0.001192795428373146,0.004068503300924683,-0.002504130367397645,0.0,0.0044064789465502845,0.008423235345493163
2024-09-13,0.003520780796132358,0.003250973502264869,0.002251191755399134,0.003520780796132358,0.0002253202309312916,-0.0006690688968868337,0.0,0.0039037606035944527,0.00522267149470057
2024-09-16,0.001051745436380611,0.0012680762221444438,-0.0006352176066590185,0.001051745436380611,3.200055739987264e-05,-1.283168132549476e-05,0.0,0.0019380297442157968,0.0014770382037720964
2024-09-17,-0.0011316976189092497,-0.0013195683941720734,-0.0012238538408721688,-0.0011316976189092497,0.00037086774757582886,0.0004287259762904544,0.0,-0.0004811909210929777,0.0004084005064655116
2024-09-18,-0.0018838295545830976,-0.0016114164843295605,0.000840541680032546,-0.0018838295545830976,0.0035763944225758897,0.0010681335241897057,0.0,-0.003517532970032722,-0.0029658256503306557
2024-09-19,0.0033343341291168452,0.003227666292772744,0.0027621515413992588,0.0033343341291168452,-0.007373876542635684,-0.003352628756966968,0.0,0.009913814310242098,0.01706449392421927
2024-09-20,-0.00017045103249053144,-0.0004606590727454315,-0.0001893752022370444,-0.00017045103249053144,0.00040139706310097833,0.0003885500437963514,0.0,-0.0011589710527984077,-0.0017286028901163375
2024-09-23,0.0006327069507810954,0.000732835327617795,0.0002236966219981672,0.0006327069507810954,0.00013192714422170245,0.00038262536506618924,0.0,0.0012554172309507728,0.0024989046670664816
2024-09-24,0.0021786305988959398,0.001921404152485904,6.551476385250601e-05,0.0021786305988959398,-0.0019330103623822637,-0.00318979621636813,0.0,0.002164125505512926,0.002861268497158287
2024-09-25,-0.0013871024801599538,-0.0017491343376533437,0.0005872120198123344,-0.0013871024801599538,-0.0006198918976612457,0.0010606231808908224,0.0,-0.002948213054297511,-0.002205574021654777
2024-09-26,0.003920195920127879,0.004173357197598223,0.001798567509277205,0.003920195920127879,-0.0018700796362596038,-0.0035302328908978007,0.0008482738997213977,0.0020933469637340442,0.003964690943036642
2024-09-27,-0.0003137117937873197,-9.964418222562341e-05,-0.0020312784595490907,-0.0003137117937873197,0.0006385172631579347,0.0015462933914735504,0.0011039809450204918,0.0007215847758514027,-0.0014501814141685276
2024-09-30,-0.0009096359903566641,-0.000991517645043155,0.0009624087043609312,-0.0009096359903566641,-4.98569336549778e-05,0.0019274082476217619,-0.0013764150120373353,0.001306733940235194,0.0040071973467303845
2024-10-01,-0.0009769389970522007,-0.001379913938714389,-0.004778428925154153,-0.0009769389970522007,0.0014595994755383856,0.0005516339383455002,0.0022757148136338537,-0.0039196063028960944,-0.008958604559465067
2024-10-02,-0.00030541676389486233,-0.0010231982651752703,0.0004962867933925793,-0.00070468596737926,-0.0022566977642591293,-0.0023020683359500386,0.0008218457374096842,-0.0008872636892059306,0.000422292856316675
2024-10-03,-0.0045355205772693585,-0.004997875776212719,-0.0011039652766309384,-0.004022468373194024,-0.0006949821384171974,-0.0027710672187921262,-0.0015661298126468874,-0.0031396938156201815,-0.0018282872845175602
2024-10-04,-0.0006774392508865063,-0.001743357823118004,0.0029132252488058316,-0.0017235457368768477,-0.003934647031941173,-0.004110358299560675,-7.655803776559409e-05,0.0015924810034358746,0.009087424667289845
2024-10-07,-0.0049150981711813995,-0.004820301261227416,-0.0012380896742811794,-0.003902172538384482,0.00030767853955811024,-0.002649054284423047,-0.00042638466156005964,-0.0068754680853278845,-0.00904048317953321
2024-10-08,0.0016350565688858577,0.00135659661910312,0.00019835847419386613,-0.0003491002108185934,0.004852239449843834,0.003134954040215036,0.0,0.006007468339439459,0.009457661081755386
2024-10-09,0.00011155971964820995,-0.0007166412259010709,0.001085115970076227,-0.0016494428473815103,0.00022063661918087516,-0.00043965029264906436,0.0,0.0026588613654674464,0.006926264849700381
2024-10-10,-0.0019011945469256785,-0.001827832235886978,-0.0010318331774336993,-0.00014612424593750525,-0.0033647304481014936,-0.002228297085421533,0.0,-0.001091726200613663,-0.0017499289570287457
2024-10-11,0.0028939045935062174,0.002760345136399872,0.00240565610155905,0.002810372365780428,0.0006834033579193157,-0.00028248592718758763,0.0,0.003718191701680107,0.005988233710532809
2024-10-14,0.0021160992897947695,0.001490126426585845,0.0015696512858672598,9.748937313756937e-05,0.0022137994548644506,0.0010121546787353422,0.0,0.0041976989174163475,0.008178347010304066
2024-10-15,0.0022449606405367537,0.0023901701097386436,-0.0012701282136643455,0.0004572787020332931,-0.00027601373172791684,0.006114222888400839,0.0,-0.0026137135599249898,-0.0077698155240459865
2024-10-16,0.003366200979308207,0.002948159605193176,0.0008039673213983121,0.0025156964551598564,-0.0011694835589022383,0.0011090536039524833,0.0,0.003231725367901106,0.0043464144766458546
2024-10-17,-0.0023707856083764168,-0.002850138583856421,0.0017168286586878348,-0.0029567078352118613,-0.002130324045365949,-0.0021495675965215295,0.0,-0.002024687826771743,8.589743781750592e-05
2024-10-18,0.0036369221355842794,0.003928034714797995,0.003561253917131685,0.003802604610174531,-0.00035121727706649575,-0.0007242413135666281,0.0,0.002767059599719923,0.003846548369420555
2024-10-21,-0.0052035188108144875,-0.00591285094262873,0.000579832246894034,-0.005947344090283954,-0.0005796272272489951,-0.003209934223766485,0.0,-0.004070625423737529,-0.0016422800212634314
2024-10-22,-0.0006039656044624692,-0.0007790184541754035,-0.00033732606565162746,0.0006437455539035106,-0.0012027430519597365,-0.0010388101624573694,0.0,-0.0006966494597465012,-0.0005309662732357889
2024-10-23,-0.0029669926929832926,-0.0031965354259419674,-0.0013970267340860667,-0.004224714150084239,-0.002645192218148364,0.0017140327749275036,0.0,-0.00640772965405858,-0.009137471588891777
2024-10-24,0.002011948397748425,0.0024255985573293053,0.00028191629014800415,0.002821701838466276,0.0016153715769117697,0.0009404260872657392,0.0,0.0021828216287822057,0.0021626945959039023
2024-10-25,-0.0016716254113501349,-0.0023006683136789457,-0.0006004371635635054,-0.0018443696010349315,-0.0003985232076260022,-0.0013696973624458648,0.0,-0.0010904286046989232,-0.0003452972949489208
2024-10-28,0.003332410364279007,0.003329399947648336,0.003620665572702432,0.0010594559660847187,-0.0011827065161370944,0.0011248896119239824,0.0,0.0009274015065221074,0.003091322288178766
2024-10-29,0.001254074241822364,0.0010235539051377945,0.0005973826336271427,0.001023874393590964,0.00027557605767175364,0.00034270479808615905,0.00029794040202822534,0.001139896787626693,0.0016182723864499593
2024-10-30,-0.0026205003082054395,-0.002120131413514784,-0.001291677335920973,-0.0010073822608377475,-0.0008062243644723311,8.93840525091701e-05,-0.0007796622681543438,-0.0024063839768635907,-0.0030252095082050623
2024-10-31,-0.006042688836226584,-0.005469091022445986,-0.004739781906951123,-0.005320145343064388,-0.0002205841762922763,0.00016580347010790623,-0.005534560843199792,-0.01197329934298288,-0.019602980971893724
2024-11-01,-0.0009856881994801912,-0.0017417342670043594,0.002000649989511737,-0.002815811261963281,-0.0022814971623367182,-0.0018803678110211942,-0.0025753353891572912,0.00016363912202250726,0.004220478802908323
2024-11-04,0.001977532878449111,0.0006271685507758199,-0.0026659818258563733,-1.982510382435586e-05,0.003294867144930127,0.0009787897324415615,0.004462423377475765,0.0008427512225501756,-0.002154001685066964
2024-11-05,0.004179456697631879,0.003718487023625372,0.0025850067750303094,0.00356433820917922,0.003118715603242722,-0.0005049508630040808,0.0048301571604178915,0.007467632784849254,0.012091924203754711
2024-11-06,-0.0017543939625816983,0.0006681869871073671,0.001960498729816752,0.0014173677597355033,0.0013969464025045183,-0.0006027203326499156,-0.0027105447431109227,0.010801189374203535,0.02486548513056608
2024-11-07,0.006668959757880634,0.004877114096981925,0.001350202305966301,0.005218127840699872,0.00521192228107839,-2.6259852125051124e-05,-0.0004678563317587868,0.007856390595236639,0.007732061978746874
2024-11-08,0.0023514350092259666,0.001041131116595271,-0.0025170809741096654,0.0008805790860753807,0.0008541654450089131,0.006507945032563577,0.0,0.0034501595041896314,0.00433181667633864
2024-11-11,-0.0006988709951662779,-0.000537701723153774,-0.00010989592422003074,-0.0001354501784962078,-0.00015685818838029266,0.001987318489678054,0.0,-0.000532431371992015,0.0009526774724943898
2024-11-12,-0.006012544487336345,-0.004365497090318465,-0.0006526148510463225,-0.004276191377389665,-0.0017623420082220889,-0.0006426719371412494,0.0,-0.004376131470185319,-0.0031062326575438393
2024-11-13,-0.0017082849422021703,-0.001079943310673005,-0.0010283222208712108,-0.0006097161261370727,-0.002092939342822141,0.0018927284329051579,0.0,3.45330851724057e-05,0.0004858730531422939
2024-11-14,-0.0012948619140279083,-0.0015110963026459202,-0.0022697907820937733,-0.001965480354081876,0.0016953817645442982,0.0003672689212849129,0.0,-0.003900943863990691,-0.006430102156933848
2024-11-15,-0.0021426887859796744,-0.0022351894118637855,-0.0017720236238922887,-0.0018349627301085937,0.0009868199198488008,0.0015994847441553554,0.0,-0.007513635017828068,-0.012808639480448747
2024-11-18,0.0020004316870460784,0.0021769461479462736,0.0015182517241886925,0.0017947273570478517,0.0030624761155577775,-0.0032377780478299485,0.0,0.0033585508349076145,0.004097409691839804
2024-11-19,0.002235788890249748,0.0017804139164032738,0.0003132035626310235,0.001645466545490041,0.0014413083980935608,0.0002550232819522363,0.0,0.0030485325401964133,0.003655368297286854
2024-11-20,-0.00017719763009842833,0.00023993662055415038,-3.465320990217089e-05,0.00019307578239839224,-0.0006941680695291653,0.00011890618286714867,0.0,-0.0003940043026048113,0.00033893325927181195
2024-11-21,0.0013346986498740255,0.001677731599143806,0.000927692239351462,0.0014243881464758008,0.000549444630904636,-0.0006869122217168101,0.0,0.003007152981240546,0.005368246680064637
2024-11-22,0.0030180344806421855,0.002895742382111345,0.0013728947838517703,0.0029539013552697187,0.0009619035826044647,-0.000821902433163207,0.0,0.0021162160752338454,0.0030992892063126387
2024-11-25,0.004655468610169358,0.0014707156857733513,-0.003176936918079611,0.0016575003157023233,0.006989547896317767,0.007187837307489993,0.0,0.006351529914656507,0.003392210018917652
2024-11-26,-0.0005109912705669609,6.417726064881954e-06,0.0012222638327664174,-6.139869438126746e-05,-7.978935132310692e-05,3.645173445203877e-05,-0.0010945548650343234,0.002287343025680855,0.005221484926557496
2024-11-27,0.0009567188968510466,-5.2631441890171405e-05,-0.000393133420388356,0.00015434181656947404,-0.0012998324874414187,0.0010967793171740036,0.00048177913296305105,-0.00020811567081231437,-0.0030301917856291327
2024-11-29,0.003973103488124876,0.0027794922081942207,0.0001940736975061961,0.002777819545186244,-0.002724370332861006,-5.38301624148171e-07,0.003705935378984004,0.0054152800356713545,0.006212154403273384
2024-12-02,0.0008317622078634025,0.00044597881719189735,-0.0011438112284059732,0.0005535325581285768,-0.000450226022050157,0.000609530177956597,2.1912354293323062e-05,0.0010417004802068417,0.0017924307507057868
2024-12-03,-0.0005281044897875469,-0.0011732995186857745,0.0005506658037634093,-0.001674091710485199,0.002197549287890739,-0.002079551236749586,0.0003878999853546428,-0.000859954079558012,0.0004637390430815014
2024-12-04,0.0028936177336711675,0.0023841815991461715,0.00018521384916096912,0.0035237578987957607,-0.0029746495282135903,0.001682691399967647,0.002499242096631121,0.0052475651431942,0.006209510619023417
2024-12-05,-0.0011489680132960273,-0.0014376714742191173,0.00022747741598729454,-0.0009226546626275791,-0.0006720121781759728,0.00040229354688875614,-0.0012557768228090734,-0.001029413547876068,-0.0016455346383350555
2024-12-06,0.0013321191731229811,0.0014738780542272348,-0.00020295968867688476,0.0020149625152588117,-0.0019142941102631296,0.0016804728927910769,-0.0004370812092047473,0.0024009537236342913,0.0018955917276137768
2024-12-09,-0.00019785507542534003,-7.531448179399586e-05,0.0014032151281602625,-0.0007231910881385464,0.002927230788617668,-0.0033375929131072993,0.0,-0.004475351315797837,-0.005149673070058869
2024-12-10,-0.0019419149421071049,-0.0010790480777869422,-0.0015248788875984218,-0.002070140852766973,-0.00014470452858012374,-7.45189813894527e-05,0.0,-0.0025817788165999776,-0.0031090940537520373
2024-12-11,0.0015621316604274634,0.0012248810388579936,0.0018399533648622414,0.0004896306037978742,-0.002746350022282485,-0.0022700523775086782,0.0,0.0034567496314340303,0.007730843674105259
2024-12-12,-0.0043811161717916495,-0.0027723890039164103,-0.0011700895726250138,-0.004316185774171647,0.0032024586707830247,7.692074357568233e-06,0.0,-0.004615754894588231,-0.005152946735349384
2024-12-13,-0.0025729914562963216,-0.0018666833139186403,0.0006414135200221524,-0.003114952625061561,0.0009735987062707613,-0.0014594382492614075,0.0,-0.0019887488952109013,-0.00019841206444304316
2024-12-16,0.001134944876279732,0.0012646515520602546,0.0006271711479682203,0.0014076216463924165,-0.0007278586975936752,0.00022936302117321824,0.0,0.0026900928063667614,0.00426995333865432
2024-12-17,-0.0012821614587498519,-0.0012808007308723912,-0.0009386249865735784,-0.001066821578753012,-0.000961351058475089,0.00099495133813221,0.0,-0.0024720564798632605,-0.004120094133105434
2024-12-18,-0.012965137905119512,-0.009940420739566483,-0.007056429939664832,-0.012770271121721112,-0.008320714839648224,0.001783003146516508,0.0,-0.02097381826798117,-0.029803361147563545
2024-12-19,-0.0030802163342758164,-0.001759319688809071,0.00044891606769185315,-0.002900706127074453,-0.0028753105653259404,-0.0006328180089626035,0.0,-0.001996717055984543,-0.00030704650479618234
2024-12-20,0.004244546683576515,0.003756314691462656,0.001158301007611846,0.003976792467280145,0.0026696295722440254,-0.00072894001535455,0.0,0.008680528903498574,0.012010906155728973
2024-12-23,4.840711255806306e-05,0.00021671294982975536,0.002465573712257773,7.011867788297624e-05,-0.0021973994961191562,-0.0011023910867434936,0.0,0.001822164393032377,0.00598841886167123
2024-12-24,0.0034487750801197024,0.0029444947963536993,0.0006454108055411927,0.0031283593337889013,0.0030098414118061713,0.00032455180835946304,0.0,0.006885871064596216,0.011114887732055045
2024-12-26,0.0011803366674132197,0.0008721074725127709,0.0008899889062121124,0.001460475118992573,0.0013045027161290288,9.887769371639846e-05,0.0,0.0003434481904655229,6.659179477574995e-05
2024-12-27,-0.004645742767286687,-0.00404349809184487,-0.0016495178783837625,-0.00503638235033744,-0.003706054909561526,-0.0005280071814151797,-0.00447881000201951,-0.007355762521336805,-0.01052648096742248
2024-12-30,-0.0011188851480570649,-0.0013083338221023186,-0.005081279420076194,-0.0016400322922421142,-0.0005984181435337739,0.001821276679240869,-0.00038217145886519746,-0.004500977240061998,-0.01141148084241339
2024-12-31,-0.0003610280287917423,-0.0001327167878890774,-0.00018787007883614898,-0.0007481481341054969,-0.0012306771419422517,-0.0010296136789229794,7.958791786287426e-05,-0.0029171692204357003,-0.0036382406927401023
2025-01-02,0.0015212241013521919,0.001076875741273992,-0.0018952461572179506,0.0007964839740777102,-0.0012372296207553812,-0.00021725685431369334,0.002434748026715409,-0.0012578656032662615,-0.002456912408398071
2025-01-03,0.0025745780597009565,0.0016312847055662892,0.000848965180746829,0.0013485936975820255,0.0023971811777385717,-0.001591547397988278,0.00214052492674839,0.006853372365699783,0.01250340323286947
2025-01-06,0.0007248394665811768,-2.7254272754837047e-05,0.0006425451492372873,-0.0006572638913453673,0.0006441381460251868,-0.00024040020054824922,0.00010842387642060657,0.0030665280075675926,0.00576050990496646
2025-01-07,-0.0010038524161343674,-0.001005566699664393,0.0009187859959437017,0.0004016637200166109,-0.00020782046233791773,-0.0012684274312871652,-0.0030274664475004663,-0.008603398697320918,-0.011304045433904064
2025-01-08,9.500221012768447e-05,0.0005200185385074237,0.000363486882628765,0.00030272671428662753,-0.0001834962345053477,0.0012169925996651978,-0.00043336236470006563,0.0015734677106198803,0.0014610115160782478
2025-01-10,-0.0016481091407754577,-0.0016617363264199922,0.002341163782632899,0.0022963894270634348,-0.0005772070962675565,-0.0031386211026475284,0.0,-0.012073449138745218,-0.015267427998534089
2025-01-13,7.480137271288382e-05,0.0006821666872493188,-5.790081711512811e-05,0.002578684640594968,0.0004399330304393667,-0.00022696598874978385,0.0,0.00022956997450687125,0.00155047779484363
2025-01-14,0.0014070029885863225,-0.00010955782026507823,-0.0009141348515830849,-0.0006286853258921725,0.0020069902189265285,-0.0015220252898551796,0.0,0.0009572181598699546,0.0013760570557013185
2025-01-15,0.006489458472205671,0.0022093552372600828,-7.823029515647564e-05,0.0004598222898940388,0.00710436517506205,0.0010403289959344095,0.0,0.015124457963271753,0.01818992027234656
2025-01-16,0.00043750595732851126,-0.00013636730004887271,-0.0016625073154042341,-0.0005151536219966307,0.0018503662957509038,0.000593469532491015,0.0,-0.0001991418646045684,-0.00192320642202648
2025-01-17,0.001405824207032909,0.0015713382536598117,0.0005016680388547834,0.0007709988156132029,0.0020556794906487763,0.0012098327820344152,0.0,0.006327146780184067,0.010039901270404217
2025-01-21,0.002926173113007438,-0.00018369915407598272,-0.00244445429654279,-0.0020667263894203094,0.006841807138645625,-0.00036611744852082476,0.0,0.006833398651018019,0.009153584329701925
2025-01-22,3.3917062758047356e-06,0.0006233539012542597,0.002220748779849404,0.0007483833787310512,0.00017567575665130772,-0.0002765246831760089,0.0,0.002337946567894944,0.005621537753287331
2025-01-23,0.001247929928507778,0.0009548613381563111,7.230248000881114e-05,0.0008078964528734785,-0.0006260957849130594,0.00027751824279386827,0.0,0.0022371822596959573,0.005457955612408583
2025-01-24,9.270791225494165e-05,-0.0011988553904269251,-0.0017946648842811302,-0.0017123594047631766,-0.0018355853984650314,-0.00028500534857472216,0.0,-0.0009279496833340505,-0.002919264959769352
2025-01-27,-0.004874482313325042,-0.0021307931403281443,-0.004247679623058156,-0.003733206121763579,0.0014538331678249745,0.0048746370894239026,0.0,-0.005891894957907539,-0.014145458332822769
2025-01-28,0.0018781704557820184,0.0012886749526460222,0.002484995604408541,0.0013233751240750496,0.0008240052927177459,-0.0006767277945406733,0.0,0.005198468341942552,0.008592523358097237
2025-01-29,-0.0007742830802258692,-0.0006301840492536806,0.00034774794804934457,-0.0011530577492082448,0.001501384915305368,0.0002757457308949046,-0.0015391298215285437,-0.003162469928868905,-0.0044829666982550975
2025-01-30,0.0039155630071036765,0.0005300432946325883,-0.00034953924161820705,-0.0004232585806186647,-0.0029593189918885564,-0.0012026490534435036,0.0046629946269253365,0.004080719489643192,0.005366979111198988
2025-01-31,-0.0015211265107620139,0.0002194582717525898,0.0014741604268557879,0.0014775461584823236,0.002656405847879406,-0.0004395464227899678,-0.002449791124009828,-0.0038370902735643583,-0.0053218090231170745
2025-02-03,-0.0015639388123126203,-0.0009262310457318772,-0.0003366018064764803,-0.00011189614502722667,0.0016242580495572769,0.0003073514997419911,-0.0005204723233551548,-0.0037530377491423296,-0.006729655863189077
2025-02-04,0.002910320288077311,0.00140165527465638,0.00023904908770776078,0.0011896017692562381,-0.0006182381123392165,-0.001562594588982145,0.0037489843368208368,0.0050164793732902615,0.006708369785656254
2025-02-05,0.0005534684743132718,-0.000533622710404382,-0.0007270731084377502,0.0007750728797235226,0.0006458718759545101,0.00029646401281335636,0.003356434066533333,0.0047547692248353975,0.004054526223509436
2025-02-06,0.00020611675247031292,-4.833926280623329e-05,0.0008658906398904238,-0.00015744650769251425,-0.00029956148749060724,-0.00013116149542384493,-0.00011257600120770665,0.001615162975901496,0.0034756291897781733
2025-02-07,-0.001735335436619289,-0.0008376214948430783,0.0004954681096227276,-0.0016548702710320424,-0.0010651914961170772,-0.0003350945008684269,-0.00044108578743124604,-0.006819117077694203,-0.00915361540214743
2025-02-10,0.004594700878475263,0.003902607251241482,0.0007183226688355285,0.003547827349299239,-0.0009395250530996837,-0.0003850508797951052,0.0,0.003988818195305299,0.006791224986284927
2025-02-11,0.0004198102044800926,0.000517351436623595,-0.0009655707400264355,0.0007579799459915633,0.00037576443028834315,0.0004491437949830735,0.0,-0.0005745869804353544,0.0007605411933127026
2025-02-12,-0.0005487841849586377,-0.0005053940641577464,0.003092305901915081,-0.0010280680136655691,0.0022301740554508207,-0.000623635282412754,0.0,-0.00468912708621072,-0.003221485072722685
2025-02-13,0.0024301318334440337,0.0010585303581407963,-0.0019474287668537664,0.0018740124253288947,-0.007479871776102537,-1.509752714339745e-05,0.0,0.009326775301711531,0.010557604278849553
2025-02-14,-0.0009758372862183842,-0.0012787584016520916,-0.0017456188823489485,-0.001646820768570738,-0.0013454841755662363,0.0011944479835364512,0.0,0.0016492065715439264,-4.917696795181392e-05
2025-02-18,0.004384882512474598,0.0037220520666200957,0.002275663384471222,0.003836534717632628,-0.0011064785091504418,-0.0013666387918357802,0.0,-0.0003818080662118643,0.002935693726665356
2025-02-19,-3.815113854316455e-05,0.0003696265634830502,-0.00042610533468452394,9.807690576650223e-05,0.00046731711978337796,0.0003566634876128511,0.0,0.002059462530891088,0.0023551221215794005
2025-02-20,-0.00027054138099178414,-0.0010371892122017306,-0.0016974301190775276,-0.0010697035404355641,-0.0004587897825027826,-0.0006099146008325196,0.0,-0.0016786785557786562,-0.004160345694787626
2025-02-21,-0.006016931926860713,-0.005476014752818827,-0.0023672723729069047,-0.0057658364097235015,0.006097402802240687,0.001861690562998614,0.0,-0.007901011779789458,-0.01710420781148192
2025-02-24,-0.0011949305588683265,-0.0008846050282351654,-0.0020244878200310627,0.00014159643684801028,0.002483334595494876,0.0009638797193695485,0.0,-0.0018765771673124208,-0.004550406866907997
2025-02-25,-0.0031321143813385893,-0.0038399152738355802,-0.0036203744149433076,-0.0031911295051307055,-0.0013217530273889051,0.0022176657661068704,0.0,0.00016815157496208322,-0.004973078990885282
2025-02-26,9.918931837766579e-05,-0.0003256576991515486,0.0002914508160295413,-0.0007658123559072993,0.0008491174317010355,-0.00024168890475555465,0.0009062592554009542,0.0014017397706489023,0.0005047975090248791
2025-02-27,-0.0035596793180822303,-0.0021247652199189305,-0.002370812391108305,-0.0018661826421614031,-0.0021790975774212337,0.0016188992236968144,-0.00501482928638588,-0.010040875420194783,-0.015961909523318774
2025-02-28,0.0006858452135420419,0.000605032636635332,-0.0002213758678063537,0.0018769710338227938,0.0009061833883616485,0.001378024535393977,0.0031362381720896845,0.011557402839442288,0.0156054888944539
2025-03-03,-0.003598065558553547,-0.00429693363975721,-0.002689650449083449,-0.002833222349326877,-0.004821689836484257,0.00034134674697196667,-0.0023987932015629813,-0.009059901559965543,-0.017519873186066404
2025-03-04,-0.002616785421137932,-0.0007437250750314678,0.0019527525908344815,-0.0018706258424641938,0.002304037484357795,-0.0016345402552044523,-0.0024204738927613703,-0.008360368364718007,-0.01183718576334647
2025-03-05,0.003507408130302643,0.002303174365654131,0.007943195587461826,0.0027867625932675557,0.0033506241648590396,-0.004511565234238632,0.0020856418447999696,0.004219288143344269,0.010747949541717317
2025-03-06,-0.005740446305070435,-0.0030876762426893527,-0.0028957982394083605,-0.00463008152990328,-0.0006492154034432364,0.0021084873745244597,-0.005874172639129283,-0.010862096951579914,-0.017751052138385348
2025-03-07,0.0011383096778536687,0.0009334409156750542,0.001453736059248225,0.0009014689702420251,0.0013400335486350764,-0.0008713231799522001,-0.0004406764885320171,0.002855077477420664,0.005604885844907148
2025-03-10,-0.005821251359268308,-0.0038142625963070507,-0.006681556034371038,-0.003996159401485671,-0.00579798760568503,0.00586478663815817,0.0,-0.013184487528485066,-0.026635619444153158
2025-03-11,-0.0015636326501271723,-0.0002971707045706161,0.0016717377922204828,-0.0015563972780499227,-0.004154119465573742,-0.003413553596712028,0.0,-0.006418626058967791,-0.008312891177371884
2025-03-12,0.000630266119555772,0.0009704196094762053,0.001879122586768039,0.0005037576968291223,0.0005483138721558226,-0.00196832723264339,0.0,0.002001458275366374,0.005306600218026203
2025-03-13,-0.0006597764423893683,0.0005093349049792764,-0.0022156938471034754,0.00042270864048561934,-0.002089745295798515,0.001988517690675553,0.0,-0.006388706244006714,-0.013330436330021067
2025-03-14,0.005108521642948353,0.0028296321815359103,0.004337179377821167,0.0033539686442828065,0.003731367151051467,-0.003386784400185706,0.0,0.01100131187823621,0.0206557912275962
2025-03-17,0.004154227874884269,0.0025940006573326718,0.0021249513908698603,0.003238647337101038,0.00264008670384909,-0.001509664556344704,0.0,0.004965467607469654,0.00771133679017999
2025-03-18,-0.0010444720336442548,-1.2432270449834788e-05,-0.0008698267098653607,-0.00041438260377102545,0.0011060941622585225,0.0013956891371430355,0.0,-0.00601976635720467,-0.010808487898628982
2025-03-19,0.004480011325279138,0.0027142497660182854,-0.0001334935607854059,0.0033516315854242914,0.00010643626516775335,0.0009212895520322585,0.0,0.00775988870270079,0.010890845995021214
2025-03-20,-0.001976074128699033,-0.0012797234931004502,-0.0023187193932742807,-0.001515462482195082,0.0009983996854692322,0.0005017784561570255,0.0,-0.0011453420823501538,-0.0028916989401738258
2025-03-21,-0.0027418001516042022,-0.0019635758742558634,-0.0011926148356421339,-0.0022923932181062425,0.0016790626265374533,0.0005236084808269731,0.0,-0.00013858999293749898,0.0003298919546212975
2025-03-24,0.0017587186018565384,0.00013778178104693604,0.002386543132562922,-4.654467355533909e-05,-0.004252761997479779,-0.004248198409540182,0.0,0.008429791797580454,0.01790848775160092
2025-03-25,0.0009040463449937878,0.0011283756547241426,0.000800406129778867,0.001307060965467277,-0.0002099445859587617,0.00010920887069598969,0.0,0.002119862425043273,0.0024039293468809397
2025-03-26,-0.003860386327153666,-0.0021473186041438587,-0.0018424314457872173,-0.0031232248154724447,0.0004901259284909497,-0.0003444822488340348,0.0,-0.008092897088225203,-0.011938334576674592
2025-03-27,0.0004359828783449441,0.001117537109833158,0.0017837642172460085,0.0007818710267196302,0.001067654687240916,-0.001752519807613068,0.000128640120497762,-0.0019324261654185548,-0.002655735881150312
2025-03-28,-0.0020374222148503334,-0.0010182397441314951,-0.004235556987993237,-0.0005621017215883528,0.0021799124171622913,0.004793990685138442,-0.0020949020584531105,-0.008860299014132388,-0.020138321487112032
2025-03-31,0.001693338913438842,0.0015616160385146245,-0.0016655862914392386,0.0020408489712240964,-0.00233744508161944,-0.0005377165447963453,0.0037658557277381963,0.005205524162940823,0.006712800625198856
2025-04-01,0.0018772165397590002,0.0009874635417755173,-0.0007124145895383541,0.0018699454228872855,-0.0002279315948794523,0.0016615632039754026,0.001647268020233015,0.003100007893278711,0.002824442743211364
2025-04-02,0.0006263871949471699,0.00013146628242465807,0.0005093061929191056,8.203267873662715e-05,0.0003891882204417739,-0.0014595556596595166,0.002246223844711644,0.0034196195352084848,0.006328298292829215
2025-04-03,-0.00909967544146995,-0.004588926803701174,-0.00401447445970759,-0.005759481709727017,-0.007098696016589849,0.008397174668740867,-0.017478925639740357,-0.025455505518675304,-0.04928069685329273
2025-04-04,-0.01347050723846709,-0.00654339708157403,-0.012911469685438569,-0.008285460174942368,-0.007538759611303021,0.013064443693173514,-0.018029822224326957,-0.03400421420658295,-0.05854299254528794
2025-04-07,-0.010154703799614412,-0.0057408730243295935,0.0007132911776884944,-0.011708393422629096,0.002931388716708723,-0.0030419639901035833,-0.00041996547450786205,-0.005832517864473763,-0.0017811884523963872
2025-04-08,-0.00581680918497906,-0.002331835281930635,0.0032945780329246476,-0.0056531259180462035,-0.007302472975686261,5.7760968604899645e-05,0.0,-0.011410103339169742,-0.01566275431689801
2025-04-09,0.02225132768315007,0.007199290882049128,0.014403165225693767,0.010229727100079418,0.025460317480367003,-0.0130018303373863,0.0,0.0617475566943943,0.10501937798947614
2025-04-10,-0.01035550936305445,-0.001957249989337218,0.002720129648171757,-0.006087195918919267,-0.011019954067849226,0.0002025551839200143,0.0,-0.028785296102281133,-0.043818949755874415
2025-04-11,0.005285212052523422,0.0030713025684154186,0.0059773141675162405,0.0036906393330769435,0.006531909223654272,-0.005168650956805647,0.0,0.008451291073331558,0.017842773668405254
2025-04-14,0.003971169281484146,0.0011121826628734803,0.0007338546451222559,0.002943171840865488,0.00245511432885657,-0.0009879764963742878,0.0,0.00902906664283507,0.009701389940211191
2025-04-15,0.0025620381804608043,0.00118554294333999,-0.00032949486236656835,0.0025770294051805464,0.00018145087695125656,0.0016579903752763777,0.0,-0.0004923458620244236,-0.0028009069165995104
2025-04-16,0.0005462840251567677,0.003790977148421999,-0.001741186778612811,0.005184363667581582,-0.0004311806112130757,0.004700231973353201,0.0,-0.011602027997888252,-0.02222796326408627
2025-04-17,0.0005185050063695113,0.00101318539431752,0.0010454534454785952,0.0018038064506436086,-0.002766722874173318,-0.0019075429531590768,0.0,-0.00028148391921187807,0.0014265993667199606
2025-04-21,-0.004649581263447241,0.0002295951025742262,0.0033292694910474177,-0.0019183696074976317,-0.0010986483903098173,0.00036560993771239106,0.0,-0.016436243164357565,-0.023802592345244733
2025-04-22,0.0038256566688981675,-0.0005341756599554872,0.0010078058146177674,0.0007459398756540728,0.00033197807769784834,-0.00384102318604287,0.0,0.01590797233785417,0.02601775974219156
2025-04-23,0.00415326769784474,-4.6163717779691585e-05,0.0011236767643926086,0.0005106900185804536,0.0014829383152335344,-0.0022612298767078548,0.0,0.009721693520914964,0.015495362918822586
2025-04-24,0.006334864760939899,0.002265909111132466,0.0016726008649273632,0.0032809935439714164,-0.002138240216998823,0.0005020971703279221,0.0,0.0147918381530173,0.02104903098185429
2025-04-25,0.0011258000024114852,-0.0005062556846718302,-0.0022195065303228256,0.0003300927316352886,0.0005913545951500431,0.0008602286724378628,0.0,0.005853343454466664,0.007225311311978455
2025-04-28,0.0020613818704122936,0.000678318882977378,0.001823036878567961,0.001047052198999891,-0.0011016003884437154,0.0004931138226402843,0.0005914673466355096,0.0018252576121224886,0.0003813851666460977
2025-04-29,0.0015260155228908297,-0.0012810192651747975,0.00024323477830215617,-0.0009137942103607383,-0.002234757558507793,0.0005840378953532016,0.00025687081896211576,0.0051605565211423786,0.006299276475910887
2025-04-30,-0.0014604503730478702,-0.0025801505856942234,0.0014827110027597432,-0.0033794605369201268,0.0005844518452535228,-0.0013425268303417616,-0.0024249172769920087,0.0008636767337798724,0.00039694175083582195
2025-05-01,-0.0014159632099406108,-0.0013673277929598356,-0.0008192434173515735,-0.0019445954860223748,-0.0005324174024010204,-0.0022405823658932754,-0.0002656298575636565,0.002510168980277294,0.007086979683865069
2025-05-02,0.00014042085066335894,-0.0011377560942177098,5.848051665598137e-05,-0.0006759936645994101,-0.0014328434880605632,-0.003231600818585013,0.001262414401456058,0.006221465576917806,0.014844134866078829
2025-05-05,0.0014098493785384592,0.001793684732739883,0.0019430269041918907,0.0026757210330050044,0.0012677812500921902,0.0004879960682576051,-0.00029196526714960006,-0.004158678585234643,-0.005734433377700299
2025-05-06,-0.0001241135492562522,0.0007738414110376743,0.00038824046215349016,0.0015300635555991966,0.0042865456526296735,0.001072912560279672,0.0018103579186415223,-0.003999555443848912,-0.008358326594873233
2025-05-07,0.0005788792657809264,7.515003090962621e-05,-0.0005037391587362011,-0.00115559101700946,-0.0016887002471002357,0.0012395468482924283,-0.00029485533182927766,0.0035785514364940147,0.00420552756227166
2025-05-08,-0.003003983326857351,-0.003709647236215114,-0.002505042377548751,-0.003660137438945024,-0.002149238652000702,-0.0022300562486712605,0.0,0.001065502875790747,0.006967762571935099
2025-05-09,0.00037097700812290554,7.734507780862121e-05,0.0003636018213810712,0.0003603830270786022,0.0009240565433206097,-0.0005117319242352365,0.0,-0.0004674514523372197,-0.0012740022807390394
2025-05-12,0.0005858536811079053,-0.0031937908263866954,-0.001676577538586316,-0.003570317357150586,-0.006036483371615093,-0.0029711864268170485,0.0,0.01728474154215216,0.03304731611541567
2025-05-13,-0.001332366094180204,-0.0007568400882806815,-7.0679136884577165e-06,0.00011314183283504087,-0.0012006075595188093,-0.0009501356351878164,0.0,0.0036636878459153526,0.006603860821533747
2025-05-14,-0.0017824405761158622,-0.0012024521864594086,-0.0012052586527605221,-0.00125322755119749,-0.00029040206555503643,-0.0009193236635688944,0.0,-0.0007276477016358475,0.0012780826440004223
2025-05-15,0.0036415502868612764,0.002536603054382144,0.002277472912634683,0.002040621984044335,0.0013351328099279844,0.0006105610848876695,0.0,0.005545037557050625,0.004884285134641564
2025-05-16,0.0003164497474835766,-0.0006188123976086215,-0.0005379973421296188,-0.001381813841767706,-0.0008346217144616442,-0.0006068823079622553,0.0,0.003928068673827134,0.006334043929497213
2025-05-19,0.00019511877263050074,0.0007742532134927455,0.0012655005003477957,0.0012998853108067477,0.0002770592020983957,-0.0007731091668621398,0.0,0.000443475280250416,0.0010938196429841618
2025-05-20,-0.0003479717423566119,0.00015455784365136035,0.0010492203004860293,0.0012180288004593632,0.0011954035648143772,-0.00021292982098256488,0.0,-0.0025283101161636566,-0.003362153676216839
2025-05-21,-0.0029654524301617217,-0.00020024201506011992,0.000757496478920765,0.001643048980607264,0.003661319796765948,-0.0006600390165774618,0.0,-0.012882297547190568,-0.016850775346555102
2025-05-22,0.0007429846229493483,0.0006476654020985506,-0.0006538976273513148,7.167001171385463e-05,-0.0009348194553470428,0.0014917365844887946,0.0,0.00173962455505321,0.00039460189702000825
2025-05-23,0.0004017677176224254,0.0011035061756886344,0.0009638671414312673,0.0018059309677845848,0.0003867489314693558,0.00038529491731419856,0.0,-0.002940407002614975,-0.006825745833528796
2025-05-27,0.003282901417471398,0.0005356751082993095,0.00020823136460707762,-0.0012087177465268128,-0.003340917723162527,-0.00017730975425326461,0.0,0.01413819537202885,0.02079079159745456
2025-05-28,-0.0011487643213276566,-0.0008059257984657686,-0.0006769726783590513,-0.0008139320588634402,0.0005659646437773823,0.00025130500917876556,-0.0017593499714978372,-0.004575903903421552,-0.005785660536819726
2025-05-29,0.002138352066422539,0.0016073237082544246,0.0013119289037234,0.0014165380765750568,-0.0007783002112732061,0.0001363097843237118,0.0014993671950479033,0.004029809626307124,0.003947548002436463
2025-05-30,0.00019898223537179473,0.0005761081194319312,0.0003315831429396379,0.00022250795667057096,-0.0003260020188540068,0.0007690722417926105,-0.0005224623469983707,0.0005167394067297383,-0.0011185059286688004
2025-06-02,-3.0832346906408444e-05,-0.00046323168016149775,0.0017409434608510626,0.0011441937690499914,-0.002101021747641563,-0.002529878158326077,0.002736150639569675,0.0020217967376055857,0.005632816282124864
2025-06-03,-0.0008133452414752732,-0.0010288714598410964,-0.0012225753379954724,-0.0011479103623090606,0.00047944257405572164,5.038022516242454e-05,0.0007994222612833815,0.003038334041559398,0.005702662290135274
2025-06-04,0.003204893563271502,0.0013502031982317864,-0.0005019295801875768,0.001741741801839966,-0.0022829161994249005,0.0015115525569519871,0.002076711007587909,0.00277978040006941,-0.00026851243178294126
2025-06-05,-0.0003612549881244711,0.00011119626788233353,0.0005421586619652477,-0.00039770152255386377,0.00031814861316647883,-0.0014391179641689855,0.00017087292712669524,-0.004084341547770131,-0.004832756264298466
2025-06-06,-0.001931742631538351,-0.0009667304137152542,0.0008714669939652653,-0.0017205616585944381,0.001345787483197946,-0.0030086086048458824,-0.0002903799095785475,0.002978726285490296,0.010269030973764526
2025-06-09,0.0014566137170807835,0.0009191080927482187,0.00032890269551768647,0.0010155951624508516,-0.001358524490835647,-0.0006215647431586792,0.0,0.0012680890471732376,0.0009013320810069558
2025-06-10,0.0014873083060110213,0.0003896603622501729,0.00016004871853678694,0.00035967353534315644,-0.0011360466625724573,0.0002019889912268784,0.0,0.004084878673192849,0.005669717805285801
2025-06-11,-0.0007072514978372094,-0.0005829723463051511,-0.0020287166314859675,-0.0005191068947603838,-0.0005568009222317648,0.0008202716806784081,0.0,-4.875895813329914e-05,-0.002852077351950366
2025-06-12,0.0026519959418313853,0.0013015499423457014,0.0001695746502052252,0.0014999046612777058,9.395688187114709e-05,0.0007042265468698162,0.0,0.004124968336880919,0.003974378305442006
2025-06-13,-0.005378953797404722,-0.0026182915042344606,-0.002268610003968581,-0.0032778658868883774,-0.0002068120344772578,0.0007877799590277343,0.0,-0.008187419751315561,-0.011180263670473423
2025-06-16,0.0004249100948270473,0.0007581854296535096,0.0016194623357556992,0.000795055366671401,-0.0008163084688357572,-0.0018387868222107273,0.0,0.00456315733334458,0.009514240829000764
2025-06-17,-0.0016811241897749503,-0.001855546053872328,-0.0037241361727626964,-0.00213655162673936,-0.0018915702852035819,0.002306564430476064,0.0,-0.0031700565871514374,-0.008545172276001045
2025-06-18,-0.00012802792506884652,-0.000507498058106183,-0.0007146072118568813,-0.0006777396618623943,-0.00014426195264867476,0.0004394756936287644,0.0,0.00016363791989653097,-0.00015060952316237053
2025-06-20,-0.0009542421590315838,-0.0006957574521624686,-0.0009428331563404468,-0.0006719271746768964,-0.0010427744636438772,0.0010724046084267386,0.0,-0.0011552757586287708,-0.002348474253184407
2025-06-23,0.005430442860999842,0.0030718111635345126,0.0036522565858887177,0.0038489308362808588,0.0018480438222186516,-0.0007926277269482852,0.0,0.007321840437366145,0.009877485739587577
2025-06-24,0.004269631685739734,0.0022801718321725298,0.0018116859023590856,0.002978409029662403,-0.004219925497801226,-0.0011643887737209974,0.0,0.008018944080993596,0.011047186039507384
2025-06-25,-0.00045487071241796264,0.0006341759826517236,-9.436250371449277e-06,0.001192621817308407,0.0012435933671956282,0.0004518235675556241,0.0,0.0005040685281653357,0.0005603844216792719
2025-06-26,0.002349840649146072,0.0012413043131728873,7.452025446593596e-05,0.00130587050979667,-0.0008974607487453334,-0.0005206723753058031,0.0019083420206968734,0.006121377581219977,0.007823809728070064
2025-06-27,-0.0011507900853676741,-0.0008146656865291701,0.00011555095103351216,-0.000737955384579701,-0.0005224238060137738,-0.0010181358007163054,-0.0013321717743031826,0.0019354863888487283,0.004968423150459644
2025-06-30,0.0027853411848349605,0.0013834413961362122,0.00034847428035847763,0.001517589955882414,-0.001163883522300407,0.0008629445392568131,0.0020519393983529422,0.004462128332392679,0.00478117884896645
2025-07-01,8.792587030175067e-06,-0.0004836622922535278,-0.0004433443342137336,-0.001013532296596309,0.0005785413381130272,-7.427856555346831e-05,0.0006703081855505822,-0.0009358112486646641,-0.0003237141327537829
2025-07-02,0.0006446049586634247,0.0007844030955568308,0.0004847215597932267,0.0022171414976234244,0.0009569172600039605,-0.001487721727068197,0.0017746437552099395,0.0018803604279790777,0.00453326557880418
2025-07-03,0.0003457081413726826,-5.937125642828465e-05,0.0009193374187394835,8.757966873712715e-05,0.00033598565915895595,-0.0010194183779905178,0.00031060865696628485,0.0033407714046429053,0.007881400243543668
2025-07-07,-0.0026257996888955173,-0.002509117923654807,-0.0005072548726379976,-0.0016505445813617605,0.002782303022518997,-0.000345200031912923,-0.002864950480648215,-0.0057376253377306565,-0.007451971921066947
2025-07-08,-0.0005353335092903315,-0.000546070735437107,-0.00017199208486307803,-5.75754020177317e-05,-0.0003596353158406064,-0.000632762658487767,-0.00032610532739705574,-0.0009214575212686872,-0.0005477352950125081
2025-07-09,0.0013190296420047328,0.00141112338270642,-0.000970042094332134,0.0011492402834145001,0.0010540060835910337,0.0009472308670290912,0.0,0.005676014489243908,0.005996656078344209
2025-07-10,0.001119451512627644,0.0007861190744482317,0.0009608386663849867,-6.707544642263461e-05,-0.0005876737586424736,-0.00035699267887353376,0.0,0.001481276160694378,0.002820258275139098
2025-07-11,-0.0010043912579273226,-0.0006525864935548992,0.0013586394965361217,0.0005964537150609651,-0.0038399079835516135,-0.0016998327592791594,0.0,-0.0039666858660796,-0.003515507092989867
2025-07-14,0.0006338502250613951,6.94960647163038e-05,0.00044659381929467183,-0.0009450508241105702,0.00018687308941863596,0.00040949555339069455,0.0,0.0009752974969812644,0.0019081843027175527
2025-07-15,-0.0021990154455399365,-0.0021879252427764676,-4.854431630741394e-05,-0.0016103623455732841,-0.000103284917944004,-0.00020982773953155307,0.0,-0.004133673918830549,-0.004273212611414445
2025-07-16,0.0018018564881239856,0.0017073079802154278,0.0005897320581295118,0.0013121432786510764,-0.0005910509128818425,-7.794723403533357e-05,0.0,0.003113346828191776,0.0033432737161649406
2025-07-17,0.0003408281732664678,0.0004372912674534466,-0.0005293681301345081,0.0013147383976502684,-0.0016345409581421753,-0.00038823864462935446,0.0,0.0035443955427101326,0.006119637877514572
2025-07-18,0.00029762256759933265,0.0004551256547171654,-0.00016589859402438308,0.00019217320621146865,0.0011829974895577453,0.0009150425863597246,0.0,0.0006653100494210306,-0.0007323346017438226
2025-07-21,0.0023090981893682887,0.0025324890286405567,0.0012851377022203812,0.0017922204099608055,-1.0758587730354437e-05,-0.0005149282892496889,0.0,0.002536001261045984,0.001896143492131186
2025-07-22,0.0020232817530389637,0.0019990609302888806,0.0007634051768046837,0.0008213033063008772,-0.0011011156762571136,0.00021040477418308567,0.0,0.0012259591032681707,0.0001431954391026835
2025-07-23,0.0012789261775516538,0.0008220083318322876,0.001486644037187343,0.0009691761107113005,0.002152918003896792,-0.001967847647758172,0.0,0.0036729773539814657,0.008507476351847565
2025-07-24,-0.001640117730183808,-0.0013483830540599656,-0.0005204367080877433,-0.0010462357944373078,0.0003634678821120026,0.00042640767518380173,0.0,-0.00039301290128070934,0.00033102965109055305
2025-07-25,-3.390484608297203e-05,-0.00029546828308468575,-0.0010966951010045888,-0.0011940480980958223,0.00011878294092855685,0.0015377691504686087,0.0,0.0034656183092254267,0.004224338152491125
2025-07-28,-0.0029387370010175483,-0.0025658435258635475,-0.0021796980290287407,-0.00039231127798923857,0.0006641886899331156,0.0002610072650425585,0.0,-0.0010373126053037085,-0.0002511658677887274
2025-07-29,-0.0004302967622324892,0.0007758057001085063,-0.002316606149839634,0.0005209979458173415,0.001487030292577091,0.0025621365142679486,0.0037668891346606353,0.001040975347005935,-0.0026375650574512743
2025-07-30,-0.0035339231991343405,-0.0034875332788020233,-0.002116456766048947,-0.002366576770696598,-0.003180263852546151,0.0007239265988592744,-0.0034144837481203437,-0.002142914911653149,-0.0012593696215839056
2025-07-31,-0.0006908543527276645,-0.0008872126075290169,-0.00044373568290727034,-0.0009661049729787371,0.0003103630772166658,0.0007352961965014893,-0.0025793667313691333,-0.0019132611481689433,-0.003751164153554032
2025-08-01,0.0020558669266310084,0.002158386937276678,-0.00045757398931387146,0.0003552792330131503,0.005125734456891588,0.002093130915480779,-0.0014482019738546494,-0.005229122557005405,-0.01639041762130744
2025-08-04,0.003156021745771281,0.003809485968969525,0.0028290714921543276,0.0025103071787939643,-0.001813382989360994,0.00022602190192043094,0.005201586924541622,0.009663337879000712,0.015199764160073403
2025-08-05,-0.0009333920405841452,-0.00055441848748787,1.1098279278033365e-05,-0.0010250820138895192,-0.0008924380772461186,-0.00015408275524876584,-0.00023052580823420567,-0.0033342420794590707,-0.005069926343612585
2025-08-06,0.001652795874280697,0.0014931820365271574,0.003314177826627412,0.0017482752807818584,0.0016420639414670177,0.0011966860989126961,-7.432571806935547e-05,0.004303362286481471,0.007659660445043404
2025-08-07,0.0018052110711975968,0.001558425821191182,0.0016292329431789358,0.0013544697658903501,0.0015944186021040188,-0.00020498165933946952,-0.00045080752697843697,-0.0007952297900361226,-0.000837636431655131
2025-08-08,0.00027533785313598374,0.00034058256031939697,0.0015860851136986058,0.0005697472888883479,0.0015380468929547372,0.00035771003232337815,0.0,0.0037580238413898563,0.007797554830949682
2025-08-11,-0.0019959679156238566,-0.0016920279563130832,-0.001814494743364744,-0.0012627083498182616,-0.0013657243402112962,0.0012871587659822352,0.0,-0.001060650291479037,-0.0019774044951013092
2025-08-12,0.0025336399133743946,0.002714988996870148,0.0028090157675274012,0.0014728945220765437,-0.00539697684719485,0.0004744248023987978,0.0,0.006303866661186319,0.010646077812391797
2025-08-13,0.0023659289358132422,0.003150420749689819,0.0011049489410013633,0.00239447985002439,-0.0005870862696450547,0.00026598491856111994,0.0,0.0034795977679763722,0.003423132057329248
2025-08-14,-0.0016363630158800905,-0.0023760190722516912,-0.0012720136832683592,-0.0017748635515125561,0.0004152899099019444,-7.471393564644033e-05,0.0,-0.0012396047131064238,9.29178689290655e-05
2025-08-15,0.000555290752537285,-0.00017656195820811224,0.0011788479654589981,-0.0007358769092184664,-0.0008633231323542194,0.0005866584160377253,0.0,-0.002201248896743224,-0.002341293610408912
2025-08-18,-0.0006190619318889927,-0.00047203863651045397,0.0001018397083729853,-0.00014849289376120674,-0.0010790159823950397,0.0003889897187814757,0.0,-0.0005086080171472051,-0.000217616668765519
2025-08-19,-0.0016793900345438476,-0.0017592616401938162,-0.002749001742484068,-0.002642475876369567,0.0015961839106102785,0.0009110615466270918,0.0,-0.0022460166622023433,-0.00542510102815319
2025-08-20,0.0016050481815838322,0.001359426922278997,-0.00047017095515913555,0.0015753465093501632,0.001469366368476378,-0.0013363004527364192,0.0,-0.0010071730727227112,-0.002657080804944645
2025-08-21,-0.0018314995099959212,-0.0019995689536486854,-0.001706967025365577,-0.0020882808131223018,0.0007954287450762888,-0.0011017493725710404,0.0,-0.00357961521045691,-0.004011809805612443
2025-08-22,0.007094859072224601,0.007616224640066992,0.003549020617784706,0.00610617350349352,-0.006062277656076268,-0.00018860026883587753,0.0,0.011440042294235342,0.015356833041096918
2025-08-25,-0.0024068561309055826,-0.0026535328883978784,-0.0023986124551662463,-0.0021851264213984976,0.0031134791883716214,-0.0005850187896517662,0.0,-0.003434198461127758,-0.004401115665894628
2025-08-26,0.0002309663432191452,0.0006778374217286568,0.0013510131721666627,0.00041046009528267186,-0.00026592698064234466,0.0005997515402098833,0.0,0.0035585031344637754,0.004187065214133812
2025-08-27,0.0004485980305509344,0.00024809195320622845,-0.0009147135857604682,-0.0002495805768953502,-0.0007989711240007466,-0.0006972153772013187,0.0005347589708333786,0.0021184712264544995,0.002278548405594716
2025-08-28,0.0022093784984537936,0.002596270248212416,0.001184953841324103,0.0031553063025910847,-0.0010705278519169638,-0.000843964420854105,0.002733802846518806,0.003041372603407888,0.003541324132844581
2025-08-29,-0.000506446706490042,-0.0012420442562663069,-0.0007388473891868939,-0.0017710138392433383,-0.0008750246843740009,-0.0016621575051889786,-0.0017866705223426424,-0.003910767891838884,-0.005963734491660877
2025-09-02,-0.00022331524237728607,-0.0005156088807731061,-0.00028341595207934534,0.0005068894541226486,-0.002668531834068143,-0.002188877728707094,-0.00015804513497297225,-0.005639893160664933,-0.0074102526816088865
2025-09-03,0.001158870370967042,0.0018038793235924772,0.0009159723628665391,0.0015766315146888052,0.0017381306456870633,0.0026115514761453915,0.0027655180798604653,0.004633277199289099,0.005419642546478309
2025-09-04,0.001766014441168771,0.0022263367134523716,-0.00035148369659057877,0.0022120034987371897,0.002562950090818629,0.0034130550476713525,0.0034684825871926887,0.0068082329132822745,0.00835722501937175
2025-09-05,0.0005906908022819023,0.0018878723776297756,0.00021248123083619753,0.0026123822847067906,0.0020633565107757057,8.771616429390839e-05,0.003559968231582486,0.00021434379500839817,-0.0028961943811889324
2025-09-08,0.0026739852564038762,0.0032360474853040215,0.0008683082860101573,0.0027261036629160546,0.0007828783762701055,-0.00023558971483887957,-0.0004952159544252347,0.002713914256273142,0.002456673315747171
2025-09-09,0.00022188052826150933,-0.0003327484891894216,9.080409092453309e-05,-0.0007450718294673769,0.0011077208844629534,4.138629484270041e-05,0.0,0.00043953831961873746,0.0023119797320374502
2025-09-10,0.002085844298618649,0.002222174337432366,-0.000695313599038613,0.0017939165075451901,-0.0013612078765573373,0.0002219728318209515,0.0,0.002808194906747907,0.0028907101289483705
2025-09-11,0.0018743134997759913,0.002932024700597099,0.002481326454158177,0.004227481293390372,-0.004792224447543881,-0.0002939247434585925,0.0,0.0056040227474021265,0.008310290457562264
2025-09-12,0.00039308417248190986,-2.0964473970729727e-05,0.0006198116218229093,-0.00031961470794521305,0.001050018735861977,-0.000661545097042619,0.0,-0.0013522951099445902,-0.000334630409346115
2025-09-15,0.0037570359801440147,0.004004523718032264,0.0019641014443692213,0.004213179538680607,-0.0033917318839980825,-0.0006328962657676669,0.0,0.0038542777762915923,0.005323962798345239
2025-09-16,0.00024093679713864326,0.0005443115547298542,-0.00014029105110767654,0.0008926415463280102,-0.0014312894962087886,-0.0014290659543923388,0.0,-0.0005791562849940978,-0.0013769781981408658
2025-09-17,-0.0017814929330949487,-0.00213253930875296,-0.0001843203903740523,-0.002522479220796893,0.00298035125886267,0.0009009896164742979,0.0,-0.0016095167197605286,-0.0012422701734727815
2025-09-18,0.0020891157394087884,0.0014406378596160702,0.0030420426747773044,0.0014092477692209376,-0.00013569683791810739,-0.0005276349188879403,0.0,0.0014836816515449325,0.0046724054804268
2025-09-19,0.001415359624918721,0.0009489484497404926,0.002444086524807731,0.0002499137332525508,3.432470771158483e-06,0.0009568066154687521,0.0,0.002806200687111504,0.004952868450893266
2025-09-22,0.002356220920091035,0.0024420775067078102,0.004027314669492704,0.0030546224866392856,-0.002725686123979752,-0.0025303807429271777,0.0,0.0021763718027533407,0.004731049353107419
2025-09-23,-0.00016607947161284756,0.00033881586530050363,-0.002911434728103655,0.0004913890444254406,0.002722217939198869,-0.0009680724531373906,0.0,-0.0021465771393993196,-0.005443470649980853
2025-09-24,-0.0007550618500266986,-0.0016778024937321254,-0.0017093779680817562,-0.0030564541683582944,3.085072092890925e-05,0.00023285210585836214,0.0,-0.0029840210128436297,-0.0031816642308674092
2025-09-25,-8.859919283031505e-05,-0.0006116341701074028,-0.0012859652649234283,-0.0016577041246615782,-0.00048203214419097407,-0.0011729202099283824,0.0,-0.0036387818794124003,-0.004613467564511753
2025-09-26,0.0017488790371244943,0.002250461446167411,0.002170699953612261,0.0033638837520863964,-0.0006733511436106453,-0.00141655142992935,0.0021678255959506967,0.0032296521264628007,0.0057290340826092745
2025-09-29,0.0017497327744096169,0.002230591580610901,0.0025237999766293193,0.0021852619529605134,-0.0022475275383360945,0.0006952248697035793,0.002554360962689465,0.002850362244262961,0.0028104467833012237
2025-09-30,0.0004697315432760415,0.0005481282531135732,0.0017800007131158323,0.0010606787612752041,0.0005628266175368754,-0.0006940650254051833,0.0004570910719858641,0.002094256268036609,0.003766834755358328
2025-10-01,0.0025572585157486285,0.002734158600013209,0.0012723413698012415,0.0027712315046383206,0.0005590895310647827,0.0005279676296295082,0.003136679293730047,0.003392197583402101,0.0034075722246513784
2025-10-02,-2.882947355519631e-06,0.0007138532493668405,0.0010379433483663286,0.0006802087882069872,0.0019311443054280848,0.0019642391352963887,-0.00012084836895195458,0.0011056346096125936,0.0011517326256851312
2025-10-03,0.0012218076454155319,0.0012909929126796468,0.0018905089910178153,0.0015623457006352045,-0.0003155580820244791,-0.002685365375028368,0.0013454289497827454,-0.0007957007340556155,-1.4713447336833774e-05
2025-10-06,0.004340481556487453,0.0020924037320344956,0.0029328332034878534,0.0006458393294932877,0.00025925808144063684,-0.002896963330866642,0.0023751770901870957,0.0009899077927970623,0.0035861796762737264
2025-10-07,-0.0010469393561970907,-0.0017288341055265528,-0.003981264309260792,-0.0020058449675735505,0.0013138257467688107,0.0017634029427176963,-0.000531632663327874,-0.0012257742735324539,-0.0037075138893177817
2025-10-08,0.004150171726344374,0.003487135119354212,0.0036047454063503157,0.0030841075791307737,-0.003861436938418412,-0.0019472909413783496,0.0,0.0036608184008982024,0.005963055269571305
2025-10-09,-0.0031963568469649158,-0.0031420062365425734,-0.0019123659675683892,-0.004350460858398491,0.002244972775742364,0.0017896916669155709,0.0,-0.0020286706899868443,-0.002896974724933221
2025-10-10,-0.010648434071571686,-0.008099971690075047,-0.007186800973087344,-0.006623527513130267,0.010058016724338967,0.002904702489711378,0.0,-0.013724726230406215,-0.027027862178845674
2025-10-13,0.01075392751215455,0.009959293075753472,0.006879731366804098,0.00995637348234578,-0.010000429668990164,-0.0019705832024054367,0.0,0.009412821351672962,0.015344118135168339
2025-10-14,-0.001466664441320607,0.0006342055707831741,-0.00011845965955759513,0.0014798218527698889,-0.0019179877464120376,0.0003813339603908347,0.0,0.0002983945615591566,-0.0012216462876413203
2025-10-15,0.003955509348855998,0.0048653398810100485,0.004361919855212602,0.005664524485840013,0.0021619925664019286,-0.002577923992160874,0.0,0.00221106391011503,0.004439529909605389
2025-10-16,0.0001402274060255781,0.0011572723549221884,7.066095701042496e-05,0.0023962028663518584,-0.004587307311230175,0.00026637664218340327,0.0,-0.002232444974310454,-0.006810319600221937
2025-10-17,-0.001809453640060323,-0.0015622813504984376,-0.001112016485842471,-0.0016897232595509092,0.0037795043036535163,0.0019743878631502875,0.0,0.002749762438196157,0.005676392528467966
2025-10-20,0.006790197682552083,0.007148485439020445,0.004136333032747327,0.007932465462695147,0.0011608520647762364,-0.002336408113470751,0.0,0.006774192957852421,0.010400500262923273
2025-10-21,-0.007179469244851301,-0.007228281189287344,-0.007565761121522318,-0.00792749564119819,0.004979843090059484,0.006900380632281628,0.0,0.00072940400736492,-1.494287878323064e-05
2025-10-22,-6.365283499290084e-05,-0.0015737037252478727,-0.003942439508205686,-0.0012380451591025173,0.0027138515785726505,-0.001438451222689595,0.0,-0.003037470436266454,-0.005198916065879078
2025-10-23,0.004922143141097099,0.002527602790625017,0.001960927404092246,0.0018816011651208249,0.0005170290168545502,-0.003331655633482742,0.0,0.002248146343944368,0.005929962705964353
2025-10-24,0.0024637524745223763,0.002713789686108484,0.001824862168070873,0.0028926341225773574,-0.0024393759232180555,0.0007352857604923158,0.0,0.005273107956834844,0.008172554694480416
2025-10-27,0.0006974583655282249,0.0012104610712408135,0.0007831459187790559,0.0016486699372920525,-0.001668290100845416,0.0031330964753989114,0.0,0.007078653216888186,0.011797755361480311
2025-10-28,-0.00016315322182612109,-8.869108576012687e-05,0.0020932909550037864,-0.00037311184109741115,0.0015907768688618925,0.0023543257865777088,0.0,0.001962821790283975,0.002655925971395856
2025-10-29,0.0011767036895636786,-0.0017353603516792639,0.0022989964101204742,-0.004041250947288597,0.0016790350798187282,-0.0006870995019644483,-0.003556609503461131,-0.0022942570129824706,0.0004803706386860007
2025-10-30,-0.001872408854015759,-0.0020159557013673247,-0.0008656606787046947,-0.0027915198432296564,0.004050318472485456,-0.003103532266458823,-0.0022650573673920044,-0.007176511661325357,-0.010998097614260183
2025-10-31,0.0006065584761845906,-0.00023373739443646407,-0.0005145170377697445,-0.000682544412328904,-0.001039853142304267,-0.0010338628007000828,0.0005060771803059133,0.0021333750947230886,0.0032801312668069293
2025-11-03,0.000671258209760664,3.834054261194053e-05,0.0003114616979719875,-5.53744120721485e-05,-0.00018291625825239178,-0.0009189761909474296,-6.582409525305341e-05,0.0009354019017771887,0.0018766496475834948
2025-11-04,-0.004814585423705213,-0.004610659048122974,-0.00607545601505499,-0.0040886296589644116,-0.0011951122981096627,0.0032327995360453225,-0.00452359217621601,-0.00661465124275713,-0.011853548427536165
2025-11-05,0.00047565295917717385,0.000726034093927186,0.004371977741571173,0.0012267963634272103,-0.0013857081442441145,-0.0025173048920786676,0.0005066162845938071,0.00017486711486438514,0.003465476656154154
2025-11-06,-0.001009164625584463,-0.00112975458047531,-0.003856898439648562,-0.0013709344902570037,0.0014719378371532564,0.0027823685201700523,-0.0014728023185289032,-0.004399353108239778,-0.010729363869237507
2025-11-07,-0.0002560949804794031,0.00015838086945005613,9.334602921690636e-05,0.0009873325693089746,0.0007757711625750394,-0.0012925678005001203,-0.0005047242960458001,0.0007562752248678972,0.000984565078659072
2025-11-10,0.0067267723869494376,0.006604511875204543,0.0056091978905149185,0.0063599908517147545,-0.00016122085783259175,-0.002504829731908006,0.0,0.008824780959259737,0.015604278627143309
2025-11-11,0.00243104645952272,0.0025419511954765227,-0.0008506470929527489,0.002763760667384128,-0.0028897849224557904,0.00023224189394806805,0.0,0.0026163904787253945,0.002289357854538432
2025-11-12,0.00012882648899849254,0.0005959732033278854,0.0026773720561144737,0.0015302666319866713,-0.001345110207719643,0.001037564990219562,0.0,0.0004163905003186752,0.0005563903162315587
2025-11-13,-0.006964337780813162,-0.0073815493851543245,-0.002071076812629516,-0.008215972593836652,-0.00043302136441600547,-0.00027882533044618286,0.0,-0.01111246388793039,-0.016593994920437227
2025-11-14,-0.001412541357287674,-0.0017297282000148643,-0.0009917446533289943,-0.002364101885469245,0.002156245097889838,-0.0007679591882539573,0.0,-0.0007608144779484017,-0.0001638243733123046
2025-11-17,-0.0028495762213637667,-0.0031005557881892826,-0.0037148193595224134,-0.003602514921840315,0.0001387222148439234,0.0016974107321427808,0.0,-0.005133576529973305,-0.009316347515515466
2025-11-18,-0.0004786636625819981,-0.0006430791794280322,-0.002183832474465748,-0.0009719102131201001,-0.0007664273840608702,-0.0018728928471978964,0.0,-0.004375701476704895,-0.008397553343794883
2025-11-19,0.00017914501738552945,0.00031655518546858916,0.0002957088109866935,0.0005913755216347084,-0.0013241333802876901,0.0017584983802112083,0.0,0.0020284135543866097,0.0038631766432766224
2025-11-20,-0.004376338919627996,-0.004331481406069889,-0.0053603522697544745,-0.004241766378953675,-0.004598044249251717,0.002565269510187348,0.0,-0.008193323848110511,-0.015242227316648038
2025-11-21,0.0027257287549788856,0.0034715837836135632,0.0003799463612878525,0.004963293840882918,0.004379175775593254,0.00195618931861436,0.0,0.007297997030553604,0.009961138168965045
2025-11-24,0.006445386110188494,0.006247788112195919,0.0025993465647007464,0.0058525921162107695,0.006411423620681156,-0.0017287668102982413,0.0,0.009448459709397072,0.014718606876234608
2025-11-25,0.0024625035976401696,0.003058897757579277,0.0012455640279777798,0.004251686077457493,-0.003538756704924278,0.0014896272660843257,0.0026184173597129214,0.006670992131546027,0.009406020092127543
2025-11-26,0.0045691107887148455,0.004512301798376514,0.002572692818746808,0.004398683817699852,-0.0010363701375814731,-0.0012964810595440307,0.004622527166039618,0.004469922740256082,0.006903398821459961
2025-11-28,0.0029440189616907883,0.002792315484973861,0.0037609911090860457,0.002488908531540006,-0.0003143065353645268,-0.0037272364578846084,0.00291673817829871,0.002578894906148399,0.0054584342293309
2025-12-01,-0.0024299441820913345,-0.002804301203702243,0.002721245833132738,-0.0035530152469240603,0.00313157720693687,-0.0028107437600989773,-0.003583818946751376,-0.0048871990500732425,-0.004565470301164498
2025-12-02,0.0012082485856816485,0.0007846655393051596,0.0008400809708964698,0.0008907403715778562,-0.0006080377047080357,0.0011271862737822756,0.00029075668042923637,0.0014423028633304468,0.0018521864059071191
2025-12-03,0.0026519616505039146,0.00209140011978972,-0.0001011799896471089,0.0016410917993511854,-0.002283906968579301,-0.0004585238084081778,0.0019855368334017274,0.002904400434700438,0.003462839691083186
2025-12-04,-0.0012275160869444465,-0.0008494184127533992,0.0003056024393242564,-0.0009284338236596777,-0.0006843121395239904,-0.0005721544642871738,-0.0004216566491795513,-0.0007988735787324065,0.0007310498015529188
2025-12-05,0.00037647480044537536,0.0002472682449718481,0.002150156240709431,-9.967605036004121e-06,-0.0018865432454932747,-0.0019473514188406205,-0.0005035731969477019,0.0003121390853022543,0.0018994848443159018
2025-12-08,-0.0017035878880018462,-0.0023258447101882998,-0.0001357395819992012,-0.002121057479390688,0.002477005133274966,0.0005785521620261126,0.0,-0.002631846789427561,-0.003004298856025711
2025-12-09,0.0006086178021009065,0.0004378308206517244,0.0010472004790528595,0.0005843387411424646,-0.001398955970188782,-0.0008779692591546793,0.0,-0.0010994917285085614,-0.0008629381305947925
2025-12-10,0.004835049920497086,0.004339005011680232,0.0012859591980665555,0.0038384177964603857,-0.0013024868368805495,-0.0001500211625456876,0.0,0.005269267399299027,0.00663214455678518
2025-12-11,0.0016975475704750314,0.0010690060899108318,0.0014923559085857848,0.0012292469022684822,-0.0017409175248289028,-0.000851277043164129,0.0,0.0014375678196322016,0.0023269460314641055
2025-12-12,-0.005447083754758121,-0.005395832516671759,-0.0006902480577521341,-0.005205342248998376,0.0011145892036435688,-0.00011489324891681584,0.0,-0.007529459906173153,-0.010751986278262682
2025-12-15,0.0007996559046554285,0.0006588820099171136,0.0006533978498068859,0.0009354137170779021,-0.0005952619166637021,0.0008924087226179369,0.0,-0.000573773520752252,-0.0015108084138407696
2025-12-16,0.0009362990023037401,-0.000184866026242502,-0.0009225252928330954,-8.807051412862516e-05,-0.0003940751529892744,0.002630156458618575,0.0,-0.0005176029239111202,-0.002732375302379353
2025-12-17,-0.002342901398477362,-0.0012510762954564228,-0.0011706913264218433,-0.001414922779327897,-0.0003696757529128397,-0.0023833543003979702,0.0,-0.006685032712569039,-0.011003593983400228
2025-12-18,0.0034044479956199117,0.002968416002427353,0.000603392546804246,0.003051935642218455,0.0013632807248692461,0.0025103827373600027,0.0,0.0055669004824356,0.0075513543702006025
2025-12-19,0.0014346726779168192,0.0019401905596252312,0.002729847096232408,0.0018685613596409918,0.0009848438444329303,-0.0019093535952505582,0.0,0.004538124528073739,0.009063414425573013
2025-12-22,0.0024507067099473366,0.0025214449121560185,0.002374220023686523,0.0019084157237747356,-0.0006548445099731721,-0.0037270620511478886,0.0,0.003322314282336691,0.00622989400678442
2025-12-23,0.003016557833241605,0.0025435440590811606,0.003008321857378657,0.002094933996853765,-0.00316817964328335,-0.0015754243267785718,0.0,0.0025758196336787,0.0045704023396588855
2025-12-24,0.0017270309066604959,0.002212529674512388,-0.001067798327315469,0.0024921907030170656,-0.0017440763120782497,0.0013271828454974174,0.0,0.003151189823638445,0.003517674396244841
2025-12-26,0.002640435550346898,0.0024197615830724582,0.0032360262862458746,0.0029451681576702954,-0.0014279781814325488,-0.0016980761365761488,0.0,0.0003128354894399444,-0.00010140966545213459
2025-12-29,-0.0037510450990108648,-0.003264736448111174,-0.004658848647272492,-0.003449741882118933,0.002673035399150635,0.0033640700855155233,-0.002843477388090746,-0.0015575601768551993,-0.0035636535074947684
2025-12-30,0.0002356955607887051,0.0008480868548156018,0.0016599347264660653,0.0011058256972347191,-0.0010322269403241298,-0.0011547918578318614,0.0010290914269972602,-0.0011468013798769494,-0.0012211244085722495
2025-12-31,-0.004372199138401857,-0.005197974584200284,-0.0006832449513458575,-0.005395070995386151,0.004560711668291997,0.0008880561384767022,-0.005578191297417609,-0.005772079408005304,-0.0074089416209803804
2026-01-02,0.0022424047951727084,0.0027204975357868278,0.002065643353403468,0.0030345811995590353,-0.0010575830872484894,-0.0010953095334300077,0.0027836209945467294,0.0007669568571046169,0.0018329931020035772
2026-01-05,0.0058901523248111425,0.005016561199251748,0.0024794180064730896,0.005547626138138805,-0.004549559549857314,-0.0023739696651457125,0.00650552733813097,0.0052034627308106705,0.006660117292359935
2026-01-06,0.0029641269368747515,0.0034205888208258843,0.0026313257384996606,0.0038507187714026574,0.0006264191396467681,-0.0011933655775834843,0.0025805311885401393,0.0032777896943401164,0.0059472480516442605
2026-01-07,-0.0016148235412798183,-0.0013691164539391496,-0.002132708522205466,-0.0012220801367429932,0.0005494800961303116,0.0022314241576426187,-0.0017296301860830366,-0.0011863614107151975,-0.003223412281198157
2026-01-08,-0.0012747768748290074,-0.0006203426898953993,-7.819974496269747e-05,-0.0005885053761939138,-0.003466789892948674,-0.002004810014123464,-0.0004999255906309618,-0.0012633027458875293,-0.00010152731427326422
2026-01-09,0.003417801196476556,0.003086936747875687,0.0006520832657169164,0.004004521303409296,0.0012151957473925418,0.00022012075887573756,0.0,0.004425500316443642,0.006613382996888628
2026-01-12,0.0027267052373704647,0.0026004714771884394,0.0035748114336760723,0.0022388483065240265,-0.0008053678171999607,-0.003493262032634099,0.0,0.00044379172459354523,0.00157043300066384
2026-01-13,-0.0003223128642571455,-0.00032690467114558094,-0.002116750957608323,0.0003619461099589517,-0.0016517236103979942,0.00012126043637639524,0.0,-0.0007006140323108977,-0.0019995067653818532
2026-01-14,0.0033260318560232225,0.0023540831893397755,0.0002173874056938762,0.003131024348554986,-0.0019327829294833226,0.0009431334225162094,0.0,-0.0021183724017288515,-0.0049151644595419874
2026-01-15,-4.823958474711883e-05,0.0004899277867814042,0.00012570729315382415,0.0009274928874947115,-0.0005741742028429825,0.0008794443241919347,0.0,0.0008049204470153003,0.002723208385480236
2026-01-16,-0.001429766134390626,-0.0013191847675179346,-0.00019060587865183754,-0.001429766134390626,2.7855236436497574e-05,0.000133940298931824,0.0,-0.002039635187501032,-0.000837905189162047
2026-01-20,-0.0038221152354404138,-0.003408840427326106,0.003678456515547229,-0.005960904573201733,0.0053159460478810205,-0.00561958926713328,0.0,-0.013798515381507004,-0.02035680001149731
2026-01-21,0.00528604229682395,0.004634705443863687,0.0005308097803202088,0.005874074885919761,0.0020613766560852445,-0.00037889862663133023,0.0,0.007971240395775236,0.0115411092816613
2026-01-22,0.003565749542741559,0.002721074362759543,0.0032531585959360647,0.002392290677380146,0.0010202168601455186,-0.0017182016641704876,0.0,0.0030921852661875524,0.005223257672714476
2026-01-23,0.0032876986844903,0.001393212839845089,0.0021453126484243922,0.0009304264979683253,-0.0023656142001162654,-0.0030243520557396543,0.0,0.0008857279559031817,0.00036273518897367296
2026-01-26,0.0035808440898808034,0.0024164689563346887,0.0022127401666815517,0.002292607632516892,-0.00015218294283010322,-0.0012944789067498544,0.0,0.003630515263444156,0.005078142735685631
2026-01-27,0.004086142239086688,0.0024011474233542407,0.005758391776724771,0.0009992478866594349,-0.006689437048003379,-0.005388429719670683,0.0,0.0019326707511972518,0.0039842543077575066
2026-01-28,-0.0005944257172298465,0.0011300025175386855,0.001924940667547284,0.0010174604589453199,-0.0019109706247480034,-0.0038282217120061473,0.0013236615016023218,-0.00039379713592653244,-0.0001006645803248718
2026-01-29,0.0009600413311584559,0.0001445233836581655,-0.0009093633107686446,0.0005595004931135139,-0.001075988455010281,4.9568994437754524e-06,0.002258492401004399,-0.0007735306607075999,-0.001984377154833794
2026-01-30,-0.012686239626647083,-0.01054287812974251,-0.011751288639606276,-0.010078740793603935,0.012390861227176555,0.010401206552047081,-0.010449791169846644,-0.0020395077944672657,-0.002982572514766746
2026-02-02,-0.002527595930460087,-0.0009651268394066962,-0.0003324236286943765,-0.0011371612920054207,0.005020135315644703,0.003826558973743948,-0.0032136031972203375,0.0021963810109272507,0.004971400525214165
2026-02-03,0.0018763695213074917,0.0017697332368959368,0.0015292231768853576,0.0025498086329094677,0.00294194714871015,-0.0040076683895363865,0.002602339842588784,-0.004696064174985048,-0.008455473390127866
2026-02-04,-0.0017519846849979302,-0.001260578599166568,-0.0022798275815603375,-0.0007384749020355238,0.0012028664346345427,0.001465703855320376,-0.0007476449226979034,-0.0029900418561262577,-0.004843853725993386
2026-02-05,-0.0034839014356095764,-0.0045027090735540905,-0.007649392362694767,-0.003496471149267024,0.0012617983800549044,0.006869132256509735,-0.0033717875564664257,-0.005148260540481496,-0.012489284060324235
2026-02-06,0.009133669611421306,0.008928294185310964,0.00612304300302437,0.008629932042445575,-4.94759167001484e-06,-0.004032664814708507,-0.0004952601754141665,0.011510871886091989,0.01918478647681998
2026-02-09,0.004655525602567909,0.00422927659304034,0.0037841352520240866,0.0033841964098896564,0.0012142601886142906,-0.003823908195639158,0.0,0.0029763483186923344,0.004821815563577747
2026-02-10,0.0015291873139023446,0.0006154169438307766,-0.0034437199652289177,0.001621234989316094,-0.0031527165099883275,0.003126013527259808,0.0,0.0001661099264213873,-0.0026371459581814305
2026-02-11,0.00035788687345522153,0.001102596198495277,0.002938155494747391,0.0011189690011993482,-0.0005113203574178067,-0.003468009408752683,0.0,-0.0012577539195045562,-0.00023112214366449724
2026-02-12,-0.002908010686811395,-0.004586531687683212,-0.007704338184011174,-0.004444776015009958,0.0005002039482886113,0.007328076260098607,0.0,-0.006817111612862912,-0.01544885969788623
2026-02-13,0.004162708421393564,0.0035489464402021415,-0.0005356451723276814,0.004067198701867924,-0.0036836104376458487,0.000714466894370778,0.0,0.0019924281185078386,0.0007044991031190939
2026-02-17,-0.001168385171647292,-0.00109168236752362,-0.0026495071590136744,-0.0006864184185864716,0.001403369753483815,0.0031334314396020612,0.0,0.0009269963717930984,0.0016134830190519533
2026-02-18,-4.8008409820388554e-05,0.0015294115023795137,0.0024136981433650908,0.003620754412848971,0.0037264466398921657,-0.004027564804892177,0.0,0.002199554511082269,0.005037707550576753
2026-02-19,-0.00043184346357910935,-9.704284858511454e-05,-0.0009120987612050655,0.0009372383544857056,0.0007102525922606435,-0.00042769612788649315,0.0,-0.0012113709881222735,-0.002637433731113581
2026-02-20,0.004072061175841504,0.004051257311216495,0.0035988804586507867,0.0036256109030051776,0.0005245507761020662,-0.0025527113431522697,0.0,0.004339163748829344,0.007231939581382241
2026-02-23,-0.0005128574198922514,-0.0009640774844171566,-0.0019501681418800656,-0.00048465836915829893,-0.0009752322984311544,0.0007144028226273146,0.0,-0.0046847909826581045,-0.010211366038766267
2026-02-24,0.0017285335934327235,0.0016764166693449807,0.001467203977571753,0.0018201583025285908,-0.00037588534702860004,-0.000528751980386552,0.0,0.00427896497158109,0.00726847527019836
2026-02-25,0.002749479998784268,0.002523358562987336,0.002975876225652298,0.0019123649766071855,-0.0002944447234641688,-0.0013964752137291786,0.001489703437695368,0.004734499239200974,0.008438306300538434
2026-02-26,5.143808638040404e-05,-0.0002947010609984807,-0.0020482471848465526,0.00024490005120429606,-0.0008551790233692509,0.0013685238008940624,0.00019531007688368112,-0.0022642310949307016,-0.005554445579207146
2026-02-27,0.00035572012377547784,9.433570564280058e-05,-0.00139061951198125,0.0014313035423607384,-0.00278216253007589,-0.0004232925437027415,0.0011666372058969166,-0.0012828272333650134,-0.004801940858611298
2026-03-02,-0.004998945550834855,-0.0023361604817381983,-0.000985897224256632,4.881168061263521e-05,0.0009071991148160599,-0.0018622780907967449,-0.00011554831978094001,-0.002061925654336916,0.0005686124327104469
2026-03-03,-0.007559902649935083,-0.0066661964951440535,-0.007048143532974196,-0.006528902295429245,-0.002658545579850528,0.004499772375303638,-0.006517350665477493,-0.005741654248780103,-0.008814339520359149
2026-03-04,0.003798899845442543,0.0030883405235498174,0.002908599646237745,0.0034120658568228216,-0.00045664378078855096,-0.0026470555161595536,0.0032114329883396017,0.0034084681977132993,0.00705526576749449
2026-03-05,-0.004875966813769257,-0.004424788245808401,-0.0022197585026746806,-0.0043334054298279885,-0.003050578962037058,-0.0005946917693719432,-0.003988504643591691,-0.004584823832869289,-0.005575491873376914
2026-03-06,-0.0008501333760161389,-0.00045494411794907356,-0.00190096558130244,-0.0009274468139434185,-0.002866118567611311,-0.005018501355627176,-0.00047401782449352887,-0.008112966401071287,-0.01310712873041986
2026-03-09,0.004555615976962301,0.004107439011131043,0.0005415588821351824,0.0044782743937094105,0.001997864342212436,0.0022170847381743687,0.0,0.006500163744146991,0.00875996072290297
2026-03-10,-0.0010728566816702529,-0.0011249169325139507,0.0033122402467835954,-0.0011502116739776028,-0.0030510089393194616,-0.004111688147123781,0.0,-0.0022458583087121343,-0.0016071058958396778
2026-03-11,-0.0033856616830283555,-0.002865785139809091,0.0030451515024218106,-0.002611711906846032,-0.00531165084424152,-0.004047000807232339,0.0,-0.0025780926079062906,-0.0012551345486657706
2026-03-12,-0.005478370049817619,-0.004300340802520418,-0.004256619786364339,-0.004475863783066432,-0.009912170960048332,-0.0015447238758508276,0.0,-0.010402651368698224,-0.015184966271003186
2026-03-13,-0.003989850455619823,-0.0027392947357664037,-0.0021497789145319304,-0.002378043307453635,-0.0038911698959399575,0.0009275642202322293,0.0,-0.003814115204680313,-0.00566013575260893
2026-03-16,0.005821613218355329,0.004675958310232961,0.0019354121673548284,0.004602812138266357,0.007593403145432138,0.0009879737918158968,0.0,0.007905463816747015,0.01017686501045656
2026-03-17,0.004318620978803359,0.003918316124590597,-0.0011722803670922244,0.003935553501389177,0.0019763602880541976,0.000145647089759427,0.0,0.0022865581446919413,0.002630544991105488
2026-03-18,-0.007676857791793905,-0.006393028260650286,-0.00197959664007167,-0.006372055254928302,-0.008871146428672526,-0.0007301059416541634,0.0,-0.010201909807286502,-0.013953644515257158
2026-03-19,-6.457274033950947e-05,-0.0013438478686535287,-0.001131486138642537,-0.0021242589522073316,0.0020899760582186737,0.0022729035806016325,0.0,-0.0015203662930018955,-0.002464288275344284
2026-03-20,-0.013649760642970174,-0.012587372353275407,-0.00023426852097812272,-0.012879444209817032,-0.013832258990273235,-0.0029671673861917857,0.0,-0.012194524069357303,-0.014335787930812693
2026-03-23,0.0047109266257337815,0.0037560113921213177,0.002056672016331189,0.003789883512864786,0.009543663803429444,0.002909102862171933,0.0,0.007564769769505419,0.010499991225476402
2026-03-24,-0.0020873320001375947,-0.00142177797580526,0.00026514371501882775,-0.0013935455596708088,-0.001492157259992821,-0.0021543825315558695,0.0,-0.003358931918706465,-0.0033568144771775055
2026-03-25,0.005224198685744799,0.0052850520446787634,0.00098758687689161,0.0056083891501502135,0.004847043354243489,0.00011624512128389093,0.0,0.005451972323052834,0.0055726882440485515
2026-03-26,-0.009674563640779085,-0.00840332425988881,-0.003655117016100647,-0.008830899577895795,-0.007737931291144531,3.778779676028509e-05,0.0,-0.013945091114304309,-0.017858729983344035
2026-03-27,-0.0020871524616747346,-0.0013541880209622546,-0.0013766663805653615,-0.001857964405617539,-0.0018469318505522042,-0.003164452537010562,-0.00213754698641618,-0.010188830635518741,-0.01705189415742525
2026-03-30,0.002526217079428313,0.003465441020954646,-0.005794932921157408,0.0035945796778142033,0.0030049223685154254,0.0035259084890682992,0.002983985565281921,0.0008268834530589025,-0.0033433906874337227
2026-03-31,0.01241666024021243,0.010398918387684288,0.006848078827219228,0.010898066608710247,0.008407387670084646,-0.0024188296529659863,0.008867978577040235,0.01815455856329091,0.029067865784757174
2026-04-01,0.0026139548144240733,0.0019921783257194924,0.0026525333869912918,0.002231562232290013,0.0030680935153087666,-0.0006998915324732583,0.0016853934446496705,0.004171653123188745,0.00753449141030349
2026-04-02,0.002753864347573785,0.0015544618145486475,-0.0015149732014014322,0.0025995407165118342,-0.001339696329791645,0.0012973263132808061,0.0037655414849355013,0.0014661803243599004,0.0009004595313388819
2026-04-06,0.0009649849834731758,0.0005040973756894413,0.0011363030470974444,9.773263532847773e-05,0.0015139143959622403,-0.0011363030470974444,0.0007576098840261124,0.0017863784935679304,0.004726845083763864
2026-04-07,0.0003834202021485519,-3.199596027615942e-06,-0.0002113492383950841,0.0003318235859647412,-0.0014652489408640379,0.0002113492383950841,0.00036983316718230275,0.0012744147016092277,0.0004400005646272298
2026-04-08,0.005610764915145621,0.0009764785718058102,8.355370612808232e-05,0.0011302983604088894,-0.00755261271265721,-8.355370612808232e-05,-0.0004020812099879079,0.01616367489175441,0.02546963651219092
2026-04-09,0.0015648192355857565,0.0005315910260968159,0.00048428957379727613,0.0005478053657642605,-0.0015705984657345608,-0.00048428957379727613,0.0,0.003335712284215164,0.005769017699185586
2026-04-10,-0.0011402255480786809,-0.0005958293999498076,0.0010571620295847142,-0.0011822567691579507,0.0011605897937794335,-0.0010571620295847142,0.0,-0.0010677747728416787,-0.0006617754265585418
2026-04-13,0.0033311973094062985,0.0013757932695546034,8.597253255899302e-05,0.0016883090801651647,-0.004091082749176401,-8.597253255899302e-05,0.0,0.006745208657509183,0.009772447246481741
2026-04-14,0.003663133752099987,0.0007253623619399134,-0.00028439456945305284,0.00123826680312967,-0.005671994257356947,0.00028439456945305284,0.0,0.008609644708664188,0.012184877209840739
2026-04-15,0.0003798479500515988,-0.0005267433532597501,0.0005603188762337897,-0.0013508296559472843,-0.00012985136852360793,-0.0005603188762337897,0.0,0.0038576279059458593,0.007890969227043909
2026-04-16,0.0010045913261257338,0.000981716980024492,0.001198991938450129,0.0004329577373203789,0.0013640594564142431,-0.001198991938450129,0.0,0.0007629907363504439,0.002457347646937613
2026-04-17,0.003286201711687182,7.473874631263447e-05,-0.002849668722061146,0.0012334300461487957,-0.007601263735228386,0.002849668722061146,0.0,0.009431464627005103,0.012085686101644066
2026-04-20,0.00010019709431219784,0.0005163039778674232,0.0007121414185504231,0.0005121075915803118,0.0013883134965134434,-0.0007121414185504231,0.0,-0.0015751206812398832,-0.0019997351150194964
2026-04-21,-0.00275779423795377,-0.0005155855611316652,0.0011224034540564154,-0.0018807718761808304,0.006637067391958249,-0.0011224034540564154,0.0,-0.005681063741500037,-0.006546892848539487
2026-04-22,0.002734841721947065,0.0010765091538397834,0.0013877334413172544,0.0006021928289412237,-0.0020762414044921853,-0.0013877334413172544,0.0,0.006495208150407627,0.01012671209511895
2026-04-23,-0.0005739161658405213,0.00021619090353574004,-8.325163606161108e-05,0.00018763649211033832,0.0027069519475410907,8.325163606161108e-05,0.0,-0.0029565414945005083,-0.0038807408683984024
2026-04-24,0.001945523820548517,0.00024698385508147925,0.0007170045130812149,-0.0001389415810477909,-0.002837778932299369,-0.0007170045130812149,0.0,0.005446469366877116,0.007749309237231605
2026-04-27,-0.0003557541138794931,8.053844775455382e-05,0.0012990277488358342,-0.0005526526903056239,0.0015847414588405395,-0.0012990277488358342,0.0,0.00011277422416879892,0.001722787837563633
2026-04-28,-0.0008160226022622854,-1.2851138132334377e-05,-0.0012534650714090074,0.0003530792682745295,-0.0015634492950259331,0.0012534650714090074,-0.001065965665732046,-0.003297165025899895,-0.004865992267119479
2026-04-29,-0.00041578551711715157,0.0007395497827884086,0.003103676441364745,-0.000838895773368812,-0.00512500163207412,-0.003103676441364745,-0.0015540374017950886,-0.0019824993898504228,-0.00015450932498595193
2026-04-30,0.00367317765874077,0.0015055360636912327,0.0014757052635612107,0.002086621955057986,0.003187454297807822,-0.0014757052635612107,0.003331868052881417,0.006729318420901542,0.009949633527564838
2026-05-01,0.00039432642183113997,-0.0005475467741008984,-0.0008147499091786943,-0.0005483222873360725,0.0006126635916826652,0.0008147499091786943,0.0009344573027332855,0.001965624804127941,0.0027690952923506984
2026-05-04,-0.0025397709385414796,-0.0007196531248188642,0.001693684000869738,-0.0015595555593469446,-0.00395720775417495,-0.0013049803243121276,-0.0024490237075752938,-0.0036757251144090785,-0.0036633921467564834
2026-05-05,0.0033479330537324143,0.002111304305600331,-0.0001401223741791478,0.0026231773836921978,-3.9916132487859566e-05,2.373464851923758e-05,0.003371788430668822,0.0054066048286284035,0.008022228723942426
2026-05-06,0.005042035777886318,0.0024551529676940034,-0.0007212497790591458,0.0040452304948160565,0.003172009174599501,0.00026932265490764754,0.005240215699788093,0.010328439250574606,0.013899399692774095
2026-05-07,-0.0028719663957438688,-0.0017662561933275297,0.0016314622546576478,-0.0022175177122019767,-0.0009617257787043243,-0.0007773384408138212,-0.0004047928339074506,-0.003060702338321808,-0.0030660824190705815
2026-05-08,0.003751899222437877,0.0023184566060616657,0.0003815007246519788,0.0030941648980359424,0.0005272751529561449,-0.0002996567777080143,0.0,0.006009517616608839,0.00825609701116825
2026-05-11,0.0007519389087534018,0.0014459235791948082,0.003367983450142089,0.0015433638632257596,-0.0021044040347112845,-0.0030404006900538426,0.0,1.8572580522535327e-05,0.002277563042387465
2026-05-12,-0.001569232985387863,-0.00022648508528284856,0.0007604850171943776,-0.0006964480713234137,0.00366011146903275,-0.0005383888759199547,0.0,-0.002261462238018952,-0.0015149526145865622
2026-05-13,0.0006786744238596813,0.0008126233450423213,0.0006092587608296936,0.0009715459758443479,-0.0010766244958275947,-0.0005319325655726548,0.0,0.003356902688766672,0.00559483781461112
2026-05-14,-4.042264057641095e-06,0.0004221096401033857,0.00019611339037531875,-0.0001894181958199249,0.0006815710861613092,0.0007085684097273431,0.0,0.004482142688233992,0.0078943149045545
2026-05-15,-0.007280864176677761,-0.003591357336168083,0.0003733674078837152,-0.005337001123969993,0.009553998084625008,-0.0003906905668535322,0.0,-0.01040024153058039,-0.012029343756796207
2026-05-18,0.0003754974667702997,0.0006535991717878669,-0.0003198585690391196,0.00053209851001903,-0.00045302217820479573,-0.00030673909544896215,0.0,-0.0005932386275203205,-0.0007035093177317764
2026-05-19,-0.002849025122378009,-0.0007688353143068255,7.561355498696609e-05,-0.002002381915496456,-0.005328084677753523,-0.00021394152538046812,0.0,-0.0055370664738869195,-0.0066607880874933745
2026-05-20,0.005557020987018496,0.002617819803995285,-0.0024371428357906674,0.004152541860729249,0.008431102421020046,0.002308073438348527,0.0,0.008855834739181256,0.010248994582563453
2026-05-21,0.0012812965802514362,0.0005713449079377262,-0.00041574252027718465,0.0007973013538234385,0.0018433918008919305,0.00025166963734435616,0.0,0.0014459387631157393,0.0019830877010671433
2026-05-22,0.0007916011450733073,0.00019185850659633134,-0.0008272844118249271,7.603575380874996e-05,0.0009553657633456421,0.001292570684038034,0.0,0.0027000390857294665,0.003931549076803931
2026-05-26,0.0039439015529722805,0.0025062785391024834,-0.0003263056864030207,0.003294106789861351,0.005529671438905028,0.00022706054663555015,0.0,0.005687508868495162,0.006638641352187502
2026-05-27,-0.0015473022704192874,-0.0015942776222299517,-0.0016022760700213194,-0.0018552164263085861,-0.002178780606748595,0.001796721661541281,-0.002010106300573494,6.572490571055134e-05,-0.0001732421647460125
2026-05-28,0.0020220155283898335,0.0007327400117668739,0.0006078287239804144,0.0013462447252984254,-0.0008451786698060314,-8.127620431521484e-05,0.002024939763084021,0.004242981902784848,0.005516578600909927
2026-05-29,-0.00021371381463779375,-0.0006019837159126657,7.352584246646837e-05,-0.0002442906606125667,1.3357858334990107e-05,7.888805002911732e-05,-0.0001890798636185154,0.0019602420978903634,0.0024914048034492264
2026-06-01,0.0004861850913979725,0.0008595451957686082,0.002031412773989411,0.0004156504445711242,0.0005947080115543007,-0.0015843804559839765,0.0003811915683624071,0.0009426825822520966,0.0027231134609038143
2026-06-02,0.0017552746403519963,0.0012134976279044986,0.0003863634862094678,0.0011818711169457766,-0.0008555416066641659,-0.0006529382379044735,0.0017726772756749378,0.001112102808737303,0.0013579397972762752
2026-06-03,-0.0023848154305890403,-0.0008600582923422946,-0.0002441704313469729,-0.00125503779089816,0.0027330668886409327,0.00013790804258070275,-0.0024000842623481335,-0.005228990629935603,-0.00701718232049986
2026-06-04,0.0016312162353727044,0.00019587326935798115,-0.0017473176486499384,0.0010340437227143301,-0.0007622805050776414,0.0015920419978772231,0.0016215780891970532,0.0027778850999212066,0.0037786857621391334
2026-06-05,-0.010168686555438145,-0.006996298431667327,-0.006311253471355293,-0.008219178389004768,0.006753087283373077,0.005547657493644922,-0.00040468773183812123,-0.01761058639585704,-0.025809371248925683
2026-06-08,0.0009986421297509833,0.002107627124371809,0.002544294770975704,0.0019282118382978638,-0.001259265405595911,-0.0027187715461801133,0.0,0.0009312148787735007,0.002264172608771542
2026-06-09,0.0001275835746114027,-0.0013078726020459908,-0.004066669117871718,-0.0013103990172227118,-0.0024032326118405443,0.0037829708476090984,0.0,-0.0006491972146321023,-0.0029354505508077944
2026-06-10,-0.004162321161961081,-0.0025894454917490266,-0.002190691792669755,-0.003564635540982696,-0.004333280189125175,0.0015513348394216187,0.0,-0.009843192260993838,-0.015765562508027298
2026-06-11,0.008449070293944153,0.0041611062595323526,0.000962667295016133,0.005092639535414086,0.00909695755957226,-0.001360743556386343,0.0,0.01297319763907896,0.016996847886747934
2026-06-12,0.0005225670036017642,0.0007423691374796509,0.00037894240777200134,0.0012488014678972556,-0.00040096757376045696,-5.4217097933250335e-05,0.0,0.0025665694125657002,0.005408247901529384
2026-06-15,0.003593934905447611,0.0029761676524348046,0.0031888587086259107,0.003413635500196411,0.003765742950463029,-0.0019847284000295,0.0,0.011005097425802201,0.01763396989375332
2026-06-16,-0.0014903185752611283,-0.0026348943540825775,-0.0030517316837113174,-0.002816403711045553,-0.0012039064922216678,0.0023606813034405985,0.0,-0.0025587211686812546,-0.005961562844234103
2026-06-17,-0.004135505498341472,-0.0015306625912285398,-0.001052549520865609,-0.0030710040487711967,0.0044655529232144305,0.00021965915122018663,0.0,-0.009608661369967807,-0.012487870885051433
2026-06-18,0.004456864276761662,0.0033305965477687,0.00029782914019268537,0.0029528802954553127,-0.003430937932327447,0.00027910974114465594,0.0,0.007684698613505381,0.010396992441959574
2026-06-22,-0.001041823446963452,0.00044594106773088627,4.641353026283278e-05,0.0008664909869662976,0.0004972675469485169,-0.0004404297528244293,0.0,-0.00341426643825713,-0.003146979693962715
2026-06-23,-0.004414678379422648,-0.004507286370032601,-0.005512029242760179,-0.004888511725850003,0.0019860378666802297,0.005452703119265696,0.0,-0.008202498763657239,-0.014521954010491611
2026-06-24,-0.0003697777705537552,-0.002093020657213936,-0.005051326809932185,-0.0037108851738905197,-0.002879970789059319,0.005132039186679476,0.0,0.00231432524126709,-0.0004635170636431152
2026-06-25,0.0022948821812338294,0.0018076742942575738,0.0016197653632226492,0.002186760510203205,0.0007251540606849213,-0.0020370635945293637,0.0,0.0011207179582623627,0.0014456352254532678
2026-06-26,-0.0005069086324419186,-0.0017089200461306785,-0.001803588954687398,-0.0011322765691880884,0.0018045083786928466,0.0015093901504556696,-0.0009271919721373112,-0.0033260859662421977,-0.007231373616869652
2026-06-29,0.0015110491536911694,0.0016116267729532152,0.001038477305723391,0.0013011092843621655,-0.001685059845963225,-7.712488441831346e-05,0.001448219495664978,0.010011185973486204,0.016474862380159383
2026-06-30,-0.0008244449031009936,0.0021635795251685407,0.004145765352922645,0.001948544791208219,0.003828878708745367,-0.0036889834479667317,-0.001282935751876371,0.0026102592897803145,0.007786800986842035
2026-07-01,-0.002382706297163174,-0.0013746099384913907,-0.0009522838669258168,-0.0009187705489871765,-0.001021268913184843,0.0013513192415620387,-0.0024683170208561994,-0.0017833097039682056,-0.001352504438058455
2026-07-02,0.0009294167405100613,-0.0007141517119805878,-0.0007159118448649943,-0.001173489338107663,0.0006079987614115018,-0.00044540788697945005,0.0009844810710532314,-0.0004055682716151309,-0.001314069480687241
2026-07-06,0.0029043663535728717,0.0017240676916460119,0.002364995169497422,0.0017375235629469108,0.0028041964529529556,-0.0022713290038252,0.00288834551547346,0.005491428697825196,0.008727409093039817
2026-07-07,-0.003475588810221472,-0.0017282363014600708,0.0007167070643568708,0.0008622921685825726,0.00027733519373901645,-0.00029973002541385684,-0.0035258082292319447,-0.004889803448431085,-0.004751899671231685
2026-07-08,-0.0019481820602646896,-0.0012546943112113557,0.002036072573385285,0.00014024687076189107,-0.001045877398103096,-0.0017884980512401579,-0.0004501107124517142,-0.0026647349599255633,-0.0030894297130047432
2026-07-09,0.0023860832798309316,0.0015325894944054248,0.0005651391449277682,0.0003987731882681702,-0.0011015389810327067,-0.00014222633527769186,0.0,0.005934660401176472,0.00846525000257925
2026-07-10,-0.00015875238056413632,0.00024660804182369885,5.6021299019196134e-05,0.00036415459400198497,-0.0005908699943991901,7.567315555286629e-05,0.0,0.0022446089630568707,0.0043101596888019955
2026-07-13,-0.00257261671449072,-0.0013848801060051016,0.00032672960846276324,0.0015819493850299958,0.0025885678056475413,-0.00031827443617500357,0.0,-0.006046215207725835,-0.007656174850540931
2026-07-14,0.0028175215212417185,0.0010372445472321017,0.0015219549342015365,0.0006265631996830248,0.002420962426143006,-0.0016758992872358022,0.0,0.003245197468499183,0.00355064169730146
2026-07-15,0.0011319716983787726,0.0007002716798935357,-0.0005165517358776059,0.0006404413603868786,0.001613088605072213,0.00042560691556359394,0.0,0.00336159457773908,0.003963635929681075
2026-07-16,-0.0018488277311291637,-5.619876282017652e-07,-0.0036067358865269146,0.0003829736914733744,-0.0034866672678310214,0.0036572950184729897,0.0,-0.0035070783500343204,-0.005418617756386079
2026-07-17,9.203051836354928e-05,-0.0014970774834388283,3.3214510238274704e-05,-0.0015190829982139559,-0.0018979235035196547,-0.0006482125193892006,-0.0003652312670118108,-0.005426150564950527,-0.009897156017872222
2026-07-20,-0.0014589550154233916,-0.0007332512102601922,0.0017589887833356908,0.0005067308181508875,-0.002208840795854375,-0.0013941257947208887,-0.0015078787185177497,-0.002247379864210619,-0.0016143782471810253
2026-07-21,0.0038495201467474917,0.0024508586026662843,0.0038093500424076034,0.002739689102046371,0.00212555431518231,-0.00404012983011554,0.0039832997069112535,0.004021234778720739,0.008341309298597777
