Datetime,BTC-USD,ETH-USD
2024-07-27 00:00:00+00:00,67885.8359375,3260.51806640625
2024-07-27 01:00:00+00:00,67675.6640625,3248.5546875
2024-07-27 02:00:00+00:00,68009.2265625,3258.290771484375
2024-07-27 03:00:00+00:00,67814.765625,3246.086669921875
2024-07-27 04:00:00+00:00,67878.1640625,3254.903564453125
2024-07-27 05:00:00+00:00,67896.0703125,3253.54833984375
2024-07-27 06:00:00+00:00,68094.5,3268.400390625
2024-07-27 07:00:00+00:00,68058.5859375,3272.85986328125
2024-07-27 08:00:00+00:00,67992.5625,3269.455078125
2024-07-27 09:00:00+00:00,68218.71875,3277.105224609375
2024-07-27 10:00:00+00:00,68147.9609375,3272.379150390625
2024-07-27 11:00:00+00:00,68228.71875,3280.02783203125
2024-07-27 12:00:00+00:00,68394.6015625,3288.5830078125
2024-07-27 13:00:00+00:00,69264.2890625,3319.695068359375
2024-07-27 14:00:00+00:00,68976.1640625,3308.6201171875
2024-07-27 15:00:00+00:00,68845.3984375,3281.04345703125
2024-07-27 16:00:00+00:00,68726.5546875,3273.443359375
2024-07-27 17:00:00+00:00,68523.6328125,3260.47216796875
2024-07-27 18:00:00+00:00,68666.8984375,3251.593994140625
2024-07-27 19:00:00+00:00,68168.1640625,3258.233154296875
2024-07-27 20:00:00+00:00,67904.6953125,3244.5859375
2024-07-27 21:00:00+00:00,68854.359375,3282.785888671875
2024-07-27 22:00:00+00:00,68630.953125,3276.190673828125
2024-07-27 23:00:00+00:00,67808.65625,3248.000732421875
2024-07-28 00:00:00+00:00,67931.0390625,3244.169189453125
2024-07-28 01:00:00+00:00,68116.59375,3248.55322265625
2024-07-28 02:00:00+00:00,68140.5234375,3251.22412109375
2024-07-28 03:00:00+00:00,67975.28125,3239.7529296875
2024-07-28 04:00:00+00:00,67603.5,3228.928955078125
2024-07-28 05:00:00+00:00,67421.4296875,3219.436767578125
2024-07-28 06:00:00+00:00,67477.0859375,3221.6005859375
2024-07-28 07:00:00+00:00,67544.78125,3227.4619140625
2024-07-28 08:00:00+00:00,67343.5234375,3227.200927734375
2024-07-28 09:00:00+00:00,67434.6171875,3234.8154296875
2024-07-28 10:00:00+00:00,67578.1015625,3249.9404296875
2024-07-28 11:00:00+00:00,67865.453125,3257.50634765625
2024-07-28 12:00:00+00:00,68029.296875,3271.9658203125
2024-07-28 13:00:00+00:00,67996.2265625,3275.121337890625
2024-07-28 14:00:00+00:00,67749.40625,3263.64697265625
2024-07-28 15:00:00+00:00,67651.296875,3269.167724609375
2024-07-28 16:00:00+00:00,67703.40625,3266.939697265625
2024-07-28 17:00:00+00:00,67978.59375,3271.01025390625
2024-07-28 18:00:00+00:00,68225.96875,3275.544921875
2024-07-28 19:00:00+00:00,68135.7265625,3272.5166015625
2024-07-28 20:00:00+00:00,68005.890625,3261.102783203125
2024-07-28 21:00:00+00:00,68021.515625,3262.970947265625
2024-07-28 22:00:00+00:00,68010.4765625,3259.62255859375
2024-07-28 23:00:00+00:00,68255.8671875,3271.464599609375
2024-07-29 00:00:00+00:00,68694.2421875,3284.392822265625
2024-07-29 01:00:00+00:00,68608.96875,3280.405029296875
2024-07-29 02:00:00+00:00,69558.8125,3330.8828125
2024-07-29 03:00:00+00:00,69344.8828125,3348.62841796875
2024-07-29 04:00:00+00:00,69350.59375,3342.151123046875
2024-07-29 05:00:00+00:00,69712.9453125,3365.465087890625
2024-07-29 06:00:00+00:00,69629.0390625,3374.7998046875
2024-07-29 07:00:00+00:00,69508.2890625,3366.93408203125
2024-07-29 08:00:00+00:00,69460.296875,3372.64208984375
2024-07-29 09:00:00+00:00,69500.15625,3393.19775390625
2024-07-29 10:00:00+00:00,69662.5546875,3386.55029296875
2024-07-29 11:00:00+00:00,69618.0,3376.5009765625
2024-07-29 12:00:00+00:00,69799.4140625,3375.52099609375
2024-07-29 13:00:00+00:00,69247.125,3346.89013671875
2024-07-29 14:00:00+00:00,68180.265625,3324.00048828125
2024-07-29 15:00:00+00:00,68098.109375,3308.949951171875
2024-07-29 16:00:00+00:00,66937.0390625,3270.835693359375
2024-07-29 17:00:00+00:00,67024.6796875,3312.051025390625
2024-07-29 18:00:00+00:00,67388.3046875,3311.90673828125
2024-07-29 19:00:00+00:00,67271.28125,3308.524658203125
2024-07-29 20:00:00+00:00,67369.5234375,3324.73046875
2024-07-29 21:00:00+00:00,67491.0703125,3343.698974609375
2024-07-29 22:00:00+00:00,67200.375,3328.9345703125
2024-07-29 23:00:00+00:00,66819.0546875,3320.63525390625
2024-07-30 00:00:00+00:00,66543.6875,3325.866455078125
2024-07-30 01:00:00+00:00,66187.3359375,3299.560302734375
2024-07-30 02:00:00+00:00,66392.7109375,3309.9384765625
2024-07-30 03:00:00+00:00,66593.6953125,3320.334716796875
2024-07-30 04:00:00+00:00,66683.8828125,3311.218505859375
2024-07-30 05:00:00+00:00,66492.65625,3310.5
2024-07-30 06:00:00+00:00,66745.3359375,3327.021728515625
2024-07-30 07:00:00+00:00,66914.4765625,3340.146240234375
2024-07-30 08:00:00+00:00,66740.6171875,3336.452880859375
2024-07-30 09:00:00+00:00,66603.0703125,3336.30908203125
2024-07-30 10:00:00+00:00,66566.796875,3335.5087890625
2024-07-30 11:00:00+00:00,66599.390625,3335.35302734375
2024-07-30 12:00:00+00:00,66649.0390625,3352.91259765625
2024-07-30 13:00:00+00:00,66330.0859375,3328.482666015625
2024-07-30 14:00:00+00:00,65845.6015625,3300.02783203125
2024-07-30 15:00:00+00:00,66244.6171875,3321.959228515625
2024-07-30 16:00:00+00:00,66187.375,3309.501220703125
2024-07-30 17:00:00+00:00,65834.375,3292.17724609375
2024-07-30 18:00:00+00:00,65753.03125,3280.549560546875
2024-07-30 19:00:00+00:00,65955.3046875,3274.472900390625
2024-07-30 20:00:00+00:00,66146.359375,3281.37353515625
2024-07-30 21:00:00+00:00,66293.140625,3281.022216796875
2024-07-30 22:00:00+00:00,66171.4609375,3276.70458984375
2024-07-30 23:00:00+00:00,66201.2734375,3278.6865234375
2024-07-31 00:00:00+00:00,66342.890625,3282.429931640625
2024-07-31 01:00:00+00:00,66267.0234375,3282.634765625
2024-07-31 02:00:00+00:00,66109.3125,3290.59033203125
2024-07-31 03:00:00+00:00,66066.515625,3293.159423828125
2024-07-31 04:00:00+00:00,65687.2421875,3272.8935546875
2024-07-31 05:00:00+00:00,66086.0546875,3299.475341796875
2024-07-31 06:00:00+00:00,66438.4296875,3323.677490234375
2024-07-31 07:00:00+00:00,66217.53125,3316.64306640625
2024-07-31 08:00:00+00:00,66299.0546875,3318.383544921875
2024-07-31 09:00:00+00:00,66248.65625,3319.39892578125
2024-07-31 10:00:00+00:00,65975.421875,3308.649658203125
2024-07-31 11:00:00+00:00,66052.734375,3320.640625
2024-07-31 12:00:00+00:00,66059.078125,3313.251708984375
2024-07-31 13:00:00+00:00,66507.453125,3330.78515625
2024-07-31 14:00:00+00:00,66392.2734375,3318.882080078125
2024-07-31 15:00:00+00:00,66358.2890625,3302.229736328125
2024-07-31 16:00:00+00:00,66373.1953125,3291.163330078125
2024-07-31 17:00:00+00:00,66646.3984375,3312.19580078125
2024-07-31 18:00:00+00:00,66512.578125,3314.765869140625
2024-07-31 19:00:00+00:00,65178.96875,3259.095458984375
2024-07-31 20:00:00+00:00,64564.2578125,3221.3857421875
2024-07-31 21:00:00+00:00,64970.69921875,3238.607421875
2024-07-31 22:00:00+00:00,64937.77734375,3242.255126953125
2024-07-31 23:00:00+00:00,64625.83984375,3231.248779296875
2024-08-01 00:00:00+00:00,64650.5859375,3234.6728515625
2024-08-01 01:00:00+00:00,64153.0234375,3208.814453125
2024-08-01 02:00:00+00:00,64074.24609375,3195.50732421875
2024-08-01 03:00:00+00:00,63908.421875,3178.439453125
2024-08-01 04:00:00+00:00,63705.19140625,3145.845947265625
2024-08-01 05:00:00+00:00,64296.25390625,3183.50439453125
2024-08-01 06:00:00+00:00,64226.39453125,3169.649169921875
2024-08-01 07:00:00+00:00,64300.62109375,3165.95947265625
2024-08-01 08:00:00+00:00,64479.0546875,3181.9765625
2024-08-01 09:00:00+00:00,64450.421875,3179.48974609375
2024-08-01 10:00:00+00:00,64564.3203125,3189.225830078125
2024-08-01 11:00:00+00:00,64630.76953125,3188.249755859375
2024-08-01 12:00:00+00:00,64863.390625,3196.399169921875
2024-08-01 13:00:00+00:00,64725.56640625,3184.849609375
2024-08-01 14:00:00+00:00,63975.05859375,3145.075927734375
2024-08-01 15:00:00+00:00,63003.41015625,3118.09375
2024-08-01 16:00:00+00:00,62868.734375,3105.7177734375
2024-08-01 17:00:00+00:00,63148.12890625,3116.220947265625
2024-08-01 18:00:00+00:00,62868.78125,3090.002685546875
2024-08-01 19:00:00+00:00,63345.38671875,3130.6943359375
2024-08-01 20:00:00+00:00,64605.1953125,3166.274658203125
2024-08-01 21:00:00+00:00,64848.1328125,3172.2548828125
2024-08-01 22:00:00+00:00,65142.09375,3204.818359375
2024-08-01 23:00:00+00:00,65353.5,3201.599365234375
2024-08-02 00:00:00+00:00,64911.06640625,3193.628173828125
2024-08-02 01:00:00+00:00,64669.39453125,3173.9921875
2024-08-02 02:00:00+00:00,64275.7890625,3156.505859375
2024-08-02 03:00:00+00:00,64540.88671875,3165.811767578125
2024-08-02 04:00:00+00:00,64447.42578125,3163.54345703125
2024-08-02 05:00:00+00:00,64107.20703125,3146.21484375
2024-08-02 06:00:00+00:00,64429.67578125,3153.660888671875
2024-08-02 07:00:00+00:00,64149.44140625,3146.657958984375
2024-08-02 08:00:00+00:00,64476.21875,3154.74951171875
2024-08-02 09:00:00+00:00,64460.08984375,3150.459228515625
2024-08-02 10:00:00+00:00,64686.7734375,3156.407958984375
2024-08-02 11:00:00+00:00,64606.53515625,3150.22802734375
2024-08-02 12:00:00+00:00,64750.390625,3149.323974609375
2024-08-02 13:00:00+00:00,65189.34375,3157.960205078125
2024-08-02 14:00:00+00:00,63206.56640625,3046.345458984375
2024-08-02 15:00:00+00:00,63560.1953125,3043.77099609375
2024-08-02 16:00:00+00:00,63275.60546875,3027.3212890625
2024-08-02 17:00:00+00:00,63049.6796875,3023.843994140625
2024-08-02 18:00:00+00:00,62853.4296875,3012.426513671875
2024-08-02 19:00:00+00:00,62631.4921875,3011.5732421875
2024-08-02 20:00:00+00:00,62585.78125,3018.172607421875
2024-08-02 21:00:00+00:00,62033.05859375,3004.08984375
2024-08-02 22:00:00+00:00,61195.23046875,2971.03271484375
2024-08-02 23:00:00+00:00,61414.80859375,2985.950927734375
2024-08-03 00:00:00+00:00,61023.73046875,2952.399169921875
2024-08-03 01:00:00+00:00,61251.20703125,2953.611572265625
2024-08-03 02:00:00+00:00,61378.33203125,2959.660888671875
2024-08-03 03:00:00+00:00,61814.3359375,2977.23486328125
2024-08-03 04:00:00+00:00,61498.89453125,2963.30029296875
2024-08-03 05:00:00+00:00,61634.8046875,2971.3271484375
2024-08-03 06:00:00+00:00,61757.8359375,2987.058837890625
2024-08-03 07:00:00+00:00,61639.07421875,2982.5908203125
2024-08-03 08:00:00+00:00,61562.328125,2979.614013671875
2024-08-03 09:00:00+00:00,61682.59375,2987.0703125
2024-08-03 10:00:00+00:00,61784.98046875,2991.02490234375
2024-08-03 11:00:00+00:00,61861.44921875,2995.05517578125
2024-08-03 12:00:00+00:00,61943.09375,3005.61083984375
2024-08-03 13:00:00+00:00,61951.609375,3005.29150390625
2024-08-03 14:00:00+00:00,61964.3984375,2999.651611328125
2024-08-03 15:00:00+00:00,60856.28125,2939.557373046875
2024-08-03 16:00:00+00:00,60906.3515625,2937.614501953125
2024-08-03 17:00:00+00:00,60479.65234375,2901.515625
2024-08-03 18:00:00+00:00,60212.77734375,2901.569091796875
2024-08-03 19:00:00+00:00,60235.23046875,2893.7158203125
2024-08-03 20:00:00+00:00,60313.79296875,2890.542724609375
2024-08-03 21:00:00+00:00,60616.49609375,2911.174560546875
2024-08-03 22:00:00+00:00,60601.18359375,2909.078369140625
2024-08-03 23:00:00+00:00,60676.09375,2903.088623046875
2024-08-04 00:00:00+00:00,60701.265625,2912.5673828125
2024-08-04 01:00:00+00:00,60709.37890625,2907.9072265625
2024-08-04 02:00:00+00:00,60828.3359375,2917.322265625
2024-08-04 03:00:00+00:00,60704.04296875,2914.786376953125
2024-08-04 04:00:00+00:00,60522.94140625,2899.578369140625
2024-08-04 05:00:00+00:00,60748.609375,2912.960205078125
2024-08-04 06:00:00+00:00,60790.140625,2916.447509765625
2024-08-04 07:00:00+00:00,60314.13671875,2892.204833984375
2024-08-04 08:00:00+00:00,60531.60546875,2903.8427734375
2024-08-04 09:00:00+00:00,60684.91796875,2911.49755859375
2024-08-04 10:00:00+00:00,60754.2265625,2911.716796875
2024-08-04 11:00:00+00:00,60855.28515625,2913.02294921875
2024-08-04 12:00:00+00:00,61040.34765625,2922.359619140625
2024-08-04 13:00:00+00:00,60872.671875,2912.774169921875
2024-08-04 14:00:00+00:00,59640.09765625,2866.387451171875
2024-08-04 15:00:00+00:00,58968.984375,2820.92431640625
2024-08-04 16:00:00+00:00,58633.6328125,2807.375
2024-08-04 17:00:00+00:00,57864.578125,2694.23046875
2024-08-04 18:00:00+00:00,58711.359375,2729.340087890625
2024-08-04 19:00:00+00:00,59314.1953125,2760.528076171875
2024-08-04 20:00:00+00:00,59149.53125,2754.55859375
2024-08-04 21:00:00+00:00,58462.41796875,2731.28271484375
2024-08-04 22:00:00+00:00,58661.640625,2719.82861328125
2024-08-04 23:00:00+00:00,58110.296875,2686.027587890625
2024-08-05 00:00:00+00:00,56036.671875,2529.00048828125
2024-08-05 01:00:00+00:00,54691.21484375,2326.6953125
2024-08-05 02:00:00+00:00,54657.3359375,2331.158447265625
2024-08-05 03:00:00+00:00,54056.43359375,2325.848388671875
2024-08-05 04:00:00+00:00,53615.59375,2341.87646484375
2024-08-05 05:00:00+00:00,52753.21484375,2314.852294921875
2024-08-05 06:00:00+00:00,51460.3671875,2253.77001953125
2024-08-05 07:00:00+00:00,52740.9140625,2360.556396484375
2024-08-05 08:00:00+00:00,52760.20703125,2328.393310546875
2024-08-05 09:00:00+00:00,52449.5546875,2310.56103515625
2024-08-05 10:00:00+00:00,51367.140625,2274.789794921875
2024-08-05 11:00:00+00:00,51435.578125,2292.01220703125
2024-08-05 12:00:00+00:00,49842.5234375,2226.2236328125
2024-08-05 13:00:00+00:00,51981.109375,2335.37451171875
2024-08-05 14:00:00+00:00,54065.2578125,2408.328369140625
2024-08-05 15:00:00+00:00,54280.30078125,2449.764892578125
2024-08-05 16:00:00+00:00,54134.64453125,2458.64990234375
2024-08-05 17:00:00+00:00,54733.25390625,2470.744140625
2024-08-05 18:00:00+00:00,53258.2421875,2387.104736328125
2024-08-05 19:00:00+00:00,53406.13671875,2404.3896484375
2024-08-05 20:00:00+00:00,54140.92578125,2426.862548828125
2024-08-05 21:00:00+00:00,54441.421875,2431.651123046875
2024-08-05 22:00:00+00:00,54640.80078125,2447.443115234375
2024-08-05 23:00:00+00:00,53991.34765625,2417.269775390625
2024-08-06 00:00:00+00:00,55851.69140625,2533.74951171875
2024-08-06 01:00:00+00:00,55819.41015625,2518.242431640625
2024-08-06 02:00:00+00:00,55910.17578125,2509.524169921875
2024-08-06 03:00:00+00:00,55693.62109375,2493.5595703125
2024-08-06 04:00:00+00:00,55515.16796875,2501.557861328125
2024-08-06 05:00:00+00:00,55948.40625,2525.52197265625
2024-08-06 06:00:00+00:00,55825.83203125,2517.078125
2024-08-06 07:00:00+00:00,56125.76171875,2527.0830078125
2024-08-06 08:00:00+00:00,55141.87109375,2465.922607421875
2024-08-06 09:00:00+00:00,55262.328125,2465.893798828125
2024-08-06 10:00:00+00:00,55041.5546875,2456.79052734375
2024-08-06 11:00:00+00:00,55258.25390625,2461.30615234375
2024-08-06 12:00:00+00:00,54852.5234375,2441.6259765625
2024-08-06 13:00:00+00:00,55275.77734375,2455.49072265625
2024-08-06 14:00:00+00:00,56100.6484375,2523.321044921875
2024-08-06 15:00:00+00:00,56371.8125,2528.123291015625
2024-08-06 16:00:00+00:00,56855.76171875,2538.9931640625
2024-08-06 17:00:00+00:00,56594.1875,2489.030029296875
2024-08-06 18:00:00+00:00,56787.8125,2502.706787109375
2024-08-06 19:00:00+00:00,56796.2578125,2497.323974609375
2024-08-06 20:00:00+00:00,56556.00390625,2491.577880859375
2024-08-06 21:00:00+00:00,56443.25,2492.416015625
2024-08-06 22:00:00+00:00,56208.1015625,2476.02880859375
2024-08-06 23:00:00+00:00,56040.6328125,2458.989013671875
2024-08-07 00:00:00+00:00,56298.58203125,2462.130859375
2024-08-07 01:00:00+00:00,56962.37890625,2501.11328125
2024-08-07 02:00:00+00:00,56766.86328125,2494.607666015625
2024-08-07 03:00:00+00:00,56914.40625,2507.439453125
2024-08-07 04:00:00+00:00,57110.77734375,2519.16552734375
2024-08-07 05:00:00+00:00,56849.0859375,2506.466552734375
2024-08-07 06:00:00+00:00,56834.1875,2499.146728515625
2024-08-07 07:00:00+00:00,56953.07421875,2511.7353515625
2024-08-07 08:00:00+00:00,57363.70703125,2523.84130859375
2024-08-07 09:00:00+00:00,57379.94140625,2521.5107421875
2024-08-07 10:00:00+00:00,57387.61328125,2514.2412109375
2024-08-07 11:00:00+00:00,57014.78515625,2477.856689453125
2024-08-07 12:00:00+00:00,57320.15625,2470.542724609375
2024-08-07 13:00:00+00:00,56792.40625,2443.567138671875
2024-08-07 14:00:00+00:00,56204.9921875,2393.281982421875
2024-08-07 15:00:00+00:00,56098.8046875,2411.643310546875
2024-08-07 16:00:00+00:00,56166.625,2394.962890625
2024-08-07 17:00:00+00:00,55528.93359375,2370.576416015625
2024-08-07 18:00:00+00:00,54804.171875,2344.882568359375
2024-08-07 19:00:00+00:00,54799.23046875,2353.307861328125
2024-08-07 20:00:00+00:00,55011.75,2340.723876953125
2024-08-07 21:00:00+00:00,55425.80078125,2363.19384765625
2024-08-07 22:00:00+00:00,55285.26171875,2355.976806640625
2024-08-07 23:00:00+00:00,55030.02734375,2336.9150390625
2024-08-08 00:00:00+00:00,55326.60546875,2354.01513671875
2024-08-08 01:00:00+00:00,56904.92578125,2441.50390625
2024-08-08 02:00:00+00:00,57372.40234375,2455.626220703125
2024-08-08 03:00:00+00:00,57142.47265625,2436.332275390625
2024-08-08 04:00:00+00:00,56776.59765625,2423.90234375
2024-08-08 05:00:00+00:00,56989.26953125,2426.160888671875
2024-08-08 06:00:00+00:00,57269.7578125,2437.414794921875
2024-08-08 07:00:00+00:00,57213.1328125,2414.37939453125
2024-08-08 08:00:00+00:00,57241.74609375,2426.808837890625
2024-08-08 09:00:00+00:00,57376.984375,2439.780517578125
2024-08-08 10:00:00+00:00,57396.91015625,2447.525634765625
2024-08-08 11:00:00+00:00,57383.94140625,2450.50830078125
2024-08-08 12:00:00+00:00,57960.125,2484.84619140625
2024-08-08 13:00:00+00:00,57167.484375,2431.282470703125
2024-08-08 14:00:00+00:00,58961.26953125,2501.071533203125
2024-08-08 15:00:00+00:00,59515.77734375,2505.01904296875
2024-08-08 16:00:00+00:00,59634.63671875,2590.209716796875
2024-08-08 17:00:00+00:00,59527.953125,2578.033203125
2024-08-08 18:00:00+00:00,59388.7890625,2578.59130859375
2024-08-08 19:00:00+00:00,59359.70703125,2569.6123046875
2024-08-08 20:00:00+00:00,59588.1875,2572.657958984375
2024-08-08 21:00:00+00:00,61065.796875,2610.29150390625
2024-08-08 22:00:00+00:00,62427.046875,2713.48876953125
2024-08-08 23:00:00+00:00,61728.20703125,2683.719970703125
2024-08-09 00:00:00+00:00,61228.86328125,2667.355224609375
2024-08-09 01:00:00+00:00,61428.0546875,2671.37255859375
2024-08-09 02:00:00+00:00,61291.28125,2672.6904296875
2024-08-09 03:00:00+00:00,61334.44140625,2694.972900390625
2024-08-09 04:00:00+00:00,60748.37890625,2660.90673828125
2024-08-09 05:00:00+00:00,60989.796875,2677.594482421875
2024-08-09 06:00:00+00:00,60925.8828125,2689.126220703125
2024-08-09 07:00:00+00:00,60855.76953125,2670.539306640625
2024-08-09 08:00:00+00:00,61078.25,2671.436767578125
2024-08-09 09:00:00+00:00,60754.56640625,2655.6328125
2024-08-09 10:00:00+00:00,60629.29296875,2636.771484375
2024-08-09 11:00:00+00:00,60706.3359375,2639.03759765625
2024-08-09 12:00:00+00:00,60587.1796875,2628.92724609375
2024-08-09 13:00:00+00:00,60510.421875,2617.6044921875
2024-08-09 14:00:00+00:00,60502.22265625,2596.534912109375
2024-08-09 15:00:00+00:00,59900.8046875,2561.124755859375
2024-08-09 16:00:00+00:00,60384.13671875,2591.9658203125
2024-08-09 17:00:00+00:00,60210.1484375,2591.423095703125
2024-08-09 18:00:00+00:00,60291.00390625,2583.810546875
2024-08-09 19:00:00+00:00,60716.93359375,2594.612548828125
2024-08-09 20:00:00+00:00,60737.33984375,2592.7509765625
2024-08-09 21:00:00+00:00,60841.72265625,2603.915283203125
2024-08-09 22:00:00+00:00,60796.19140625,2601.5771484375
2024-08-09 23:00:00+00:00,60881.23046875,2599.582275390625
2024-08-10 00:00:00+00:00,60569.84765625,2584.473876953125
2024-08-10 01:00:00+00:00,60513.58984375,2600.96826171875
2024-08-10 02:00:00+00:00,60600.1796875,2606.34423828125
2024-08-10 03:00:00+00:00,60450.3203125,2604.476806640625
2024-08-10 04:00:00+00:00,60433.703125,2600.630615234375
2024-08-10 05:00:00+00:00,60420.15625,2608.275146484375
2024-08-10 06:00:00+00:00,60505.16015625,2622.37353515625
2024-08-10 07:00:00+00:00,60849.39453125,2634.6669921875
2024-08-10 08:00:00+00:00,60731.80078125,2630.53662109375
2024-08-10 09:00:00+00:00,60986.73828125,2636.569091796875
2024-08-10 10:00:00+00:00,60812.47265625,2630.396728515625
2024-08-10 11:00:00+00:00,60915.0234375,2637.191162109375
2024-08-10 12:00:00+00:00,60788.01953125,2632.713623046875
2024-08-10 13:00:00+00:00,60482.9453125,2611.965576171875
2024-08-10 14:00:00+00:00,60596.20703125,2611.406494140625
2024-08-10 15:00:00+00:00,60612.91796875,2607.991455078125
2024-08-10 16:00:00+00:00,60690.2109375,2605.840087890625
2024-08-10 17:00:00+00:00,60765.27734375,2609.045166015625
2024-08-10 18:00:00+00:00,60969.296875,2601.768798828125
2024-08-10 19:00:00+00:00,61023.703125,2603.3017578125
2024-08-10 20:00:00+00:00,61033.2109375,2605.81591796875
2024-08-10 21:00:00+00:00,61119.19140625,2614.70361328125
2024-08-10 22:00:00+00:00,60950.6796875,2607.415283203125
2024-08-10 23:00:00+00:00,60944.890625,2609.9697265625
2024-08-11 00:00:00+00:00,61092.81640625,2624.570556640625
2024-08-11 01:00:00+00:00,61159.6953125,2631.193115234375
2024-08-11 02:00:00+00:00,61038.671875,2626.219970703125
2024-08-11 03:00:00+00:00,61114.9453125,2647.900390625
2024-08-11 04:00:00+00:00,60935.92578125,2646.082763671875
2024-08-11 05:00:00+00:00,61152.46875,2665.725830078125
2024-08-11 06:00:00+00:00,61132.80859375,2660.23486328125
2024-08-11 07:00:00+00:00,61263.80859375,2678.470458984375
2024-08-11 08:00:00+00:00,61297.0234375,2687.918212890625
2024-08-11 09:00:00+00:00,61111.2421875,2685.302734375
2024-08-11 10:00:00+00:00,61064.46484375,2677.4990234375
2024-08-11 11:00:00+00:00,60699.390625,2656.245361328125
2024-08-11 12:00:00+00:00,60520.04296875,2638.92822265625
2024-08-11 13:00:00+00:00,60462.58203125,2636.67236328125
2024-08-11 14:00:00+00:00,60340.88671875,2614.126953125
2024-08-11 15:00:00+00:00,60147.92578125,2614.6220703125
2024-08-11 16:00:00+00:00,60209.30078125,2627.697021484375
2024-08-11 17:00:00+00:00,60308.44140625,2639.015380859375
2024-08-11 18:00:00+00:00,60255.54296875,2640.08935546875
2024-08-11 19:00:00+00:00,59694.50390625,2602.67578125
2024-08-11 20:00:00+00:00,58559.125,2555.54443359375
2024-08-11 21:00:00+00:00,58986.0390625,2581.017822265625
2024-08-11 22:00:00+00:00,59014.30078125,2568.958251953125
2024-08-11 23:00:00+00:00,58719.39453125,2553.49658203125
2024-08-12 00:00:00+00:00,58444.83203125,2538.0634765625
2024-08-12 01:00:00+00:00,58647.5859375,2550.576416015625
2024-08-12 02:00:00+00:00,58702.6484375,2552.33154296875
2024-08-12 03:00:00+00:00,58522.515625,2541.129638671875
2024-08-12 04:00:00+00:00,58536.29296875,2540.293701171875
2024-08-12 05:00:00+00:00,58572.58203125,2551.345947265625
2024-08-12 06:00:00+00:00,58442.4921875,2554.35693359375
2024-08-12 07:00:00+00:00,58679.56640625,2569.7431640625
2024-08-12 08:00:00+00:00,58400.8203125,2567.076416015625
2024-08-12 09:00:00+00:00,58338.0546875,2598.09912109375
2024-08-12 10:00:00+00:00,59003.06640625,2641.76171875
2024-08-12 11:00:00+00:00,59889.015625,2673.1201171875
2024-08-12 12:00:00+00:00,59698.0625,2681.0546875
2024-08-12 13:00:00+00:00,58216.01953125,2614.688232421875
2024-08-12 14:00:00+00:00,60309.453125,2704.14990234375
2024-08-12 15:00:00+00:00,60133.79296875,2688.054443359375
2024-08-12 16:00:00+00:00,59661.109375,2670.1484375
2024-08-12 17:00:00+00:00,59364.8125,2658.19677734375
2024-08-12 18:00:00+00:00,58514.8515625,2633.8955078125
2024-08-12 19:00:00+00:00,58996.375,2655.79833984375
2024-08-12 20:00:00+00:00,58871.01171875,2682.019287109375
2024-08-12 21:00:00+00:00,58974.35546875,2684.425537109375
2024-08-12 22:00:00+00:00,59079.49609375,2697.0927734375
2024-08-12 23:00:00+00:00,59356.20703125,2724.303466796875
2024-08-13 00:00:00+00:00,59828.78125,2720.489013671875
2024-08-13 01:00:00+00:00,59729.59765625,2730.11767578125
2024-08-13 02:00:00+00:00,59483.94921875,2714.846923828125
2024-08-13 03:00:00+00:00,59026.88671875,2656.8779296875
2024-08-13 04:00:00+00:00,59239.8046875,2662.032470703125
2024-08-13 05:00:00+00:00,59226.7109375,2653.905029296875
2024-08-13 06:00:00+00:00,59428.91015625,2657.2587890625
2024-08-13 07:00:00+00:00,59244.74609375,2649.904052734375
2024-08-13 08:00:00+00:00,59099.7421875,2642.752685546875
2024-08-13 09:00:00+00:00,58940.52734375,2641.679443359375
2024-08-13 10:00:00+00:00,58695.71484375,2633.70361328125
2024-08-13 11:00:00+00:00,58805.73046875,2642.96826171875
2024-08-13 12:00:00+00:00,59189.62890625,2652.2900390625
2024-08-13 13:00:00+00:00,59417.59765625,2673.0791015625
2024-08-13 14:00:00+00:00,59659.46484375,2662.244873046875
2024-08-13 15:00:00+00:00,59514.125,2653.087890625
2024-08-13 16:00:00+00:00,61170.15625,2716.973388671875
2024-08-13 17:00:00+00:00,61226.2109375,2715.420654296875
2024-08-13 18:00:00+00:00,60842.0234375,2699.028564453125
2024-08-13 19:00:00+00:00,60869.98046875,2713.23583984375
2024-08-13 20:00:00+00:00,60603.52734375,2700.1162109375
2024-08-13 21:00:00+00:00,61025.7109375,2730.2021484375
2024-08-13 22:00:00+00:00,60596.24609375,2714.756591796875
2024-08-13 23:00:00+00:00,60611.05078125,2703.5869140625
2024-08-14 00:00:00+00:00,60814.59765625,2715.72021484375
2024-08-14 01:00:00+00:00,60586.6640625,2694.461181640625
2024-08-14 02:00:00+00:00,60843.63671875,2711.23583984375
2024-08-14 03:00:00+00:00,61008.5390625,2712.3525390625
2024-08-14 04:00:00+00:00,60937.58984375,2721.097900390625
2024-08-14 05:00:00+00:00,60871.890625,2725.322265625
2024-08-14 06:00:00+00:00,60887.3984375,2729.93212890625
2024-08-14 07:00:00+00:00,60933.01171875,2728.496826171875
2024-08-14 08:00:00+00:00,60911.15625,2726.262451171875
2024-08-14 09:00:00+00:00,60881.90625,2723.04345703125
2024-08-14 10:00:00+00:00,61135.27734375,2744.5498046875
2024-08-14 11:00:00+00:00,61328.00390625,2755.308837890625
2024-08-14 12:00:00+00:00,61110.0703125,2734.079345703125
2024-08-14 13:00:00+00:00,59529.6015625,2656.37255859375
2024-08-14 14:00:00+00:00,59500.17578125,2654.021484375
2024-08-14 15:00:00+00:00,59531.51953125,2678.447265625
2024-08-14 16:00:00+00:00,59176.0703125,2666.517333984375
2024-08-14 17:00:00+00:00,59209.8359375,2659.684326171875
2024-08-14 18:00:00+00:00,59007.48828125,2658.899169921875
2024-08-14 19:00:00+00:00,58998.50390625,2671.361572265625
2024-08-14 20:00:00+00:00,59139.96875,2676.001220703125
2024-08-14 21:00:00+00:00,58906.05078125,2666.039306640625
2024-08-14 22:00:00+00:00,58981.77734375,2668.98974609375
2024-08-14 23:00:00+00:00,58733.26171875,2662.885498046875
2024-08-15 00:00:00+00:00,58974.48828125,2666.2158203125
2024-08-15 01:00:00+00:00,58241.27734375,2640.530029296875
2024-08-15 02:00:00+00:00,58470.94140625,2648.948974609375
2024-08-15 03:00:00+00:00,58443.1171875,2652.330078125
2024-08-15 04:00:00+00:00,58431.171875,2654.391357421875
2024-08-15 05:00:00+00:00,58300.21484375,2635.3955078125
2024-08-15 06:00:00+00:00,58134.9296875,2623.1435546875
2024-08-15 07:00:00+00:00,58092.91796875,2615.668701171875
2024-08-15 08:00:00+00:00,58334.0234375,2619.08447265625
2024-08-15 09:00:00+00:00,58423.3203125,2623.078369140625
2024-08-15 10:00:00+00:00,58397.4921875,2619.300048828125
2024-08-15 11:00:00+00:00,58734.4609375,2637.334716796875
2024-08-15 12:00:00+00:00,58820.70703125,2642.61279296875
2024-08-15 13:00:00+00:00,59410.9609375,2660.2861328125
2024-08-15 14:00:00+00:00,59434.8671875,2653.912109375
2024-08-15 15:00:00+00:00,59727.2265625,2671.498779296875
2024-08-15 16:00:00+00:00,59538.609375,2659.013671875
2024-08-15 17:00:00+00:00,58935.875,2613.8740234375
2024-08-15 18:00:00+00:00,57916.39453125,2554.7529296875
2024-08-15 19:00:00+00:00,57130.7421875,2551.5693359375
2024-08-15 20:00:00+00:00,56386.16015625,2529.860595703125
2024-08-15 21:00:00+00:00,57567.28515625,2570.52197265625
2024-08-15 22:00:00+00:00,57642.15234375,2578.132568359375
2024-08-15 23:00:00+00:00,57560.2734375,2570.085205078125
2024-08-16 00:00:00+00:00,57483.4375,2574.385009765625
2024-08-16 01:00:00+00:00,57529.75390625,2572.490478515625
2024-08-16 02:00:00+00:00,58204.98828125,2593.84619140625
2024-08-16 03:00:00+00:00,57882.046875,2579.8310546875
2024-08-16 04:00:00+00:00,58306.22265625,2597.923583984375
2024-08-16 05:00:00+00:00,58232.3828125,2598.58056640625
2024-08-16 06:00:00+00:00,58539.26953125,2626.458740234375
2024-08-16 07:00:00+00:00,58473.86328125,2617.6064453125
2024-08-16 08:00:00+00:00,58394.86328125,2618.605712890625
2024-08-16 09:00:00+00:00,58644.48828125,2625.294677734375
2024-08-16 10:00:00+00:00,58440.49609375,2618.7099609375
2024-08-16 11:00:00+00:00,58411.83984375,2614.202880859375
2024-08-16 12:00:00+00:00,57860.8203125,2577.255859375
2024-08-16 13:00:00+00:00,58188.828125,2585.79345703125
2024-08-16 14:00:00+00:00,58004.609375,2580.152587890625
2024-08-16 15:00:00+00:00,58111.3671875,2570.91259765625
2024-08-16 16:00:00+00:00,58589.01171875,2597.202880859375
2024-08-16 17:00:00+00:00,59284.9765625,2609.035400390625
2024-08-16 18:00:00+00:00,59466.21484375,2616.459228515625
2024-08-16 19:00:00+00:00,59647.03125,2621.482666015625
2024-08-16 20:00:00+00:00,59284.015625,2612.15869140625
2024-08-16 21:00:00+00:00,59020.9375,2601.2861328125
2024-08-16 22:00:00+00:00,58994.40625,2596.3828125
2024-08-16 23:00:00+00:00,58893.53125,2593.1669921875
2024-08-17 00:00:00+00:00,59216.75390625,2601.358642578125
2024-08-17 01:00:00+00:00,59226.5390625,2602.9921875
2024-08-17 02:00:00+00:00,59163.39453125,2599.050048828125
2024-08-17 03:00:00+00:00,59169.5859375,2596.5810546875
2024-08-17 04:00:00+00:00,59236.61328125,2601.2001953125
2024-08-17 05:00:00+00:00,59200.90234375,2602.052490234375
2024-08-17 06:00:00+00:00,59179.9453125,2598.209228515625
2024-08-17 07:00:00+00:00,59254.8359375,2600.324462890625
2024-08-17 08:00:00+00:00,59274.9765625,2600.965087890625
2024-08-17 09:00:00+00:00,59310.4765625,2603.251708984375
2024-08-17 10:00:00+00:00,59117.69921875,2597.1044921875
2024-08-17 11:00:00+00:00,59131.69921875,2599.43359375
2024-08-17 12:00:00+00:00,59239.24609375,2603.281982421875
2024-08-17 13:00:00+00:00,59318.86328125,2604.58349609375
2024-08-17 14:00:00+00:00,59511.67578125,2612.628662109375
2024-08-17 15:00:00+00:00,59403.328125,2607.1669921875
2024-08-17 16:00:00+00:00,59619.1953125,2621.377685546875
2024-08-17 17:00:00+00:00,59471.57421875,2617.2080078125
2024-08-17 18:00:00+00:00,59425.55859375,2611.078857421875
2024-08-17 19:00:00+00:00,59484.75,2615.048828125
2024-08-17 20:00:00+00:00,59422.234375,2616.1005859375
2024-08-17 21:00:00+00:00,59295.75,2606.979736328125
2024-08-17 22:00:00+00:00,59312.66796875,2608.901123046875
2024-08-17 23:00:00+00:00,59468.1328125,2614.109619140625
2024-08-18 00:00:00+00:00,59698.60546875,2618.7880859375
2024-08-18 01:00:00+00:00,59453.8125,2608.3408203125
2024-08-18 02:00:00+00:00,59980.6015625,2629.239990234375
2024-08-18 03:00:00+00:00,59354.28515625,2607.556884765625
2024-08-18 04:00:00+00:00,59452.12109375,2603.114013671875
2024-08-18 05:00:00+00:00,59508.1171875,2603.7939453125
2024-08-18 06:00:00+00:00,59589.11328125,2606.474853515625
2024-08-18 07:00:00+00:00,59575.0,2607.318359375
2024-08-18 08:00:00+00:00,59688.8671875,2618.212890625
2024-08-18 09:00:00+00:00,59901.95703125,2647.1142578125
2024-08-18 10:00:00+00:00,59907.234375,2647.465087890625
2024-08-18 11:00:00+00:00,59999.40625,2648.951171875
2024-08-18 12:00:00+00:00,60017.7265625,2668.25390625
2024-08-18 13:00:00+00:00,59882.125,2663.53857421875
2024-08-18 14:00:00+00:00,59851.4296875,2665.272705078125
2024-08-18 15:00:00+00:00,59867.98046875,2671.736572265625
2024-08-18 16:00:00+00:00,59857.0859375,2667.84619140625
2024-08-18 17:00:00+00:00,59514.0625,2650.2626953125
2024-08-18 18:00:00+00:00,59611.98828125,2660.73828125
2024-08-18 19:00:00+00:00,59689.89453125,2666.1875
2024-08-18 20:00:00+00:00,59824.83984375,2667.284423828125
2024-08-18 21:00:00+00:00,59436.84765625,2641.5234375
2024-08-18 22:00:00+00:00,59378.578125,2646.606201171875
2024-08-18 23:00:00+00:00,58482.74609375,2612.718505859375
2024-08-19 00:00:00+00:00,58391.3125,2611.60302734375
2024-08-19 01:00:00+00:00,58548.3359375,2630.8232421875
2024-08-19 02:00:00+00:00,58720.1015625,2641.078857421875
2024-08-19 03:00:00+00:00,58751.984375,2645.841552734375
2024-08-19 04:00:00+00:00,58587.9453125,2636.616455078125
2024-08-19 05:00:00+00:00,58486.3671875,2625.097412109375
2024-08-19 06:00:00+00:00,58603.59765625,2627.30419921875
2024-08-19 07:00:00+00:00,58522.84765625,2614.891845703125
2024-08-19 08:00:00+00:00,58616.65234375,2615.89306640625
2024-08-19 09:00:00+00:00,58028.08203125,2579.991455078125
2024-08-19 10:00:00+00:00,58076.70703125,2578.22802734375
2024-08-19 11:00:00+00:00,58477.63671875,2586.672119140625
2024-08-19 12:00:00+00:00,58465.3671875,2587.81298828125
2024-08-19 13:00:00+00:00,58237.31640625,2574.328125
2024-08-19 14:00:00+00:00,58537.0234375,2580.753662109375
2024-08-19 15:00:00+00:00,58610.63671875,2587.500244140625
2024-08-19 16:00:00+00:00,58715.10546875,2585.783935546875
2024-08-19 17:00:00+00:00,59008.8671875,2605.91796875
2024-08-19 18:00:00+00:00,59057.60546875,2609.2216796875
2024-08-19 19:00:00+00:00,59132.34375,2611.96240234375
2024-08-19 20:00:00+00:00,59134.43359375,2617.4375
2024-08-19 21:00:00+00:00,59049.703125,2617.049072265625
2024-08-19 22:00:00+00:00,59285.8359375,2624.93408203125
2024-08-19 23:00:00+00:00,59493.453125,2637.306396484375
2024-08-20 00:00:00+00:00,60385.1796875,2660.530517578125
2024-08-20 01:00:00+00:00,60478.9765625,2653.83154296875
2024-08-20 02:00:00+00:00,60535.921875,2655.60009765625
2024-08-20 03:00:00+00:00,60628.04296875,2661.896728515625
2024-08-20 04:00:00+00:00,60930.84375,2666.102783203125
2024-08-20 05:00:00+00:00,61113.87109375,2686.17041015625
2024-08-20 06:00:00+00:00,61014.56640625,2678.906982421875
2024-08-20 07:00:00+00:00,60937.6640625,2675.7333984375
2024-08-20 08:00:00+00:00,60765.6953125,2661.361328125
2024-08-20 09:00:00+00:00,60901.578125,2660.83447265625
2024-08-20 10:00:00+00:00,60775.39453125,2658.22900390625
2024-08-20 11:00:00+00:00,60537.36328125,2642.97705078125
2024-08-20 12:00:00+00:00,60711.79296875,2648.029296875
2024-08-20 13:00:00+00:00,60917.6328125,2649.06494140625
2024-08-20 14:00:00+00:00,59533.08984375,2589.26171875
2024-08-20 15:00:00+00:00,58821.69921875,2576.82275390625
2024-08-20 16:00:00+00:00,58811.2109375,2575.303466796875
2024-08-20 17:00:00+00:00,58992.87109375,2588.084228515625
2024-08-20 18:00:00+00:00,59327.1484375,2594.134033203125
2024-08-20 19:00:00+00:00,59476.6171875,2602.74560546875
2024-08-20 20:00:00+00:00,59340.31640625,2592.666015625
2024-08-20 21:00:00+00:00,59310.95703125,2584.713623046875
2024-08-20 22:00:00+00:00,59351.75390625,2586.22021484375
2024-08-20 23:00:00+00:00,59025.03515625,2573.10888671875
2024-08-21 00:00:00+00:00,59087.19140625,2577.396240234375
2024-08-21 01:00:00+00:00,59204.9765625,2583.79150390625
2024-08-21 02:00:00+00:00,59378.2421875,2591.001953125
2024-08-21 03:00:00+00:00,59290.3671875,2591.0576171875
2024-08-21 04:00:00+00:00,59370.828125,2592.140380859375
2024-08-21 05:00:00+00:00,59364.5234375,2592.9892578125
2024-08-21 06:00:00+00:00,59617.8359375,2600.305419921875
2024-08-21 07:00:00+00:00,59725.23828125,2601.0869140625
2024-08-21 08:00:00+00:00,59486.48828125,2586.668701171875
2024-08-21 09:00:00+00:00,59266.296875,2580.791259765625
2024-08-21 10:00:00+00:00,59467.9140625,2588.381591796875
2024-08-21 11:00:00+00:00,59404.83984375,2580.892333984375
2024-08-21 12:00:00+00:00,59513.40625,2578.434814453125
2024-08-21 13:00:00+00:00,59389.17578125,2566.762939453125
2024-08-21 14:00:00+00:00,59322.53125,2585.276611328125
2024-08-21 15:00:00+00:00,59643.4296875,2605.06298828125
2024-08-21 16:00:00+00:00,59894.4765625,2605.781982421875
2024-08-21 17:00:00+00:00,59941.1796875,2626.336669921875
2024-08-21 18:00:00+00:00,60763.2578125,2637.073486328125
2024-08-21 19:00:00+00:00,61563.75390625,2649.174560546875
2024-08-21 20:00:00+00:00,61107.35546875,2629.0732421875
2024-08-21 21:00:00+00:00,61197.09765625,2635.96826171875
2024-08-21 22:00:00+00:00,61238.6484375,2633.315673828125
2024-08-21 23:00:00+00:00,61179.86328125,2631.506591796875
2024-08-22 00:00:00+00:00,60956.69921875,2629.537353515625
2024-08-22 01:00:00+00:00,60926.87890625,2628.915283203125
2024-08-22 02:00:00+00:00,60153.8359375,2601.666015625
2024-08-22 03:00:00+00:00,60602.4375,2616.593994140625
2024-08-22 04:00:00+00:00,60805.7109375,2624.61865234375
2024-08-22 05:00:00+00:00,60708.08984375,2620.528564453125
2024-08-22 06:00:00+00:00,60795.59765625,2628.0439453125
2024-08-22 07:00:00+00:00,61019.30859375,2637.890380859375
2024-08-22 08:00:00+00:00,60970.8828125,2635.401123046875
2024-08-22 09:00:00+00:00,60915.40234375,2626.947021484375
2024-08-22 10:00:00+00:00,61390.10546875,2643.067626953125
2024-08-22 11:00:00+00:00,61362.14453125,2642.790771484375
2024-08-22 12:00:00+00:00,60880.0,2625.7197265625
2024-08-22 13:00:00+00:00,60873.21875,2624.000732421875
2024-08-22 14:00:00+00:00,60582.68359375,2607.891845703125
2024-08-22 15:00:00+00:00,60397.9296875,2598.9970703125
2024-08-22 16:00:00+00:00,60326.51953125,2605.79150390625
2024-08-22 17:00:00+00:00,60180.19921875,2603.666015625
2024-08-22 18:00:00+00:00,60342.7734375,2607.606201171875
2024-08-22 19:00:00+00:00,60321.08984375,2607.378173828125
2024-08-22 20:00:00+00:00,60607.859375,2622.77099609375
2024-08-22 21:00:00+00:00,60574.75390625,2624.90185546875
2024-08-22 22:00:00+00:00,60460.59375,2624.391357421875
2024-08-22 23:00:00+00:00,60380.953125,2622.916015625
2024-08-23 00:00:00+00:00,60745.87890625,2639.286865234375
2024-08-23 01:00:00+00:00,60799.234375,2639.93603515625
2024-08-23 02:00:00+00:00,60666.015625,2635.077880859375
2024-08-23 03:00:00+00:00,60605.578125,2636.576171875
2024-08-23 04:00:00+00:00,60696.92578125,2638.145263671875
2024-08-23 05:00:00+00:00,60860.94140625,2672.025390625
2024-08-23 06:00:00+00:00,61181.5546875,2681.392822265625
2024-08-23 07:00:00+00:00,61083.23828125,2670.23095703125
2024-08-23 08:00:00+00:00,61295.21484375,2674.384521484375
2024-08-23 09:00:00+00:00,61063.9296875,2667.72265625
2024-08-23 10:00:00+00:00,61092.62109375,2666.59912109375
2024-08-23 11:00:00+00:00,60728.4453125,2653.405517578125
2024-08-23 12:00:00+00:00,61154.60546875,2668.15869140625
2024-08-23 13:00:00+00:00,61038.12109375,2654.4052734375
2024-08-23 14:00:00+00:00,60998.17578125,2648.541259765625
2024-08-23 15:00:00+00:00,61550.59765625,2671.718017578125
2024-08-23 16:00:00+00:00,61744.6484375,2679.04638671875
2024-08-23 17:00:00+00:00,62947.8671875,2728.035400390625
2024-08-23 18:00:00+00:00,63209.359375,2725.90771484375
2024-08-23 19:00:00+00:00,63598.3828125,2748.679443359375
2024-08-23 20:00:00+00:00,63683.3359375,2754.005126953125
2024-08-23 21:00:00+00:00,64453.59375,2776.260986328125
2024-08-23 22:00:00+00:00,64151.1875,2760.839111328125
2024-08-23 23:00:00+00:00,64103.87109375,2765.4814453125
2024-08-24 00:00:00+00:00,64041.25,2762.218994140625
2024-08-24 01:00:00+00:00,63862.87890625,2754.146240234375
2024-08-24 02:00:00+00:00,63968.109375,2756.7373046875
2024-08-24 03:00:00+00:00,63898.6953125,2748.265869140625
2024-08-24 04:00:00+00:00,63935.7421875,2748.3798828125
2024-08-24 05:00:00+00:00,64029.4375,2756.40966796875
2024-08-24 06:00:00+00:00,64112.421875,2758.189208984375
2024-08-24 07:00:00+00:00,64333.8359375,2760.614990234375
2024-08-24 08:00:00+00:00,64350.2265625,2774.605224609375
2024-08-24 09:00:00+00:00,64370.66796875,2776.0302734375
2024-08-24 10:00:00+00:00,64182.73828125,2767.655029296875
2024-08-24 11:00:00+00:00,63977.41796875,2759.563232421875
2024-08-24 12:00:00+00:00,64120.4765625,2758.002197265625
2024-08-24 13:00:00+00:00,64198.10546875,2759.069580078125
2024-08-24 14:00:00+00:00,64185.9921875,2759.38671875
2024-08-24 15:00:00+00:00,63999.71875,2761.751220703125
2024-08-24 16:00:00+00:00,64298.12109375,2814.322021484375
2024-08-24 17:00:00+00:00,64026.54296875,2782.50732421875
2024-08-24 18:00:00+00:00,64265.77734375,2787.53515625
2024-08-24 19:00:00+00:00,64256.72265625,2794.847412109375
2024-08-24 20:00:00+00:00,64189.84375,2795.412353515625
2024-08-24 21:00:00+00:00,63640.15234375,2739.150390625
2024-08-24 22:00:00+00:00,63924.73046875,2753.582275390625
2024-08-24 23:00:00+00:00,64176.3671875,2769.09814453125
2024-08-25 00:00:00+00:00,64196.2265625,2758.959228515625
2024-08-25 01:00:00+00:00,64194.6328125,2761.049560546875
2024-08-25 02:00:00+00:00,64170.46875,2765.058349609375
2024-08-25 03:00:00+00:00,64138.1875,2764.542724609375
2024-08-25 04:00:00+00:00,64168.9296875,2768.296630859375
2024-08-25 05:00:00+00:00,64161.9375,2763.580322265625
2024-08-25 06:00:00+00:00,64038.46484375,2755.200927734375
2024-08-25 07:00:00+00:00,63900.7421875,2743.323974609375
2024-08-25 08:00:00+00:00,63960.9609375,2752.255615234375
2024-08-25 09:00:00+00:00,63901.16796875,2757.942138671875
2024-08-25 10:00:00+00:00,63887.73828125,2754.287353515625
2024-08-25 11:00:00+00:00,63895.91796875,2751.43359375
2024-08-25 12:00:00+00:00,63957.84765625,2754.04052734375
2024-08-25 13:00:00+00:00,64119.046875,2766.07568359375
2024-08-25 14:00:00+00:00,64189.21875,2766.0126953125
2024-08-25 15:00:00+00:00,64175.0703125,2764.31884765625
2024-08-25 16:00:00+00:00,64072.37890625,2764.1552734375
2024-08-25 17:00:00+00:00,64159.09765625,2772.127685546875
2024-08-25 18:00:00+00:00,64192.94140625,2765.35009765625
2024-08-25 19:00:00+00:00,64216.734375,2767.51318359375
2024-08-25 20:00:00+00:00,64247.74609375,2771.323486328125
2024-08-25 21:00:00+00:00,64428.63671875,2781.896240234375
2024-08-25 22:00:00+00:00,64524.703125,2773.052490234375
2024-08-25 23:00:00+00:00,64333.54296875,2749.15771484375
2024-08-26 00:00:00+00:00,64145.1796875,2755.111328125
2024-08-26 01:00:00+00:00,63955.4375,2746.148681640625
2024-08-26 02:00:00+00:00,64078.87890625,2742.65625
2024-08-26 03:00:00+00:00,64122.03515625,2744.999755859375
2024-08-26 04:00:00+00:00,64025.9296875,2752.23681640625
2024-08-26 05:00:00+00:00,63980.734375,2745.038330078125
2024-08-26 06:00:00+00:00,63725.87890625,2738.19384765625
2024-08-26 07:00:00+00:00,63657.671875,2735.238037109375
2024-08-26 08:00:00+00:00,63760.921875,2737.8779296875
2024-08-26 09:00:00+00:00,63816.02734375,2738.130859375
2024-08-26 10:00:00+00:00,63808.96484375,2739.51025390625
2024-08-26 11:00:00+00:00,63915.296875,2738.912109375
2024-08-26 12:00:00+00:00,63646.1640625,2727.2978515625
2024-08-26 13:00:00+00:00,63774.51171875,2727.161376953125
2024-08-26 14:00:00+00:00,63445.73046875,2722.669921875
2024-08-26 15:00:00+00:00,63584.94921875,2726.968994140625
2024-08-26 16:00:00+00:00,63697.49609375,2726.912109375
2024-08-26 17:00:00+00:00,63409.8984375,2695.933349609375
2024-08-26 18:00:00+00:00,63643.1328125,2699.359130859375
2024-08-26 19:00:00+00:00,63309.484375,2682.10400390625
2024-08-26 20:00:00+00:00,63450.97265625,2688.6669921875
2024-08-26 21:00:00+00:00,63202.44140625,2687.62939453125
2024-08-26 22:00:00+00:00,63026.2734375,2688.269287109375
2024-08-26 23:00:00+00:00,62879.70703125,2681.8046875
2024-08-27 00:00:00+00:00,62702.20703125,2676.33935546875
2024-08-27 01:00:00+00:00,63064.1953125,2685.9599609375
2024-08-27 02:00:00+00:00,62990.9140625,2679.174072265625
2024-08-27 03:00:00+00:00,62988.9375,2685.236572265625
2024-08-27 04:00:00+00:00,63049.56640625,2686.6943359375
2024-08-27 05:00:00+00:00,63150.20703125,2696.954833984375
2024-08-27 06:00:00+00:00,62767.33984375,2678.122802734375
2024-08-27 07:00:00+00:00,62899.80078125,2688.28173828125
2024-08-27 08:00:00+00:00,62814.640625,2685.1572265625
2024-08-27 09:00:00+00:00,62688.5234375,2673.97998046875
2024-08-27 10:00:00+00:00,62325.88671875,2639.625244140625
2024-08-27 11:00:00+00:00,62422.65234375,2626.733154296875
2024-08-27 12:00:00+00:00,62429.12890625,2622.447021484375
2024-08-27 13:00:00+00:00,62267.59375,2611.7265625
2024-08-27 14:00:00+00:00,61831.3125,2584.921875
2024-08-27 15:00:00+00:00,61659.8828125,2578.92529296875
2024-08-27 16:00:00+00:00,61597.00390625,2567.209228515625
2024-08-27 17:00:00+00:00,61912.19921875,2584.663330078125
2024-08-27 18:00:00+00:00,62103.2734375,2583.172119140625
2024-08-27 19:00:00+00:00,61884.26171875,2578.913818359375
2024-08-27 20:00:00+00:00,61884.09375,2583.474609375
2024-08-27 21:00:00+00:00,60403.9609375,2491.697998046875
2024-08-27 22:00:00+00:00,59533.34765625,2462.5224609375
2024-08-27 23:00:00+00:00,59507.92578125,2459.39794921875
2024-08-28 00:00:00+00:00,59109.9140625,2442.313720703125
2024-08-28 01:00:00+00:00,59434.9140625,2444.69287109375
2024-08-28 02:00:00+00:00,59377.46484375,2463.6396484375
2024-08-28 03:00:00+00:00,59634.77734375,2475.890869140625
2024-08-28 04:00:00+00:00,59303.94140625,2469.4404296875
2024-08-28 05:00:00+00:00,59326.359375,2467.5810546875
2024-08-28 06:00:00+00:00,59211.10546875,2464.154541015625
2024-08-28 07:00:00+00:00,58616.234375,2439.206787109375
2024-08-28 08:00:00+00:00,59276.58984375,2464.397216796875
2024-08-28 09:00:00+00:00,60181.64453125,2543.945068359375
2024-08-28 10:00:00+00:00,59758.5625,2524.08251953125
2024-08-28 11:00:00+00:00,59956.0703125,2524.258056640625
2024-08-28 12:00:00+00:00,59996.98828125,2528.623779296875
2024-08-28 13:00:00+00:00,59400.36328125,2487.953125
2024-08-28 14:00:00+00:00,59207.0,2503.781494140625
2024-08-28 15:00:00+00:00,59007.1484375,2497.26611328125
2024-08-28 16:00:00+00:00,59194.60546875,2516.428466796875
2024-08-28 17:00:00+00:00,58663.00390625,2502.823486328125
2024-08-28 18:00:00+00:00,59391.37109375,2531.537353515625
2024-08-28 19:00:00+00:00,59155.9140625,2514.808837890625
2024-08-28 20:00:00+00:00,59374.25,2541.415771484375
2024-08-28 21:00:00+00:00,59162.625,2532.999267578125
2024-08-28 22:00:00+00:00,59184.01953125,2530.771728515625
2024-08-28 23:00:00+00:00,59027.46875,2528.3623046875
2024-08-29 00:00:00+00:00,59193.296875,2532.842529296875
2024-08-29 01:00:00+00:00,58994.08984375,2523.210205078125
2024-08-29 02:00:00+00:00,59163.71484375,2529.890869140625
2024-08-29 03:00:00+00:00,59163.234375,2523.452392578125
2024-08-29 04:00:00+00:00,59203.92578125,2525.701904296875
2024-08-29 05:00:00+00:00,59452.4375,2540.07080078125
2024-08-29 06:00:00+00:00,59590.1171875,2550.90869140625
2024-08-29 07:00:00+00:00,59599.828125,2548.310546875
2024-08-29 08:00:00+00:00,59539.84765625,2542.985595703125
2024-08-29 09:00:00+00:00,59592.00390625,2543.67919921875
2024-08-29 10:00:00+00:00,59702.7109375,2543.162353515625
2024-08-29 11:00:00+00:00,60135.0078125,2559.3671875
2024-08-29 12:00:00+00:00,60331.46875,2573.75537109375
2024-08-29 13:00:00+00:00,60623.84375,2572.691162109375
2024-08-29 14:00:00+00:00,60836.171875,2567.484619140625
2024-08-29 15:00:00+00:00,60816.8828125,2578.56005859375
2024-08-29 16:00:00+00:00,60334.00390625,2571.8232421875
2024-08-29 17:00:00+00:00,60514.83984375,2575.5703125
2024-08-29 18:00:00+00:00,59190.5390625,2521.171875
2024-08-29 19:00:00+00:00,59216.83984375,2526.423095703125
2024-08-29 20:00:00+00:00,59488.68359375,2538.17138671875
2024-08-29 21:00:00+00:00,59519.5234375,2532.820068359375
2024-08-29 22:00:00+00:00,59228.8203125,2524.072021484375
2024-08-29 23:00:00+00:00,59388.6015625,2528.391845703125
2024-08-30 00:00:00+00:00,59203.6328125,2522.752685546875
2024-08-30 01:00:00+00:00,59239.68359375,2525.236572265625
2024-08-30 02:00:00+00:00,59201.078125,2515.31591796875
2024-08-30 03:00:00+00:00,59069.96875,2518.918212890625
2024-08-30 04:00:00+00:00,59035.92578125,2519.793701171875
2024-08-30 05:00:00+00:00,58866.421875,2515.848388671875
2024-08-30 06:00:00+00:00,59351.1796875,2529.3876953125
2024-08-30 07:00:00+00:00,59316.0,2518.252197265625
2024-08-30 08:00:00+00:00,59435.06640625,2521.74658203125
2024-08-30 09:00:00+00:00,59559.2421875,2523.48876953125
2024-08-30 10:00:00+00:00,59605.87109375,2518.806884765625
2024-08-30 11:00:00+00:00,59398.61328125,2510.08447265625
2024-08-30 12:00:00+00:00,59536.578125,2521.695068359375
2024-08-30 13:00:00+00:00,59626.6640625,2524.01171875
2024-08-30 14:00:00+00:00,58493.59765625,2466.995361328125
2024-08-30 15:00:00+00:00,58034.6484375,2444.438232421875
2024-08-30 16:00:00+00:00,58495.13671875,2460.912353515625
2024-08-30 17:00:00+00:00,58630.8359375,2466.62255859375
2024-08-30 18:00:00+00:00,59321.30078125,2533.953857421875
2024-08-30 19:00:00+00:00,58793.48046875,2508.01416015625
2024-08-30 20:00:00+00:00,59010.296875,2517.04931640625
2024-08-30 21:00:00+00:00,59032.15234375,2517.031982421875
2024-08-30 22:00:00+00:00,59249.60546875,2526.1796875
2024-08-30 23:00:00+00:00,59119.4765625,2525.822021484375
2024-08-31 00:00:00+00:00,59241.39453125,2525.040771484375
2024-08-31 01:00:00+00:00,59281.734375,2525.53369140625
2024-08-31 02:00:00+00:00,59185.0234375,2521.840087890625
2024-08-31 03:00:00+00:00,59232.58203125,2523.421630859375
2024-08-31 04:00:00+00:00,59329.11328125,2528.632080078125
2024-08-31 05:00:00+00:00,59234.78125,2525.179931640625
2024-08-31 06:00:00+00:00,59159.44140625,2522.802978515625
2024-08-31 07:00:00+00:00,59101.87890625,2521.655029296875
2024-08-31 08:00:00+00:00,59005.67578125,2514.47509765625
2024-08-31 09:00:00+00:00,58927.53515625,2514.788818359375
2024-08-31 10:00:00+00:00,59126.4765625,2525.189697265625
2024-08-31 11:00:00+00:00,59117.01171875,2524.97216796875
2024-08-31 12:00:00+00:00,59214.58984375,2524.869140625
2024-08-31 13:00:00+00:00,58956.47265625,2516.99951171875
2024-08-31 14:00:00+00:00,59128.171875,2522.148681640625
2024-08-31 15:00:00+00:00,58999.04296875,2518.370361328125
2024-08-31 16:00:00+00:00,58948.01953125,2508.8828125
2024-08-31 17:00:00+00:00,58976.484375,2502.85400390625
2024-08-31 18:00:00+00:00,58923.1015625,2497.202392578125
2024-08-31 19:00:00+00:00,58858.3046875,2499.288818359375
2024-08-31 20:00:00+00:00,58951.48828125,2506.363037109375
2024-08-31 21:00:00+00:00,59077.52734375,2519.165283203125
2024-08-31 22:00:00+00:00,59013.4921875,2516.37744140625
2024-08-31 23:00:00+00:00,58969.80078125,2513.42431640625
2024-09-01 00:00:00+00:00,58948.04296875,2505.949951171875
2024-09-01 01:00:00+00:00,58836.39453125,2494.45166015625
2024-09-01 02:00:00+00:00,58527.16015625,2486.845703125
2024-09-01 03:00:00+00:00,58521.00390625,2488.520751953125
2024-09-01 04:00:00+00:00,58415.5859375,2484.994873046875
2024-09-01 05:00:00+00:00,58020.26953125,2464.857177734375
2024-09-01 06:00:00+00:00,58205.1796875,2476.709228515625
2024-09-01 07:00:00+00:00,58431.32421875,2484.545166015625
2024-09-01 08:00:00+00:00,58240.390625,2479.84814453125
2024-09-01 09:00:00+00:00,58211.0234375,2484.306396484375
2024-09-01 10:00:00+00:00,57911.16796875,2464.23046875
2024-09-01 11:00:00+00:00,58211.90625,2477.07373046875
2024-09-01 12:00:00+00:00,57983.6640625,2465.918212890625
2024-09-01 13:00:00+00:00,58171.45703125,2473.034423828125
2024-09-01 14:00:00+00:00,57867.35546875,2455.378662109375
2024-09-01 15:00:00+00:00,58180.9140625,2477.919677734375
2024-09-01 16:00:00+00:00,58176.02734375,2474.99267578125
2024-09-01 17:00:00+00:00,58067.53515625,2469.500244140625
2024-09-01 18:00:00+00:00,58560.828125,2494.870361328125
2024-09-01 19:00:00+00:00,58474.84765625,2500.445068359375
2024-09-01 20:00:00+00:00,58416.31640625,2502.96044921875
2024-09-01 21:00:00+00:00,58363.73046875,2485.68603515625
2024-09-01 22:00:00+00:00,57428.62890625,2417.596435546875
2024-09-01 23:00:00+00:00,57326.96875,2427.973388671875
2024-09-02 00:00:00+00:00,57307.37890625,2434.93701171875
2024-09-02 01:00:00+00:00,57393.7734375,2438.79443359375
2024-09-02 02:00:00+00:00,57515.203125,2438.282470703125
2024-09-02 03:00:00+00:00,57726.29296875,2449.433349609375
2024-09-02 04:00:00+00:00,57459.90625,2436.345703125
2024-09-02 05:00:00+00:00,57805.14453125,2453.409912109375
2024-09-02 06:00:00+00:00,57683.93359375,2445.92626953125
2024-09-02 07:00:00+00:00,57530.3203125,2439.207275390625
2024-09-02 08:00:00+00:00,58092.36328125,2469.787109375
2024-09-02 09:00:00+00:00,58416.08984375,2514.671142578125
2024-09-02 10:00:00+00:00,58478.5625,2523.23876953125
2024-09-02 11:00:00+00:00,58418.4765625,2515.89404296875
2024-09-02 12:00:00+00:00,58389.23046875,2521.56787109375
2024-09-02 13:00:00+00:00,58224.09375,2508.006591796875
2024-09-02 14:00:00+00:00,58630.93359375,2517.928466796875
2024-09-02 15:00:00+00:00,58551.1015625,2514.9033203125
2024-09-02 16:00:00+00:00,58331.25,2509.22021484375
2024-09-02 17:00:00+00:00,58510.8984375,2522.387939453125
2024-09-02 18:00:00+00:00,58476.8828125,2522.41357421875
2024-09-02 19:00:00+00:00,58443.62109375,2524.097900390625
2024-09-02 20:00:00+00:00,58984.04296875,2551.6572265625
2024-09-02 21:00:00+00:00,59085.78515625,2543.810546875
2024-09-02 22:00:00+00:00,59249.03515625,2543.534912109375
2024-09-02 23:00:00+00:00,59106.19140625,2538.356689453125
2024-09-03 00:00:00+00:00,59218.4296875,2534.905517578125
2024-09-03 01:00:00+00:00,59347.69921875,2534.402587890625
2024-09-03 02:00:00+00:00,59317.92578125,2530.36865234375
2024-09-03 03:00:00+00:00,59096.51953125,2516.650390625
2024-09-03 04:00:00+00:00,59020.3359375,2514.650146484375
2024-09-03 05:00:00+00:00,59181.55859375,2521.00146484375
2024-09-03 06:00:00+00:00,58889.17578125,2514.4736328125
2024-09-03 07:00:00+00:00,59112.75,2520.248046875
2024-09-03 08:00:00+00:00,58797.87109375,2500.1474609375
2024-09-03 09:00:00+00:00,58884.60546875,2504.3466796875
2024-09-03 10:00:00+00:00,59067.3046875,2504.474609375
2024-09-03 11:00:00+00:00,59051.015625,2508.210205078125
2024-09-03 12:00:00+00:00,59139.79296875,2511.905029296875
2024-09-03 13:00:00+00:00,58392.3515625,2462.5673828125
2024-09-03 14:00:00+00:00,57690.8046875,2447.40283203125
2024-09-03 15:00:00+00:00,57679.83984375,2442.120849609375
2024-09-03 16:00:00+00:00,57710.1015625,2439.735595703125
2024-09-03 17:00:00+00:00,57730.16015625,2445.177490234375
2024-09-03 18:00:00+00:00,57910.390625,2452.329345703125
2024-09-03 19:00:00+00:00,58018.109375,2448.332763671875
2024-09-03 20:00:00+00:00,58174.5625,2461.990478515625
2024-09-03 21:00:00+00:00,58095.375,2464.085693359375
2024-09-03 22:00:00+00:00,57864.52734375,2454.897705078125
2024-09-03 23:00:00+00:00,57430.34765625,2423.71923828125
2024-09-04 00:00:00+00:00,57257.984375,2409.835205078125
2024-09-04 01:00:00+00:00,56828.09375,2368.51123046875
2024-09-04 02:00:00+00:00,56651.59765625,2364.317138671875
2024-09-04 03:00:00+00:00,56647.53515625,2372.2041015625
2024-09-04 04:00:00+00:00,56679.48046875,2377.654541015625
2024-09-04 05:00:00+00:00,56269.9609375,2364.951171875
2024-09-04 06:00:00+00:00,56278.390625,2377.985107421875
2024-09-04 07:00:00+00:00,56739.92578125,2400.9755859375
2024-09-04 08:00:00+00:00,56769.46484375,2402.641357421875
2024-09-04 09:00:00+00:00,56596.9921875,2394.783447265625
2024-09-04 10:00:00+00:00,56477.82421875,2390.383544921875
2024-09-04 11:00:00+00:00,56588.25390625,2399.9365234375
2024-09-04 12:00:00+00:00,56652.41015625,2407.11474609375
2024-09-04 13:00:00+00:00,56442.36328125,2405.221435546875
2024-09-04 14:00:00+00:00,57558.50390625,2437.624755859375
2024-09-04 15:00:00+00:00,58139.38671875,2454.14892578125
2024-09-04 16:00:00+00:00,58399.09765625,2475.72607421875
2024-09-04 17:00:00+00:00,57913.08203125,2452.2802734375
2024-09-04 18:00:00+00:00,57659.67578125,2443.810546875
2024-09-04 19:00:00+00:00,58127.19140625,2452.98486328125
2024-09-04 20:00:00+00:00,58077.92578125,2457.076171875
2024-09-04 21:00:00+00:00,58075.3828125,2463.76513671875
2024-09-04 22:00:00+00:00,58118.57421875,2462.808349609375
2024-09-04 23:00:00+00:00,57971.703125,2448.509521484375
2024-09-05 00:00:00+00:00,58010.390625,2457.117919921875
2024-09-05 01:00:00+00:00,58039.0078125,2460.0791015625
2024-09-05 02:00:00+00:00,57681.35546875,2446.20751953125
2024-09-05 03:00:00+00:00,57112.09765625,2405.795654296875
2024-09-05 04:00:00+00:00,57226.984375,2416.682373046875
2024-09-05 05:00:00+00:00,57190.6484375,2409.68017578125
2024-09-05 06:00:00+00:00,56905.42578125,2398.239501953125
2024-09-05 07:00:00+00:00,57158.8984375,2411.822265625
2024-09-05 08:00:00+00:00,56998.67578125,2405.234375
2024-09-05 09:00:00+00:00,56784.70703125,2392.672119140625
2024-09-05 10:00:00+00:00,56768.453125,2391.615478515625
2024-09-05 11:00:00+00:00,56688.84375,2388.880615234375
2024-09-05 12:00:00+00:00,56697.2890625,2390.509765625
2024-09-05 13:00:00+00:00,56949.1484375,2401.259765625
2024-09-05 14:00:00+00:00,56690.24609375,2380.350830078125
2024-09-05 15:00:00+00:00,55987.69140625,2372.034912109375
2024-09-05 16:00:00+00:00,56325.55859375,2374.815673828125
2024-09-05 17:00:00+00:00,56586.953125,2389.49267578125
2024-09-05 18:00:00+00:00,56560.7421875,2390.023681640625
2024-09-05 19:00:00+00:00,55971.80859375,2362.697021484375
2024-09-05 20:00:00+00:00,56085.76953125,2369.26806640625
2024-09-05 21:00:00+00:00,56159.13671875,2370.5361328125
2024-09-05 22:00:00+00:00,56077.55859375,2371.27294921875
2024-09-05 23:00:00+00:00,56160.19140625,2367.4833984375
2024-09-06 00:00:00+00:00,56182.85546875,2369.32373046875
2024-09-06 01:00:00+00:00,56541.75390625,2391.311279296875
2024-09-06 02:00:00+00:00,56705.828125,2399.565185546875
2024-09-06 03:00:00+00:00,56586.53125,2392.723876953125
2024-09-06 04:00:00+00:00,56615.56640625,2387.146484375
2024-09-06 05:00:00+00:00,56478.45703125,2383.743408203125
2024-09-06 06:00:00+00:00,56429.2578125,2379.41259765625
2024-09-06 07:00:00+00:00,55789.296875,2344.135986328125
2024-09-06 08:00:00+00:00,55758.515625,2348.781494140625
2024-09-06 09:00:00+00:00,55885.63671875,2358.259033203125
2024-09-06 10:00:00+00:00,56162.62890625,2368.25732421875
2024-09-06 11:00:00+00:00,55994.69140625,2375.766357421875
2024-09-06 12:00:00+00:00,56835.8671875,2399.86474609375
2024-09-06 13:00:00+00:00,55981.3515625,2368.7607421875
2024-09-06 14:00:00+00:00,54642.703125,2317.983642578125
2024-09-06 15:00:00+00:00,54016.6328125,2289.568115234375
2024-09-06 16:00:00+00:00,54034.484375,2262.262451171875
2024-09-06 17:00:00+00:00,53948.703125,2245.458251953125
2024-09-06 18:00:00+00:00,53406.15234375,2223.468994140625
2024-09-06 19:00:00+00:00,53554.32421875,2224.7529296875
2024-09-06 20:00:00+00:00,52827.2890625,2171.15380859375
2024-09-06 21:00:00+00:00,53699.14453125,2212.999267578125
2024-09-06 22:00:00+00:00,53622.1328125,2208.050537109375
2024-09-06 23:00:00+00:00,53949.0859375,2223.835693359375
2024-09-07 00:00:00+00:00,53912.7265625,2234.169677734375
2024-09-07 01:00:00+00:00,53778.83984375,2224.92919921875
2024-09-07 02:00:00+00:00,53776.8828125,2232.907470703125
2024-09-07 03:00:00+00:00,53807.8203125,2237.98388671875
2024-09-07 04:00:00+00:00,54045.75390625,2247.368408203125
2024-09-07 05:00:00+00:00,54179.4765625,2261.17529296875
2024-09-07 06:00:00+00:00,54290.46484375,2276.533935546875
2024-09-07 07:00:00+00:00,54266.1875,2288.060791015625
2024-09-07 08:00:00+00:00,54358.765625,2293.67431640625
2024-09-07 09:00:00+00:00,54260.51953125,2284.10009765625
2024-09-07 10:00:00+00:00,54357.84765625,2282.796875
2024-09-07 11:00:00+00:00,54336.359375,2283.809326171875
2024-09-07 12:00:00+00:00,54604.00390625,2292.742431640625
2024-09-07 13:00:00+00:00,54523.9296875,2291.817626953125
2024-09-07 14:00:00+00:00,54610.8125,2293.779296875
2024-09-07 15:00:00+00:00,54787.37109375,2302.9404296875
2024-09-07 16:00:00+00:00,54478.01171875,2290.541259765625
2024-09-07 17:00:00+00:00,54118.46875,2272.306396484375
2024-09-07 18:00:00+00:00,54276.23046875,2281.39599609375
2024-09-07 19:00:00+00:00,54408.8125,2291.502197265625
2024-09-07 20:00:00+00:00,54180.98828125,2273.166015625
2024-09-07 21:00:00+00:00,53929.89453125,2262.99755859375
2024-09-07 22:00:00+00:00,53955.16796875,2265.60791015625
2024-09-07 23:00:00+00:00,54147.93359375,2274.3095703125
2024-09-08 00:00:00+00:00,54166.7578125,2272.14599609375
2024-09-08 01:00:00+00:00,54274.36328125,2279.162841796875
2024-09-08 02:00:00+00:00,54339.13671875,2284.18603515625
2024-09-08 03:00:00+00:00,54370.46484375,2283.510498046875
2024-09-08 04:00:00+00:00,54518.65234375,2301.023681640625
2024-09-08 05:00:00+00:00,54349.8515625,2284.90087890625
2024-09-08 06:00:00+00:00,54295.06640625,2287.139892578125
2024-09-08 07:00:00+00:00,54414.3046875,2295.536865234375
2024-09-08 08:00:00+00:00,54457.50390625,2295.255126953125
2024-09-08 09:00:00+00:00,54483.10546875,2296.961181640625
2024-09-08 10:00:00+00:00,54605.60546875,2303.752197265625
2024-09-08 11:00:00+00:00,54548.59765625,2296.54150390625
2024-09-08 12:00:00+00:00,54225.25390625,2278.7275390625
2024-09-08 13:00:00+00:00,54391.3984375,2283.99560546875
2024-09-08 14:00:00+00:00,54150.703125,2268.27294921875
2024-09-08 15:00:00+00:00,53773.28125,2249.12939453125
2024-09-08 16:00:00+00:00,53921.46484375,2251.49169921875
2024-09-08 17:00:00+00:00,54454.64453125,2279.02734375
2024-09-08 18:00:00+00:00,54421.41796875,2277.49755859375
2024-09-08 19:00:00+00:00,54337.359375,2271.837646484375
2024-09-08 20:00:00+00:00,54384.85546875,2277.014892578125
2024-09-08 21:00:00+00:00,54451.28515625,2280.885498046875
2024-09-08 22:00:00+00:00,54554.44140625,2294.505126953125
2024-09-08 23:00:00+00:00,54851.88671875,2297.896240234375
2024-09-09 00:00:00+00:00,55049.49609375,2306.968505859375
2024-09-09 01:00:00+00:00,55117.73828125,2311.299072265625
2024-09-09 02:00:00+00:00,55121.640625,2307.424072265625
2024-09-09 03:00:00+00:00,55128.90625,2304.660888671875
2024-09-09 04:00:00+00:00,54864.62890625,2297.525390625
2024-09-09 05:00:00+00:00,54652.68359375,2288.065185546875
2024-09-09 06:00:00+00:00,54830.046875,2299.83349609375
2024-09-09 07:00:00+00:00,54960.0078125,2313.732421875
2024-09-09 08:00:00+00:00,55216.41796875,2325.113037109375
2024-09-09 09:00:00+00:00,55157.3828125,2317.881103515625
2024-09-09 10:00:00+00:00,55355.8515625,2319.788330078125
2024-09-09 11:00:00+00:00,55250.74609375,2314.770263671875
2024-09-09 12:00:00+00:00,55336.49609375,2312.498779296875
2024-09-09 13:00:00+00:00,55747.11328125,2323.886962890625
2024-09-09 14:00:00+00:00,54857.9609375,2279.23828125
2024-09-09 15:00:00+00:00,55400.25,2293.617431640625
2024-09-09 16:00:00+00:00,56500.5703125,2343.785400390625
2024-09-09 17:00:00+00:00,56512.0859375,2342.5048828125
2024-09-09 18:00:00+00:00,56524.75390625,2332.306640625
2024-09-09 19:00:00+00:00,57163.04296875,2351.865234375
2024-09-09 20:00:00+00:00,56990.50390625,2340.95556640625
2024-09-09 21:00:00+00:00,57496.46875,2371.633056640625
2024-09-09 22:00:00+00:00,57237.6484375,2358.253173828125
2024-09-09 23:00:00+00:00,57020.09765625,2358.497802734375
2024-09-10 00:00:00+00:00,56997.46484375,2350.34912109375
2024-09-10 01:00:00+00:00,56906.8125,2342.91162109375
2024-09-10 02:00:00+00:00,56787.44140625,2345.578125
2024-09-10 03:00:00+00:00,56560.37109375,2342.3759765625
2024-09-10 04:00:00+00:00,56618.921875,2338.1015625
2024-09-10 05:00:00+00:00,56916.140625,2347.892333984375
2024-09-10 06:00:00+00:00,56832.30859375,2344.00634765625
2024-09-10 07:00:00+00:00,57206.94140625,2362.22265625
2024-09-10 08:00:00+00:00,57027.00390625,2353.4404296875
2024-09-10 09:00:00+00:00,57163.94921875,2351.77001953125
2024-09-10 10:00:00+00:00,57161.16015625,2350.67041015625
2024-09-10 11:00:00+00:00,57239.625,2352.07861328125
2024-09-10 12:00:00+00:00,57214.9765625,2351.117431640625
2024-09-10 13:00:00+00:00,56769.28515625,2332.986083984375
2024-09-10 14:00:00+00:00,56912.96875,2336.42724609375
2024-09-10 15:00:00+00:00,56684.12109375,2328.938720703125
2024-09-10 16:00:00+00:00,56873.08984375,2339.51904296875
2024-09-10 17:00:00+00:00,57150.4453125,2349.9619140625
2024-09-10 18:00:00+00:00,57574.66796875,2367.203125
2024-09-10 19:00:00+00:00,58011.03515625,2382.264892578125
2024-09-10 20:00:00+00:00,57611.32421875,2379.138427734375
2024-09-10 21:00:00+00:00,57495.16796875,2373.8388671875
2024-09-10 22:00:00+00:00,57613.90625,2390.52392578125
2024-09-10 23:00:00+00:00,57650.2890625,2389.603759765625
2024-09-11 00:00:00+00:00,57655.1015625,2378.538330078125
2024-09-11 01:00:00+00:00,56882.34375,2354.747802734375
2024-09-11 02:00:00+00:00,56945.546875,2354.263916015625
2024-09-11 03:00:00+00:00,56788.8828125,2347.565673828125
2024-09-11 04:00:00+00:00,56552.33984375,2333.33251953125
2024-09-11 05:00:00+00:00,56260.90234375,2326.300048828125
2024-09-11 06:00:00+00:00,56465.76953125,2331.60205078125
2024-09-11 07:00:00+00:00,56714.19140625,2342.345458984375
2024-09-11 08:00:00+00:00,56430.08984375,2324.267578125
2024-09-11 09:00:00+00:00,56677.48046875,2329.39697265625
2024-09-11 10:00:00+00:00,56501.0234375,2315.161865234375
2024-09-11 11:00:00+00:00,56769.0,2325.807861328125
2024-09-11 12:00:00+00:00,56749.71875,2334.14306640625
2024-09-11 13:00:00+00:00,55838.640625,2289.38427734375
2024-09-11 14:00:00+00:00,55826.7109375,2301.841552734375
2024-09-11 15:00:00+00:00,56716.01171875,2325.29541015625
2024-09-11 16:00:00+00:00,57257.5859375,2344.267333984375
2024-09-11 17:00:00+00:00,57676.71484375,2356.7197265625
2024-09-11 18:00:00+00:00,57500.859375,2337.63330078125
2024-09-11 19:00:00+00:00,57673.984375,2343.56494140625
2024-09-11 20:00:00+00:00,57495.8984375,2347.33447265625
2024-09-11 21:00:00+00:00,57337.140625,2342.36572265625
2024-09-11 22:00:00+00:00,57455.51953125,2339.6953125
2024-09-11 23:00:00+00:00,57343.171875,2339.8408203125
2024-09-12 00:00:00+00:00,57637.5546875,2353.551025390625
2024-09-12 01:00:00+00:00,57868.90625,2363.384521484375
2024-09-12 02:00:00+00:00,57930.87109375,2362.6611328125
2024-09-12 03:00:00+00:00,58251.6484375,2369.775634765625
2024-09-12 04:00:00+00:00,58194.53515625,2364.583984375
2024-09-12 05:00:00+00:00,57972.9609375,2357.169921875
2024-09-12 06:00:00+00:00,57943.65234375,2359.06884765625
2024-09-12 07:00:00+00:00,58119.0546875,2357.9541015625
2024-09-12 08:00:00+00:00,58167.25,2358.727783203125
2024-09-12 09:00:00+00:00,58044.4765625,2353.084716796875
2024-09-12 10:00:00+00:00,57943.515625,2346.663818359375
2024-09-12 11:00:00+00:00,58047.91015625,2348.389892578125
2024-09-12 12:00:00+00:00,57684.49609375,2343.304443359375
2024-09-12 13:00:00+00:00,57544.05859375,2339.12890625
2024-09-12 14:00:00+00:00,57687.07421875,2331.536376953125
2024-09-12 15:00:00+00:00,57506.4296875,2323.25634765625
2024-09-12 16:00:00+00:00,58058.40234375,2339.762451171875
2024-09-12 17:00:00+00:00,58391.359375,2348.855712890625
2024-09-12 18:00:00+00:00,58148.8125,2345.947021484375
2024-09-12 19:00:00+00:00,58387.02734375,2359.915283203125
2024-09-12 20:00:00+00:00,58186.66015625,2351.37451171875
2024-09-12 21:00:00+00:00,57912.6328125,2349.664306640625
2024-09-12 22:00:00+00:00,58131.265625,2360.6005859375
2024-09-12 23:00:00+00:00,58130.32421875,2361.740966796875
2024-09-13 00:00:00+00:00,58032.65234375,2357.915283203125
2024-09-13 01:00:00+00:00,58116.55859375,2357.864013671875
2024-09-13 02:00:00+00:00,58054.3203125,2356.870849609375
2024-09-13 03:00:00+00:00,57850.9140625,2357.120361328125
2024-09-13 04:00:00+00:00,57856.67578125,2350.056640625
2024-09-13 05:00:00+00:00,57948.42578125,2349.49072265625
2024-09-13 06:00:00+00:00,57774.34765625,2338.53173828125
2024-09-13 07:00:00+00:00,58140.328125,2349.4150390625
2024-09-13 08:00:00+00:00,57955.7578125,2343.338623046875
2024-09-13 09:00:00+00:00,58091.70703125,2352.61474609375
2024-09-13 10:00:00+00:00,58320.47265625,2368.35986328125
2024-09-13 11:00:00+00:00,57852.71875,2353.048828125
2024-09-13 12:00:00+00:00,57929.4921875,2354.676513671875
2024-09-13 13:00:00+00:00,58122.23046875,2357.656982421875
2024-09-13 14:00:00+00:00,58404.33984375,2365.289794921875
2024-09-13 15:00:00+00:00,59621.0390625,2405.92578125
2024-09-13 16:00:00+00:00,59476.13671875,2407.51806640625
2024-09-13 17:00:00+00:00,59604.53125,2411.465576171875
2024-09-13 18:00:00+00:00,59752.8203125,2420.875244140625
2024-09-13 19:00:00+00:00,59700.98046875,2414.659912109375
2024-09-13 20:00:00+00:00,59947.96484375,2424.851318359375
2024-09-13 21:00:00+00:00,60305.37890625,2446.764892578125
2024-09-13 22:00:00+00:00,60638.91015625,2447.75
2024-09-13 23:00:00+00:00,60569.1171875,2441.580810546875
2024-09-14 00:00:00+00:00,60457.49609375,2430.817626953125
2024-09-14 01:00:00+00:00,60453.63671875,2424.644287109375
2024-09-14 02:00:00+00:00,60328.1796875,2426.7568359375
2024-09-14 03:00:00+00:00,60379.34375,2434.245849609375
2024-09-14 04:00:00+00:00,60217.5390625,2427.372802734375
2024-09-14 05:00:00+00:00,59986.16796875,2417.509521484375
2024-09-14 06:00:00+00:00,60065.46875,2420.331787109375
2024-09-14 07:00:00+00:00,60168.54296875,2421.6953125
2024-09-14 08:00:00+00:00,59988.1015625,2415.59033203125
2024-09-14 09:00:00+00:00,60073.8125,2421.240478515625
2024-09-14 10:00:00+00:00,59854.38671875,2414.46923828125
2024-09-14 11:00:00+00:00,59736.859375,2417.626953125
2024-09-14 12:00:00+00:00,59820.88671875,2421.40478515625
2024-09-14 13:00:00+00:00,59789.86328125,2418.870361328125
2024-09-14 14:00:00+00:00,59943.95703125,2421.44091796875
2024-09-14 15:00:00+00:00,59895.89453125,2419.39599609375
2024-09-14 16:00:00+00:00,59987.828125,2418.828125
2024-09-14 17:00:00+00:00,59894.55078125,2415.005615234375
2024-09-14 18:00:00+00:00,59820.06640625,2407.871337890625
2024-09-14 19:00:00+00:00,59820.45703125,2409.5205078125
2024-09-14 20:00:00+00:00,60022.640625,2416.61669921875
2024-09-14 21:00:00+00:00,60051.078125,2417.044921875
2024-09-14 22:00:00+00:00,60025.2734375,2417.544921875
2024-09-14 23:00:00+00:00,60000.7265625,2418.26611328125
2024-09-15 00:00:00+00:00,60045.8125,2420.60595703125
2024-09-15 01:00:00+00:00,60252.66796875,2426.19921875
2024-09-15 02:00:00+00:00,60250.36328125,2426.8701171875
2024-09-15 03:00:00+00:00,60165.60546875,2421.16552734375
2024-09-15 04:00:00+00:00,60157.203125,2417.25341796875
2024-09-15 05:00:00+00:00,60181.171875,2419.598388671875
2024-09-15 06:00:00+00:00,60161.56640625,2420.692138671875
2024-09-15 07:00:00+00:00,60202.33984375,2423.05810546875
2024-09-15 08:00:00+00:00,60085.45703125,2415.776611328125
2024-09-15 09:00:00+00:00,60030.4609375,2413.11962890625
2024-09-15 10:00:00+00:00,60005.265625,2409.97509765625
2024-09-15 11:00:00+00:00,60013.19921875,2407.329345703125
2024-09-15 12:00:00+00:00,60071.3125,2410.230224609375
2024-09-15 13:00:00+00:00,60191.7109375,2410.98681640625
2024-09-15 14:00:00+00:00,60270.60546875,2411.07470703125
2024-09-15 15:00:00+00:00,60352.7265625,2410.234619140625
2024-09-15 16:00:00+00:00,59972.2109375,2390.073974609375
2024-09-15 17:00:00+00:00,59838.109375,2384.384521484375
2024-09-15 18:00:00+00:00,59989.12109375,2379.244873046875
2024-09-15 19:00:00+00:00,59888.3828125,2372.68359375
2024-09-15 20:00:00+00:00,59836.35546875,2364.755859375
2024-09-15 21:00:00+00:00,59653.51171875,2353.177490234375
2024-09-15 22:00:00+00:00,59425.55078125,2346.470947265625
2024-09-15 23:00:00+00:00,59185.2265625,2320.89453125
2024-09-16 00:00:00+00:00,58679.8515625,2302.603271484375
2024-09-16 01:00:00+00:00,58666.4609375,2280.977783203125
2024-09-16 02:00:00+00:00,58213.70703125,2258.4921875
2024-09-16 03:00:00+00:00,58581.89453125,2278.298095703125
2024-09-16 04:00:00+00:00,58333.83203125,2279.494140625
2024-09-16 05:00:00+00:00,58647.984375,2292.314208984375
2024-09-16 06:00:00+00:00,58696.98046875,2290.624267578125
2024-09-16 07:00:00+00:00,58906.94921875,2310.45751953125
2024-09-16 08:00:00+00:00,58909.46875,2315.399658203125
2024-09-16 09:00:00+00:00,58642.44140625,2294.29736328125
2024-09-16 10:00:00+00:00,58702.16796875,2302.555419921875
2024-09-16 11:00:00+00:00,58656.88671875,2307.885009765625
2024-09-16 12:00:00+00:00,58584.44921875,2302.525634765625
2024-09-16 13:00:00+00:00,58434.578125,2302.02685546875
2024-09-16 14:00:00+00:00,57609.5859375,2278.875732421875
2024-09-16 15:00:00+00:00,57914.42578125,2288.812744140625
2024-09-16 16:00:00+00:00,57847.79296875,2290.2177734375
2024-09-16 17:00:00+00:00,58182.09375,2305.317626953125
2024-09-16 18:00:00+00:00,57807.7890625,2287.24658203125
2024-09-16 19:00:00+00:00,57978.54296875,2281.64892578125
2024-09-16 20:00:00+00:00,57658.56640625,2273.08056640625
2024-09-16 21:00:00+00:00,57975.44140625,2289.75146484375
2024-09-16 22:00:00+00:00,57958.9609375,2283.980712890625
2024-09-16 23:00:00+00:00,58192.5078125,2295.284423828125
2024-09-17 00:00:00+00:00,57647.4921875,2274.64501953125
2024-09-17 01:00:00+00:00,57864.87890625,2274.25390625
2024-09-17 02:00:00+00:00,58106.16015625,2286.8115234375
2024-09-17 03:00:00+00:00,58058.48828125,2284.05322265625
2024-09-17 04:00:00+00:00,58239.609375,2287.698974609375
2024-09-17 05:00:00+00:00,58665.2890625,2302.026611328125
2024-09-17 06:00:00+00:00,58495.33984375,2300.322998046875
2024-09-17 07:00:00+00:00,58690.1015625,2309.70947265625
2024-09-17 08:00:00+00:00,58786.640625,2309.55078125
2024-09-17 09:00:00+00:00,58972.91796875,2314.720947265625
2024-09-17 10:00:00+00:00,59220.04296875,2316.22802734375
2024-09-17 11:00:00+00:00,59114.56640625,2308.977783203125
2024-09-17 12:00:00+00:00,59431.62890625,2320.869384765625
2024-09-17 13:00:00+00:00,58949.078125,2306.2216796875
2024-09-17 14:00:00+00:00,60249.859375,2346.6484375
2024-09-17 15:00:00+00:00,61137.2734375,2384.283203125
2024-09-17 16:00:00+00:00,60929.80078125,2370.738525390625
2024-09-17 17:00:00+00:00,60930.546875,2366.480224609375
2024-09-17 18:00:00+00:00,60565.4140625,2350.730712890625
2024-09-17 19:00:00+00:00,60024.77734375,2351.296630859375
2024-09-17 20:00:00+00:00,60157.44921875,2345.3408203125
2024-09-17 21:00:00+00:00,60327.7890625,2347.755859375
2024-09-17 22:00:00+00:00,60274.16015625,2339.338134765625
2024-09-17 23:00:00+00:00,60309.0,2341.73291015625
2024-09-18 00:00:00+00:00,60265.2265625,2324.889404296875
2024-09-18 01:00:00+00:00,60111.1640625,2324.385498046875
2024-09-18 02:00:00+00:00,60336.08984375,2331.988525390625
2024-09-18 03:00:00+00:00,60526.796875,2335.655517578125
2024-09-18 04:00:00+00:00,60385.8203125,2322.043701171875
2024-09-18 05:00:00+00:00,60249.609375,2320.86328125
2024-09-18 06:00:00+00:00,60429.3671875,2327.52880859375
2024-09-18 07:00:00+00:00,60445.30078125,2330.848388671875
2024-09-18 08:00:00+00:00,60192.33203125,2320.968994140625
2024-09-18 09:00:00+00:00,59698.94140625,2298.86669921875
2024-09-18 10:00:00+00:00,59911.66015625,2306.431396484375
2024-09-18 11:00:00+00:00,59880.828125,2301.698486328125
2024-09-18 12:00:00+00:00,59993.25390625,2312.47216796875
2024-09-18 13:00:00+00:00,59439.79296875,2294.646484375
2024-09-18 14:00:00+00:00,59456.51171875,2297.31787109375
2024-09-18 15:00:00+00:00,59476.66796875,2298.838623046875
2024-09-18 16:00:00+00:00,59944.921875,2307.2802734375
2024-09-18 17:00:00+00:00,60003.48046875,2309.222412109375
2024-09-18 18:00:00+00:00,60654.56640625,2335.90673828125
2024-09-18 19:00:00+00:00,60063.84765625,2314.19921875
2024-09-18 20:00:00+00:00,60236.59765625,2326.3359375
2024-09-18 21:00:00+00:00,60244.16796875,2333.46630859375
2024-09-18 22:00:00+00:00,60678.515625,2340.372802734375
2024-09-18 23:00:00+00:00,61651.15625,2369.374755859375
2024-09-19 00:00:00+00:00,62227.11328125,2398.967529296875
2024-09-19 01:00:00+00:00,62007.73046875,2390.02099609375
2024-09-19 02:00:00+00:00,62205.546875,2398.5029296875
2024-09-19 03:00:00+00:00,62104.41015625,2404.067138671875
2024-09-19 04:00:00+00:00,62102.0625,2416.608642578125
2024-09-19 05:00:00+00:00,62014.91015625,2412.23486328125
2024-09-19 06:00:00+00:00,62025.78515625,2418.21142578125
2024-09-19 07:00:00+00:00,62094.35546875,2437.302734375
2024-09-19 08:00:00+00:00,61940.19140625,2432.43310546875
2024-09-19 09:00:00+00:00,62264.02734375,2431.15185546875
2024-09-19 10:00:00+00:00,62345.265625,2427.48779296875
2024-09-19 11:00:00+00:00,62685.5234375,2437.180908203125
2024-09-19 12:00:00+00:00,62924.41015625,2435.46533203125
2024-09-19 13:00:00+00:00,63033.53515625,2433.955078125
2024-09-19 14:00:00+00:00,62952.72265625,2427.987060546875
2024-09-19 15:00:00+00:00,63177.40625,2440.15576171875
2024-09-19 16:00:00+00:00,63540.38671875,2470.926513671875
2024-09-19 17:00:00+00:00,63768.5703125,2476.80712890625
2024-09-19 18:00:00+00:00,63615.94140625,2475.351806640625
2024-09-19 19:00:00+00:00,63283.08984375,2463.101318359375
2024-09-19 20:00:00+00:00,63064.92578125,2466.753662109375
2024-09-19 21:00:00+00:00,62943.8515625,2463.872314453125
2024-09-19 22:00:00+00:00,62984.765625,2473.4462890625
2024-09-19 23:00:00+00:00,62941.42578125,2464.7822265625
2024-09-20 00:00:00+00:00,62800.24609375,2448.853271484375
2024-09-20 01:00:00+00:00,63006.79296875,2453.59375
2024-09-20 02:00:00+00:00,63099.8046875,2455.242431640625
2024-09-20 03:00:00+00:00,63607.8828125,2507.287109375
2024-09-20 04:00:00+00:00,63837.421875,2539.335205078125
2024-09-20 05:00:00+00:00,63767.95703125,2543.938720703125
2024-09-20 06:00:00+00:00,63792.81640625,2562.912841796875
2024-09-20 07:00:00+00:00,63549.46484375,2562.5810546875
2024-09-20 08:00:00+00:00,63315.234375,2546.11376953125
2024-09-20 09:00:00+00:00,63470.48046875,2543.120849609375
2024-09-20 10:00:00+00:00,63647.5390625,2554.71435546875
2024-09-20 11:00:00+00:00,63439.390625,2545.203125
2024-09-20 12:00:00+00:00,63402.75390625,2553.2724609375
2024-09-20 13:00:00+00:00,62849.16796875,2529.71435546875
2024-09-20 14:00:00+00:00,63057.3359375,2546.3984375
2024-09-20 15:00:00+00:00,63204.3828125,2560.865478515625
2024-09-20 16:00:00+00:00,62938.046875,2552.25146484375
2024-09-20 17:00:00+00:00,62695.21484375,2535.55078125
2024-09-20 18:00:00+00:00,62915.5859375,2544.614990234375
2024-09-20 19:00:00+00:00,62952.44140625,2542.05419921875
2024-09-20 20:00:00+00:00,62837.63671875,2541.092529296875
2024-09-20 21:00:00+00:00,63135.0078125,2546.0927734375
2024-09-20 22:00:00+00:00,63191.05859375,2550.544189453125
2024-09-20 23:00:00+00:00,63184.33984375,2560.879638671875
2024-09-21 00:00:00+00:00,63209.6171875,2570.176513671875
2024-09-21 01:00:00+00:00,62869.046875,2544.578369140625
2024-09-21 02:00:00+00:00,62922.703125,2543.18798828125
2024-09-21 03:00:00+00:00,62890.34765625,2545.017333984375
2024-09-21 04:00:00+00:00,62864.5625,2538.441650390625
2024-09-21 05:00:00+00:00,62912.12890625,2544.11865234375
2024-09-21 06:00:00+00:00,63004.58203125,2548.621826171875
2024-09-21 07:00:00+00:00,63099.625,2555.744873046875
2024-09-21 08:00:00+00:00,63039.9609375,2549.740966796875
2024-09-21 09:00:00+00:00,63126.0234375,2552.8447265625
2024-09-21 10:00:00+00:00,62978.30859375,2546.26416015625
2024-09-21 11:00:00+00:00,63103.76171875,2557.205322265625
2024-09-21 12:00:00+00:00,63156.2265625,2561.44970703125
2024-09-21 13:00:00+00:00,63188.04296875,2570.607421875
2024-09-21 14:00:00+00:00,63271.80859375,2567.42919921875
2024-09-21 15:00:00+00:00,63204.09765625,2560.8896484375
2024-09-21 16:00:00+00:00,63220.546875,2560.700927734375
2024-09-21 17:00:00+00:00,63287.47265625,2569.5498046875
2024-09-21 18:00:00+00:00,63277.265625,2570.1787109375
2024-09-21 19:00:00+00:00,63207.55078125,2571.025146484375
2024-09-21 20:00:00+00:00,63162.9921875,2567.193115234375
2024-09-21 21:00:00+00:00,63098.05859375,2563.302978515625
2024-09-21 22:00:00+00:00,63248.9375,2576.328857421875
2024-09-21 23:00:00+00:00,63396.8046875,2615.51123046875
2024-09-22 00:00:00+00:00,63239.86328125,2621.316162109375
2024-09-22 01:00:00+00:00,63061.76171875,2602.699951171875
2024-09-22 02:00:00+00:00,62964.22265625,2595.395751953125
2024-09-22 03:00:00+00:00,63126.2578125,2596.37255859375
2024-09-22 04:00:00+00:00,63117.28515625,2600.734619140625
2024-09-22 05:00:00+00:00,62948.484375,2583.304931640625
2024-09-22 06:00:00+00:00,62892.68359375,2581.46044921875
2024-09-22 07:00:00+00:00,62956.15625,2588.53515625
2024-09-22 08:00:00+00:00,63030.98046875,2594.72021484375
2024-09-22 09:00:00+00:00,62763.5078125,2581.16845703125
2024-09-22 10:00:00+00:00,62676.3671875,2581.226806640625
2024-09-22 11:00:00+00:00,62827.8046875,2583.513671875
2024-09-22 12:00:00+00:00,62795.57421875,2581.599853515625
2024-09-22 13:00:00+00:00,62629.88671875,2572.35595703125
2024-09-22 14:00:00+00:00,62648.1171875,2562.873291015625
2024-09-22 15:00:00+00:00,62702.0234375,2572.3544921875
2024-09-22 16:00:00+00:00,62817.5390625,2573.136962890625
2024-09-22 17:00:00+00:00,63101.6640625,2587.4501953125
2024-09-22 18:00:00+00:00,63022.98046875,2580.284912109375
2024-09-22 19:00:00+00:00,63178.171875,2581.50146484375
2024-09-22 20:00:00+00:00,63179.12890625,2573.32861328125
2024-09-22 21:00:00+00:00,62836.5234375,2558.2138671875
2024-09-22 22:00:00+00:00,63964.015625,2592.870849609375
2024-09-22 23:00:00+00:00,63643.1015625,2582.85107421875
2024-09-23 00:00:00+00:00,63635.72265625,2597.1962890625
2024-09-23 01:00:00+00:00,63811.1796875,2610.292236328125
2024-09-23 02:00:00+00:00,63968.8203125,2633.98876953125
2024-09-23 03:00:00+00:00,64349.203125,2673.529052734375
2024-09-23 04:00:00+00:00,63931.734375,2663.431640625
2024-09-23 05:00:00+00:00,63743.08203125,2658.033447265625
2024-09-23 06:00:00+00:00,63657.8984375,2656.14697265625
2024-09-23 07:00:00+00:00,63550.58984375,2644.529541015625
2024-09-23 08:00:00+00:00,63498.6953125,2645.91162109375
2024-09-23 09:00:00+00:00,63630.03515625,2656.437744140625
2024-09-23 10:00:00+00:00,63501.83203125,2650.225341796875
2024-09-23 11:00:00+00:00,63407.48828125,2645.11376953125
2024-09-23 12:00:00+00:00,63330.55078125,2645.931884765625
2024-09-23 13:00:00+00:00,63183.52734375,2643.93505859375
2024-09-23 14:00:00+00:00,63398.52734375,2660.512451171875
2024-09-23 15:00:00+00:00,63651.41015625,2679.549560546875
2024-09-23 16:00:00+00:00,63252.2578125,2665.252685546875
2024-09-23 17:00:00+00:00,63315.2578125,2668.26708984375
2024-09-23 18:00:00+00:00,63466.71875,2682.193603515625
2024-09-23 19:00:00+00:00,63281.14453125,2670.121826171875
2024-09-23 20:00:00+00:00,63348.65625,2664.347412109375
2024-09-23 21:00:00+00:00,63342.09375,2654.80029296875
2024-09-23 22:00:00+00:00,63237.6015625,2646.92724609375
2024-09-23 23:00:00+00:00,63326.83984375,2648.482177734375
2024-09-24 00:00:00+00:00,62966.46484375,2631.581298828125
2024-09-24 01:00:00+00:00,62980.2890625,2630.277587890625
2024-09-24 02:00:00+00:00,63098.9375,2620.22607421875
2024-09-24 03:00:00+00:00,63114.89453125,2625.78759765625
2024-09-24 04:00:00+00:00,63050.5546875,2622.229736328125
2024-09-24 05:00:00+00:00,63211.44140625,2632.112548828125
2024-09-24 06:00:00+00:00,63294.76953125,2638.797607421875
2024-09-24 07:00:00+00:00,63548.3359375,2646.645751953125
2024-09-24 08:00:00+00:00,63914.6328125,2664.940673828125
2024-09-24 09:00:00+00:00,63525.3828125,2644.845947265625
2024-09-24 10:00:00+00:00,63562.41796875,2649.051513671875
2024-09-24 11:00:00+00:00,63466.83984375,2636.280517578125
2024-09-24 12:00:00+00:00,63438.6484375,2632.4013671875
2024-09-24 13:00:00+00:00,63626.65625,2638.35205078125
2024-09-24 14:00:00+00:00,63195.6796875,2614.5205078125
2024-09-24 15:00:00+00:00,63191.19140625,2613.177734375
2024-09-24 16:00:00+00:00,63313.8828125,2629.1669921875
2024-09-24 17:00:00+00:00,63813.24609375,2649.370361328125
2024-09-24 18:00:00+00:00,63744.48828125,2638.64453125
2024-09-24 19:00:00+00:00,64284.71875,2650.89013671875
2024-09-24 20:00:00+00:00,64222.69921875,2650.8515625
2024-09-24 21:00:00+00:00,64036.76171875,2647.85693359375
2024-09-24 22:00:00+00:00,64629.11328125,2668.91845703125
2024-09-24 23:00:00+00:00,64302.58984375,2654.361572265625
2024-09-25 00:00:00+00:00,64143.390625,2639.46630859375
2024-09-25 01:00:00+00:00,64440.62890625,2653.7587890625
2024-09-25 02:00:00+00:00,64432.27734375,2648.222412109375
2024-09-25 03:00:00+00:00,64448.8203125,2646.2646484375
2024-09-25 04:00:00+00:00,64210.5234375,2626.51513671875
2024-09-25 05:00:00+00:00,64176.21875,2624.73681640625
2024-09-25 06:00:00+00:00,63811.49609375,2617.809326171875
2024-09-25 07:00:00+00:00,63843.453125,2624.021484375
2024-09-25 08:00:00+00:00,63818.94140625,2624.904052734375
2024-09-25 09:00:00+00:00,63618.84375,2620.410400390625
2024-09-25 10:00:00+00:00,63608.16015625,2621.269287109375
2024-09-25 11:00:00+00:00,63834.78125,2627.372802734375
2024-09-25 12:00:00+00:00,63665.234375,2619.907470703125
2024-09-25 13:00:00+00:00,63741.55078125,2618.0224609375
2024-09-25 14:00:00+00:00,63878.47265625,2625.770263671875
2024-09-25 15:00:00+00:00,63490.2890625,2600.018798828125
2024-09-25 16:00:00+00:00,63459.734375,2599.895263671875
2024-09-25 17:00:00+00:00,63166.65625,2575.450439453125
2024-09-25 18:00:00+00:00,63316.73828125,2581.014404296875
2024-09-25 19:00:00+00:00,63219.828125,2573.585205078125
2024-09-25 20:00:00+00:00,63486.00390625,2579.553955078125
2024-09-25 21:00:00+00:00,63456.046875,2581.766845703125
2024-09-25 22:00:00+00:00,63267.38671875,2571.629638671875
2024-09-25 23:00:00+00:00,63138.546875,2579.217529296875
2024-09-26 00:00:00+00:00,62956.4921875,2571.934814453125
2024-09-26 01:00:00+00:00,63131.59375,2586.1103515625
2024-09-26 02:00:00+00:00,63319.7890625,2596.458251953125
2024-09-26 03:00:00+00:00,63471.25,2601.046142578125
2024-09-26 04:00:00+00:00,63410.4375,2596.0888671875
2024-09-26 05:00:00+00:00,63578.984375,2611.28369140625
2024-09-26 06:00:00+00:00,63706.07421875,2615.648193359375
2024-09-26 07:00:00+00:00,63835.34765625,2631.879638671875
2024-09-26 08:00:00+00:00,63725.16796875,2619.516357421875
2024-09-26 09:00:00+00:00,63780.55078125,2618.903564453125
2024-09-26 10:00:00+00:00,64344.87890625,2628.694091796875
2024-09-26 11:00:00+00:00,64401.359375,2628.092041015625
2024-09-26 12:00:00+00:00,64549.2890625,2631.56494140625
2024-09-26 13:00:00+00:00,64359.4921875,2618.972900390625
2024-09-26 14:00:00+00:00,64512.68359375,2620.347900390625
2024-09-26 15:00:00+00:00,65273.96484375,2654.030029296875
2024-09-26 16:00:00+00:00,65353.51953125,2654.574462890625
2024-09-26 17:00:00+00:00,65185.9375,2631.50439453125
2024-09-26 18:00:00+00:00,65269.0234375,2656.60205078125
2024-09-26 19:00:00+00:00,64819.99609375,2649.54736328125
2024-09-26 20:00:00+00:00,64721.734375,2633.708251953125
2024-09-26 21:00:00+00:00,65037.74609375,2639.175537109375
2024-09-26 22:00:00+00:00,65068.12890625,2636.66064453125
2024-09-26 23:00:00+00:00,65180.6640625,2632.241943359375
2024-09-27 00:00:00+00:00,65266.2734375,2640.51220703125
2024-09-27 01:00:00+00:00,65144.58203125,2627.041259765625
2024-09-27 02:00:00+00:00,64884.953125,2619.3037109375
2024-09-27 03:00:00+00:00,65373.5390625,2638.069580078125
2024-09-27 04:00:00+00:00,65317.171875,2645.755859375
2024-09-27 05:00:00+00:00,65364.69140625,2654.344482421875
2024-09-27 06:00:00+00:00,65341.3984375,2655.896484375
2024-09-27 07:00:00+00:00,65496.71875,2660.189697265625
2024-09-27 08:00:00+00:00,65749.8125,2666.703125
2024-09-27 09:00:00+00:00,65779.171875,2664.47119140625
2024-09-27 10:00:00+00:00,65531.6015625,2643.784423828125
2024-09-27 11:00:00+00:00,65440.65234375,2652.749755859375
2024-09-27 12:00:00+00:00,65752.9609375,2658.965087890625
2024-09-27 13:00:00+00:00,65637.671875,2660.995849609375
2024-09-27 14:00:00+00:00,66297.2890625,2684.03515625
2024-09-27 15:00:00+00:00,66046.8671875,2685.0166015625
2024-09-27 16:00:00+00:00,66331.6796875,2719.029052734375
2024-09-27 17:00:00+00:00,65877.7578125,2700.2236328125
2024-09-27 18:00:00+00:00,65887.46875,2699.97900390625
2024-09-27 19:00:00+00:00,65692.9921875,2697.67138671875
2024-09-27 20:00:00+00:00,65834.0234375,2696.717041015625
2024-09-27 21:00:00+00:00,65854.6484375,2695.59521484375
2024-09-27 22:00:00+00:00,65897.1875,2706.537841796875
2024-09-27 23:00:00+00:00,65792.1796875,2695.81591796875
2024-09-28 00:00:00+00:00,65910.65625,2696.8671875
2024-09-28 01:00:00+00:00,65970.2578125,2697.80908203125
2024-09-28 02:00:00+00:00,66188.1015625,2701.71923828125
2024-09-28 03:00:00+00:00,66080.2421875,2691.279052734375
2024-09-28 04:00:00+00:00,66028.2890625,2694.192138671875
2024-09-28 05:00:00+00:00,65970.59375,2685.735595703125
2024-09-28 06:00:00+00:00,65813.75,2680.69287109375
2024-09-28 07:00:00+00:00,65847.6796875,2679.2998046875
2024-09-28 08:00:00+00:00,65655.7578125,2667.078125
2024-09-28 09:00:00+00:00,65628.7109375,2669.884765625
2024-09-28 10:00:00+00:00,65769.609375,2674.345703125
2024-09-28 11:00:00+00:00,65792.3515625,2675.3837890625
2024-09-28 12:00:00+00:00,65547.796875,2659.29638671875
2024-09-28 13:00:00+00:00,65544.6796875,2660.363037109375
2024-09-28 14:00:00+00:00,65725.5546875,2673.0927734375
2024-09-28 15:00:00+00:00,65633.9375,2669.993896484375
2024-09-28 16:00:00+00:00,65546.28125,2665.88818359375
2024-09-28 17:00:00+00:00,65636.625,2675.986328125
2024-09-28 18:00:00+00:00,65738.34375,2676.8515625
2024-09-28 19:00:00+00:00,65732.53125,2678.10986328125
2024-09-28 20:00:00+00:00,65652.265625,2676.511474609375
2024-09-28 21:00:00+00:00,65663.890625,2670.67822265625
2024-09-28 22:00:00+00:00,65714.9609375,2677.261962890625
2024-09-28 23:00:00+00:00,65888.8984375,2677.628662109375
2024-09-29 00:00:00+00:00,65678.25,2669.0908203125
2024-09-29 01:00:00+00:00,65870.4140625,2675.736328125
2024-09-29 02:00:00+00:00,65833.203125,2676.26318359375
2024-09-29 03:00:00+00:00,65820.53125,2675.5205078125
2024-09-29 04:00:00+00:00,65754.9140625,2671.000732421875
2024-09-29 05:00:00+00:00,65607.125,2666.16943359375
2024-09-29 06:00:00+00:00,65504.07421875,2651.05419921875
2024-09-29 07:00:00+00:00,65493.3515625,2639.89794921875
2024-09-29 08:00:00+00:00,65570.2109375,2645.952880859375
2024-09-29 09:00:00+00:00,65588.6953125,2647.848876953125
2024-09-29 10:00:00+00:00,65559.7578125,2646.261474609375
2024-09-29 11:00:00+00:00,65699.796875,2652.802490234375
2024-09-29 12:00:00+00:00,65646.453125,2646.70263671875
2024-09-29 13:00:00+00:00,65820.8125,2656.5634765625
2024-09-29 14:00:00+00:00,65722.6328125,2653.045654296875
2024-09-29 15:00:00+00:00,65772.8125,2666.318359375
2024-09-29 16:00:00+00:00,65775.7109375,2664.5908203125
2024-09-29 17:00:00+00:00,65857.4609375,2664.0380859375
2024-09-29 18:00:00+00:00,65802.796875,2664.5302734375
2024-09-29 19:00:00+00:00,65976.078125,2667.546630859375
2024-09-29 20:00:00+00:00,65829.3359375,2661.35595703125
2024-09-29 21:00:00+00:00,65868.5703125,2664.43212890625
2024-09-29 22:00:00+00:00,65680.5,2657.0712890625
2024-09-29 23:00:00+00:00,65634.65625,2659.62060546875
2024-09-30 00:00:00+00:00,65470.82421875,2647.560791015625
2024-09-30 01:00:00+00:00,64757.0703125,2615.92529296875
2024-09-30 02:00:00+00:00,64403.32421875,2615.1640625
2024-09-30 03:00:00+00:00,64529.84765625,2628.2724609375
2024-09-30 04:00:00+00:00,64450.01953125,2628.4541015625
2024-09-30 05:00:00+00:00,64510.37890625,2636.514892578125
2024-09-30 06:00:00+00:00,64370.734375,2631.889892578125
2024-09-30 07:00:00+00:00,64581.19921875,2638.772216796875
2024-09-30 08:00:00+00:00,64316.453125,2641.20947265625
2024-09-30 09:00:00+00:00,63646.70703125,2612.651123046875
2024-09-30 10:00:00+00:00,63642.7109375,2604.9345703125
2024-09-30 11:00:00+00:00,63854.0703125,2629.2470703125
2024-09-30 12:00:00+00:00,64049.09765625,2633.153076171875
2024-09-30 13:00:00+00:00,63894.74609375,2624.8427734375
2024-09-30 14:00:00+00:00,63779.2734375,2613.016357421875
2024-09-30 15:00:00+00:00,63585.37109375,2598.3076171875
2024-09-30 16:00:00+00:00,63478.3125,2603.942626953125
2024-09-30 17:00:00+00:00,63606.078125,2604.234130859375
2024-09-30 18:00:00+00:00,63338.07421875,2588.90869140625
2024-09-30 19:00:00+00:00,63588.3828125,2598.250732421875
2024-09-30 20:00:00+00:00,63793.1484375,2613.572021484375
2024-09-30 21:00:00+00:00,63707.79296875,2610.670654296875
2024-09-30 22:00:00+00:00,63484.82421875,2602.74951171875
2024-09-30 23:00:00+00:00,63329.5,2603.062744140625
2024-10-01 00:00:00+00:00,63491.171875,2617.75927734375
2024-10-01 01:00:00+00:00,63396.97265625,2619.36083984375
2024-10-01 02:00:00+00:00,63391.46875,2617.157470703125
2024-10-01 03:00:00+00:00,63679.0625,2629.187255859375
2024-10-01 04:00:00+00:00,63787.46875,2643.108642578125
2024-10-01 05:00:00+00:00,63706.48046875,2638.19677734375
2024-10-01 06:00:00+00:00,64056.765625,2655.953857421875
2024-10-01 07:00:00+00:00,64019.8125,2644.3876953125
2024-10-01 08:00:00+00:00,63931.859375,2639.877685546875
2024-10-01 09:00:00+00:00,63904.375,2636.879150390625
2024-10-01 10:00:00+00:00,63908.390625,2637.740234375
2024-10-01 11:00:00+00:00,63733.515625,2629.317138671875
2024-10-01 12:00:00+00:00,63678.8515625,2623.1923828125
2024-10-01 13:00:00+00:00,62926.0625,2583.966064453125
2024-10-01 14:00:00+00:00,62581.765625,2548.397705078125
2024-10-01 15:00:00+00:00,62702.33203125,2528.586181640625
2024-10-01 16:00:00+00:00,62447.99609375,2510.03271484375
2024-10-01 17:00:00+00:00,62178.11328125,2507.7578125
2024-10-01 18:00:00+00:00,61968.29296875,2500.30908203125
2024-10-01 19:00:00+00:00,61726.2265625,2488.45654296875
2024-10-01 20:00:00+00:00,60704.10546875,2447.214599609375
2024-10-01 21:00:00+00:00,61098.421875,2469.841796875
2024-10-01 22:00:00+00:00,60752.375,2453.20361328125
2024-10-01 23:00:00+00:00,60836.32421875,2448.877197265625
2024-10-02 00:00:00+00:00,61029.4609375,2463.1533203125
2024-10-02 01:00:00+00:00,61497.04296875,2480.278564453125
2024-10-02 02:00:00+00:00,61800.05078125,2496.12548828125
2024-10-02 03:00:00+00:00,61757.02734375,2489.976318359375
2024-10-02 04:00:00+00:00,61464.453125,2485.91748046875
2024-10-02 05:00:00+00:00,61459.45703125,2477.586181640625
2024-10-02 06:00:00+00:00,61710.29296875,2486.635986328125
2024-10-02 07:00:00+00:00,61733.68359375,2482.42578125
2024-10-02 08:00:00+00:00,61797.734375,2480.769775390625
2024-10-02 09:00:00+00:00,61238.92578125,2451.146240234375
2024-10-02 10:00:00+00:00,61204.6484375,2451.770263671875
2024-10-02 11:00:00+00:00,61180.859375,2456.4453125
2024-10-02 12:00:00+00:00,60806.97265625,2437.099365234375
2024-10-02 13:00:00+00:00,61362.6328125,2451.5830078125
2024-10-02 14:00:00+00:00,61141.76171875,2435.7158203125
2024-10-02 15:00:00+00:00,61830.18359375,2458.812255859375
2024-10-02 16:00:00+00:00,61825.45703125,2454.814697265625
2024-10-02 17:00:00+00:00,61639.11328125,2447.4990234375
2024-10-02 18:00:00+00:00,60814.66015625,2394.5927734375
2024-10-02 19:00:00+00:00,60341.5078125,2379.572998046875
2024-10-02 20:00:00+00:00,60944.59375,2388.276123046875
2024-10-02 21:00:00+00:00,60865.74609375,2381.176025390625
2024-10-02 22:00:00+00:00,60809.9375,2380.485595703125
2024-10-02 23:00:00+00:00,60632.484375,2365.213623046875
2024-10-03 00:00:00+00:00,60968.18359375,2371.4326171875
2024-10-03 01:00:00+00:00,60997.203125,2383.4814453125
2024-10-03 02:00:00+00:00,61199.0,2392.66943359375
2024-10-03 03:00:00+00:00,61449.83984375,2398.817626953125
2024-10-03 04:00:00+00:00,61320.83984375,2396.130126953125
2024-10-03 05:00:00+00:00,61164.03515625,2383.579345703125
2024-10-03 06:00:00+00:00,61342.7109375,2389.768310546875
2024-10-03 07:00:00+00:00,60973.2578125,2366.535400390625
2024-10-03 08:00:00+00:00,60250.2265625,2336.77880859375
2024-10-03 09:00:00+00:00,60699.15625,2351.705810546875
2024-10-03 10:00:00+00:00,60963.6640625,2363.55322265625
2024-10-03 11:00:00+00:00,60767.96875,2352.631103515625
2024-10-03 12:00:00+00:00,60546.4140625,2355.281494140625
2024-10-03 13:00:00+00:00,60429.72265625,2348.53759765625
2024-10-03 14:00:00+00:00,60230.4375,2318.600830078125
2024-10-03 15:00:00+00:00,60608.80078125,2339.542724609375
2024-10-03 16:00:00+00:00,60117.07421875,2323.31640625
2024-10-03 17:00:00+00:00,60580.15625,2343.021728515625
2024-10-03 18:00:00+00:00,60732.05859375,2344.970947265625
2024-10-03 19:00:00+00:00,60984.953125,2351.97412109375
2024-10-03 20:00:00+00:00,60736.828125,2341.47265625
2024-10-03 21:00:00+00:00,60811.4453125,2350.525634765625
2024-10-03 22:00:00+00:00,60893.953125,2352.256591796875
2024-10-03 23:00:00+00:00,60754.625,2349.73291015625
2024-10-04 00:00:00+00:00,60500.52734375,2340.1083984375
2024-10-04 01:00:00+00:00,61248.9609375,2378.24169921875
2024-10-04 02:00:00+00:00,61048.5859375,2371.652587890625
2024-10-04 03:00:00+00:00,60935.140625,2366.071533203125
2024-10-04 04:00:00+00:00,60988.20703125,2373.283447265625
2024-10-04 05:00:00+00:00,61224.26171875,2383.6201171875
2024-10-04 06:00:00+00:00,61129.234375,2375.75927734375
2024-10-04 07:00:00+00:00,61451.94921875,2382.09619140625
2024-10-04 08:00:00+00:00,61472.9609375,2382.1904296875
2024-10-04 09:00:00+00:00,61319.80859375,2377.218505859375
2024-10-04 10:00:00+00:00,61282.1171875,2374.8349609375
2024-10-04 11:00:00+00:00,61438.76171875,2385.22412109375
2024-10-04 12:00:00+00:00,61823.87890625,2391.44677734375
2024-10-04 13:00:00+00:00,61568.7734375,2377.330810546875
2024-10-04 14:00:00+00:00,61168.41796875,2364.59033203125
2024-10-04 15:00:00+00:00,61833.66796875,2415.99951171875
2024-10-04 16:00:00+00:00,62241.8203125,2432.6357421875
2024-10-04 17:00:00+00:00,62040.1015625,2416.498779296875
2024-10-04 18:00:00+00:00,62319.83203125,2429.993408203125
2024-10-04 19:00:00+00:00,62382.94921875,2429.00244140625
2024-10-04 20:00:00+00:00,62449.66796875,2430.7412109375
2024-10-04 21:00:00+00:00,62284.5625,2424.453857421875
2024-10-04 22:00:00+00:00,62213.625,2420.750732421875
2024-10-04 23:00:00+00:00,62067.609375,2414.84716796875
2024-10-05 00:00:00+00:00,62151.484375,2422.543212890625
2024-10-05 01:00:00+00:00,62068.3984375,2417.653076171875
2024-10-05 02:00:00+00:00,61821.9609375,2402.1259765625
2024-10-05 03:00:00+00:00,61870.1171875,2399.677490234375
2024-10-05 04:00:00+00:00,61938.2421875,2405.04736328125
2024-10-05 05:00:00+00:00,62134.46875,2417.3720703125
2024-10-05 06:00:00+00:00,62221.6484375,2424.501220703125
2024-10-05 07:00:00+00:00,62091.13671875,2416.64111328125
2024-10-05 08:00:00+00:00,62135.42578125,2419.06982421875
2024-10-05 09:00:00+00:00,62269.3828125,2425.4482421875
2024-10-05 10:00:00+00:00,62215.0,2418.369140625
2024-10-05 11:00:00+00:00,62186.4921875,2417.4052734375
2024-10-05 12:00:00+00:00,62300.8359375,2422.00341796875
2024-10-05 13:00:00+00:00,62153.21484375,2410.9521484375
2024-10-05 14:00:00+00:00,62198.05078125,2414.52197265625
2024-10-05 15:00:00+00:00,62170.0625,2415.376708984375
2024-10-05 16:00:00+00:00,61986.515625,2406.189208984375
2024-10-05 17:00:00+00:00,62017.93359375,2409.94677734375
2024-10-05 18:00:00+00:00,61875.76953125,2402.832275390625
2024-10-05 19:00:00+00:00,61832.875,2395.016357421875
2024-10-05 20:00:00+00:00,61726.97265625,2392.568359375
2024-10-05 21:00:00+00:00,61852.1640625,2403.03515625
2024-10-05 22:00:00+00:00,62036.41015625,2418.195556640625
2024-10-05 23:00:00+00:00,62084.98828125,2415.53173828125
2024-10-06 00:00:00+00:00,61904.2578125,2409.43115234375
2024-10-06 01:00:00+00:00,62073.55859375,2419.45361328125
2024-10-06 02:00:00+00:00,61973.4140625,2417.217041015625
2024-10-06 03:00:00+00:00,61896.91796875,2414.04736328125
2024-10-06 04:00:00+00:00,61869.34375,2414.484619140625
2024-10-06 05:00:00+00:00,61956.82421875,2417.618896484375
2024-10-06 06:00:00+00:00,61948.13671875,2415.65625
2024-10-06 07:00:00+00:00,61952.36328125,2418.02294921875
2024-10-06 08:00:00+00:00,61986.203125,2421.0732421875
2024-10-06 09:00:00+00:00,62070.52734375,2422.16943359375
2024-10-06 10:00:00+00:00,62020.79296875,2420.045654296875
2024-10-06 11:00:00+00:00,62107.50390625,2428.194091796875
2024-10-06 12:00:00+00:00,62214.8203125,2429.283203125
2024-10-06 13:00:00+00:00,62257.68359375,2431.5185546875
2024-10-06 14:00:00+00:00,62744.74609375,2455.147705078125
2024-10-06 15:00:00+00:00,62716.82421875,2447.392333984375
2024-10-06 16:00:00+00:00,62639.69921875,2438.554443359375
2024-10-06 17:00:00+00:00,62608.3046875,2442.009521484375
2024-10-06 18:00:00+00:00,62720.2734375,2447.627197265625
2024-10-06 19:00:00+00:00,62630.296875,2441.309814453125
2024-10-06 20:00:00+00:00,62613.64453125,2438.517333984375
2024-10-06 21:00:00+00:00,62311.7734375,2417.227783203125
2024-10-06 22:00:00+00:00,62611.04296875,2431.92431640625
2024-10-06 23:00:00+00:00,62819.109375,2439.94482421875
2024-10-07 00:00:00+00:00,63696.2421875,2487.523681640625
2024-10-07 01:00:00+00:00,63820.953125,2496.1982421875
2024-10-07 02:00:00+00:00,63622.109375,2504.4091796875
2024-10-07 03:00:00+00:00,63508.1328125,2494.481689453125
2024-10-07 04:00:00+00:00,63476.23828125,2487.1435546875
2024-10-07 05:00:00+00:00,63402.03125,2484.612548828125
2024-10-07 06:00:00+00:00,63702.19140625,2490.572021484375
2024-10-07 07:00:00+00:00,63553.015625,2481.5595703125
2024-10-07 08:00:00+00:00,63565.32421875,2482.87744140625
2024-10-07 09:00:00+00:00,63193.07421875,2456.2734375
2024-10-07 10:00:00+00:00,62891.98046875,2448.893798828125
2024-10-07 11:00:00+00:00,63054.69921875,2471.395263671875
2024-10-07 12:00:00+00:00,62847.35546875,2463.919677734375
2024-10-07 13:00:00+00:00,63436.13671875,2475.626708984375
2024-10-07 14:00:00+00:00,64066.515625,2502.1064453125
2024-10-07 15:00:00+00:00,63656.97265625,2474.713623046875
2024-10-07 16:00:00+00:00,63826.99609375,2477.807861328125
2024-10-07 17:00:00+00:00,63788.20703125,2474.8974609375
2024-10-07 18:00:00+00:00,62906.80859375,2427.571044921875
2024-10-07 19:00:00+00:00,63352.53125,2447.122314453125
2024-10-07 20:00:00+00:00,62987.46875,2440.75537109375
2024-10-07 21:00:00+00:00,63324.37109375,2453.140380859375
2024-10-07 22:00:00+00:00,62592.7890625,2420.48388671875
2024-10-07 23:00:00+00:00,62221.64453125,2421.98095703125
2024-10-08 00:00:00+00:00,62512.078125,2435.883056640625
2024-10-08 01:00:00+00:00,62631.52734375,2434.836669921875
2024-10-08 02:00:00+00:00,62772.0078125,2444.296142578125
2024-10-08 03:00:00+00:00,62590.23046875,2437.2373046875
2024-10-08 04:00:00+00:00,62692.48046875,2438.244873046875
2024-10-08 05:00:00+00:00,62494.875,2427.89794921875
2024-10-08 06:00:00+00:00,62472.5859375,2435.181640625
2024-10-08 07:00:00+00:00,62269.0703125,2427.225830078125
2024-10-08 08:00:00+00:00,62379.80078125,2425.774658203125
2024-10-08 09:00:00+00:00,62565.8828125,2434.47900390625
2024-10-08 10:00:00+00:00,62491.48046875,2429.1103515625
2024-10-08 11:00:00+00:00,62610.234375,2439.111328125
2024-10-08 12:00:00+00:00,62480.40234375,2430.4814453125
2024-10-08 13:00:00+00:00,62939.5390625,2447.6376953125
2024-10-08 14:00:00+00:00,62667.39453125,2432.530029296875
2024-10-08 15:00:00+00:00,62266.04296875,2417.9990234375
2024-10-08 16:00:00+00:00,62496.7265625,2444.19677734375
2024-10-08 17:00:00+00:00,62305.37890625,2439.84716796875
2024-10-08 18:00:00+00:00,62081.49609375,2435.436767578125
2024-10-08 19:00:00+00:00,62300.26953125,2441.43359375
2024-10-08 20:00:00+00:00,62300.37890625,2440.192626953125
2024-10-08 21:00:00+00:00,62394.8984375,2455.470947265625
2024-10-08 22:00:00+00:00,62130.23828125,2439.83740234375
2024-10-08 23:00:00+00:00,62164.6484375,2439.840087890625
2024-10-09 00:00:00+00:00,62082.0859375,2435.376953125
2024-10-09 01:00:00+00:00,62427.05078125,2463.20068359375
2024-10-09 02:00:00+00:00,62239.6015625,2448.225341796875
2024-10-09 03:00:00+00:00,62339.625,2445.845703125
2024-10-09 04:00:00+00:00,62311.03515625,2443.2822265625
2024-10-09 05:00:00+00:00,62471.6171875,2449.544921875
2024-10-09 06:00:00+00:00,62404.578125,2443.289306640625
2024-10-09 07:00:00+00:00,62244.2734375,2434.968017578125
2024-10-09 08:00:00+00:00,62087.7421875,2428.84912109375
2024-10-09 09:00:00+00:00,62206.73046875,2435.57470703125
2024-10-09 10:00:00+00:00,62096.4140625,2432.487548828125
2024-10-09 11:00:00+00:00,62138.29296875,2438.840087890625
2024-10-09 12:00:00+00:00,61766.30859375,2431.57861328125
2024-10-09 13:00:00+00:00,61790.1875,2428.93798828125
2024-10-09 14:00:00+00:00,61765.94140625,2432.220458984375
2024-10-09 15:00:00+00:00,62278.21875,2458.4716796875
2024-10-09 16:00:00+00:00,61754.15625,2431.93310546875
2024-10-09 17:00:00+00:00,61703.74609375,2432.467529296875
2024-10-09 18:00:00+00:00,61145.71875,2411.470703125
2024-10-09 19:00:00+00:00,61004.12109375,2418.140869140625
2024-10-09 20:00:00+00:00,60455.8046875,2358.2705078125
2024-10-09 21:00:00+00:00,60866.796875,2377.99267578125
2024-10-09 22:00:00+00:00,60750.76953125,2371.314208984375
2024-10-09 23:00:00+00:00,60582.2265625,2368.273193359375
2024-10-10 00:00:00+00:00,60376.23828125,2373.40771484375
2024-10-10 01:00:00+00:00,60700.7421875,2389.639404296875
2024-10-10 02:00:00+00:00,60846.33203125,2393.22216796875
2024-10-10 03:00:00+00:00,60808.140625,2392.616943359375
2024-10-10 04:00:00+00:00,60831.67578125,2393.263671875
2024-10-10 05:00:00+00:00,60882.97265625,2402.254638671875
2024-10-10 06:00:00+00:00,61068.51953125,2406.567626953125
2024-10-10 07:00:00+00:00,60865.63671875,2394.3349609375
2024-10-10 08:00:00+00:00,60777.64453125,2381.2880859375
2024-10-10 09:00:00+00:00,60868.1953125,2383.608642578125
2024-10-10 10:00:00+00:00,61015.50390625,2394.290771484375
2024-10-10 11:00:00+00:00,61192.796875,2403.654296875
2024-10-10 12:00:00+00:00,60941.765625,2385.01904296875
2024-10-10 13:00:00+00:00,60868.5078125,2384.624755859375
2024-10-10 14:00:00+00:00,60540.4296875,2378.33544921875
2024-10-10 15:00:00+00:00,60732.06640625,2399.61083984375
2024-10-10 16:00:00+00:00,60307.05859375,2395.886962890625
2024-10-10 17:00:00+00:00,59506.8203125,2366.546630859375
2024-10-10 18:00:00+00:00,59323.36328125,2353.74609375
2024-10-10 19:00:00+00:00,59659.26953125,2367.119140625
2024-10-10 20:00:00+00:00,59680.52734375,2364.015625
2024-10-10 21:00:00+00:00,60092.87890625,2381.665283203125
2024-10-10 22:00:00+00:00,60116.8046875,2376.32568359375
2024-10-10 23:00:00+00:00,60275.4609375,2383.940185546875
2024-10-11 00:00:00+00:00,60172.85546875,2383.859130859375
2024-10-11 01:00:00+00:00,60557.7734375,2407.325439453125
2024-10-11 02:00:00+00:00,60498.1171875,2399.27294921875
2024-10-11 03:00:00+00:00,60591.875,2409.50341796875
2024-10-11 04:00:00+00:00,60617.05859375,2405.92138671875
2024-10-11 05:00:00+00:00,60604.6171875,2406.44140625
2024-10-11 06:00:00+00:00,60763.57421875,2410.853759765625
2024-10-11 07:00:00+00:00,60641.03125,2405.444580078125
2024-10-11 08:00:00+00:00,60643.62890625,2401.975341796875
2024-10-11 09:00:00+00:00,61035.3203125,2414.169189453125
2024-10-11 10:00:00+00:00,61116.15234375,2413.007080078125
2024-10-11 11:00:00+00:00,61164.7890625,2416.136474609375
2024-10-11 12:00:00+00:00,61276.7421875,2423.258056640625
2024-10-11 13:00:00+00:00,61779.76953125,2433.189208984375
2024-10-11 14:00:00+00:00,61812.62890625,2432.595703125
2024-10-11 15:00:00+00:00,62416.00390625,2445.6767578125
2024-10-11 16:00:00+00:00,62244.48046875,2438.4345703125
2024-10-11 17:00:00+00:00,62881.37890625,2449.396484375
2024-10-11 18:00:00+00:00,62884.65625,2445.384765625
2024-10-11 19:00:00+00:00,63017.21875,2457.12109375
2024-10-11 20:00:00+00:00,63020.0234375,2456.954345703125
2024-10-11 21:00:00+00:00,62815.125,2451.058349609375
2024-10-11 22:00:00+00:00,62437.328125,2439.751953125
2024-10-11 23:00:00+00:00,62417.61328125,2436.515625
2024-10-12 00:00:00+00:00,62750.78125,2447.707275390625
2024-10-12 01:00:00+00:00,62704.96484375,2442.92822265625
2024-10-12 02:00:00+00:00,62516.70703125,2435.589599609375
2024-10-12 03:00:00+00:00,62539.2734375,2438.063720703125
2024-10-12 04:00:00+00:00,62573.90625,2444.906982421875
2024-10-12 05:00:00+00:00,62755.9375,2446.568115234375
2024-10-12 06:00:00+00:00,62659.984375,2445.632080078125
2024-10-12 07:00:00+00:00,62747.26953125,2445.713623046875
2024-10-12 08:00:00+00:00,62701.80859375,2445.0048828125
2024-10-12 09:00:00+00:00,62804.66796875,2444.369873046875
2024-10-12 10:00:00+00:00,63016.6640625,2454.32421875
2024-10-12 11:00:00+00:00,62905.4375,2451.029541015625
2024-10-12 12:00:00+00:00,63035.71875,2459.122802734375
2024-10-12 13:00:00+00:00,63065.24609375,2460.640380859375
2024-10-12 14:00:00+00:00,63245.46484375,2470.90576171875
2024-10-12 15:00:00+00:00,63121.12109375,2470.79541015625
2024-10-12 16:00:00+00:00,63077.53125,2471.908203125
2024-10-12 17:00:00+00:00,63095.578125,2475.10107421875
2024-10-12 18:00:00+00:00,62938.48828125,2469.192626953125
2024-10-12 19:00:00+00:00,63016.546875,2471.826904296875
2024-10-12 20:00:00+00:00,63051.21875,2471.30712890625
2024-10-12 21:00:00+00:00,63185.03515625,2478.627197265625
2024-10-12 22:00:00+00:00,63277.20703125,2487.508056640625
2024-10-12 23:00:00+00:00,63192.9453125,2476.520263671875
2024-10-13 00:00:00+00:00,63207.55859375,2477.486572265625
2024-10-13 01:00:00+00:00,62861.171875,2466.08984375
2024-10-13 02:00:00+00:00,62843.47265625,2468.62060546875
2024-10-13 03:00:00+00:00,62684.33203125,2456.60498046875
2024-10-13 04:00:00+00:00,62802.36328125,2462.42626953125
2024-10-13 05:00:00+00:00,62852.16796875,2463.87060546875
2024-10-13 06:00:00+00:00,62854.40625,2463.992431640625
2024-10-13 07:00:00+00:00,62834.20703125,2464.396728515625
2024-10-13 08:00:00+00:00,62789.7734375,2461.455810546875
2024-10-13 09:00:00+00:00,62816.08984375,2466.13232421875
2024-10-13 10:00:00+00:00,62690.68359375,2463.1708984375
2024-10-13 11:00:00+00:00,62537.5,2458.174072265625
2024-10-13 12:00:00+00:00,62644.80078125,2464.514404296875
2024-10-13 13:00:00+00:00,62626.2265625,2463.516357421875
2024-10-13 14:00:00+00:00,62218.4921875,2445.409423828125
2024-10-13 15:00:00+00:00,62226.04296875,2440.492919921875
2024-10-13 16:00:00+00:00,62609.6796875,2454.184814453125
2024-10-13 17:00:00+00:00,62483.85546875,2445.67431640625
2024-10-13 18:00:00+00:00,62409.06640625,2444.56787109375
2024-10-13 19:00:00+00:00,62708.03125,2457.299072265625
2024-10-13 20:00:00+00:00,62725.1171875,2458.991943359375
2024-10-13 21:00:00+00:00,62863.58203125,2464.58984375
2024-10-13 22:00:00+00:00,62788.6875,2466.019287109375
2024-10-13 23:00:00+00:00,62848.3984375,2467.6474609375
2024-10-14 00:00:00+00:00,62507.38671875,2451.906005859375
2024-10-14 01:00:00+00:00,62601.6015625,2452.45751953125
2024-10-14 02:00:00+00:00,62557.046875,2450.10546875
2024-10-14 03:00:00+00:00,64236.484375,2519.1279296875
2024-10-14 04:00:00+00:00,64099.1875,2538.76513671875
2024-10-14 05:00:00+00:00,63893.5703125,2528.955810546875
2024-10-14 06:00:00+00:00,64052.62109375,2530.026611328125
2024-10-14 07:00:00+00:00,64578.03515625,2533.825439453125
2024-10-14 08:00:00+00:00,64367.4609375,2522.700439453125
2024-10-14 09:00:00+00:00,64778.13671875,2531.76953125
2024-10-14 10:00:00+00:00,64834.921875,2540.162841796875
2024-10-14 11:00:00+00:00,64893.58984375,2537.237548828125
2024-10-14 12:00:00+00:00,64866.50390625,2555.143798828125
2024-10-14 13:00:00+00:00,65170.828125,2568.467041015625
2024-10-14 14:00:00+00:00,65960.3515625,2622.34423828125
2024-10-14 15:00:00+00:00,65974.3984375,2637.69921875
2024-10-14 16:00:00+00:00,65668.2265625,2619.569091796875
2024-10-14 17:00:00+00:00,65672.828125,2626.43359375
2024-10-14 18:00:00+00:00,65765.4765625,2628.782958984375
2024-10-14 19:00:00+00:00,65904.421875,2618.185791015625
2024-10-14 20:00:00+00:00,65910.96875,2621.833984375
2024-10-14 21:00:00+00:00,65777.734375,2616.430419921875
2024-10-14 22:00:00+00:00,66352.1015625,2647.110595703125
2024-10-14 23:00:00+00:00,66050.3671875,2629.017578125
2024-10-15 00:00:00+00:00,65941.359375,2622.368896484375
2024-10-15 01:00:00+00:00,65837.375,2629.054443359375
2024-10-15 02:00:00+00:00,65739.2734375,2626.919677734375
2024-10-15 03:00:00+00:00,65316.7578125,2608.73046875
2024-10-15 04:00:00+00:00,65552.015625,2612.59912109375
2024-10-15 05:00:00+00:00,65316.4765625,2593.303955078125
2024-10-15 06:00:00+00:00,65540.546875,2608.4482421875
2024-10-15 07:00:00+00:00,65644.203125,2614.533935546875
2024-10-15 08:00:00+00:00,65709.7109375,2614.52392578125
2024-10-15 09:00:00+00:00,65611.859375,2608.766357421875
2024-10-15 10:00:00+00:00,65658.984375,2612.603759765625
2024-10-15 11:00:00+00:00,65311.10546875,2581.94873046875
2024-10-15 12:00:00+00:00,65773.8671875,2600.74609375
2024-10-15 13:00:00+00:00,67642.265625,2670.974609375
2024-10-15 14:00:00+00:00,65376.83984375,2566.366455078125
2024-10-15 15:00:00+00:00,65932.53125,2571.2099609375
2024-10-15 16:00:00+00:00,66903.71875,2593.72216796875
2024-10-15 17:00:00+00:00,66828.609375,2582.64599609375
2024-10-15 18:00:00+00:00,66949.7734375,2592.8994140625
2024-10-15 19:00:00+00:00,66998.140625,2592.4580078125
2024-10-15 20:00:00+00:00,66555.625,2573.670654296875
2024-10-15 21:00:00+00:00,66427.5625,2588.174560546875
2024-10-15 22:00:00+00:00,66731.1484375,2593.680908203125
2024-10-15 23:00:00+00:00,67042.4609375,2606.01953125
2024-10-16 00:00:00+00:00,66878.8359375,2597.1103515625
2024-10-16 01:00:00+00:00,67338.421875,2618.5703125
2024-10-16 02:00:00+00:00,67309.921875,2622.59619140625
2024-10-16 03:00:00+00:00,67109.03125,2617.712646484375
2024-10-16 04:00:00+00:00,67033.5078125,2615.70947265625
2024-10-16 05:00:00+00:00,67189.78125,2617.786376953125
2024-10-16 06:00:00+00:00,67105.90625,2612.183837890625
2024-10-16 07:00:00+00:00,66959.0234375,2606.58935546875
2024-10-16 08:00:00+00:00,67169.5625,2610.794677734375
2024-10-16 09:00:00+00:00,67383.1015625,2618.367431640625
2024-10-16 10:00:00+00:00,67702.3125,2615.7626953125
2024-10-16 11:00:00+00:00,68030.046875,2637.8408203125
2024-10-16 12:00:00+00:00,67822.0859375,2628.061767578125
2024-10-16 13:00:00+00:00,67401.390625,2607.22412109375
2024-10-16 14:00:00+00:00,67633.8828125,2606.47119140625
2024-10-16 15:00:00+00:00,67705.859375,2606.600341796875
2024-10-16 16:00:00+00:00,67761.9609375,2617.778076171875
2024-10-16 17:00:00+00:00,67965.328125,2621.4189453125
2024-10-16 18:00:00+00:00,67810.15625,2617.244873046875
2024-10-16 19:00:00+00:00,67783.28125,2615.982177734375
2024-10-16 20:00:00+00:00,67658.1015625,2618.9833984375
2024-10-16 21:00:00+00:00,67572.59375,2614.526123046875
2024-10-16 22:00:00+00:00,67764.328125,2621.159423828125
2024-10-16 23:00:00+00:00,67617.078125,2611.192138671875
2024-10-17 00:00:00+00:00,67686.9296875,2616.179443359375
2024-10-17 01:00:00+00:00,67839.0390625,2639.177734375
2024-10-17 02:00:00+00:00,67444.8359375,2622.88037109375
2024-10-17 03:00:00+00:00,67594.09375,2640.02783203125
2024-10-17 04:00:00+00:00,67253.984375,2627.2333984375
2024-10-17 05:00:00+00:00,67335.5234375,2626.58544921875
2024-10-17 06:00:00+00:00,67249.6328125,2628.240234375
2024-10-17 07:00:00+00:00,67249.65625,2625.497314453125
2024-10-17 08:00:00+00:00,67431.4765625,2625.165771484375
2024-10-17 09:00:00+00:00,67194.1875,2616.257080078125
2024-10-17 10:00:00+00:00,67217.890625,2614.177978515625
2024-10-17 11:00:00+00:00,66853.09375,2597.61279296875
2024-10-17 12:00:00+00:00,67132.0390625,2612.361572265625
2024-10-17 13:00:00+00:00,67046.0390625,2601.94384765625
2024-10-17 14:00:00+00:00,67104.9765625,2605.579345703125
2024-10-17 15:00:00+00:00,67548.0390625,2630.396728515625
2024-10-17 16:00:00+00:00,67351.9296875,2612.18212890625
2024-10-17 17:00:00+00:00,67278.546875,2605.579345703125
2024-10-17 18:00:00+00:00,66913.6796875,2586.8564453125
2024-10-17 19:00:00+00:00,66800.8515625,2595.388427734375
2024-10-17 20:00:00+00:00,66945.9921875,2597.8154296875
2024-10-17 21:00:00+00:00,67064.0390625,2603.213134765625
2024-10-17 22:00:00+00:00,67411.234375,2611.871826171875
2024-10-17 23:00:00+00:00,67419.109375,2604.814453125
2024-10-18 00:00:00+00:00,67204.703125,2597.07421875
2024-10-18 01:00:00+00:00,68153.40625,2646.818603515625
2024-10-18 02:00:00+00:00,68058.859375,2632.5771484375
2024-10-18 03:00:00+00:00,67572.984375,2610.42822265625
2024-10-18 04:00:00+00:00,67702.140625,2614.048583984375
2024-10-18 05:00:00+00:00,67977.4375,2625.9033203125
2024-10-18 06:00:00+00:00,68045.7734375,2625.30029296875
2024-10-18 07:00:00+00:00,67947.921875,2641.500732421875
2024-10-18 08:00:00+00:00,67903.1796875,2637.337158203125
2024-10-18 09:00:00+00:00,67787.9765625,2624.250732421875
2024-10-18 10:00:00+00:00,67858.9921875,2626.7392578125
2024-10-18 11:00:00+00:00,67666.59375,2621.292724609375
2024-10-18 12:00:00+00:00,67629.6328125,2614.64990234375
2024-10-18 13:00:00+00:00,68120.2265625,2623.255126953125
2024-10-18 14:00:00+00:00,68415.6015625,2641.053955078125
2024-10-18 15:00:00+00:00,68779.8203125,2656.254638671875
2024-10-18 16:00:00+00:00,68833.4453125,2653.429931640625
2024-10-18 17:00:00+00:00,68745.1328125,2648.03759765625
2024-10-18 18:00:00+00:00,68824.34375,2662.310546875
2024-10-18 19:00:00+00:00,68585.34375,2649.412353515625
2024-10-18 20:00:00+00:00,68410.046875,2642.75830078125
2024-10-18 21:00:00+00:00,68386.6953125,2642.228515625
2024-10-18 22:00:00+00:00,68201.2890625,2635.99755859375
2024-10-18 23:00:00+00:00,68418.9765625,2641.48828125
2024-10-19 00:00:00+00:00,68314.484375,2638.91015625
2024-10-19 01:00:00+00:00,68331.375,2636.125
2024-10-19 02:00:00+00:00,68430.8984375,2646.8310546875
2024-10-19 03:00:00+00:00,68442.8671875,2646.665771484375
2024-10-19 04:00:00+00:00,68363.53125,2641.768310546875
2024-10-19 05:00:00+00:00,68387.390625,2647.166748046875
2024-10-19 06:00:00+00:00,68328.828125,2644.2724609375
2024-10-19 07:00:00+00:00,68338.1875,2640.427001953125
2024-10-19 08:00:00+00:00,68392.3359375,2644.885009765625
2024-10-19 09:00:00+00:00,68341.3515625,2645.776611328125
2024-10-19 10:00:00+00:00,68251.796875,2640.53125
2024-10-19 11:00:00+00:00,68081.53125,2632.73779296875
2024-10-19 12:00:00+00:00,68226.7265625,2640.61962890625
2024-10-19 13:00:00+00:00,68112.0625,2636.218994140625
2024-10-19 14:00:00+00:00,68292.734375,2649.595458984375
2024-10-19 15:00:00+00:00,68214.375,2645.41455078125
2024-10-19 16:00:00+00:00,68056.8359375,2638.079345703125
2024-10-19 17:00:00+00:00,68108.109375,2641.21435546875
2024-10-19 18:00:00+00:00,68182.1484375,2642.30859375
2024-10-19 19:00:00+00:00,68169.734375,2641.177734375
2024-10-19 20:00:00+00:00,68235.125,2646.242919921875
2024-10-19 21:00:00+00:00,68231.6171875,2644.240234375
2024-10-19 22:00:00+00:00,68332.828125,2650.9228515625
2024-10-19 23:00:00+00:00,68362.734375,2648.656982421875
2024-10-20 00:00:00+00:00,68229.203125,2643.701416015625
2024-10-20 01:00:00+00:00,68150.8359375,2640.17333984375
2024-10-20 02:00:00+00:00,68161.03125,2639.07958984375
2024-10-20 03:00:00+00:00,68178.1796875,2640.31103515625
2024-10-20 04:00:00+00:00,68223.2421875,2640.899169921875
2024-10-20 05:00:00+00:00,68201.3984375,2640.155517578125
2024-10-20 06:00:00+00:00,68366.6328125,2650.600341796875
2024-10-20 07:00:00+00:00,68366.859375,2645.0390625
2024-10-20 08:00:00+00:00,68388.015625,2646.107177734375
2024-10-20 09:00:00+00:00,68417.9921875,2648.950439453125
2024-10-20 10:00:00+00:00,68369.9375,2645.959228515625
2024-10-20 11:00:00+00:00,68414.34375,2648.366943359375
2024-10-20 12:00:00+00:00,68269.703125,2645.882568359375
2024-10-20 13:00:00+00:00,68423.640625,2659.46044921875
2024-10-20 14:00:00+00:00,68626.375,2706.978271484375
2024-10-20 15:00:00+00:00,68595.1953125,2705.599853515625
2024-10-20 16:00:00+00:00,68521.3671875,2694.288818359375
2024-10-20 17:00:00+00:00,68552.9765625,2694.922607421875
2024-10-20 18:00:00+00:00,68591.4609375,2701.27001953125
2024-10-20 19:00:00+00:00,68488.96875,2699.3115234375
2024-10-20 20:00:00+00:00,68855.8125,2715.67626953125
2024-10-20 21:00:00+00:00,68762.34375,2716.87109375
2024-10-20 22:00:00+00:00,69223.5390625,2748.781494140625
2024-10-20 23:00:00+00:00,68999.9921875,2745.84716796875
2024-10-21 00:00:00+00:00,69078.90625,2742.5009765625
2024-10-21 01:00:00+00:00,69208.5078125,2745.61376953125
2024-10-21 02:00:00+00:00,68772.625,2732.2197265625
2024-10-21 03:00:00+00:00,68893.2421875,2733.311767578125
2024-10-21 04:00:00+00:00,68992.40625,2737.02734375
2024-10-21 05:00:00+00:00,69017.1953125,2736.682861328125
2024-10-21 06:00:00+00:00,68730.3828125,2727.87548828125
2024-10-21 07:00:00+00:00,68490.2734375,2722.00244140625
2024-10-21 08:00:00+00:00,68301.40625,2715.3134765625
2024-10-21 09:00:00+00:00,68291.8359375,2709.825927734375
2024-10-21 10:00:00+00:00,68249.90625,2703.970703125
2024-10-21 11:00:00+00:00,68204.015625,2703.601318359375
2024-10-21 12:00:00+00:00,68149.21875,2695.8251953125
2024-10-21 13:00:00+00:00,67344.1875,2672.53662109375
2024-10-21 14:00:00+00:00,67216.953125,2669.82666015625
2024-10-21 15:00:00+00:00,67216.1796875,2676.271484375
2024-10-21 16:00:00+00:00,67261.8046875,2669.010498046875
2024-10-21 17:00:00+00:00,67553.9375,2674.589599609375
2024-10-21 18:00:00+00:00,67311.2578125,2666.248779296875
2024-10-21 19:00:00+00:00,67844.125,2682.34130859375
2024-10-21 20:00:00+00:00,67697.75,2674.553955078125
2024-10-21 21:00:00+00:00,67788.359375,2675.349609375
2024-10-21 22:00:00+00:00,67736.6953125,2675.613525390625
2024-10-21 23:00:00+00:00,67360.703125,2665.65673828125
2024-10-22 00:00:00+00:00,67136.5546875,2635.8115234375
2024-10-22 01:00:00+00:00,67455.5234375,2645.0107421875
2024-10-22 02:00:00+00:00,67279.9375,2634.17041015625
2024-10-22 03:00:00+00:00,67351.578125,2642.815185546875
2024-10-22 04:00:00+00:00,67442.890625,2639.7001953125
2024-10-22 05:00:00+00:00,67529.796875,2644.50537109375
2024-10-22 06:00:00+00:00,67588.40625,2653.20068359375
2024-10-22 07:00:00+00:00,67354.890625,2644.65625
2024-10-22 08:00:00+00:00,66899.0390625,2629.7578125
2024-10-22 09:00:00+00:00,66888.5,2619.953125
2024-10-22 10:00:00+00:00,67150.9140625,2631.491455078125
2024-10-22 11:00:00+00:00,67263.09375,2631.954345703125
2024-10-22 12:00:00+00:00,66967.359375,2622.10009765625
2024-10-22 13:00:00+00:00,66892.078125,2615.945556640625
2024-10-22 14:00:00+00:00,67539.8984375,2636.98095703125
2024-10-22 15:00:00+00:00,67274.59375,2623.106201171875
2024-10-22 16:00:00+00:00,66926.96875,2606.614013671875
2024-10-22 17:00:00+00:00,67289.8203125,2624.13037109375
2024-10-22 18:00:00+00:00,67326.3828125,2620.284912109375
2024-10-22 19:00:00+00:00,67512.328125,2629.08837890625
2024-10-22 20:00:00+00:00,67514.078125,2633.063720703125
2024-10-22 21:00:00+00:00,67492.9296875,2633.700927734375
2024-10-22 22:00:00+00:00,67757.40625,2637.251953125
2024-10-22 23:00:00+00:00,67361.40625,2620.197509765625
2024-10-23 00:00:00+00:00,67122.8203125,2611.821533203125
2024-10-23 01:00:00+00:00,67285.6015625,2621.654052734375
2024-10-23 02:00:00+00:00,67042.5234375,2611.585205078125
2024-10-23 03:00:00+00:00,67024.796875,2613.986083984375
2024-10-23 04:00:00+00:00,67150.2890625,2614.5478515625
2024-10-23 05:00:00+00:00,67036.3203125,2612.777587890625
2024-10-23 06:00:00+00:00,66893.5078125,2611.71728515625
2024-10-23 07:00:00+00:00,66804.765625,2601.4208984375
2024-10-23 08:00:00+00:00,66442.0859375,2573.321044921875
2024-10-23 09:00:00+00:00,66454.8359375,2578.39404296875
2024-10-23 10:00:00+00:00,66376.4453125,2579.698486328125
2024-10-23 11:00:00+00:00,66344.0390625,2578.055908203125
2024-10-23 12:00:00+00:00,66381.4375,2569.800048828125
2024-10-23 13:00:00+00:00,66722.875,2580.051513671875
2024-10-23 14:00:00+00:00,66435.046875,2560.844970703125
2024-10-23 15:00:00+00:00,66156.2421875,2536.8388671875
2024-10-23 16:00:00+00:00,65816.734375,2488.731201171875
2024-10-23 17:00:00+00:00,65617.546875,2492.458251953125
2024-10-23 18:00:00+00:00,65956.9609375,2487.800537109375
2024-10-23 19:00:00+00:00,66391.90625,2509.786376953125
2024-10-23 20:00:00+00:00,66591.2421875,2513.64794921875
2024-10-23 21:00:00+00:00,66347.625,2502.399169921875
2024-10-23 22:00:00+00:00,66431.953125,2509.132080078125
2024-10-23 23:00:00+00:00,66653.703125,2523.60693359375
2024-10-24 00:00:00+00:00,67269.5625,2542.55810546875
2024-10-24 01:00:00+00:00,67155.5078125,2541.3974609375
2024-10-24 02:00:00+00:00,67374.71875,2552.88330078125
2024-10-24 03:00:00+00:00,67144.375,2544.207275390625
2024-10-24 04:00:00+00:00,67337.4140625,2551.48779296875
2024-10-24 05:00:00+00:00,67293.0390625,2554.30615234375
2024-10-24 06:00:00+00:00,67080.015625,2546.89599609375
2024-10-24 07:00:00+00:00,67021.0234375,2541.02001953125
2024-10-24 08:00:00+00:00,66844.46875,2521.541748046875
2024-10-24 09:00:00+00:00,66815.4296875,2519.720947265625
2024-10-24 10:00:00+00:00,66917.2265625,2523.02490234375
2024-10-24 11:00:00+00:00,67177.625,2525.936767578125
2024-10-24 12:00:00+00:00,67458.7109375,2527.976318359375
2024-10-24 13:00:00+00:00,67845.2578125,2532.796142578125
2024-10-24 14:00:00+00:00,67720.078125,2523.504150390625
2024-10-24 15:00:00+00:00,67660.9453125,2523.93798828125
2024-10-24 16:00:00+00:00,67532.578125,2516.903564453125
2024-10-24 17:00:00+00:00,67610.1953125,2519.78271484375
2024-10-24 18:00:00+00:00,67754.0234375,2524.434326171875
2024-10-24 19:00:00+00:00,68237.1171875,2536.7509765625
2024-10-24 20:00:00+00:00,68143.5625,2535.510009765625
2024-10-24 21:00:00+00:00,68298.3671875,2537.289794921875
2024-10-24 22:00:00+00:00,68155.859375,2531.17431640625
2024-10-24 23:00:00+00:00,68165.296875,2534.454833984375
2024-10-25 00:00:00+00:00,67952.6484375,2522.17041015625
2024-10-25 01:00:00+00:00,67903.0,2517.334716796875
2024-10-25 02:00:00+00:00,68019.5390625,2520.69921875
2024-10-25 03:00:00+00:00,67963.8984375,2520.25
2024-10-25 04:00:00+00:00,67703.046875,2489.8017578125
2024-10-25 05:00:00+00:00,67711.375,2492.628662109375
2024-10-25 06:00:00+00:00,67580.6015625,2488.192138671875
2024-10-25 07:00:00+00:00,67456.65625,2481.10693359375
2024-10-25 08:00:00+00:00,67605.8359375,2514.78759765625
2024-10-25 09:00:00+00:00,67783.578125,2537.818115234375
2024-10-25 10:00:00+00:00,67805.671875,2540.66796875
2024-10-25 11:00:00+00:00,68083.0703125,2543.631103515625
2024-10-25 12:00:00+00:00,68028.8828125,2536.8740234375
2024-10-25 13:00:00+00:00,68353.6640625,2550.425048828125
2024-10-25 14:00:00+00:00,68305.640625,2542.3388671875
2024-10-25 15:00:00+00:00,67655.4296875,2522.81103515625
2024-10-25 16:00:00+00:00,67658.734375,2531.07470703125
2024-10-25 17:00:00+00:00,66785.5390625,2487.646484375
2024-10-25 18:00:00+00:00,66937.1484375,2479.184814453125
2024-10-25 19:00:00+00:00,66850.453125,2474.769775390625
2024-10-25 20:00:00+00:00,66775.2890625,2473.307373046875
2024-10-25 21:00:00+00:00,67154.890625,2489.5322265625
2024-10-25 22:00:00+00:00,66583.453125,2465.128173828125
2024-10-25 23:00:00+00:00,66625.484375,2437.912841796875
2024-10-26 00:00:00+00:00,66665.171875,2441.267822265625
2024-10-26 01:00:00+00:00,66607.4609375,2439.42236328125
2024-10-26 02:00:00+00:00,66751.7578125,2441.9853515625
2024-10-26 03:00:00+00:00,66824.828125,2449.353515625
2024-10-26 04:00:00+00:00,66875.1328125,2456.9697265625
2024-10-26 05:00:00+00:00,67056.7578125,2468.27392578125
2024-10-26 06:00:00+00:00,67084.0625,2470.611328125
2024-10-26 07:00:00+00:00,66940.4140625,2463.438232421875
2024-10-26 08:00:00+00:00,67067.5234375,2468.806640625
2024-10-26 09:00:00+00:00,66996.84375,2463.00732421875
2024-10-26 10:00:00+00:00,66973.171875,2466.156494140625
2024-10-26 11:00:00+00:00,67051.8984375,2469.718994140625
2024-10-26 12:00:00+00:00,66949.1015625,2468.731201171875
2024-10-26 13:00:00+00:00,66834.0859375,2463.10009765625
2024-10-26 14:00:00+00:00,66683.1328125,2440.73681640625
2024-10-26 15:00:00+00:00,66779.703125,2452.851806640625
2024-10-26 16:00:00+00:00,66887.21875,2467.35888671875
2024-10-26 17:00:00+00:00,66970.703125,2475.11572265625
2024-10-26 18:00:00+00:00,66967.984375,2478.07958984375
2024-10-26 19:00:00+00:00,67082.78125,2482.87548828125
2024-10-26 20:00:00+00:00,67159.1875,2487.132080078125
2024-10-26 21:00:00+00:00,67109.125,2486.379150390625
2024-10-26 22:00:00+00:00,67052.21875,2483.86083984375
2024-10-26 23:00:00+00:00,67023.4765625,2479.93701171875
2024-10-27 00:00:00+00:00,66939.6796875,2473.41455078125
2024-10-27 01:00:00+00:00,66983.6796875,2474.782470703125
2024-10-27 02:00:00+00:00,66953.6484375,2469.854248046875
2024-10-27 03:00:00+00:00,67178.53125,2479.8525390625
2024-10-27 04:00:00+00:00,67074.5,2477.208740234375
2024-10-27 05:00:00+00:00,67090.3671875,2479.510498046875
2024-10-27 06:00:00+00:00,67080.7421875,2476.799072265625
2024-10-27 07:00:00+00:00,67110.8359375,2478.013427734375
2024-10-27 08:00:00+00:00,67128.3671875,2473.97314453125
2024-10-27 09:00:00+00:00,67059.375,2468.29443359375
2024-10-27 10:00:00+00:00,67008.140625,2464.32861328125
2024-10-27 11:00:00+00:00,67043.546875,2467.010498046875
2024-10-27 12:00:00+00:00,67304.1875,2473.4775390625
2024-10-27 13:00:00+00:00,67541.5390625,2481.7548828125
2024-10-27 14:00:00+00:00,67610.5859375,2490.04443359375
2024-10-27 15:00:00+00:00,67690.515625,2498.720947265625
2024-10-27 16:00:00+00:00,67744.015625,2498.35107421875
2024-10-27 17:00:00+00:00,67668.953125,2493.826416015625
2024-10-27 18:00:00+00:00,67486.640625,2484.814208984375
2024-10-27 19:00:00+00:00,67729.375,2490.224365234375
2024-10-27 20:00:00+00:00,67695.859375,2489.02392578125
2024-10-27 21:00:00+00:00,67840.59375,2508.175048828125
2024-10-27 22:00:00+00:00,68041.859375,2511.7080078125
2024-10-27 23:00:00+00:00,67929.296875,2505.940673828125
2024-10-28 00:00:00+00:00,67787.1328125,2498.28271484375
2024-10-28 01:00:00+00:00,67669.21875,2490.447998046875
2024-10-28 02:00:00+00:00,67711.3515625,2486.715576171875
2024-10-28 03:00:00+00:00,67645.7890625,2474.3505859375
2024-10-28 04:00:00+00:00,67668.5390625,2482.4365234375
2024-10-28 05:00:00+00:00,67820.125,2483.937744140625
2024-10-28 06:00:00+00:00,67856.5234375,2487.927978515625
2024-10-28 07:00:00+00:00,68343.0546875,2509.040771484375
2024-10-28 08:00:00+00:00,68245.796875,2509.65087890625
2024-10-28 09:00:00+00:00,68478.3984375,2533.388427734375
2024-10-28 10:00:00+00:00,68547.4296875,2527.381103515625
2024-10-28 11:00:00+00:00,68669.5,2523.9189453125
2024-10-28 12:00:00+00:00,68911.4921875,2524.867431640625
2024-10-28 13:00:00+00:00,68913.34375,2517.81591796875
2024-10-28 14:00:00+00:00,68872.125,2524.424560546875
2024-10-28 15:00:00+00:00,68445.5078125,2499.92626953125
2024-10-28 16:00:00+00:00,68703.90625,2503.792236328125
2024-10-28 17:00:00+00:00,68968.4296875,2500.4482421875
2024-10-28 18:00:00+00:00,69139.8515625,2502.7724609375
2024-10-28 19:00:00+00:00,69480.671875,2501.083251953125
2024-10-28 20:00:00+00:00,69527.0703125,2514.584228515625
2024-10-28 21:00:00+00:00,69743.328125,2542.25732421875
2024-10-28 22:00:00+00:00,69829.125,2565.100341796875
2024-10-28 23:00:00+00:00,69902.265625,2565.434326171875
2024-10-29 00:00:00+00:00,69918.609375,2582.06396484375
2024-10-29 01:00:00+00:00,70201.921875,2581.308349609375
2024-10-29 02:00:00+00:00,71100.5,2608.8330078125
2024-10-29 03:00:00+00:00,70905.1015625,2605.16162109375
2024-10-29 04:00:00+00:00,71000.84375,2618.603515625
2024-10-29 05:00:00+00:00,70986.5,2617.0537109375
2024-10-29 06:00:00+00:00,71214.640625,2617.95166015625
2024-10-29 07:00:00+00:00,70916.21875,2610.316650390625
2024-10-29 08:00:00+00:00,71092.15625,2621.026611328125
2024-10-29 09:00:00+00:00,71199.1328125,2621.65478515625
2024-10-29 10:00:00+00:00,71126.015625,2631.340087890625
2024-10-29 11:00:00+00:00,71412.3203125,2628.919189453125
2024-10-29 12:00:00+00:00,71076.75,2617.069580078125
2024-10-29 13:00:00+00:00,71699.09375,2634.447998046875
2024-10-29 14:00:00+00:00,71859.3046875,2630.013916015625
2024-10-29 15:00:00+00:00,72382.2578125,2649.037109375
2024-10-29 16:00:00+00:00,72670.1640625,2667.502197265625
2024-10-29 17:00:00+00:00,72777.3515625,2658.50439453125
2024-10-29 18:00:00+00:00,73132.0234375,2663.27783203125
2024-10-29 19:00:00+00:00,72787.375,2628.3603515625
2024-10-29 20:00:00+00:00,72341.4453125,2621.62841796875
2024-10-29 21:00:00+00:00,72289.109375,2622.97216796875
2024-10-29 22:00:00+00:00,72706.8984375,2637.28125
2024-10-29 23:00:00+00:00,72729.890625,2637.710693359375
2024-10-30 00:00:00+00:00,72198.828125,2617.857666015625
2024-10-30 01:00:00+00:00,72384.1796875,2624.600341796875
2024-10-30 02:00:00+00:00,72312.6015625,2627.12646484375
2024-10-30 03:00:00+00:00,72215.9765625,2641.64208984375
2024-10-30 04:00:00+00:00,72247.8515625,2638.6669921875
2024-10-30 05:00:00+00:00,72474.640625,2651.263916015625
2024-10-30 06:00:00+00:00,72300.5546875,2657.431396484375
2024-10-30 07:00:00+00:00,72203.6953125,2668.91259765625
2024-10-30 08:00:00+00:00,72223.75,2662.13818359375
2024-10-30 09:00:00+00:00,72536.8359375,2690.3642578125
2024-10-30 10:00:00+00:00,72335.03125,2681.11962890625
2024-10-30 11:00:00+00:00,71912.3515625,2657.28173828125
2024-10-30 12:00:00+00:00,71940.8125,2687.01171875
2024-10-30 13:00:00+00:00,71981.515625,2696.745849609375
2024-10-30 14:00:00+00:00,72418.328125,2710.303466796875
2024-10-30 15:00:00+00:00,72037.6640625,2683.7236328125
2024-10-30 16:00:00+00:00,72149.453125,2690.39501953125
2024-10-30 17:00:00+00:00,71875.6796875,2673.584716796875
2024-10-30 18:00:00+00:00,71966.2265625,2666.16259765625
2024-10-30 19:00:00+00:00,71907.421875,2660.52978515625
2024-10-30 20:00:00+00:00,72756.9453125,2675.28515625
2024-10-30 21:00:00+00:00,72369.984375,2659.492919921875
2024-10-30 22:00:00+00:00,72355.796875,2658.327880859375
2024-10-30 23:00:00+00:00,72335.046875,2657.213134765625
2024-10-31 00:00:00+00:00,72118.921875,2657.470458984375
2024-10-31 01:00:00+00:00,72360.3671875,2664.091796875
2024-10-31 02:00:00+00:00,72532.40625,2660.1376953125
2024-10-31 03:00:00+00:00,72308.3203125,2655.437255859375
2024-10-31 04:00:00+00:00,72251.359375,2646.046875
2024-10-31 05:00:00+00:00,72273.53125,2648.83154296875
2024-10-31 06:00:00+00:00,72195.0859375,2637.25830078125
2024-10-31 07:00:00+00:00,72414.609375,2646.259521484375
2024-10-31 08:00:00+00:00,72257.546875,2636.058837890625
2024-10-31 09:00:00+00:00,72290.3984375,2634.946533203125
2024-10-31 10:00:00+00:00,72642.4140625,2645.169921875
2024-10-31 11:00:00+00:00,72205.703125,2638.3125
2024-10-31 12:00:00+00:00,72061.296875,2636.12109375
2024-10-31 13:00:00+00:00,71193.921875,2597.652587890625
2024-10-31 14:00:00+00:00,70652.5859375,2547.705810546875
2024-10-31 15:00:00+00:00,70620.734375,2563.818359375
2024-10-31 16:00:00+00:00,70348.375,2552.64697265625
2024-10-31 17:00:00+00:00,70696.3671875,2538.538330078125
2024-10-31 18:00:00+00:00,70565.609375,2523.706787109375
2024-10-31 19:00:00+00:00,70151.484375,2511.922607421875
2024-10-31 20:00:00+00:00,69897.8515625,2515.711181640625
2024-10-31 21:00:00+00:00,70377.3359375,2523.119873046875
2024-10-31 22:00:00+00:00,70379.3203125,2519.163330078125
2024-10-31 23:00:00+00:00,70216.8984375,2515.870361328125
2024-11-01 00:00:00+00:00,70116.6953125,2523.03076171875
2024-11-01 01:00:00+00:00,69303.7890625,2499.21826171875
2024-11-01 02:00:00+00:00,69460.5,2508.12109375
2024-11-01 03:00:00+00:00,69294.359375,2500.156982421875
2024-11-01 04:00:00+00:00,69499.1953125,2509.417236328125
2024-11-01 05:00:00+00:00,69545.8828125,2508.46728515625
2024-11-01 06:00:00+00:00,69189.0,2500.91064453125
2024-11-01 07:00:00+00:00,69213.7421875,2502.135009765625
2024-11-01 08:00:00+00:00,69294.2421875,2497.39697265625
2024-11-01 09:00:00+00:00,69464.890625,2508.18896484375
2024-11-01 10:00:00+00:00,69903.65625,2516.2451171875
2024-11-01 11:00:00+00:00,69952.125,2514.749267578125
2024-11-01 12:00:00+00:00,70283.7890625,2534.850830078125
2024-11-01 13:00:00+00:00,71043.7109375,2567.41455078125
2024-11-01 14:00:00+00:00,71136.3046875,2558.892333984375
2024-11-01 15:00:00+00:00,69392.5,2498.6669921875
2024-11-01 16:00:00+00:00,69940.734375,2517.953125
2024-11-01 17:00:00+00:00,69681.5078125,2514.52880859375
2024-11-01 18:00:00+00:00,69096.7734375,2507.556640625
2024-11-01 19:00:00+00:00,69188.1953125,2511.937744140625
2024-11-01 20:00:00+00:00,69190.09375,2518.562255859375
2024-11-01 21:00:00+00:00,69238.09375,2504.66845703125
2024-11-01 22:00:00+00:00,69395.8359375,2512.077392578125
2024-11-01 23:00:00+00:00,69486.0234375,2512.208251953125
2024-11-02 00:00:00+00:00,69647.6640625,2515.539306640625
2024-11-02 01:00:00+00:00,69631.6171875,2514.02001953125
2024-11-02 02:00:00+00:00,69641.3359375,2511.505615234375
2024-11-02 03:00:00+00:00,69567.7890625,2504.66748046875
2024-11-02 04:00:00+00:00,69539.8515625,2504.1162109375
2024-11-02 05:00:00+00:00,69644.9140625,2510.95361328125
2024-11-02 06:00:00+00:00,69702.953125,2509.99365234375
2024-11-02 07:00:00+00:00,69779.2109375,2506.662109375
2024-11-02 08:00:00+00:00,69638.703125,2497.885986328125
2024-11-02 09:00:00+00:00,69497.484375,2495.435546875
2024-11-02 10:00:00+00:00,69583.3984375,2500.619873046875
2024-11-02 11:00:00+00:00,69597.1953125,2500.94287109375
2024-11-02 12:00:00+00:00,69421.0078125,2486.74755859375
2024-11-02 13:00:00+00:00,69375.203125,2479.884521484375
2024-11-02 14:00:00+00:00,69218.328125,2488.389404296875
2024-11-02 15:00:00+00:00,69399.3359375,2488.22021484375
2024-11-02 16:00:00+00:00,69549.9296875,2493.89697265625
2024-11-02 17:00:00+00:00,69380.9375,2485.3701171875
2024-11-02 18:00:00+00:00,69419.2265625,2488.14453125
2024-11-02 19:00:00+00:00,69510.546875,2492.24658203125
2024-11-02 20:00:00+00:00,69504.5234375,2493.673095703125
2024-11-02 21:00:00+00:00,69443.9609375,2493.439208984375
2024-11-02 22:00:00+00:00,69425.421875,2492.4638671875
2024-11-02 23:00:00+00:00,69280.5234375,2490.787353515625
2024-11-03 00:00:00+00:00,69171.5703125,2485.52783203125
2024-11-03 01:00:00+00:00,69017.703125,2473.612548828125
2024-11-03 02:00:00+00:00,68144.2109375,2432.7392578125
2024-11-03 03:00:00+00:00,68388.5546875,2449.649169921875
2024-11-03 04:00:00+00:00,68559.3125,2454.75732421875
2024-11-03 05:00:00+00:00,68458.5546875,2443.42724609375
2024-11-03 06:00:00+00:00,68555.078125,2455.4970703125
2024-11-03 07:00:00+00:00,68381.8125,2449.956787109375
2024-11-03 08:00:00+00:00,68501.7265625,2459.44189453125
2024-11-03 09:00:00+00:00,68208.40625,2447.70947265625
2024-11-03 10:00:00+00:00,68431.4609375,2457.080810546875
2024-11-03 11:00:00+00:00,68325.5625,2454.14501953125
2024-11-03 12:00:00+00:00,68487.8046875,2454.838134765625
2024-11-03 13:00:00+00:00,68103.7890625,2437.677734375
2024-11-03 14:00:00+00:00,67715.171875,2423.95068359375
2024-11-03 15:00:00+00:00,68067.1875,2441.89990234375
2024-11-03 16:00:00+00:00,68160.40625,2442.96875
2024-11-03 17:00:00+00:00,68327.0234375,2445.255859375
2024-11-03 18:00:00+00:00,67942.90625,2421.745849609375
2024-11-03 19:00:00+00:00,68616.15625,2450.079345703125
2024-11-03 20:00:00+00:00,68886.3828125,2464.412353515625
2024-11-03 21:00:00+00:00,69106.8046875,2468.4365234375
2024-11-03 22:00:00+00:00,68866.7421875,2459.402099609375
2024-11-03 23:00:00+00:00,68746.71875,2456.174072265625
2024-11-04 00:00:00+00:00,68608.2265625,2448.09619140625
2024-11-04 01:00:00+00:00,68936.5625,2464.807373046875
2024-11-04 02:00:00+00:00,69231.75,2482.327880859375
2024-11-04 03:00:00+00:00,69021.03125,2474.014404296875
2024-11-04 04:00:00+00:00,69086.625,2471.203125
2024-11-04 05:00:00+00:00,68761.8203125,2460.808837890625
2024-11-04 06:00:00+00:00,69075.4140625,2475.71142578125
2024-11-04 07:00:00+00:00,68588.9140625,2458.42041015625
2024-11-04 08:00:00+00:00,68641.265625,2457.352294921875
2024-11-04 09:00:00+00:00,68552.8984375,2454.374755859375
2024-11-04 10:00:00+00:00,68799.5234375,2464.47802734375
2024-11-04 11:00:00+00:00,68754.671875,2469.199462890625
2024-11-04 12:00:00+00:00,68926.890625,2474.857177734375
2024-11-04 13:00:00+00:00,68668.5,2459.324462890625
2024-11-04 14:00:00+00:00,68279.7734375,2446.620849609375
2024-11-04 15:00:00+00:00,68648.6640625,2442.71484375
2024-11-04 16:00:00+00:00,67607.921875,2411.22802734375
2024-11-04 17:00:00+00:00,67803.484375,2422.743896484375
2024-11-04 18:00:00+00:00,67628.3125,2424.36083984375
2024-11-04 19:00:00+00:00,67844.421875,2429.35546875
2024-11-04 20:00:00+00:00,67363.5078125,2420.920654296875
2024-11-04 21:00:00+00:00,67011.6953125,2366.73828125
2024-11-04 22:00:00+00:00,68049.7734375,2412.174072265625
2024-11-04 23:00:00+00:00,67779.8828125,2396.013427734375
2024-11-05 00:00:00+00:00,67985.4453125,2400.406982421875
2024-11-05 01:00:00+00:00,67972.796875,2409.2744140625
2024-11-05 02:00:00+00:00,67814.203125,2401.93505859375
2024-11-05 03:00:00+00:00,68123.34375,2416.5341796875
2024-11-05 04:00:00+00:00,68300.7265625,2426.774169921875
2024-11-05 05:00:00+00:00,68689.3125,2430.920166015625
2024-11-05 06:00:00+00:00,68759.6796875,2429.723876953125
2024-11-05 07:00:00+00:00,68850.984375,2441.880126953125
2024-11-05 08:00:00+00:00,68952.4453125,2439.383544921875
2024-11-05 09:00:00+00:00,68790.296875,2435.73193359375
2024-11-05 10:00:00+00:00,68721.1640625,2434.525634765625
2024-11-05 11:00:00+00:00,68787.5625,2439.217529296875
2024-11-05 12:00:00+00:00,68845.53125,2444.01220703125
2024-11-05 13:00:00+00:00,68804.9609375,2441.5244140625
2024-11-05 14:00:00+00:00,69984.84375,2469.6767578125
2024-11-05 15:00:00+00:00,69542.453125,2439.224609375
2024-11-05 16:00:00+00:00,70156.015625,2460.871826171875
2024-11-05 17:00:00+00:00,70016.5234375,2453.774169921875
2024-11-05 18:00:00+00:00,70200.203125,2452.7099609375
2024-11-05 19:00:00+00:00,68814.109375,2404.54443359375
2024-11-05 20:00:00+00:00,69473.1640625,2427.96630859375
2024-11-05 21:00:00+00:00,69221.0234375,2416.508544921875
2024-11-05 22:00:00+00:00,69517.2109375,2432.955810546875
2024-11-05 23:00:00+00:00,69363.703125,2423.607177734375
2024-11-06 00:00:00+00:00,71174.8671875,2484.3681640625
2024-11-06 01:00:00+00:00,71218.7421875,2484.92431640625
2024-11-06 02:00:00+00:00,73187.1796875,2574.60009765625
2024-11-06 03:00:00+00:00,74278.59375,2576.647216796875
2024-11-06 04:00:00+00:00,74526.953125,2591.860595703125
2024-11-06 05:00:00+00:00,74801.640625,2594.90478515625
2024-11-06 06:00:00+00:00,74418.6640625,2589.081787109375
2024-11-06 07:00:00+00:00,73337.4921875,2592.817138671875
2024-11-06 08:00:00+00:00,73466.421875,2605.40576171875
2024-11-06 09:00:00+00:00,73810.640625,2624.276611328125
2024-11-06 10:00:00+00:00,73864.5703125,2623.86328125
2024-11-06 11:00:00+00:00,74315.265625,2628.690185546875
2024-11-06 12:00:00+00:00,74225.6796875,2637.04248046875
2024-11-06 13:00:00+00:00,74005.40625,2619.962890625
2024-11-06 14:00:00+00:00,73571.2890625,2612.5947265625
2024-11-06 15:00:00+00:00,74490.7421875,2640.52490234375
2024-11-06 16:00:00+00:00,74321.578125,2658.44189453125
2024-11-06 17:00:00+00:00,74501.4140625,2654.099609375
2024-11-06 18:00:00+00:00,75264.3828125,2679.567138671875
2024-11-06 19:00:00+00:00,75856.9375,2687.45068359375
2024-11-06 20:00:00+00:00,76287.8671875,2691.10693359375
2024-11-06 21:00:00+00:00,75905.0234375,2690.386474609375
2024-11-06 22:00:00+00:00,75694.828125,2735.29345703125
2024-11-06 23:00:00+00:00,75637.0859375,2724.005859375
2024-11-07 00:00:00+00:00,75364.3671875,2724.578369140625
2024-11-07 01:00:00+00:00,75395.3515625,2811.85693359375
2024-11-07 02:00:00+00:00,75216.703125,2871.71337890625
2024-11-07 03:00:00+00:00,75094.0546875,2853.005859375
2024-11-07 04:00:00+00:00,74733.78125,2839.965087890625
2024-11-07 05:00:00+00:00,74786.578125,2839.750732421875
2024-11-07 06:00:00+00:00,74781.265625,2804.019775390625
2024-11-07 07:00:00+00:00,74823.671875,2822.45458984375
2024-11-07 08:00:00+00:00,75120.1484375,2821.677001953125
2024-11-07 09:00:00+00:00,74976.78125,2824.392822265625
2024-11-07 10:00:00+00:00,74993.046875,2818.213623046875
2024-11-07 11:00:00+00:00,74764.4921875,2796.31494140625
2024-11-07 12:00:00+00:00,75005.4375,2818.618408203125
2024-11-07 13:00:00+00:00,74687.21875,2807.074951171875
2024-11-07 14:00:00+00:00,74856.1796875,2795.2265625
2024-11-07 15:00:00+00:00,75996.96875,2844.56689453125
2024-11-07 16:00:00+00:00,75991.2421875,2848.736328125
2024-11-07 17:00:00+00:00,76416.4140625,2864.569580078125
2024-11-07 18:00:00+00:00,76615.9375,2880.374267578125
2024-11-07 19:00:00+00:00,76547.3203125,2886.400146484375
2024-11-07 20:00:00+00:00,76585.3203125,2904.26513671875
2024-11-07 21:00:00+00:00,75953.7265625,2893.286376953125
2024-11-07 22:00:00+00:00,75863.4453125,2880.26220703125
2024-11-07 23:00:00+00:00,75902.8359375,2895.597900390625
2024-11-08 00:00:00+00:00,76078.265625,2909.1474609375
2024-11-08 01:00:00+00:00,76024.6875,2926.228271484375
2024-11-08 02:00:00+00:00,75751.3984375,2890.155517578125
2024-11-08 03:00:00+00:00,75933.5078125,2901.788818359375
2024-11-08 04:00:00+00:00,75899.484375,2905.07373046875
2024-11-08 05:00:00+00:00,76027.515625,2923.442626953125
2024-11-08 06:00:00+00:00,75911.3203125,2909.693115234375
2024-11-08 07:00:00+00:00,76244.875,2916.3662109375
2024-11-08 08:00:00+00:00,75888.546875,2903.2119140625
2024-11-08 09:00:00+00:00,76065.3125,2917.850341796875
2024-11-08 10:00:00+00:00,76345.453125,2926.2890625
2024-11-08 11:00:00+00:00,76064.0390625,2917.96142578125
2024-11-08 12:00:00+00:00,76145.4140625,2938.36279296875
2024-11-08 13:00:00+00:00,76319.2421875,2950.292724609375
2024-11-08 14:00:00+00:00,75779.34375,2915.159423828125
2024-11-08 15:00:00+00:00,76407.40625,2937.09033203125
2024-11-08 16:00:00+00:00,75969.90625,2908.815185546875
2024-11-08 17:00:00+00:00,76499.21875,2923.666748046875
2024-11-08 18:00:00+00:00,76855.3515625,2959.526123046875
2024-11-08 19:00:00+00:00,77094.2734375,2958.232421875
2024-11-08 20:00:00+00:00,76637.359375,2935.851318359375
2024-11-08 21:00:00+00:00,76506.5546875,2941.11474609375
2024-11-08 22:00:00+00:00,76384.375,2960.2783203125
2024-11-08 23:00:00+00:00,76556.1875,2962.791015625
2024-11-09 00:00:00+00:00,76443.53125,2985.59521484375
2024-11-09 01:00:00+00:00,76345.203125,2988.760498046875
2024-11-09 02:00:00+00:00,76456.7578125,2978.798828125
2024-11-09 03:00:00+00:00,76361.0234375,2966.4775390625
2024-11-09 04:00:00+00:00,76408.5234375,2973.467041015625
2024-11-09 05:00:00+00:00,76588.71875,3042.837646484375
2024-11-09 06:00:00+00:00,76570.0234375,3040.1083984375
2024-11-09 07:00:00+00:00,76537.0234375,3032.266357421875
2024-11-09 08:00:00+00:00,76570.859375,3026.93798828125
2024-11-09 09:00:00+00:00,76594.6875,3048.07861328125
2024-11-09 10:00:00+00:00,76511.015625,3052.921875
2024-11-09 11:00:00+00:00,76522.4765625,3053.371337890625
2024-11-09 12:00:00+00:00,76343.703125,3034.672119140625
2024-11-09 13:00:00+00:00,76452.1171875,3047.24755859375
2024-11-09 14:00:00+00:00,76395.703125,3041.768310546875
2024-11-09 15:00:00+00:00,76344.359375,3043.177734375
2024-11-09 16:00:00+00:00,76119.2734375,3030.69140625
2024-11-09 17:00:00+00:00,76237.03125,3033.899169921875
2024-11-09 18:00:00+00:00,76391.328125,3048.179443359375
2024-11-09 19:00:00+00:00,76232.5234375,3071.436767578125
2024-11-09 20:00:00+00:00,76335.4921875,3087.07666015625
2024-11-09 21:00:00+00:00,76470.546875,3078.9970703125
2024-11-09 22:00:00+00:00,76583.1796875,3141.142333984375
2024-11-09 23:00:00+00:00,76778.8671875,3131.14453125
2024-11-10 00:00:00+00:00,77070.53125,3124.521484375
2024-11-10 01:00:00+00:00,76732.171875,3115.218017578125
2024-11-10 02:00:00+00:00,77106.859375,3130.077392578125
2024-11-10 03:00:00+00:00,77263.3515625,3138.273193359375
2024-11-10 04:00:00+00:00,79157.375,3183.33349609375
2024-11-10 05:00:00+00:00,79169.4453125,3182.992919921875
2024-11-10 06:00:00+00:00,78890.328125,3180.073974609375
2024-11-10 07:00:00+00:00,78880.921875,3188.8505859375
2024-11-10 08:00:00+00:00,79111.484375,3185.12841796875
2024-11-10 09:00:00+00:00,79435.0078125,3189.923095703125
2024-11-10 10:00:00+00:00,79570.1875,3203.1474609375
2024-11-10 11:00:00+00:00,79992.625,3226.168212890625
2024-11-10 12:00:00+00:00,79643.5078125,3193.46875
2024-11-10 13:00:00+00:00,79799.0234375,3205.64208984375
2024-11-10 14:00:00+00:00,79625.8828125,3197.1435546875
2024-11-10 15:00:00+00:00,79729.9375,3209.121826171875
2024-11-10 16:00:00+00:00,79785.5390625,3213.824951171875
2024-11-10 17:00:00+00:00,80568.3046875,3219.995849609375
2024-11-10 18:00:00+00:00,80676.7265625,3229.04150390625
2024-11-10 19:00:00+00:00,79661.71875,3161.64013671875
2024-11-10 20:00:00+00:00,79063.09375,3121.4736328125
2024-11-10 21:00:00+00:00,79865.46875,3170.375732421875
2024-11-10 22:00:00+00:00,80700.8984375,3185.874755859375
2024-11-10 23:00:00+00:00,80470.53125,3191.042236328125
2024-11-11 00:00:00+00:00,80502.734375,3190.858154296875
2024-11-11 01:00:00+00:00,81242.6171875,3198.785888671875
2024-11-11 02:00:00+00:00,81449.6796875,3207.320068359375
2024-11-11 03:00:00+00:00,81728.2109375,3198.830322265625
2024-11-11 04:00:00+00:00,81515.3671875,3182.95263671875
2024-11-11 05:00:00+00:00,80610.65625,3119.7919921875
2024-11-11 06:00:00+00:00,80986.046875,3142.29248046875
2024-11-11 07:00:00+00:00,81235.9765625,3144.177490234375
2024-11-11 08:00:00+00:00,81348.1640625,3153.25537109375
2024-11-11 09:00:00+00:00,81773.9921875,3182.44384765625
2024-11-11 10:00:00+00:00,82024.1015625,3194.08056640625
2024-11-11 11:00:00+00:00,82235.5703125,3203.07763671875
2024-11-11 12:00:00+00:00,82289.1640625,3177.88916015625
2024-11-11 13:00:00+00:00,81910.8984375,3154.881591796875
2024-11-11 14:00:00+00:00,82513.703125,3181.75439453125
2024-11-11 15:00:00+00:00,84177.4140625,3241.055419921875
2024-11-11 16:00:00+00:00,84298.703125,3281.3359375
2024-11-11 17:00:00+00:00,84757.25,3298.24169921875
2024-11-11 18:00:00+00:00,85812.25,3327.682373046875
2024-11-11 19:00:00+00:00,86267.7578125,3304.694580078125
2024-11-11 20:00:00+00:00,86909.9921875,3343.3203125
2024-11-11 21:00:00+00:00,87888.328125,3324.4638671875
2024-11-11 22:00:00+00:00,87984.640625,3343.812744140625
2024-11-11 23:00:00+00:00,88705.5625,3375.15478515625
2024-11-12 00:00:00+00:00,88850.484375,3344.007080078125
2024-11-12 01:00:00+00:00,88529.4609375,3317.216064453125
2024-11-12 02:00:00+00:00,87685.9140625,3308.400390625
2024-11-12 03:00:00+00:00,88187.1953125,3337.82373046875
2024-11-12 04:00:00+00:00,88571.7578125,3331.5634765625
2024-11-12 05:00:00+00:00,88462.734375,3332.190185546875
2024-11-12 06:00:00+00:00,89601.890625,3380.416015625
2024-11-12 07:00:00+00:00,89142.8046875,3373.54345703125
2024-11-12 08:00:00+00:00,89292.75,3420.005859375
2024-11-12 09:00:00+00:00,87860.546875,3370.1923828125
2024-11-12 10:00:00+00:00,87000.1640625,3292.776123046875
2024-11-12 11:00:00+00:00,87260.4296875,3288.094482421875
2024-11-12 12:00:00+00:00,86510.6171875,3252.339111328125
2024-11-12 13:00:00+00:00,86390.0234375,3261.173583984375
2024-11-12 14:00:00+00:00,87062.65625,3287.02587890625
2024-11-12 15:00:00+00:00,86629.59375,3261.7138671875
2024-11-12 16:00:00+00:00,87119.3359375,3257.353759765625
2024-11-12 17:00:00+00:00,86998.671875,3230.892822265625
2024-11-12 18:00:00+00:00,88985.8671875,3290.704345703125
2024-11-12 19:00:00+00:00,88885.8984375,3276.9501953125
2024-11-12 20:00:00+00:00,89752.15625,3290.291015625
2024-11-12 21:00:00+00:00,88275.4140625,3279.7763671875
2024-11-12 22:00:00+00:00,88638.4765625,3290.1064453125
2024-11-12 23:00:00+00:00,87929.96875,3244.543212890625
2024-11-13 00:00:00+00:00,88143.6953125,3250.712890625
2024-11-13 01:00:00+00:00,88322.9296875,3274.81201171875
2024-11-13 02:00:00+00:00,87956.984375,3255.418212890625
2024-11-13 03:00:00+00:00,87240.859375,3211.720947265625
2024-11-13 04:00:00+00:00,87237.5546875,3196.025634765625
2024-11-13 05:00:00+00:00,86676.671875,3140.170654296875
2024-11-13 06:00:00+00:00,86585.6328125,3132.19677734375
2024-11-13 07:00:00+00:00,87446.28125,3163.3857421875
2024-11-13 08:00:00+00:00,87323.6640625,3162.703369140625
2024-11-13 09:00:00+00:00,87521.8203125,3167.296875
2024-11-13 10:00:00+00:00,87638.53125,3170.892333984375
2024-11-13 11:00:00+00:00,87795.0,3172.086669921875
2024-11-13 12:00:00+00:00,87822.78125,3173.057861328125
2024-11-13 13:00:00+00:00,89200.828125,3215.5712890625
2024-11-13 14:00:00+00:00,91753.9375,3331.63720703125
2024-11-13 15:00:00+00:00,92732.4296875,3310.7158203125
2024-11-13 16:00:00+00:00,92446.6875,3289.431396484375
2024-11-13 17:00:00+00:00,92204.0234375,3275.793701171875
2024-11-13 18:00:00+00:00,92864.609375,3271.8916015625
2024-11-13 19:00:00+00:00,90493.640625,3167.24169921875
2024-11-13 20:00:00+00:00,89622.96875,3161.4013671875
2024-11-13 21:00:00+00:00,88711.7109375,3154.740234375
2024-11-13 22:00:00+00:00,89741.171875,3181.1494140625
2024-11-13 23:00:00+00:00,90574.8828125,3192.5205078125
2024-11-14 00:00:00+00:00,90232.953125,3189.8115234375
2024-11-14 01:00:00+00:00,90343.3359375,3214.392578125
2024-11-14 02:00:00+00:00,90080.3828125,3207.896728515625
2024-11-14 03:00:00+00:00,90014.65625,3213.429443359375
2024-11-14 04:00:00+00:00,90139.921875,3237.873046875
2024-11-14 05:00:00+00:00,89972.6640625,3222.816162109375
2024-11-14 06:00:00+00:00,89358.328125,3187.69775390625
2024-11-14 07:00:00+00:00,90853.984375,3221.267578125
2024-11-14 08:00:00+00:00,90648.890625,3205.70654296875
2024-11-14 09:00:00+00:00,90928.4609375,3207.55517578125
2024-11-14 10:00:00+00:00,91087.59375,3181.87353515625
2024-11-14 11:00:00+00:00,91576.546875,3189.078125
2024-11-14 12:00:00+00:00,91312.671875,3187.068603515625
2024-11-14 13:00:00+00:00,90742.6171875,3165.0693359375
2024-11-14 14:00:00+00:00,89179.0390625,3123.835693359375
2024-11-14 15:00:00+00:00,88157.9765625,3083.803466796875
2024-11-14 16:00:00+00:00,89093.8828125,3168.619873046875
2024-11-14 17:00:00+00:00,89237.53125,3129.208251953125
2024-11-14 18:00:00+00:00,89114.8046875,3131.078125
2024-11-14 19:00:00+00:00,89422.859375,3144.716552734375
2024-11-14 20:00:00+00:00,87757.3203125,3103.634033203125
2024-11-14 21:00:00+00:00,88215.53125,3117.546142578125
2024-11-14 22:00:00+00:00,87659.7734375,3091.830078125
2024-11-14 23:00:00+00:00,87328.890625,3061.189697265625
2024-11-15 00:00:00+00:00,87961.6015625,3064.3818359375
2024-11-15 01:00:00+00:00,88107.890625,3066.417236328125
2024-11-15 02:00:00+00:00,88388.265625,3082.2080078125
2024-11-15 03:00:00+00:00,88270.4296875,3085.94189453125
2024-11-15 04:00:00+00:00,87448.2578125,3029.394775390625
2024-11-15 05:00:00+00:00,87747.3359375,3057.764892578125
2024-11-15 06:00:00+00:00,88181.28125,3065.87255859375
2024-11-15 07:00:00+00:00,87681.1484375,3042.25390625
2024-11-15 08:00:00+00:00,88167.4921875,3072.482421875
2024-11-15 09:00:00+00:00,89225.28125,3099.029052734375
2024-11-15 10:00:00+00:00,89382.2734375,3101.837646484375
2024-11-15 11:00:00+00:00,89735.9375,3104.535888671875
2024-11-15 12:00:00+00:00,89775.359375,3102.7255859375
2024-11-15 13:00:00+00:00,90237.765625,3102.095947265625
2024-11-15 14:00:00+00:00,89006.3359375,3055.550048828125
2024-11-15 15:00:00+00:00,88353.375,3022.19091796875
2024-11-15 16:00:00+00:00,89286.0703125,3030.04248046875
2024-11-15 17:00:00+00:00,89510.2890625,3038.37939453125
2024-11-15 18:00:00+00:00,89296.0703125,3019.818115234375
2024-11-15 19:00:00+00:00,90370.234375,3041.8115234375
2024-11-15 20:00:00+00:00,91332.09375,3088.843505859375
2024-11-15 21:00:00+00:00,91668.015625,3090.48681640625
2024-11-15 22:00:00+00:00,91243.0,3101.736083984375
2024-11-15 23:00:00+00:00,91061.09375,3089.791259765625
2024-11-16 00:00:00+00:00,91012.6328125,3082.981689453125
2024-11-16 01:00:00+00:00,91291.328125,3099.92822265625
2024-11-16 02:00:00+00:00,91481.84375,3111.63671875
2024-11-16 03:00:00+00:00,91319.7109375,3154.72412109375
2024-11-16 04:00:00+00:00,91305.484375,3131.823486328125
2024-11-16 05:00:00+00:00,91360.5546875,3132.6328125
2024-11-16 06:00:00+00:00,91222.0234375,3113.000244140625
2024-11-16 07:00:00+00:00,91149.4140625,3109.07958984375
2024-11-16 08:00:00+00:00,91382.9765625,3119.595703125
2024-11-16 09:00:00+00:00,91309.0234375,3119.18994140625
2024-11-16 10:00:00+00:00,91427.2890625,3128.506103515625
2024-11-16 11:00:00+00:00,91178.328125,3192.427001953125
2024-11-16 12:00:00+00:00,90913.25,3176.54345703125
2024-11-16 13:00:00+00:00,90703.8984375,3170.777099609375
2024-11-16 14:00:00+00:00,91006.03125,3168.0810546875
2024-11-16 15:00:00+00:00,90437.71875,3138.82763671875
2024-11-16 16:00:00+00:00,90661.84375,3146.9267578125
2024-11-16 17:00:00+00:00,90937.359375,3169.73095703125
2024-11-16 18:00:00+00:00,91335.2265625,3181.670166015625
2024-11-16 19:00:00+00:00,91107.1796875,3170.37548828125
2024-11-16 20:00:00+00:00,90748.390625,3148.778076171875
2024-11-16 21:00:00+00:00,91063.28125,3157.519775390625
2024-11-16 22:00:00+00:00,90513.7265625,3140.507568359375
2024-11-16 23:00:00+00:00,90558.4609375,3133.306640625
2024-11-17 00:00:00+00:00,90834.3671875,3151.05224609375
2024-11-17 01:00:00+00:00,90226.3515625,3085.197265625
2024-11-17 02:00:00+00:00,90127.8984375,3069.48046875
2024-11-17 03:00:00+00:00,90227.6875,3079.138916015625
2024-11-17 04:00:00+00:00,90362.359375,3112.505615234375
2024-11-17 05:00:00+00:00,90511.59375,3105.477783203125
2024-11-17 06:00:00+00:00,90625.4921875,3134.837646484375
2024-11-17 07:00:00+00:00,90497.28125,3136.29638671875
2024-11-17 08:00:00+00:00,91022.78125,3148.099365234375
2024-11-17 09:00:00+00:00,91311.2265625,3141.560546875
2024-11-17 10:00:00+00:00,91041.9921875,3137.893798828125
2024-11-17 11:00:00+00:00,90741.2734375,3105.77099609375
2024-11-17 12:00:00+00:00,91054.84375,3119.60400390625
2024-11-17 13:00:00+00:00,90489.609375,3100.7548828125
2024-11-17 14:00:00+00:00,90284.375,3086.81103515625
2024-11-17 15:00:00+00:00,90296.1640625,3085.37353515625
2024-11-17 16:00:00+00:00,90479.140625,3094.572509765625
2024-11-17 17:00:00+00:00,90550.9453125,3108.452392578125
2024-11-17 18:00:00+00:00,89969.6640625,3082.68701171875
2024-11-17 19:00:00+00:00,90099.4453125,3096.912109375
2024-11-17 20:00:00+00:00,89640.9453125,3073.416015625
2024-11-17 21:00:00+00:00,89254.9921875,3064.101318359375
2024-11-17 22:00:00+00:00,89478.59375,3066.4619140625
2024-11-17 23:00:00+00:00,89834.9921875,3076.055908203125
2024-11-18 00:00:00+00:00,89955.65625,3105.103271484375
2024-11-18 01:00:00+00:00,90840.9140625,3115.77099609375
2024-11-18 02:00:00+00:00,90526.90625,3112.251953125
2024-11-18 03:00:00+00:00,90641.96875,3108.436767578125
2024-11-18 04:00:00+00:00,90513.5546875,3102.247314453125
2024-11-18 05:00:00+00:00,90598.765625,3112.870361328125
2024-11-18 06:00:00+00:00,91680.2421875,3137.1728515625
2024-11-18 07:00:00+00:00,91782.03125,3133.141845703125
2024-11-18 08:00:00+00:00,91797.34375,3122.686767578125
2024-11-18 09:00:00+00:00,91733.40625,3109.591064453125
2024-11-18 10:00:00+00:00,91785.296875,3117.822509765625
2024-11-18 11:00:00+00:00,90261.921875,3055.424072265625
2024-11-18 12:00:00+00:00,90603.3671875,3085.348388671875
2024-11-18 13:00:00+00:00,89557.6875,3064.758544921875
2024-11-18 14:00:00+00:00,90159.453125,3082.422119140625
2024-11-18 15:00:00+00:00,92421.390625,3147.93017578125
2024-11-18 16:00:00+00:00,91503.2578125,3168.764404296875
2024-11-18 17:00:00+00:00,91569.4296875,3174.275390625
2024-11-18 18:00:00+00:00,90389.84375,3162.8388671875
2024-11-18 19:00:00+00:00,90696.5390625,3132.60693359375
2024-11-18 20:00:00+00:00,91381.1875,3152.446044921875
2024-11-18 21:00:00+00:00,91277.828125,3147.869140625
2024-11-18 22:00:00+00:00,91253.7421875,3152.20068359375
2024-11-18 23:00:00+00:00,90536.8125,3207.5625
2024-11-19 00:00:00+00:00,91157.4453125,3167.611083984375
2024-11-19 01:00:00+00:00,90753.375,3145.758544921875
2024-11-19 02:00:00+00:00,91259.328125,3159.005615234375
2024-11-19 03:00:00+00:00,91485.15625,3151.437744140625
2024-11-19 04:00:00+00:00,91507.8359375,3127.0087890625
2024-11-19 05:00:00+00:00,91830.3671875,3134.292724609375
2024-11-19 06:00:00+00:00,92012.328125,3132.337646484375
2024-11-19 07:00:00+00:00,91684.140625,3121.4970703125
2024-11-19 08:00:00+00:00,91797.2421875,3122.010986328125
2024-11-19 09:00:00+00:00,91771.5703125,3114.730712890625
2024-11-19 10:00:00+00:00,91809.96875,3122.03271484375
2024-11-19 11:00:00+00:00,91723.125,3129.186279296875
2024-11-19 12:00:00+00:00,92473.7734375,3135.057861328125
2024-11-19 13:00:00+00:00,91301.6796875,3088.168212890625
2024-11-19 14:00:00+00:00,91960.203125,3099.255126953125
2024-11-19 15:00:00+00:00,92462.5234375,3105.785888671875
2024-11-19 16:00:00+00:00,92640.703125,3114.223388671875
2024-11-19 17:00:00+00:00,92841.4375,3119.988525390625
2024-11-19 18:00:00+00:00,93813.0625,3145.036865234375
2024-11-19 19:00:00+00:00,93268.9296875,3123.5458984375
2024-11-19 20:00:00+00:00,92515.09375,3103.078125
2024-11-19 21:00:00+00:00,92405.703125,3098.822265625
2024-11-19 22:00:00+00:00,91893.4296875,3093.820068359375
2024-11-19 23:00:00+00:00,92341.890625,3111.116943359375
2024-11-20 00:00:00+00:00,92202.09375,3112.598876953125
2024-11-20 01:00:00+00:00,92077.5703125,3101.92333984375
2024-11-20 02:00:00+00:00,91871.15625,3089.9619140625
2024-11-20 03:00:00+00:00,92139.65625,3100.29443359375
2024-11-20 04:00:00+00:00,92236.8984375,3101.528564453125
2024-11-20 05:00:00+00:00,92586.65625,3111.05810546875
2024-11-20 06:00:00+00:00,92450.171875,3107.23583984375
2024-11-20 07:00:00+00:00,92886.484375,3111.95166015625
2024-11-20 08:00:00+00:00,93264.21875,3125.257568359375
2024-11-20 09:00:00+00:00,93115.109375,3120.35595703125
2024-11-20 10:00:00+00:00,93364.3125,3111.87353515625
2024-11-20 11:00:00+00:00,93560.1796875,3102.349853515625
2024-11-20 12:00:00+00:00,93723.1328125,3094.955810546875
2024-11-20 13:00:00+00:00,94473.8125,3113.498291015625
2024-11-20 14:00:00+00:00,94693.9453125,3118.626953125
2024-11-20 15:00:00+00:00,94834.2734375,3132.149169921875
2024-11-20 16:00:00+00:00,94164.6484375,3094.238037109375
2024-11-20 17:00:00+00:00,94207.8203125,3075.93896484375
2024-11-20 18:00:00+00:00,93707.0546875,3052.5517578125
2024-11-20 19:00:00+00:00,94029.71875,3060.810791015625
2024-11-20 20:00:00+00:00,94206.5,3072.05224609375
2024-11-20 21:00:00+00:00,94471.40625,3081.129150390625
2024-11-20 22:00:00+00:00,94248.6953125,3076.91796875
2024-11-20 23:00:00+00:00,94334.640625,3072.05517578125
2024-11-21 00:00:00+00:00,94799.3671875,3082.874267578125
2024-11-21 01:00:00+00:00,94750.65625,3081.83203125
2024-11-21 02:00:00+00:00,94457.5546875,3057.582763671875
2024-11-21 03:00:00+00:00,95867.96875,3083.712646484375
2024-11-21 04:00:00+00:00,97537.25,3135.42236328125
2024-11-21 05:00:00+00:00,97297.765625,3110.793212890625
2024-11-21 06:00:00+00:00,97019.421875,3128.551025390625
2024-11-21 07:00:00+00:00,97012.1484375,3139.0947265625
2024-11-21 08:00:00+00:00,97119.1640625,3145.41015625
2024-11-21 09:00:00+00:00,97595.453125,3125.239501953125
2024-11-21 10:00:00+00:00,97689.921875,3132.927490234375
2024-11-21 11:00:00+00:00,97872.546875,3147.834716796875
2024-11-21 12:00:00+00:00,97415.765625,3291.510498046875
2024-11-21 13:00:00+00:00,97530.6796875,3346.631591796875
2024-11-21 14:00:00+00:00,97053.7578125,3346.960205078125
2024-11-21 15:00:00+00:00,96864.7734375,3282.213134765625
2024-11-21 16:00:00+00:00,97180.3125,3331.79833984375
2024-11-21 17:00:00+00:00,97950.421875,3343.353271484375
2024-11-21 18:00:00+00:00,98331.625,3380.200439453125
2024-11-21 19:00:00+00:00,98085.3828125,3350.6103515625
2024-11-21 20:00:00+00:00,98163.9921875,3354.478759765625
2024-11-21 21:00:00+00:00,98043.8984375,3346.070068359375
2024-11-21 22:00:00+00:00,98431.0078125,3374.118896484375
2024-11-21 23:00:00+00:00,98504.765625,3362.2568359375
2024-11-22 00:00:00+00:00,98053.28125,3322.222900390625
2024-11-22 01:00:00+00:00,98129.5078125,3322.674560546875
2024-11-22 02:00:00+00:00,98637.484375,3333.42041015625
2024-11-22 03:00:00+00:00,98914.40625,3374.269775390625
2024-11-22 04:00:00+00:00,98833.0546875,3391.569580078125
2024-11-22 05:00:00+00:00,98923.0390625,3381.658447265625
2024-11-22 06:00:00+00:00,99049.34375,3373.169921875
2024-11-22 07:00:00+00:00,99266.8203125,3364.44384765625
2024-11-22 08:00:00+00:00,98944.6328125,3375.993408203125
2024-11-22 09:00:00+00:00,98787.5390625,3368.340087890625
2024-11-22 10:00:00+00:00,98477.90625,3327.944091796875
2024-11-22 11:00:00+00:00,98934.25,3347.89697265625
2024-11-22 12:00:00+00:00,98713.9453125,3352.769287109375
2024-11-22 13:00:00+00:00,97859.90625,3296.277099609375
2024-11-22 14:00:00+00:00,97309.890625,3288.217041015625
2024-11-22 15:00:00+00:00,98850.8671875,3317.60986328125
2024-11-22 16:00:00+00:00,99081.84375,3312.233154296875
2024-11-22 17:00:00+00:00,98997.2421875,3299.74462890625
2024-11-22 18:00:00+00:00,99163.2109375,3283.2177734375
2024-11-22 19:00:00+00:00,99341.765625,3285.44384765625
2024-11-22 20:00:00+00:00,99331.953125,3298.98193359375
2024-11-22 21:00:00+00:00,99357.5859375,3318.4521484375
2024-11-22 22:00:00+00:00,98765.984375,3313.548095703125
2024-11-22 23:00:00+00:00,99006.7421875,3331.6455078125
2024-11-23 00:00:00+00:00,98789.265625,3346.592041015625
2024-11-23 01:00:00+00:00,98705.90625,3342.467529296875
2024-11-23 02:00:00+00:00,98577.140625,3328.7607421875
2024-11-23 03:00:00+00:00,98736.015625,3346.699951171875
2024-11-23 04:00:00+00:00,98681.546875,3357.0712890625
2024-11-23 05:00:00+00:00,98860.9765625,3352.356689453125
2024-11-23 06:00:00+00:00,98823.84375,3347.313232421875
2024-11-23 07:00:00+00:00,98664.1015625,3346.8642578125
2024-11-23 08:00:00+00:00,98546.609375,3370.69580078125
2024-11-23 09:00:00+00:00,98534.328125,3364.06201171875
2024-11-23 10:00:00+00:00,98537.125,3353.20703125
2024-11-23 11:00:00+00:00,98531.6484375,3359.788818359375
2024-11-23 12:00:00+00:00,98660.6875,3408.2412109375
2024-11-23 13:00:00+00:00,98709.140625,3447.957275390625
2024-11-23 14:00:00+00:00,98870.5390625,3475.751220703125
2024-11-23 15:00:00+00:00,98604.2734375,3469.989501953125
2024-11-23 16:00:00+00:00,97816.078125,3416.4140625
2024-11-23 17:00:00+00:00,98064.3203125,3430.603759765625
2024-11-23 18:00:00+00:00,97927.796875,3429.212158203125
2024-11-23 19:00:00+00:00,97641.5625,3412.654541015625
2024-11-23 20:00:00+00:00,97772.9921875,3406.150146484375
2024-11-23 21:00:00+00:00,98081.3984375,3419.347412109375
2024-11-23 22:00:00+00:00,97755.0390625,3410.422119140625
2024-11-23 23:00:00+00:00,97775.203125,3397.275634765625
2024-11-24 00:00:00+00:00,98033.0390625,3424.2734375
2024-11-24 01:00:00+00:00,98303.5859375,3438.021240234375
2024-11-24 02:00:00+00:00,98508.21875,3434.5947265625
2024-11-24 03:00:00+00:00,98245.7578125,3430.507080078125
2024-11-24 04:00:00+00:00,98286.078125,3416.392578125
2024-11-24 05:00:00+00:00,98347.0625,3416.9345703125
2024-11-24 06:00:00+00:00,98458.390625,3427.8935546875
2024-11-24 07:00:00+00:00,98445.46875,3425.830078125
2024-11-24 08:00:00+00:00,98171.4375,3402.05029296875
2024-11-24 09:00:00+00:00,98052.171875,3406.6279296875
2024-11-24 10:00:00+00:00,97820.84375,3381.533203125
2024-11-24 11:00:00+00:00,97374.96875,3348.992919921875
2024-11-24 12:00:00+00:00,96905.921875,3316.546142578125
2024-11-24 13:00:00+00:00,97300.7265625,3325.55078125
2024-11-24 14:00:00+00:00,97145.78125,3329.826904296875
2024-11-24 15:00:00+00:00,96028.0625,3296.594482421875
2024-11-24 16:00:00+00:00,96427.1953125,3320.700439453125
2024-11-24 17:00:00+00:00,95898.3125,3309.79052734375
2024-11-24 18:00:00+00:00,96557.125,3328.15576171875
2024-11-24 19:00:00+00:00,96392.078125,3329.32568359375
2024-11-24 20:00:00+00:00,96827.96875,3342.318359375
2024-11-24 21:00:00+00:00,97034.5390625,3347.82763671875
2024-11-24 22:00:00+00:00,98020.0234375,3358.9287109375
2024-11-24 23:00:00+00:00,97939.4765625,3363.31494140625
2024-11-25 00:00:00+00:00,97907.4765625,3354.276611328125
2024-11-25 01:00:00+00:00,97319.921875,3332.04638671875
2024-11-25 02:00:00+00:00,97455.515625,3338.21533203125
2024-11-25 03:00:00+00:00,97936.9921875,3366.055419921875
2024-11-25 04:00:00+00:00,97887.7578125,3371.7822265625
2024-11-25 05:00:00+00:00,98157.2109375,3384.763916015625
2024-11-25 06:00:00+00:00,98210.6796875,3384.501708984375
2024-11-25 07:00:00+00:00,98148.8046875,3400.820556640625
2024-11-25 08:00:00+00:00,98337.3359375,3416.217041015625
2024-11-25 09:00:00+00:00,98575.9453125,3476.184814453125
2024-11-25 10:00:00+00:00,98412.703125,3501.4228515625
2024-11-25 11:00:00+00:00,98282.953125,3475.43310546875
2024-11-25 12:00:00+00:00,97965.578125,3486.8310546875
2024-11-25 13:00:00+00:00,97583.140625,3481.727294921875
2024-11-25 14:00:00+00:00,95947.4921875,3420.94580078125
2024-11-25 15:00:00+00:00,96147.0703125,3525.135009765625
2024-11-25 16:00:00+00:00,95982.4140625,3487.65673828125
2024-11-25 17:00:00+00:00,95284.4609375,3462.326904296875
2024-11-25 18:00:00+00:00,95037.2265625,3446.029296875
2024-11-25 19:00:00+00:00,94745.8515625,3468.481201171875
2024-11-25 20:00:00+00:00,94901.34375,3495.367919921875
2024-11-25 21:00:00+00:00,93734.875,3431.33642578125
2024-11-25 22:00:00+00:00,94318.140625,3449.94189453125
2024-11-25 23:00:00+00:00,93106.5390625,3416.7734375
2024-11-26 00:00:00+00:00,93992.7578125,3434.14599609375
2024-11-26 01:00:00+00:00,94837.5703125,3452.00830078125
2024-11-26 02:00:00+00:00,94596.953125,3445.8876953125
2024-11-26 03:00:00+00:00,94588.5,3439.3515625
2024-11-26 04:00:00+00:00,94320.0546875,3419.907470703125
2024-11-26 05:00:00+00:00,94664.5625,3431.72119140625
2024-11-26 06:00:00+00:00,94544.609375,3425.86474609375
2024-11-26 07:00:00+00:00,93924.3515625,3401.002685546875
2024-11-26 08:00:00+00:00,93018.1171875,3365.92724609375
2024-11-26 09:00:00+00:00,93600.0390625,3361.631591796875
2024-11-26 10:00:00+00:00,92436.9375,3320.906494140625
2024-11-26 11:00:00+00:00,92365.703125,3324.398193359375
2024-11-26 12:00:00+00:00,92183.9296875,3313.9033203125
2024-11-26 13:00:00+00:00,92221.9921875,3313.282958984375
2024-11-26 14:00:00+00:00,93397.765625,3352.56787109375
2024-11-26 15:00:00+00:00,92920.9921875,3299.260009765625
2024-11-26 16:00:00+00:00,94103.03125,3331.635986328125
2024-11-26 17:00:00+00:00,93575.2109375,3330.276611328125
2024-11-26 18:00:00+00:00,92647.296875,3289.705810546875
2024-11-26 19:00:00+00:00,91660.5625,3295.967529296875
2024-11-26 20:00:00+00:00,91222.7578125,3323.12109375
2024-11-26 21:00:00+00:00,91726.796875,3325.894287109375
2024-11-26 22:00:00+00:00,91836.734375,3327.104248046875
2024-11-26 23:00:00+00:00,91978.140625,3326.029052734375
2024-11-27 00:00:00+00:00,91911.9140625,3307.287841796875
2024-11-27 01:00:00+00:00,92730.7890625,3342.451171875
2024-11-27 02:00:00+00:00,92922.4296875,3362.4189453125
2024-11-27 03:00:00+00:00,92599.0546875,3362.734130859375
2024-11-27 04:00:00+00:00,92533.171875,3396.31396484375
2024-11-27 05:00:00+00:00,92687.1171875,3398.477783203125
2024-11-27 06:00:00+00:00,93105.171875,3425.190673828125
2024-11-27 07:00:00+00:00,93576.765625,3422.245849609375
2024-11-27 08:00:00+00:00,93413.265625,3418.77783203125
2024-11-27 09:00:00+00:00,93400.0078125,3410.74951171875
2024-11-27 10:00:00+00:00,93864.765625,3457.39892578125
2024-11-27 11:00:00+00:00,93359.9453125,3459.650390625
2024-11-27 12:00:00+00:00,93459.7734375,3481.2080078125
2024-11-27 13:00:00+00:00,94129.953125,3496.7880859375
2024-11-27 14:00:00+00:00,94927.296875,3526.89990234375
2024-11-27 15:00:00+00:00,95832.7109375,3561.59033203125
2024-11-27 16:00:00+00:00,95773.203125,3553.885498046875
2024-11-27 17:00:00+00:00,96315.765625,3565.215087890625
2024-11-27 18:00:00+00:00,96240.2734375,3591.44677734375
2024-11-27 19:00:00+00:00,96689.2578125,3594.860107421875
2024-11-27 20:00:00+00:00,96485.0703125,3625.9462890625
2024-11-27 21:00:00+00:00,96270.609375,3631.099609375
2024-11-27 22:00:00+00:00,96220.8046875,3675.451416015625
2024-11-27 23:00:00+00:00,95954.9453125,3656.609619140625
2024-11-28 00:00:00+00:00,96560.40625,3644.150390625
2024-11-28 01:00:00+00:00,96336.296875,3643.0068359375
2024-11-28 02:00:00+00:00,95767.84375,3622.541259765625
2024-11-28 03:00:00+00:00,95614.296875,3599.82666015625
2024-11-28 04:00:00+00:00,95804.2265625,3607.0263671875
2024-11-28 05:00:00+00:00,95524.546875,3592.87158203125
2024-11-28 06:00:00+00:00,95553.328125,3596.2333984375
2024-11-28 07:00:00+00:00,95291.25,3590.406982421875
2024-11-28 08:00:00+00:00,95463.8125,3628.72021484375
2024-11-28 09:00:00+00:00,95137.5234375,3601.95166015625
2024-11-28 10:00:00+00:00,95065.453125,3605.9892578125
2024-11-28 11:00:00+00:00,95562.9375,3621.7822265625
2024-11-28 12:00:00+00:00,95558.453125,3626.1533203125
2024-11-28 13:00:00+00:00,95773.125,3595.1826171875
2024-11-28 14:00:00+00:00,95512.8671875,3571.27001953125
2024-11-28 15:00:00+00:00,95016.0703125,3542.05810546875
2024-11-28 16:00:00+00:00,94956.8984375,3542.14208984375
2024-11-28 17:00:00+00:00,94907.703125,3553.532470703125
2024-11-28 18:00:00+00:00,95298.7265625,3578.482177734375
2024-11-28 19:00:00+00:00,95110.203125,3575.13671875
2024-11-28 20:00:00+00:00,94818.453125,3557.0234375
2024-11-28 21:00:00+00:00,95105.9453125,3571.49169921875
2024-11-28 22:00:00+00:00,95601.2265625,3591.484619140625
2024-11-28 23:00:00+00:00,95653.953125,3579.91064453125
2024-11-29 00:00:00+00:00,95524.96875,3560.306640625
2024-11-29 01:00:00+00:00,95957.3359375,3566.052978515625
2024-11-29 02:00:00+00:00,96761.921875,3590.540283203125
2024-11-29 03:00:00+00:00,96590.640625,3584.6005859375
2024-11-29 04:00:00+00:00,96295.921875,3577.12158203125
2024-11-29 05:00:00+00:00,96207.4765625,3577.485107421875
2024-11-29 06:00:00+00:00,96255.5390625,3559.965087890625
2024-11-29 07:00:00+00:00,95614.84375,3545.072998046875
2024-11-29 08:00:00+00:00,95990.953125,3568.6484375
2024-11-29 09:00:00+00:00,96383.078125,3572.24658203125
2024-11-29 10:00:00+00:00,96851.375,3584.306640625
2024-11-29 11:00:00+00:00,97288.28125,3596.141845703125
2024-11-29 12:00:00+00:00,97003.6796875,3588.91162109375
2024-11-29 13:00:00+00:00,97237.3203125,3608.13525390625
2024-11-29 14:00:00+00:00,98034.078125,3638.037109375
2024-11-29 15:00:00+00:00,98326.8515625,3625.06689453125
2024-11-29 16:00:00+00:00,97904.6640625,3602.660400390625
2024-11-29 17:00:00+00:00,97158.4296875,3589.502197265625
2024-11-29 18:00:00+00:00,97246.7421875,3577.33642578125
2024-11-29 19:00:00+00:00,97422.59375,3585.52978515625
2024-11-29 20:00:00+00:00,97427.0703125,3595.971923828125
2024-11-29 21:00:00+00:00,97426.90625,3593.276611328125
2024-11-29 22:00:00+00:00,97341.1875,3597.683349609375
2024-11-29 23:00:00+00:00,97468.8125,3593.59814453125
2024-11-30 00:00:00+00:00,97065.7265625,3594.481201171875
2024-11-30 01:00:00+00:00,96558.265625,3605.345947265625
2024-11-30 02:00:00+00:00,96644.1796875,3621.067138671875
2024-11-30 03:00:00+00:00,96662.0,3660.12548828125
2024-11-30 04:00:00+00:00,96715.046875,3649.475830078125
2024-11-30 05:00:00+00:00,97163.59375,3692.602294921875
2024-11-30 06:00:00+00:00,96668.4140625,3695.553466796875
2024-11-30 07:00:00+00:00,96815.0625,3701.9814453125
2024-11-30 08:00:00+00:00,96978.6015625,3697.925537109375
2024-11-30 09:00:00+00:00,96802.2578125,3693.517822265625
2024-11-30 10:00:00+00:00,96193.6875,3644.18017578125
2024-11-30 11:00:00+00:00,96298.1953125,3655.72021484375
2024-11-30 12:00:00+00:00,96572.2578125,3679.5654296875
2024-11-30 13:00:00+00:00,96502.9375,3673.16943359375
2024-11-30 14:00:00+00:00,96505.8203125,3656.11181640625
2024-11-30 15:00:00+00:00,96726.078125,3680.235107421875
2024-11-30 16:00:00+00:00,96973.7265625,3678.850830078125
2024-11-30 17:00:00+00:00,96824.3515625,3678.059814453125
2024-11-30 18:00:00+00:00,97039.328125,3673.822998046875
2024-11-30 19:00:00+00:00,97068.0,3692.977294921875
2024-11-30 20:00:00+00:00,97020.5859375,3712.84814453125
2024-11-30 21:00:00+00:00,96846.078125,3722.94921875
2024-11-30 22:00:00+00:00,96491.296875,3711.128173828125
2024-11-30 23:00:00+00:00,96447.59375,3706.619873046875
2024-12-01 00:00:00+00:00,96381.8359375,3694.768798828125
2024-12-01 01:00:00+00:00,96164.375,3711.1416015625
2024-12-01 02:00:00+00:00,95813.4765625,3663.41357421875
2024-12-01 03:00:00+00:00,96366.0390625,3708.40673828125
2024-12-01 04:00:00+00:00,96508.1015625,3704.2646484375
2024-12-01 05:00:00+00:00,96385.78125,3686.38134765625
2024-12-01 06:00:00+00:00,96412.7265625,3700.109130859375
2024-12-01 07:00:00+00:00,96514.1328125,3704.232666015625
2024-12-01 08:00:00+00:00,97098.9140625,3707.461181640625
2024-12-01 09:00:00+00:00,97088.375,3703.237548828125
2024-12-01 10:00:00+00:00,96860.4375,3684.05517578125
2024-12-01 11:00:00+00:00,97172.453125,3693.34765625
2024-12-01 12:00:00+00:00,96880.1640625,3684.365966796875
2024-12-01 13:00:00+00:00,97137.6875,3706.389892578125
2024-12-01 14:00:00+00:00,97352.5078125,3710.4052734375
2024-12-01 15:00:00+00:00,97087.5234375,3729.079345703125
2024-12-01 16:00:00+00:00,97213.75,3729.857177734375
2024-12-01 17:00:00+00:00,97372.1640625,3723.573974609375
2024-12-01 18:00:00+00:00,97200.0859375,3712.244140625
2024-12-01 19:00:00+00:00,97239.4296875,3709.845703125
2024-12-01 20:00:00+00:00,97123.3046875,3691.844482421875
2024-12-01 21:00:00+00:00,97828.0703125,3705.77294921875
2024-12-01 22:00:00+00:00,97644.7421875,3724.24755859375
2024-12-01 23:00:00+00:00,97287.140625,3710.495361328125
2024-12-02 00:00:00+00:00,97538.0859375,3705.707763671875
2024-12-02 01:00:00+00:00,98064.90625,3733.412109375
2024-12-02 02:00:00+00:00,97713.796875,3736.56494140625
2024-12-02 03:00:00+00:00,96634.703125,3685.40283203125
2024-12-02 04:00:00+00:00,96750.734375,3691.08349609375
2024-12-02 05:00:00+00:00,96433.84375,3681.360107421875
2024-12-02 06:00:00+00:00,96380.8515625,3681.453857421875
2024-12-02 07:00:00+00:00,96063.9765625,3668.506103515625
2024-12-02 08:00:00+00:00,95142.2109375,3607.34326171875
2024-12-02 09:00:00+00:00,95566.4765625,3622.9892578125
2024-12-02 10:00:00+00:00,94943.3125,3575.4228515625
2024-12-02 11:00:00+00:00,95172.4765625,3591.58642578125
2024-12-02 12:00:00+00:00,94986.4453125,3594.38232421875
2024-12-02 13:00:00+00:00,95655.453125,3627.765380859375
2024-12-02 14:00:00+00:00,96318.6328125,3643.34521484375
2024-12-02 15:00:00+00:00,97200.3203125,3677.794189453125
2024-12-02 16:00:00+00:00,96286.3203125,3628.882080078125
2024-12-02 17:00:00+00:00,94644.828125,3560.157470703125
2024-12-02 18:00:00+00:00,95722.4765625,3623.597412109375
2024-12-02 19:00:00+00:00,95824.2265625,3609.99658203125
2024-12-02 20:00:00+00:00,95673.953125,3612.621337890625
2024-12-02 21:00:00+00:00,95508.453125,3617.739501953125
2024-12-02 22:00:00+00:00,95399.2890625,3617.970947265625
2024-12-02 23:00:00+00:00,95851.265625,3643.47119140625
2024-12-03 00:00:00+00:00,95861.0078125,3640.1640625
2024-12-03 01:00:00+00:00,95533.28125,3621.1142578125
2024-12-03 02:00:00+00:00,96027.0859375,3640.340087890625
2024-12-03 03:00:00+00:00,96093.3515625,3642.01416015625
2024-12-03 04:00:00+00:00,95928.203125,3644.68017578125
2024-12-03 05:00:00+00:00,96160.875,3655.40380859375
2024-12-03 06:00:00+00:00,95617.2578125,3634.111572265625
2024-12-03 07:00:00+00:00,95633.7734375,3618.77099609375
2024-12-03 08:00:00+00:00,95499.3125,3614.412109375
2024-12-03 09:00:00+00:00,95264.6328125,3607.234375
2024-12-03 10:00:00+00:00,94784.1953125,3590.3466796875
2024-12-03 11:00:00+00:00,95027.1484375,3613.8193359375
2024-12-03 12:00:00+00:00,94876.125,3606.201171875
2024-12-03 13:00:00+00:00,93722.0859375,3543.60693359375
2024-12-03 14:00:00+00:00,95243.5625,3584.4150390625
2024-12-03 15:00:00+00:00,95700.9921875,3565.045166015625
2024-12-03 16:00:00+00:00,95196.3046875,3555.3828125
2024-12-03 17:00:00+00:00,95909.5,3577.153076171875
2024-12-03 18:00:00+00:00,95540.6640625,3581.61865234375
2024-12-03 19:00:00+00:00,95471.6015625,3579.122802734375
2024-12-03 20:00:00+00:00,95660.0703125,3609.14404296875
2024-12-03 21:00:00+00:00,96095.203125,3615.68310546875
2024-12-03 22:00:00+00:00,96192.7265625,3626.713623046875
2024-12-03 23:00:00+00:00,95981.703125,3620.03759765625
2024-12-04 00:00:00+00:00,95804.5625,3681.840087890625
2024-12-04 01:00:00+00:00,96306.546875,3693.485595703125
2024-12-04 02:00:00+00:00,95859.9765625,3649.3388671875
2024-12-04 03:00:00+00:00,95838.09375,3665.826171875
2024-12-04 04:00:00+00:00,95961.90625,3669.795166015625
2024-12-04 05:00:00+00:00,96536.6171875,3680.696044921875
2024-12-04 06:00:00+00:00,96575.0703125,3695.883056640625
2024-12-04 07:00:00+00:00,96632.0390625,3716.713623046875
2024-12-04 08:00:00+00:00,96774.6015625,3704.23486328125
2024-12-04 09:00:00+00:00,96882.9140625,3729.715087890625
2024-12-04 10:00:00+00:00,96534.546875,3718.86669921875
2024-12-04 11:00:00+00:00,96302.8671875,3731.281982421875
2024-12-04 12:00:00+00:00,95990.46875,3720.818603515625
2024-12-04 13:00:00+00:00,95746.6875,3711.356689453125
2024-12-04 14:00:00+00:00,96093.703125,3793.22119140625
2024-12-04 15:00:00+00:00,95806.6171875,3822.24267578125
2024-12-04 16:00:00+00:00,94992.25,3762.05712890625
2024-12-04 17:00:00+00:00,95529.890625,3818.468994140625
2024-12-04 18:00:00+00:00,96276.484375,3828.005859375
2024-12-04 19:00:00+00:00,97306.421875,3848.096435546875
2024-12-04 20:00:00+00:00,98956.71875,3882.56103515625
2024-12-04 21:00:00+00:00,97912.9921875,3849.585693359375
2024-12-04 22:00:00+00:00,98403.640625,3845.093994140625
2024-12-04 23:00:00+00:00,98799.390625,3840.0537109375
2024-12-05 00:00:00+00:00,98409.5078125,3807.13818359375
2024-12-05 01:00:00+00:00,98286.734375,3807.950927734375
2024-12-05 02:00:00+00:00,101363.5703125,3857.566162109375
2024-12-05 03:00:00+00:00,103090.0390625,3836.90087890625
2024-12-05 04:00:00+00:00,103298.90625,3862.15673828125
2024-12-05 05:00:00+00:00,102494.7421875,3847.952392578125
2024-12-05 06:00:00+00:00,101970.3046875,3852.42333984375
2024-12-05 07:00:00+00:00,102357.421875,3855.393798828125
2024-12-05 08:00:00+00:00,102967.390625,3912.631591796875
2024-12-05 09:00:00+00:00,102677.765625,3919.077880859375
2024-12-05 10:00:00+00:00,102365.4921875,3916.50244140625
2024-12-05 11:00:00+00:00,102693.484375,3937.3916015625
2024-12-05 12:00:00+00:00,103109.171875,3935.90966796875
2024-12-05 13:00:00+00:00,103000.078125,3923.45751953125
2024-12-05 14:00:00+00:00,103500.8828125,3930.150634765625
2024-12-05 15:00:00+00:00,101507.0703125,3896.00390625
2024-12-05 16:00:00+00:00,101192.0390625,3910.492919921875
2024-12-05 17:00:00+00:00,101401.796875,3919.631103515625
2024-12-05 18:00:00+00:00,100236.46875,3870.0791015625
2024-12-05 19:00:00+00:00,98968.9140625,3833.91162109375
2024-12-05 20:00:00+00:00,99133.6484375,3825.422119140625
2024-12-05 21:00:00+00:00,99049.8046875,3859.9375
2024-12-05 22:00:00+00:00,96600.4375,3813.763916015625
2024-12-05 23:00:00+00:00,97078.9765625,3792.20849609375
2024-12-06 00:00:00+00:00,97571.6171875,3866.51171875
2024-12-06 01:00:00+00:00,98177.71875,3873.8671875
2024-12-06 02:00:00+00:00,97539.4375,3875.572265625
2024-12-06 03:00:00+00:00,97721.8203125,3907.59912109375
2024-12-06 04:00:00+00:00,97918.84375,3904.861572265625
2024-12-06 05:00:00+00:00,97916.4921875,3891.878662109375
2024-12-06 06:00:00+00:00,98088.15625,3910.353271484375
2024-12-06 07:00:00+00:00,98179.0625,3893.9013671875
2024-12-06 08:00:00+00:00,98464.5625,3884.138427734375
2024-12-06 09:00:00+00:00,98115.734375,3873.52734375
2024-12-06 10:00:00+00:00,98220.8125,3871.26611328125
2024-12-06 11:00:00+00:00,98163.0390625,3869.165283203125
2024-12-06 12:00:00+00:00,97706.015625,3840.903564453125
2024-12-06 13:00:00+00:00,98708.96875,3891.140869140625
2024-12-06 14:00:00+00:00,99509.25,3986.2529296875
2024-12-06 15:00:00+00:00,99218.0546875,3992.85009765625
2024-12-06 16:00:00+00:00,99142.53125,4009.452392578125
2024-12-06 17:00:00+00:00,100859.0,4029.253662109375
2024-12-06 18:00:00+00:00,101608.4453125,4060.287353515625
2024-12-06 19:00:00+00:00,101604.4921875,4074.922119140625
2024-12-06 20:00:00+00:00,101312.796875,4044.2177734375
2024-12-06 21:00:00+00:00,100548.515625,4030.22314453125
2024-12-06 22:00:00+00:00,100643.6015625,4029.2119140625
2024-12-06 23:00:00+00:00,99899.7890625,4007.2861328125
2024-12-07 00:00:00+00:00,100458.125,4016.785400390625
2024-12-07 01:00:00+00:00,100146.1953125,3986.271484375
2024-12-07 02:00:00+00:00,100088.21875,3999.56494140625
2024-12-07 03:00:00+00:00,99450.8515625,3995.388916015625
2024-12-07 04:00:00+00:00,99701.328125,4003.08935546875
2024-12-07 05:00:00+00:00,99257.5703125,3993.9375
2024-12-07 06:00:00+00:00,99451.75,3982.95361328125
2024-12-07 07:00:00+00:00,99573.953125,3990.630859375
2024-12-07 08:00:00+00:00,99581.1484375,3986.0693359375
2024-12-07 09:00:00+00:00,99775.015625,3987.94140625
2024-12-07 10:00:00+00:00,99632.28125,3984.28515625
2024-12-07 11:00:00+00:00,99749.3828125,4003.090576171875
2024-12-07 12:00:00+00:00,99495.328125,4000.141357421875
2024-12-07 13:00:00+00:00,99465.40625,4000.877685546875
2024-12-07 14:00:00+00:00,99601.53125,4002.016845703125
2024-12-07 15:00:00+00:00,99879.1015625,4010.696044921875
2024-12-07 16:00:00+00:00,99665.5390625,3999.689208984375
2024-12-07 17:00:00+00:00,99701.890625,3993.1787109375
2024-12-07 18:00:00+00:00,100199.09375,4013.22314453125
2024-12-07 19:00:00+00:00,100200.84375,4016.257080078125
2024-12-07 20:00:00+00:00,100350.609375,4018.81298828125
2024-12-07 21:00:00+00:00,99984.515625,4009.157470703125
2024-12-07 22:00:00+00:00,99823.609375,4001.026123046875
2024-12-07 23:00:00+00:00,99914.65625,4002.65771484375
2024-12-08 00:00:00+00:00,100046.21875,4007.690673828125
2024-12-08 01:00:00+00:00,99881.25,3994.994384765625
2024-12-08 02:00:00+00:00,100175.5859375,3999.82470703125
2024-12-08 03:00:00+00:00,100000.2265625,3992.43701171875
2024-12-08 04:00:00+00:00,99876.3671875,3984.704833984375
2024-12-08 05:00:00+00:00,99573.4453125,3975.00537109375
2024-12-08 06:00:00+00:00,99739.65625,3981.6123046875
2024-12-08 07:00:00+00:00,99755.3125,3984.594970703125
2024-12-08 08:00:00+00:00,99118.7265625,3942.63623046875
2024-12-08 09:00:00+00:00,98969.9140625,3939.51318359375
2024-12-08 10:00:00+00:00,99359.609375,3966.05712890625
2024-12-08 11:00:00+00:00,99768.34375,3975.33349609375
2024-12-08 12:00:00+00:00,100008.9609375,3988.58349609375
2024-12-08 13:00:00+00:00,100499.5625,4001.156982421875
2024-12-08 14:00:00+00:00,99849.828125,3983.533447265625
2024-12-08 15:00:00+00:00,99958.7109375,3996.753662109375
2024-12-08 16:00:00+00:00,99902.7578125,3985.88330078125
2024-12-08 17:00:00+00:00,100017.3046875,3988.04541015625
2024-12-08 18:00:00+00:00,99814.75,3974.2216796875
2024-12-08 19:00:00+00:00,99980.4765625,3990.856201171875
2024-12-08 20:00:00+00:00,99893.25,3980.577392578125
2024-12-08 21:00:00+00:00,100031.828125,3992.025634765625
2024-12-08 22:00:00+00:00,100297.25,4012.582275390625
2024-12-08 23:00:00+00:00,101237.0625,4006.101806640625
2024-12-09 00:00:00+00:00,99684.640625,3970.05859375
2024-12-09 01:00:00+00:00,99586.0703125,3948.576904296875
2024-12-09 02:00:00+00:00,99267.7734375,3947.435546875
2024-12-09 03:00:00+00:00,99100.390625,3930.3525390625
2024-12-09 04:00:00+00:00,99437.0625,3940.52783203125
2024-12-09 05:00:00+00:00,99480.21875,3945.93212890625
2024-12-09 06:00:00+00:00,99137.46875,3920.472412109375
2024-12-09 07:00:00+00:00,99600.890625,3920.591552734375
2024-12-09 08:00:00+00:00,98909.15625,3865.120849609375
2024-12-09 09:00:00+00:00,98547.46875,3881.1787109375
2024-12-09 10:00:00+00:00,98716.984375,3883.771728515625
2024-12-09 11:00:00+00:00,98021.9609375,3847.491943359375
2024-12-09 12:00:00+00:00,98543.8203125,3862.419677734375
2024-12-09 13:00:00+00:00,99047.0546875,3898.88623046875
2024-12-09 14:00:00+00:00,100322.4453125,3940.305908203125
2024-12-09 15:00:00+00:00,97894.140625,3828.120361328125
2024-12-09 16:00:00+00:00,97865.484375,3848.987060546875
2024-12-09 17:00:00+00:00,97479.3359375,3832.97314453125
2024-12-09 18:00:00+00:00,97931.78125,3843.92431640625
2024-12-09 19:00:00+00:00,97000.0703125,3793.903076171875
2024-12-09 20:00:00+00:00,96149.8203125,3729.20654296875
2024-12-09 21:00:00+00:00,97234.96875,3713.467041015625
2024-12-09 22:00:00+00:00,96997.6015625,3712.847412109375
2024-12-09 23:00:00+00:00,97441.234375,3719.00048828125
2024-12-10 00:00:00+00:00,97888.015625,3765.119140625
2024-12-10 01:00:00+00:00,98014.2421875,3759.65283203125
2024-12-10 02:00:00+00:00,96904.1484375,3698.705810546875
2024-12-10 03:00:00+00:00,96785.578125,3677.927490234375
2024-12-10 04:00:00+00:00,97073.5078125,3710.435546875
2024-12-10 05:00:00+00:00,96963.7890625,3703.497802734375
2024-12-10 06:00:00+00:00,97448.765625,3743.08544921875
2024-12-10 07:00:00+00:00,97210.4140625,3735.1748046875
2024-12-10 08:00:00+00:00,97476.171875,3744.85009765625
2024-12-10 09:00:00+00:00,97482.484375,3750.6064453125
2024-12-10 10:00:00+00:00,97677.828125,3763.146728515625
2024-12-10 11:00:00+00:00,97868.921875,3754.399658203125
2024-12-10 12:00:00+00:00,97112.9921875,3669.2255859375
2024-12-10 13:00:00+00:00,97790.6796875,3696.597412109375
2024-12-10 14:00:00+00:00,97690.3828125,3671.956298828125
2024-12-10 15:00:00+00:00,95689.046875,3562.597900390625
2024-12-10 16:00:00+00:00,96407.015625,3616.64501953125
2024-12-10 17:00:00+00:00,94701.4765625,3532.8291015625
2024-12-10 18:00:00+00:00,95101.9140625,3581.013427734375
2024-12-10 19:00:00+00:00,95926.375,3632.532958984375
2024-12-10 20:00:00+00:00,96556.640625,3636.074951171875
2024-12-10 21:00:00+00:00,96950.09375,3635.78515625
2024-12-10 22:00:00+00:00,96944.890625,3638.768310546875
2024-12-10 23:00:00+00:00,96656.0625,3631.276123046875
2024-12-11 00:00:00+00:00,96456.8828125,3612.449951171875
2024-12-11 01:00:00+00:00,95796.8515625,3570.68896484375
2024-12-11 02:00:00+00:00,97243.4609375,3651.985595703125
2024-12-11 03:00:00+00:00,97435.21875,3665.76171875
2024-12-11 04:00:00+00:00,97580.1328125,3670.800537109375
2024-12-11 05:00:00+00:00,97538.7109375,3660.584716796875
2024-12-11 06:00:00+00:00,97709.546875,3675.98486328125
2024-12-11 07:00:00+00:00,97404.828125,3656.09130859375
2024-12-11 08:00:00+00:00,98134.6953125,3698.934326171875
2024-12-11 09:00:00+00:00,97970.671875,3700.13037109375
2024-12-11 10:00:00+00:00,98239.71875,3705.387451171875
2024-12-11 11:00:00+00:00,98332.5703125,3715.3212890625
2024-12-11 12:00:00+00:00,98300.234375,3724.998779296875
2024-12-11 13:00:00+00:00,98711.078125,3742.3671875
2024-12-11 14:00:00+00:00,99579.8671875,3772.818359375
2024-12-11 15:00:00+00:00,100446.09375,3788.107421875
2024-12-11 16:00:00+00:00,100658.109375,3799.400390625
2024-12-11 17:00:00+00:00,99872.2578125,3767.0859375
2024-12-11 18:00:00+00:00,100471.890625,3796.919921875
2024-12-11 19:00:00+00:00,101178.0546875,3805.252685546875
2024-12-11 20:00:00+00:00,101283.09375,3835.779296875
2024-12-11 21:00:00+00:00,101572.5078125,3831.421142578125
2024-12-11 22:00:00+00:00,101337.1953125,3842.6650390625
2024-12-11 23:00:00+00:00,101174.0,3832.2568359375
2024-12-12 00:00:00+00:00,100834.734375,3817.173583984375
2024-12-12 01:00:00+00:00,100524.6640625,3803.759033203125
2024-12-12 02:00:00+00:00,101795.7890625,3883.617919921875
2024-12-12 03:00:00+00:00,100907.5078125,3931.131591796875
2024-12-12 04:00:00+00:00,100717.7890625,3909.5810546875
2024-12-12 05:00:00+00:00,100720.03125,3929.547607421875
2024-12-12 06:00:00+00:00,100586.140625,3935.787841796875
2024-12-12 07:00:00+00:00,100515.8984375,3905.372314453125
2024-12-12 08:00:00+00:00,100995.0234375,3913.258544921875
2024-12-12 09:00:00+00:00,100889.0,3929.453857421875
2024-12-12 10:00:00+00:00,100653.6796875,3925.50927734375
2024-12-12 11:00:00+00:00,100258.765625,3911.40234375
2024-12-12 12:00:00+00:00,100869.078125,3959.75244140625
2024-12-12 13:00:00+00:00,100940.1796875,3940.261474609375
2024-12-12 14:00:00+00:00,101569.546875,3980.334228515625
2024-12-12 15:00:00+00:00,101733.7109375,3957.104736328125
2024-12-12 16:00:00+00:00,101539.3046875,3935.1787109375
2024-12-12 17:00:00+00:00,101608.109375,3964.70458984375
2024-12-12 18:00:00+00:00,100893.4140625,3924.114013671875
2024-12-12 19:00:00+00:00,99453.1796875,3868.400146484375
2024-12-12 20:00:00+00:00,100040.109375,3887.20947265625
2024-12-12 21:00:00+00:00,99836.7734375,3872.07080078125
2024-12-12 22:00:00+00:00,100437.296875,3881.3720703125
2024-12-12 23:00:00+00:00,100046.6484375,3883.030029296875
2024-12-13 00:00:00+00:00,100088.0859375,3890.517578125
2024-12-13 01:00:00+00:00,99409.5703125,3879.802490234375
2024-12-13 02:00:00+00:00,99432.7421875,3907.525390625
2024-12-13 03:00:00+00:00,99761.953125,3930.612548828125
2024-12-13 04:00:00+00:00,100022.4375,3917.24072265625
2024-12-13 05:00:00+00:00,99952.453125,3910.801513671875
2024-12-13 06:00:00+00:00,99790.71875,3895.125
2024-12-13 07:00:00+00:00,100239.6640625,3890.05322265625
2024-12-13 08:00:00+00:00,100261.9375,3897.404541015625
2024-12-13 09:00:00+00:00,100134.34375,3893.109130859375
2024-12-13 10:00:00+00:00,100528.28125,3902.011962890625
2024-12-13 11:00:00+00:00,100439.921875,3905.42919921875
2024-12-13 12:00:00+00:00,100237.359375,3929.6787109375
2024-12-13 13:00:00+00:00,100292.15625,3928.970703125
2024-12-13 14:00:00+00:00,100988.421875,3948.994140625
2024-12-13 15:00:00+00:00,99829.96875,3883.209228515625
2024-12-13 16:00:00+00:00,100872.5703125,3913.323486328125
2024-12-13 17:00:00+00:00,101747.4921875,3944.020263671875
2024-12-13 18:00:00+00:00,101558.9375,3915.745849609375
2024-12-13 19:00:00+00:00,101535.578125,3918.428955078125
2024-12-13 20:00:00+00:00,101673.34375,3914.62451171875
2024-12-13 21:00:00+00:00,101414.6484375,3906.369140625
2024-12-13 22:00:00+00:00,101312.90625,3898.1630859375
2024-12-13 23:00:00+00:00,101458.1484375,3910.847900390625
2024-12-14 00:00:00+00:00,101250.6953125,3905.185791015625
2024-12-14 01:00:00+00:00,102189.34375,3925.936279296875
2024-12-14 02:00:00+00:00,102013.28125,3910.377197265625
2024-12-14 03:00:00+00:00,102116.703125,3912.0673828125
2024-12-14 04:00:00+00:00,101701.8046875,3915.401123046875
2024-12-14 05:00:00+00:00,101694.296875,3918.991455078125
2024-12-14 06:00:00+00:00,101900.9375,3931.409912109375
2024-12-14 07:00:00+00:00,101858.4296875,3922.50537109375
2024-12-14 08:00:00+00:00,101819.3203125,3927.002197265625
2024-12-14 09:00:00+00:00,101550.1015625,3912.755126953125
2024-12-14 10:00:00+00:00,101542.6171875,3897.134033203125
2024-12-14 11:00:00+00:00,101573.109375,3894.73291015625
2024-12-14 12:00:00+00:00,101277.4375,3868.359130859375
2024-12-14 13:00:00+00:00,101144.1875,3861.3232421875
2024-12-14 14:00:00+00:00,101437.203125,3888.37890625
2024-12-14 15:00:00+00:00,101604.9296875,3889.392578125
2024-12-14 16:00:00+00:00,101609.359375,3893.341796875
2024-12-14 17:00:00+00:00,100971.7109375,3858.7841796875
2024-12-14 18:00:00+00:00,100881.71875,3831.750732421875
2024-12-14 19:00:00+00:00,101299.34375,3858.626953125
2024-12-14 20:00:00+00:00,100705.8359375,3831.298828125
2024-12-14 21:00:00+00:00,101064.0546875,3848.57373046875
2024-12-14 22:00:00+00:00,101145.03125,3862.998046875
2024-12-14 23:00:00+00:00,101373.53125,3868.441162109375
2024-12-15 00:00:00+00:00,101416.4921875,3864.426513671875
2024-12-15 01:00:00+00:00,102096.84375,3890.967041015625
2024-12-15 02:00:00+00:00,101820.15625,3883.180908203125
2024-12-15 03:00:00+00:00,101733.4765625,3877.500732421875
2024-12-15 04:00:00+00:00,102280.8828125,3892.728759765625
2024-12-15 05:00:00+00:00,102122.40625,3891.53173828125
2024-12-15 06:00:00+00:00,101759.6484375,3877.136962890625
2024-12-15 07:00:00+00:00,101703.4609375,3844.3125
2024-12-15 08:00:00+00:00,101955.5390625,3862.301513671875
2024-12-15 09:00:00+00:00,102196.34375,3862.3505859375
2024-12-15 10:00:00+00:00,102278.9296875,3861.79296875
2024-12-15 11:00:00+00:00,102617.5390625,3876.16015625
2024-12-15 12:00:00+00:00,102895.6171875,3885.971435546875
2024-12-15 13:00:00+00:00,102777.7890625,3886.471435546875
2024-12-15 14:00:00+00:00,102919.4765625,3903.016357421875
2024-12-15 15:00:00+00:00,102737.53125,3894.41552734375
2024-12-15 16:00:00+00:00,102992.4609375,3908.723876953125
2024-12-15 17:00:00+00:00,103108.046875,3907.934814453125
2024-12-15 18:00:00+00:00,103142.1484375,3896.6845703125
2024-12-15 19:00:00+00:00,103219.859375,3905.844482421875
2024-12-15 20:00:00+00:00,103095.0625,3891.251708984375
2024-12-15 21:00:00+00:00,102831.0859375,3856.146484375
2024-12-15 22:00:00+00:00,103250.234375,3889.578125
2024-12-15 23:00:00+00:00,104318.0234375,3951.65283203125
2024-12-16 00:00:00+00:00,105334.125,3998.84912109375
2024-12-16 01:00:00+00:00,105451.3828125,4001.15966796875
2024-12-16 02:00:00+00:00,104547.0078125,3970.142578125
2024-12-16 03:00:00+00:00,104537.1875,3941.87841796875
2024-12-16 04:00:00+00:00,104601.71875,3954.55517578125
2024-12-16 05:00:00+00:00,104956.609375,3964.8759765625
2024-12-16 06:00:00+00:00,105058.6875,3951.98681640625
2024-12-16 07:00:00+00:00,104953.828125,3971.646484375
2024-12-16 08:00:00+00:00,104525.8984375,3951.27978515625
2024-12-16 09:00:00+00:00,104695.8359375,3943.970947265625
2024-12-16 10:00:00+00:00,104610.953125,3950.197509765625
2024-12-16 11:00:00+00:00,103686.0625,3905.286376953125
2024-12-16 12:00:00+00:00,103574.9765625,3895.107421875
2024-12-16 13:00:00+00:00,103855.03125,3896.260009765625
2024-12-16 14:00:00+00:00,105328.8671875,3926.185546875
2024-12-16 15:00:00+00:00,106309.84375,3943.740966796875
2024-12-16 16:00:00+00:00,106910.1796875,3962.187255859375
2024-12-16 17:00:00+00:00,107071.7421875,4031.96044921875
2024-12-16 18:00:00+00:00,106999.6171875,4076.342529296875
2024-12-16 19:00:00+00:00,106599.1875,4057.871337890625
2024-12-16 20:00:00+00:00,105974.5703125,4048.782958984375
2024-12-16 21:00:00+00:00,106122.5234375,4048.757568359375
2024-12-16 22:00:00+00:00,105767.9765625,4029.46728515625
2024-12-16 23:00:00+00:00,106030.6875,3987.333984375
2024-12-17 00:00:00+00:00,106026.1171875,3965.026123046875
2024-12-17 01:00:00+00:00,106380.2578125,3988.22900390625
2024-12-17 02:00:00+00:00,106242.25,4009.488525390625
2024-12-17 03:00:00+00:00,106841.9296875,4035.4521484375
2024-12-17 04:00:00+00:00,106508.46875,4004.449951171875
2024-12-17 05:00:00+00:00,106778.234375,4022.453369140625
2024-12-17 06:00:00+00:00,106528.8984375,4008.900390625
2024-12-17 07:00:00+00:00,106803.796875,3992.44921875
2024-12-17 08:00:00+00:00,107440.21875,4013.947998046875
2024-12-17 09:00:00+00:00,107257.1953125,4024.4189453125
2024-12-17 10:00:00+00:00,107157.4765625,4009.694091796875
2024-12-17 11:00:00+00:00,106873.1171875,3998.68798828125
2024-12-17 12:00:00+00:00,107145.6015625,4000.546630859375
2024-12-17 13:00:00+00:00,107200.0234375,4005.40283203125
2024-12-17 14:00:00+00:00,108240.0859375,4021.011962890625
2024-12-17 15:00:00+00:00,106493.2890625,3935.05322265625
2024-12-17 16:00:00+00:00,106877.5625,3947.468017578125
2024-12-17 17:00:00+00:00,107441.65625,3977.10546875
2024-12-17 18:00:00+00:00,106514.5625,3932.290283203125
2024-12-17 19:00:00+00:00,106493.6875,3945.555419921875
2024-12-17 20:00:00+00:00,106806.4609375,3941.361083984375
2024-12-17 21:00:00+00:00,106400.1796875,3933.96533203125
2024-12-17 22:00:00+00:00,105986.7734375,3883.441162109375
2024-12-17 23:00:00+00:00,106131.6640625,3886.886962890625
2024-12-18 00:00:00+00:00,106101.5390625,3885.689453125
2024-12-18 01:00:00+00:00,105167.96875,3843.66064453125
2024-12-18 02:00:00+00:00,105335.078125,3871.984130859375
2024-12-18 03:00:00+00:00,104799.59375,3850.9296875
2024-12-18 04:00:00+00:00,103833.3359375,3841.422607421875
2024-12-18 05:00:00+00:00,103497.3203125,3835.73681640625
2024-12-18 06:00:00+00:00,103729.609375,3828.5205078125
2024-12-18 07:00:00+00:00,104276.6484375,3847.005126953125
2024-12-18 08:00:00+00:00,103773.171875,3842.235595703125
2024-12-18 09:00:00+00:00,104034.921875,3869.014892578125
2024-12-18 10:00:00+00:00,104528.4921875,3874.032958984375
2024-12-18 11:00:00+00:00,104956.8515625,3880.976806640625
2024-12-18 12:00:00+00:00,104976.4609375,3859.772216796875
2024-12-18 13:00:00+00:00,104617.96875,3858.83984375
2024-12-18 14:00:00+00:00,103974.03125,3835.413330078125
2024-12-18 15:00:00+00:00,104429.9375,3867.937744140625
2024-12-18 16:00:00+00:00,104087.015625,3871.69580078125
2024-12-18 17:00:00+00:00,104609.5078125,3878.84619140625
2024-12-18 18:00:00+00:00,104766.2109375,3895.378662109375
2024-12-18 19:00:00+00:00,102911.7734375,3788.9794921875
2024-12-18 20:00:00+00:00,100943.1640625,3696.45068359375
2024-12-18 21:00:00+00:00,101174.3359375,3702.908935546875
2024-12-18 22:00:00+00:00,101129.4296875,3683.12060546875
2024-12-18 23:00:00+00:00,100161.5,3619.58203125
2024-12-19 00:00:00+00:00,100699.5546875,3647.212158203125
2024-12-19 01:00:00+00:00,99621.734375,3596.275390625
2024-12-19 02:00:00+00:00,100348.5234375,3646.260498046875
2024-12-19 03:00:00+00:00,101162.640625,3668.475341796875
2024-12-19 04:00:00+00:00,100648.5234375,3655.23876953125
2024-12-19 05:00:00+00:00,101283.84375,3670.09814453125
2024-12-19 06:00:00+00:00,101211.90625,3680.1650390625
2024-12-19 07:00:00+00:00,101643.8046875,3692.47119140625
2024-12-19 08:00:00+00:00,101662.0234375,3666.47705078125
2024-12-19 09:00:00+00:00,101741.25,3676.797607421875
2024-12-19 10:00:00+00:00,102407.1875,3707.14013671875
2024-12-19 11:00:00+00:00,102382.0,3705.527099609375
2024-12-19 12:00:00+00:00,101890.125,3676.985595703125
2024-12-19 13:00:00+00:00,101841.125,3674.0126953125
2024-12-19 14:00:00+00:00,100981.96875,3642.203369140625
2024-12-19 15:00:00+00:00,100578.984375,3606.3818359375
2024-12-19 16:00:00+00:00,100589.4765625,3616.0224609375
2024-12-19 17:00:00+00:00,98771.203125,3474.7314453125
2024-12-19 18:00:00+00:00,98726.1875,3511.621337890625
2024-12-19 19:00:00+00:00,97021.625,3427.6865234375
2024-12-19 20:00:00+00:00,96493.3203125,3372.63037109375
2024-12-19 21:00:00+00:00,97555.3125,3422.81884765625
2024-12-19 22:00:00+00:00,98090.4765625,3449.607421875
2024-12-19 23:00:00+00:00,97484.6953125,3417.93017578125
2024-12-20 00:00:00+00:00,97219.4765625,3408.71484375
2024-12-20 01:00:00+00:00,96129.65625,3375.593994140625
2024-12-20 02:00:00+00:00,97530.2734375,3454.732177734375
2024-12-20 03:00:00+00:00,97039.3984375,3409.058837890625
2024-12-20 04:00:00+00:00,97262.3515625,3392.759765625
2024-12-20 05:00:00+00:00,96742.2578125,3356.07763671875
2024-12-20 06:00:00+00:00,96709.3515625,3340.456787109375
2024-12-20 07:00:00+00:00,97652.21875,3383.768310546875
2024-12-20 08:00:00+00:00,95282.296875,3279.595458984375
2024-12-20 09:00:00+00:00,94781.1953125,3263.65576171875
2024-12-20 10:00:00+00:00,94313.1015625,3182.977783203125
2024-12-20 11:00:00+00:00,92832.4453125,3114.640869140625
2024-12-20 12:00:00+00:00,93711.3203125,3230.6337890625
2024-12-20 13:00:00+00:00,95229.8984375,3282.550537109375
2024-12-20 14:00:00+00:00,95716.8671875,3329.79638671875
2024-12-20 15:00:00+00:00,97001.703125,3368.75244140625
2024-12-20 16:00:00+00:00,96612.0078125,3387.36572265625
2024-12-20 17:00:00+00:00,97331.609375,3443.251953125
2024-12-20 18:00:00+00:00,97119.3828125,3434.208740234375
2024-12-20 19:00:00+00:00,97161.421875,3477.123779296875
2024-12-20 20:00:00+00:00,96626.6796875,3445.81884765625
2024-12-20 21:00:00+00:00,96542.8046875,3437.71826171875
2024-12-20 22:00:00+00:00,97445.734375,3477.058349609375
2024-12-20 23:00:00+00:00,97755.9609375,3472.589111328125
2024-12-21 00:00:00+00:00,97561.796875,3458.327880859375
2024-12-21 01:00:00+00:00,97374.8671875,3473.34765625
2024-12-21 02:00:00+00:00,97374.9140625,3477.482177734375
2024-12-21 03:00:00+00:00,97390.9140625,3462.13427734375
2024-12-21 04:00:00+00:00,97546.59375,3484.986328125
2024-12-21 05:00:00+00:00,98605.546875,3527.140380859375
2024-12-21 06:00:00+00:00,98657.109375,3524.626953125
2024-12-21 07:00:00+00:00,99128.1328125,3524.88623046875
2024-12-21 08:00:00+00:00,98660.0078125,3484.71533203125
2024-12-21 09:00:00+00:00,98532.4609375,3479.2041015625
2024-12-21 10:00:00+00:00,98080.015625,3461.237548828125
2024-12-21 11:00:00+00:00,98256.2578125,3444.02099609375
2024-12-21 12:00:00+00:00,97148.3984375,3407.234619140625
2024-12-21 13:00:00+00:00,97395.7265625,3390.057373046875
2024-12-21 14:00:00+00:00,97092.171875,3374.082275390625
2024-12-21 15:00:00+00:00,97483.1484375,3388.57861328125
2024-12-21 16:00:00+00:00,97301.3984375,3373.69873046875
2024-12-21 17:00:00+00:00,97606.640625,3384.038330078125
2024-12-21 18:00:00+00:00,97361.8828125,3361.60498046875
2024-12-21 19:00:00+00:00,97210.1171875,3355.9248046875
2024-12-21 20:00:00+00:00,97419.5859375,3354.679931640625
2024-12-21 21:00:00+00:00,96963.6953125,3322.364501953125
2024-12-21 22:00:00+00:00,97079.515625,3326.734130859375
2024-12-21 23:00:00+00:00,97218.3203125,3336.998779296875
2024-12-22 00:00:00+00:00,97128.9765625,3358.95947265625
2024-12-22 01:00:00+00:00,97055.8984375,3358.20947265625
2024-12-22 02:00:00+00:00,96590.296875,3333.923583984375
2024-12-22 03:00:00+00:00,96900.40625,3351.13427734375
2024-12-22 04:00:00+00:00,96305.828125,3315.305419921875
2024-12-22 05:00:00+00:00,96184.84375,3331.18115234375
2024-12-22 06:00:00+00:00,96656.734375,3341.69677734375
2024-12-22 07:00:00+00:00,96071.203125,3327.73681640625
2024-12-22 08:00:00+00:00,96483.8671875,3356.139892578125
2024-12-22 09:00:00+00:00,96907.0859375,3380.65966796875
2024-12-22 10:00:00+00:00,96989.5,3378.64453125
2024-12-22 11:00:00+00:00,97111.1953125,3382.2890625
2024-12-22 12:00:00+00:00,96978.6875,3375.506591796875
2024-12-22 13:00:00+00:00,96923.375,3370.742431640625
2024-12-22 14:00:00+00:00,95392.3046875,3285.8896484375
2024-12-22 15:00:00+00:00,95317.765625,3302.37646484375
2024-12-22 16:00:00+00:00,95576.9609375,3327.611572265625
2024-12-22 17:00:00+00:00,95511.1796875,3313.191650390625
2024-12-22 18:00:00+00:00,95957.125,3307.714111328125
2024-12-22 19:00:00+00:00,94692.0234375,3236.91796875
2024-12-22 20:00:00+00:00,95409.578125,3284.6513671875
2024-12-22 21:00:00+00:00,95135.4609375,3281.35107421875
2024-12-22 22:00:00+00:00,95361.203125,3282.781982421875
2024-12-22 23:00:00+00:00,95099.390625,3277.51416015625
2024-12-23 00:00:00+00:00,94325.0,3252.60693359375
2024-12-23 01:00:00+00:00,94514.5859375,3259.439453125
2024-12-23 02:00:00+00:00,94617.1484375,3278.72998046875
2024-12-23 03:00:00+00:00,95884.3203125,3347.191650390625
2024-12-23 04:00:00+00:00,95750.3046875,3324.32080078125
2024-12-23 05:00:00+00:00,95477.4921875,3313.373046875
2024-12-23 06:00:00+00:00,94761.3984375,3276.794921875
2024-12-23 07:00:00+00:00,95319.125,3297.99365234375
2024-12-23 08:00:00+00:00,95446.59375,3314.03271484375
2024-12-23 09:00:00+00:00,95933.5625,3335.525390625
2024-12-23 10:00:00+00:00,96335.53125,3349.3564453125
2024-12-23 11:00:00+00:00,95803.390625,3334.907958984375
2024-12-23 12:00:00+00:00,96208.7421875,3344.70751953125
2024-12-23 13:00:00+00:00,94802.3984375,3313.0986328125
2024-12-23 14:00:00+00:00,94145.8359375,3309.611083984375
2024-12-23 15:00:00+00:00,93052.265625,3270.529052734375
2024-12-23 16:00:00+00:00,93785.2578125,3367.34814453125
2024-12-23 17:00:00+00:00,93362.4375,3335.810546875
2024-12-23 18:00:00+00:00,92694.59375,3299.454833984375
2024-12-23 19:00:00+00:00,92888.640625,3331.702392578125
2024-12-23 20:00:00+00:00,93287.328125,3395.28564453125
2024-12-23 21:00:00+00:00,93904.046875,3421.98681640625
2024-12-23 22:00:00+00:00,94833.25,3451.78125
2024-12-23 23:00:00+00:00,94687.7734375,3416.0947265625
2024-12-24 00:00:00+00:00,94474.1015625,3419.69873046875
2024-12-24 01:00:00+00:00,94006.3515625,3379.28271484375
2024-12-24 02:00:00+00:00,93708.8515625,3368.00244140625
2024-12-24 03:00:00+00:00,94194.875,3392.02587890625
2024-12-24 04:00:00+00:00,94247.78125,3407.389892578125
2024-12-24 05:00:00+00:00,94485.3359375,3417.259765625
2024-12-24 06:00:00+00:00,93730.8515625,3387.221923828125
2024-12-24 07:00:00+00:00,94101.375,3397.719482421875
2024-12-24 08:00:00+00:00,94402.765625,3410.400390625
2024-12-24 09:00:00+00:00,94004.3671875,3396.415771484375
2024-12-24 10:00:00+00:00,93879.953125,3390.445556640625
2024-12-24 11:00:00+00:00,94242.5625,3408.516357421875
2024-12-24 12:00:00+00:00,94127.7109375,3400.37109375
2024-12-24 13:00:00+00:00,95868.84375,3448.9287109375
2024-12-24 14:00:00+00:00,97391.59375,3454.031494140625
2024-12-24 15:00:00+00:00,98102.625,3489.99853515625
2024-12-24 16:00:00+00:00,98536.8125,3483.915771484375
2024-12-24 17:00:00+00:00,98449.34375,3495.578857421875
2024-12-24 18:00:00+00:00,98556.1796875,3491.31787109375
2024-12-24 19:00:00+00:00,97628.2578125,3466.00244140625
2024-12-24 20:00:00+00:00,97266.2734375,3451.8203125
2024-12-24 21:00:00+00:00,98341.734375,3487.677001953125
2024-12-24 22:00:00+00:00,98769.40625,3492.31201171875
2024-12-24 23:00:00+00:00,98706.6796875,3491.95751953125
2024-12-25 00:00:00+00:00,98493.609375,3483.79150390625
2024-12-25 01:00:00+00:00,97955.34375,3472.906005859375
2024-12-25 02:00:00+00:00,98098.765625,3483.621826171875
2024-12-25 03:00:00+00:00,97958.640625,3474.004638671875
2024-12-25 04:00:00+00:00,98185.125,3486.201904296875
2024-12-25 05:00:00+00:00,98215.6875,3490.29638671875
2024-12-25 06:00:00+00:00,97876.96875,3483.252197265625
2024-12-25 07:00:00+00:00,98004.6328125,3487.603515625
2024-12-25 08:00:00+00:00,97942.5234375,3485.300048828125
2024-12-25 09:00:00+00:00,98066.671875,3492.9033203125
2024-12-25 10:00:00+00:00,98327.65625,3508.12451171875
2024-12-25 11:00:00+00:00,97980.21875,3477.284423828125
2024-12-25 12:00:00+00:00,98083.484375,3476.771484375
2024-12-25 13:00:00+00:00,98375.515625,3478.482421875
2024-12-25 14:00:00+00:00,98576.46875,3487.759033203125
2024-12-25 15:00:00+00:00,98487.390625,3469.860595703125
2024-12-25 16:00:00+00:00,98357.9765625,3451.5859375
2024-12-25 17:00:00+00:00,98454.71875,3466.947265625
2024-12-25 18:00:00+00:00,98648.5703125,3466.82373046875
2024-12-25 19:00:00+00:00,98944.25,3478.02978515625
2024-12-25 20:00:00+00:00,99094.6796875,3469.44970703125
2024-12-25 21:00:00+00:00,98356.6328125,3463.937744140625
2024-12-25 22:00:00+00:00,98752.21875,3473.826416015625
2024-12-25 23:00:00+00:00,99297.6953125,3495.9501953125
2024-12-26 00:00:00+00:00,98952.8125,3476.97216796875
2024-12-26 01:00:00+00:00,99021.828125,3475.0947265625
2024-12-26 02:00:00+00:00,98645.125,3457.37060546875
2024-12-26 03:00:00+00:00,98912.0390625,3456.68994140625
2024-12-26 04:00:00+00:00,98231.6953125,3438.335205078125
2024-12-26 05:00:00+00:00,98308.0546875,3439.176025390625
2024-12-26 06:00:00+00:00,98036.5625,3438.731201171875
2024-12-26 07:00:00+00:00,97768.8984375,3421.472900390625
2024-12-26 08:00:00+00:00,95807.015625,3363.864013671875
2024-12-26 09:00:00+00:00,95337.3515625,3371.1396484375
2024-12-26 10:00:00+00:00,95393.0078125,3366.722900390625
2024-12-26 11:00:00+00:00,95585.2265625,3369.37158203125
2024-12-26 12:00:00+00:00,95544.484375,3354.779052734375
2024-12-26 13:00:00+00:00,95583.1328125,3350.543701171875
2024-12-26 14:00:00+00:00,95217.5546875,3336.4091796875
2024-12-26 15:00:00+00:00,95962.5859375,3342.15869140625
2024-12-26 16:00:00+00:00,96503.671875,3358.8486328125
2024-12-26 17:00:00+00:00,95737.6328125,3324.910888671875
2024-12-26 18:00:00+00:00,95614.9140625,3333.345458984375
2024-12-26 19:00:00+00:00,96027.9375,3338.6015625
2024-12-26 20:00:00+00:00,95733.609375,3320.328369140625
2024-12-26 21:00:00+00:00,95702.8203125,3334.8369140625
2024-12-26 22:00:00+00:00,95797.5234375,3337.942138671875
2024-12-26 23:00:00+00:00,95698.515625,3331.0537109375
2024-12-27 00:00:00+00:00,95714.921875,3343.8935546875
2024-12-27 01:00:00+00:00,95773.0078125,3359.50341796875
2024-12-27 02:00:00+00:00,95864.5,3358.798583984375
2024-12-27 03:00:00+00:00,96258.8515625,3374.2099609375
2024-12-27 04:00:00+00:00,96159.765625,3370.51123046875
2024-12-27 05:00:00+00:00,96146.4375,3379.762451171875
2024-12-27 06:00:00+00:00,96447.8203125,3385.691162109375
2024-12-27 07:00:00+00:00,94899.265625,3321.94189453125
2024-12-27 08:00:00+00:00,95633.1015625,3355.683837890625
2024-12-27 09:00:00+00:00,96662.09375,3419.263916015625
2024-12-27 10:00:00+00:00,96486.5078125,3398.046142578125
2024-12-27 11:00:00+00:00,96820.0234375,3414.830810546875
2024-12-27 12:00:00+00:00,96555.7890625,3409.64892578125
2024-12-27 13:00:00+00:00,96296.0703125,3383.725830078125
2024-12-27 14:00:00+00:00,95551.9609375,3354.427978515625
2024-12-27 15:00:00+00:00,94421.140625,3319.676513671875
2024-12-27 16:00:00+00:00,94008.1171875,3310.945068359375
2024-12-27 17:00:00+00:00,94109.375,3344.649169921875
2024-12-27 18:00:00+00:00,94453.7265625,3358.580322265625
2024-12-27 19:00:00+00:00,94574.625,3350.010009765625
2024-12-27 20:00:00+00:00,94390.984375,3335.303955078125
2024-12-27 21:00:00+00:00,94366.640625,3314.253173828125
2024-12-27 22:00:00+00:00,94292.2578125,3316.949462890625
2024-12-27 23:00:00+00:00,94158.8984375,3328.774658203125
2024-12-28 00:00:00+00:00,94252.8671875,3339.351318359375
2024-12-28 01:00:00+00:00,94391.859375,3328.51806640625
2024-12-28 02:00:00+00:00,94216.09375,3324.732177734375
2024-12-28 03:00:00+00:00,94440.6015625,3340.8017578125
2024-12-28 04:00:00+00:00,94381.328125,3339.672119140625
2024-12-28 05:00:00+00:00,94461.4140625,3343.718994140625
2024-12-28 06:00:00+00:00,94309.4765625,3334.71923828125
2024-12-28 07:00:00+00:00,94224.5,3330.990478515625
2024-12-28 08:00:00+00:00,94318.75,3339.824462890625
2024-12-28 09:00:00+00:00,94483.515625,3348.3837890625
2024-12-28 10:00:00+00:00,94487.0625,3334.45263671875
2024-12-28 11:00:00+00:00,94609.9140625,3354.388671875
2024-12-28 12:00:00+00:00,94467.515625,3348.450927734375
2024-12-28 13:00:00+00:00,94529.1796875,3360.441650390625
2024-12-28 14:00:00+00:00,94401.09375,3366.30615234375
2024-12-28 15:00:00+00:00,94241.2578125,3361.070556640625
2024-12-28 16:00:00+00:00,94688.1328125,3379.2099609375
2024-12-28 17:00:00+00:00,94872.328125,3388.509765625
2024-12-28 18:00:00+00:00,94700.828125,3385.50048828125
2024-12-28 19:00:00+00:00,94848.0625,3393.207275390625
2024-12-28 20:00:00+00:00,94897.796875,3393.659912109375
2024-12-28 21:00:00+00:00,94958.921875,3396.595947265625
2024-12-28 22:00:00+00:00,95213.5078125,3406.8818359375
2024-12-28 23:00:00+00:00,95204.7578125,3397.862548828125
2024-12-29 00:00:00+00:00,94961.125,3386.0712890625
2024-12-29 01:00:00+00:00,94701.890625,3372.959716796875
2024-12-29 02:00:00+00:00,94960.4375,3381.953125
2024-12-29 03:00:00+00:00,95004.1953125,3377.083251953125
2024-12-29 04:00:00+00:00,94921.109375,3381.55712890625
2024-12-29 05:00:00+00:00,94965.6171875,3380.7685546875
2024-12-29 06:00:00+00:00,95013.546875,3389.18310546875
2024-12-29 07:00:00+00:00,95092.484375,3400.83544921875
2024-12-29 08:00:00+00:00,94966.4296875,3391.21435546875
2024-12-29 09:00:00+00:00,95024.6484375,3398.646728515625
2024-12-29 10:00:00+00:00,95006.734375,3398.39501953125
2024-12-29 11:00:00+00:00,94883.390625,3395.329345703125
2024-12-29 12:00:00+00:00,94773.7421875,3388.080078125
2024-12-29 13:00:00+00:00,94759.0859375,3393.2431640625
2024-12-29 14:00:00+00:00,94491.09375,3364.67431640625
2024-12-29 15:00:00+00:00,94436.5625,3372.66552734375
2024-12-29 16:00:00+00:00,93723.6484375,3350.568359375
2024-12-29 17:00:00+00:00,93793.1015625,3354.99560546875
2024-12-29 18:00:00+00:00,93515.2890625,3355.783203125
2024-12-29 19:00:00+00:00,93458.6640625,3356.89501953125
2024-12-29 20:00:00+00:00,93662.453125,3351.638427734375
2024-12-29 21:00:00+00:00,93259.5,3346.311279296875
2024-12-29 22:00:00+00:00,92963.796875,3331.407958984375
2024-12-29 23:00:00+00:00,93527.1953125,3349.5859375
2024-12-30 00:00:00+00:00,93357.8671875,3378.397705078125
2024-12-30 01:00:00+00:00,93732.515625,3414.4482421875
2024-12-30 02:00:00+00:00,93692.2890625,3407.53076171875
2024-12-30 03:00:00+00:00,93487.3125,3397.135498046875
2024-12-30 04:00:00+00:00,93116.1015625,3385.015869140625
2024-12-30 05:00:00+00:00,93339.484375,3400.123779296875
2024-12-30 06:00:00+00:00,93666.1953125,3420.966796875
2024-12-30 07:00:00+00:00,93569.6171875,3417.1640625
2024-12-30 08:00:00+00:00,93711.9921875,3415.89794921875
2024-12-30 09:00:00+00:00,93708.5078125,3415.49560546875
2024-12-30 10:00:00+00:00,93651.75,3407.32373046875
2024-12-30 11:00:00+00:00,93741.4921875,3417.0810546875
2024-12-30 12:00:00+00:00,93618.2578125,3402.80078125
2024-12-30 13:00:00+00:00,92457.2265625,3332.14794921875
2024-12-30 14:00:00+00:00,91863.7421875,3314.538818359375
2024-12-30 15:00:00+00:00,91911.453125,3318.189208984375
2024-12-30 16:00:00+00:00,91917.9609375,3330.867919921875
2024-12-30 17:00:00+00:00,93578.1953125,3380.394775390625
2024-12-30 18:00:00+00:00,94442.6328125,3392.462646484375
2024-12-30 19:00:00+00:00,94291.046875,3397.9521484375
2024-12-30 20:00:00+00:00,94189.796875,3396.63037109375
2024-12-30 21:00:00+00:00,92078.1015625,3323.42919921875
2024-12-30 22:00:00+00:00,92658.4453125,3357.34765625
2024-12-30 23:00:00+00:00,92642.40625,3356.394775390625
2024-12-31 00:00:00+00:00,92269.5625,3327.078369140625
2024-12-31 01:00:00+00:00,92234.1640625,3334.325927734375
2024-12-31 02:00:00+00:00,92350.890625,3336.872802734375
2024-12-31 03:00:00+00:00,92352.6171875,3335.69580078125
2024-12-31 04:00:00+00:00,92304.9296875,3328.622314453125
2024-12-31 05:00:00+00:00,92468.921875,3339.931640625
2024-12-31 06:00:00+00:00,92640.6953125,3347.15234375
2024-12-31 07:00:00+00:00,92738.1796875,3349.123046875
2024-12-31 08:00:00+00:00,93845.25,3376.23779296875
2024-12-31 09:00:00+00:00,93854.234375,3382.63623046875
2024-12-31 10:00:00+00:00,93981.1875,3390.035400390625
2024-12-31 11:00:00+00:00,94083.5078125,3389.086669921875
2024-12-31 12:00:00+00:00,94414.59375,3389.3720703125
2024-12-31 13:00:00+00:00,95458.9453125,3423.907958984375
2024-12-31 14:00:00+00:00,95560.609375,3421.80078125
2024-12-31 15:00:00+00:00,95301.5078125,3410.8056640625
2024-12-31 16:00:00+00:00,94695.703125,3401.078857421875
2024-12-31 17:00:00+00:00,93978.8984375,3360.440185546875
2024-12-31 18:00:00+00:00,93758.203125,3356.4912109375
2024-12-31 19:00:00+00:00,93972.9921875,3349.74462890625
2024-12-31 20:00:00+00:00,93337.4921875,3333.080810546875
2024-12-31 21:00:00+00:00,93746.2421875,3345.988525390625
2024-12-31 22:00:00+00:00,93254.0625,3330.09912109375
2024-12-31 23:00:00+00:00,93425.1015625,3332.406494140625
2025-01-01 00:00:00+00:00,94256.0546875,3358.024658203125
2025-01-01 01:00:00+00:00,93429.90625,3338.50927734375
2025-01-01 02:00:00+00:00,93849.25,3355.075927734375
2025-01-01 03:00:00+00:00,93614.7421875,3347.579833984375
2025-01-01 04:00:00+00:00,93465.9921875,3337.094482421875
2025-01-01 05:00:00+00:00,93588.90625,3337.885009765625
2025-01-01 06:00:00+00:00,93526.8984375,3338.084716796875
2025-01-01 07:00:00+00:00,93509.3203125,3338.846435546875
2025-01-01 08:00:00+00:00,93259.9921875,3330.404052734375
2025-01-01 09:00:00+00:00,93202.7578125,3326.853515625
2025-01-01 10:00:00+00:00,93111.765625,3319.422119140625
2025-01-01 11:00:00+00:00,93267.125,3334.746826171875
2025-01-01 12:00:00+00:00,93618.3671875,3340.229736328125
2025-01-01 13:00:00+00:00,93785.859375,3334.1484375
2025-01-01 14:00:00+00:00,93964.8046875,3339.46630859375
2025-01-01 15:00:00+00:00,94211.0625,3345.24755859375
2025-01-01 16:00:00+00:00,93863.234375,3331.539306640625
2025-01-01 17:00:00+00:00,93914.921875,3334.361572265625
2025-01-01 18:00:00+00:00,94121.234375,3340.066650390625
2025-01-01 19:00:00+00:00,94427.8828125,3347.195068359375
2025-01-01 20:00:00+00:00,94603.4921875,3353.448974609375
2025-01-01 21:00:00+00:00,94691.7734375,3358.2861328125
2025-01-01 22:00:00+00:00,94622.265625,3355.13330078125
2025-01-01 23:00:00+00:00,94416.2890625,3353.412109375
2025-01-02 00:00:00+00:00,94888.75,3379.337890625
2025-01-02 01:00:00+00:00,94690.9765625,3376.09912109375
2025-01-02 02:00:00+00:00,94989.6015625,3389.223876953125
2025-01-02 03:00:00+00:00,94851.8125,3383.54931640625
2025-01-02 04:00:00+00:00,95519.7734375,3409.362060546875
2025-01-02 05:00:00+00:00,95406.140625,3404.806640625
2025-01-02 06:00:00+00:00,95419.859375,3402.955810546875
2025-01-02 07:00:00+00:00,95696.8125,3415.62451171875
2025-01-02 08:00:00+00:00,96006.9765625,3433.92431640625
2025-01-02 09:00:00+00:00,96575.53125,3462.147705078125
2025-01-02 10:00:00+00:00,96609.0390625,3464.6416015625
2025-01-02 11:00:00+00:00,96619.8828125,3467.30322265625
2025-01-02 12:00:00+00:00,96775.15625,3477.12255859375
2025-01-02 13:00:00+00:00,96568.4296875,3467.224365234375
2025-01-02 15:00:00+00:00,96414.7265625,3459.760498046875
2025-01-02 16:00:00+00:00,97162.8203125,3468.3515625
2025-01-02 17:00:00+00:00,96535.5625,3443.4462890625
2025-01-02 18:00:00+00:00,97160.09375,3460.4775390625
2025-01-02 19:00:00+00:00,97246.359375,3460.39892578125
2025-01-02 20:00:00+00:00,97290.2890625,3452.845947265625
2025-01-02 21:00:00+00:00,97119.1796875,3450.5458984375
2025-01-02 22:00:00+00:00,96845.9296875,3439.083251953125
2025-01-02 23:00:00+00:00,96876.2421875,3451.680908203125
2025-01-03 00:00:00+00:00,96764.8203125,3446.158203125
2025-01-03 01:00:00+00:00,96892.859375,3460.4423828125
2025-01-03 02:00:00+00:00,96938.0078125,3456.543212890625
2025-01-03 03:00:00+00:00,96948.3515625,3468.049072265625
2025-01-03 04:00:00+00:00,96724.8828125,3455.525390625
2025-01-03 05:00:00+00:00,96672.328125,3453.422607421875
2025-01-03 06:00:00+00:00,96498.9765625,3442.2568359375
2025-01-03 07:00:00+00:00,96270.5703125,3430.68701171875
2025-01-03 08:00:00+00:00,96057.6875,3426.740478515625
2025-01-03 09:00:00+00:00,96527.796875,3442.08349609375
2025-01-03 10:00:00+00:00,96425.109375,3444.107177734375
2025-01-03 11:00:00+00:00,96720.28125,3463.0771484375
2025-01-03 12:00:00+00:00,96602.8046875,3461.328857421875
2025-01-03 13:00:00+00:00,96469.640625,3479.171875
2025-01-03 14:00:00+00:00,96973.125,3524.340576171875
2025-01-03 15:00:00+00:00,97528.328125,3565.84033203125
2025-01-03 16:00:00+00:00,97813.875,3582.52880859375
2025-01-03 17:00:00+00:00,97985.1796875,3574.946533203125
2025-01-03 18:00:00+00:00,98460.96875,3601.841796875
2025-01-03 19:00:00+00:00,98535.625,3620.1787109375
2025-01-03 20:00:00+00:00,98351.0625,3602.208740234375
2025-01-03 21:00:00+00:00,98252.515625,3611.51171875
2025-01-03 22:00:00+00:00,98270.5,3616.443603515625
2025-01-03 23:00:00+00:00,98116.234375,3605.20068359375
2025-01-04 00:00:00+00:00,97915.6953125,3601.575927734375
2025-01-04 01:00:00+00:00,98001.75,3595.41650390625
2025-01-04 02:00:00+00:00,98221.453125,3594.76953125
2025-01-04 03:00:00+00:00,98197.2578125,3595.923583984375
2025-01-04 04:00:00+00:00,97940.3828125,3588.740234375
2025-01-04 05:00:00+00:00,98099.109375,3594.465576171875
2025-01-04 06:00:00+00:00,98086.8515625,3599.389892578125
2025-01-04 07:00:00+00:00,98209.8671875,3592.97216796875
2025-01-04 08:00:00+00:00,97913.0546875,3585.332275390625
2025-01-04 09:00:00+00:00,97653.546875,3587.032470703125
2025-01-04 10:00:00+00:00,97761.0390625,3586.27392578125
2025-01-04 11:00:00+00:00,97864.296875,3600.89501953125
2025-01-04 12:00:00+00:00,97855.609375,3635.7099609375
2025-01-04 13:00:00+00:00,97961.4765625,3643.1298828125
2025-01-04 14:00:00+00:00,98025.8828125,3635.498779296875
2025-01-04 15:00:00+00:00,97659.484375,3608.6572265625
2025-01-04 16:00:00+00:00,97690.078125,3622.337646484375
2025-01-04 17:00:00+00:00,98029.875,3631.6318359375
2025-01-04 18:00:00+00:00,97937.8671875,3625.443359375
2025-01-04 19:00:00+00:00,98186.703125,3630.9248046875
2025-01-04 20:00:00+00:00,98584.46875,3657.329345703125
2025-01-04 21:00:00+00:00,98341.53125,3655.283935546875
2025-01-04 22:00:00+00:00,98446.5390625,3661.670654296875
2025-01-04 23:00:00+00:00,98236.7421875,3657.7431640625
2025-01-05 00:00:00+00:00,98221.90625,3650.9404296875
2025-01-05 01:00:00+00:00,98077.8359375,3636.49755859375
2025-01-05 02:00:00+00:00,98186.046875,3639.89892578125
2025-01-05 03:00:00+00:00,98134.3046875,3635.615234375
2025-01-05 04:00:00+00:00,98332.7578125,3642.949951171875
2025-01-05 05:00:00+00:00,98339.25,3633.0986328125
2025-01-05 06:00:00+00:00,98445.2734375,3638.535400390625
2025-01-05 07:00:00+00:00,98270.0625,3630.83740234375
2025-01-05 08:00:00+00:00,97807.6484375,3619.118408203125
2025-01-05 09:00:00+00:00,97675.5703125,3609.365234375
2025-01-05 10:00:00+00:00,97706.4140625,3614.458740234375
2025-01-05 11:00:00+00:00,97628.15625,3611.80615234375
2025-01-05 12:00:00+00:00,97807.6953125,3616.28955078125
2025-01-05 13:00:00+00:00,97708.75,3613.58935546875
2025-01-05 14:00:00+00:00,97835.6953125,3622.569091796875
2025-01-05 15:00:00+00:00,98006.1484375,3630.20751953125
2025-01-05 16:00:00+00:00,98010.078125,3627.506591796875
2025-01-05 17:00:00+00:00,97690.5546875,3625.081298828125
2025-01-05 18:00:00+00:00,97899.234375,3630.736572265625
2025-01-05 19:00:00+00:00,98029.2578125,3634.136474609375
2025-01-05 20:00:00+00:00,98235.40625,3634.440673828125
2025-01-05 21:00:00+00:00,98501.03125,3645.790771484375
2025-01-05 22:00:00+00:00,98661.171875,3643.7509765625
2025-01-05 23:00:00+00:00,98319.6640625,3634.11376953125
2025-01-06 00:00:00+00:00,98218.1875,3623.030029296875
2025-01-06 01:00:00+00:00,98650.71875,3642.5283203125
2025-01-06 02:00:00+00:00,98780.5390625,3659.06689453125
2025-01-06 03:00:00+00:00,99005.15625,3662.72412109375
2025-01-06 04:00:00+00:00,99435.40625,3670.784423828125
2025-01-06 05:00:00+00:00,99609.3515625,3677.924072265625
2025-01-06 06:00:00+00:00,99537.5703125,3667.40185546875
2025-01-06 07:00:00+00:00,99292.6171875,3649.140869140625
2025-01-06 08:00:00+00:00,99060.21875,3641.48876953125
2025-01-06 09:00:00+00:00,98956.34375,3642.8955078125
2025-01-06 10:00:00+00:00,98721.34375,3636.345703125
2025-01-06 11:00:00+00:00,99218.109375,3653.240234375
2025-01-06 12:00:00+00:00,99127.046875,3641.9375
2025-01-06 13:00:00+00:00,99478.171875,3649.87939453125
2025-01-06 14:00:00+00:00,100921.5546875,3688.701171875
2025-01-06 15:00:00+00:00,102174.2265625,3707.769775390625
2025-01-06 16:00:00+00:00,102157.2421875,3712.96826171875
2025-01-06 17:00:00+00:00,101832.2265625,3675.02001953125
2025-01-06 18:00:00+00:00,101884.0,3685.959228515625
2025-01-06 19:00:00+00:00,101854.2421875,3690.247314453125
2025-01-06 20:00:00+00:00,102102.734375,3680.427490234375
2025-01-06 21:00:00+00:00,101639.0625,3669.828857421875
2025-01-06 22:00:00+00:00,102077.3671875,3682.790771484375
2025-01-06 23:00:00+00:00,102255.21875,3688.34130859375
2025-01-07 00:00:00+00:00,102081.640625,3678.728759765625
2025-01-07 01:00:00+00:00,101947.421875,3696.044921875
2025-01-07 02:00:00+00:00,101724.9453125,3679.83056640625
2025-01-07 03:00:00+00:00,101742.0390625,3684.73095703125
2025-01-07 04:00:00+00:00,101742.2734375,3677.438720703125
2025-01-07 05:00:00+00:00,101750.328125,3668.686279296875
2025-01-07 06:00:00+00:00,101826.7578125,3672.80126953125
2025-01-07 07:00:00+00:00,101686.375,3667.533935546875
2025-01-07 08:00:00+00:00,101906.2265625,3674.419921875
2025-01-07 09:00:00+00:00,101755.0546875,3665.393310546875
2025-01-07 10:00:00+00:00,101430.9765625,3659.65185546875
2025-01-07 11:00:00+00:00,100897.8203125,3640.8203125
2025-01-07 12:00:00+00:00,100747.6171875,3633.000244140625
2025-01-07 13:00:00+00:00,100655.0703125,3634.887939453125
2025-01-07 14:00:00+00:00,99929.6484375,3605.2666015625
2025-01-07 15:00:00+00:00,97960.390625,3466.645263671875
2025-01-07 16:00:00+00:00,97800.84375,3459.883056640625
2025-01-07 17:00:00+00:00,97262.21875,3444.092041015625
2025-01-07 18:00:00+00:00,96701.2890625,3420.201416015625
2025-01-07 19:00:00+00:00,96496.671875,3384.372314453125
2025-01-07 20:00:00+00:00,96440.1328125,3380.251953125
2025-01-07 21:00:00+00:00,96613.1015625,3370.17724609375
2025-01-07 22:00:00+00:00,97092.2734375,3395.720947265625
2025-01-07 23:00:00+00:00,96936.1875,3381.615478515625
2025-01-08 00:00:00+00:00,97216.3203125,3411.712158203125
2025-01-08 01:00:00+00:00,96858.0859375,3388.48583984375
2025-01-08 02:00:00+00:00,96920.1328125,3384.377685546875
2025-01-08 03:00:00+00:00,96480.5703125,3360.6630859375
2025-01-08 04:00:00+00:00,96214.8984375,3346.7646484375
2025-01-08 05:00:00+00:00,96483.859375,3350.953857421875
2025-01-08 06:00:00+00:00,95294.0703125,3307.2255859375
2025-01-08 07:00:00+00:00,95692.390625,3354.6533203125
2025-01-08 08:00:00+00:00,95939.7265625,3366.606201171875
2025-01-08 09:00:00+00:00,95549.515625,3352.091796875
2025-01-08 10:00:00+00:00,95919.734375,3362.3115234375
2025-01-08 11:00:00+00:00,95161.71875,3348.786865234375
2025-01-08 12:00:00+00:00,94857.25,3339.680908203125
2025-01-08 13:00:00+00:00,95385.0625,3360.71435546875
2025-01-08 14:00:00+00:00,95245.234375,3365.574951171875
2025-01-08 15:00:00+00:00,95359.8984375,3345.38818359375
2025-01-08 16:00:00+00:00,94741.9609375,3314.662109375
2025-01-08 17:00:00+00:00,93927.953125,3259.153076171875
2025-01-08 18:00:00+00:00,94212.6796875,3282.272216796875
2025-01-08 19:00:00+00:00,94258.359375,3281.923828125
2025-01-08 20:00:00+00:00,93937.09375,3283.56005859375
2025-01-08 21:00:00+00:00,94468.34375,3298.39111328125
2025-01-08 22:00:00+00:00,95233.4375,3331.397705078125
2025-01-08 23:00:00+00:00,95043.484375,3326.359619140625
2025-01-09 00:00:00+00:00,95094.15625,3341.411376953125
2025-01-09 01:00:00+00:00,94951.859375,3345.49267578125
2025-01-09 02:00:00+00:00,94650.4765625,3337.002197265625
2025-01-09 03:00:00+00:00,94026.609375,3324.25
2025-01-09 04:00:00+00:00,94443.2734375,3338.369384765625
2025-01-09 05:00:00+00:00,94431.6015625,3327.4287109375
2025-01-09 06:00:00+00:00,94059.265625,3314.44189453125
2025-01-09 07:00:00+00:00,93219.71875,3290.391357421875
2025-01-09 08:00:00+00:00,92945.7109375,3307.5556640625
2025-01-09 09:00:00+00:00,93497.9921875,3317.063720703125
2025-01-09 10:00:00+00:00,93391.9140625,3310.04541015625
2025-01-09 11:00:00+00:00,93409.7109375,3299.8046875
2025-01-09 12:00:00+00:00,93349.6953125,3292.736083984375
2025-01-09 13:00:00+00:00,92103.4140625,3213.487060546875
2025-01-09 14:00:00+00:00,92699.453125,3246.201171875
2025-01-09 15:00:00+00:00,94250.75,3322.532958984375
2025-01-09 16:00:00+00:00,94192.7421875,3301.23486328125
2025-01-09 17:00:00+00:00,92792.5390625,3248.713623046875
2025-01-09 18:00:00+00:00,93066.9140625,3262.677001953125
2025-01-09 19:00:00+00:00,92068.375,3217.9033203125
2025-01-09 20:00:00+00:00,92116.2890625,3200.708740234375
2025-01-09 21:00:00+00:00,92068.65625,3207.867431640625
2025-01-09 22:00:00+00:00,92511.65625,3225.612060546875
2025-01-09 23:00:00+00:00,92480.140625,3219.49658203125
2025-01-10 00:00:00+00:00,92773.15625,3221.752685546875
2025-01-10 01:00:00+00:00,93083.6484375,3236.36865234375
2025-01-10 02:00:00+00:00,93378.046875,3241.02001953125
2025-01-10 03:00:00+00:00,93696.375,3254.0224609375
2025-01-10 04:00:00+00:00,93791.875,3252.25244140625
2025-01-10 05:00:00+00:00,93934.2265625,3262.15625
2025-01-10 06:00:00+00:00,94279.78125,3279.63037109375
2025-01-10 07:00:00+00:00,94527.296875,3297.485107421875
2025-01-10 08:00:00+00:00,94676.390625,3295.9951171875
2025-01-10 09:00:00+00:00,94794.0546875,3301.385009765625
2025-01-10 10:00:00+00:00,95208.703125,3320.388916015625
2025-01-10 11:00:00+00:00,94957.3984375,3309.450927734375
2025-01-10 12:00:00+00:00,95039.0859375,3310.574462890625
2025-01-10 13:00:00+00:00,93644.75,3250.18505859375
2025-01-10 14:00:00+00:00,94111.4140625,3258.396484375
2025-01-10 15:00:00+00:00,93852.59375,3245.301025390625
2025-01-10 16:00:00+00:00,93699.9921875,3250.143798828125
2025-01-10 17:00:00+00:00,95742.3046875,3316.76416015625
2025-01-10 18:00:00+00:00,94941.7421875,3287.191162109375
2025-01-10 19:00:00+00:00,95342.2734375,3298.034912109375
2025-01-10 20:00:00+00:00,94811.140625,3267.454345703125
2025-01-10 21:00:00+00:00,94697.40625,3266.019287109375
2025-01-10 22:00:00+00:00,94735.59375,3272.418212890625
2025-01-10 23:00:00+00:00,94701.453125,3267.5224609375
2025-01-11 00:00:00+00:00,94566.5625,3264.38671875
2025-01-11 01:00:00+00:00,94406.3125,3243.890625
2025-01-11 02:00:00+00:00,94430.1953125,3248.84326171875
2025-01-11 03:00:00+00:00,94167.421875,3235.96923828125
2025-01-11 04:00:00+00:00,94029.140625,3239.15576171875
2025-01-11 05:00:00+00:00,94336.7578125,3244.706298828125
2025-01-11 06:00:00+00:00,94248.0078125,3242.338623046875
2025-01-11 07:00:00+00:00,94189.1875,3233.468994140625
2025-01-11 08:00:00+00:00,94083.28125,3223.8037109375
2025-01-11 09:00:00+00:00,94289.3359375,3241.387939453125
2025-01-11 10:00:00+00:00,94446.03125,3252.16455078125
2025-01-11 11:00:00+00:00,94586.984375,3274.258544921875
2025-01-11 12:00:00+00:00,94526.4375,3272.51611328125
2025-01-11 13:00:00+00:00,94375.6484375,3266.23779296875
2025-01-11 14:00:00+00:00,94590.21875,3277.9951171875
2025-01-11 15:00:00+00:00,94373.1640625,3269.455322265625
2025-01-11 16:00:00+00:00,94431.8125,3275.555908203125
2025-01-11 17:00:00+00:00,94073.328125,3267.986572265625
2025-01-11 18:00:00+00:00,94230.2421875,3277.8701171875
2025-01-11 19:00:00+00:00,94193.1171875,3276.420654296875
2025-01-11 20:00:00+00:00,94557.9765625,3297.240234375
2025-01-11 21:00:00+00:00,94906.078125,3306.65185546875
2025-01-11 22:00:00+00:00,94617.9375,3289.77099609375
2025-01-11 23:00:00+00:00,94555.1484375,3282.150390625
2025-01-12 00:00:00+00:00,94400.3046875,3282.141845703125
2025-01-12 01:00:00+00:00,94477.609375,3284.93115234375
2025-01-12 02:00:00+00:00,94572.546875,3286.644287109375
2025-01-12 03:00:00+00:00,94566.0546875,3282.86474609375
2025-01-12 04:00:00+00:00,94501.1640625,3281.057373046875
2025-01-12 05:00:00+00:00,94512.9765625,3277.65234375
2025-01-12 06:00:00+00:00,94363.8359375,3270.7490234375
2025-01-12 07:00:00+00:00,94265.03125,3265.033203125
2025-01-12 08:00:00+00:00,94112.1953125,3237.14501953125
2025-01-12 09:00:00+00:00,93860.25,3238.058349609375
2025-01-12 10:00:00+00:00,93955.0078125,3243.942138671875
2025-01-12 11:00:00+00:00,94231.125,3252.189697265625
2025-01-12 12:00:00+00:00,94290.5390625,3250.383056640625
2025-01-12 13:00:00+00:00,94618.0859375,3266.140625
2025-01-12 14:00:00+00:00,94741.984375,3267.65625
2025-01-12 15:00:00+00:00,95017.2109375,3285.005615234375
2025-01-12 16:00:00+00:00,94991.1015625,3278.72607421875
2025-01-12 17:00:00+00:00,95113.6171875,3287.47705078125
2025-01-12 18:00:00+00:00,94935.6171875,3283.803955078125
2025-01-12 19:00:00+00:00,94604.1640625,3277.109130859375
2025-01-12 20:00:00+00:00,94628.984375,3278.979736328125
2025-01-12 21:00:00+00:00,94294.03125,3264.8408203125
2025-01-12 22:00:00+00:00,93840.34375,3236.802734375
2025-01-12 23:00:00+00:00,94488.890625,3266.095458984375
2025-01-13 00:00:00+00:00,95349.0390625,3308.897705078125
2025-01-13 01:00:00+00:00,94184.203125,3258.67431640625
2025-01-13 02:00:00+00:00,94167.9765625,3256.16796875
2025-01-13 03:00:00+00:00,94130.3671875,3241.250732421875
2025-01-13 04:00:00+00:00,94495.3984375,3238.265869140625
2025-01-13 05:00:00+00:00,94143.515625,3223.028076171875
2025-01-13 06:00:00+00:00,93541.0546875,3188.73583984375
2025-01-13 07:00:00+00:00,93547.8828125,3197.696044921875
2025-01-13 08:00:00+00:00,92975.265625,3170.1064453125
2025-01-13 09:00:00+00:00,92846.8671875,3152.3984375
2025-01-13 10:00:00+00:00,91626.8515625,3118.960693359375
2025-01-13 11:00:00+00:00,90930.453125,3053.75927734375
2025-01-13 12:00:00+00:00,90764.21875,3049.805419921875
2025-01-13 13:00:00+00:00,91013.59375,3058.8388671875
2025-01-13 14:00:00+00:00,91915.4765625,3034.83056640625
2025-01-13 15:00:00+00:00,92209.2890625,3053.5693359375
2025-01-13 16:00:00+00:00,91279.7109375,3006.7119140625
2025-01-13 17:00:00+00:00,91897.0078125,3018.080322265625
2025-01-13 18:00:00+00:00,92106.46875,3006.276123046875
2025-01-13 19:00:00+00:00,92248.5,3026.736083984375
2025-01-13 20:00:00+00:00,93656.7890625,3093.722412109375
2025-01-13 21:00:00+00:00,94160.921875,3112.363525390625
2025-01-13 22:00:00+00:00,94269.1015625,3128.2431640625
2025-01-13 23:00:00+00:00,94519.0078125,3135.670166015625
2025-01-14 00:00:00+00:00,94445.8515625,3132.47216796875
2025-01-14 01:00:00+00:00,94783.3671875,3136.91943359375
2025-01-14 02:00:00+00:00,94902.921875,3157.29052734375
2025-01-14 03:00:00+00:00,94827.8046875,3158.92138671875
2025-01-14 04:00:00+00:00,95077.15625,3172.728759765625
2025-01-14 05:00:00+00:00,94867.03125,3159.685791015625
2025-01-14 06:00:00+00:00,94934.4453125,3180.10546875
2025-01-14 07:00:00+00:00,94863.59375,3171.27587890625
2025-01-14 08:00:00+00:00,95488.5625,3184.244873046875
2025-01-14 09:00:00+00:00,97101.984375,3243.8359375
2025-01-14 10:00:00+00:00,96602.5859375,3230.903076171875
2025-01-14 11:00:00+00:00,96520.75,3216.013427734375
2025-01-14 12:00:00+00:00,96008.734375,3182.70703125
2025-01-14 13:00:00+00:00,96304.8125,3208.38037109375
2025-01-14 14:00:00+00:00,96163.8671875,3190.31640625
2025-01-14 15:00:00+00:00,96567.3984375,3200.5791015625
2025-01-14 16:00:00+00:00,95719.71875,3191.78662109375
2025-01-14 17:00:00+00:00,96374.921875,3207.92626953125
2025-01-14 18:00:00+00:00,96775.8046875,3226.91064453125
2025-01-14 19:00:00+00:00,96489.5234375,3213.419677734375
2025-01-14 20:00:00+00:00,96357.6953125,3218.916015625
2025-01-14 21:00:00+00:00,96388.6328125,3213.473876953125
2025-01-14 22:00:00+00:00,96697.1640625,3238.486572265625
2025-01-14 23:00:00+00:00,96539.6796875,3223.6845703125
2025-01-15 00:00:00+00:00,96883.1953125,3221.929931640625
2025-01-15 01:00:00+00:00,97411.421875,3234.59521484375
2025-01-15 02:00:00+00:00,96837.9140625,3216.039306640625
2025-01-15 03:00:00+00:00,97264.4765625,3237.0244140625
2025-01-15 04:00:00+00:00,97147.4375,3226.280029296875
2025-01-15 05:00:00+00:00,96982.8203125,3229.283203125
2025-01-15 06:00:00+00:00,97049.8984375,3227.58837890625
2025-01-15 07:00:00+00:00,97255.40625,3231.4609375
2025-01-15 08:00:00+00:00,97187.828125,3231.132568359375
2025-01-15 09:00:00+00:00,96771.421875,3198.536376953125
2025-01-15 10:00:00+00:00,96868.6171875,3208.107666015625
2025-01-15 11:00:00+00:00,96696.9609375,3198.1162109375
2025-01-15 12:00:00+00:00,96880.1796875,3200.46435546875
2025-01-15 13:00:00+00:00,98893.390625,3295.100830078125
2025-01-15 14:00:00+00:00,99493.65625,3326.845947265625
2025-01-15 15:00:00+00:00,99209.421875,3336.802001953125
2025-01-15 16:00:00+00:00,99035.3671875,3342.091796875
2025-01-15 17:00:00+00:00,98652.546875,3327.5830078125
2025-01-15 18:00:00+00:00,99386.25,3373.37060546875
2025-01-15 19:00:00+00:00,99854.84375,3439.765869140625
2025-01-15 20:00:00+00:00,99537.140625,3436.654296875
2025-01-15 21:00:00+00:00,99648.234375,3433.637939453125
2025-01-15 22:00:00+00:00,99742.3984375,3429.959228515625
2025-01-15 23:00:00+00:00,100507.03125,3449.9287109375
2025-01-16 00:00:00+00:00,99857.671875,3401.8173828125
2025-01-16 01:00:00+00:00,100086.2265625,3403.990966796875
2025-01-16 02:00:00+00:00,99612.5859375,3385.8515625
2025-01-16 03:00:00+00:00,99471.203125,3362.84033203125
2025-01-16 04:00:00+00:00,99571.515625,3372.439208984375
2025-01-16 05:00:00+00:00,99376.859375,3367.4677734375
2025-01-16 06:00:00+00:00,99765.1484375,3377.621826171875
2025-01-16 07:00:00+00:00,99728.875,3382.558837890625
2025-01-16 08:00:00+00:00,98934.171875,3319.1240234375
2025-01-16 09:00:00+00:00,99113.0859375,3334.71044921875
2025-01-16 10:00:00+00:00,99205.4375,3334.253173828125
2025-01-16 11:00:00+00:00,99184.4375,3351.9482421875
2025-01-16 12:00:00+00:00,99370.453125,3360.07958984375
2025-01-16 13:00:00+00:00,99055.828125,3327.878662109375
2025-01-16 14:00:00+00:00,97605.2890625,3279.292236328125
2025-01-16 15:00:00+00:00,99146.984375,3326.693115234375
2025-01-16 16:00:00+00:00,99314.1015625,3337.920654296875
2025-01-16 17:00:00+00:00,99938.8984375,3346.64013671875
2025-01-16 18:00:00+00:00,99542.265625,3325.505126953125
2025-01-16 19:00:00+00:00,100412.46875,3343.5419921875
2025-01-16 20:00:00+00:00,100488.1796875,3335.61328125
2025-01-16 21:00:00+00:00,100133.7578125,3319.198486328125
2025-01-16 22:00:00+00:00,99739.234375,3295.603271484375
2025-01-16 23:00:00+00:00,99999.5703125,3308.191162109375
2025-01-17 00:00:00+00:00,100122.9765625,3313.285400390625
2025-01-17 01:00:00+00:00,101656.5,3387.092529296875
2025-01-17 02:00:00+00:00,101033.921875,3367.329345703125
2025-01-17 03:00:00+00:00,101007.3984375,3357.772705078125
2025-01-17 04:00:00+00:00,101343.4609375,3368.7998046875
2025-01-17 05:00:00+00:00,101316.015625,3366.39208984375
2025-01-17 06:00:00+00:00,101341.0625,3366.177734375
2025-01-17 07:00:00+00:00,101450.9375,3370.949951171875
2025-01-17 08:00:00+00:00,102112.8515625,3406.3154296875
2025-01-17 09:00:00+00:00,101795.0703125,3403.67236328125
2025-01-17 10:00:00+00:00,102268.828125,3424.344482421875
2025-01-17 11:00:00+00:00,102235.3359375,3421.573974609375
2025-01-17 12:00:00+00:00,102739.984375,3407.44677734375
2025-01-17 13:00:00+00:00,102440.0859375,3401.349365234375
2025-01-17 14:00:00+00:00,103226.09375,3428.57958984375
2025-01-17 15:00:00+00:00,103926.4375,3420.427490234375
2025-01-17 16:00:00+00:00,104966.3984375,3440.904052734375
2025-01-17 17:00:00+00:00,104122.96875,3413.009765625
2025-01-17 18:00:00+00:00,104857.4765625,3412.58203125
2025-01-17 19:00:00+00:00,105844.7578125,3434.35595703125
2025-01-17 20:00:00+00:00,104661.8359375,3504.900390625
2025-01-17 21:00:00+00:00,104668.9765625,3474.360107421875
2025-01-17 22:00:00+00:00,104451.5,3473.383544921875
2025-01-17 23:00:00+00:00,104124.953125,3473.563720703125
2025-01-18 00:00:00+00:00,104600.203125,3489.961181640625
2025-01-18 01:00:00+00:00,104273.6953125,3467.777587890625
2025-01-18 02:00:00+00:00,104288.03125,3450.0
2025-01-18 03:00:00+00:00,103564.0078125,3387.21728515625
2025-01-18 04:00:00+00:00,103510.8515625,3365.47802734375
2025-01-18 05:00:00+00:00,102874.640625,3294.4013671875
2025-01-18 06:00:00+00:00,103429.6171875,3313.6728515625
2025-01-18 07:00:00+00:00,102774.015625,3289.42431640625
2025-01-18 08:00:00+00:00,103208.453125,3292.460693359375
2025-01-18 09:00:00+00:00,103099.0703125,3267.611572265625
2025-01-18 10:00:00+00:00,103186.3359375,3268.258056640625
2025-01-18 11:00:00+00:00,103525.5859375,3312.60595703125
2025-01-18 12:00:00+00:00,103442.3203125,3289.368408203125
2025-01-18 13:00:00+00:00,104212.421875,3316.446044921875
2025-01-18 14:00:00+00:00,103957.78125,3297.01904296875
2025-01-18 15:00:00+00:00,104723.6953125,3309.093994140625
2025-01-18 16:00:00+00:00,103278.828125,3265.937744140625
2025-01-18 17:00:00+00:00,103801.171875,3261.73828125
2025-01-18 18:00:00+00:00,104006.515625,3261.50732421875
2025-01-18 19:00:00+00:00,104281.59375,3285.0107421875
2025-01-18 20:00:00+00:00,103881.625,3261.413330078125
2025-01-18 21:00:00+00:00,103785.0,3270.21923828125
2025-01-18 22:00:00+00:00,104181.1796875,3279.401123046875
2025-01-18 23:00:00+00:00,104410.7421875,3305.39794921875
2025-01-19 00:00:00+00:00,104068.328125,3314.317626953125
2025-01-19 01:00:00+00:00,104391.5625,3348.934326171875
2025-01-19 02:00:00+00:00,104780.171875,3351.84423828125
2025-01-19 03:00:00+00:00,104940.7578125,3335.543212890625
2025-01-19 04:00:00+00:00,104875.0078125,3279.98681640625
2025-01-19 05:00:00+00:00,104976.8984375,3295.013916015625
2025-01-19 06:00:00+00:00,105367.3046875,3283.422119140625
2025-01-19 07:00:00+00:00,105045.5390625,3270.1015625
2025-01-19 08:00:00+00:00,104229.421875,3217.74267578125
2025-01-19 09:00:00+00:00,105110.125,3221.783447265625
2025-01-19 10:00:00+00:00,104700.5859375,3172.35205078125
2025-01-19 11:00:00+00:00,104220.9375,3147.185546875
2025-01-19 12:00:00+00:00,104803.8515625,3203.688232421875
2025-01-19 13:00:00+00:00,104919.7421875,3262.076904296875
2025-01-19 14:00:00+00:00,105025.3125,3379.673828125
2025-01-19 15:00:00+00:00,104767.3359375,3382.578369140625
2025-01-19 16:00:00+00:00,104825.3828125,3405.734130859375
2025-01-19 17:00:00+00:00,104944.1875,3440.590087890625
2025-01-19 18:00:00+00:00,104838.5546875,3425.09033203125
2025-01-19 19:00:00+00:00,105955.203125,3410.567626953125
2025-01-19 20:00:00+00:00,106209.3203125,3372.658935546875
2025-01-19 21:00:00+00:00,103580.71875,3221.34619140625
2025-01-19 22:00:00+00:00,103094.6328125,3256.73388671875
2025-01-19 23:00:00+00:00,101083.75,3208.933837890625
2025-01-20 00:00:00+00:00,99771.75,3173.566650390625
2025-01-20 01:00:00+00:00,100463.078125,3189.177734375
2025-01-20 02:00:00+00:00,101797.6640625,3248.047607421875
2025-01-20 03:00:00+00:00,101674.65625,3264.28173828125
2025-01-20 04:00:00+00:00,102159.34375,3267.44970703125
2025-01-20 05:00:00+00:00,102232.4609375,3285.6494140625
2025-01-20 06:00:00+00:00,107157.2109375,3398.051025390625
2025-01-20 07:00:00+00:00,107023.7890625,3376.373046875
2025-01-20 08:00:00+00:00,108181.09375,3386.6044921875
2025-01-20 09:00:00+00:00,108018.796875,3363.81005859375
2025-01-20 10:00:00+00:00,107810.40625,3349.019287109375
2025-01-20 11:00:00+00:00,108097.4375,3373.110107421875
2025-01-20 12:00:00+00:00,106841.9453125,3299.858154296875
2025-01-20 13:00:00+00:00,107791.046875,3335.417724609375
2025-01-20 14:00:00+00:00,107769.453125,3350.8681640625
2025-01-20 15:00:00+00:00,104849.1015625,3329.52880859375
2025-01-20 16:00:00+00:00,106671.5390625,3375.36865234375
2025-01-20 17:00:00+00:00,102875.953125,3292.163818359375
2025-01-20 18:00:00+00:00,104016.875,3329.026611328125
2025-01-20 19:00:00+00:00,103685.234375,3342.769775390625
2025-01-20 20:00:00+00:00,103739.0,3319.833984375
2025-01-20 21:00:00+00:00,102695.25,3286.21875
2025-01-20 22:00:00+00:00,103548.734375,3315.484375
2025-01-20 23:00:00+00:00,102052.578125,3278.43603515625
2025-01-21 00:00:00+00:00,101252.34375,3221.246826171875
2025-01-21 01:00:00+00:00,101432.71875,3249.03857421875
2025-01-21 02:00:00+00:00,102435.6484375,3253.6591796875
2025-01-21 03:00:00+00:00,102892.5703125,3257.7314453125
2025-01-21 04:00:00+00:00,102118.53125,3241.927734375
2025-01-21 05:00:00+00:00,101279.3671875,3220.57080078125
2025-01-21 06:00:00+00:00,101962.828125,3238.567626953125
2025-01-21 07:00:00+00:00,101834.875,3249.265380859375
2025-01-21 08:00:00+00:00,102272.609375,3247.59326171875
2025-01-21 09:00:00+00:00,102555.796875,3270.510986328125
2025-01-21 10:00:00+00:00,103060.0546875,3300.465087890625
2025-01-21 11:00:00+00:00,103665.421875,3302.153076171875
2025-01-21 12:00:00+00:00,104366.015625,3303.80517578125
2025-01-21 13:00:00+00:00,104327.2421875,3302.63427734375
2025-01-21 14:00:00+00:00,102967.671875,3280.179931640625
2025-01-21 15:00:00+00:00,103862.4765625,3289.519287109375
2025-01-21 16:00:00+00:00,104911.2578125,3312.563232421875
2025-01-21 17:00:00+00:00,106106.2265625,3350.010498046875
2025-01-21 18:00:00+00:00,106913.3984375,3346.27490234375
2025-01-21 19:00:00+00:00,107096.109375,3331.863525390625
2025-01-21 20:00:00+00:00,106168.4765625,3307.406005859375
2025-01-21 21:00:00+00:00,106760.9609375,3332.025146484375
2025-01-21 22:00:00+00:00,106036.78125,3340.023681640625
2025-01-21 23:00:00+00:00,106136.3828125,3327.2373046875
2025-01-22 00:00:00+00:00,105926.640625,3360.012939453125
2025-01-22 01:00:00+00:00,105727.65625,3324.82177734375
2025-01-22 02:00:00+00:00,105728.46875,3341.42822265625
2025-01-22 03:00:00+00:00,105647.3984375,3331.469482421875
2025-01-22 04:00:00+00:00,105484.1484375,3328.675537109375
2025-01-22 05:00:00+00:00,105703.953125,3319.9697265625
2025-01-22 06:00:00+00:00,105364.1640625,3309.013916015625
2025-01-22 07:00:00+00:00,105113.1484375,3289.038818359375
2025-01-22 08:00:00+00:00,105247.2734375,3298.2890625
2025-01-22 09:00:00+00:00,104958.328125,3298.20703125
2025-01-22 10:00:00+00:00,105086.234375,3305.976806640625
2025-01-22 11:00:00+00:00,105291.171875,3328.594970703125
2025-01-22 12:00:00+00:00,105309.3046875,3316.945068359375
2025-01-22 13:00:00+00:00,104068.5390625,3286.005126953125
2025-01-22 14:00:00+00:00,104500.1328125,3297.43896484375
2025-01-22 15:00:00+00:00,104398.2265625,3283.4873046875
2025-01-22 16:00:00+00:00,103699.265625,3277.325927734375
2025-01-22 17:00:00+00:00,104290.5703125,3285.04638671875
2025-01-22 18:00:00+00:00,103921.2578125,3248.849609375
2025-01-22 19:00:00+00:00,104611.3359375,3261.328857421875
2025-01-22 20:00:00+00:00,104391.625,3259.924560546875
2025-01-22 21:00:00+00:00,104071.296875,3257.7314453125
2025-01-22 22:00:00+00:00,104029.3359375,3244.478759765625
2025-01-22 23:00:00+00:00,103670.3125,3239.29931640625
2025-01-23 00:00:00+00:00,103312.1796875,3256.349609375
2025-01-23 01:00:00+00:00,102839.5703125,3231.39306640625
2025-01-23 02:00:00+00:00,102645.40625,3221.510009765625
2025-01-23 03:00:00+00:00,102320.21875,3224.6591796875
2025-01-23 04:00:00+00:00,102008.6015625,3194.2509765625
2025-01-23 05:00:00+00:00,102386.546875,3212.421875
2025-01-23 06:00:00+00:00,102205.6796875,3204.911376953125
2025-01-23 07:00:00+00:00,102654.4921875,3229.660400390625
2025-01-23 08:00:00+00:00,102169.453125,3209.97119140625
2025-01-23 09:00:00+00:00,101663.4453125,3193.83642578125
2025-01-23 10:00:00+00:00,101611.203125,3198.50830078125
2025-01-23 11:00:00+00:00,101931.96875,3211.36376953125
2025-01-23 12:00:00+00:00,101606.21875,3205.360595703125
2025-01-23 13:00:00+00:00,102563.6953125,3236.283447265625
2025-01-23 14:00:00+00:00,104813.5,3266.699951171875
2025-01-23 15:00:00+00:00,105050.21875,3256.67919921875
2025-01-23 16:00:00+00:00,105175.953125,3255.521484375
2025-01-23 17:00:00+00:00,105912.9140625,3265.20654296875
2025-01-23 18:00:00+00:00,105548.78125,3244.71484375
2025-01-23 19:00:00+00:00,103811.0,3206.453369140625
2025-01-23 20:00:00+00:00,103547.2421875,3248.238037109375
2025-01-23 21:00:00+00:00,103189.125,3248.87158203125
2025-01-23 22:00:00+00:00,103909.8125,3317.361572265625
2025-01-23 23:00:00+00:00,103956.5234375,3337.489501953125
2025-01-24 00:00:00+00:00,103470.09375,3287.60546875
2025-01-24 01:00:00+00:00,103118.1796875,3297.231201171875
2025-01-24 02:00:00+00:00,103023.953125,3286.035888671875
2025-01-24 03:00:00+00:00,103895.8359375,3301.1953125
2025-01-24 04:00:00+00:00,104653.6015625,3334.280029296875
2025-01-24 05:00:00+00:00,105206.6875,3404.1015625
2025-01-24 06:00:00+00:00,104950.78125,3387.828857421875
2025-01-24 07:00:00+00:00,105000.6796875,3382.724365234375
2025-01-24 08:00:00+00:00,105499.265625,3401.7626953125
2025-01-24 09:00:00+00:00,105152.515625,3400.458740234375
2025-01-24 10:00:00+00:00,105372.921875,3411.355224609375
2025-01-24 11:00:00+00:00,105441.671875,3400.465087890625
2025-01-24 12:00:00+00:00,105486.2265625,3402.634521484375
2025-01-24 13:00:00+00:00,105135.9375,3393.576904296875
2025-01-24 14:00:00+00:00,105850.40625,3401.626708984375
2025-01-24 15:00:00+00:00,105906.8984375,3384.489013671875
2025-01-24 16:00:00+00:00,105790.4921875,3381.72216796875
2025-01-24 17:00:00+00:00,106437.4453125,3398.718017578125
2025-01-24 18:00:00+00:00,106176.8828125,3379.29296875
2025-01-24 19:00:00+00:00,105853.03125,3369.271484375
2025-01-24 20:00:00+00:00,105250.4296875,3337.936767578125
2025-01-24 21:00:00+00:00,105082.625,3329.9287109375
2025-01-24 22:00:00+00:00,104861.6484375,3325.3125
2025-01-24 23:00:00+00:00,104819.484375,3309.711669921875
2025-01-25 00:00:00+00:00,104415.6875,3275.860107421875
2025-01-25 01:00:00+00:00,104719.0859375,3294.48291015625
2025-01-25 02:00:00+00:00,104501.3828125,3294.8134765625
2025-01-25 03:00:00+00:00,105169.0,3320.634033203125
2025-01-25 04:00:00+00:00,104632.546875,3298.105712890625
2025-01-25 05:00:00+00:00,104305.5390625,3295.96142578125
2025-01-25 06:00:00+00:00,104270.453125,3290.757080078125
2025-01-25 07:00:00+00:00,104345.328125,3290.080078125
2025-01-25 08:00:00+00:00,104281.875,3290.134033203125
2025-01-25 09:00:00+00:00,104350.6015625,3285.033935546875
2025-01-25 10:00:00+00:00,104531.2890625,3293.07470703125
2025-01-25 11:00:00+00:00,104650.4921875,3308.843017578125
2025-01-25 12:00:00+00:00,104729.0625,3303.408203125
2025-01-25 13:00:00+00:00,104694.3359375,3307.237548828125
2025-01-25 14:00:00+00:00,104585.796875,3316.831298828125
2025-01-25 15:00:00+00:00,104913.484375,3336.774169921875
2025-01-25 16:00:00+00:00,104629.8828125,3338.9765625
2025-01-25 17:00:00+00:00,104777.1484375,3342.433349609375
2025-01-25 18:00:00+00:00,104942.3046875,3340.4091796875
2025-01-25 19:00:00+00:00,105052.140625,3339.159423828125
2025-01-25 20:00:00+00:00,104953.7578125,3336.57421875
2025-01-25 21:00:00+00:00,105077.09375,3339.92919921875
2025-01-25 22:00:00+00:00,105068.9453125,3334.3310546875
2025-01-25 23:00:00+00:00,104696.203125,3317.29150390625
2025-01-26 00:00:00+00:00,104586.59375,3321.326171875
2025-01-26 01:00:00+00:00,104597.0625,3329.867431640625
2025-01-26 02:00:00+00:00,104630.6796875,3323.320068359375
2025-01-26 03:00:00+00:00,104985.0859375,3337.23974609375
2025-01-26 04:00:00+00:00,105147.5078125,3354.110107421875
2025-01-26 05:00:00+00:00,105078.9296875,3341.2958984375
2025-01-26 06:00:00+00:00,104961.3984375,3341.408203125
2025-01-26 07:00:00+00:00,104971.078125,3338.01416015625
2025-01-26 08:00:00+00:00,105010.65625,3330.716552734375
2025-01-26 09:00:00+00:00,104611.765625,3296.563720703125
2025-01-26 10:00:00+00:00,104662.75,3303.92724609375
2025-01-26 11:00:00+00:00,104809.2421875,3311.8408203125
2025-01-26 12:00:00+00:00,104828.265625,3307.2314453125
2025-01-26 13:00:00+00:00,104940.7578125,3306.807373046875
2025-01-26 14:00:00+00:00,104949.390625,3311.815673828125
2025-01-26 15:00:00+00:00,104976.484375,3314.6767578125
2025-01-26 16:00:00+00:00,104933.890625,3317.689453125
2025-01-26 17:00:00+00:00,104960.421875,3337.228271484375
2025-01-26 18:00:00+00:00,105129.765625,3336.912841796875
2025-01-26 19:00:00+00:00,105065.9296875,3338.1064453125
2025-01-26 20:00:00+00:00,104905.5234375,3328.171630859375
2025-01-26 21:00:00+00:00,104713.5625,3299.622802734375
2025-01-26 22:00:00+00:00,104312.359375,3293.18212890625
2025-01-26 23:00:00+00:00,102682.5,3235.855224609375
2025-01-27 00:00:00+00:00,101615.4765625,3211.25439453125
2025-01-27 01:00:00+00:00,101345.8203125,3200.870361328125
2025-01-27 02:00:00+00:00,100905.171875,3166.154052734375
2025-01-27 03:00:00+00:00,101343.9296875,3182.691162109375
2025-01-27 04:00:00+00:00,100370.75,3156.161376953125
2025-01-27 05:00:00+00:00,100339.5546875,3139.077880859375
2025-01-27 06:00:00+00:00,98859.171875,3079.24658203125
2025-01-27 07:00:00+00:00,99010.265625,3072.33935546875
2025-01-27 08:00:00+00:00,98964.0703125,3062.619873046875
2025-01-27 09:00:00+00:00,99352.8828125,3080.76708984375
2025-01-27 10:00:00+00:00,98325.734375,3042.37109375
2025-01-27 11:00:00+00:00,98816.921875,3061.999755859375
2025-01-27 12:00:00+00:00,100622.7578125,3107.94775390625
2025-01-27 13:00:00+00:00,100558.4609375,3104.927490234375
2025-01-27 14:00:00+00:00,102057.0546875,3145.113525390625
2025-01-27 15:00:00+00:00,101333.484375,3138.8154296875
2025-01-27 16:00:00+00:00,99639.59375,3076.804931640625
2025-01-27 17:00:00+00:00,99204.6484375,3072.78955078125
2025-01-27 18:00:00+00:00,99047.5234375,3052.06298828125
2025-01-27 19:00:00+00:00,99603.0390625,3071.841796875
2025-01-27 20:00:00+00:00,101646.875,3147.1279296875
2025-01-27 21:00:00+00:00,101373.21875,3161.72509765625
2025-01-27 22:00:00+00:00,101685.4921875,3173.094970703125
2025-01-27 23:00:00+00:00,102092.171875,3179.0869140625
2025-01-28 00:00:00+00:00,101935.21875,3167.8408203125
2025-01-28 01:00:00+00:00,101472.609375,3167.353271484375
2025-01-28 02:00:00+00:00,102319.28125,3191.466064453125
2025-01-28 03:00:00+00:00,102624.1640625,3203.2783203125
2025-01-28 04:00:00+00:00,102930.1015625,3212.17822265625
2025-01-28 05:00:00+00:00,102981.2890625,3211.5322265625
2025-01-28 06:00:00+00:00,102746.09375,3194.66162109375
2025-01-28 07:00:00+00:00,102731.328125,3195.626708984375
2025-01-28 08:00:00+00:00,102807.875,3198.2275390625
2025-01-28 09:00:00+00:00,102897.9609375,3197.062255859375
2025-01-28 10:00:00+00:00,102726.8046875,3194.921630859375
2025-01-28 11:00:00+00:00,102774.9609375,3187.5263671875
2025-01-28 12:00:00+00:00,102579.8125,3173.530029296875
2025-01-28 13:00:00+00:00,102597.1015625,3174.822509765625
2025-01-28 14:00:00+00:00,102725.4921875,3176.334716796875
2025-01-28 15:00:00+00:00,102661.8203125,3175.475830078125
2025-01-28 16:00:00+00:00,102166.453125,3146.965087890625
2025-01-28 17:00:00+00:00,102669.5859375,3169.520263671875
2025-01-28 18:00:00+00:00,102183.1484375,3142.20947265625
2025-01-28 19:00:00+00:00,102446.234375,3146.28857421875
2025-01-28 20:00:00+00:00,101185.9140625,3095.885986328125
2025-01-28 21:00:00+00:00,100285.8828125,3051.87646484375
2025-01-28 22:00:00+00:00,101137.1171875,3083.7177734375
2025-01-28 23:00:00+00:00,101327.4140625,3076.380126953125
2025-01-29 00:00:00+00:00,101642.265625,3109.34912109375
2025-01-29 01:00:00+00:00,101779.859375,3108.799560546875
2025-01-29 02:00:00+00:00,101733.28125,3113.097900390625
2025-01-29 03:00:00+00:00,102027.8515625,3129.4697265625
2025-01-29 04:00:00+00:00,101973.09375,3123.6318359375
2025-01-29 05:00:00+00:00,102202.078125,3128.073974609375
2025-01-29 06:00:00+00:00,102702.5546875,3144.423095703125
2025-01-29 07:00:00+00:00,102663.0546875,3155.200927734375
2025-01-29 08:00:00+00:00,102675.328125,3145.66259765625
2025-01-29 09:00:00+00:00,102304.0703125,3128.880615234375
2025-01-29 10:00:00+00:00,102509.9296875,3135.364990234375
2025-01-29 11:00:00+00:00,102541.5,3132.537353515625
2025-01-29 12:00:00+00:00,102202.7578125,3119.31591796875
2025-01-29 13:00:00+00:00,101741.5078125,3102.23193359375
2025-01-29 14:00:00+00:00,102004.390625,3097.679443359375
2025-01-29 15:00:00+00:00,101957.0625,3099.664306640625
2025-01-29 16:00:00+00:00,101994.890625,3081.81494140625
2025-01-29 17:00:00+00:00,102530.140625,3111.025146484375
2025-01-29 18:00:00+00:00,102956.609375,3132.551513671875
2025-01-29 19:00:00+00:00,103615.125,3126.9697265625
2025-01-29 20:00:00+00:00,104304.0234375,3143.529296875
2025-01-29 21:00:00+00:00,103826.3515625,3142.67529296875
2025-01-29 22:00:00+00:00,103569.09375,3137.05517578125
2025-01-29 23:00:00+00:00,103736.0078125,3112.669677734375
2025-01-30 00:00:00+00:00,104037.984375,3124.650634765625
2025-01-30 01:00:00+00:00,104262.9765625,3138.614501953125
2025-01-30 02:00:00+00:00,104486.0703125,3148.2568359375
2025-01-30 03:00:00+00:00,105099.7421875,3193.12890625
2025-01-30 04:00:00+00:00,105505.59375,3199.623046875
2025-01-30 05:00:00+00:00,105311.1640625,3194.718994140625
2025-01-30 06:00:00+00:00,105186.6875,3186.26806640625
2025-01-30 07:00:00+00:00,105124.4609375,3188.790771484375
2025-01-30 08:00:00+00:00,105115.921875,3203.278564453125
2025-01-30 09:00:00+00:00,105445.6953125,3222.441650390625
2025-01-30 10:00:00+00:00,105312.265625,3217.55419921875
2025-01-30 11:00:00+00:00,105330.8515625,3223.195068359375
2025-01-30 12:00:00+00:00,105043.5703125,3220.161865234375
2025-01-30 13:00:00+00:00,104866.6796875,3260.143310546875
2025-01-30 14:00:00+00:00,105820.5546875,3265.4306640625
2025-01-30 15:00:00+00:00,105574.7890625,3256.940185546875
2025-01-30 16:00:00+00:00,105770.90625,3279.5478515625
2025-01-30 17:00:00+00:00,105281.765625,3271.103759765625
2025-01-30 18:00:00+00:00,105560.4765625,3270.829345703125
2025-01-30 19:00:00+00:00,105766.171875,3272.060791015625
2025-01-30 20:00:00+00:00,105103.5859375,3244.240966796875
2025-01-30 21:00:00+00:00,105093.7109375,3244.457275390625
2025-01-30 22:00:00+00:00,105096.4140625,3262.78955078125
2025-01-30 23:00:00+00:00,104739.0546875,3247.780029296875
2025-01-31 00:00:00+00:00,104893.0859375,3268.618408203125
2025-01-31 01:00:00+00:00,104733.4453125,3270.69189453125
2025-01-31 02:00:00+00:00,104419.28125,3250.947998046875
2025-01-31 03:00:00+00:00,104320.0078125,3231.289306640625
2025-01-31 04:00:00+00:00,104002.546875,3216.90966796875
2025-01-31 05:00:00+00:00,104267.2109375,3245.50537109375
2025-01-31 06:00:00+00:00,104517.734375,3262.468994140625
2025-01-31 07:00:00+00:00,104223.8828125,3245.762451171875
2025-01-31 08:00:00+00:00,104056.5546875,3237.212646484375
2025-01-31 09:00:00+00:00,104220.046875,3264.407958984375
2025-01-31 10:00:00+00:00,104293.4765625,3268.73388671875
2025-01-31 11:00:00+00:00,104751.8515625,3337.038818359375
2025-01-31 12:00:00+00:00,104692.0546875,3352.719970703125
2025-01-31 13:00:00+00:00,104618.0859375,3354.39404296875
2025-01-31 14:00:00+00:00,104414.3828125,3346.217041015625
2025-01-31 15:00:00+00:00,105502.8203125,3423.795166015625
2025-01-31 16:00:00+00:00,105050.8359375,3401.9609375
2025-01-31 17:00:00+00:00,104669.6640625,3378.448486328125
2025-01-31 18:00:00+00:00,102670.0859375,3314.208740234375
2025-01-31 19:00:00+00:00,102305.5234375,3340.9990234375
2025-01-31 20:00:00+00:00,101603.8828125,3310.848388671875
2025-01-31 21:00:00+00:00,102110.6015625,3314.009521484375
2025-01-31 22:00:00+00:00,102198.46875,3292.9697265625
2025-01-31 23:00:00+00:00,102404.5,3298.822265625
2025-02-01 00:00:00+00:00,102466.0078125,3318.17626953125
2025-02-01 01:00:00+00:00,102553.6015625,3313.1884765625
2025-02-01 02:00:00+00:00,102448.1796875,3306.109375
2025-02-01 03:00:00+00:00,102246.7734375,3290.14306640625
2025-02-01 04:00:00+00:00,102313.7421875,3293.041259765625
2025-02-01 05:00:00+00:00,102484.046875,3299.107421875
2025-02-01 06:00:00+00:00,102383.1015625,3294.046630859375
2025-02-01 07:00:00+00:00,102166.9921875,3280.580322265625
2025-02-01 08:00:00+00:00,102008.09375,3267.45166015625
2025-02-01 09:00:00+00:00,101613.1796875,3233.635009765625
2025-02-01 10:00:00+00:00,101645.8359375,3236.114013671875
2025-02-01 11:00:00+00:00,101978.8359375,3250.20947265625
2025-02-01 12:00:00+00:00,102264.28125,3267.5244140625
2025-02-01 13:00:00+00:00,101830.9375,3243.667236328125
2025-02-01 14:00:00+00:00,101817.0390625,3236.790283203125
2025-02-01 15:00:00+00:00,102069.8046875,3250.599609375
2025-02-01 16:00:00+00:00,101868.6796875,3242.536865234375
2025-02-01 17:00:00+00:00,102238.734375,3260.9453125
2025-02-01 18:00:00+00:00,101987.9375,3242.22998046875
2025-02-01 19:00:00+00:00,101632.171875,3195.618896484375
2025-02-01 20:00:00+00:00,101377.6875,3166.36279296875
2025-02-01 21:00:00+00:00,101292.2890625,3154.87060546875
2025-02-01 22:00:00+00:00,100604.015625,3135.783447265625
2025-02-01 23:00:00+00:00,100661.5390625,3118.611572265625
2025-02-02 00:00:00+00:00,101240.390625,3151.7412109375
2025-02-02 01:00:00+00:00,101233.125,3150.48388671875
2025-02-02 02:00:00+00:00,100527.875,3117.499755859375
2025-02-02 03:00:00+00:00,99195.28125,3074.2314453125
2025-02-02 04:00:00+00:00,99591.5625,3097.25048828125
2025-02-02 05:00:00+00:00,100304.8671875,3121.48486328125
2025-02-02 06:00:00+00:00,100268.3828125,3112.20361328125
2025-02-02 07:00:00+00:00,99687.96875,3100.3671875
2025-02-02 08:00:00+00:00,99820.5859375,3110.326416015625
2025-02-02 09:00:00+00:00,99655.7578125,3110.305419921875
2025-02-02 10:00:00+00:00,99389.6484375,3101.226806640625
2025-02-02 11:00:00+00:00,98986.8515625,3069.345458984375
2025-02-02 12:00:00+00:00,98228.625,3056.968017578125
2025-02-02 13:00:00+00:00,98749.1953125,3086.37939453125
2025-02-02 14:00:00+00:00,99215.03125,3090.40185546875
2025-02-02 15:00:00+00:00,99272.9921875,3081.52294921875
2025-02-02 16:00:00+00:00,98135.9375,3009.18408203125
2025-02-02 17:00:00+00:00,97080.8828125,2964.748779296875
2025-02-02 18:00:00+00:00,96952.5078125,2922.367919921875
2025-02-02 19:00:00+00:00,98197.5546875,2958.89599609375
2025-02-02 20:00:00+00:00,97771.3125,2949.3330078125
2025-02-02 21:00:00+00:00,96831.3984375,2903.379150390625
2025-02-02 22:00:00+00:00,97948.375,2869.4423828125
2025-02-02 23:00:00+00:00,97671.8515625,2868.07861328125
2025-02-03 00:00:00+00:00,96686.703125,2832.752685546875
2025-02-03 01:00:00+00:00,93261.2265625,2495.6376953125
2025-02-03 02:00:00+00:00,93667.0859375,2473.155517578125
2025-02-03 03:00:00+00:00,94098.046875,2527.43798828125
2025-02-03 04:00:00+00:00,92996.28125,2468.638916015625
2025-02-03 05:00:00+00:00,94274.9765625,2516.185302734375
2025-02-03 06:00:00+00:00,93900.828125,2527.751708984375
2025-02-03 07:00:00+00:00,95407.0234375,2631.301513671875
2025-02-03 08:00:00+00:00,95417.09375,2571.6005859375
2025-02-03 09:00:00+00:00,95421.4296875,2564.71826171875
2025-02-03 10:00:00+00:00,95755.890625,2612.673583984375
2025-02-03 11:00:00+00:00,95160.6953125,2585.974853515625
2025-02-03 12:00:00+00:00,94854.8359375,2581.77099609375
2025-02-03 13:00:00+00:00,94947.703125,2569.296630859375
2025-02-03 14:00:00+00:00,96702.8359375,2626.916015625
2025-02-03 15:00:00+00:00,99271.7109375,2710.24609375
2025-02-03 16:00:00+00:00,98696.1796875,2712.367919921875
2025-02-03 17:00:00+00:00,99010.7421875,2701.677978515625
2025-02-03 18:00:00+00:00,99995.4140625,2735.01220703125
2025-02-03 19:00:00+00:00,102005.890625,2766.3857421875
2025-02-03 20:00:00+00:00,101230.265625,2705.005615234375
2025-02-03 21:00:00+00:00,101937.140625,2813.20703125
2025-02-03 22:00:00+00:00,101774.7109375,2874.541259765625
2025-02-03 23:00:00+00:00,101394.4375,2884.052490234375
2025-02-04 00:00:00+00:00,101181.90625,2842.58251953125
2025-02-04 01:00:00+00:00,101462.703125,2854.337890625
2025-02-04 02:00:00+00:00,100919.2578125,2807.090576171875
2025-02-04 03:00:00+00:00,100684.984375,2812.37451171875
2025-02-04 04:00:00+00:00,100134.8984375,2801.2392578125
2025-02-04 05:00:00+00:00,99007.703125,2692.256103515625
2025-02-04 06:00:00+00:00,99426.484375,2722.524658203125
2025-02-04 07:00:00+00:00,98556.3359375,2707.026611328125
2025-02-04 08:00:00+00:00,98269.2265625,2700.161865234375
2025-02-04 09:00:00+00:00,98442.4140625,2696.365966796875
2025-02-04 10:00:00+00:00,98861.3203125,2757.7431640625
2025-02-04 11:00:00+00:00,99059.7890625,2763.005126953125
2025-02-04 12:00:00+00:00,99528.1796875,2809.616943359375
2025-02-04 13:00:00+00:00,99167.203125,2795.51416015625
2025-02-04 14:00:00+00:00,100056.96875,2822.522216796875
2025-02-04 15:00:00+00:00,99442.078125,2779.180419921875
2025-02-04 16:00:00+00:00,99140.2734375,2792.472412109375
2025-02-04 17:00:00+00:00,99237.453125,2819.0986328125
2025-02-04 18:00:00+00:00,99453.8203125,2831.177001953125
2025-02-04 19:00:00+00:00,99188.7109375,2789.788818359375
2025-02-04 20:00:00+00:00,98747.2109375,2735.429443359375
2025-02-04 21:00:00+00:00,96732.2890625,2645.953369140625
2025-02-04 22:00:00+00:00,97602.9921875,2677.90185546875
2025-02-04 23:00:00+00:00,97844.0703125,2735.225830078125
2025-02-05 00:00:00+00:00,98336.546875,2734.27490234375
2025-02-05 01:00:00+00:00,97801.5546875,2723.2587890625
2025-02-05 02:00:00+00:00,98043.0234375,2743.1435546875
2025-02-05 03:00:00+00:00,98079.8203125,2722.068603515625
2025-02-05 04:00:00+00:00,98029.5546875,2728.5634765625
2025-02-05 05:00:00+00:00,98166.96875,2784.6494140625
2025-02-05 06:00:00+00:00,97655.8046875,2743.423828125
2025-02-05 07:00:00+00:00,97920.8046875,2762.114013671875
2025-02-05 08:00:00+00:00,97661.109375,2772.088623046875
2025-02-05 09:00:00+00:00,97460.2734375,2761.048583984375
2025-02-05 10:00:00+00:00,97863.09375,2781.135986328125
2025-02-05 11:00:00+00:00,98232.234375,2801.071044921875
2025-02-05 12:00:00+00:00,98053.09375,2786.5673828125
2025-02-05 13:00:00+00:00,98594.3359375,2818.30126953125
2025-02-05 14:00:00+00:00,98219.3828125,2779.9326171875
2025-02-05 15:00:00+00:00,98071.8671875,2773.359130859375
2025-02-05 16:00:00+00:00,98053.6875,2771.873779296875
2025-02-05 17:00:00+00:00,97633.5546875,2750.8505859375
2025-02-05 18:00:00+00:00,96674.140625,2724.505615234375
2025-02-05 19:00:00+00:00,97390.765625,2775.60498046875
2025-02-05 20:00:00+00:00,97493.890625,2767.425537109375
2025-02-05 21:00:00+00:00,96880.28125,2783.4091796875
2025-02-05 22:00:00+00:00,96426.5078125,2760.152587890625
2025-02-05 23:00:00+00:00,96619.3203125,2787.65869140625
2025-02-06 00:00:00+00:00,96854.921875,2767.792724609375
2025-02-06 01:00:00+00:00,97187.7265625,2791.012451171875
2025-02-06 02:00:00+00:00,97388.2421875,2809.08642578125
2025-02-06 03:00:00+00:00,97363.1875,2804.956298828125
2025-02-06 04:00:00+00:00,97633.6484375,2821.39501953125
2025-02-06 05:00:00+00:00,97845.890625,2834.445068359375
2025-02-06 06:00:00+00:00,98414.234375,2847.811767578125
2025-02-06 07:00:00+00:00,98219.3046875,2832.678466796875
2025-02-06 08:00:00+00:00,98185.734375,2830.798095703125
2025-02-06 09:00:00+00:00,98682.8359375,2856.071533203125
2025-02-06 10:00:00+00:00,98959.6640625,2829.69482421875
2025-02-06 11:00:00+00:00,98930.5078125,2806.555419921875
2025-02-06 12:00:00+00:00,98365.484375,2774.37939453125
2025-02-06 13:00:00+00:00,98683.7109375,2792.812255859375
2025-02-06 14:00:00+00:00,97908.109375,2747.256103515625
2025-02-06 15:00:00+00:00,97276.6875,2701.268798828125
2025-02-06 16:00:00+00:00,96486.609375,2704.937255859375
2025-02-06 17:00:00+00:00,96834.6171875,2702.14892578125
2025-02-06 18:00:00+00:00,96334.78125,2697.92822265625
2025-02-06 19:00:00+00:00,96043.4453125,2695.257568359375
2025-02-06 20:00:00+00:00,96842.25,2718.342041015625
2025-02-06 21:00:00+00:00,96750.4921875,2706.739501953125
2025-02-06 22:00:00+00:00,96857.75,2702.395263671875
2025-02-06 23:00:00+00:00,96583.5390625,2688.8974609375
2025-02-07 00:00:00+00:00,96553.25,2688.88134765625
2025-02-07 01:00:00+00:00,97477.90625,2725.020263671875
2025-02-07 02:00:00+00:00,97516.8203125,2721.774169921875
2025-02-07 03:00:00+00:00,97454.28125,2715.021240234375
2025-02-07 04:00:00+00:00,97486.15625,2722.08056640625
2025-02-07 05:00:00+00:00,97315.9453125,2714.161376953125
2025-02-07 06:00:00+00:00,96734.8515625,2694.690185546875
2025-02-07 07:00:00+00:00,96743.6484375,2715.343994140625
2025-02-07 08:00:00+00:00,97048.4609375,2729.993896484375
2025-02-07 09:00:00+00:00,97349.1484375,2738.952392578125
2025-02-07 10:00:00+00:00,97320.375,2744.862060546875
2025-02-07 11:00:00+00:00,97755.171875,2761.061767578125
2025-02-07 12:00:00+00:00,97949.1328125,2758.090576171875
2025-02-07 13:00:00+00:00,98851.0546875,2775.04931640625
2025-02-07 14:00:00+00:00,99764.6796875,2785.45849609375
2025-02-07 15:00:00+00:00,98169.3828125,2719.102294921875
2025-02-07 16:00:00+00:00,97905.2421875,2700.989501953125
2025-02-07 17:00:00+00:00,97483.7109375,2682.456298828125
2025-02-07 18:00:00+00:00,97769.4609375,2681.35791015625
2025-02-07 19:00:00+00:00,96981.5546875,2659.990234375
2025-02-07 20:00:00+00:00,95800.640625,2585.4013671875
2025-02-07 21:00:00+00:00,95993.8359375,2583.24658203125
2025-02-07 22:00:00+00:00,96061.5078125,2586.69580078125
2025-02-07 23:00:00+00:00,96533.2578125,2623.001953125
2025-02-08 00:00:00+00:00,96686.3984375,2647.1591796875
2025-02-08 01:00:00+00:00,96536.796875,2633.790283203125
2025-02-08 02:00:00+00:00,96781.9453125,2642.091552734375
2025-02-08 03:00:00+00:00,96728.46875,2644.11083984375
2025-02-08 04:00:00+00:00,96333.9375,2634.913818359375
2025-02-08 05:00:00+00:00,96196.5078125,2620.1474609375
2025-02-08 06:00:00+00:00,95972.5,2611.766357421875
2025-02-08 07:00:00+00:00,96238.3984375,2631.958984375
2025-02-08 08:00:00+00:00,95928.78125,2606.320556640625
2025-02-08 09:00:00+00:00,96148.2578125,2616.1328125
2025-02-08 10:00:00+00:00,96056.0078125,2617.594970703125
2025-02-08 11:00:00+00:00,96086.25,2615.462890625
2025-02-08 12:00:00+00:00,96070.71875,2605.3701171875
2025-02-08 13:00:00+00:00,96221.46875,2621.082763671875
2025-02-08 14:00:00+00:00,96067.4609375,2615.379638671875
2025-02-08 15:00:00+00:00,95823.4296875,2602.71044921875
2025-02-08 16:00:00+00:00,96119.0,2609.7958984375
2025-02-08 17:00:00+00:00,96357.59375,2627.80810546875
2025-02-08 18:00:00+00:00,96490.5390625,2632.9677734375
2025-02-08 19:00:00+00:00,96567.375,2639.841796875
2025-02-08 20:00:00+00:00,96478.3125,2636.7548828125
2025-02-08 21:00:00+00:00,96517.8046875,2640.57080078125
2025-02-08 22:00:00+00:00,96488.859375,2630.552490234375
2025-02-08 23:00:00+00:00,96504.9609375,2632.578125
2025-02-09 00:00:00+00:00,96583.59375,2638.28125
2025-02-09 01:00:00+00:00,96982.4140625,2648.920654296875
2025-02-09 02:00:00+00:00,96782.125,2641.211669921875
2025-02-09 03:00:00+00:00,97245.0390625,2677.947265625
2025-02-09 04:00:00+00:00,97239.078125,2672.758056640625
2025-02-09 05:00:00+00:00,97056.5078125,2661.5654296875
2025-02-09 06:00:00+00:00,97029.421875,2663.258544921875
2025-02-09 07:00:00+00:00,97082.8046875,2662.465576171875
2025-02-09 08:00:00+00:00,97175.734375,2669.341552734375
2025-02-09 09:00:00+00:00,96966.5234375,2658.44482421875
2025-02-09 10:00:00+00:00,96807.578125,2661.56201171875
2025-02-09 11:00:00+00:00,96664.265625,2657.905029296875
2025-02-09 12:00:00+00:00,96526.671875,2654.162109375
2025-02-09 13:00:00+00:00,95922.46875,2618.687744140625
2025-02-09 14:00:00+00:00,96130.875,2628.121337890625
2025-02-09 15:00:00+00:00,96479.4609375,2652.917724609375
2025-02-09 16:00:00+00:00,96517.6953125,2661.639892578125
2025-02-09 17:00:00+00:00,96205.796875,2643.44580078125
2025-02-09 18:00:00+00:00,96223.265625,2638.30712890625
2025-02-09 19:00:00+00:00,96072.5234375,2624.361083984375
2025-02-09 20:00:00+00:00,96263.515625,2636.1767578125
2025-02-09 21:00:00+00:00,95246.8515625,2560.307373046875
2025-02-09 22:00:00+00:00,95875.609375,2619.583251953125
2025-02-09 23:00:00+00:00,96499.4609375,2628.650146484375
2025-02-10 00:00:00+00:00,96743.8125,2641.982666015625
2025-02-10 01:00:00+00:00,95521.4921875,2574.23974609375
2025-02-10 02:00:00+00:00,95813.84375,2588.92333984375
2025-02-10 03:00:00+00:00,96770.8515625,2626.32666015625
2025-02-10 04:00:00+00:00,96911.328125,2628.970947265625
2025-02-10 05:00:00+00:00,97005.6796875,2641.385498046875
2025-02-10 06:00:00+00:00,97148.75,2635.60595703125
2025-02-10 07:00:00+00:00,97453.515625,2638.304931640625
2025-02-10 08:00:00+00:00,97727.5390625,2646.11767578125
2025-02-10 09:00:00+00:00,97679.53125,2652.424560546875
2025-02-10 10:00:00+00:00,97764.0234375,2650.526611328125
2025-02-10 11:00:00+00:00,97691.328125,2655.402587890625
2025-02-10 12:00:00+00:00,97348.171875,2639.998291015625
2025-02-10 13:00:00+00:00,98311.4140625,2682.77294921875
2025-02-10 14:00:00+00:00,97347.1953125,2651.24169921875
2025-02-10 15:00:00+00:00,97230.6640625,2657.593994140625
2025-02-10 16:00:00+00:00,97366.6640625,2668.055419921875
2025-02-10 17:00:00+00:00,97479.953125,2677.946044921875
2025-02-10 18:00:00+00:00,97506.8203125,2681.96875
2025-02-10 19:00:00+00:00,97417.1875,2673.022705078125
2025-02-10 20:00:00+00:00,97362.6171875,2681.906494140625
2025-02-10 21:00:00+00:00,97375.4921875,2666.36669921875
2025-02-10 22:00:00+00:00,97375.2578125,2656.558349609375
2025-02-10 23:00:00+00:00,97451.40625,2661.315673828125
2025-02-11 00:00:00+00:00,97843.3671875,2700.396240234375
2025-02-11 01:00:00+00:00,98063.078125,2698.06298828125
2025-02-11 02:00:00+00:00,97788.65625,2682.07080078125
2025-02-11 03:00:00+00:00,97622.28125,2679.02294921875
2025-02-11 04:00:00+00:00,98095.4296875,2693.780517578125
2025-02-11 05:00:00+00:00,98457.2890625,2720.99169921875
2025-02-11 06:00:00+00:00,98450.6015625,2723.34619140625
2025-02-11 07:00:00+00:00,98307.6328125,2712.72021484375
2025-02-11 08:00:00+00:00,98236.5234375,2715.9150390625
2025-02-11 09:00:00+00:00,98072.109375,2705.468505859375
2025-02-11 10:00:00+00:00,98005.5546875,2698.33203125
2025-02-11 11:00:00+00:00,98164.1640625,2708.06640625
2025-02-11 12:00:00+00:00,97827.5,2688.36767578125
2025-02-11 13:00:00+00:00,96896.2265625,2633.731689453125
2025-02-11 14:00:00+00:00,96998.9375,2666.646484375
2025-02-11 15:00:00+00:00,97030.46875,2663.4814453125
2025-02-11 16:00:00+00:00,96344.03125,2643.893798828125
2025-02-11 17:00:00+00:00,96099.7734375,2638.412841796875
2025-02-11 18:00:00+00:00,95507.0234375,2611.261962890625
2025-02-11 19:00:00+00:00,95099.53125,2592.969970703125
2025-02-11 20:00:00+00:00,95241.0625,2595.9501953125
2025-02-11 21:00:00+00:00,96247.796875,2621.09716796875
2025-02-11 22:00:00+00:00,95506.3046875,2587.45654296875
2025-02-11 23:00:00+00:00,95745.6953125,2602.828125
2025-02-12 00:00:00+00:00,96075.5703125,2612.49365234375
2025-02-12 01:00:00+00:00,96161.03125,2616.5986328125
2025-02-12 02:00:00+00:00,95481.8125,2595.1416015625
2025-02-12 03:00:00+00:00,95355.5078125,2588.034423828125
2025-02-12 04:00:00+00:00,95496.1484375,2589.810546875
2025-02-12 05:00:00+00:00,95867.5703125,2609.30029296875
2025-02-12 06:00:00+00:00,95806.0,2604.275146484375
2025-02-12 07:00:00+00:00,96051.9765625,2619.21875
2025-02-12 08:00:00+00:00,96325.3515625,2628.9404296875
2025-02-12 09:00:00+00:00,96167.140625,2631.154541015625
2025-02-12 10:00:00+00:00,95962.484375,2616.19921875
2025-02-12 11:00:00+00:00,96065.9375,2625.899169921875
2025-02-12 12:00:00+00:00,96090.0859375,2633.471923828125
2025-02-12 13:00:00+00:00,95096.5234375,2597.2900390625
2025-02-12 14:00:00+00:00,95572.625,2598.196044921875
2025-02-12 15:00:00+00:00,95778.6875,2607.48095703125
2025-02-12 16:00:00+00:00,96952.40625,2651.084716796875
2025-02-12 17:00:00+00:00,97347.0703125,2672.388916015625
2025-02-12 18:00:00+00:00,96930.75,2663.200439453125
2025-02-12 19:00:00+00:00,97193.6484375,2676.931884765625
2025-02-12 20:00:00+00:00,97034.890625,2679.118896484375
2025-02-12 21:00:00+00:00,97695.609375,2683.3720703125
2025-02-12 22:00:00+00:00,97900.7265625,2746.876220703125
2025-02-12 23:00:00+00:00,97876.3671875,2736.9072265625
2025-02-13 00:00:00+00:00,97810.3359375,2727.9638671875
2025-02-13 01:00:00+00:00,98020.3203125,2752.1611328125
2025-02-13 02:00:00+00:00,97478.359375,2739.559326171875
2025-02-13 03:00:00+00:00,97502.5390625,2743.51171875
2025-02-13 04:00:00+00:00,96862.84375,2720.231689453125
2025-02-13 05:00:00+00:00,96679.1796875,2720.583740234375
2025-02-13 06:00:00+00:00,95980.6875,2685.239501953125
2025-02-13 07:00:00+00:00,96034.5625,2680.43701171875
2025-02-13 08:00:00+00:00,95942.09375,2665.91796875
2025-02-13 09:00:00+00:00,96243.484375,2682.831787109375
2025-02-13 10:00:00+00:00,96152.9140625,2677.2353515625
2025-02-13 11:00:00+00:00,95910.921875,2654.810791015625
2025-02-13 12:00:00+00:00,95818.515625,2655.895751953125
2025-02-13 13:00:00+00:00,96139.5,2662.04833984375
2025-02-13 14:00:00+00:00,95906.03125,2638.34423828125
2025-02-13 15:00:00+00:00,95925.8671875,2648.968994140625
2025-02-13 16:00:00+00:00,95294.9765625,2623.223876953125
2025-02-13 17:00:00+00:00,95708.2109375,2632.6845703125
2025-02-13 18:00:00+00:00,95927.1796875,2637.88916015625
2025-02-13 19:00:00+00:00,95656.7265625,2642.16650390625
2025-02-13 20:00:00+00:00,96261.8359375,2650.79931640625
2025-02-13 21:00:00+00:00,96459.5390625,2666.593017578125
2025-02-13 22:00:00+00:00,96426.03125,2669.577392578125
2025-02-13 23:00:00+00:00,96623.3671875,2675.939453125
2025-02-14 00:00:00+00:00,96768.0546875,2674.628173828125
2025-02-14 01:00:00+00:00,96528.9921875,2681.4296875
2025-02-14 02:00:00+00:00,96611.65625,2692.846923828125
2025-02-14 03:00:00+00:00,97135.3046875,2714.94775390625
2025-02-14 04:00:00+00:00,96777.7421875,2700.072998046875
2025-02-14 05:00:00+00:00,96718.59375,2699.779052734375
2025-02-14 06:00:00+00:00,96852.765625,2701.27783203125
2025-02-14 07:00:00+00:00,96987.0625,2700.7158203125
2025-02-14 08:00:00+00:00,96881.6328125,2705.305908203125
2025-02-14 09:00:00+00:00,97125.2421875,2713.7294921875
2025-02-14 10:00:00+00:00,97033.7109375,2703.777099609375
2025-02-14 11:00:00+00:00,96908.1484375,2686.55712890625
2025-02-14 12:00:00+00:00,96649.3359375,2685.416259765625
2025-02-14 13:00:00+00:00,96816.3984375,2702.1328125
2025-02-14 14:00:00+00:00,97286.3125,2721.03076171875
2025-02-14 15:00:00+00:00,96957.0390625,2735.336181640625
2025-02-14 16:00:00+00:00,97517.9375,2740.923828125
2025-02-14 17:00:00+00:00,98700.9453125,2777.236083984375
2025-02-14 18:00:00+00:00,98278.984375,2757.393310546875
2025-02-14 19:00:00+00:00,97927.0,2737.73974609375
2025-02-14 20:00:00+00:00,97062.3046875,2724.0751953125
2025-02-14 21:00:00+00:00,97487.7890625,2744.635009765625
2025-02-14 22:00:00+00:00,97098.171875,2716.41796875
2025-02-14 23:00:00+00:00,97503.7109375,2726.07470703125
2025-02-15 00:00:00+00:00,97457.2109375,2715.65380859375
2025-02-15 01:00:00+00:00,97812.96875,2727.73486328125
2025-02-15 02:00:00+00:00,97839.375,2731.87841796875
2025-02-15 03:00:00+00:00,97699.7265625,2725.384765625
2025-02-15 04:00:00+00:00,97509.3046875,2720.523193359375
2025-02-15 05:00:00+00:00,97602.203125,2722.05615234375
2025-02-15 06:00:00+00:00,97488.203125,2708.5068359375
2025-02-15 07:00:00+00:00,97391.671875,2699.7099609375
2025-02-15 08:00:00+00:00,97521.625,2705.87548828125
2025-02-15 09:00:00+00:00,97559.6953125,2702.281494140625
2025-02-15 10:00:00+00:00,97694.234375,2711.317626953125
2025-02-15 11:00:00+00:00,97623.078125,2708.280517578125
2025-02-15 12:00:00+00:00,97779.9296875,2711.74951171875
2025-02-15 13:00:00+00:00,97758.671875,2708.743896484375
2025-02-15 14:00:00+00:00,97621.984375,2690.943603515625
2025-02-15 15:00:00+00:00,97640.9921875,2689.625244140625
2025-02-15 16:00:00+00:00,97533.25,2688.481689453125
2025-02-15 17:00:00+00:00,97403.1171875,2684.886474609375
2025-02-15 18:00:00+00:00,97554.2265625,2703.046142578125
2025-02-15 19:00:00+00:00,97574.125,2692.5634765625
2025-02-15 20:00:00+00:00,97521.4765625,2683.794189453125
2025-02-15 21:00:00+00:00,97673.296875,2700.600830078125
2025-02-15 22:00:00+00:00,97531.109375,2694.84619140625
2025-02-15 23:00:00+00:00,97580.4921875,2693.5625
2025-02-16 00:00:00+00:00,97626.84375,2700.799560546875
2025-02-16 01:00:00+00:00,97659.6171875,2702.060791015625
2025-02-16 02:00:00+00:00,97534.625,2691.1826171875
2025-02-16 03:00:00+00:00,97558.046875,2698.103515625
2025-02-16 04:00:00+00:00,97536.15625,2703.869384765625
2025-02-16 05:00:00+00:00,97618.9921875,2709.93359375
2025-02-16 06:00:00+00:00,97500.890625,2711.465576171875
2025-02-16 07:00:00+00:00,97243.625,2693.727294921875
2025-02-16 08:00:00+00:00,97176.921875,2696.32958984375
2025-02-16 09:00:00+00:00,97370.4921875,2706.117431640625
2025-02-16 10:00:00+00:00,97200.03125,2696.769287109375
2025-02-16 11:00:00+00:00,97338.5703125,2711.7373046875
2025-02-16 12:00:00+00:00,97133.28125,2705.473876953125
2025-02-16 13:00:00+00:00,96888.46875,2693.564697265625
2025-02-16 14:00:00+00:00,96975.265625,2692.208740234375
2025-02-16 15:00:00+00:00,96984.8046875,2696.601806640625
2025-02-16 16:00:00+00:00,97050.1875,2697.0087890625
2025-02-16 17:00:00+00:00,96954.6328125,2686.946044921875
2025-02-16 18:00:00+00:00,96919.5234375,2680.3916015625
2025-02-16 19:00:00+00:00,97065.0078125,2683.902099609375
2025-02-16 20:00:00+00:00,96927.671875,2671.543701171875
2025-02-16 21:00:00+00:00,97159.875,2686.444091796875
2025-02-16 22:00:00+00:00,96878.7421875,2679.01806640625
2025-02-16 23:00:00+00:00,96179.0078125,2663.2294921875
2025-02-17 00:00:00+00:00,96289.2890625,2670.089599609375
2025-02-17 01:00:00+00:00,96508.5078125,2680.800048828125
2025-02-17 02:00:00+00:00,96187.4375,2669.118408203125
2025-02-17 03:00:00+00:00,96230.0546875,2672.67529296875
2025-02-17 04:00:00+00:00,96094.65625,2663.530517578125
2025-02-17 05:00:00+00:00,96241.78125,2669.659912109375
2025-02-17 06:00:00+00:00,96371.0546875,2686.048583984375
2025-02-17 07:00:00+00:00,96078.15625,2685.01171875
2025-02-17 08:00:00+00:00,96156.5625,2713.039794921875
2025-02-17 09:00:00+00:00,96198.5,2733.121337890625
2025-02-17 10:00:00+00:00,96137.0546875,2750.755615234375
2025-02-17 11:00:00+00:00,96065.359375,2753.763427734375
2025-02-17 12:00:00+00:00,96451.7578125,2768.44482421875
2025-02-17 13:00:00+00:00,96390.5859375,2778.2939453125
2025-02-17 14:00:00+00:00,96767.375,2819.662841796875
2025-02-17 15:00:00+00:00,95600.3515625,2750.3525390625
2025-02-17 16:00:00+00:00,95394.640625,2726.621826171875
2025-02-17 17:00:00+00:00,95580.140625,2738.828857421875
2025-02-17 18:00:00+00:00,95334.546875,2699.026611328125
2025-02-17 19:00:00+00:00,95568.09375,2718.914306640625
2025-02-17 20:00:00+00:00,96026.6015625,2735.615234375
2025-02-17 21:00:00+00:00,96386.9765625,2771.4921875
2025-02-17 22:00:00+00:00,95936.9375,2742.06689453125
2025-02-17 23:00:00+00:00,95774.1015625,2743.113525390625
2025-02-18 00:00:00+00:00,95595.15625,2720.188720703125
2025-02-18 01:00:00+00:00,96265.6796875,2737.53564453125
2025-02-18 02:00:00+00:00,96054.390625,2712.977783203125
2025-02-18 03:00:00+00:00,96192.21875,2711.736328125
2025-02-18 04:00:00+00:00,96056.078125,2702.031982421875
2025-02-18 05:00:00+00:00,95592.453125,2675.658447265625
2025-02-18 06:00:00+00:00,95306.8671875,2662.828369140625
2025-02-18 07:00:00+00:00,95475.21875,2672.475341796875
2025-02-18 08:00:00+00:00,95228.6484375,2666.59619140625
2025-02-18 09:00:00+00:00,95702.375,2692.489013671875
2025-02-18 10:00:00+00:00,95733.3984375,2694.831787109375
2025-02-18 11:00:00+00:00,95607.7265625,2679.52880859375
2025-02-18 12:00:00+00:00,96193.4375,2701.51025390625
2025-02-18 13:00:00+00:00,96216.2265625,2702.2626953125
2025-02-18 14:00:00+00:00,95646.015625,2690.0859375
2025-02-18 15:00:00+00:00,95501.640625,2673.092529296875
2025-02-18 16:00:00+00:00,94643.3984375,2639.312255859375
2025-02-18 17:00:00+00:00,94095.6640625,2617.493896484375
2025-02-18 18:00:00+00:00,93873.125,2633.119384765625
2025-02-18 19:00:00+00:00,94083.1953125,2634.650146484375
2025-02-18 20:00:00+00:00,94214.4453125,2633.57373046875
2025-02-18 21:00:00+00:00,94915.5546875,2648.159423828125
2025-02-18 22:00:00+00:00,95234.3828125,2656.843505859375
2025-02-18 23:00:00+00:00,95534.8125,2669.21337890625
2025-02-19 00:00:00+00:00,95269.75,2668.153564453125
2025-02-19 01:00:00+00:00,95403.3984375,2667.28955078125
2025-02-19 02:00:00+00:00,95735.453125,2690.18408203125
2025-02-19 03:00:00+00:00,95655.0078125,2692.435791015625
2025-02-19 04:00:00+00:00,95249.1171875,2667.696044921875
2025-02-19 05:00:00+00:00,95238.6953125,2684.97998046875
2025-02-19 06:00:00+00:00,95576.34375,2700.35400390625
2025-02-19 07:00:00+00:00,95731.9609375,2708.30419921875
2025-02-19 08:00:00+00:00,95621.4921875,2707.69287109375
2025-02-19 09:00:00+00:00,95947.8046875,2722.947509765625
2025-02-19 10:00:00+00:00,96304.671875,2725.64306640625
2025-02-19 11:00:00+00:00,96359.7890625,2725.419677734375
2025-02-19 12:00:00+00:00,96187.515625,2707.633056640625
2025-02-19 13:00:00+00:00,96303.8515625,2715.94775390625
2025-02-19 14:00:00+00:00,95855.46875,2694.836669921875
2025-02-19 15:00:00+00:00,95955.5859375,2696.075927734375
2025-02-19 16:00:00+00:00,96245.8359375,2709.747314453125
2025-02-19 17:00:00+00:00,96432.1640625,2712.50439453125
2025-02-19 18:00:00+00:00,95661.71875,2700.0703125
2025-02-19 19:00:00+00:00,96116.8984375,2709.885986328125
2025-02-19 20:00:00+00:00,96208.5390625,2718.065673828125
2025-02-19 21:00:00+00:00,96292.7734375,2710.642333984375
2025-02-19 22:00:00+00:00,96537.15625,2722.6845703125
2025-02-19 23:00:00+00:00,96632.6796875,2715.6826171875
2025-02-20 00:00:00+00:00,96837.078125,2729.3349609375
2025-02-20 01:00:00+00:00,96720.0078125,2718.907958984375
2025-02-20 02:00:00+00:00,97201.8671875,2743.357421875
2025-02-20 03:00:00+00:00,97083.515625,2743.634765625
2025-02-20 04:00:00+00:00,97218.125,2738.50537109375
2025-02-20 05:00:00+00:00,96919.109375,2732.861083984375
2025-02-20 06:00:00+00:00,96907.9609375,2729.27783203125
2025-02-20 07:00:00+00:00,96971.84375,2733.33056640625
2025-02-20 08:00:00+00:00,97174.8515625,2734.171142578125
2025-02-20 09:00:00+00:00,97177.8046875,2725.8896484375
2025-02-20 10:00:00+00:00,97372.9765625,2745.634765625
2025-02-20 11:00:00+00:00,97206.3984375,2741.226318359375
2025-02-20 12:00:00+00:00,97430.5078125,2741.77294921875
2025-02-20 13:00:00+00:00,97546.59375,2746.257080078125
2025-02-20 14:00:00+00:00,97054.9765625,2732.743408203125
2025-02-20 15:00:00+00:00,96919.6640625,2714.878662109375
2025-02-20 16:00:00+00:00,97556.765625,2713.832275390625
2025-02-20 17:00:00+00:00,98005.625,2734.418701171875
2025-02-20 18:00:00+00:00,98337.1328125,2739.6025390625
2025-02-20 19:00:00+00:00,98443.15625,2749.354248046875
2025-02-20 20:00:00+00:00,98423.5,2747.19970703125
2025-02-20 21:00:00+00:00,98136.078125,2728.299560546875
2025-02-20 22:00:00+00:00,98201.84375,2730.908447265625
2025-02-20 23:00:00+00:00,98337.09375,2740.022216796875
2025-02-21 00:00:00+00:00,98252.2890625,2736.814208984375
2025-02-21 01:00:00+00:00,98369.3828125,2743.968017578125
2025-02-21 02:00:00+00:00,98160.890625,2738.247802734375
2025-02-21 03:00:00+00:00,98177.390625,2743.90576171875
2025-02-21 04:00:00+00:00,98228.5859375,2750.615966796875
2025-02-21 05:00:00+00:00,98361.609375,2755.708984375
2025-02-21 06:00:00+00:00,98412.4140625,2759.630615234375
2025-02-21 07:00:00+00:00,98206.9453125,2757.138427734375
2025-02-21 08:00:00+00:00,98243.5234375,2752.157470703125
2025-02-21 09:00:00+00:00,98355.3515625,2782.442138671875
2025-02-21 10:00:00+00:00,98603.6171875,2801.600341796875
2025-02-21 11:00:00+00:00,98658.140625,2792.105224609375
2025-02-21 12:00:00+00:00,98944.734375,2804.476806640625
2025-02-21 13:00:00+00:00,99392.0,2839.962890625
2025-02-21 14:00:00+00:00,98839.71875,2807.15478515625
2025-02-21 15:00:00+00:00,98071.1015625,2718.0400390625
2025-02-21 16:00:00+00:00,98245.6640625,2737.787841796875
2025-02-21 17:00:00+00:00,97009.53125,2675.209716796875
2025-02-21 18:00:00+00:00,96547.625,2681.546630859375
2025-02-21 19:00:00+00:00,95375.4140625,2640.0390625
2025-02-21 20:00:00+00:00,94966.3125,2627.469482421875
2025-02-21 21:00:00+00:00,95339.3671875,2640.34765625
2025-02-21 22:00:00+00:00,95803.28125,2645.003173828125
2025-02-21 23:00:00+00:00,96121.2109375,2658.65625
2025-02-22 00:00:00+00:00,96161.015625,2679.226806640625
2025-02-22 01:00:00+00:00,96223.53125,2682.333251953125
2025-02-22 02:00:00+00:00,96315.7890625,2681.91748046875
2025-02-22 03:00:00+00:00,96290.859375,2673.81787109375
2025-02-22 04:00:00+00:00,96402.3046875,2682.52099609375
2025-02-22 05:00:00+00:00,96491.34375,2690.203369140625
2025-02-22 06:00:00+00:00,96399.2265625,2684.62890625
2025-02-22 07:00:00+00:00,96344.3828125,2685.24365234375
2025-02-22 08:00:00+00:00,96214.171875,2691.3388671875
2025-02-22 09:00:00+00:00,96468.9375,2712.24609375
2025-02-22 10:00:00+00:00,96488.84375,2730.973388671875
2025-02-22 11:00:00+00:00,96590.453125,2733.94384765625
2025-02-22 12:00:00+00:00,96856.4453125,2738.630859375
2025-02-22 13:00:00+00:00,96558.0078125,2724.709716796875
2025-02-22 14:00:00+00:00,96557.2109375,2736.914794921875
2025-02-22 15:00:00+00:00,96638.5390625,2779.201416015625
2025-02-22 16:00:00+00:00,96537.1015625,2774.338134765625
2025-02-22 17:00:00+00:00,96629.7734375,2786.12939453125
2025-02-22 18:00:00+00:00,96442.296875,2762.455810546875
2025-02-22 19:00:00+00:00,96627.0703125,2769.68359375
2025-02-22 20:00:00+00:00,96585.5625,2771.4755859375
2025-02-22 21:00:00+00:00,96677.328125,2767.41162109375
2025-02-22 22:00:00+00:00,96638.1015625,2768.22607421875
2025-02-22 23:00:00+00:00,96577.8046875,2764.031005859375
2025-02-23 00:00:00+00:00,96648.234375,2772.197509765625
2025-02-23 01:00:00+00:00,96484.4609375,2765.370361328125
2025-02-23 02:00:00+00:00,96428.8515625,2752.001953125
2025-02-23 03:00:00+00:00,96453.9375,2752.555908203125
2025-02-23 04:00:00+00:00,96418.375,2763.68505859375
2025-02-23 05:00:00+00:00,96239.4921875,2782.1240234375
2025-02-23 06:00:00+00:00,96351.59375,2790.14697265625
2025-02-23 07:00:00+00:00,96557.984375,2827.199951171875
2025-02-23 08:00:00+00:00,96375.4296875,2806.14990234375
2025-02-23 09:00:00+00:00,96320.21875,2810.109130859375
2025-02-23 10:00:00+00:00,96177.2109375,2806.399658203125
2025-02-23 11:00:00+00:00,96135.6328125,2796.938720703125
2025-02-23 12:00:00+00:00,95727.046875,2787.957763671875
2025-02-23 13:00:00+00:00,95948.7109375,2810.698486328125
2025-02-23 14:00:00+00:00,95696.2109375,2793.141357421875
2025-02-23 15:00:00+00:00,95469.6484375,2783.119384765625
2025-02-23 16:00:00+00:00,95500.34375,2808.33837890625
2025-02-23 17:00:00+00:00,95665.6484375,2816.402099609375
2025-02-23 18:00:00+00:00,95745.34375,2808.334228515625
2025-02-23 19:00:00+00:00,95751.15625,2807.807861328125
2025-02-23 20:00:00+00:00,95787.8671875,2804.41015625
2025-02-23 21:00:00+00:00,95768.4921875,2808.7802734375
2025-02-23 22:00:00+00:00,95865.2265625,2807.248779296875
2025-02-23 23:00:00+00:00,96277.9609375,2823.67724609375
2025-02-24 00:00:00+00:00,96296.4140625,2807.9599609375
2025-02-24 01:00:00+00:00,95980.046875,2789.908935546875
2025-02-24 02:00:00+00:00,95807.921875,2778.69873046875
2025-02-24 03:00:00+00:00,95527.703125,2721.033447265625
2025-02-24 04:00:00+00:00,95288.125,2701.598876953125
2025-02-24 05:00:00+00:00,95730.8203125,2731.307373046875
2025-02-24 06:00:00+00:00,95800.0546875,2730.108642578125
2025-02-24 07:00:00+00:00,95889.6796875,2724.1796875
2025-02-24 08:00:00+00:00,95504.3203125,2682.60302734375
2025-02-24 09:00:00+00:00,95790.734375,2701.26123046875
2025-02-24 10:00:00+00:00,95649.984375,2683.406005859375
2025-02-24 11:00:00+00:00,95831.7265625,2689.811279296875
2025-02-24 12:00:00+00:00,95774.625,2679.332275390625
2025-02-24 13:00:00+00:00,95601.734375,2675.382080078125
2025-02-24 14:00:00+00:00,94637.4921875,2653.974609375
2025-02-24 15:00:00+00:00,94246.828125,2656.8583984375
2025-02-24 16:00:00+00:00,94355.0703125,2659.893798828125
2025-02-24 17:00:00+00:00,94658.1875,2666.093017578125
2025-02-24 18:00:00+00:00,94135.8203125,2650.747314453125
2025-02-24 19:00:00+00:00,93894.8671875,2639.0068359375
2025-02-24 20:00:00+00:00,94042.59375,2640.436279296875
2025-02-24 21:00:00+00:00,93997.890625,2637.09521484375
2025-02-24 22:00:00+00:00,92523.1796875,2533.421875
2025-02-24 23:00:00+00:00,91425.1484375,2509.78369140625
2025-02-25 00:00:00+00:00,91813.9765625,2498.95458984375
2025-02-25 01:00:00+00:00,91970.921875,2493.20361328125
2025-02-25 02:00:00+00:00,92326.171875,2513.21435546875
2025-02-25 03:00:00+00:00,92197.296875,2499.940185546875
2025-02-25 04:00:00+00:00,91987.8515625,2494.735107421875
2025-02-25 05:00:00+00:00,92003.671875,2504.182861328125
2025-02-25 06:00:00+00:00,91227.8203125,2481.773681640625
2025-02-25 07:00:00+00:00,89398.484375,2370.6474609375
2025-02-25 08:00:00+00:00,89376.8203125,2399.043701171875
2025-02-25 09:00:00+00:00,88284.1796875,2386.099365234375
2025-02-25 10:00:00+00:00,88192.28125,2395.757568359375
2025-02-25 11:00:00+00:00,89198.6328125,2433.818115234375
2025-02-25 12:00:00+00:00,89261.984375,2435.19970703125
2025-02-25 13:00:00+00:00,88818.2109375,2414.146484375
2025-02-25 14:00:00+00:00,87084.9765625,2374.025146484375
2025-02-25 15:00:00+00:00,87301.0390625,2409.796630859375
2025-02-25 16:00:00+00:00,87449.515625,2418.374267578125
2025-02-25 17:00:00+00:00,87117.859375,2417.48046875
2025-02-25 18:00:00+00:00,86978.6875,2421.800048828125
2025-02-25 19:00:00+00:00,87863.0859375,2469.244873046875
2025-02-25 20:00:00+00:00,88076.6484375,2493.507080078125
2025-02-25 21:00:00+00:00,88598.2109375,2510.375
2025-02-25 22:00:00+00:00,88737.1953125,2506.037109375
2025-02-25 23:00:00+00:00,88638.890625,2493.381591796875
2025-02-26 00:00:00+00:00,88059.8046875,2473.521240234375
2025-02-26 01:00:00+00:00,88691.546875,2484.123779296875
2025-02-26 02:00:00+00:00,88931.640625,2498.056884765625
2025-02-26 03:00:00+00:00,88822.1015625,2487.963623046875
2025-02-26 04:00:00+00:00,88737.6328125,2488.26220703125
2025-02-26 05:00:00+00:00,88421.0546875,2475.987548828125
2025-02-26 06:00:00+00:00,88800.7734375,2497.743896484375
2025-02-26 07:00:00+00:00,88659.96875,2483.80419921875
2025-02-26 08:00:00+00:00,88450.0390625,2463.79541015625
2025-02-26 09:00:00+00:00,89055.546875,2487.95751953125
2025-02-26 10:00:00+00:00,89222.5390625,2493.3564453125
2025-02-26 11:00:00+00:00,88611.8515625,2463.705322265625
2025-02-26 12:00:00+00:00,87811.6484375,2430.748779296875
2025-02-26 13:00:00+00:00,87053.234375,2412.598876953125
2025-02-26 14:00:00+00:00,87432.484375,2427.158447265625
2025-02-26 15:00:00+00:00,87413.8359375,2425.753662109375
2025-02-26 16:00:00+00:00,86805.0390625,2396.559814453125
2025-02-26 17:00:00+00:00,85626.4609375,2356.054931640625
2025-02-26 18:00:00+00:00,83982.5859375,2286.009033203125
2025-02-26 19:00:00+00:00,83755.3671875,2293.515380859375
2025-02-26 20:00:00+00:00,84382.9453125,2329.70263671875
2025-02-26 21:00:00+00:00,84336.375,2331.079345703125
2025-02-26 22:00:00+00:00,84275.34375,2349.76806640625
2025-02-26 23:00:00+00:00,84070.8515625,2331.51025390625
2025-02-27 00:00:00+00:00,84642.90625,2338.199462890625
2025-02-27 01:00:00+00:00,84706.546875,2343.615478515625
2025-02-27 02:00:00+00:00,84233.265625,2331.468994140625
2025-02-27 03:00:00+00:00,85164.9921875,2332.2900390625
2025-02-27 04:00:00+00:00,85017.7109375,2308.365234375
2025-02-27 05:00:00+00:00,85825.984375,2340.91748046875
2025-02-27 06:00:00+00:00,86169.8125,2346.425537109375
2025-02-27 07:00:00+00:00,86256.140625,2356.70654296875
2025-02-27 08:00:00+00:00,85981.296875,2349.9755859375
2025-02-27 09:00:00+00:00,86044.6171875,2354.90283203125
2025-02-27 10:00:00+00:00,86892.7734375,2372.739013671875
2025-02-27 11:00:00+00:00,86640.7734375,2349.726806640625
2025-02-27 12:00:00+00:00,86222.9375,2342.7412109375
2025-02-27 13:00:00+00:00,86042.0703125,2335.528564453125
2025-02-27 14:00:00+00:00,84982.125,2306.74072265625
2025-02-27 15:00:00+00:00,85580.4296875,2326.166748046875
2025-02-27 16:00:00+00:00,84347.984375,2293.637451171875
2025-02-27 17:00:00+00:00,84459.4609375,2318.37255859375
2025-02-27 18:00:00+00:00,84702.921875,2328.01318359375
2025-02-27 19:00:00+00:00,84054.6875,2292.25732421875
2025-02-27 20:00:00+00:00,83613.7578125,2258.34716796875
2025-02-27 21:00:00+00:00,84168.375,2275.93310546875
2025-02-27 22:00:00+00:00,84515.703125,2287.210693359375
2025-02-27 23:00:00+00:00,84705.625,2305.56005859375
2025-02-28 00:00:00+00:00,84250.6875,2296.755615234375
2025-02-28 01:00:00+00:00,82081.1875,2203.033203125
2025-02-28 02:00:00+00:00,80687.6015625,2168.77490234375
2025-02-28 03:00:00+00:00,80283.3203125,2139.77197265625
2025-02-28 04:00:00+00:00,80266.171875,2134.023681640625
2025-02-28 05:00:00+00:00,79616.3828125,2111.0654296875
2025-02-28 06:00:00+00:00,79398.234375,2107.06298828125
2025-02-28 07:00:00+00:00,79049.0703125,2102.574951171875
2025-02-28 08:00:00+00:00,78942.5703125,2118.556396484375
2025-02-28 09:00:00+00:00,80267.109375,2139.648681640625
2025-02-28 10:00:00+00:00,79929.0703125,2115.385009765625
2025-02-28 11:00:00+00:00,80416.671875,2123.443115234375
2025-02-28 12:00:00+00:00,80705.6328125,2118.9619140625
2025-02-28 13:00:00+00:00,81466.1328125,2150.874267578125
2025-02-28 14:00:00+00:00,81949.625,2162.3369140625
2025-02-28 15:00:00+00:00,83971.3203125,2220.290283203125
2025-02-28 16:00:00+00:00,84407.1640625,2223.463134765625
2025-02-28 17:00:00+00:00,83610.40625,2209.762451171875
2025-02-28 18:00:00+00:00,84385.390625,2226.30029296875
2025-02-28 19:00:00+00:00,84374.546875,2227.52001953125
2025-02-28 20:00:00+00:00,84320.7578125,2218.39013671875
2025-02-28 21:00:00+00:00,84189.390625,2223.794921875
2025-02-28 22:00:00+00:00,84134.265625,2215.588623046875
2025-02-28 23:00:00+00:00,84374.015625,2235.89501953125
2025-03-01 00:00:00+00:00,83832.046875,2216.365966796875
2025-03-01 01:00:00+00:00,84626.71875,2258.514892578125
2025-03-01 02:00:00+00:00,85215.453125,2256.511474609375
2025-03-01 03:00:00+00:00,85235.5546875,2261.569580078125
2025-03-01 04:00:00+00:00,86208.6953125,2271.07666015625
2025-03-01 05:00:00+00:00,85599.203125,2255.673095703125
2025-03-01 06:00:00+00:00,85017.71875,2234.82177734375
2025-03-01 07:00:00+00:00,84726.09375,2227.17041015625
2025-03-01 08:00:00+00:00,85285.6953125,2234.437744140625
2025-03-01 09:00:00+00:00,85324.2734375,2232.145751953125
2025-03-01 10:00:00+00:00,84791.40625,2201.650390625
2025-03-01 11:00:00+00:00,84591.546875,2182.69384765625
2025-03-01 12:00:00+00:00,84754.9609375,2182.59423828125
2025-03-01 13:00:00+00:00,84457.3203125,2151.65478515625
2025-03-01 14:00:00+00:00,84664.78125,2163.94921875
2025-03-01 15:00:00+00:00,84757.4921875,2176.623291015625
2025-03-01 16:00:00+00:00,85178.40625,2206.648681640625
2025-03-01 17:00:00+00:00,85179.8828125,2196.32275390625
2025-03-01 18:00:00+00:00,85269.2578125,2211.78369140625
2025-03-01 19:00:00+00:00,85425.2734375,2222.6435546875
2025-03-01 20:00:00+00:00,85453.6015625,2222.55908203125
2025-03-01 21:00:00+00:00,85966.1484375,2228.19287109375
2025-03-01 22:00:00+00:00,86079.546875,2214.361328125
2025-03-01 23:00:00+00:00,86035.1640625,2216.521728515625
2025-03-02 00:00:00+00:00,85988.0859375,2216.393310546875
2025-03-02 01:00:00+00:00,86305.265625,2218.6611328125
2025-03-02 02:00:00+00:00,85671.1640625,2207.644287109375
2025-03-02 03:00:00+00:00,85876.8125,2220.705322265625
2025-03-02 04:00:00+00:00,85680.6953125,2224.5625
2025-03-02 05:00:00+00:00,85900.9765625,2228.967041015625
2025-03-02 06:00:00+00:00,86237.953125,2222.906982421875
2025-03-02 07:00:00+00:00,86202.1796875,2221.304443359375
2025-03-02 08:00:00+00:00,85747.6796875,2212.385986328125
2025-03-02 09:00:00+00:00,85966.28125,2243.35693359375
2025-03-02 10:00:00+00:00,85953.0546875,2246.302001953125
2025-03-02 11:00:00+00:00,86088.3046875,2238.63525390625
2025-03-02 12:00:00+00:00,85935.671875,2230.9296875
2025-03-02 13:00:00+00:00,85609.3125,2210.941162109375
2025-03-02 14:00:00+00:00,85058.875,2195.87060546875
2025-03-02 15:00:00+00:00,87533.5859375,2232.3076171875
2025-03-02 16:00:00+00:00,91515.8515625,2458.48046875
2025-03-02 17:00:00+00:00,94013.328125,2477.2021484375
2025-03-02 18:00:00+00:00,92928.203125,2474.88525390625
2025-03-02 19:00:00+00:00,93525.1015625,2486.79248046875
2025-03-02 20:00:00+00:00,94421.734375,2509.72998046875
2025-03-02 21:00:00+00:00,94161.7890625,2528.2822265625
2025-03-02 22:00:00+00:00,94450.453125,2544.376953125
2025-03-02 23:00:00+00:00,94260.5625,2519.017578125
2025-03-03 00:00:00+00:00,93371.1328125,2465.748046875
2025-03-03 01:00:00+00:00,93088.609375,2459.787353515625
2025-03-03 02:00:00+00:00,93272.4140625,2445.773193359375
2025-03-03 03:00:00+00:00,92698.84375,2440.480712890625
2025-03-03 04:00:00+00:00,92818.953125,2450.034912109375
2025-03-03 05:00:00+00:00,93231.8203125,2448.767822265625
2025-03-03 06:00:00+00:00,91387.09375,2364.431884765625
2025-03-03 07:00:00+00:00,92395.4609375,2387.508544921875
2025-03-03 08:00:00+00:00,91341.0703125,2341.557373046875
2025-03-03 09:00:00+00:00,91879.140625,2350.310791015625
2025-03-03 10:00:00+00:00,92493.390625,2358.760498046875
2025-03-03 11:00:00+00:00,92667.03125,2355.607177734375
2025-03-03 12:00:00+00:00,92971.6171875,2366.3369140625
2025-03-03 13:00:00+00:00,93450.296875,2374.097900390625
2025-03-03 14:00:00+00:00,89657.6796875,2289.3466796875
2025-03-03 15:00:00+00:00,90045.546875,2286.753662109375
2025-03-03 16:00:00+00:00,90150.109375,2278.92724609375
2025-03-03 17:00:00+00:00,90238.265625,2274.59423828125
2025-03-03 18:00:00+00:00,87175.28125,2194.77880859375
2025-03-03 19:00:00+00:00,85657.0546875,2112.03466796875
2025-03-03 20:00:00+00:00,85929.8828125,2128.83203125
2025-03-03 21:00:00+00:00,85105.40625,2104.354736328125
2025-03-03 22:00:00+00:00,86709.2109375,2169.6015625
2025-03-03 23:00:00+00:00,86079.8203125,2145.65283203125
2025-03-04 00:00:00+00:00,86025.7265625,2130.220458984375
2025-03-04 01:00:00+00:00,83278.0390625,2057.5703125
2025-03-04 02:00:00+00:00,83974.6015625,2068.82958984375
2025-03-04 03:00:00+00:00,84031.1875,2076.01220703125
2025-03-04 04:00:00+00:00,83537.5859375,2086.7744140625
2025-03-04 05:00:00+00:00,84237.296875,2107.06640625
2025-03-04 06:00:00+00:00,83824.1015625,2098.969482421875
2025-03-04 07:00:00+00:00,83106.3828125,2077.58837890625
2025-03-04 08:00:00+00:00,83836.3125,2096.529541015625
2025-03-04 09:00:00+00:00,83712.28125,2089.334716796875
2025-03-04 10:00:00+00:00,83910.578125,2099.3720703125
2025-03-04 11:00:00+00:00,83919.5859375,2102.2685546875
2025-03-04 12:00:00+00:00,83773.7734375,2103.607666015625
2025-03-04 13:00:00+00:00,82667.4921875,2058.625
2025-03-04 14:00:00+00:00,83668.90625,2091.426025390625
2025-03-04 15:00:00+00:00,82764.75,2071.37548828125
2025-03-04 16:00:00+00:00,83612.578125,2065.53076171875
2025-03-04 17:00:00+00:00,85285.953125,2115.028564453125
2025-03-04 18:00:00+00:00,86832.3359375,2151.3251953125
2025-03-04 19:00:00+00:00,88205.2109375,2170.833251953125
2025-03-04 20:00:00+00:00,86717.046875,2136.519287109375
2025-03-04 21:00:00+00:00,87414.578125,2176.236328125
2025-03-04 22:00:00+00:00,87487.8828125,2170.397705078125
2025-03-04 23:00:00+00:00,87214.703125,2169.98681640625
2025-03-05 00:00:00+00:00,86752.53125,2162.2724609375
2025-03-05 01:00:00+00:00,87596.6015625,2186.237060546875
2025-03-05 02:00:00+00:00,87499.7890625,2181.582763671875
2025-03-05 03:00:00+00:00,87157.25,2168.435546875
2025-03-05 04:00:00+00:00,86871.109375,2171.48046875
2025-03-05 05:00:00+00:00,87125.46875,2179.29833984375
2025-03-05 06:00:00+00:00,87489.7109375,2190.5126953125
2025-03-05 07:00:00+00:00,87645.96875,2209.04052734375
2025-03-05 08:00:00+00:00,87704.8984375,2213.380615234375
2025-03-05 09:00:00+00:00,88472.4609375,2239.26220703125
2025-03-05 10:00:00+00:00,89995.8046875,2238.52685546875
2025-03-05 11:00:00+00:00,89764.7734375,2215.678466796875
2025-03-05 12:00:00+00:00,90336.7109375,2214.6689453125
2025-03-05 13:00:00+00:00,89484.78125,2205.891357421875
2025-03-05 14:00:00+00:00,88451.25,2169.842529296875
2025-03-05 15:00:00+00:00,88401.6484375,2188.157470703125
2025-03-05 16:00:00+00:00,89027.859375,2192.81298828125
2025-03-05 17:00:00+00:00,89736.671875,2193.208251953125
2025-03-05 18:00:00+00:00,89727.0234375,2206.197998046875
2025-03-05 19:00:00+00:00,89806.296875,2220.468505859375
2025-03-05 20:00:00+00:00,90299.5390625,2229.8701171875
2025-03-05 21:00:00+00:00,90385.6328125,2236.8291015625
2025-03-05 22:00:00+00:00,90503.2578125,2240.756591796875
2025-03-05 23:00:00+00:00,90622.359375,2241.906494140625
2025-03-06 00:00:00+00:00,90014.40625,2237.703125
2025-03-06 01:00:00+00:00,91088.4453125,2261.03271484375
2025-03-06 02:00:00+00:00,91830.125,2286.225341796875
2025-03-06 03:00:00+00:00,91573.2578125,2290.0126953125
2025-03-06 04:00:00+00:00,92298.1171875,2298.517578125
2025-03-06 05:00:00+00:00,92790.6953125,2318.5009765625
2025-03-06 06:00:00+00:00,91927.28125,2292.953369140625
2025-03-06 07:00:00+00:00,91348.1953125,2285.432373046875
2025-03-06 08:00:00+00:00,91263.921875,2297.072021484375
2025-03-06 09:00:00+00:00,90729.6015625,2283.0361328125
2025-03-06 10:00:00+00:00,91305.640625,2295.118896484375
2025-03-06 11:00:00+00:00,91345.90625,2295.6484375
2025-03-06 12:00:00+00:00,90213.734375,2267.317138671875
2025-03-06 13:00:00+00:00,89744.9140625,2249.458984375
2025-03-06 14:00:00+00:00,89676.4375,2222.77685546875
2025-03-06 15:00:00+00:00,90799.7734375,2255.76953125
2025-03-06 16:00:00+00:00,89384.546875,2225.863525390625
2025-03-06 17:00:00+00:00,88692.0,2191.960693359375
2025-03-06 18:00:00+00:00,88398.8984375,2199.24267578125
2025-03-06 19:00:00+00:00,88649.78125,2200.4736328125
2025-03-06 20:00:00+00:00,89151.0859375,2202.942138671875
2025-03-06 21:00:00+00:00,89535.140625,2210.434814453125
2025-03-06 22:00:00+00:00,90371.9296875,2214.371337890625
2025-03-06 23:00:00+00:00,89939.6953125,2202.498291015625
2025-03-07 00:00:00+00:00,85555.5703125,2118.65185546875
2025-03-07 01:00:00+00:00,88077.8828125,2172.679443359375
2025-03-07 02:00:00+00:00,87352.15625,2161.774169921875
2025-03-07 03:00:00+00:00,87044.4921875,2149.305908203125
2025-03-07 04:00:00+00:00,87725.75,2158.212890625
2025-03-07 05:00:00+00:00,88194.0390625,2174.818359375
2025-03-07 06:00:00+00:00,88185.34375,2182.455810546875
2025-03-07 07:00:00+00:00,88309.765625,2190.81396484375
2025-03-07 08:00:00+00:00,88398.953125,2186.722412109375
2025-03-07 09:00:00+00:00,88965.375,2194.5283203125
2025-03-07 10:00:00+00:00,89211.1875,2194.864013671875
2025-03-07 11:00:00+00:00,88943.453125,2196.357421875
2025-03-07 12:00:00+00:00,89111.40625,2178.82177734375
2025-03-07 13:00:00+00:00,89316.9609375,2197.205078125
2025-03-07 14:00:00+00:00,90461.6328125,2225.682373046875
2025-03-07 15:00:00+00:00,88445.3125,2207.771484375
2025-03-07 16:00:00+00:00,87027.671875,2155.143310546875
2025-03-07 17:00:00+00:00,87475.8359375,2160.872802734375
2025-03-07 18:00:00+00:00,88522.3203125,2194.41748046875
2025-03-07 19:00:00+00:00,87831.1328125,2175.00390625
2025-03-07 20:00:00+00:00,87073.0859375,2160.671875
2025-03-07 21:00:00+00:00,86367.4453125,2139.154541015625
2025-03-07 22:00:00+00:00,86755.3359375,2144.67626953125
2025-03-07 23:00:00+00:00,86735.1015625,2139.7978515625
2025-03-08 00:00:00+00:00,86751.8203125,2151.11865234375
2025-03-08 01:00:00+00:00,86018.5859375,2131.3154296875
2025-03-08 02:00:00+00:00,86179.609375,2142.05224609375
2025-03-08 03:00:00+00:00,85973.9140625,2139.038330078125
2025-03-08 04:00:00+00:00,86432.28125,2150.734130859375
2025-03-08 05:00:00+00:00,86260.0859375,2140.104248046875
2025-03-08 06:00:00+00:00,86439.421875,2138.059814453125
2025-03-08 07:00:00+00:00,86158.4375,2137.44921875
2025-03-08 08:00:00+00:00,86055.0703125,2128.570068359375
2025-03-08 09:00:00+00:00,85883.7734375,2127.841064453125
2025-03-08 10:00:00+00:00,86113.2734375,2139.474365234375
2025-03-08 11:00:00+00:00,85908.1796875,2139.555419921875
2025-03-08 12:00:00+00:00,86201.09375,2169.4921875
2025-03-08 13:00:00+00:00,86302.4296875,2188.869384765625
2025-03-08 14:00:00+00:00,86320.015625,2177.83984375
2025-03-08 15:00:00+00:00,86357.7734375,2180.4423828125
2025-03-08 16:00:00+00:00,86081.6171875,2188.091064453125
2025-03-08 17:00:00+00:00,85918.03125,2198.73095703125
2025-03-08 18:00:00+00:00,86011.6328125,2208.185302734375
2025-03-08 19:00:00+00:00,86203.9453125,2225.10986328125
2025-03-08 20:00:00+00:00,86266.25,2213.37939453125
2025-03-08 21:00:00+00:00,86204.2109375,2215.418212890625
2025-03-08 22:00:00+00:00,86190.875,2205.25537109375
2025-03-08 23:00:00+00:00,86153.03125,2201.708740234375
2025-03-09 00:00:00+00:00,86417.125,2205.842529296875
2025-03-09 01:00:00+00:00,86154.484375,2190.89404296875
2025-03-09 02:00:00+00:00,85995.40625,2182.06884765625
2025-03-09 03:00:00+00:00,86132.6953125,2186.5087890625
2025-03-09 04:00:00+00:00,86056.6953125,2189.58837890625
2025-03-09 05:00:00+00:00,86008.6328125,2181.982177734375
2025-03-09 06:00:00+00:00,85871.8671875,2177.589599609375
2025-03-09 07:00:00+00:00,85966.078125,2184.419189453125
2025-03-09 08:00:00+00:00,85802.2734375,2176.97509765625
2025-03-09 09:00:00+00:00,85505.1640625,2163.504638671875
2025-03-09 10:00:00+00:00,84854.5859375,2134.4306640625
2025-03-09 11:00:00+00:00,85021.28125,2146.727783203125
2025-03-09 12:00:00+00:00,84537.2109375,2140.1240234375
2025-03-09 13:00:00+00:00,83788.1953125,2119.52490234375
2025-03-09 14:00:00+00:00,83594.875,2115.8427734375
2025-03-09 15:00:00+00:00,83052.2109375,2096.125244140625
2025-03-09 16:00:00+00:00,82535.21875,2053.0634765625
2025-03-09 17:00:00+00:00,82289.1640625,2020.84912109375
2025-03-09 18:00:00+00:00,82697.8125,2023.6170654296875
2025-03-09 19:00:00+00:00,82561.703125,2041.991455078125
2025-03-09 20:00:00+00:00,83050.171875,2046.6251220703125
2025-03-09 21:00:00+00:00,81810.59375,2020.3101806640625
2025-03-09 22:00:00+00:00,80552.4140625,2016.1763916015625
2025-03-09 23:00:00+00:00,80576.40625,2015.430419921875
2025-03-10 00:00:00+00:00,81258.703125,2037.3382568359375
2025-03-10 01:00:00+00:00,81737.1796875,2043.871337890625
2025-03-10 02:00:00+00:00,82169.421875,2057.1357421875
2025-03-10 03:00:00+00:00,82018.3359375,2057.99951171875
2025-03-10 04:00:00+00:00,82623.59375,2072.51220703125
2025-03-10 05:00:00+00:00,82306.625,2066.13818359375
2025-03-10 06:00:00+00:00,82358.8515625,2066.93212890625
2025-03-10 07:00:00+00:00,82315.0234375,2074.54541015625
2025-03-10 08:00:00+00:00,81329.359375,2061.57275390625
2025-03-10 09:00:00+00:00,82369.4375,2098.540283203125
2025-03-10 10:00:00+00:00,82315.109375,2100.777099609375
2025-03-10 11:00:00+00:00,83615.34375,2136.038330078125
2025-03-10 12:00:00+00:00,83314.4375,2125.46044921875
2025-03-10 13:00:00+00:00,81565.6796875,2085.724609375
2025-03-10 14:00:00+00:00,79592.9609375,2008.6153564453125
2025-03-10 15:00:00+00:00,80071.046875,2022.4537353515625
2025-03-10 16:00:00+00:00,79143.328125,2008.11572265625
2025-03-10 17:00:00+00:00,78535.3828125,1920.912109375
2025-03-10 18:00:00+00:00,77535.15625,1836.3499755859375
2025-03-10 19:00:00+00:00,78910.546875,1861.04296875
2025-03-10 20:00:00+00:00,79364.0078125,1874.6136474609375
2025-03-10 21:00:00+00:00,79573.90625,1889.7198486328125
2025-03-10 22:00:00+00:00,79502.7421875,1880.006103515625
2025-03-10 23:00:00+00:00,78569.90625,1859.7777099609375
2025-03-11 00:00:00+00:00,77467.640625,1804.284423828125
2025-03-11 01:00:00+00:00,78985.453125,1853.4241943359375
2025-03-11 02:00:00+00:00,79343.046875,1860.76953125
2025-03-11 03:00:00+00:00,79451.7734375,1847.43994140625
2025-03-11 04:00:00+00:00,79742.3984375,1869.0968017578125
2025-03-11 05:00:00+00:00,80213.359375,1893.3184814453125
2025-03-11 06:00:00+00:00,80145.7734375,1885.469970703125
2025-03-11 07:00:00+00:00,80423.3125,1906.605224609375
2025-03-11 08:00:00+00:00,81117.4765625,1906.02685546875
2025-03-11 09:00:00+00:00,81494.078125,1917.9539794921875
2025-03-11 10:00:00+00:00,81781.625,1921.18017578125
2025-03-11 11:00:00+00:00,81693.25,1912.962158203125
2025-03-11 12:00:00+00:00,81272.6015625,1894.379638671875
2025-03-11 13:00:00+00:00,81030.8203125,1906.750244140625
2025-03-11 14:00:00+00:00,79742.0,1867.8885498046875
2025-03-11 15:00:00+00:00,81285.9140625,1914.357177734375
2025-03-11 16:00:00+00:00,81315.65625,1917.558837890625
2025-03-11 17:00:00+00:00,81263.265625,1902.4439697265625
2025-03-11 18:00:00+00:00,83191.734375,1951.89111328125
2025-03-11 19:00:00+00:00,82996.8828125,1949.9547119140625
2025-03-11 20:00:00+00:00,82848.078125,1938.3701171875
2025-03-11 21:00:00+00:00,83045.484375,1939.2706298828125
2025-03-11 22:00:00+00:00,83200.3203125,1945.468994140625
2025-03-11 23:00:00+00:00,82843.734375,1919.664794921875
2025-03-12 00:00:00+00:00,82737.0234375,1911.7222900390625
2025-03-12 01:00:00+00:00,83278.796875,1921.47509765625
2025-03-12 02:00:00+00:00,82378.8203125,1891.753173828125
2025-03-12 03:00:00+00:00,82135.1953125,1870.560791015625
2025-03-12 04:00:00+00:00,81761.1015625,1865.7294921875
2025-03-12 05:00:00+00:00,81972.265625,1879.292236328125
2025-03-12 06:00:00+00:00,81459.2421875,1871.0379638671875
2025-03-12 07:00:00+00:00,82402.3671875,1912.401123046875
2025-03-12 08:00:00+00:00,82666.53125,1929.9019775390625
2025-03-12 09:00:00+00:00,82632.7734375,1891.234375
2025-03-12 10:00:00+00:00,82461.5390625,1899.8804931640625
2025-03-12 11:00:00+00:00,82992.484375,1918.0611572265625
2025-03-12 12:00:00+00:00,83981.4921875,1929.02099609375
2025-03-12 13:00:00+00:00,82637.3515625,1886.4393310546875
2025-03-12 14:00:00+00:00,81583.140625,1861.54541015625
2025-03-12 15:00:00+00:00,81690.6796875,1868.3587646484375
2025-03-12 16:00:00+00:00,82039.328125,1874.06982421875
2025-03-12 17:00:00+00:00,81872.828125,1867.0596923828125
2025-03-12 18:00:00+00:00,82514.015625,1877.6893310546875
2025-03-12 19:00:00+00:00,83055.46875,1883.27783203125
2025-03-12 20:00:00+00:00,83108.7109375,1891.0743408203125
2025-03-12 21:00:00+00:00,82980.1796875,1892.41650390625
2025-03-12 22:00:00+00:00,83653.953125,1910.52001953125
2025-03-12 23:00:00+00:00,83691.9375,1909.015380859375
2025-03-13 00:00:00+00:00,83463.96875,1900.7598876953125
2025-03-13 01:00:00+00:00,83950.2265625,1907.526611328125
2025-03-13 02:00:00+00:00,83776.1796875,1892.95166015625
2025-03-13 03:00:00+00:00,83572.59375,1887.01806640625
2025-03-13 04:00:00+00:00,83270.6796875,1873.2685546875
2025-03-13 05:00:00+00:00,83152.875,1868.109375
2025-03-13 06:00:00+00:00,83294.515625,1869.00732421875
2025-03-13 07:00:00+00:00,83177.5625,1873.5802001953125
2025-03-13 08:00:00+00:00,83020.7421875,1875.2598876953125
2025-03-13 09:00:00+00:00,83399.921875,1891.6400146484375
2025-03-13 10:00:00+00:00,83138.2734375,1899.6083984375
2025-03-13 11:00:00+00:00,82837.328125,1896.4769287109375
2025-03-13 12:00:00+00:00,82444.0859375,1894.5076904296875
2025-03-13 13:00:00+00:00,81725.8359375,1869.74072265625
2025-03-13 14:00:00+00:00,81962.234375,1884.3564453125
2025-03-13 15:00:00+00:00,81059.4375,1873.1705322265625
2025-03-13 16:00:00+00:00,80760.9140625,1854.540283203125
2025-03-13 17:00:00+00:00,79976.3671875,1824.22705078125
2025-03-13 18:00:00+00:00,80788.4296875,1849.81298828125
2025-03-13 19:00:00+00:00,80251.234375,1854.43359375
2025-03-13 20:00:00+00:00,80332.5234375,1844.9586181640625
2025-03-13 21:00:00+00:00,80737.2578125,1856.16357421875
2025-03-13 22:00:00+00:00,81337.1484375,1878.8372802734375
2025-03-13 23:00:00+00:00,81099.375,1861.781494140625
2025-03-14 00:00:00+00:00,81578.796875,1876.3162841796875
2025-03-14 01:00:00+00:00,81566.78125,1880.9429931640625
2025-03-14 02:00:00+00:00,82075.71875,1892.9873046875
2025-03-14 03:00:00+00:00,81852.265625,1887.5855712890625
2025-03-14 04:00:00+00:00,81944.296875,1891.4171142578125
2025-03-14 05:00:00+00:00,82131.671875,1894.7606201171875
2025-03-14 06:00:00+00:00,82012.125,1895.6763916015625
2025-03-14 07:00:00+00:00,82242.9140625,1894.7764892578125
2025-03-14 08:00:00+00:00,82581.1796875,1895.7698974609375
2025-03-14 09:00:00+00:00,82778.734375,1894.135986328125
2025-03-14 10:00:00+00:00,83024.875,1898.3863525390625
2025-03-14 11:00:00+00:00,83294.6953125,1903.677001953125
2025-03-14 12:00:00+00:00,83407.578125,1900.1929931640625
2025-03-14 13:00:00+00:00,83581.6015625,1904.43017578125
2025-03-14 14:00:00+00:00,83446.1015625,1917.742919921875
2025-03-14 15:00:00+00:00,84746.7265625,1920.997802734375
2025-03-14 16:00:00+00:00,84779.875,1935.9190673828125
2025-03-14 17:00:00+00:00,84346.9921875,1933.9891357421875
2025-03-14 18:00:00+00:00,84600.0078125,1935.619873046875
2025-03-14 19:00:00+00:00,84609.84375,1936.3038330078125
2025-03-14 20:00:00+00:00,84184.984375,1925.20654296875
2025-03-14 21:00:00+00:00,84204.203125,1922.88232421875
2025-03-14 22:00:00+00:00,84438.4375,1928.6265869140625
2025-03-14 23:00:00+00:00,83977.375,1909.528076171875
2025-03-15 00:00:00+00:00,84326.9765625,1916.3712158203125
2025-03-15 01:00:00+00:00,84352.7421875,1911.185546875
2025-03-15 02:00:00+00:00,84567.4765625,1914.3043212890625
2025-03-15 03:00:00+00:00,84468.109375,1920.606689453125
2025-03-15 04:00:00+00:00,84505.234375,1932.60546875
2025-03-15 05:00:00+00:00,84297.6875,1929.75244140625
2025-03-15 06:00:00+00:00,84188.578125,1927.83740234375
2025-03-15 07:00:00+00:00,83839.515625,1918.2076416015625
2025-03-15 08:00:00+00:00,83888.1796875,1920.1571044921875
2025-03-15 09:00:00+00:00,83947.3046875,1925.3526611328125
2025-03-15 10:00:00+00:00,83917.5,1928.3541259765625
2025-03-15 11:00:00+00:00,84126.5625,1931.1475830078125
2025-03-15 12:00:00+00:00,84139.5546875,1924.3885498046875
2025-03-15 13:00:00+00:00,84463.7578125,1931.3782958984375
2025-03-15 14:00:00+00:00,84151.0390625,1927.140869140625
2025-03-15 15:00:00+00:00,84352.6640625,1936.9449462890625
2025-03-15 16:00:00+00:00,84346.265625,1939.362060546875
2025-03-15 17:00:00+00:00,84414.0625,1940.20458984375
2025-03-15 18:00:00+00:00,84214.15625,1933.286865234375
2025-03-15 19:00:00+00:00,84284.9609375,1937.072265625
2025-03-15 20:00:00+00:00,84367.40625,1943.71044921875
2025-03-15 21:00:00+00:00,84398.9609375,1950.8660888671875
2025-03-15 22:00:00+00:00,84397.53125,1943.613525390625
2025-03-15 23:00:00+00:00,84343.4453125,1937.384765625
2025-03-16 00:00:00+00:00,84268.40625,1933.0263671875
2025-03-16 01:00:00+00:00,83923.203125,1922.8804931640625
2025-03-16 02:00:00+00:00,83972.4375,1923.37646484375
2025-03-16 03:00:00+00:00,84315.3984375,1927.9346923828125
2025-03-16 04:00:00+00:00,84402.9140625,1927.418212890625
2025-03-16 05:00:00+00:00,84370.25,1931.346923828125
2025-03-16 06:00:00+00:00,84248.8203125,1930.3084716796875
2025-03-16 07:00:00+00:00,84268.8515625,1925.761962890625
2025-03-16 08:00:00+00:00,84269.3984375,1922.8623046875
2025-03-16 09:00:00+00:00,83906.2421875,1910.0689697265625
2025-03-16 10:00:00+00:00,83695.0,1905.25048828125
2025-03-16 11:00:00+00:00,82430.28125,1873.98681640625
2025-03-16 12:00:00+00:00,82785.9609375,1883.077880859375
2025-03-16 13:00:00+00:00,82571.0390625,1879.470947265625
2025-03-16 14:00:00+00:00,83325.1015625,1895.1834716796875
2025-03-16 15:00:00+00:00,83346.25,1895.800048828125
2025-03-16 16:00:00+00:00,83537.890625,1904.778076171875
2025-03-16 17:00:00+00:00,83886.9296875,1909.1231689453125
2025-03-16 18:00:00+00:00,83656.34375,1894.4248046875
2025-03-16 19:00:00+00:00,83061.34375,1879.9219970703125
2025-03-16 20:00:00+00:00,83151.4375,1892.79833984375
2025-03-16 21:00:00+00:00,82736.6953125,1887.57666015625
2025-03-16 22:00:00+00:00,82135.6796875,1878.4493408203125
2025-03-16 23:00:00+00:00,82576.3359375,1887.44921875
2025-03-17 00:00:00+00:00,83053.0234375,1902.677734375
2025-03-17 01:00:00+00:00,83217.6328125,1904.2459716796875
2025-03-17 02:00:00+00:00,83271.90625,1908.655517578125
2025-03-17 03:00:00+00:00,83700.8125,1910.3367919921875
2025-03-17 04:00:00+00:00,83582.8125,1903.8486328125
2025-03-17 05:00:00+00:00,83154.734375,1896.228271484375
2025-03-17 06:00:00+00:00,83217.1328125,1893.685302734375
2025-03-17 07:00:00+00:00,83521.328125,1900.798583984375
2025-03-17 08:00:00+00:00,83583.2734375,1903.42919921875
2025-03-17 09:00:00+00:00,83634.953125,1909.8419189453125
2025-03-17 10:00:00+00:00,83315.6796875,1912.8189697265625
2025-03-17 11:00:00+00:00,83574.890625,1911.30322265625
2025-03-17 12:00:00+00:00,83112.5,1908.80859375
2025-03-17 13:00:00+00:00,83026.0859375,1899.13134765625
2025-03-17 14:00:00+00:00,82930.125,1900.9208984375
2025-03-17 15:00:00+00:00,83540.578125,1919.0780029296875
2025-03-17 16:00:00+00:00,83452.4921875,1914.4447021484375
2025-03-17 17:00:00+00:00,84228.1796875,1931.4373779296875
2025-03-17 18:00:00+00:00,84517.3359375,1948.5679931640625
2025-03-17 19:00:00+00:00,84482.6953125,1941.7750244140625
2025-03-17 20:00:00+00:00,83887.921875,1934.0767822265625
2025-03-17 21:00:00+00:00,84076.0703125,1942.321044921875
2025-03-17 22:00:00+00:00,84107.6328125,1934.130859375
2025-03-17 23:00:00+00:00,84075.71875,1927.0057373046875
2025-03-18 00:00:00+00:00,83786.703125,1922.036376953125
2025-03-18 01:00:00+00:00,83083.734375,1901.8304443359375
2025-03-18 02:00:00+00:00,83445.5,1914.18505859375
2025-03-18 03:00:00+00:00,83120.5234375,1900.9249267578125
2025-03-18 04:00:00+00:00,82965.6015625,1903.178466796875
2025-03-18 05:00:00+00:00,82981.3671875,1906.589599609375
2025-03-18 06:00:00+00:00,82469.5234375,1898.712890625
2025-03-18 07:00:00+00:00,83156.2734375,1904.988525390625
2025-03-18 08:00:00+00:00,83248.1953125,1907.70068359375
2025-03-18 09:00:00+00:00,82831.6171875,1903.1497802734375
2025-03-18 10:00:00+00:00,82744.7265625,1894.0421142578125
2025-03-18 11:00:00+00:00,82590.125,1892.7218017578125
2025-03-18 12:00:00+00:00,82376.7265625,1895.62158203125
2025-03-18 13:00:00+00:00,81241.859375,1878.7764892578125
2025-03-18 14:00:00+00:00,81799.0,1891.9720458984375
2025-03-18 15:00:00+00:00,81558.828125,1879.7637939453125
2025-03-18 16:00:00+00:00,81846.125,1887.8184814453125
2025-03-18 17:00:00+00:00,81379.7734375,1878.688720703125
2025-03-18 18:00:00+00:00,81820.421875,1888.1829833984375
2025-03-18 19:00:00+00:00,82428.3515625,1906.9052734375
2025-03-18 20:00:00+00:00,81996.4375,1905.329833984375
2025-03-18 21:00:00+00:00,81987.9296875,1910.0133056640625
2025-03-18 22:00:00+00:00,82436.15625,1918.1446533203125
2025-03-18 23:00:00+00:00,82718.8046875,1932.5445556640625
2025-03-19 00:00:00+00:00,82977.6796875,1943.012939453125
2025-03-19 01:00:00+00:00,82708.3828125,1933.329833984375
2025-03-19 02:00:00+00:00,82858.40625,1932.1614990234375
2025-03-19 03:00:00+00:00,83053.9140625,1938.3677978515625
2025-03-19 04:00:00+00:00,82957.0859375,1932.947509765625
2025-03-19 05:00:00+00:00,83239.0234375,1939.3292236328125
2025-03-19 06:00:00+00:00,83190.6796875,1939.124755859375
2025-03-19 07:00:00+00:00,83184.4296875,1931.52978515625
2025-03-19 08:00:00+00:00,83419.5625,1940.8011474609375
2025-03-19 09:00:00+00:00,83528.375,1943.0743408203125
2025-03-19 10:00:00+00:00,83490.3125,1975.0098876953125
2025-03-19 11:00:00+00:00,83870.390625,2028.9769287109375
2025-03-19 12:00:00+00:00,83773.1875,2002.7786865234375
2025-03-19 13:00:00+00:00,84198.3046875,2016.428955078125
2025-03-19 14:00:00+00:00,84285.2265625,2031.5050048828125
2025-03-19 15:00:00+00:00,84726.921875,2050.14013671875
2025-03-19 16:00:00+00:00,84595.0,2048.197265625
2025-03-19 17:00:00+00:00,84153.84375,2027.2080078125
2025-03-19 18:00:00+00:00,85773.8359375,2047.6639404296875
2025-03-19 19:00:00+00:00,85317.53125,2028.4315185546875
2025-03-19 20:00:00+00:00,85309.1640625,2032.4774169921875
2025-03-19 21:00:00+00:00,85585.96875,2039.8974609375
2025-03-19 22:00:00+00:00,86191.578125,2049.608642578125
2025-03-19 23:00:00+00:00,86872.953125,2057.951171875
2025-03-20 00:00:00+00:00,86173.6640625,2035.9124755859375
2025-03-20 01:00:00+00:00,85861.0,2026.58447265625
2025-03-20 02:00:00+00:00,86084.1640625,2033.5977783203125
2025-03-20 03:00:00+00:00,85890.8671875,2023.1563720703125
2025-03-20 04:00:00+00:00,85656.3671875,2021.488525390625
2025-03-20 05:00:00+00:00,85831.9296875,2018.5784912109375
2025-03-20 06:00:00+00:00,85810.8046875,2014.1484375
2025-03-20 07:00:00+00:00,85840.359375,2009.0245361328125
2025-03-20 08:00:00+00:00,86277.96875,2021.1551513671875
2025-03-20 09:00:00+00:00,85850.390625,2005.3023681640625
2025-03-20 10:00:00+00:00,85197.8515625,1982.65087890625
2025-03-20 11:00:00+00:00,85451.2109375,1990.266357421875
2025-03-20 12:00:00+00:00,85324.84375,1996.3564453125
2025-03-20 13:00:00+00:00,85414.2109375,1982.4921875
2025-03-20 14:00:00+00:00,86020.2265625,2000.6357421875
2025-03-20 15:00:00+00:00,84720.1484375,1972.047119140625
2025-03-20 16:00:00+00:00,83713.7265625,1957.8858642578125
2025-03-20 17:00:00+00:00,84018.6796875,1968.8123779296875
2025-03-20 18:00:00+00:00,83976.6640625,1969.747314453125
2025-03-20 19:00:00+00:00,84188.125,1975.827392578125
2025-03-20 20:00:00+00:00,84499.8046875,1978.125
2025-03-20 21:00:00+00:00,84311.0390625,1975.0576171875
2025-03-20 22:00:00+00:00,84097.5,1974.761962890625
2025-03-20 23:00:00+00:00,84164.5390625,1981.85302734375
2025-03-21 00:00:00+00:00,84428.0,1990.528076171875
2025-03-21 01:00:00+00:00,84726.2421875,1992.7821044921875
2025-03-21 02:00:00+00:00,84637.2109375,1985.1566162109375
2025-03-21 03:00:00+00:00,84417.5390625,1977.074951171875
2025-03-21 04:00:00+00:00,84647.5703125,1982.6068115234375
2025-03-21 05:00:00+00:00,84367.3359375,1971.643798828125
2025-03-21 06:00:00+00:00,84150.03125,1971.640380859375
2025-03-21 07:00:00+00:00,83877.890625,1975.4700927734375
2025-03-21 08:00:00+00:00,83972.3046875,1973.7911376953125
2025-03-21 09:00:00+00:00,84069.890625,1968.1578369140625
2025-03-21 10:00:00+00:00,84155.7421875,1967.7896728515625
2025-03-21 11:00:00+00:00,84026.7890625,1965.3341064453125
2025-03-21 12:00:00+00:00,83387.71875,1947.58837890625
2025-03-21 13:00:00+00:00,83999.9453125,1953.441162109375
2025-03-21 14:00:00+00:00,84093.96875,1950.6900634765625
2025-03-21 15:00:00+00:00,83559.28125,1950.6268310546875
2025-03-21 16:00:00+00:00,84062.71875,1965.082275390625
2025-03-21 17:00:00+00:00,83973.1640625,1968.4517822265625
2025-03-21 18:00:00+00:00,84111.453125,1970.5908203125
2025-03-21 19:00:00+00:00,83962.1796875,1973.5206298828125
2025-03-21 20:00:00+00:00,84184.140625,1974.841796875
2025-03-21 21:00:00+00:00,84267.171875,1972.8798828125
2025-03-21 22:00:00+00:00,84156.2578125,1965.515625
2025-03-21 23:00:00+00:00,84032.3046875,1964.387939453125
2025-03-22 00:00:00+00:00,84174.4296875,1980.6041259765625
2025-03-22 01:00:00+00:00,84048.125,1975.2205810546875
2025-03-22 02:00:00+00:00,84159.40625,1981.4532470703125
2025-03-22 03:00:00+00:00,84231.3046875,1985.7823486328125
2025-03-22 04:00:00+00:00,84342.1015625,1989.3104248046875
2025-03-22 05:00:00+00:00,84274.3046875,1986.258056640625
2025-03-22 06:00:00+00:00,84296.0546875,1987.93603515625
2025-03-22 07:00:00+00:00,84237.8515625,1984.2001953125
2025-03-22 08:00:00+00:00,84203.7578125,1988.0498046875
2025-03-22 09:00:00+00:00,84372.5,1994.653564453125
2025-03-22 10:00:00+00:00,84398.34375,1996.0352783203125
2025-03-22 11:00:00+00:00,84221.40625,1989.26025390625
2025-03-22 12:00:00+00:00,84212.9921875,1994.42333984375
2025-03-22 13:00:00+00:00,84144.578125,1989.0513916015625
2025-03-22 14:00:00+00:00,84001.359375,1984.6541748046875
2025-03-22 15:00:00+00:00,84091.9453125,1986.705078125
2025-03-22 16:00:00+00:00,84128.8515625,1983.9957275390625
2025-03-22 17:00:00+00:00,84248.765625,1993.294921875
2025-03-22 18:00:00+00:00,84255.7421875,1995.891845703125
2025-03-22 19:00:00+00:00,84174.2734375,1994.803955078125
2025-03-22 20:00:00+00:00,84009.46875,1994.7208251953125
2025-03-22 21:00:00+00:00,84030.8125,1985.511962890625
2025-03-22 22:00:00+00:00,83952.34375,1984.5126953125
2025-03-22 23:00:00+00:00,83829.9609375,1979.983642578125
2025-03-23 00:00:00+00:00,84001.8125,1984.898681640625
2025-03-23 01:00:00+00:00,84054.3671875,1997.5780029296875
2025-03-23 02:00:00+00:00,84237.625,2001.2176513671875
2025-03-23 03:00:00+00:00,84203.9921875,2006.716552734375
2025-03-23 04:00:00+00:00,84094.265625,2000.1337890625
2025-03-23 05:00:00+00:00,84223.2734375,2000.1517333984375
2025-03-23 06:00:00+00:00,84241.1953125,2003.5831298828125
2025-03-23 07:00:00+00:00,84279.0703125,2010.6197509765625
2025-03-23 08:00:00+00:00,84327.765625,2009.5484619140625
2025-03-23 09:00:00+00:00,84320.2890625,2014.646728515625
2025-03-23 10:00:00+00:00,84446.9296875,2012.7884521484375
2025-03-23 11:00:00+00:00,84657.6328125,2007.0262451171875
2025-03-23 12:00:00+00:00,84716.3359375,2007.09814453125
2025-03-23 13:00:00+00:00,85010.859375,2018.4046630859375
2025-03-23 14:00:00+00:00,84944.015625,2005.06640625
2025-03-23 15:00:00+00:00,85162.8203125,2007.3048095703125
2025-03-23 16:00:00+00:00,85271.140625,1998.190185546875
2025-03-23 17:00:00+00:00,84984.203125,1992.522705078125
2025-03-23 18:00:00+00:00,84988.03125,1997.9310302734375
2025-03-23 19:00:00+00:00,85016.375,1996.468017578125
2025-03-23 20:00:00+00:00,85139.90625,1992.9765625
2025-03-23 21:00:00+00:00,85163.9453125,1996.094482421875
2025-03-23 22:00:00+00:00,85383.0234375,1986.904052734375
2025-03-23 23:00:00+00:00,86049.6953125,2005.7183837890625
2025-03-24 00:00:00+00:00,86008.2734375,1998.1566162109375
2025-03-24 01:00:00+00:00,85555.7578125,1979.1796875
2025-03-24 02:00:00+00:00,85956.2421875,1992.5618896484375
2025-03-24 03:00:00+00:00,86461.7265625,2013.631591796875
2025-03-24 04:00:00+00:00,86864.2109375,2037.05029296875
2025-03-24 05:00:00+00:00,86892.9609375,2048.594482421875
2025-03-24 06:00:00+00:00,87119.65625,2069.197265625
2025-03-24 07:00:00+00:00,86898.8359375,2068.535888671875
2025-03-24 08:00:00+00:00,87451.515625,2090.23779296875
2025-03-24 09:00:00+00:00,87161.921875,2092.7587890625
2025-03-24 10:00:00+00:00,87788.1328125,2094.65966796875
2025-03-24 11:00:00+00:00,87699.4765625,2092.27880859375
2025-03-24 12:00:00+00:00,87303.8125,2082.34033203125
2025-03-24 13:00:00+00:00,87659.21875,2082.59765625
2025-03-24 14:00:00+00:00,87949.90625,2079.55078125
2025-03-24 15:00:00+00:00,88324.6015625,2090.2646484375
2025-03-24 16:00:00+00:00,88002.8828125,2076.83056640625
2025-03-24 17:00:00+00:00,88429.625,2088.384765625
2025-03-24 18:00:00+00:00,88538.6484375,2098.52880859375
2025-03-24 19:00:00+00:00,88243.6875,2091.0859375
2025-03-24 20:00:00+00:00,87913.140625,2085.349365234375
2025-03-24 21:00:00+00:00,88157.9375,2083.603515625
2025-03-24 22:00:00+00:00,87398.4296875,2076.985107421875
2025-03-24 23:00:00+00:00,87518.578125,2076.4306640625
2025-03-25 00:00:00+00:00,87640.015625,2087.45556640625
2025-03-25 01:00:00+00:00,87076.015625,2062.859375
2025-03-25 02:00:00+00:00,86871.7421875,2063.4189453125
2025-03-25 03:00:00+00:00,86508.71875,2044.25830078125
2025-03-25 04:00:00+00:00,86520.875,2046.277587890625
2025-03-25 05:00:00+00:00,86696.5234375,2048.8046875
2025-03-25 06:00:00+00:00,86592.9453125,2055.396240234375
2025-03-25 07:00:00+00:00,86449.3203125,2055.0458984375
2025-03-25 08:00:00+00:00,86722.453125,2061.4111328125
2025-03-25 09:00:00+00:00,87244.703125,2072.0625
2025-03-25 10:00:00+00:00,87137.1328125,2070.884765625
2025-03-25 11:00:00+00:00,87411.875,2070.163330078125
2025-03-25 12:00:00+00:00,87069.40625,2059.27392578125
2025-03-25 13:00:00+00:00,87625.765625,2062.80078125
2025-03-25 14:00:00+00:00,87945.421875,2074.831787109375
2025-03-25 15:00:00+00:00,87877.5,2069.257568359375
2025-03-25 16:00:00+00:00,87822.28125,2068.77490234375
2025-03-25 17:00:00+00:00,87990.75,2078.53271484375
2025-03-25 18:00:00+00:00,87867.4765625,2063.9208984375
2025-03-25 19:00:00+00:00,88272.265625,2078.436767578125
2025-03-25 20:00:00+00:00,87874.7578125,2064.676513671875
2025-03-25 21:00:00+00:00,87779.1875,2064.8154296875
2025-03-25 22:00:00+00:00,87545.0625,2063.602783203125
2025-03-25 23:00:00+00:00,87460.234375,2068.474365234375
2025-03-26 00:00:00+00:00,87677.734375,2070.69140625
2025-03-26 01:00:00+00:00,87854.8203125,2074.980712890625
2025-03-26 02:00:00+00:00,87377.3515625,2051.697998046875
2025-03-26 03:00:00+00:00,87159.25,2050.989013671875
2025-03-26 04:00:00+00:00,87323.4765625,2052.7099609375
2025-03-26 05:00:00+00:00,87536.5,2060.539306640625
2025-03-26 06:00:00+00:00,87921.6015625,2068.265869140625
2025-03-26 07:00:00+00:00,88172.15625,2070.28369140625
2025-03-26 08:00:00+00:00,87992.78125,2065.011962890625
2025-03-26 09:00:00+00:00,87908.0078125,2062.43212890625
2025-03-26 10:00:00+00:00,88247.390625,2073.470947265625
2025-03-26 11:00:00+00:00,88017.3671875,2069.751220703125
2025-03-26 12:00:00+00:00,87799.15625,2064.781494140625
2025-03-26 13:00:00+00:00,86875.4296875,2030.1236572265625
2025-03-26 14:00:00+00:00,86828.5859375,2019.622802734375
2025-03-26 15:00:00+00:00,86724.765625,2012.837890625
2025-03-26 16:00:00+00:00,86498.75,2014.4293212890625
2025-03-26 17:00:00+00:00,86526.0625,2006.940185546875
2025-03-26 18:00:00+00:00,86214.203125,1993.6583251953125
2025-03-26 19:00:00+00:00,86650.890625,2004.2236328125
2025-03-26 20:00:00+00:00,87169.6640625,2009.5250244140625
2025-03-26 21:00:00+00:00,87185.8125,2009.8121337890625
2025-03-26 22:00:00+00:00,86845.8125,2001.063232421875
2025-03-26 23:00:00+00:00,86896.2578125,2008.9405517578125
2025-03-27 00:00:00+00:00,87254.890625,2017.2979736328125
2025-03-27 01:00:00+00:00,87386.78125,2020.0511474609375
2025-03-27 02:00:00+00:00,87599.9765625,2031.2666015625
2025-03-27 03:00:00+00:00,87692.8046875,2031.2738037109375
2025-03-27 04:00:00+00:00,87508.2578125,2030.7161865234375
2025-03-27 05:00:00+00:00,87313.0859375,2022.7779541015625
2025-03-27 06:00:00+00:00,87325.90625,2023.636962890625
2025-03-27 07:00:00+00:00,87425.8828125,2027.4027099609375
2025-03-27 08:00:00+00:00,87444.6640625,2026.2724609375
2025-03-27 09:00:00+00:00,87492.5546875,2028.99853515625
2025-03-27 10:00:00+00:00,87216.546875,2025.447998046875
2025-03-27 11:00:00+00:00,86971.6171875,2016.658935546875
2025-03-27 12:00:00+00:00,86759.578125,2018.3582763671875
2025-03-27 13:00:00+00:00,86437.390625,2003.5504150390625
2025-03-27 14:00:00+00:00,87265.640625,2024.9725341796875
2025-03-27 15:00:00+00:00,86969.8046875,2005.4505615234375
2025-03-27 16:00:00+00:00,86813.34375,2001.6424560546875
2025-03-27 17:00:00+00:00,86942.4765625,2000.0804443359375
2025-03-27 18:00:00+00:00,87248.7421875,2010.883544921875
2025-03-27 19:00:00+00:00,87150.8359375,2005.76611328125
2025-03-27 20:00:00+00:00,87306.9609375,2006.8701171875
2025-03-27 21:00:00+00:00,87500.7890625,2016.789306640625
2025-03-27 22:00:00+00:00,87355.875,2008.2391357421875
2025-03-27 23:00:00+00:00,87185.234375,2002.1781005859375
2025-03-28 00:00:00+00:00,87333.3984375,2004.21533203125
2025-03-28 01:00:00+00:00,87228.7890625,2008.9649658203125
2025-03-28 02:00:00+00:00,86926.921875,2006.62060546875
2025-03-28 03:00:00+00:00,86820.4921875,2000.6185302734375
2025-03-28 04:00:00+00:00,86183.0703125,1935.9898681640625
2025-03-28 05:00:00+00:00,86046.0390625,1918.707763671875
2025-03-28 06:00:00+00:00,85748.46875,1915.7479248046875
2025-03-28 07:00:00+00:00,85196.1015625,1908.2969970703125
2025-03-28 08:00:00+00:00,85212.0546875,1907.6387939453125
2025-03-28 09:00:00+00:00,85112.96875,1908.4473876953125
2025-03-28 10:00:00+00:00,84893.5625,1907.5712890625
2025-03-28 11:00:00+00:00,85199.296875,1898.262451171875
2025-03-28 12:00:00+00:00,85070.390625,1885.41015625
2025-03-28 13:00:00+00:00,84992.0546875,1887.4671630859375
2025-03-28 14:00:00+00:00,84176.015625,1887.2701416015625
2025-03-28 15:00:00+00:00,84025.6171875,1872.6163330078125
2025-03-28 16:00:00+00:00,83779.328125,1869.2288818359375
2025-03-28 17:00:00+00:00,83907.9609375,1882.0137939453125
2025-03-28 18:00:00+00:00,83796.4453125,1877.1563720703125
2025-03-28 19:00:00+00:00,83789.859375,1874.64892578125
2025-03-28 20:00:00+00:00,83762.6796875,1877.095703125
2025-03-28 21:00:00+00:00,83947.0859375,1883.5718994140625
2025-03-28 22:00:00+00:00,84404.375,1899.8604736328125
2025-03-28 23:00:00+00:00,84352.0703125,1895.3804931640625
2025-03-29 00:00:00+00:00,84355.78125,1902.28759765625
2025-03-29 01:00:00+00:00,84254.4453125,1909.3817138671875
2025-03-29 02:00:00+00:00,83826.171875,1894.9364013671875
2025-03-29 03:00:00+00:00,84140.6171875,1900.0423583984375
2025-03-29 04:00:00+00:00,84019.2578125,1893.8289794921875
2025-03-29 05:00:00+00:00,83981.40625,1888.0498046875
2025-03-29 06:00:00+00:00,83756.2109375,1881.6256103515625
2025-03-29 07:00:00+00:00,83715.7578125,1879.923583984375
2025-03-29 08:00:00+00:00,83885.6015625,1883.5435791015625
2025-03-29 09:00:00+00:00,83517.90625,1876.2999267578125
2025-03-29 10:00:00+00:00,82790.0078125,1865.1646728515625
2025-03-29 11:00:00+00:00,82248.4921875,1841.623291015625
2025-03-29 12:00:00+00:00,82403.21875,1850.30810546875
2025-03-29 13:00:00+00:00,82790.359375,1857.46728515625
2025-03-29 14:00:00+00:00,82522.7734375,1847.144287109375
2025-03-29 15:00:00+00:00,82383.3671875,1837.251220703125
2025-03-29 16:00:00+00:00,82159.796875,1819.952880859375
2025-03-29 17:00:00+00:00,82299.703125,1817.3001708984375
2025-03-29 18:00:00+00:00,82351.015625,1818.34912109375
2025-03-29 19:00:00+00:00,82454.1640625,1826.64599609375
2025-03-29 20:00:00+00:00,82511.4375,1816.77880859375
2025-03-29 21:00:00+00:00,82547.03125,1819.5972900390625
2025-03-29 22:00:00+00:00,82371.5078125,1817.5958251953125
2025-03-29 23:00:00+00:00,82596.984375,1827.31103515625
2025-03-30 00:00:00+00:00,82764.90625,1826.147705078125
2025-03-30 01:00:00+00:00,82907.8125,1834.887451171875
2025-03-30 02:00:00+00:00,83287.25,1838.8812255859375
2025-03-30 03:00:00+00:00,83045.8125,1832.85986328125
2025-03-30 04:00:00+00:00,83084.2109375,1841.6156005859375
2025-03-30 05:00:00+00:00,82934.78125,1837.9208984375
2025-03-30 06:00:00+00:00,83130.40625,1837.9515380859375
2025-03-30 07:00:00+00:00,83063.2578125,1836.6202392578125
2025-03-30 08:00:00+00:00,83376.5390625,1846.946533203125
2025-03-30 09:00:00+00:00,83474.765625,1843.6536865234375
2025-03-30 10:00:00+00:00,83102.578125,1830.165283203125
2025-03-30 11:00:00+00:00,83089.59375,1832.8017578125
2025-03-30 12:00:00+00:00,83013.9765625,1832.4129638671875
2025-03-30 13:00:00+00:00,82692.9609375,1806.7254638671875
2025-03-30 14:00:00+00:00,82757.5625,1812.18896484375
2025-03-30 15:00:00+00:00,82716.0625,1812.5687255859375
2025-03-30 16:00:00+00:00,82263.734375,1796.054443359375
2025-03-30 17:00:00+00:00,82362.203125,1803.4796142578125
2025-03-30 18:00:00+00:00,82689.59375,1823.3818359375
2025-03-30 19:00:00+00:00,82528.140625,1813.9793701171875
2025-03-30 20:00:00+00:00,82517.578125,1814.447265625
2025-03-30 21:00:00+00:00,82142.296875,1803.406005859375
2025-03-30 22:00:00+00:00,82336.8359375,1803.436279296875
2025-03-30 23:00:00+00:00,82336.0625,1806.3165283203125
2025-03-31 00:00:00+00:00,81624.6171875,1787.609619140625
2025-03-31 01:00:00+00:00,81976.9453125,1814.47216796875
2025-03-31 02:00:00+00:00,81923.9375,1812.329345703125
2025-03-31 03:00:00+00:00,81503.3359375,1798.2313232421875
2025-03-31 04:00:00+00:00,81819.2890625,1805.02734375
2025-03-31 05:00:00+00:00,82115.7578125,1808.6033935546875
2025-03-31 06:00:00+00:00,82019.1640625,1803.4111328125
2025-03-31 07:00:00+00:00,81849.046875,1796.2152099609375
2025-03-31 08:00:00+00:00,81911.09375,1796.36962890625
2025-03-31 09:00:00+00:00,81478.2109375,1787.05908203125
2025-03-31 10:00:00+00:00,82128.25,1803.80908203125
2025-03-31 11:00:00+00:00,82138.8203125,1812.285400390625
2025-03-31 12:00:00+00:00,82813.4609375,1835.1624755859375
2025-03-31 13:00:00+00:00,82607.1328125,1817.6217041015625
2025-03-31 14:00:00+00:00,83497.828125,1839.7738037109375
2025-03-31 15:00:00+00:00,83500.625,1844.9891357421875
2025-03-31 16:00:00+00:00,83293.375,1840.718505859375
2025-03-31 17:00:00+00:00,82687.046875,1825.9095458984375
2025-03-31 18:00:00+00:00,83372.7890625,1841.062744140625
2025-03-31 19:00:00+00:00,82571.0078125,1830.7005615234375
2025-03-31 20:00:00+00:00,82413.953125,1820.444091796875
2025-03-31 21:00:00+00:00,82563.484375,1824.64208984375
2025-03-31 22:00:00+00:00,82376.8359375,1823.604248046875
2025-03-31 23:00:00+00:00,82551.921875,1823.5623779296875
2025-04-01 00:00:00+00:00,82639.5234375,1831.25439453125
2025-04-01 01:00:00+00:00,82688.3046875,1826.3516845703125
2025-04-01 02:00:00+00:00,83042.4140625,1838.2647705078125
2025-04-01 03:00:00+00:00,82928.46875,1833.6168212890625
2025-04-01 04:00:00+00:00,83063.4609375,1838.010498046875
2025-04-01 05:00:00+00:00,83000.96875,1841.6234130859375
2025-04-01 06:00:00+00:00,83441.7734375,1857.8521728515625
2025-04-01 07:00:00+00:00,83456.796875,1853.95751953125
2025-04-01 08:00:00+00:00,84112.7890625,1885.137451171875
2025-04-01 09:00:00+00:00,84357.8515625,1884.3970947265625
2025-04-01 10:00:00+00:00,84186.515625,1874.3172607421875
2025-04-01 11:00:00+00:00,83928.7109375,1862.2998046875
2025-04-01 12:00:00+00:00,83652.765625,1866.233642578125
2025-04-01 13:00:00+00:00,83608.6171875,1872.7470703125
2025-04-01 14:00:00+00:00,84152.421875,1880.9598388671875
2025-04-01 15:00:00+00:00,85272.8984375,1920.4659423828125
2025-04-01 16:00:00+00:00,85198.5234375,1916.031494140625
2025-04-01 17:00:00+00:00,85142.109375,1915.6568603515625
2025-04-01 18:00:00+00:00,85124.1953125,1908.3470458984375
2025-04-01 19:00:00+00:00,84829.515625,1907.885498046875
2025-04-01 20:00:00+00:00,85274.40625,1913.5562744140625
2025-04-01 21:00:00+00:00,85259.28125,1915.6717529296875
2025-04-01 22:00:00+00:00,85131.859375,1912.0457763671875
2025-04-01 23:00:00+00:00,85180.609375,1905.484619140625
2025-04-02 00:00:00+00:00,84956.3828125,1888.8441162109375
2025-04-02 01:00:00+00:00,85159.953125,1893.0748291015625
2025-04-02 02:00:00+00:00,84744.09375,1879.2960205078125
2025-04-02 03:00:00+00:00,84590.5390625,1875.836669921875
2025-04-02 04:00:00+00:00,84555.0546875,1879.5150146484375
2025-04-02 05:00:00+00:00,84145.1328125,1857.3338623046875
2025-04-02 06:00:00+00:00,84139.2109375,1855.18212890625
2025-04-02 07:00:00+00:00,84431.3046875,1865.9197998046875
2025-04-02 08:00:00+00:00,84646.890625,1867.1551513671875
2025-04-02 09:00:00+00:00,85007.203125,1878.8956298828125
2025-04-02 10:00:00+00:00,84848.21875,1871.7369384765625
2025-04-02 11:00:00+00:00,84545.7109375,1868.2921142578125
2025-04-02 12:00:00+00:00,85001.078125,1871.08544921875
2025-04-02 13:00:00+00:00,85468.5078125,1877.7891845703125
2025-04-02 14:00:00+00:00,85882.1171875,1875.5330810546875
2025-04-02 15:00:00+00:00,86824.46875,1901.4351806640625
2025-04-02 16:00:00+00:00,86981.828125,1900.594482421875
2025-04-02 17:00:00+00:00,86601.21875,1892.2059326171875
2025-04-02 18:00:00+00:00,86317.65625,1898.98828125
2025-04-02 19:00:00+00:00,86891.4609375,1913.3050537109375
2025-04-02 20:00:00+00:00,85651.546875,1880.4754638671875
2025-04-02 21:00:00+00:00,84802.3203125,1864.7958984375
2025-04-02 22:00:00+00:00,82825.46875,1797.311279296875
2025-04-02 23:00:00+00:00,82487.4765625,1794.97607421875
2025-04-03 00:00:00+00:00,83144.140625,1818.8885498046875
2025-04-03 01:00:00+00:00,83801.3671875,1826.8521728515625
2025-04-03 02:00:00+00:00,83729.3203125,1829.9906005859375
2025-04-03 03:00:00+00:00,83483.140625,1824.064697265625
2025-04-03 04:00:00+00:00,83586.0234375,1836.1177978515625
2025-04-03 05:00:00+00:00,83401.625,1823.4580078125
2025-04-03 06:00:00+00:00,83014.3359375,1815.3179931640625
2025-04-03 07:00:00+00:00,83466.2265625,1816.290771484375
2025-04-03 08:00:00+00:00,83685.71875,1821.7930908203125
2025-04-03 09:00:00+00:00,83457.890625,1811.1214599609375
2025-04-03 10:00:00+00:00,83265.2265625,1792.7767333984375
2025-04-03 11:00:00+00:00,83040.90625,1793.8359375
2025-04-03 12:00:00+00:00,82035.78125,1762.09765625
2025-04-03 13:00:00+00:00,82280.1640625,1782.3416748046875
2025-04-03 14:00:00+00:00,81496.0234375,1757.69970703125
2025-04-03 15:00:00+00:00,82032.515625,1781.6810302734375
2025-04-03 16:00:00+00:00,81752.6171875,1771.973876953125
2025-04-03 17:00:00+00:00,81817.703125,1776.2822265625
2025-04-03 18:00:00+00:00,82004.5703125,1786.9051513671875
2025-04-03 19:00:00+00:00,82066.6015625,1787.38525390625
2025-04-03 20:00:00+00:00,82284.90625,1799.1153564453125
2025-04-03 21:00:00+00:00,82809.6171875,1809.383056640625
2025-04-03 22:00:00+00:00,82674.9140625,1810.50634765625
2025-04-03 23:00:00+00:00,83100.25,1815.60986328125
2025-04-04 00:00:00+00:00,83018.515625,1809.91162109375
2025-04-04 01:00:00+00:00,82590.4453125,1774.10009765625
2025-04-04 02:00:00+00:00,82849.5234375,1788.3826904296875
2025-04-04 03:00:00+00:00,82782.6328125,1792.243408203125
2025-04-04 04:00:00+00:00,82697.4296875,1787.1796875
2025-04-04 05:00:00+00:00,83173.125,1804.845947265625
2025-04-04 06:00:00+00:00,83032.8515625,1800.569580078125
2025-04-04 07:00:00+00:00,83951.1875,1817.1910400390625
2025-04-04 08:00:00+00:00,84376.1171875,1827.803955078125
2025-04-04 09:00:00+00:00,84644.9453125,1830.5997314453125
2025-04-04 10:00:00+00:00,82521.5390625,1782.46044921875
2025-04-04 11:00:00+00:00,82632.359375,1783.0810546875
2025-04-04 12:00:00+00:00,82783.4609375,1786.3133544921875
2025-04-04 13:00:00+00:00,83290.8359375,1801.610595703125
2025-04-04 14:00:00+00:00,82693.9140625,1789.4207763671875
2025-04-04 15:00:00+00:00,82845.3671875,1794.3846435546875
2025-04-04 16:00:00+00:00,83362.6015625,1796.7764892578125
2025-04-04 17:00:00+00:00,84344.4609375,1822.3382568359375
2025-04-04 18:00:00+00:00,83895.46875,1805.0404052734375
2025-04-04 19:00:00+00:00,83918.0,1810.3594970703125
2025-04-04 20:00:00+00:00,84154.28125,1819.019287109375
2025-04-04 21:00:00+00:00,84184.0546875,1817.9564208984375
2025-04-04 22:00:00+00:00,84029.25,1819.17724609375
2025-04-04 23:00:00+00:00,83844.703125,1815.344970703125
2025-04-05 00:00:00+00:00,83752.6328125,1823.54248046875
2025-04-05 01:00:00+00:00,83950.75,1819.51513671875
2025-04-05 02:00:00+00:00,83937.609375,1815.010009765625
2025-04-05 03:00:00+00:00,83630.8671875,1810.09912109375
2025-04-05 04:00:00+00:00,83637.0859375,1807.9500732421875
2025-04-05 05:00:00+00:00,83673.015625,1810.3682861328125
2025-04-05 06:00:00+00:00,83446.7578125,1808.1221923828125
2025-04-05 07:00:00+00:00,83486.171875,1812.3134765625
2025-04-05 08:00:00+00:00,83497.5703125,1813.5372314453125
2025-04-05 09:00:00+00:00,83812.390625,1820.1646728515625
2025-04-05 10:00:00+00:00,83620.390625,1818.2413330078125
2025-04-05 11:00:00+00:00,83435.46875,1807.19677734375
2025-04-05 12:00:00+00:00,83226.7890625,1796.5692138671875
2025-04-05 13:00:00+00:00,82702.96875,1786.21240234375
2025-04-05 14:00:00+00:00,82933.859375,1791.4610595703125
2025-04-05 15:00:00+00:00,82566.140625,1781.7232666015625
2025-04-05 16:00:00+00:00,82714.9609375,1784.085205078125
2025-04-05 17:00:00+00:00,82846.6796875,1787.3441162109375
2025-04-05 18:00:00+00:00,83046.5390625,1793.0478515625
2025-04-05 19:00:00+00:00,82787.0,1780.75244140625
2025-04-05 20:00:00+00:00,83039.4453125,1789.6158447265625
2025-04-05 21:00:00+00:00,82919.4921875,1789.6776123046875
2025-04-05 22:00:00+00:00,83149.0625,1796.27001953125
2025-04-05 23:00:00+00:00,83504.796875,1805.9732666015625
2025-04-06 00:00:00+00:00,83479.3125,1809.2930908203125
2025-04-06 01:00:00+00:00,83411.1328125,1809.6842041015625
2025-04-06 02:00:00+00:00,83268.7734375,1805.2662353515625
2025-04-06 03:00:00+00:00,83312.640625,1808.43212890625
2025-04-06 04:00:00+00:00,83453.1015625,1808.77294921875
2025-04-06 05:00:00+00:00,83413.171875,1811.2530517578125
2025-04-06 06:00:00+00:00,83125.671875,1800.4609375
2025-04-06 07:00:00+00:00,82996.9609375,1797.517333984375
2025-04-06 08:00:00+00:00,82990.6640625,1794.2310791015625
2025-04-06 09:00:00+00:00,83011.796875,1789.498046875
2025-04-06 10:00:00+00:00,82803.71875,1788.8460693359375
2025-04-06 11:00:00+00:00,82799.0546875,1789.103271484375
2025-04-06 12:00:00+00:00,82651.03125,1778.6199951171875
2025-04-06 13:00:00+00:00,82264.3671875,1748.8251953125
2025-04-06 14:00:00+00:00,82555.7109375,1767.3726806640625
2025-04-06 15:00:00+00:00,82554.34375,1759.408447265625
2025-04-06 16:00:00+00:00,81963.0234375,1738.3572998046875
2025-04-06 17:00:00+00:00,80709.6640625,1683.119140625
2025-04-06 18:00:00+00:00,78934.6171875,1616.423583984375
2025-04-06 19:00:00+00:00,79597.0703125,1626.8677978515625
2025-04-06 20:00:00+00:00,78802.1484375,1576.1600341796875
2025-04-06 21:00:00+00:00,78929.84375,1588.0125732421875
2025-04-06 22:00:00+00:00,77911.8984375,1575.10791015625
2025-04-06 23:00:00+00:00,78221.3359375,1576.9498291015625
2025-04-07 00:00:00+00:00,78291.71875,1572.4805908203125
2025-04-07 01:00:00+00:00,79159.6953125,1600.5592041015625
2025-04-07 02:00:00+00:00,78381.8671875,1576.9989013671875
2025-04-07 03:00:00+00:00,77584.984375,1540.2332763671875
2025-04-07 04:00:00+00:00,76992.4140625,1549.059814453125
2025-04-07 05:00:00+00:00,76824.09375,1537.783935546875
2025-04-07 06:00:00+00:00,74830.296875,1432.3082275390625
2025-04-07 07:00:00+00:00,75091.953125,1461.1844482421875
2025-04-07 08:00:00+00:00,76201.3984375,1493.869873046875
2025-04-07 09:00:00+00:00,76193.9609375,1482.7125244140625
2025-04-07 10:00:00+00:00,76874.671875,1490.084716796875
2025-04-07 11:00:00+00:00,76615.1015625,1481.6112060546875
2025-04-07 12:00:00+00:00,77292.4453125,1518.388427734375
2025-04-07 13:00:00+00:00,78259.15625,1549.2122802734375
2025-04-07 14:00:00+00:00,78982.7734375,1568.4520263671875
2025-04-07 15:00:00+00:00,78540.28125,1555.7733154296875
2025-04-07 16:00:00+00:00,77345.265625,1526.748291015625
2025-04-07 17:00:00+00:00,79064.859375,1565.6497802734375
2025-04-07 18:00:00+00:00,78321.78125,1549.850830078125
2025-04-07 19:00:00+00:00,78234.46875,1547.2901611328125
2025-04-07 20:00:00+00:00,78801.328125,1567.63232421875
2025-04-07 21:00:00+00:00,79300.4921875,1570.051513671875
2025-04-07 22:00:00+00:00,79993.53125,1580.5296630859375
2025-04-07 23:00:00+00:00,79218.4765625,1554.93212890625
2025-04-08 00:00:00+00:00,78990.5703125,1546.1878662109375
2025-04-08 01:00:00+00:00,80670.8671875,1592.4334716796875
2025-04-08 02:00:00+00:00,79911.46875,1588.0186767578125
2025-04-08 03:00:00+00:00,79824.203125,1583.8267822265625
2025-04-08 04:00:00+00:00,80279.2109375,1599.257568359375
2025-04-08 05:00:00+00:00,79820.359375,1590.8231201171875
2025-04-08 06:00:00+00:00,79451.9609375,1576.9022216796875
2025-04-08 07:00:00+00:00,79475.4921875,1570.2684326171875
2025-04-08 08:00:00+00:00,79131.9453125,1566.2471923828125
2025-04-08 09:00:00+00:00,78946.40625,1568.2176513671875
2025-04-08 10:00:00+00:00,78966.890625,1566.0435791015625
2025-04-08 11:00:00+00:00,79980.859375,1588.252685546875
2025-04-08 12:00:00+00:00,79842.171875,1572.4951171875
2025-04-08 13:00:00+00:00,79938.78125,1568.759033203125
2025-04-08 14:00:00+00:00,78530.4765625,1533.3140869140625
2025-04-08 15:00:00+00:00,78486.2109375,1531.279541015625
2025-04-08 16:00:00+00:00,77427.8046875,1485.6109619140625
2025-04-08 17:00:00+00:00,77295.171875,1479.910400390625
2025-04-08 18:00:00+00:00,77226.828125,1474.6441650390625
2025-04-08 19:00:00+00:00,76786.71875,1466.662109375
2025-04-08 20:00:00+00:00,77014.8203125,1479.6663818359375
2025-04-08 21:00:00+00:00,77004.3671875,1475.5174560546875
2025-04-08 22:00:00+00:00,76697.046875,1467.585205078125
2025-04-08 23:00:00+00:00,76273.5625,1472.6014404296875
2025-04-09 00:00:00+00:00,76443.7421875,1464.7763671875
2025-04-09 01:00:00+00:00,75992.8359375,1433.3809814453125
2025-04-09 02:00:00+00:00,75568.7109375,1415.83935546875
2025-04-09 03:00:00+00:00,75003.03125,1417.378662109375
2025-04-09 04:00:00+00:00,76316.8671875,1439.5233154296875
2025-04-09 05:00:00+00:00,76621.6484375,1457.0645751953125
2025-04-09 06:00:00+00:00,76756.546875,1459.1834716796875
2025-04-09 07:00:00+00:00,77739.625,1484.9669189453125
2025-04-09 08:00:00+00:00,77310.1015625,1482.0313720703125
2025-04-09 09:00:00+00:00,77472.4765625,1480.51416015625
2025-04-09 10:00:00+00:00,77440.6796875,1494.031982421875
2025-04-09 11:00:00+00:00,76133.125,1453.4425048828125
2025-04-09 12:00:00+00:00,76803.234375,1463.9345703125
2025-04-09 13:00:00+00:00,77719.2109375,1488.60888671875
2025-04-09 14:00:00+00:00,76968.9765625,1472.6153564453125
2025-04-09 15:00:00+00:00,77112.640625,1483.713134765625
2025-04-09 16:00:00+00:00,78161.0625,1501.3411865234375
2025-04-09 17:00:00+00:00,82134.9296875,1632.2774658203125
2025-04-09 18:00:00+00:00,81820.40625,1628.512451171875
2025-04-09 19:00:00+00:00,82227.609375,1642.033203125
2025-04-09 20:00:00+00:00,83112.9140625,1663.2493896484375
2025-04-09 21:00:00+00:00,83268.90625,1670.5281982421875
2025-04-09 22:00:00+00:00,83020.6328125,1671.1136474609375
2025-04-09 23:00:00+00:00,82565.9765625,1668.2017822265625
2025-04-10 00:00:00+00:00,82318.6328125,1646.4383544921875
2025-04-10 01:00:00+00:00,82207.5546875,1636.5994873046875
2025-04-10 02:00:00+00:00,82190.1875,1631.45947265625
2025-04-10 03:00:00+00:00,81660.9296875,1614.2957763671875
2025-04-10 04:00:00+00:00,81964.609375,1618.09033203125
2025-04-10 05:00:00+00:00,82140.8125,1617.007568359375
2025-04-10 06:00:00+00:00,82095.390625,1615.6561279296875
2025-04-10 07:00:00+00:00,81566.0546875,1594.366943359375
2025-04-10 08:00:00+00:00,81499.4375,1590.6551513671875
2025-04-10 09:00:00+00:00,82011.4140625,1604.4544677734375
2025-04-10 10:00:00+00:00,81698.3828125,1594.0313720703125
2025-04-10 11:00:00+00:00,81824.625,1593.1943359375
2025-04-10 12:00:00+00:00,81632.0703125,1591.1033935546875
2025-04-10 13:00:00+00:00,80862.578125,1567.7080078125
2025-04-10 14:00:00+00:00,81234.6015625,1565.34423828125
2025-04-10 15:00:00+00:00,78640.9453125,1495.0396728515625
2025-04-10 16:00:00+00:00,79403.6875,1508.4683837890625
2025-04-10 17:00:00+00:00,79343.8125,1513.0943603515625
2025-04-10 18:00:00+00:00,79499.9765625,1518.6480712890625
2025-04-10 19:00:00+00:00,79790.328125,1523.534912109375
2025-04-10 20:00:00+00:00,79811.546875,1528.102294921875
2025-04-10 21:00:00+00:00,79672.046875,1522.862060546875
2025-04-10 22:00:00+00:00,79664.3125,1524.9630126953125
2025-04-10 23:00:00+00:00,79625.046875,1522.4730224609375
2025-04-11 00:00:00+00:00,79042.3359375,1507.21826171875
2025-04-11 01:00:00+00:00,80377.7890625,1543.1512451171875
2025-04-11 02:00:00+00:00,80246.2265625,1533.9434814453125
2025-04-11 03:00:00+00:00,80762.4921875,1542.9879150390625
2025-04-11 04:00:00+00:00,80839.1640625,1546.91357421875
2025-04-11 05:00:00+00:00,80766.9609375,1549.0550537109375
2025-04-11 06:00:00+00:00,81031.234375,1551.377197265625
2025-04-11 07:00:00+00:00,81211.6484375,1552.21875
2025-04-11 08:00:00+00:00,81517.8984375,1548.978271484375
2025-04-11 09:00:00+00:00,82296.140625,1561.521484375
2025-04-11 10:00:00+00:00,82587.2265625,1566.5379638671875
2025-04-11 11:00:00+00:00,82134.5859375,1557.4287109375
2025-04-11 12:00:00+00:00,82004.3203125,1554.82763671875
2025-04-11 13:00:00+00:00,82794.6875,1568.8154296875
2025-04-11 14:00:00+00:00,81887.59375,1555.802490234375
2025-04-11 15:00:00+00:00,82480.0625,1565.003173828125
2025-04-11 16:00:00+00:00,82785.4375,1566.7794189453125
2025-04-11 17:00:00+00:00,83846.5859375,1579.3065185546875
2025-04-11 18:00:00+00:00,83574.8984375,1562.2728271484375
2025-04-11 19:00:00+00:00,83853.390625,1565.99169921875
2025-04-11 20:00:00+00:00,83822.8046875,1570.3536376953125
2025-04-11 21:00:00+00:00,83678.4453125,1573.1295166015625
2025-04-11 22:00:00+00:00,83399.3515625,1566.0172119140625
2025-04-11 23:00:00+00:00,83404.515625,1567.15576171875
2025-04-12 00:00:00+00:00,83324.3359375,1561.636962890625
2025-04-12 01:00:00+00:00,83152.859375,1554.3743896484375
2025-04-12 02:00:00+00:00,82903.9765625,1549.225341796875
2025-04-12 03:00:00+00:00,82927.84375,1553.9193115234375
2025-04-12 04:00:00+00:00,83252.7890625,1566.7550048828125
2025-04-12 05:00:00+00:00,83296.09375,1567.625244140625
2025-04-12 06:00:00+00:00,83541.4375,1572.9542236328125
2025-04-12 07:00:00+00:00,83667.4140625,1580.4080810546875
2025-04-12 08:00:00+00:00,83572.6875,1591.8951416015625
2025-04-12 09:00:00+00:00,83499.5546875,1597.5086669921875
2025-04-12 10:00:00+00:00,83385.4765625,1591.3511962890625
2025-04-12 11:00:00+00:00,83494.9140625,1593.9443359375
2025-04-12 12:00:00+00:00,83764.7890625,1606.3299560546875
2025-04-12 13:00:00+00:00,84445.9453125,1638.0906982421875
2025-04-12 14:00:00+00:00,84888.9765625,1655.2100830078125
2025-04-12 15:00:00+00:00,85001.0234375,1655.5546875
2025-04-12 16:00:00+00:00,84637.5859375,1642.3363037109375
2025-04-12 17:00:00+00:00,84733.359375,1633.72607421875
2025-04-12 18:00:00+00:00,85144.71875,1650.01318359375
2025-04-12 19:00:00+00:00,84894.3671875,1642.074951171875
2025-04-12 20:00:00+00:00,85564.953125,1650.362060546875
2025-04-12 21:00:00+00:00,85374.140625,1646.9176025390625
2025-04-12 22:00:00+00:00,85344.4375,1649.7576904296875
2025-04-12 23:00:00+00:00,85279.46875,1643.5010986328125
2025-04-13 00:00:00+00:00,85527.3359375,1642.98193359375
2025-04-13 01:00:00+00:00,85231.5078125,1615.4754638671875
2025-04-13 02:00:00+00:00,85373.5234375,1626.31494140625
2025-04-13 03:00:00+00:00,85383.8203125,1623.798828125
2025-04-13 04:00:00+00:00,84523.8203125,1606.939697265625
2025-04-13 05:00:00+00:00,84484.6484375,1608.630126953125
2025-04-13 06:00:00+00:00,84596.1640625,1616.6209716796875
2025-04-13 07:00:00+00:00,84448.8515625,1614.252197265625
2025-04-13 08:00:00+00:00,84620.796875,1620.087158203125
2025-04-13 09:00:00+00:00,84883.3828125,1626.4483642578125
2025-04-13 10:00:00+00:00,84667.484375,1616.8712158203125
2025-04-13 11:00:00+00:00,84445.3359375,1602.6534423828125
2025-04-13 12:00:00+00:00,84387.2890625,1602.584228515625
2025-04-13 13:00:00+00:00,83510.0,1570.21484375
2025-04-13 14:00:00+00:00,84047.203125,1584.858154296875
2025-04-13 15:00:00+00:00,83793.859375,1586.3082275390625
2025-04-13 16:00:00+00:00,84220.1875,1595.0089111328125
2025-04-13 17:00:00+00:00,84791.5703125,1640.44873046875
2025-04-13 18:00:00+00:00,84683.453125,1629.294677734375
2025-04-13 19:00:00+00:00,83916.5859375,1588.197998046875
2025-04-13 20:00:00+00:00,83457.8046875,1592.9451904296875
2025-04-13 21:00:00+00:00,83598.8125,1594.14453125
2025-04-13 22:00:00+00:00,83304.40625,1586.68505859375
2025-04-13 23:00:00+00:00,83694.5234375,1596.8818359375
2025-04-14 00:00:00+00:00,84258.5703125,1610.819091796875
2025-04-14 01:00:00+00:00,84093.171875,1613.7783203125
2025-04-14 02:00:00+00:00,85077.8203125,1635.132568359375
2025-04-14 03:00:00+00:00,84494.984375,1627.7294921875
2025-04-14 04:00:00+00:00,84903.890625,1638.2427978515625
2025-04-14 05:00:00+00:00,84511.09375,1623.9560546875
2025-04-14 06:00:00+00:00,84565.2734375,1623.6514892578125
2025-04-14 07:00:00+00:00,84559.5859375,1635.02392578125
2025-04-14 08:00:00+00:00,84717.1953125,1636.8712158203125
2025-04-14 09:00:00+00:00,84421.1875,1641.1826171875
2025-04-14 10:00:00+00:00,84680.015625,1680.1983642578125
2025-04-14 11:00:00+00:00,84902.25,1674.8248291015625
2025-04-14 12:00:00+00:00,85057.359375,1675.037109375
2025-04-14 13:00:00+00:00,84460.9765625,1659.8109130859375
2025-04-14 14:00:00+00:00,85450.1484375,1673.8956298828125
2025-04-14 15:00:00+00:00,84114.8125,1628.2479248046875
2025-04-14 16:00:00+00:00,84367.96875,1628.80224609375
2025-04-14 17:00:00+00:00,84874.984375,1647.5189208984375
2025-04-14 18:00:00+00:00,84941.0859375,1639.8359375
2025-04-14 19:00:00+00:00,84881.8125,1632.665283203125
2025-04-14 20:00:00+00:00,84891.3984375,1636.842529296875
2025-04-14 21:00:00+00:00,84709.9296875,1625.552001953125
2025-04-14 22:00:00+00:00,84491.5703125,1620.7906494140625
2025-04-14 23:00:00+00:00,84539.6953125,1622.7718505859375
2025-04-15 00:00:00+00:00,84813.1171875,1630.03857421875
2025-04-15 01:00:00+00:00,84973.4140625,1634.3201904296875
2025-04-15 02:00:00+00:00,85110.5,1628.3199462890625
2025-04-15 03:00:00+00:00,85353.8046875,1638.1771240234375
2025-04-15 04:00:00+00:00,85473.6484375,1639.2408447265625
2025-04-15 05:00:00+00:00,85557.0390625,1639.611328125
2025-04-15 06:00:00+00:00,85369.625,1636.2491455078125
2025-04-15 07:00:00+00:00,85661.09375,1644.3311767578125
2025-04-15 08:00:00+00:00,85770.78125,1639.860107421875
2025-04-15 09:00:00+00:00,85940.515625,1647.4359130859375
2025-04-15 10:00:00+00:00,85612.015625,1632.7320556640625
2025-04-15 11:00:00+00:00,85554.703125,1631.3990478515625
2025-04-15 12:00:00+00:00,85771.125,1641.67041015625
2025-04-15 13:00:00+00:00,85642.75,1629.888671875
2025-04-15 14:00:00+00:00,85171.9375,1621.06982421875
2025-04-15 15:00:00+00:00,84793.171875,1619.0120849609375
2025-04-15 16:00:00+00:00,84817.34375,1621.966064453125
2025-04-15 17:00:00+00:00,84512.1015625,1616.1431884765625
2025-04-15 18:00:00+00:00,84194.03125,1610.45654296875
2025-04-15 19:00:00+00:00,84010.5234375,1607.6300048828125
2025-04-15 20:00:00+00:00,83947.0703125,1595.1966552734375
2025-04-15 21:00:00+00:00,84188.2578125,1605.003173828125
2025-04-15 22:00:00+00:00,83793.53125,1590.405517578125
2025-04-15 23:00:00+00:00,83674.5078125,1589.031005859375
2025-04-16 00:00:00+00:00,83152.828125,1580.0706787109375
2025-04-16 01:00:00+00:00,83613.2421875,1597.0316162109375
2025-04-16 02:00:00+00:00,83876.2109375,1597.6143798828125
2025-04-16 03:00:00+00:00,83704.734375,1591.774658203125
2025-04-16 04:00:00+00:00,83540.1875,1585.431396484375
2025-04-16 05:00:00+00:00,83435.265625,1569.4560546875
2025-04-16 06:00:00+00:00,83655.5390625,1576.7633056640625
2025-04-16 07:00:00+00:00,83325.65625,1564.1474609375
2025-04-16 08:00:00+00:00,83662.0546875,1575.37451171875
2025-04-16 09:00:00+00:00,83608.578125,1569.336181640625
2025-04-16 10:00:00+00:00,83942.8984375,1581.470703125
2025-04-16 11:00:00+00:00,84029.796875,1583.55029296875
2025-04-16 12:00:00+00:00,83770.1796875,1578.2081298828125
2025-04-16 13:00:00+00:00,83806.1171875,1571.3408203125
2025-04-16 14:00:00+00:00,84550.8046875,1590.5419921875
2025-04-16 15:00:00+00:00,84879.2421875,1591.8338623046875
2025-04-16 16:00:00+00:00,85063.453125,1591.8787841796875
2025-04-16 17:00:00+00:00,83360.2109375,1547.1412353515625
2025-04-16 18:00:00+00:00,84036.1015625,1566.57373046875
2025-04-16 19:00:00+00:00,84382.3984375,1590.3897705078125
2025-04-16 20:00:00+00:00,84275.6640625,1571.9229736328125
2025-04-16 21:00:00+00:00,84572.296875,1594.932861328125
2025-04-16 22:00:00+00:00,84491.2890625,1589.3743896484375
2025-04-16 23:00:00+00:00,84030.671875,1578.01416015625
2025-04-17 00:00:00+00:00,84188.328125,1584.323486328125
2025-04-17 01:00:00+00:00,84307.5078125,1588.32568359375
2025-04-17 02:00:00+00:00,84247.8359375,1591.0369873046875
2025-04-17 03:00:00+00:00,83994.875,1584.420654296875
2025-04-17 04:00:00+00:00,84140.59375,1590.045654296875
2025-04-17 05:00:00+00:00,84381.140625,1598.40380859375
2025-04-17 06:00:00+00:00,84808.0078125,1603.5194091796875
2025-04-17 07:00:00+00:00,84622.6953125,1601.13427734375
2025-04-17 08:00:00+00:00,84433.2890625,1595.701904296875
2025-04-17 09:00:00+00:00,84462.0703125,1594.4373779296875
2025-04-17 10:00:00+00:00,84340.1171875,1593.1734619140625
2025-04-17 11:00:00+00:00,84553.984375,1593.6231689453125
2025-04-17 12:00:00+00:00,84754.7109375,1600.1748046875
2025-04-17 13:00:00+00:00,84406.1875,1591.9715576171875
2025-04-17 14:00:00+00:00,84074.1640625,1570.09912109375
2025-04-17 15:00:00+00:00,84502.734375,1582.769287109375
2025-04-17 16:00:00+00:00,84929.8828125,1605.4375
2025-04-17 17:00:00+00:00,85147.125,1610.198486328125
2025-04-17 18:00:00+00:00,85098.75,1603.48388671875
2025-04-17 19:00:00+00:00,84896.4375,1580.9951171875
2025-04-17 20:00:00+00:00,85121.4921875,1583.1068115234375
2025-04-17 21:00:00+00:00,85067.6640625,1589.8756103515625
2025-04-17 22:00:00+00:00,84750.1171875,1580.644287109375
2025-04-17 23:00:00+00:00,84900.1875,1582.397216796875
2025-04-18 00:00:00+00:00,84772.8984375,1579.0335693359375
2025-04-18 01:00:00+00:00,84937.5390625,1582.2203369140625
2025-04-18 02:00:00+00:00,84899.5859375,1585.060302734375
2025-04-18 03:00:00+00:00,84816.9921875,1584.3514404296875
2025-04-18 04:00:00+00:00,84670.2578125,1580.9881591796875
2025-04-18 05:00:00+00:00,84729.234375,1580.9520263671875
2025-04-18 06:00:00+00:00,84710.984375,1580.5469970703125
2025-04-18 07:00:00+00:00,84624.2265625,1583.301025390625
2025-04-18 08:00:00+00:00,84615.40625,1585.9083251953125
2025-04-18 09:00:00+00:00,84549.546875,1588.2554931640625
2025-04-18 10:00:00+00:00,84509.953125,1583.814453125
2025-04-18 11:00:00+00:00,84607.3125,1590.21875
2025-04-18 12:00:00+00:00,84648.546875,1593.071533203125
2025-04-18 13:00:00+00:00,84542.7109375,1592.3665771484375
2025-04-18 14:00:00+00:00,84536.609375,1588.781005859375
2025-04-18 15:00:00+00:00,84359.8203125,1582.612060546875
2025-04-18 16:00:00+00:00,84449.8125,1585.774658203125
2025-04-18 17:00:00+00:00,84542.40625,1591.8389892578125
2025-04-18 18:00:00+00:00,84593.59375,1593.876220703125
2025-04-18 19:00:00+00:00,84522.2578125,1591.943115234375
2025-04-18 20:00:00+00:00,84485.375,1592.9229736328125
2025-04-18 21:00:00+00:00,84594.6640625,1597.165283203125
2025-04-18 22:00:00+00:00,84515.984375,1592.7857666015625
2025-04-18 23:00:00+00:00,84450.8671875,1588.9697265625
2025-04-19 00:00:00+00:00,84444.53125,1586.76611328125
2025-04-19 01:00:00+00:00,84541.59375,1589.67431640625
2025-04-19 02:00:00+00:00,84750.421875,1591.9073486328125
2025-04-19 03:00:00+00:00,84887.9453125,1598.1240234375
2025-04-19 04:00:00+00:00,85010.046875,1603.292724609375
2025-04-19 05:00:00+00:00,85070.671875,1602.339599609375
2025-04-19 06:00:00+00:00,84933.203125,1596.4371337890625
2025-04-19 07:00:00+00:00,85202.8046875,1600.93212890625
2025-04-19 08:00:00+00:00,85297.4453125,1602.529296875
2025-04-19 09:00:00+00:00,85355.8984375,1598.5823974609375
2025-04-19 10:00:00+00:00,85229.8828125,1596.7083740234375
2025-04-19 11:00:00+00:00,85216.390625,1596.1968994140625
2025-04-19 12:00:00+00:00,85289.1875,1597.0418701171875
2025-04-19 13:00:00+00:00,85463.9296875,1604.4837646484375
2025-04-19 14:00:00+00:00,85378.6953125,1605.8111572265625
2025-04-19 15:00:00+00:00,85185.265625,1606.4755859375
2025-04-19 16:00:00+00:00,84830.2578125,1599.561279296875
2025-04-19 17:00:00+00:00,85210.2734375,1618.246826171875
2025-04-19 18:00:00+00:00,85128.328125,1614.781982421875
2025-04-19 19:00:00+00:00,85087.8359375,1614.50439453125
2025-04-19 20:00:00+00:00,85200.625,1614.98486328125
2025-04-19 21:00:00+00:00,85317.46875,1620.0787353515625
2025-04-19 22:00:00+00:00,85245.7890625,1618.367919921875
2025-04-19 23:00:00+00:00,85066.0703125,1612.966064453125
2025-04-20 00:00:00+00:00,85168.6328125,1610.443603515625
2025-04-20 01:00:00+00:00,85274.5390625,1616.7490234375
2025-04-20 02:00:00+00:00,85224.234375,1615.8565673828125
2025-04-20 03:00:00+00:00,85151.6875,1611.036865234375
2025-04-20 04:00:00+00:00,85175.5859375,1614.2498779296875
2025-04-20 05:00:00+00:00,85096.34375,1609.96044921875
2025-04-20 06:00:00+00:00,84946.890625,1605.32861328125
2025-04-20 07:00:00+00:00,84786.0546875,1596.52099609375
2025-04-20 08:00:00+00:00,84642.2734375,1589.73876953125
2025-04-20 09:00:00+00:00,84521.515625,1591.181640625
2025-04-20 10:00:00+00:00,84165.1171875,1573.5565185546875
2025-04-20 11:00:00+00:00,84126.890625,1571.5086669921875
2025-04-20 12:00:00+00:00,84364.5859375,1576.6466064453125
2025-04-20 13:00:00+00:00,84366.5546875,1577.889892578125
2025-04-20 14:00:00+00:00,84633.2421875,1580.5650634765625
2025-04-20 15:00:00+00:00,84359.3671875,1573.3377685546875
2025-04-20 16:00:00+00:00,84606.5,1580.7435302734375
2025-04-20 17:00:00+00:00,84568.921875,1579.6983642578125
2025-04-20 18:00:00+00:00,84573.3984375,1581.4395751953125
2025-04-20 19:00:00+00:00,84644.1953125,1586.08642578125
2025-04-20 20:00:00+00:00,85047.109375,1587.046630859375
2025-04-20 21:00:00+00:00,84994.2421875,1588.193359375
2025-04-20 22:00:00+00:00,84817.9296875,1581.2911376953125
2025-04-20 23:00:00+00:00,85171.5390625,1587.4609375
2025-04-21 00:00:00+00:00,86634.2890625,1610.6282958984375
2025-04-21 01:00:00+00:00,87289.03125,1625.584228515625
2025-04-21 02:00:00+00:00,87361.0234375,1632.009521484375
2025-04-21 03:00:00+00:00,87203.0546875,1634.2884521484375
2025-04-21 04:00:00+00:00,87332.1875,1640.1416015625
2025-04-21 05:00:00+00:00,87541.4921875,1648.201171875
2025-04-21 06:00:00+00:00,87496.5859375,1647.9329833984375
2025-04-21 07:00:00+00:00,87435.6796875,1645.48681640625
2025-04-21 08:00:00+00:00,87595.40625,1648.8831787109375
2025-04-21 09:00:00+00:00,87493.8125,1642.267822265625
2025-04-21 10:00:00+00:00,87355.2578125,1635.4449462890625
2025-04-21 11:00:00+00:00,86966.71875,1626.1162109375
2025-04-21 12:00:00+00:00,87066.625,1624.3106689453125
2025-04-21 13:00:00+00:00,87080.609375,1613.850830078125
2025-04-21 14:00:00+00:00,88168.6015625,1629.7735595703125
2025-04-21 15:00:00+00:00,88072.875,1623.3326416015625
2025-04-21 16:00:00+00:00,87082.0625,1593.80712890625
2025-04-21 17:00:00+00:00,86798.7890625,1576.59375
2025-04-21 18:00:00+00:00,86825.546875,1569.7830810546875
2025-04-21 19:00:00+00:00,87380.0625,1574.962646484375
2025-04-21 20:00:00+00:00,87254.2890625,1575.5740966796875
2025-04-21 21:00:00+00:00,87295.8515625,1579.051513671875
2025-04-21 22:00:00+00:00,87130.3515625,1577.9462890625
2025-04-21 23:00:00+00:00,87521.875,1579.815185546875
2025-04-22 00:00:00+00:00,87596.9296875,1566.016357421875
2025-04-22 01:00:00+00:00,88420.2265625,1587.626708984375
2025-04-22 02:00:00+00:00,88144.65625,1576.4190673828125
2025-04-22 03:00:00+00:00,88116.859375,1578.926513671875
2025-04-22 04:00:00+00:00,88051.453125,1577.865478515625
2025-04-22 05:00:00+00:00,88380.6953125,1583.90380859375
2025-04-22 06:00:00+00:00,88183.6953125,1582.56787109375
2025-04-22 07:00:00+00:00,88456.234375,1618.823486328125
2025-04-22 08:00:00+00:00,88398.9296875,1626.8802490234375
2025-04-22 09:00:00+00:00,88511.1328125,1624.480712890625
2025-04-22 10:00:00+00:00,88530.015625,1627.919921875
2025-04-22 11:00:00+00:00,88618.6015625,1630.9110107421875
2025-04-22 12:00:00+00:00,89049.6171875,1636.20849609375
2025-04-22 13:00:00+00:00,90104.265625,1639.2674560546875
2025-04-22 14:00:00+00:00,90839.109375,1670.5950927734375
2025-04-22 15:00:00+00:00,90849.25,1697.7569580078125
2025-04-22 16:00:00+00:00,90711.4453125,1691.0013427734375
2025-04-22 17:00:00+00:00,91491.8671875,1701.210693359375
2025-04-22 18:00:00+00:00,91533.453125,1704.9033203125
2025-04-22 19:00:00+00:00,91399.7265625,1698.1915283203125
2025-04-22 20:00:00+00:00,91145.7890625,1697.152587890625
2025-04-22 21:00:00+00:00,92927.2421875,1751.7215576171875
2025-04-22 22:00:00+00:00,92836.296875,1744.9066162109375
2025-04-22 23:00:00+00:00,93477.8984375,1758.286865234375
2025-04-23 00:00:00+00:00,92886.90625,1751.9046630859375
2025-04-23 01:00:00+00:00,92651.6796875,1764.712890625
2025-04-23 02:00:00+00:00,92897.2109375,1793.6661376953125
2025-04-23 03:00:00+00:00,93178.5546875,1794.55712890625
2025-04-23 04:00:00+00:00,93665.3984375,1810.36767578125
2025-04-23 05:00:00+00:00,93493.8203125,1796.9107666015625
2025-04-23 06:00:00+00:00,93719.34375,1790.90478515625
2025-04-23 07:00:00+00:00,93890.5859375,1788.2008056640625
2025-04-23 08:00:00+00:00,94301.21875,1791.4498291015625
2025-04-23 09:00:00+00:00,93950.1796875,1789.7470703125
2025-04-23 10:00:00+00:00,93725.96875,1805.393310546875
2025-04-23 11:00:00+00:00,93437.2578125,1795.182861328125
2025-04-23 12:00:00+00:00,93787.5390625,1815.7431640625
2025-04-23 13:00:00+00:00,93019.703125,1786.715087890625
2025-04-23 14:00:00+00:00,92952.6171875,1787.5257568359375
2025-04-23 15:00:00+00:00,93091.9609375,1790.4725341796875
2025-04-23 16:00:00+00:00,93665.234375,1794.5850830078125
2025-04-23 17:00:00+00:00,93922.234375,1799.5072021484375
2025-04-23 18:00:00+00:00,93701.7421875,1799.161865234375
2025-04-23 19:00:00+00:00,93603.5390625,1787.2203369140625
2025-04-23 20:00:00+00:00,93748.8203125,1797.3907470703125
2025-04-23 21:00:00+00:00,93422.515625,1789.5595703125
2025-04-23 22:00:00+00:00,93786.234375,1803.7119140625
2025-04-23 23:00:00+00:00,93692.3984375,1795.9794921875
2025-04-24 00:00:00+00:00,93409.5703125,1790.7115478515625
2025-04-24 01:00:00+00:00,93620.328125,1797.4395751953125
2025-04-24 02:00:00+00:00,93132.78125,1779.262939453125
2025-04-24 03:00:00+00:00,92711.703125,1768.322509765625
2025-04-24 04:00:00+00:00,92765.75,1772.6748046875
2025-04-24 05:00:00+00:00,92603.7265625,1769.6385498046875
2025-04-24 06:00:00+00:00,92354.203125,1767.248046875
2025-04-24 07:00:00+00:00,92212.96875,1755.964599609375
2025-04-24 08:00:00+00:00,92018.9453125,1735.1405029296875
2025-04-24 09:00:00+00:00,92464.171875,1744.6248779296875
2025-04-24 10:00:00+00:00,92631.1640625,1750.8690185546875
2025-04-24 11:00:00+00:00,92606.1640625,1754.3990478515625
2025-04-24 12:00:00+00:00,92755.1015625,1757.5487060546875
2025-04-24 13:00:00+00:00,92711.296875,1750.9573974609375
2025-04-24 14:00:00+00:00,93094.2578125,1766.6229248046875
2025-04-24 15:00:00+00:00,93279.3828125,1765.9495849609375
2025-04-24 16:00:00+00:00,93498.359375,1774.6451416015625
2025-04-24 17:00:00+00:00,93019.109375,1755.7391357421875
2025-04-24 18:00:00+00:00,93411.21875,1763.94287109375
2025-04-24 19:00:00+00:00,93678.234375,1766.500732421875
2025-04-24 20:00:00+00:00,93498.4609375,1763.5263671875
2025-04-24 21:00:00+00:00,93380.34375,1760.790283203125
2025-04-24 22:00:00+00:00,93450.4296875,1760.0953369140625
2025-04-24 23:00:00+00:00,93907.7734375,1770.003662109375
2025-04-25 00:00:00+00:00,93926.9609375,1773.3092041015625
2025-04-25 01:00:00+00:00,93695.921875,1766.1715087890625
2025-04-25 02:00:00+00:00,93008.40625,1741.6239013671875
2025-04-25 03:00:00+00:00,93310.953125,1758.8743896484375
2025-04-25 04:00:00+00:00,93114.1484375,1766.400634765625
2025-04-25 05:00:00+00:00,93258.796875,1767.34423828125
2025-04-25 06:00:00+00:00,93579.421875,1777.0560302734375
2025-04-25 07:00:00+00:00,93797.2109375,1775.60107421875
2025-04-25 08:00:00+00:00,93720.84375,1776.7957763671875
2025-04-25 09:00:00+00:00,93845.625,1788.8916015625
2025-04-25 10:00:00+00:00,93672.3984375,1771.917724609375
2025-04-25 11:00:00+00:00,94618.296875,1789.09716796875
2025-04-25 12:00:00+00:00,94498.078125,1776.1363525390625
2025-04-25 13:00:00+00:00,94497.0625,1771.6087646484375
2025-04-25 14:00:00+00:00,95521.484375,1806.419677734375
2025-04-25 15:00:00+00:00,95161.7734375,1808.6754150390625
2025-04-25 16:00:00+00:00,95290.9609375,1801.9669189453125
2025-04-25 17:00:00+00:00,94567.2265625,1785.973876953125
2025-04-25 18:00:00+00:00,95025.109375,1797.2757568359375
2025-04-25 19:00:00+00:00,95300.015625,1800.5076904296875
2025-04-25 20:00:00+00:00,94968.8125,1800.4500732421875
2025-04-25 21:00:00+00:00,94571.046875,1788.32373046875
2025-04-25 22:00:00+00:00,94912.234375,1796.3033447265625
2025-04-25 23:00:00+00:00,94720.5,1786.634521484375
2025-04-26 00:00:00+00:00,94942.0234375,1797.3673095703125
2025-04-26 01:00:00+00:00,95058.375,1807.8421630859375
2025-04-26 02:00:00+00:00,95090.9765625,1810.1309814453125
2025-04-26 03:00:00+00:00,94787.9765625,1798.17333984375
2025-04-26 04:00:00+00:00,94573.6875,1793.1214599609375
2025-04-26 05:00:00+00:00,94693.0625,1796.053955078125
2025-04-26 06:00:00+00:00,94685.0234375,1803.6678466796875
2025-04-26 07:00:00+00:00,94683.5546875,1802.0484619140625
2025-04-26 08:00:00+00:00,94379.0,1809.17822265625
2025-04-26 09:00:00+00:00,94291.875,1803.1668701171875
2025-04-26 10:00:00+00:00,94280.3515625,1805.41357421875
2025-04-26 11:00:00+00:00,94195.65625,1787.5504150390625
2025-04-26 12:00:00+00:00,94281.1171875,1794.781982421875
2025-04-26 13:00:00+00:00,94073.578125,1789.390380859375
2025-04-26 14:00:00+00:00,94284.2109375,1795.2081298828125
2025-04-26 15:00:00+00:00,94417.96875,1801.2921142578125
2025-04-26 16:00:00+00:00,94324.7578125,1802.9190673828125
2025-04-26 17:00:00+00:00,94349.1875,1804.882568359375
2025-04-26 18:00:00+00:00,94206.078125,1804.9447021484375
2025-04-26 19:00:00+00:00,94277.0546875,1810.2049560546875
2025-04-26 20:00:00+00:00,94200.515625,1808.0250244140625
2025-04-26 21:00:00+00:00,94370.5390625,1813.06787109375
2025-04-26 22:00:00+00:00,94702.5390625,1816.728271484375
2025-04-26 23:00:00+00:00,94660.90625,1822.175537109375
2025-04-27 00:00:00+00:00,94932.5,1843.5443115234375
2025-04-27 01:00:00+00:00,94179.9140625,1806.75732421875
2025-04-27 02:00:00+00:00,94346.5703125,1813.74560546875
2025-04-27 03:00:00+00:00,94188.0390625,1809.686767578125
2025-04-27 04:00:00+00:00,94085.421875,1800.19775390625
2025-04-27 05:00:00+00:00,93936.7890625,1797.82861328125
2025-04-27 06:00:00+00:00,94042.9375,1801.611328125
2025-04-27 07:00:00+00:00,94105.1015625,1804.300537109375
2025-04-27 08:00:00+00:00,94249.9765625,1810.9501953125
2025-04-27 09:00:00+00:00,94195.0,1811.4097900390625
2025-04-27 10:00:00+00:00,94042.4765625,1809.1376953125
2025-04-27 11:00:00+00:00,93996.9375,1807.9591064453125
2025-04-27 12:00:00+00:00,93812.4453125,1797.348388671875
2025-04-27 13:00:00+00:00,94103.015625,1798.8673095703125
2025-04-27 14:00:00+00:00,94002.5625,1797.8323974609375
2025-04-27 15:00:00+00:00,93959.15625,1794.809814453125
2025-04-27 16:00:00+00:00,93801.2265625,1794.4202880859375
2025-04-27 17:00:00+00:00,94089.171875,1799.24169921875
2025-04-27 18:00:00+00:00,94317.4765625,1804.2261962890625
2025-04-27 19:00:00+00:00,94436.8125,1807.594482421875
2025-04-27 20:00:00+00:00,94340.15625,1803.8203125
2025-04-27 21:00:00+00:00,94400.078125,1804.9114990234375
2025-04-27 22:00:00+00:00,93987.5,1795.1015625
2025-04-27 23:00:00+00:00,93755.3046875,1792.4461669921875
2025-04-28 00:00:00+00:00,93453.4453125,1773.8736572265625
2025-04-28 01:00:00+00:00,92955.2578125,1765.1390380859375
2025-04-28 02:00:00+00:00,93606.5,1772.92919921875
2025-04-28 03:00:00+00:00,93895.171875,1785.07861328125
2025-04-28 04:00:00+00:00,94037.5390625,1787.620849609375
2025-04-28 05:00:00+00:00,94260.28125,1795.3287353515625
2025-04-28 06:00:00+00:00,94636.71875,1804.72705078125
2025-04-28 07:00:00+00:00,94730.0,1805.439208984375
2025-04-28 08:00:00+00:00,94719.8203125,1809.468994140625
2025-04-28 09:00:00+00:00,94766.0546875,1808.3328857421875
2025-04-28 10:00:00+00:00,95083.2421875,1816.1854248046875
2025-04-28 11:00:00+00:00,95274.96875,1816.2994384765625
2025-04-28 12:00:00+00:00,95406.7734375,1809.1494140625
2025-04-28 13:00:00+00:00,94109.7890625,1785.1334228515625
2025-04-28 14:00:00+00:00,94440.3046875,1782.5386962890625
2025-04-28 15:00:00+00:00,93787.671875,1761.081298828125
2025-04-28 16:00:00+00:00,93721.5078125,1758.0684814453125
2025-04-28 17:00:00+00:00,94114.921875,1772.0782470703125
2025-04-28 18:00:00+00:00,94239.5390625,1776.96923828125
2025-04-28 19:00:00+00:00,94834.171875,1798.9581298828125
2025-04-28 20:00:00+00:00,94516.515625,1787.3056640625
2025-04-28 21:00:00+00:00,94542.0625,1791.0048828125
2025-04-28 22:00:00+00:00,94852.4921875,1802.009521484375
2025-04-28 23:00:00+00:00,94981.859375,1798.9122314453125
2025-04-29 00:00:00+00:00,95065.8125,1802.1407470703125
2025-04-29 01:00:00+00:00,94989.7578125,1799.029052734375
2025-04-29 02:00:00+00:00,94667.6953125,1795.509765625
2025-04-29 03:00:00+00:00,94695.6484375,1802.4559326171875
2025-04-29 04:00:00+00:00,94361.671875,1792.8585205078125
2025-04-29 05:00:00+00:00,94310.875,1795.72412109375
2025-04-29 06:00:00+00:00,94833.59375,1821.68603515625
2025-04-29 07:00:00+00:00,94963.578125,1821.5797119140625
2025-04-29 08:00:00+00:00,95033.21875,1832.9925537109375
2025-04-29 09:00:00+00:00,95026.375,1833.488037109375
2025-04-29 10:00:00+00:00,94832.484375,1826.192138671875
2025-04-29 11:00:00+00:00,95171.171875,1830.248046875
2025-04-29 12:00:00+00:00,94853.2890625,1823.0675048828125
2025-04-29 13:00:00+00:00,94962.2734375,1817.5784912109375
2025-04-29 14:00:00+00:00,95083.453125,1823.694091796875
2025-04-29 15:00:00+00:00,94846.7890625,1815.9132080078125
2025-04-29 16:00:00+00:00,95004.3046875,1816.235595703125
2025-04-29 17:00:00+00:00,95308.46875,1827.079345703125
2025-04-29 18:00:00+00:00,95433.9609375,1826.85693359375
2025-04-29 19:00:00+00:00,95372.0625,1823.9801025390625
2025-04-29 20:00:00+00:00,94874.9375,1810.586669921875
2025-04-29 21:00:00+00:00,94780.7109375,1800.974365234375
2025-04-29 22:00:00+00:00,94217.5390625,1794.7474365234375
2025-04-29 23:00:00+00:00,94286.46875,1799.2091064453125
2025-04-30 00:00:00+00:00,94496.8671875,1805.0574951171875
2025-04-30 01:00:00+00:00,94544.484375,1798.2930908203125
2025-04-30 02:00:00+00:00,94657.359375,1804.0089111328125
2025-04-30 03:00:00+00:00,95023.671875,1809.2255859375
2025-04-30 04:00:00+00:00,95065.859375,1812.87353515625
2025-04-30 05:00:00+00:00,94913.0859375,1805.66064453125
2025-04-30 06:00:00+00:00,94779.71875,1804.3994140625
2025-04-30 07:00:00+00:00,94621.2578125,1795.8963623046875
2025-04-30 08:00:00+00:00,94725.25,1796.634033203125
2025-04-30 09:00:00+00:00,94989.515625,1806.8399658203125
2025-04-30 10:00:00+00:00,94950.9140625,1808.37939453125
2025-04-30 11:00:00+00:00,95223.5390625,1815.831298828125
2025-04-30 12:00:00+00:00,94641.78125,1778.5028076171875
2025-04-30 13:00:00+00:00,93088.8203125,1743.5115966796875
2025-04-30 14:00:00+00:00,93829.0859375,1761.673583984375
2025-04-30 15:00:00+00:00,94036.4453125,1764.911376953125
2025-04-30 16:00:00+00:00,93956.8671875,1768.390380859375
2025-04-30 17:00:00+00:00,94110.4765625,1776.8104248046875
2025-04-30 18:00:00+00:00,94103.2109375,1782.62109375
2025-04-30 19:00:00+00:00,94237.2421875,1787.52392578125
2025-04-30 20:00:00+00:00,94653.3671875,1794.6883544921875
2025-04-30 21:00:00+00:00,94419.125,1793.730712890625
2025-04-30 22:00:00+00:00,94120.5546875,1795.867431640625
2025-04-30 23:00:00+00:00,94212.859375,1793.5863037109375
2025-05-01 00:00:00+00:00,94372.2890625,1796.96337890625
2025-05-01 01:00:00+00:00,94610.8203125,1808.6815185546875
2025-05-01 02:00:00+00:00,94833.171875,1808.4737548828125
2025-05-01 03:00:00+00:00,94788.671875,1808.1986083984375
2025-05-01 04:00:00+00:00,94882.953125,1810.15869140625
2025-05-01 05:00:00+00:00,95156.1796875,1813.586669921875
2025-05-01 06:00:00+00:00,94888.28125,1807.35107421875
2025-05-01 07:00:00+00:00,95050.1484375,1811.9892578125
2025-05-01 08:00:00+00:00,95212.5078125,1818.3701171875
2025-05-01 09:00:00+00:00,95627.0625,1820.8201904296875
2025-05-01 10:00:00+00:00,96192.140625,1845.4776611328125
2025-05-01 11:00:00+00:00,96214.0,1845.57958984375
2025-05-01 12:00:00+00:00,96388.3984375,1849.7374267578125
2025-05-01 13:00:00+00:00,95895.8671875,1827.868896484375
2025-05-01 14:00:00+00:00,96862.9609375,1848.2059326171875
2025-05-01 15:00:00+00:00,96926.359375,1853.760498046875
2025-05-01 16:00:00+00:00,97106.921875,1861.6646728515625
2025-05-01 17:00:00+00:00,96807.9453125,1856.3651123046875
2025-05-01 18:00:00+00:00,96891.0390625,1856.4844970703125
2025-05-01 19:00:00+00:00,96538.296875,1842.59521484375
2025-05-01 20:00:00+00:00,96457.734375,1840.81689453125
2025-05-01 21:00:00+00:00,96523.4296875,1844.9088134765625
2025-05-01 22:00:00+00:00,96399.59375,1839.79443359375
2025-05-01 23:00:00+00:00,96494.96875,1839.820068359375
2025-05-02 00:00:00+00:00,97038.0078125,1847.553466796875
2025-05-02 01:00:00+00:00,97018.6171875,1844.092041015625
2025-05-02 02:00:00+00:00,96996.3515625,1848.103271484375
2025-05-02 03:00:00+00:00,97134.0234375,1848.4256591796875
2025-05-02 04:00:00+00:00,96959.6328125,1842.178466796875
2025-05-02 05:00:00+00:00,96720.578125,1832.772705078125
2025-05-02 06:00:00+00:00,96714.0546875,1832.427490234375
2025-05-02 07:00:00+00:00,96419.15625,1817.48388671875
2025-05-02 08:00:00+00:00,96639.6796875,1822.972900390625
2025-05-02 09:00:00+00:00,96660.8046875,1822.3955078125
2025-05-02 10:00:00+00:00,96871.328125,1829.500732421875
2025-05-02 11:00:00+00:00,96969.28125,1833.1373291015625
2025-05-02 12:00:00+00:00,97179.1171875,1840.21533203125
2025-05-02 13:00:00+00:00,96776.296875,1833.0186767578125
2025-05-02 14:00:00+00:00,97788.7265625,1848.3980712890625
2025-05-02 15:00:00+00:00,97394.171875,1840.9801025390625
2025-05-02 16:00:00+00:00,97398.4140625,1852.514404296875
2025-05-02 17:00:00+00:00,97458.578125,1852.908447265625
2025-05-02 18:00:00+00:00,97212.9375,1849.105224609375
2025-05-02 19:00:00+00:00,96983.0703125,1838.936767578125
2025-05-02 20:00:00+00:00,97043.5,1847.6842041015625
2025-05-02 21:00:00+00:00,96804.671875,1839.4766845703125
2025-05-02 22:00:00+00:00,96661.3515625,1835.762451171875
2025-05-02 23:00:00+00:00,96904.6328125,1842.7181396484375
2025-05-03 00:00:00+00:00,96707.8046875,1838.8372802734375
2025-05-03 01:00:00+00:00,96499.8984375,1829.067626953125
2025-05-03 02:00:00+00:00,96573.4765625,1834.6455078125
2025-05-03 03:00:00+00:00,96389.1328125,1835.6036376953125
2025-05-03 04:00:00+00:00,96534.84375,1839.0975341796875
2025-05-03 05:00:00+00:00,96478.234375,1834.3817138671875
2025-05-03 06:00:00+00:00,96235.0390625,1827.8472900390625
2025-05-03 07:00:00+00:00,96375.796875,1827.505615234375
2025-05-03 08:00:00+00:00,96328.59375,1825.888916015625
2025-05-03 09:00:00+00:00,96266.0546875,1825.0247802734375
2025-05-03 10:00:00+00:00,95914.9375,1822.0433349609375
2025-05-03 11:00:00+00:00,95955.53125,1824.63720703125
2025-05-03 12:00:00+00:00,96145.0,1830.4776611328125
2025-05-03 13:00:00+00:00,96321.046875,1834.918701171875
2025-05-03 14:00:00+00:00,96389.71875,1834.8802490234375
2025-05-03 15:00:00+00:00,96442.15625,1835.3465576171875
2025-05-03 16:00:00+00:00,96237.7265625,1827.674560546875
2025-05-03 17:00:00+00:00,96208.140625,1824.6243896484375
2025-05-03 18:00:00+00:00,96151.65625,1826.0303955078125
2025-05-03 19:00:00+00:00,96383.1953125,1839.0205078125
2025-05-03 20:00:00+00:00,96345.0078125,1838.7049560546875
2025-05-03 21:00:00+00:00,96282.5,1840.1800537109375
2025-05-03 22:00:00+00:00,96201.0703125,1842.76513671875
2025-05-03 23:00:00+00:00,95877.1875,1833.647216796875
2025-05-04 00:00:00+00:00,95897.765625,1838.3228759765625
2025-05-04 01:00:00+00:00,96127.5390625,1838.950927734375
2025-05-04 02:00:00+00:00,95926.15625,1834.6802978515625
2025-05-04 03:00:00+00:00,95811.625,1833.814208984375
2025-05-04 04:00:00+00:00,95760.765625,1831.7132568359375
2025-05-04 05:00:00+00:00,96061.7265625,1847.8465576171875
2025-05-04 06:00:00+00:00,95928.8125,1845.2274169921875
2025-05-04 07:00:00+00:00,95886.1875,1840.518798828125
2025-05-04 08:00:00+00:00,95664.96875,1832.235595703125
2025-05-04 09:00:00+00:00,95512.40625,1827.1695556640625
2025-05-04 10:00:00+00:00,95449.359375,1828.0428466796875
2025-05-04 11:00:00+00:00,95418.0859375,1828.088623046875
2025-05-04 12:00:00+00:00,95486.703125,1830.939697265625
2025-05-04 13:00:00+00:00,95387.53125,1825.7308349609375
2025-05-04 14:00:00+00:00,95642.4296875,1832.20458984375
2025-05-04 15:00:00+00:00,95474.78125,1830.6856689453125
2025-05-04 16:00:00+00:00,95339.75,1827.8475341796875
2025-05-04 17:00:00+00:00,95428.8515625,1829.24462890625
2025-05-04 18:00:00+00:00,95418.1953125,1827.168701171875
2025-05-04 19:00:00+00:00,95571.0,1828.8760986328125
2025-05-04 20:00:00+00:00,95705.953125,1835.8204345703125
2025-05-04 21:00:00+00:00,95702.8515625,1835.704833984375
2025-05-04 22:00:00+00:00,95021.2890625,1817.8238525390625
2025-05-04 23:00:00+00:00,94319.5625,1808.7049560546875
2025-05-05 00:00:00+00:00,94733.7578125,1817.708251953125
2025-05-05 01:00:00+00:00,93939.5,1791.5128173828125
2025-05-05 02:00:00+00:00,94248.453125,1799.535888671875
2025-05-05 03:00:00+00:00,94055.65625,1796.2403564453125
2025-05-05 04:00:00+00:00,94422.71875,1805.332763671875
2025-05-05 05:00:00+00:00,94656.109375,1816.1646728515625
2025-05-05 06:00:00+00:00,94767.703125,1820.420166015625
2025-05-05 07:00:00+00:00,94732.921875,1826.1749267578125
2025-05-05 08:00:00+00:00,94562.078125,1828.110107421875
2025-05-05 09:00:00+00:00,94572.1015625,1823.6739501953125
2025-05-05 10:00:00+00:00,94135.96875,1804.2138671875
2025-05-05 11:00:00+00:00,94098.9453125,1806.0582275390625
2025-05-05 12:00:00+00:00,94336.3359375,1804.48974609375
2025-05-05 13:00:00+00:00,94121.0078125,1807.101806640625
2025-05-05 14:00:00+00:00,93890.3984375,1804.0760498046875
2025-05-05 15:00:00+00:00,93708.7734375,1800.1544189453125
2025-05-05 16:00:00+00:00,94197.84375,1807.7259521484375
2025-05-05 17:00:00+00:00,94509.4140625,1814.6175537109375
2025-05-05 18:00:00+00:00,94726.6171875,1822.1395263671875
2025-05-05 19:00:00+00:00,94367.7734375,1815.1666259765625
2025-05-05 20:00:00+00:00,94236.140625,1809.3021240234375
2025-05-05 21:00:00+00:00,94692.5859375,1816.4658203125
2025-05-05 22:00:00+00:00,95044.609375,1826.0142822265625
2025-05-05 23:00:00+00:00,94748.3828125,1819.7340087890625
2025-05-06 00:00:00+00:00,94566.03125,1813.2015380859375
2025-05-06 01:00:00+00:00,94352.171875,1805.005615234375
2025-05-06 02:00:00+00:00,94297.109375,1802.7652587890625
2025-05-06 03:00:00+00:00,94459.703125,1806.581787109375
2025-05-06 04:00:00+00:00,94552.625,1806.6541748046875
2025-05-06 05:00:00+00:00,94321.640625,1798.686279296875
2025-05-06 06:00:00+00:00,94446.53125,1805.2445068359375
2025-05-06 07:00:00+00:00,94414.4609375,1806.2388916015625
2025-05-06 08:00:00+00:00,94312.0625,1800.813232421875
2025-05-06 09:00:00+00:00,94186.25,1797.23291015625
2025-05-06 10:00:00+00:00,93908.1484375,1785.034423828125
2025-05-06 11:00:00+00:00,93799.7265625,1767.8660888671875
2025-05-06 12:00:00+00:00,93934.953125,1774.8526611328125
2025-05-06 13:00:00+00:00,93625.703125,1760.8934326171875
2025-05-06 14:00:00+00:00,94158.6953125,1768.88037109375
2025-05-06 15:00:00+00:00,94558.671875,1770.24169921875
2025-05-06 16:00:00+00:00,94264.328125,1762.5709228515625
2025-05-06 17:00:00+00:00,94531.78125,1767.2249755859375
2025-05-06 18:00:00+00:00,95049.2734375,1788.1566162109375
2025-05-06 19:00:00+00:00,94948.0859375,1785.3970947265625
2025-05-06 20:00:00+00:00,94718.890625,1774.0384521484375
2025-05-06 21:00:00+00:00,94670.890625,1774.8914794921875
2025-05-06 22:00:00+00:00,96279.9921875,1809.836669921875
2025-05-06 23:00:00+00:00,96800.1953125,1815.0189208984375
2025-05-07 00:00:00+00:00,97344.5859375,1838.3519287109375
2025-05-07 01:00:00+00:00,97220.3125,1831.387939453125
2025-05-07 02:00:00+00:00,96625.6484375,1824.52734375
2025-05-07 03:00:00+00:00,96498.4140625,1825.9298095703125
2025-05-07 04:00:00+00:00,96548.109375,1828.2049560546875
2025-05-07 05:00:00+00:00,96377.671875,1827.9752197265625
2025-05-07 06:00:00+00:00,96550.0,1830.3924560546875
2025-05-07 07:00:00+00:00,97023.5,1838.277587890625
2025-05-07 08:00:00+00:00,97009.53125,1840.9078369140625
2025-05-07 09:00:00+00:00,96970.484375,1844.047607421875
2025-05-07 10:00:00+00:00,97039.2265625,1834.1063232421875
2025-05-07 11:00:00+00:00,97007.828125,1835.6297607421875
2025-05-07 12:00:00+00:00,96960.5546875,1830.5889892578125
2025-05-07 13:00:00+00:00,97014.65625,1829.0889892578125
2025-05-07 14:00:00+00:00,96938.171875,1822.4486083984375
2025-05-07 15:00:00+00:00,96970.6953125,1818.496337890625
2025-05-07 16:00:00+00:00,96880.875,1812.7559814453125
2025-05-07 17:00:00+00:00,96284.9765625,1795.0072021484375
2025-05-07 18:00:00+00:00,96554.2734375,1806.332763671875
2025-05-07 19:00:00+00:00,96197.09375,1797.0858154296875
2025-05-07 20:00:00+00:00,96727.28125,1796.781005859375
2025-05-07 21:00:00+00:00,97146.859375,1803.4937744140625
2025-05-07 22:00:00+00:00,97248.8984375,1817.486083984375
2025-05-07 23:00:00+00:00,97034.25,1811.54638671875
2025-05-08 00:00:00+00:00,97621.1875,1824.5107421875
2025-05-08 01:00:00+00:00,97800.9296875,1821.6837158203125
2025-05-08 02:00:00+00:00,98683.1171875,1841.3436279296875
2025-05-08 03:00:00+00:00,99143.9921875,1901.4769287109375
2025-05-08 04:00:00+00:00,98968.3671875,1894.250732421875
2025-05-08 05:00:00+00:00,98761.0234375,1897.217041015625
2025-05-08 06:00:00+00:00,99021.8359375,1909.531494140625
2025-05-08 07:00:00+00:00,99259.609375,1928.429443359375
2025-05-08 08:00:00+00:00,99718.34375,1935.687744140625
2025-05-08 09:00:00+00:00,99769.8515625,1939.841796875
2025-05-08 10:00:00+00:00,99860.5,1963.4036865234375
2025-05-08 11:00:00+00:00,99445.6796875,1956.0797119140625
2025-05-08 12:00:00+00:00,99307.0078125,1960.705078125
2025-05-08 13:00:00+00:00,99293.3515625,1975.0069580078125
2025-05-08 14:00:00+00:00,99494.28125,1993.7294921875
2025-05-08 15:00:00+00:00,100842.921875,2050.999267578125
2025-05-08 16:00:00+00:00,101323.0546875,2048.4541015625
2025-05-08 17:00:00+00:00,101029.6328125,2046.326416015625
2025-05-08 18:00:00+00:00,101381.859375,2066.126220703125
2025-05-08 19:00:00+00:00,101135.890625,2127.5966796875
2025-05-08 20:00:00+00:00,102553.375,2181.624755859375
2025-05-08 21:00:00+00:00,102775.4921875,2178.498046875
2025-05-08 22:00:00+00:00,102914.453125,2179.31591796875
2025-05-08 23:00:00+00:00,103239.125,2206.128173828125
2025-05-09 00:00:00+00:00,102757.4453125,2201.9443359375
2025-05-09 01:00:00+00:00,103076.3046875,2207.606201171875
2025-05-09 02:00:00+00:00,102526.640625,2214.725341796875
2025-05-09 03:00:00+00:00,102404.171875,2204.022216796875
2025-05-09 04:00:00+00:00,102781.3359375,2214.72021484375
2025-05-09 05:00:00+00:00,102936.296875,2212.946533203125
2025-05-09 06:00:00+00:00,103194.921875,2252.80419921875
2025-05-09 07:00:00+00:00,103727.40625,2368.02099609375
2025-05-09 08:00:00+00:00,102924.234375,2415.123779296875
2025-05-09 09:00:00+00:00,102919.921875,2339.41455078125
2025-05-09 10:00:00+00:00,103404.546875,2344.9638671875
2025-05-09 11:00:00+00:00,103010.375,2349.8134765625
2025-05-09 12:00:00+00:00,102890.3671875,2338.556396484375
2025-05-09 13:00:00+00:00,103717.921875,2371.972412109375
2025-05-09 14:00:00+00:00,103136.1875,2306.256103515625
2025-05-09 15:00:00+00:00,102872.546875,2300.79638671875
2025-05-09 16:00:00+00:00,102377.6875,2295.78369140625
2025-05-09 17:00:00+00:00,103199.71875,2350.89404296875
2025-05-09 18:00:00+00:00,103248.21875,2342.713623046875
2025-05-09 19:00:00+00:00,103134.65625,2328.153076171875
2025-05-09 20:00:00+00:00,103185.5703125,2339.6416015625
2025-05-09 21:00:00+00:00,102957.0,2337.10595703125
2025-05-09 22:00:00+00:00,102793.5390625,2334.52978515625
2025-05-09 23:00:00+00:00,102974.2578125,2345.806396484375
2025-05-10 00:00:00+00:00,102862.1875,2327.58251953125
2025-05-10 01:00:00+00:00,103004.6328125,2340.030029296875
2025-05-10 02:00:00+00:00,103135.1640625,2340.92578125
2025-05-10 03:00:00+00:00,103196.5703125,2340.643310546875
2025-05-10 04:00:00+00:00,103160.4375,2336.73193359375
2025-05-10 05:00:00+00:00,103332.5078125,2352.767333984375
2025-05-10 06:00:00+00:00,103691.8671875,2361.040771484375
2025-05-10 07:00:00+00:00,103817.40625,2405.835693359375
2025-05-10 08:00:00+00:00,103605.0078125,2380.27734375
2025-05-10 09:00:00+00:00,103813.703125,2409.8359375
2025-05-10 10:00:00+00:00,103646.0703125,2401.78662109375
2025-05-10 11:00:00+00:00,103415.7890625,2383.569091796875
2025-05-10 12:00:00+00:00,103652.359375,2407.850830078125
2025-05-10 13:00:00+00:00,103627.7421875,2436.40673828125
2025-05-10 14:00:00+00:00,103536.15625,2435.6435546875
2025-05-10 15:00:00+00:00,103176.0546875,2437.7763671875
2025-05-10 16:00:00+00:00,103406.3515625,2462.13525390625
2025-05-10 17:00:00+00:00,103223.5,2464.32275390625
2025-05-10 18:00:00+00:00,103266.578125,2497.0107421875
2025-05-10 19:00:00+00:00,103207.4453125,2500.261474609375
2025-05-10 20:00:00+00:00,103186.765625,2492.802001953125
2025-05-10 21:00:00+00:00,103756.359375,2539.834228515625
2025-05-10 22:00:00+00:00,103638.3515625,2581.59521484375
2025-05-10 23:00:00+00:00,104701.0703125,2582.71044921875
2025-05-11 00:00:00+00:00,104408.3828125,2542.46728515625
2025-05-11 01:00:00+00:00,104077.7109375,2525.24853515625
2025-05-11 02:00:00+00:00,103757.65625,2539.966796875
2025-05-11 03:00:00+00:00,104055.6796875,2538.134521484375
2025-05-11 04:00:00+00:00,104153.9140625,2542.382080078125
2025-05-11 05:00:00+00:00,103834.7578125,2556.6298828125
2025-05-11 06:00:00+00:00,103860.484375,2522.764404296875
2025-05-11 07:00:00+00:00,103425.828125,2474.4775390625
2025-05-11 08:00:00+00:00,103864.234375,2482.59423828125
2025-05-11 09:00:00+00:00,104353.4375,2516.233642578125
2025-05-11 10:00:00+00:00,104535.65625,2508.10400390625
2025-05-11 11:00:00+00:00,104674.3828125,2532.9658203125
2025-05-11 12:00:00+00:00,104636.7890625,2516.991943359375
2025-05-11 13:00:00+00:00,104085.578125,2474.50732421875
2025-05-11 14:00:00+00:00,104244.984375,2488.510986328125
2025-05-11 15:00:00+00:00,104156.5390625,2464.07470703125
2025-05-11 16:00:00+00:00,103981.625,2470.428466796875
2025-05-11 17:00:00+00:00,104071.46875,2492.6806640625
2025-05-11 18:00:00+00:00,104554.0,2501.47021484375
2025-05-11 19:00:00+00:00,104438.7890625,2509.71484375
2025-05-11 20:00:00+00:00,104306.3359375,2510.97119140625
2025-05-11 21:00:00+00:00,104320.8125,2516.812255859375
2025-05-11 22:00:00+00:00,103798.9296875,2502.759033203125
2025-05-11 23:00:00+00:00,104106.9609375,2510.289306640625
2025-05-12 00:00:00+00:00,104592.6796875,2531.23291015625
2025-05-12 01:00:00+00:00,104025.3046875,2505.94873046875
2025-05-12 02:00:00+00:00,103885.7265625,2520.3408203125
2025-05-12 03:00:00+00:00,104078.9296875,2518.9951171875
2025-05-12 04:00:00+00:00,104079.2578125,2520.79541015625
2025-05-12 05:00:00+00:00,103933.296875,2496.014892578125
2025-05-12 06:00:00+00:00,104376.625,2519.357421875
2025-05-12 07:00:00+00:00,104466.96875,2553.945556640625
2025-05-12 08:00:00+00:00,104622.9921875,2575.25634765625
2025-05-12 09:00:00+00:00,104440.4765625,2550.45556640625
2025-05-12 10:00:00+00:00,104507.0078125,2560.185302734375
2025-05-12 11:00:00+00:00,103747.546875,2531.1826171875
2025-05-12 12:00:00+00:00,103934.921875,2555.996826171875
2025-05-12 13:00:00+00:00,104282.0234375,2561.8017578125
2025-05-12 14:00:00+00:00,102823.6640625,2505.499755859375
2025-05-12 15:00:00+00:00,102535.0078125,2485.393310546875
2025-05-12 16:00:00+00:00,102840.4453125,2499.798583984375
2025-05-12 17:00:00+00:00,102569.453125,2475.784912109375
2025-05-12 18:00:00+00:00,101717.5,2440.39404296875
2025-05-12 19:00:00+00:00,101806.8359375,2460.143798828125
2025-05-12 20:00:00+00:00,102715.2890625,2488.6181640625
2025-05-12 21:00:00+00:00,102545.7890625,2479.9375
2025-05-12 22:00:00+00:00,102864.3828125,2487.634033203125
2025-05-12 23:00:00+00:00,102812.4921875,2496.33740234375
2025-05-13 00:00:00+00:00,102290.5546875,2465.070556640625
2025-05-13 01:00:00+00:00,102486.0,2456.998291015625
2025-05-13 02:00:00+00:00,102054.34375,2441.095703125
2025-05-13 03:00:00+00:00,101756.9296875,2426.87255859375
2025-05-13 04:00:00+00:00,102729.2421875,2457.61865234375
2025-05-13 05:00:00+00:00,102453.6640625,2449.587158203125
2025-05-13 06:00:00+00:00,102547.78125,2454.7421875
2025-05-13 07:00:00+00:00,102644.203125,2460.52392578125
2025-05-13 08:00:00+00:00,102746.5546875,2459.567626953125
2025-05-13 09:00:00+00:00,103485.578125,2485.109375
2025-05-13 10:00:00+00:00,103609.734375,2483.829345703125
2025-05-13 11:00:00+00:00,103687.078125,2512.74462890625
2025-05-13 12:00:00+00:00,103703.5078125,2525.045166015625
2025-05-13 13:00:00+00:00,103782.71875,2551.515625
2025-05-13 14:00:00+00:00,103191.15625,2544.364990234375
2025-05-13 15:00:00+00:00,103656.6953125,2566.568115234375
2025-05-13 16:00:00+00:00,103784.71875,2597.6689453125
2025-05-13 17:00:00+00:00,104288.9296875,2608.252197265625
2025-05-13 18:00:00+00:00,104372.9609375,2667.9794921875
2025-05-13 19:00:00+00:00,104718.34375,2686.003662109375
2025-05-13 20:00:00+00:00,104629.625,2689.83251953125
2025-05-13 21:00:00+00:00,104366.6875,2687.793701171875
2025-05-13 22:00:00+00:00,104163.515625,2682.90625
2025-05-13 23:00:00+00:00,104167.328125,2680.26220703125
2025-05-14 00:00:00+00:00,103921.6640625,2698.46533203125
2025-05-14 01:00:00+00:00,103767.5234375,2671.564453125
2025-05-14 02:00:00+00:00,103718.515625,2641.736328125
2025-05-14 03:00:00+00:00,103570.0,2644.173583984375
2025-05-14 04:00:00+00:00,103717.421875,2666.071044921875
2025-05-14 05:00:00+00:00,103857.3046875,2673.65185546875
2025-05-14 06:00:00+00:00,103761.59375,2674.90185546875
2025-05-14 07:00:00+00:00,103775.3671875,2647.46337890625
2025-05-14 08:00:00+00:00,103482.8125,2612.658447265625
2025-05-14 09:00:00+00:00,103488.515625,2608.316162109375
2025-05-14 10:00:00+00:00,103752.28125,2597.966064453125
2025-05-14 11:00:00+00:00,103917.234375,2623.5029296875
2025-05-14 12:00:00+00:00,104011.2109375,2613.260009765625
2025-05-14 13:00:00+00:00,103871.546875,2603.2578125
2025-05-14 14:00:00+00:00,103276.1484375,2583.637451171875
2025-05-14 15:00:00+00:00,103488.6953125,2596.11376953125
2025-05-14 16:00:00+00:00,103384.6171875,2588.749755859375
2025-05-14 17:00:00+00:00,103248.8828125,2587.998046875
2025-05-14 18:00:00+00:00,103406.953125,2606.087646484375
2025-05-14 19:00:00+00:00,103299.3046875,2607.26708984375
2025-05-14 20:00:00+00:00,103564.7265625,2600.500732421875
2025-05-14 21:00:00+00:00,103629.21875,2607.314208984375
2025-05-14 22:00:00+00:00,103511.5078125,2594.583984375
2025-05-14 23:00:00+00:00,103538.828125,2610.02783203125
2025-05-15 00:00:00+00:00,103806.5546875,2631.8515625
2025-05-15 01:00:00+00:00,103062.6875,2576.712890625
2025-05-15 02:00:00+00:00,103073.8359375,2590.083251953125
2025-05-15 03:00:00+00:00,102780.8125,2575.56396484375
2025-05-15 04:00:00+00:00,102903.890625,2594.36962890625
2025-05-15 05:00:00+00:00,102388.453125,2568.30517578125
2025-05-15 06:00:00+00:00,102233.9375,2572.5244140625
2025-05-15 07:00:00+00:00,101819.8515625,2530.63671875
2025-05-15 08:00:00+00:00,102325.1328125,2564.042724609375
2025-05-15 09:00:00+00:00,101898.3359375,2538.5517578125
2025-05-15 10:00:00+00:00,101754.7109375,2540.66748046875
2025-05-15 11:00:00+00:00,102374.3203125,2553.64111328125
2025-05-15 12:00:00+00:00,102535.328125,2553.09423828125
2025-05-15 13:00:00+00:00,102146.3046875,2528.43701171875
2025-05-15 14:00:00+00:00,101945.0546875,2499.555908203125
2025-05-15 15:00:00+00:00,103227.4765625,2564.81884765625
2025-05-15 16:00:00+00:00,103783.046875,2595.916748046875
2025-05-15 17:00:00+00:00,103981.28125,2573.411865234375
2025-05-15 18:00:00+00:00,102679.7109375,2521.90625
2025-05-15 19:00:00+00:00,103219.03125,2530.991943359375
2025-05-15 20:00:00+00:00,103468.40625,2537.58203125
2025-05-15 21:00:00+00:00,103267.3359375,2539.46728515625
2025-05-15 22:00:00+00:00,103521.234375,2544.059814453125
2025-05-15 23:00:00+00:00,103735.65625,2547.058349609375
2025-05-16 00:00:00+00:00,103732.1640625,2542.416748046875
2025-05-16 01:00:00+00:00,104028.8984375,2565.54052734375
2025-05-16 02:00:00+00:00,104182.0,2574.55517578125
2025-05-16 03:00:00+00:00,104033.7421875,2581.93994140625
2025-05-16 04:00:00+00:00,103916.515625,2573.098388671875
2025-05-16 05:00:00+00:00,103933.5,2594.729736328125
2025-05-16 06:00:00+00:00,103987.6796875,2596.34765625
2025-05-16 07:00:00+00:00,103732.0546875,2600.829833984375
2025-05-16 08:00:00+00:00,103421.015625,2574.24462890625
2025-05-16 09:00:00+00:00,103808.6953125,2613.163818359375
2025-05-16 10:00:00+00:00,103857.40625,2626.60498046875
2025-05-16 11:00:00+00:00,103676.6640625,2620.876220703125
2025-05-16 12:00:00+00:00,103547.796875,2599.114990234375
2025-05-16 13:00:00+00:00,104081.1953125,2608.152587890625
2025-05-16 14:00:00+00:00,103583.4453125,2584.557373046875
2025-05-16 15:00:00+00:00,104135.71875,2593.280517578125
2025-05-16 16:00:00+00:00,104216.53125,2587.241943359375
2025-05-16 17:00:00+00:00,103865.796875,2575.493896484375
2025-05-16 18:00:00+00:00,103770.1484375,2589.216796875
2025-05-16 19:00:00+00:00,104017.1328125,2591.00244140625
2025-05-16 20:00:00+00:00,103622.4140625,2567.05224609375
2025-05-16 21:00:00+00:00,103608.6953125,2566.83349609375
2025-05-16 22:00:00+00:00,103504.625,2545.024169921875
2025-05-16 23:00:00+00:00,103489.2890625,2536.297607421875
2025-05-17 00:00:00+00:00,103385.109375,2503.89990234375
2025-05-17 01:00:00+00:00,102819.8125,2476.420166015625
2025-05-17 02:00:00+00:00,103274.3359375,2491.587646484375
2025-05-17 03:00:00+00:00,103541.1875,2496.919677734375
2025-05-17 04:00:00+00:00,103652.359375,2507.023681640625
2025-05-17 05:00:00+00:00,103361.2109375,2477.944091796875
2025-05-17 06:00:00+00:00,103489.5234375,2494.08447265625
2025-05-17 07:00:00+00:00,103450.328125,2491.477294921875
2025-05-17 08:00:00+00:00,103430.1328125,2481.31640625
2025-05-17 09:00:00+00:00,102946.671875,2483.74169921875
2025-05-17 10:00:00+00:00,102880.9453125,2484.805908203125
2025-05-17 11:00:00+00:00,103014.3203125,2481.75732421875
2025-05-17 12:00:00+00:00,102951.1953125,2471.741455078125
2025-05-17 13:00:00+00:00,102698.828125,2460.8720703125
2025-05-17 14:00:00+00:00,103150.3671875,2483.077392578125
2025-05-17 15:00:00+00:00,102985.5078125,2477.905029296875
2025-05-17 16:00:00+00:00,102900.953125,2465.5322265625
2025-05-17 17:00:00+00:00,103165.0625,2471.9267578125
2025-05-17 18:00:00+00:00,103003.96875,2466.927978515625
2025-05-17 19:00:00+00:00,103207.40625,2471.7060546875
2025-05-17 20:00:00+00:00,103404.640625,2489.712890625
2025-05-17 21:00:00+00:00,103270.0,2486.664306640625
2025-05-17 22:00:00+00:00,103103.296875,2462.78857421875
2025-05-17 23:00:00+00:00,103186.953125,2475.76953125
2025-05-18 00:00:00+00:00,103399.9609375,2484.31982421875
2025-05-18 01:00:00+00:00,103274.5,2484.847412109375
2025-05-18 02:00:00+00:00,103355.40625,2481.3310546875
2025-05-18 03:00:00+00:00,103300.5390625,2478.095947265625
2025-05-18 04:00:00+00:00,103368.5390625,2486.458984375
2025-05-18 05:00:00+00:00,103651.65625,2512.125244140625
2025-05-18 06:00:00+00:00,103440.859375,2496.140869140625
2025-05-18 07:00:00+00:00,103925.90625,2510.15478515625
2025-05-18 08:00:00+00:00,103921.03125,2518.653564453125
2025-05-18 09:00:00+00:00,103854.640625,2507.703369140625
2025-05-18 10:00:00+00:00,103856.3125,2505.4404296875
2025-05-18 11:00:00+00:00,103826.7578125,2501.837158203125
2025-05-18 12:00:00+00:00,103952.25,2508.38671875
2025-05-18 13:00:00+00:00,104713.1015625,2536.57470703125
2025-05-18 14:00:00+00:00,105268.3984375,2559.567138671875
2025-05-18 15:00:00+00:00,105519.203125,2578.764892578125
2025-05-18 16:00:00+00:00,105896.2421875,2577.031494140625
2025-05-18 17:00:00+00:00,104985.5859375,2492.71630859375
2025-05-18 18:00:00+00:00,104397.53125,2460.505126953125
2025-05-18 19:00:00+00:00,103907.015625,2410.962646484375
2025-05-18 20:00:00+00:00,104162.265625,2396.877685546875
2025-05-18 21:00:00+00:00,104250.7734375,2409.091552734375
2025-05-18 22:00:00+00:00,105810.6171875,2447.238037109375
2025-05-18 23:00:00+00:00,106430.53125,2498.800048828125
2025-05-19 00:00:00+00:00,105256.9296875,2442.87353515625
2025-05-19 01:00:00+00:00,105068.890625,2430.60205078125
2025-05-19 02:00:00+00:00,104627.8125,2402.216552734375
2025-05-19 03:00:00+00:00,103606.625,2386.6416015625
2025-05-19 04:00:00+00:00,102977.1484375,2364.790771484375
2025-05-19 05:00:00+00:00,103023.0625,2378.786865234375
2025-05-19 06:00:00+00:00,102267.296875,2355.550537109375
2025-05-19 07:00:00+00:00,103232.515625,2404.075927734375
2025-05-19 08:00:00+00:00,103191.4453125,2402.466552734375
2025-05-19 09:00:00+00:00,103081.265625,2406.62060546875
2025-05-19 10:00:00+00:00,102973.375,2413.642333984375
2025-05-19 11:00:00+00:00,102980.1953125,2420.0
2025-05-19 12:00:00+00:00,102406.9765625,2394.186279296875
2025-05-19 13:00:00+00:00,103407.671875,2429.790771484375
2025-05-19 14:00:00+00:00,104290.453125,2449.29638671875
2025-05-19 15:00:00+00:00,104832.3203125,2467.783447265625
2025-05-19 16:00:00+00:00,105357.7265625,2504.942626953125
2025-05-19 17:00:00+00:00,105401.8515625,2508.569091796875
2025-05-19 18:00:00+00:00,104755.359375,2487.957275390625
2025-05-19 19:00:00+00:00,105494.4296875,2514.39501953125
2025-05-19 20:00:00+00:00,105450.171875,2521.328857421875
2025-05-19 21:00:00+00:00,105480.546875,2520.66943359375
2025-05-19 22:00:00+00:00,105572.0390625,2504.237548828125
2025-05-19 23:00:00+00:00,105605.40625,2529.135009765625
2025-05-20 00:00:00+00:00,105731.234375,2513.67333984375
2025-05-20 01:00:00+00:00,106639.9375,2546.250244140625
2025-05-20 02:00:00+00:00,106082.28125,2564.151611328125
2025-05-20 03:00:00+00:00,105751.53125,2553.480712890625
2025-05-20 04:00:00+00:00,106209.6328125,2571.4140625
2025-05-20 05:00:00+00:00,106140.921875,2558.59765625
2025-05-20 06:00:00+00:00,105543.2734375,2546.187255859375
2025-05-20 07:00:00+00:00,105084.9453125,2532.388671875
2025-05-20 08:00:00+00:00,105193.5703125,2533.487548828125
2025-05-20 09:00:00+00:00,105302.234375,2527.187255859375
2025-05-20 10:00:00+00:00,105062.7734375,2515.7900390625
2025-05-20 11:00:00+00:00,105222.5078125,2514.85302734375
2025-05-20 12:00:00+00:00,104814.046875,2485.144287109375
2025-05-20 13:00:00+00:00,104472.1484375,2478.22607421875
2025-05-20 14:00:00+00:00,104564.7109375,2470.113037109375
2025-05-20 15:00:00+00:00,105382.1796875,2484.182373046875
2025-05-20 16:00:00+00:00,105231.078125,2476.064697265625
2025-05-20 17:00:00+00:00,106229.7265625,2499.601318359375
2025-05-20 18:00:00+00:00,105297.0390625,2451.253173828125
2025-05-20 19:00:00+00:00,107051.0859375,2503.542724609375
2025-05-20 20:00:00+00:00,106928.625,2512.123291015625
2025-05-20 21:00:00+00:00,106693.2890625,2513.9326171875
2025-05-20 22:00:00+00:00,106836.0625,2514.193359375
2025-05-20 23:00:00+00:00,106791.3125,2524.1591796875
2025-05-21 00:00:00+00:00,106765.203125,2529.74560546875
2025-05-21 01:00:00+00:00,106534.5390625,2535.126220703125
2025-05-21 02:00:00+00:00,106899.9375,2539.85205078125
2025-05-21 03:00:00+00:00,106904.7265625,2545.6533203125
2025-05-21 04:00:00+00:00,107400.0703125,2551.872314453125
2025-05-21 05:00:00+00:00,107633.640625,2597.54833984375
2025-05-21 06:00:00+00:00,107842.640625,2599.185302734375
2025-05-21 07:00:00+00:00,106600.3515625,2552.972900390625
2025-05-21 08:00:00+00:00,106423.5234375,2539.19140625
2025-05-21 09:00:00+00:00,106228.015625,2525.375
2025-05-21 10:00:00+00:00,106362.1484375,2529.308837890625
2025-05-21 11:00:00+00:00,106571.1875,2538.162109375
2025-05-21 12:00:00+00:00,106539.84375,2538.645263671875
2025-05-21 13:00:00+00:00,107465.3984375,2554.212890625
2025-05-21 14:00:00+00:00,108884.9921875,2573.97119140625
2025-05-21 15:00:00+00:00,109026.0390625,2568.066650390625
2025-05-21 16:00:00+00:00,109274.6953125,2590.880126953125
2025-05-21 17:00:00+00:00,106395.4765625,2460.997314453125
2025-05-21 18:00:00+00:00,107047.7734375,2476.156982421875
2025-05-21 19:00:00+00:00,108799.6328125,2517.292724609375
2025-05-21 20:00:00+00:00,108218.2265625,2506.86181640625
2025-05-21 21:00:00+00:00,108494.3125,2506.776123046875
2025-05-21 22:00:00+00:00,108804.2734375,2537.324462890625
2025-05-21 23:00:00+00:00,109673.4921875,2552.766845703125
2025-05-22 00:00:00+00:00,109864.109375,2576.135498046875
2025-05-22 01:00:00+00:00,109893.359375,2575.89306640625
2025-05-22 02:00:00+00:00,110505.9609375,2594.86376953125
2025-05-22 03:00:00+00:00,111804.109375,2635.3505859375
2025-05-22 04:00:00+00:00,111487.7578125,2628.927978515625
2025-05-22 05:00:00+00:00,110906.140625,2613.529052734375
2025-05-22 06:00:00+00:00,110499.0078125,2607.84814453125
2025-05-22 07:00:00+00:00,111099.515625,2633.858642578125
2025-05-22 08:00:00+00:00,110425.0546875,2663.80908203125
2025-05-22 09:00:00+00:00,110781.5859375,2665.08984375
2025-05-22 10:00:00+00:00,110772.421875,2653.472900390625
2025-05-22 11:00:00+00:00,111036.171875,2660.016845703125
2025-05-22 12:00:00+00:00,111555.640625,2658.311279296875
2025-05-22 13:00:00+00:00,111179.6796875,2649.30322265625
2025-05-22 14:00:00+00:00,110731.1171875,2660.121337890625
2025-05-22 15:00:00+00:00,111236.671875,2661.953125
2025-05-22 16:00:00+00:00,111191.9765625,2644.8310546875
2025-05-22 17:00:00+00:00,111539.7109375,2659.7587890625
2025-05-22 18:00:00+00:00,111805.671875,2661.063720703125
2025-05-22 19:00:00+00:00,111056.421875,2631.66015625
2025-05-22 20:00:00+00:00,111068.1015625,2641.13427734375
2025-05-22 21:00:00+00:00,110910.34375,2637.69775390625
2025-05-22 22:00:00+00:00,111045.015625,2635.355712890625
2025-05-22 23:00:00+00:00,111679.359375,2664.08203125
2025-05-23 00:00:00+00:00,111617.3125,2662.13671875
2025-05-23 01:00:00+00:00,111308.1640625,2674.10986328125
2025-05-23 02:00:00+00:00,111228.2265625,2700.69970703125
2025-05-23 03:00:00+00:00,111129.171875,2723.105224609375
2025-05-23 04:00:00+00:00,110730.6015625,2695.16162109375
2025-05-23 05:00:00+00:00,110828.1328125,2695.578857421875
2025-05-23 06:00:00+00:00,110514.359375,2656.7216796875
2025-05-23 07:00:00+00:00,110746.8671875,2655.8037109375
2025-05-23 08:00:00+00:00,110894.7265625,2668.0009765625
2025-05-23 09:00:00+00:00,111312.859375,2683.96923828125
2025-05-23 10:00:00+00:00,111039.0859375,2670.9501953125
2025-05-23 11:00:00+00:00,109068.375,2559.0576171875
2025-05-23 12:00:00+00:00,108533.75,2548.39501953125
2025-05-23 13:00:00+00:00,109665.4609375,2583.271484375
2025-05-23 14:00:00+00:00,109755.4921875,2577.06884765625
2025-05-23 15:00:00+00:00,109137.84375,2569.40869140625
2025-05-23 16:00:00+00:00,109016.5078125,2566.921875
2025-05-23 17:00:00+00:00,109482.5390625,2577.2177734375
2025-05-23 18:00:00+00:00,108783.625,2558.782958984375
2025-05-23 19:00:00+00:00,108866.1640625,2563.781005859375
2025-05-23 20:00:00+00:00,108216.421875,2541.489990234375
2025-05-23 21:00:00+00:00,108149.4765625,2530.73876953125
2025-05-23 22:00:00+00:00,107818.3984375,2540.5185546875
2025-05-23 23:00:00+00:00,107278.5078125,2526.387939453125
2025-05-24 00:00:00+00:00,107375.9765625,2517.708740234375
2025-05-24 01:00:00+00:00,107501.8671875,2525.068115234375
2025-05-24 02:00:00+00:00,107744.6875,2539.176513671875
2025-05-24 03:00:00+00:00,108297.6015625,2550.1904296875
2025-05-24 04:00:00+00:00,108522.9453125,2560.1416015625
2025-05-24 05:00:00+00:00,108240.6640625,2551.099365234375
2025-05-24 06:00:00+00:00,107935.0390625,2546.334716796875
2025-05-24 07:00:00+00:00,107683.015625,2546.29443359375
2025-05-24 08:00:00+00:00,108260.2421875,2557.12548828125
2025-05-24 09:00:00+00:00,108207.09375,2553.853515625
2025-05-24 10:00:00+00:00,109105.75,2570.871826171875
2025-05-24 11:00:00+00:00,109175.640625,2563.378662109375
2025-05-24 12:00:00+00:00,108812.921875,2559.26318359375
2025-05-24 13:00:00+00:00,108609.2734375,2546.59375
2025-05-24 14:00:00+00:00,109019.9296875,2560.922607421875
2025-05-24 15:00:00+00:00,108936.2421875,2555.517578125
2025-05-24 16:00:00+00:00,109021.2890625,2558.19921875
2025-05-24 17:00:00+00:00,108990.1328125,2559.964599609375
2025-05-24 18:00:00+00:00,108816.4609375,2549.034423828125
2025-05-24 19:00:00+00:00,108977.296875,2555.55078125
2025-05-24 20:00:00+00:00,108889.734375,2552.37109375
2025-05-24 21:00:00+00:00,108862.953125,2542.528564453125
2025-05-24 22:00:00+00:00,108075.8828125,2525.63134765625
2025-05-24 23:00:00+00:00,107802.2734375,2530.89013671875
2025-05-25 00:00:00+00:00,107457.78125,2485.42333984375
2025-05-25 01:00:00+00:00,107694.921875,2496.7421875
2025-05-25 02:00:00+00:00,107990.265625,2509.650390625
2025-05-25 03:00:00+00:00,108152.6796875,2514.12451171875
2025-05-25 04:00:00+00:00,108272.546875,2518.43212890625
2025-05-25 05:00:00+00:00,108112.2421875,2512.984619140625
2025-05-25 06:00:00+00:00,107883.3125,2506.499267578125
2025-05-25 07:00:00+00:00,107681.3203125,2493.884033203125
2025-05-25 08:00:00+00:00,107103.4453125,2476.881103515625
2025-05-25 09:00:00+00:00,107100.859375,2495.127197265625
2025-05-25 10:00:00+00:00,106952.4375,2491.323974609375
2025-05-25 11:00:00+00:00,107272.375,2497.600830078125
2025-05-25 12:00:00+00:00,107530.3515625,2516.659912109375
2025-05-25 13:00:00+00:00,107624.25,2516.292724609375
2025-05-25 14:00:00+00:00,107362.9921875,2506.646240234375
2025-05-25 15:00:00+00:00,106982.8359375,2511.561279296875
2025-05-25 16:00:00+00:00,107170.703125,2511.42333984375
2025-05-25 17:00:00+00:00,107387.1015625,2514.216552734375
2025-05-25 18:00:00+00:00,107438.71875,2516.49755859375
2025-05-25 19:00:00+00:00,107779.9375,2530.28271484375
2025-05-25 20:00:00+00:00,107679.390625,2523.50732421875
2025-05-25 21:00:00+00:00,107580.7109375,2517.496826171875
2025-05-25 22:00:00+00:00,109163.234375,2549.5810546875
2025-05-25 23:00:00+00:00,109023.78125,2551.380859375
2025-05-26 00:00:00+00:00,109490.8046875,2571.272705078125
2025-05-26 01:00:00+00:00,109528.625,2558.3828125
2025-05-26 02:00:00+00:00,109426.265625,2554.1728515625
2025-05-26 03:00:00+00:00,109657.28125,2560.93115234375
2025-05-26 04:00:00+00:00,109588.546875,2565.544921875
2025-05-26 05:00:00+00:00,109692.9609375,2570.57958984375
2025-05-26 06:00:00+00:00,109975.25,2585.14208984375
2025-05-26 07:00:00+00:00,110074.953125,2580.60107421875
2025-05-26 08:00:00+00:00,109711.546875,2568.37255859375
2025-05-26 09:00:00+00:00,109694.25,2563.5693359375
2025-05-26 10:00:00+00:00,109635.1953125,2559.975341796875
2025-05-26 11:00:00+00:00,109754.9296875,2567.00146484375
2025-05-26 12:00:00+00:00,109944.5859375,2570.886474609375
2025-05-26 13:00:00+00:00,109605.421875,2550.93505859375
2025-05-26 14:00:00+00:00,109674.0859375,2550.41748046875
2025-05-26 15:00:00+00:00,110030.4140625,2566.46435546875
2025-05-26 16:00:00+00:00,109385.3828125,2541.849853515625
2025-05-26 17:00:00+00:00,109159.546875,2533.331787109375
2025-05-26 18:00:00+00:00,109111.734375,2534.881103515625
2025-05-26 19:00:00+00:00,109144.5625,2542.521728515625
2025-05-26 20:00:00+00:00,109554.875,2562.8408203125
2025-05-26 21:00:00+00:00,109383.484375,2564.995849609375
2025-05-26 22:00:00+00:00,109236.4296875,2560.33349609375
2025-05-26 23:00:00+00:00,109440.40625,2564.140869140625
2025-05-27 00:00:00+00:00,109173.0859375,2551.388427734375
2025-05-27 01:00:00+00:00,108389.3828125,2529.881103515625
2025-05-27 02:00:00+00:00,108309.71875,2536.611328125
2025-05-27 03:00:00+00:00,108921.5703125,2549.9111328125
2025-05-27 04:00:00+00:00,108947.1484375,2558.036865234375
2025-05-27 05:00:00+00:00,108937.578125,2570.34765625
2025-05-27 06:00:00+00:00,108881.1796875,2569.774658203125
2025-05-27 07:00:00+00:00,109485.7890625,2606.876220703125
2025-05-27 08:00:00+00:00,109658.46875,2633.237060546875
2025-05-27 09:00:00+00:00,109864.3515625,2638.105224609375
2025-05-27 10:00:00+00:00,109722.765625,2637.95361328125
2025-05-27 11:00:00+00:00,109569.9609375,2651.239990234375
2025-05-27 12:00:00+00:00,109616.2265625,2647.0888671875
2025-05-27 13:00:00+00:00,109915.8359375,2656.06103515625
2025-05-27 14:00:00+00:00,109330.8671875,2658.930908203125
2025-05-27 15:00:00+00:00,110124.953125,2667.189697265625
2025-05-27 16:00:00+00:00,110256.0546875,2671.58935546875
2025-05-27 17:00:00+00:00,110352.234375,2700.633544921875
2025-05-27 18:00:00+00:00,109912.7109375,2681.469482421875
2025-05-27 19:00:00+00:00,109877.84375,2686.105712890625
2025-05-27 20:00:00+00:00,109634.78125,2668.768310546875
2025-05-27 21:00:00+00:00,108887.8359375,2661.595947265625
2025-05-27 22:00:00+00:00,109096.28125,2661.518798828125
2025-05-27 23:00:00+00:00,108992.171875,2663.01025390625
2025-05-28 00:00:00+00:00,109233.4765625,2658.70947265625
2025-05-28 01:00:00+00:00,108830.984375,2639.1923828125
2025-05-28 02:00:00+00:00,108702.1953125,2639.666259765625
2025-05-28 03:00:00+00:00,108919.7578125,2647.116943359375
2025-05-28 04:00:00+00:00,109004.890625,2648.166748046875
2025-05-28 05:00:00+00:00,109050.2109375,2641.162841796875
2025-05-28 06:00:00+00:00,108761.109375,2628.891845703125
2025-05-28 07:00:00+00:00,108853.1484375,2636.49365234375
2025-05-28 08:00:00+00:00,109047.75,2642.5556640625
2025-05-28 09:00:00+00:00,108793.3046875,2627.088134765625
2025-05-28 10:00:00+00:00,108901.5234375,2641.9072265625
2025-05-28 11:00:00+00:00,108902.1171875,2656.52197265625
2025-05-28 12:00:00+00:00,108914.5234375,2666.874267578125
2025-05-28 13:00:00+00:00,108085.828125,2658.980224609375
2025-05-28 14:00:00+00:00,107550.1015625,2629.225341796875
2025-05-28 15:00:00+00:00,107127.671875,2628.049072265625
2025-05-28 16:00:00+00:00,107386.703125,2639.71630859375
2025-05-28 17:00:00+00:00,107716.046875,2653.593017578125
2025-05-28 18:00:00+00:00,107483.671875,2637.2041015625
2025-05-28 19:00:00+00:00,107142.9921875,2625.667724609375
2025-05-28 20:00:00+00:00,107350.0,2633.77978515625
2025-05-28 21:00:00+00:00,107441.1875,2650.607421875
2025-05-28 22:00:00+00:00,107460.859375,2650.056396484375
2025-05-28 23:00:00+00:00,107795.5703125,2682.0185546875
2025-05-29 00:00:00+00:00,108141.15625,2714.97412109375
2025-05-29 01:00:00+00:00,108237.421875,2717.461669921875
2025-05-29 02:00:00+00:00,108425.1328125,2771.623046875
2025-05-29 03:00:00+00:00,108042.453125,2759.59716796875
2025-05-29 04:00:00+00:00,107603.8515625,2728.218505859375
2025-05-29 05:00:00+00:00,107692.265625,2722.978271484375
2025-05-29 06:00:00+00:00,107855.1171875,2727.890380859375
2025-05-29 07:00:00+00:00,107865.296875,2732.1689453125
2025-05-29 08:00:00+00:00,108488.7265625,2725.91455078125
2025-05-29 09:00:00+00:00,108573.3203125,2733.024169921875
2025-05-29 10:00:00+00:00,108843.71875,2731.213623046875
2025-05-29 11:00:00+00:00,108751.71875,2716.4052734375
2025-05-29 12:00:00+00:00,108483.84375,2693.48095703125
2025-05-29 13:00:00+00:00,107577.1171875,2659.223876953125
2025-05-29 14:00:00+00:00,107789.4609375,2674.196533203125
2025-05-29 15:00:00+00:00,107053.9296875,2643.54931640625
2025-05-29 16:00:00+00:00,106819.109375,2641.75048828125
2025-05-29 17:00:00+00:00,106313.7265625,2658.91015625
2025-05-29 18:00:00+00:00,105939.453125,2650.6845703125
2025-05-29 19:00:00+00:00,105747.8984375,2653.92333984375
2025-05-29 20:00:00+00:00,106143.7890625,2644.2119140625
2025-05-29 21:00:00+00:00,106444.9921875,2657.995361328125
2025-05-29 22:00:00+00:00,105961.0703125,2646.873779296875
2025-05-29 23:00:00+00:00,105646.2109375,2632.8359375
2025-05-30 00:00:00+00:00,104832.375,2570.38818359375
2025-05-30 01:00:00+00:00,105690.1484375,2598.34130859375
2025-05-30 02:00:00+00:00,105998.984375,2627.849609375
2025-05-30 03:00:00+00:00,105985.21875,2630.603515625
2025-05-30 04:00:00+00:00,106137.40625,2634.80517578125
2025-05-30 05:00:00+00:00,106102.734375,2641.9951171875
2025-05-30 06:00:00+00:00,105719.453125,2620.92919921875
2025-05-30 07:00:00+00:00,104966.640625,2623.069091796875
2025-05-30 08:00:00+00:00,105268.59375,2618.724365234375
2025-05-30 09:00:00+00:00,105641.78125,2616.87841796875
2025-05-30 10:00:00+00:00,105907.203125,2620.92333984375
2025-05-30 11:00:00+00:00,105956.578125,2624.14404296875
2025-05-30 12:00:00+00:00,105738.0546875,2614.599365234375
2025-05-30 13:00:00+00:00,105535.015625,2579.138671875
2025-05-30 14:00:00+00:00,105411.6015625,2596.861083984375
2025-05-30 15:00:00+00:00,105571.359375,2598.8154296875
2025-05-30 16:00:00+00:00,103865.6171875,2543.113525390625
2025-05-30 17:00:00+00:00,104148.859375,2548.587646484375
2025-05-30 18:00:00+00:00,104884.765625,2577.50341796875
2025-05-30 19:00:00+00:00,104706.25,2577.404541015625
2025-05-30 20:00:00+00:00,104558.390625,2576.28759765625
2025-05-30 21:00:00+00:00,104652.125,2569.758544921875
2025-05-30 22:00:00+00:00,104061.65625,2529.86279296875
2025-05-30 23:00:00+00:00,103994.71875,2529.833984375
2025-05-31 00:00:00+00:00,103969.015625,2520.0283203125
2025-05-31 01:00:00+00:00,103458.609375,2491.84375
2025-05-31 02:00:00+00:00,103251.9140625,2489.38330078125
2025-05-31 03:00:00+00:00,103673.4296875,2513.079345703125
2025-05-31 04:00:00+00:00,103849.375,2524.5927734375
2025-05-31 05:00:00+00:00,103587.921875,2514.0947265625
2025-05-31 06:00:00+00:00,103899.9765625,2522.462890625
2025-05-31 07:00:00+00:00,103804.96875,2524.193359375
2025-05-31 08:00:00+00:00,103751.875,2526.938720703125
2025-05-31 09:00:00+00:00,103590.3359375,2523.8134765625
2025-05-31 10:00:00+00:00,103414.59375,2519.89453125
2025-05-31 11:00:00+00:00,103510.40625,2519.880615234375
2025-05-31 12:00:00+00:00,104023.484375,2536.04052734375
2025-05-31 13:00:00+00:00,104120.046875,2532.532958984375
2025-05-31 14:00:00+00:00,104554.296875,2542.170166015625
2025-05-31 15:00:00+00:00,104596.9140625,2537.107421875
2025-05-31 16:00:00+00:00,104571.5859375,2541.4140625
2025-05-31 17:00:00+00:00,104391.71875,2527.52685546875
2025-05-31 18:00:00+00:00,104528.7578125,2541.02685546875
2025-05-31 19:00:00+00:00,104736.578125,2538.5126953125
2025-05-31 20:00:00+00:00,104817.984375,2542.500732421875
2025-05-31 21:00:00+00:00,104842.921875,2542.468994140625
2025-05-31 22:00:00+00:00,104691.8828125,2533.524658203125
2025-05-31 23:00:00+00:00,104637.296875,2529.0966796875
2025-06-01 00:00:00+00:00,104459.8203125,2525.9423828125
2025-06-01 01:00:00+00:00,104115.1796875,2506.216064453125
2025-06-01 02:00:00+00:00,104264.4921875,2508.5908203125
2025-06-01 03:00:00+00:00,104448.6640625,2515.096435546875
2025-06-01 04:00:00+00:00,104699.765625,2523.762451171875
2025-06-01 05:00:00+00:00,104577.6640625,2519.37158203125
2025-06-01 06:00:00+00:00,104298.453125,2512.673095703125
2025-06-01 07:00:00+00:00,104314.8515625,2510.135009765625
2025-06-01 08:00:00+00:00,104344.25,2504.4716796875
2025-06-01 09:00:00+00:00,103858.09375,2490.15869140625
2025-06-01 10:00:00+00:00,103929.5,2493.550048828125
2025-06-01 11:00:00+00:00,104125.9453125,2497.457275390625
2025-06-01 12:00:00+00:00,103990.0078125,2484.378173828125
2025-06-01 13:00:00+00:00,104295.1953125,2493.958251953125
2025-06-01 14:00:00+00:00,104657.4765625,2510.1904296875
2025-06-01 15:00:00+00:00,104745.3515625,2524.25146484375
2025-06-01 16:00:00+00:00,105229.2421875,2538.71337890625
2025-06-01 17:00:00+00:00,105116.3125,2540.77197265625
2025-06-01 18:00:00+00:00,104870.0234375,2519.2001953125
2025-06-01 19:00:00+00:00,105155.9765625,2525.507568359375
2025-06-01 20:00:00+00:00,104994.3046875,2527.3173828125
2025-06-01 21:00:00+00:00,105497.5390625,2539.15234375
2025-06-01 22:00:00+00:00,105536.9453125,2535.731201171875
2025-06-01 23:00:00+00:00,105649.8125,2536.184814453125
2025-06-02 00:00:00+00:00,105486.0234375,2534.664794921875
2025-06-02 01:00:00+00:00,105459.078125,2527.93408203125
2025-06-02 02:00:00+00:00,105070.34375,2509.02587890625
2025-06-02 03:00:00+00:00,104907.140625,2497.9287109375
2025-06-02 04:00:00+00:00,104771.9453125,2491.180419921875
2025-06-02 05:00:00+00:00,104845.4375,2492.878662109375
2025-06-02 06:00:00+00:00,105193.90625,2495.637451171875
2025-06-02 07:00:00+00:00,105392.6640625,2507.180908203125
2025-06-02 08:00:00+00:00,105398.4609375,2496.558837890625
2025-06-02 09:00:00+00:00,104618.125,2482.90283203125
2025-06-02 10:00:00+00:00,104412.7734375,2483.51318359375
2025-06-02 11:00:00+00:00,104065.5234375,2482.421630859375
2025-06-02 12:00:00+00:00,104172.65625,2496.743896484375
2025-06-02 13:00:00+00:00,103806.984375,2504.732666015625
2025-06-02 14:00:00+00:00,104160.8203125,2531.077880859375
2025-06-02 15:00:00+00:00,104426.8359375,2544.435302734375
2025-06-02 16:00:00+00:00,104359.640625,2550.297119140625
2025-06-02 17:00:00+00:00,104441.578125,2550.8212890625
2025-06-02 18:00:00+00:00,104347.75,2544.0029296875
2025-06-02 19:00:00+00:00,104489.3515625,2534.808349609375
2025-06-02 20:00:00+00:00,104902.9921875,2539.865478515625
2025-06-02 21:00:00+00:00,104935.859375,2559.860595703125
2025-06-02 22:00:00+00:00,105714.2734375,2582.86962890625
2025-06-02 23:00:00+00:00,105885.8046875,2607.197509765625
2025-06-03 00:00:00+00:00,106297.7890625,2622.300537109375
2025-06-03 01:00:00+00:00,106477.078125,2649.0087890625
2025-06-03 02:00:00+00:00,105749.8671875,2618.453125
2025-06-03 03:00:00+00:00,105528.21875,2604.31689453125
2025-06-03 04:00:00+00:00,105210.4140625,2592.27001953125
2025-06-03 05:00:00+00:00,105485.1015625,2616.04541015625
2025-06-03 06:00:00+00:00,105365.5234375,2617.733642578125
2025-06-03 07:00:00+00:00,105230.40625,2610.47314453125
2025-06-03 08:00:00+00:00,105120.796875,2608.366943359375
2025-06-03 09:00:00+00:00,105238.96875,2616.16064453125
2025-06-03 10:00:00+00:00,105320.375,2613.56494140625
2025-06-03 11:00:00+00:00,105319.84375,2603.09912109375
2025-06-03 12:00:00+00:00,105392.4765625,2612.68115234375
2025-06-03 13:00:00+00:00,105571.84375,2629.470703125
2025-06-03 14:00:00+00:00,106613.21875,2650.029052734375
2025-06-03 15:00:00+00:00,106691.7109375,2624.494140625
2025-06-03 16:00:00+00:00,105881.9140625,2606.61279296875
2025-06-03 17:00:00+00:00,105982.4453125,2621.065185546875
2025-06-03 18:00:00+00:00,106055.7734375,2619.28076171875
2025-06-03 19:00:00+00:00,106208.6796875,2625.477783203125
2025-06-03 20:00:00+00:00,105772.5234375,2616.06884765625
2025-06-03 21:00:00+00:00,105429.8203125,2590.651123046875
2025-06-03 22:00:00+00:00,105804.9375,2605.47314453125
2025-06-03 23:00:00+00:00,105434.3671875,2593.482666015625
2025-06-04 00:00:00+00:00,105536.9765625,2600.600830078125
2025-06-04 01:00:00+00:00,105614.3515625,2613.54296875
2025-06-04 02:00:00+00:00,105546.2421875,2613.775146484375
2025-06-04 03:00:00+00:00,105581.59375,2629.247314453125
2025-06-04 04:00:00+00:00,105490.890625,2638.348388671875
2025-06-04 05:00:00+00:00,105457.625,2625.807373046875
2025-06-04 06:00:00+00:00,105382.640625,2630.60888671875
2025-06-04 07:00:00+00:00,105397.3125,2628.58984375
2025-06-04 08:00:00+00:00,105535.3046875,2641.45263671875
2025-06-04 09:00:00+00:00,105876.0859375,2643.60791015625
2025-06-04 10:00:00+00:00,105728.4921875,2639.36083984375
2025-06-04 11:00:00+00:00,105155.359375,2627.00390625
2025-06-04 12:00:00+00:00,105099.109375,2618.126708984375
2025-06-04 13:00:00+00:00,104792.6796875,2616.6708984375
2025-06-04 14:00:00+00:00,105015.71875,2639.157470703125
2025-06-04 15:00:00+00:00,105398.4765625,2668.48486328125
2025-06-04 16:00:00+00:00,105483.09375,2659.93896484375
2025-06-04 17:00:00+00:00,105090.0234375,2635.951904296875
2025-06-04 18:00:00+00:00,105001.96875,2630.502685546875
2025-06-04 19:00:00+00:00,105065.2578125,2627.8466796875
2025-06-04 20:00:00+00:00,104618.2890625,2605.00830078125
2025-06-04 21:00:00+00:00,104997.484375,2620.783935546875
2025-06-04 22:00:00+00:00,104858.3203125,2607.775146484375
2025-06-04 23:00:00+00:00,104750.78125,2608.607177734375
2025-06-05 00:00:00+00:00,104999.125,2612.704833984375
2025-06-05 01:00:00+00:00,104800.5390625,2607.100341796875
2025-06-05 02:00:00+00:00,105061.1875,2622.085693359375
2025-06-05 03:00:00+00:00,105074.8046875,2625.78515625
2025-06-05 04:00:00+00:00,105215.046875,2631.369384765625
2025-06-05 05:00:00+00:00,104675.421875,2614.56884765625
2025-06-05 06:00:00+00:00,104497.1640625,2605.5419921875
2025-06-05 07:00:00+00:00,104553.078125,2604.764892578125
2025-06-05 08:00:00+00:00,104697.125,2605.530517578125
2025-06-05 09:00:00+00:00,104954.7421875,2610.4921875
2025-06-05 10:00:00+00:00,104700.6875,2597.63134765625
2025-06-05 11:00:00+00:00,104880.4921875,2609.012939453125
2025-06-05 12:00:00+00:00,105723.625,2635.9482421875
2025-06-05 13:00:00+00:00,104432.7734375,2590.035400390625
2025-06-05 14:00:00+00:00,104598.7890625,2588.89208984375
2025-06-05 15:00:00+00:00,104708.0546875,2592.716552734375
2025-06-05 16:00:00+00:00,103426.6015625,2561.69921875
2025-06-05 17:00:00+00:00,103260.828125,2570.179931640625
2025-06-05 18:00:00+00:00,103051.453125,2576.291015625
2025-06-05 19:00:00+00:00,102017.5625,2531.244384765625
2025-06-05 20:00:00+00:00,100587.2421875,2401.579345703125
2025-06-05 21:00:00+00:00,101624.2578125,2439.6025390625
2025-06-05 22:00:00+00:00,101565.2734375,2433.49072265625
2025-06-05 23:00:00+00:00,101574.3671875,2416.455078125
2025-06-06 00:00:00+00:00,101938.3984375,2427.1064453125
2025-06-06 01:00:00+00:00,101896.6171875,2422.96728515625
2025-06-06 02:00:00+00:00,102144.0859375,2434.42529296875
2025-06-06 03:00:00+00:00,102546.6953125,2456.699951171875
2025-06-06 04:00:00+00:00,102817.234375,2460.680419921875
2025-06-06 05:00:00+00:00,103012.9765625,2460.967041015625
2025-06-06 06:00:00+00:00,103220.3203125,2459.8857421875
2025-06-06 07:00:00+00:00,103198.1015625,2455.376220703125
2025-06-06 08:00:00+00:00,103584.484375,2462.390625
2025-06-06 09:00:00+00:00,103717.6953125,2470.877685546875
2025-06-06 10:00:00+00:00,103771.671875,2483.8876953125
2025-06-06 11:00:00+00:00,104004.328125,2477.69140625
2025-06-06 12:00:00+00:00,103887.171875,2477.04052734375
2025-06-06 13:00:00+00:00,104158.90625,2503.699462890625
2025-06-06 14:00:00+00:00,104826.9921875,2519.383056640625
2025-06-06 15:00:00+00:00,105098.6015625,2508.07568359375
2025-06-06 16:00:00+00:00,104838.75,2497.469970703125
2025-06-06 17:00:00+00:00,104994.859375,2500.846923828125
2025-06-06 18:00:00+00:00,104581.625,2495.3525390625
2025-06-06 19:00:00+00:00,104228.1015625,2488.260009765625
2025-06-06 20:00:00+00:00,104568.2890625,2502.328125
2025-06-06 21:00:00+00:00,104483.25,2493.8427734375
2025-06-06 22:00:00+00:00,104568.5,2485.13916015625
2025-06-06 23:00:00+00:00,104390.6484375,2477.183349609375
2025-06-07 00:00:00+00:00,104581.3203125,2478.5498046875
2025-06-07 01:00:00+00:00,104568.3515625,2474.135986328125
2025-06-07 02:00:00+00:00,104649.1171875,2483.35205078125
2025-06-07 03:00:00+00:00,104958.9921875,2490.869384765625
2025-06-07 04:00:00+00:00,104896.296875,2491.095703125
2025-06-07 05:00:00+00:00,104984.046875,2496.181640625
2025-06-07 06:00:00+00:00,105350.8828125,2499.6953125
2025-06-07 07:00:00+00:00,104946.4921875,2492.55224609375
2025-06-07 08:00:00+00:00,104831.1875,2485.638427734375
2025-06-07 09:00:00+00:00,104909.703125,2487.455810546875
2025-06-07 10:00:00+00:00,105208.9375,2496.590576171875
2025-06-07 11:00:00+00:00,105133.96875,2495.938232421875
2025-06-07 12:00:00+00:00,105501.484375,2499.300048828125
2025-06-07 13:00:00+00:00,105710.0703125,2508.881591796875
2025-06-07 14:00:00+00:00,105519.5625,2517.0244140625
2025-06-07 15:00:00+00:00,105616.109375,2520.22119140625
2025-06-07 16:00:00+00:00,105402.3359375,2512.63037109375
2025-06-07 17:00:00+00:00,105446.640625,2508.411865234375
2025-06-07 18:00:00+00:00,105658.5546875,2517.21435546875
2025-06-07 19:00:00+00:00,105771.53125,2518.268310546875
2025-06-07 20:00:00+00:00,105912.9375,2522.89111328125
2025-06-07 21:00:00+00:00,105876.5390625,2524.146728515625
2025-06-07 22:00:00+00:00,105881.515625,2535.58642578125
2025-06-07 23:00:00+00:00,105617.5078125,2526.193359375
2025-06-08 00:00:00+00:00,105521.3203125,2518.738525390625
2025-06-08 01:00:00+00:00,105768.5390625,2520.4248046875
2025-06-08 02:00:00+00:00,105540.9765625,2513.96826171875
2025-06-08 03:00:00+00:00,105543.2109375,2513.010498046875
2025-06-08 04:00:00+00:00,105651.5234375,2517.560302734375
2025-06-08 05:00:00+00:00,105490.125,2511.68017578125
2025-06-08 06:00:00+00:00,105527.515625,2514.2021484375
2025-06-08 07:00:00+00:00,105473.5078125,2514.425537109375
2025-06-08 08:00:00+00:00,105413.9296875,2518.244140625
2025-06-08 09:00:00+00:00,105231.4296875,2499.928955078125
2025-06-08 10:00:00+00:00,105413.7734375,2504.5009765625
2025-06-08 11:00:00+00:00,105706.3203125,2513.887939453125
2025-06-08 12:00:00+00:00,105757.328125,2508.420654296875
2025-06-08 13:00:00+00:00,105734.328125,2513.166015625
2025-06-08 14:00:00+00:00,105884.3203125,2514.766845703125
2025-06-08 15:00:00+00:00,106040.9453125,2514.787353515625
2025-06-08 16:00:00+00:00,106242.3046875,2527.954833984375
2025-06-08 17:00:00+00:00,106195.125,2524.6962890625
2025-06-08 18:00:00+00:00,106365.0703125,2532.658935546875
2025-06-08 19:00:00+00:00,106338.0859375,2533.554931640625
2025-06-08 20:00:00+00:00,106200.3359375,2531.84033203125
2025-06-08 21:00:00+00:00,106381.9765625,2539.233642578125
2025-06-08 22:00:00+00:00,105820.59375,2508.516357421875
2025-06-08 23:00:00+00:00,105793.0234375,2510.838134765625
2025-06-09 00:00:00+00:00,105745.4453125,2505.59619140625
2025-06-09 01:00:00+00:00,105574.3125,2495.83056640625
2025-06-09 02:00:00+00:00,105664.2421875,2495.9423828125
2025-06-09 03:00:00+00:00,105691.328125,2497.498291015625
2025-06-09 04:00:00+00:00,105541.859375,2487.661865234375
2025-06-09 05:00:00+00:00,105494.1015625,2483.940185546875
2025-06-09 06:00:00+00:00,105736.3125,2494.313232421875
2025-06-09 07:00:00+00:00,105640.0078125,2493.08837890625
2025-06-09 08:00:00+00:00,106003.609375,2497.541015625
2025-06-09 09:00:00+00:00,106713.3046875,2513.498779296875
2025-06-09 10:00:00+00:00,107242.890625,2536.26025390625
2025-06-09 11:00:00+00:00,107774.4609375,2543.291748046875
2025-06-09 12:00:00+00:00,107834.6484375,2547.070068359375
2025-06-09 13:00:00+00:00,107159.1875,2519.380126953125
2025-06-09 14:00:00+00:00,107630.5390625,2530.8955078125
2025-06-09 15:00:00+00:00,107748.6796875,2537.35791015625
2025-06-09 16:00:00+00:00,107773.015625,2560.718017578125
2025-06-09 17:00:00+00:00,108397.203125,2573.250732421875
2025-06-09 18:00:00+00:00,108499.46875,2584.23046875
2025-06-09 19:00:00+00:00,108602.9375,2582.095703125
2025-06-09 20:00:00+00:00,108753.6015625,2589.902587890625
2025-06-09 21:00:00+00:00,110035.6015625,2645.9775390625
2025-06-09 22:00:00+00:00,110192.8046875,2662.484130859375
2025-06-09 23:00:00+00:00,110295.6875,2681.285400390625
2025-06-10 00:00:00+00:00,109971.0234375,2699.666259765625
2025-06-10 01:00:00+00:00,109815.7578125,2709.109619140625
2025-06-10 02:00:00+00:00,109690.0234375,2692.634521484375
2025-06-10 03:00:00+00:00,109569.8359375,2688.863037109375
2025-06-10 04:00:00+00:00,109552.34375,2690.103515625
2025-06-10 05:00:00+00:00,109378.296875,2671.326416015625
2025-06-10 06:00:00+00:00,109547.21875,2676.23291015625
2025-06-10 07:00:00+00:00,109268.703125,2677.890625
2025-06-10 08:00:00+00:00,109102.0703125,2675.2724609375
2025-06-10 09:00:00+00:00,109524.046875,2691.928466796875
2025-06-10 10:00:00+00:00,109325.9453125,2693.8603515625
2025-06-10 11:00:00+00:00,109551.453125,2774.627685546875
2025-06-10 12:00:00+00:00,109696.921875,2767.091552734375
2025-06-10 13:00:00+00:00,109290.71875,2745.16845703125
2025-06-10 14:00:00+00:00,108635.9609375,2736.52001953125
2025-06-10 15:00:00+00:00,109028.9765625,2732.92138671875
2025-06-10 16:00:00+00:00,108698.125,2730.6455078125
2025-06-10 17:00:00+00:00,108736.859375,2740.15869140625
2025-06-10 18:00:00+00:00,109378.1796875,2757.68505859375
2025-06-10 19:00:00+00:00,109439.390625,2764.576171875
2025-06-10 20:00:00+00:00,109977.2578125,2773.346923828125
2025-06-10 21:00:00+00:00,109839.5390625,2770.119384765625
2025-06-10 22:00:00+00:00,109742.703125,2804.00634765625
2025-06-10 23:00:00+00:00,110261.796875,2813.73974609375
2025-06-11 00:00:00+00:00,109818.015625,2794.02197265625
2025-06-11 01:00:00+00:00,109612.796875,2783.09423828125
2025-06-11 02:00:00+00:00,109691.453125,2781.286376953125
2025-06-11 03:00:00+00:00,109733.734375,2791.4091796875
2025-06-11 04:00:00+00:00,109582.7109375,2797.3779296875
2025-06-11 05:00:00+00:00,109527.5078125,2795.07666015625
2025-06-11 06:00:00+00:00,109611.7734375,2791.82421875
2025-06-11 07:00:00+00:00,109456.3515625,2792.770751953125
2025-06-11 08:00:00+00:00,109597.2265625,2770.25048828125
2025-06-11 09:00:00+00:00,109253.6171875,2757.908203125
2025-06-11 10:00:00+00:00,109359.2109375,2770.161865234375
2025-06-11 11:00:00+00:00,109241.625,2772.461181640625
2025-06-11 12:00:00+00:00,109624.5625,2800.8544921875
2025-06-11 13:00:00+00:00,109640.390625,2795.326904296875
2025-06-11 14:00:00+00:00,109864.5390625,2838.0048828125
2025-06-11 15:00:00+00:00,109709.2734375,2863.364990234375
2025-06-11 16:00:00+00:00,109439.1640625,2868.850830078125
2025-06-11 17:00:00+00:00,109120.078125,2838.00244140625
2025-06-11 18:00:00+00:00,108862.140625,2826.2890625
2025-06-11 19:00:00+00:00,108727.84375,2810.59375
2025-06-11 20:00:00+00:00,108913.375,2815.46337890625
2025-06-11 21:00:00+00:00,108516.9140625,2784.54248046875
2025-06-11 22:00:00+00:00,108439.65625,2758.140625
2025-06-11 23:00:00+00:00,108685.9140625,2773.597900390625
2025-06-12 00:00:00+00:00,108724.734375,2775.815185546875
2025-06-12 01:00:00+00:00,108487.7578125,2774.4423828125
2025-06-12 02:00:00+00:00,108452.0546875,2760.322021484375
2025-06-12 03:00:00+00:00,107871.3515625,2767.1474609375
2025-06-12 04:00:00+00:00,107735.1796875,2761.091796875
2025-06-12 05:00:00+00:00,107740.90625,2765.228271484375
2025-06-12 06:00:00+00:00,107927.96875,2769.125
2025-06-12 07:00:00+00:00,107611.703125,2742.53662109375
2025-06-12 08:00:00+00:00,107724.859375,2757.734130859375
2025-06-12 09:00:00+00:00,107529.9921875,2752.989501953125
2025-06-12 10:00:00+00:00,107310.1796875,2750.19873046875
2025-06-12 11:00:00+00:00,106926.75,2729.769775390625
2025-06-12 12:00:00+00:00,106977.46875,2735.203125
2025-06-12 13:00:00+00:00,106952.6640625,2745.427978515625
2025-06-12 14:00:00+00:00,107591.7421875,2763.77587890625
2025-06-12 15:00:00+00:00,107038.265625,2718.78125
2025-06-12 16:00:00+00:00,107686.2734375,2742.750244140625
2025-06-12 17:00:00+00:00,108291.40625,2763.399169921875
2025-06-12 18:00:00+00:00,107499.3125,2735.379150390625
2025-06-12 19:00:00+00:00,106767.78125,2701.084228515625
2025-06-12 20:00:00+00:00,106032.4375,2638.004150390625
2025-06-12 21:00:00+00:00,106039.7890625,2638.787109375
2025-06-12 22:00:00+00:00,105914.1875,2641.046142578125
2025-06-12 23:00:00+00:00,105924.59375,2651.903564453125
2025-06-13 00:00:00+00:00,103938.2109375,2532.68017578125
2025-06-13 01:00:00+00:00,103822.375,2502.54296875
2025-06-13 02:00:00+00:00,103693.359375,2476.00146484375
2025-06-13 03:00:00+00:00,104419.1640625,2517.69482421875
2025-06-13 04:00:00+00:00,104493.46875,2510.035888671875
2025-06-13 05:00:00+00:00,104097.5234375,2511.759765625
2025-06-13 06:00:00+00:00,104669.3046875,2528.072265625
2025-06-13 07:00:00+00:00,104945.40625,2529.2744140625
2025-06-13 08:00:00+00:00,104830.21875,2521.1669921875
2025-06-13 09:00:00+00:00,104892.1953125,2522.9130859375
2025-06-13 10:00:00+00:00,104925.75,2533.76806640625
2025-06-13 11:00:00+00:00,105022.0546875,2544.4267578125
2025-06-13 12:00:00+00:00,104874.90625,2540.08984375
2025-06-13 13:00:00+00:00,104727.359375,2545.12939453125
2025-06-13 14:00:00+00:00,104970.5859375,2538.28662109375
2025-06-13 15:00:00+00:00,105454.7890625,2551.09814453125
2025-06-13 16:00:00+00:00,105813.7578125,2563.3876953125
2025-06-13 17:00:00+00:00,105451.609375,2544.11083984375
2025-06-13 18:00:00+00:00,105100.703125,2527.690673828125
2025-06-13 19:00:00+00:00,105108.0625,2528.458740234375
2025-06-13 20:00:00+00:00,105452.4296875,2548.3681640625
2025-06-13 21:00:00+00:00,105676.03125,2555.40771484375
2025-06-13 22:00:00+00:00,105799.8515625,2572.95751953125
2025-06-13 23:00:00+00:00,106108.0859375,2579.721435546875
2025-06-14 00:00:00+00:00,105807.640625,2563.0751953125
2025-06-14 01:00:00+00:00,105544.5859375,2560.279052734375
2025-06-14 02:00:00+00:00,105420.625,2555.3203125
2025-06-14 03:00:00+00:00,105298.625,2550.317138671875
2025-06-14 04:00:00+00:00,105410.1328125,2553.093017578125
2025-06-14 05:00:00+00:00,105354.5,2553.6669921875
2025-06-14 06:00:00+00:00,105184.828125,2545.3662109375
2025-06-14 07:00:00+00:00,105136.234375,2539.258056640625
2025-06-14 08:00:00+00:00,105171.1953125,2537.03515625
2025-06-14 09:00:00+00:00,104919.8671875,2525.280517578125
2025-06-14 10:00:00+00:00,105056.8671875,2533.841064453125
2025-06-14 11:00:00+00:00,105146.5625,2540.2607421875
2025-06-14 12:00:00+00:00,105066.59375,2538.095458984375
2025-06-14 13:00:00+00:00,105068.9296875,2535.2509765625
2025-06-14 14:00:00+00:00,104967.0,2530.133056640625
2025-06-14 15:00:00+00:00,104866.84375,2518.496337890625
2025-06-14 16:00:00+00:00,104494.4140625,2499.00390625
2025-06-14 17:00:00+00:00,104657.3046875,2512.88525390625
2025-06-14 18:00:00+00:00,104915.703125,2509.118408203125
2025-06-14 19:00:00+00:00,104736.453125,2509.726318359375
2025-06-14 20:00:00+00:00,104908.3203125,2508.85302734375
2025-06-14 21:00:00+00:00,105445.15625,2531.39501953125
2025-06-14 22:00:00+00:00,105417.4921875,2526.763916015625
2025-06-14 23:00:00+00:00,105464.84375,2533.183349609375
2025-06-15 00:00:00+00:00,105707.3828125,2538.365234375
2025-06-15 01:00:00+00:00,105475.3046875,2530.22265625
2025-06-15 02:00:00+00:00,105538.1953125,2530.118896484375
2025-06-15 03:00:00+00:00,105531.8359375,2531.964111328125
2025-06-15 04:00:00+00:00,105606.6875,2545.031982421875
2025-06-15 05:00:00+00:00,106047.515625,2550.22412109375
2025-06-15 06:00:00+00:00,105514.8984375,2536.779541015625
2025-06-15 07:00:00+00:00,105487.625,2530.714111328125
2025-06-15 08:00:00+00:00,105193.8515625,2521.03271484375
2025-06-15 09:00:00+00:00,104975.1953125,2511.158447265625
2025-06-15 10:00:00+00:00,105144.46875,2520.691650390625
2025-06-15 11:00:00+00:00,104985.6171875,2515.989501953125
2025-06-15 12:00:00+00:00,105298.8828125,2526.376708984375
2025-06-15 13:00:00+00:00,105562.2890625,2542.564208984375
2025-06-15 14:00:00+00:00,105730.765625,2550.934814453125
2025-06-15 15:00:00+00:00,105582.1953125,2540.425048828125
2025-06-15 16:00:00+00:00,105560.125,2550.8740234375
2025-06-15 17:00:00+00:00,105711.9296875,2554.279541015625
2025-06-15 18:00:00+00:00,105531.1875,2548.434814453125
2025-06-15 19:00:00+00:00,105300.0078125,2536.666748046875
2025-06-15 20:00:00+00:00,104704.671875,2499.556884765625
2025-06-15 21:00:00+00:00,104788.0078125,2516.48291015625
2025-06-15 22:00:00+00:00,105290.2265625,2545.055419921875
2025-06-15 23:00:00+00:00,105555.59375,2547.226806640625
2025-06-16 00:00:00+00:00,105445.390625,2544.359619140625
2025-06-16 01:00:00+00:00,105842.1484375,2556.114013671875
2025-06-16 02:00:00+00:00,105829.6640625,2575.126953125
2025-06-16 03:00:00+00:00,105940.2109375,2569.702880859375
2025-06-16 04:00:00+00:00,106349.4140625,2575.6767578125
2025-06-16 05:00:00+00:00,106552.8125,2606.2314453125
2025-06-16 06:00:00+00:00,106593.5546875,2608.654296875
2025-06-16 07:00:00+00:00,107042.75,2627.094970703125
2025-06-16 08:00:00+00:00,107164.796875,2628.18310546875
2025-06-16 09:00:00+00:00,106939.0390625,2621.62939453125
2025-06-16 10:00:00+00:00,106818.2265625,2616.049072265625
2025-06-16 11:00:00+00:00,106875.265625,2617.290771484375
2025-06-16 12:00:00+00:00,106709.203125,2615.397705078125
2025-06-16 13:00:00+00:00,107096.0390625,2642.65966796875
2025-06-16 14:00:00+00:00,107539.734375,2640.424072265625
2025-06-16 15:00:00+00:00,107417.15625,2632.54345703125
2025-06-16 16:00:00+00:00,107837.8984375,2640.13623046875
2025-06-16 17:00:00+00:00,107713.234375,2632.653076171875
2025-06-16 18:00:00+00:00,108269.6015625,2652.6328125
2025-06-16 19:00:00+00:00,108497.359375,2652.967529296875
2025-06-16 20:00:00+00:00,108822.1484375,2671.12158203125
2025-06-16 21:00:00+00:00,108562.6484375,2649.597900390625
2025-06-16 22:00:00+00:00,107787.71875,2572.8955078125
2025-06-16 23:00:00+00:00,106794.1171875,2540.314453125
2025-06-17 00:00:00+00:00,107254.2265625,2587.0419921875
2025-06-17 01:00:00+00:00,107266.296875,2582.64404296875
2025-06-17 02:00:00+00:00,107522.4296875,2612.8310546875
2025-06-17 03:00:00+00:00,107628.9765625,2607.19775390625
2025-06-17 04:00:00+00:00,107366.0625,2594.048828125
2025-06-17 05:00:00+00:00,107140.71875,2580.022705078125
2025-06-17 06:00:00+00:00,106847.609375,2581.6865234375
2025-06-17 07:00:00+00:00,106788.078125,2583.727783203125
2025-06-17 08:00:00+00:00,106596.390625,2572.248046875
2025-06-17 09:00:00+00:00,106154.6171875,2566.60107421875
2025-06-17 10:00:00+00:00,105980.78125,2556.871826171875
2025-06-17 11:00:00+00:00,105674.625,2552.41552734375
2025-06-17 12:00:00+00:00,105537.6875,2548.017578125
2025-06-17 13:00:00+00:00,105428.5859375,2556.22412109375
2025-06-17 14:00:00+00:00,104966.6171875,2544.49462890625
2025-06-17 15:00:00+00:00,104269.546875,2498.89306640625
2025-06-17 16:00:00+00:00,103595.9296875,2467.00537109375
2025-06-17 17:00:00+00:00,103907.2265625,2469.610595703125
2025-06-17 18:00:00+00:00,104426.3515625,2496.147216796875
2025-06-17 19:00:00+00:00,104829.1796875,2530.68896484375
2025-06-17 20:00:00+00:00,104427.140625,2511.362548828125
2025-06-17 21:00:00+00:00,104612.7734375,2521.196533203125
2025-06-17 22:00:00+00:00,104273.34375,2494.14306640625
2025-06-17 23:00:00+00:00,104602.0703125,2511.918212890625
2025-06-18 00:00:00+00:00,104842.8359375,2524.600341796875
2025-06-18 01:00:00+00:00,104796.71875,2520.10986328125
2025-06-18 02:00:00+00:00,104952.953125,2519.125
2025-06-18 03:00:00+00:00,105189.9921875,2527.20849609375
2025-06-18 04:00:00+00:00,105455.4375,2536.5986328125
2025-06-18 05:00:00+00:00,105453.8203125,2537.982421875
2025-06-18 06:00:00+00:00,105024.25,2525.25341796875
2025-06-18 07:00:00+00:00,104975.828125,2532.650634765625
2025-06-18 08:00:00+00:00,105003.40625,2533.73876953125
2025-06-18 09:00:00+00:00,104724.359375,2526.063720703125
2025-06-18 10:00:00+00:00,104256.3828125,2494.27001953125
2025-06-18 11:00:00+00:00,104860.6875,2513.5537109375
2025-06-18 12:00:00+00:00,104526.953125,2493.687255859375
2025-06-18 13:00:00+00:00,104493.953125,2503.825439453125
2025-06-18 14:00:00+00:00,104659.5078125,2507.780029296875
2025-06-18 15:00:00+00:00,104841.5234375,2508.934814453125
2025-06-18 16:00:00+00:00,104517.1640625,2502.119873046875
2025-06-18 17:00:00+00:00,104348.2890625,2497.360107421875
2025-06-18 18:00:00+00:00,103684.1953125,2478.01953125
2025-06-18 19:00:00+00:00,103935.1484375,2496.22998046875
2025-06-18 20:00:00+00:00,104855.9921875,2529.225830078125
2025-06-18 21:00:00+00:00,104999.3203125,2526.932861328125
2025-06-18 22:00:00+00:00,104848.609375,2525.35009765625
2025-06-18 23:00:00+00:00,104886.7734375,2524.404052734375
2025-06-19 00:00:00+00:00,104990.3203125,2529.89013671875
2025-06-19 01:00:00+00:00,104628.140625,2515.350830078125
2025-06-19 02:00:00+00:00,104786.5390625,2516.358154296875
2025-06-19 03:00:00+00:00,105133.328125,2526.35595703125
2025-06-19 04:00:00+00:00,105097.0546875,2524.900634765625
2025-06-19 05:00:00+00:00,104933.5546875,2523.21142578125
2025-06-19 06:00:00+00:00,104742.1328125,2519.037109375
2025-06-19 07:00:00+00:00,104670.4140625,2519.546142578125
2025-06-19 08:00:00+00:00,104768.2421875,2524.125244140625
2025-06-19 09:00:00+00:00,105026.0703125,2540.0234375
2025-06-19 10:00:00+00:00,104944.0,2539.31494140625
2025-06-19 11:00:00+00:00,104807.671875,2533.0712890625
2025-06-19 12:00:00+00:00,104781.6484375,2526.2705078125
2025-06-19 13:00:00+00:00,104343.1171875,2510.153076171875
2025-06-19 14:00:00+00:00,104169.7578125,2499.1298828125
2025-06-19 15:00:00+00:00,104158.4609375,2493.5517578125
2025-06-19 16:00:00+00:00,103962.421875,2486.359619140625
2025-06-19 17:00:00+00:00,104550.8515625,2508.144775390625
2025-06-19 18:00:00+00:00,104368.09375,2503.2919921875
2025-06-19 19:00:00+00:00,104317.65625,2506.810791015625
2025-06-19 20:00:00+00:00,104285.0546875,2507.5078125
2025-06-19 21:00:00+00:00,104322.03125,2508.78466796875
2025-06-19 22:00:00+00:00,104641.8828125,2526.1494140625
2025-06-19 23:00:00+00:00,104681.03125,2521.5263671875
2025-06-20 00:00:00+00:00,104723.1328125,2526.000732421875
2025-06-20 01:00:00+00:00,104797.375,2527.744140625
2025-06-20 02:00:00+00:00,104633.9453125,2518.111328125
2025-06-20 03:00:00+00:00,104643.5546875,2518.187744140625
2025-06-20 04:00:00+00:00,104276.1640625,2505.841064453125
2025-06-20 05:00:00+00:00,104592.640625,2516.10107421875
2025-06-20 06:00:00+00:00,104742.0859375,2521.639404296875
2025-06-20 07:00:00+00:00,105840.84375,2549.2080078125
2025-06-20 08:00:00+00:00,106013.640625,2551.714111328125
2025-06-20 09:00:00+00:00,106009.828125,2554.66552734375
2025-06-20 10:00:00+00:00,105975.8515625,2552.967041015625
2025-06-20 11:00:00+00:00,106016.109375,2550.870361328125
2025-06-20 12:00:00+00:00,105990.3828125,2552.1728515625
2025-06-20 13:00:00+00:00,105732.8828125,2535.3642578125
2025-06-20 14:00:00+00:00,104069.0234375,2492.903564453125
2025-06-20 15:00:00+00:00,104257.9453125,2493.890380859375
2025-06-20 16:00:00+00:00,103778.609375,2484.1103515625
2025-06-20 17:00:00+00:00,103201.9140625,2421.082275390625
2025-06-20 18:00:00+00:00,103252.8984375,2421.187744140625
2025-06-20 19:00:00+00:00,103485.4453125,2423.716796875
2025-06-20 20:00:00+00:00,103734.3984375,2430.17138671875
2025-06-20 21:00:00+00:00,103564.109375,2418.23876953125
2025-06-20 22:00:00+00:00,103118.671875,2390.27685546875
2025-06-20 23:00:00+00:00,103315.078125,2407.34765625
2025-06-21 00:00:00+00:00,103266.765625,2412.038818359375
2025-06-21 01:00:00+00:00,103514.109375,2427.36376953125
2025-06-21 02:00:00+00:00,103508.875,2423.110595703125
2025-06-21 03:00:00+00:00,103554.390625,2426.923095703125
2025-06-21 04:00:00+00:00,103417.359375,2422.92236328125
2025-06-21 05:00:00+00:00,103439.5078125,2423.86181640625
2025-06-21 06:00:00+00:00,103624.296875,2427.97802734375
2025-06-21 07:00:00+00:00,103471.6484375,2426.74462890625
2025-06-21 08:00:00+00:00,103790.890625,2434.732666015625
2025-06-21 09:00:00+00:00,103872.875,2444.73583984375
2025-06-21 10:00:00+00:00,103852.0390625,2438.876220703125
2025-06-21 11:00:00+00:00,103895.7578125,2442.74951171875
2025-06-21 12:00:00+00:00,103826.7265625,2436.304443359375
2025-06-21 13:00:00+00:00,103594.0703125,2420.403076171875
2025-06-21 14:00:00+00:00,103528.0390625,2420.682861328125
2025-06-21 15:00:00+00:00,103602.328125,2424.80224609375
2025-06-21 16:00:00+00:00,103571.5234375,2419.3935546875
2025-06-21 17:00:00+00:00,103218.0546875,2398.530029296875
2025-06-21 18:00:00+00:00,102703.7578125,2385.970458984375
2025-06-21 19:00:00+00:00,102276.6484375,2385.109375
2025-06-21 20:00:00+00:00,102852.40625,2404.72216796875
2025-06-21 21:00:00+00:00,101604.40625,2286.35205078125
2025-06-21 22:00:00+00:00,101821.953125,2287.628662109375
2025-06-21 23:00:00+00:00,102212.03125,2298.8427734375
2025-06-22 00:00:00+00:00,102907.671875,2295.56640625
2025-06-22 01:00:00+00:00,102409.4609375,2267.253173828125
2025-06-22 02:00:00+00:00,102459.1171875,2269.013671875
2025-06-22 03:00:00+00:00,102403.3046875,2263.721923828125
2025-06-22 04:00:00+00:00,102675.6875,2285.516357421875
2025-06-22 05:00:00+00:00,102880.3984375,2289.91064453125
2025-06-22 06:00:00+00:00,102751.3828125,2286.27490234375
2025-06-22 07:00:00+00:00,102491.3203125,2271.4404296875
2025-06-22 08:00:00+00:00,102726.9296875,2274.40478515625
2025-06-22 09:00:00+00:00,102205.046875,2242.7158203125
2025-06-22 10:00:00+00:00,102520.109375,2260.546875
2025-06-22 11:00:00+00:00,102781.7578125,2273.890869140625
2025-06-22 12:00:00+00:00,102766.828125,2279.98828125
2025-06-22 13:00:00+00:00,100866.9765625,2201.639892578125
2025-06-22 14:00:00+00:00,99529.5078125,2197.765380859375
2025-06-22 15:00:00+00:00,99182.046875,2172.021484375
2025-06-22 16:00:00+00:00,99408.8125,2191.919677734375
2025-06-22 17:00:00+00:00,99566.6796875,2194.250732421875
2025-06-22 18:00:00+00:00,99488.3359375,2183.2177734375
2025-06-22 19:00:00+00:00,98914.84375,2184.27490234375
2025-06-22 20:00:00+00:00,99740.65625,2185.966552734375
2025-06-22 21:00:00+00:00,99235.078125,2177.364013671875
2025-06-22 22:00:00+00:00,100956.484375,2233.336181640625
2025-06-22 23:00:00+00:00,100987.4765625,2228.484619140625
2025-06-23 00:00:00+00:00,101042.84375,2240.2666015625
2025-06-23 01:00:00+00:00,101130.34375,2247.892333984375
2025-06-23 02:00:00+00:00,101353.34375,2242.26416015625
2025-06-23 03:00:00+00:00,101157.53125,2234.4072265625
2025-06-23 04:00:00+00:00,101188.46875,2234.256103515625
2025-06-23 05:00:00+00:00,101841.09375,2248.222412109375
2025-06-23 06:00:00+00:00,101976.609375,2251.257080078125
2025-06-23 07:00:00+00:00,101967.265625,2258.545654296875
2025-06-23 08:00:00+00:00,101925.3984375,2262.9697265625
2025-06-23 09:00:00+00:00,101610.2890625,2253.837158203125
2025-06-23 10:00:00+00:00,101536.203125,2248.400390625
2025-06-23 11:00:00+00:00,101354.234375,2254.110595703125
2025-06-23 12:00:00+00:00,101638.3125,2263.2841796875
2025-06-23 13:00:00+00:00,102433.796875,2296.050048828125
2025-06-23 14:00:00+00:00,101607.5546875,2274.716796875
2025-06-23 15:00:00+00:00,101502.34375,2253.00732421875
2025-06-23 16:00:00+00:00,100640.4921875,2220.2333984375
2025-06-23 17:00:00+00:00,102472.109375,2278.28369140625
2025-06-23 18:00:00+00:00,103055.1640625,2308.40673828125
2025-06-23 19:00:00+00:00,103298.171875,2318.015380859375
2025-06-23 20:00:00+00:00,103785.7734375,2348.7216796875
2025-06-23 21:00:00+00:00,103789.1953125,2343.537353515625
2025-06-23 22:00:00+00:00,105721.0,2415.381103515625
2025-06-23 23:00:00+00:00,105571.515625,2421.83056640625
2025-06-24 00:00:00+00:00,105202.1796875,2404.123291015625
2025-06-24 01:00:00+00:00,105539.6875,2415.833984375
2025-06-24 02:00:00+00:00,104840.8046875,2394.38427734375
2025-06-24 03:00:00+00:00,105031.109375,2401.6552734375
2025-06-24 04:00:00+00:00,104892.1640625,2405.548095703125
2025-06-24 05:00:00+00:00,105455.7109375,2424.560302734375
2025-06-24 06:00:00+00:00,105785.640625,2430.08740234375
2025-06-24 07:00:00+00:00,105005.8203125,2395.24951171875
2025-06-24 08:00:00+00:00,105080.71875,2404.243408203125
2025-06-24 09:00:00+00:00,105285.7578125,2417.318359375
2025-06-24 10:00:00+00:00,105358.796875,2414.922119140625
2025-06-24 11:00:00+00:00,105248.359375,2410.16943359375
2025-06-24 12:00:00+00:00,105254.1640625,2414.535888671875
2025-06-24 13:00:00+00:00,105129.0,2422.33837890625
2025-06-24 14:00:00+00:00,105553.9453125,2430.146240234375
2025-06-24 15:00:00+00:00,105276.109375,2439.160888671875
2025-06-24 16:00:00+00:00,106071.421875,2470.829345703125
2025-06-24 17:00:00+00:00,106089.734375,2460.402587890625
2025-06-24 18:00:00+00:00,105636.109375,2442.282958984375
2025-06-24 19:00:00+00:00,105605.2890625,2430.031982421875
2025-06-24 20:00:00+00:00,106142.59375,2450.92333984375
2025-06-24 21:00:00+00:00,106049.640625,2445.440185546875
2025-06-24 22:00:00+00:00,106072.515625,2442.822998046875
2025-06-24 23:00:00+00:00,106047.40625,2448.7373046875
2025-06-25 00:00:00+00:00,106420.140625,2460.03369140625
2025-06-25 01:00:00+00:00,106405.578125,2460.345947265625
2025-06-25 02:00:00+00:00,106554.015625,2453.720458984375
2025-06-25 03:00:00+00:00,106313.6640625,2446.625732421875
2025-06-25 04:00:00+00:00,106257.78125,2436.517333984375
2025-06-25 05:00:00+00:00,106294.0,2432.364990234375
2025-06-25 06:00:00+00:00,106459.53125,2445.3359375
2025-06-25 07:00:00+00:00,106673.75,2446.59228515625
2025-06-25 08:00:00+00:00,106609.546875,2437.864013671875
2025-06-25 09:00:00+00:00,106675.8359375,2420.3671875
2025-06-25 10:00:00+00:00,107064.796875,2426.003662109375
2025-06-25 11:00:00+00:00,107233.0859375,2429.283203125
2025-06-25 12:00:00+00:00,107250.1953125,2426.5390625
2025-06-25 13:00:00+00:00,108018.9765625,2438.416015625
2025-06-25 14:00:00+00:00,107698.0234375,2429.623291015625
2025-06-25 15:00:00+00:00,107046.5078125,2406.63720703125
2025-06-25 16:00:00+00:00,107206.609375,2412.7255859375
2025-06-25 17:00:00+00:00,107409.8828125,2423.0869140625
2025-06-25 18:00:00+00:00,107408.546875,2417.9697265625
2025-06-25 19:00:00+00:00,107737.515625,2430.636962890625
2025-06-25 20:00:00+00:00,107840.578125,2439.753662109375
2025-06-25 21:00:00+00:00,107503.8203125,2429.874267578125
2025-06-25 22:00:00+00:00,107338.046875,2418.2236328125
2025-06-25 23:00:00+00:00,107375.0703125,2419.0986328125
2025-06-26 00:00:00+00:00,107359.140625,2426.58349609375
2025-06-26 01:00:00+00:00,107669.296875,2457.267822265625
2025-06-26 02:00:00+00:00,107985.328125,2494.672607421875
2025-06-26 03:00:00+00:00,107899.0390625,2488.03173828125
2025-06-26 04:00:00+00:00,107878.8203125,2480.352294921875
2025-06-26 05:00:00+00:00,107659.53125,2475.58935546875
2025-06-26 06:00:00+00:00,107780.125,2488.16015625
2025-06-26 07:00:00+00:00,107866.8828125,2491.930419921875
2025-06-26 08:00:00+00:00,107843.625,2488.35498046875
2025-06-26 09:00:00+00:00,107389.296875,2465.81494140625
2025-06-26 10:00:00+00:00,107425.2578125,2452.95068359375
2025-06-26 11:00:00+00:00,107365.1328125,2451.23974609375
2025-06-26 12:00:00+00:00,107192.1640625,2440.369140625
2025-06-26 13:00:00+00:00,106938.8828125,2431.922119140625
2025-06-26 14:00:00+00:00,107492.78125,2446.46875
2025-06-26 15:00:00+00:00,107252.609375,2434.0478515625
2025-06-26 16:00:00+00:00,107168.015625,2425.66796875
2025-06-26 17:00:00+00:00,107222.359375,2422.136474609375
2025-06-26 18:00:00+00:00,107407.8828125,2426.478759765625
2025-06-26 19:00:00+00:00,107669.4765625,2440.26123046875
2025-06-26 20:00:00+00:00,107769.1171875,2446.37353515625
2025-06-26 21:00:00+00:00,107027.6328125,2414.911865234375
2025-06-26 22:00:00+00:00,107030.1015625,2414.614013671875
2025-06-26 23:00:00+00:00,106954.921875,2416.023193359375
2025-06-27 00:00:00+00:00,106727.0,2401.844970703125
2025-06-27 01:00:00+00:00,107170.4453125,2427.880126953125
2025-06-27 02:00:00+00:00,107308.0078125,2439.24365234375
2025-06-27 03:00:00+00:00,107524.9140625,2447.391357421875
2025-06-27 04:00:00+00:00,107567.5,2451.098388671875
2025-06-27 05:00:00+00:00,107335.3828125,2439.87841796875
2025-06-27 06:00:00+00:00,107373.609375,2450.0615234375
2025-06-27 07:00:00+00:00,106959.1484375,2442.968994140625
2025-06-27 08:00:00+00:00,107057.3359375,2449.337158203125
2025-06-27 09:00:00+00:00,107140.4921875,2461.727783203125
2025-06-27 10:00:00+00:00,107042.109375,2447.418212890625
2025-06-27 11:00:00+00:00,107021.6484375,2446.60009765625
2025-06-27 12:00:00+00:00,106694.3671875,2429.812744140625
2025-06-27 13:00:00+00:00,106830.2421875,2429.46533203125
2025-06-27 14:00:00+00:00,106538.234375,2423.611328125
2025-06-27 15:00:00+00:00,107394.0078125,2440.8173828125
2025-06-27 16:00:00+00:00,107545.2421875,2434.655029296875
2025-06-27 17:00:00+00:00,106878.515625,2404.625732421875
2025-06-27 18:00:00+00:00,106675.1328125,2393.694091796875
2025-06-27 19:00:00+00:00,106976.109375,2417.325439453125
2025-06-27 20:00:00+00:00,107134.328125,2425.30224609375
2025-06-27 21:00:00+00:00,107136.015625,2422.02685546875
2025-06-27 22:00:00+00:00,107156.3125,2424.0302734375
2025-06-27 23:00:00+00:00,107090.546875,2423.92529296875
2025-06-28 00:00:00+00:00,107113.1328125,2419.687255859375
2025-06-28 01:00:00+00:00,107124.390625,2418.975341796875
2025-06-28 02:00:00+00:00,107160.5,2419.977783203125
2025-06-28 03:00:00+00:00,107341.84375,2421.609619140625
2025-06-28 04:00:00+00:00,107252.0859375,2421.9228515625
2025-06-28 05:00:00+00:00,107348.6640625,2422.943359375
2025-06-28 06:00:00+00:00,107458.4140625,2427.495849609375
2025-06-28 07:00:00+00:00,107519.4921875,2432.875
2025-06-28 08:00:00+00:00,107434.625,2424.271484375
2025-06-28 09:00:00+00:00,107358.7421875,2428.62890625
2025-06-28 10:00:00+00:00,107314.84375,2426.641357421875
2025-06-28 11:00:00+00:00,107400.9296875,2428.667236328125
2025-06-28 12:00:00+00:00,107376.953125,2427.248291015625
2025-06-28 13:00:00+00:00,107138.6640625,2423.369140625
2025-06-28 14:00:00+00:00,107257.9765625,2426.713623046875
2025-06-28 15:00:00+00:00,107546.125,2440.236328125
2025-06-28 16:00:00+00:00,107319.7421875,2434.417236328125
2025-06-28 17:00:00+00:00,107499.109375,2445.093017578125
2025-06-28 18:00:00+00:00,107359.3359375,2437.83984375
2025-06-28 19:00:00+00:00,107275.7421875,2434.385009765625
2025-06-28 20:00:00+00:00,107233.3671875,2431.49267578125
2025-06-28 21:00:00+00:00,107326.5390625,2436.276611328125
2025-06-28 22:00:00+00:00,107390.8671875,2441.603759765625
2025-06-28 23:00:00+00:00,107327.8203125,2437.11474609375
2025-06-29 00:00:00+00:00,107501.03125,2440.003662109375
2025-06-29 01:00:00+00:00,107375.5859375,2430.33935546875
2025-06-29 02:00:00+00:00,107344.3828125,2432.640625
2025-06-29 03:00:00+00:00,107251.6796875,2429.179443359375
2025-06-29 04:00:00+00:00,107295.484375,2430.519775390625
2025-06-29 05:00:00+00:00,107342.0703125,2434.546142578125
2025-06-29 06:00:00+00:00,107394.8125,2436.286376953125
2025-06-29 07:00:00+00:00,107377.0703125,2439.728515625
2025-06-29 08:00:00+00:00,107708.4453125,2443.560791015625
2025-06-29 09:00:00+00:00,107900.4609375,2451.4775390625
2025-06-29 10:00:00+00:00,108177.0078125,2457.35302734375
2025-06-29 11:00:00+00:00,108460.78125,2462.52001953125
2025-06-29 12:00:00+00:00,108209.9609375,2454.774658203125
2025-06-29 13:00:00+00:00,108080.4921875,2447.946044921875
2025-06-29 14:00:00+00:00,107969.1484375,2441.656982421875
2025-06-29 15:00:00+00:00,107790.5390625,2437.8466796875
2025-06-29 16:00:00+00:00,107570.9375,2439.5029296875
2025-06-29 17:00:00+00:00,107537.4609375,2439.864013671875
2025-06-29 18:00:00+00:00,107700.8984375,2440.96435546875
2025-06-29 19:00:00+00:00,107456.1953125,2438.30078125
2025-06-29 20:00:00+00:00,107439.0625,2434.129638671875
2025-06-29 21:00:00+00:00,107536.390625,2432.070556640625
2025-06-29 22:00:00+00:00,108131.703125,2501.224609375
2025-06-29 23:00:00+00:00,108388.9765625,2500.60546875
2025-06-30 00:00:00+00:00,108726.0625,2519.19921875
2025-06-30 01:00:00+00:00,108560.8046875,2512.002197265625
2025-06-30 02:00:00+00:00,108501.2265625,2500.91552734375
2025-06-30 03:00:00+00:00,108551.078125,2501.13818359375
2025-06-30 04:00:00+00:00,108359.125,2496.10400390625
2025-06-30 05:00:00+00:00,108311.265625,2503.744140625
2025-06-30 06:00:00+00:00,107625.296875,2466.7705078125
2025-06-30 07:00:00+00:00,107655.21875,2481.3125
2025-06-30 08:00:00+00:00,107514.1796875,2468.1513671875
2025-06-30 09:00:00+00:00,107520.625,2454.920166015625
2025-06-30 10:00:00+00:00,107648.046875,2457.39697265625
2025-06-30 11:00:00+00:00,107674.0625,2460.370849609375
2025-06-30 12:00:00+00:00,107611.8046875,2460.257568359375
2025-06-30 13:00:00+00:00,107520.6640625,2461.972900390625
2025-06-30 14:00:00+00:00,106958.109375,2440.2958984375
2025-06-30 15:00:00+00:00,107571.4296875,2475.16845703125
2025-06-30 16:00:00+00:00,107705.7421875,2475.933349609375
2025-06-30 17:00:00+00:00,107540.609375,2490.177490234375
2025-06-30 18:00:00+00:00,107285.1171875,2486.68310546875
2025-06-30 19:00:00+00:00,107750.109375,2513.031494140625
2025-06-30 20:00:00+00:00,107576.15625,2503.20703125
2025-06-30 21:00:00+00:00,107179.0546875,2490.03515625
2025-06-30 22:00:00+00:00,107149.5234375,2492.65283203125
2025-06-30 23:00:00+00:00,107144.3828125,2486.428466796875
2025-07-01 00:00:00+00:00,107375.3515625,2492.91552734375
2025-07-01 01:00:00+00:00,107255.734375,2489.841796875
2025-07-01 02:00:00+00:00,107140.375,2484.15576171875
2025-07-01 03:00:00+00:00,107240.25,2486.552490234375
2025-07-01 04:00:00+00:00,106943.1015625,2467.12109375
2025-07-01 05:00:00+00:00,106971.1171875,2460.6005859375
2025-07-01 06:00:00+00:00,106917.4140625,2460.459228515625
2025-07-01 07:00:00+00:00,107179.03125,2465.856201171875
2025-07-01 08:00:00+00:00,106739.7578125,2453.73486328125
2025-07-01 09:00:00+00:00,106587.5703125,2457.401611328125
2025-07-01 10:00:00+00:00,106475.359375,2456.32373046875
2025-07-01 11:00:00+00:00,106611.3984375,2448.661865234375
2025-07-01 12:00:00+00:00,106463.1015625,2437.6533203125
2025-07-01 13:00:00+00:00,106844.4609375,2444.253662109375
2025-07-01 14:00:00+00:00,105939.2265625,2419.329833984375
2025-07-01 15:00:00+00:00,106043.78125,2424.69677734375
2025-07-01 16:00:00+00:00,106075.53125,2424.060302734375
2025-07-01 17:00:00+00:00,106288.03125,2430.872314453125
2025-07-01 18:00:00+00:00,105740.1484375,2408.795166015625
2025-07-01 19:00:00+00:00,105486.3984375,2411.450439453125
2025-07-01 20:00:00+00:00,106001.0078125,2417.793701171875
2025-07-01 21:00:00+00:00,105812.6171875,2406.95947265625
2025-07-01 22:00:00+00:00,105705.90625,2402.31640625
2025-07-01 23:00:00+00:00,105703.1015625,2405.857421875
2025-07-02 00:00:00+00:00,105404.9921875,2399.593017578125
2025-07-02 01:00:00+00:00,105733.5859375,2410.22900390625
2025-07-02 02:00:00+00:00,105934.4140625,2417.79345703125
2025-07-02 03:00:00+00:00,106196.671875,2430.393310546875
2025-07-02 04:00:00+00:00,106379.0078125,2439.25341796875
2025-07-02 05:00:00+00:00,106646.625,2444.239990234375
2025-07-02 06:00:00+00:00,107023.671875,2452.396728515625
2025-07-02 07:00:00+00:00,107175.7265625,2448.581787109375
2025-07-02 08:00:00+00:00,107768.8359375,2449.552734375
2025-07-02 09:00:00+00:00,107663.046875,2448.284423828125
2025-07-02 10:00:00+00:00,107827.8125,2453.03125
2025-07-02 11:00:00+00:00,107506.9921875,2446.69970703125
2025-07-02 12:00:00+00:00,107442.1328125,2438.541259765625
2025-07-02 13:00:00+00:00,107783.546875,2449.920166015625
2025-07-02 14:00:00+00:00,108195.6875,2471.3828125
2025-07-02 15:00:00+00:00,108795.265625,2501.28857421875
2025-07-02 16:00:00+00:00,109483.1796875,2559.076171875
2025-07-02 17:00:00+00:00,109113.4921875,2565.273681640625
2025-07-02 18:00:00+00:00,109567.359375,2582.106201171875
2025-07-02 19:00:00+00:00,109681.96875,2599.883544921875
2025-07-02 20:00:00+00:00,109219.171875,2594.3154296875
2025-07-02 21:00:00+00:00,109495.5390625,2597.808837890625
2025-07-02 22:00:00+00:00,109186.3671875,2595.28662109375
2025-07-02 23:00:00+00:00,108845.015625,2570.796630859375
2025-07-03 00:00:00+00:00,108969.1796875,2573.55078125
2025-07-03 01:00:00+00:00,109074.4765625,2581.782470703125
2025-07-03 02:00:00+00:00,108779.421875,2568.171630859375
2025-07-03 03:00:00+00:00,108692.96875,2561.729248046875
2025-07-03 04:00:00+00:00,108824.2890625,2566.993896484375
2025-07-03 05:00:00+00:00,109386.9921875,2589.904296875
2025-07-03 06:00:00+00:00,109517.40625,2599.860595703125
2025-07-03 07:00:00+00:00,109320.9453125,2600.750244140625
2025-07-03 08:00:00+00:00,109419.515625,2589.958251953125
2025-07-03 09:00:00+00:00,109988.8125,2600.167724609375
2025-07-03 10:00:00+00:00,109873.1015625,2598.6953125
2025-07-03 11:00:00+00:00,109649.375,2597.420166015625
2025-07-03 12:00:00+00:00,109182.3828125,2589.834228515625
2025-07-03 13:00:00+00:00,110462.3203125,2629.08740234375
2025-07-03 14:00:00+00:00,109764.9609375,2596.720703125
2025-07-03 15:00:00+00:00,109162.9609375,2570.75927734375
2025-07-03 16:00:00+00:00,109487.859375,2576.220458984375
2025-07-03 17:00:00+00:00,109583.15625,2578.045166015625
2025-07-03 18:00:00+00:00,109685.453125,2586.322021484375
2025-07-03 19:00:00+00:00,109820.3515625,2587.308349609375
2025-07-03 20:00:00+00:00,109946.921875,2598.17578125
2025-07-03 21:00:00+00:00,109842.90625,2596.940185546875
2025-07-03 22:00:00+00:00,109749.5,2594.959228515625
2025-07-03 23:00:00+00:00,109635.65625,2590.845703125
2025-07-04 00:00:00+00:00,109521.15625,2588.738525390625
2025-07-04 01:00:00+00:00,109550.421875,2590.992919921875
2025-07-04 02:00:00+00:00,109255.9453125,2576.771484375
2025-07-04 03:00:00+00:00,109299.890625,2579.703857421875
2025-07-04 04:00:00+00:00,109029.203125,2571.964111328125
2025-07-04 05:00:00+00:00,109062.9453125,2569.753662109375
2025-07-04 06:00:00+00:00,109057.140625,2559.154541015625
2025-07-04 07:00:00+00:00,108754.359375,2537.22607421875
2025-07-04 08:00:00+00:00,108799.5390625,2548.029296875
2025-07-04 09:00:00+00:00,109038.203125,2552.59619140625
2025-07-04 10:00:00+00:00,108948.875,2548.80029296875
2025-07-04 11:00:00+00:00,108921.5,2549.927001953125
2025-07-04 12:00:00+00:00,108779.0546875,2549.77392578125
2025-07-04 13:00:00+00:00,108082.890625,2527.6689453125
2025-07-04 14:00:00+00:00,107858.15625,2517.4892578125
2025-07-04 15:00:00+00:00,107681.703125,2502.384033203125
2025-07-04 16:00:00+00:00,107652.265625,2487.283935546875
2025-07-04 17:00:00+00:00,107918.890625,2497.4375
2025-07-04 18:00:00+00:00,107569.9609375,2485.9033203125
2025-07-04 19:00:00+00:00,107492.0078125,2483.013427734375
2025-07-04 20:00:00+00:00,107743.6328125,2491.04541015625
2025-07-04 21:00:00+00:00,107935.4296875,2497.64990234375
2025-07-04 22:00:00+00:00,108283.5703125,2521.418212890625
2025-07-04 23:00:00+00:00,108015.8359375,2508.095947265625
2025-07-05 00:00:00+00:00,108235.875,2517.7587890625
2025-07-05 01:00:00+00:00,108013.578125,2513.917724609375
2025-07-05 02:00:00+00:00,108114.1328125,2518.44140625
2025-07-05 03:00:00+00:00,108207.59375,2519.401123046875
2025-07-05 04:00:00+00:00,108187.5625,2517.959228515625
2025-07-05 05:00:00+00:00,108178.6875,2520.89697265625
2025-07-05 06:00:00+00:00,108300.8125,2527.8095703125
2025-07-05 07:00:00+00:00,108066.15625,2521.27734375
2025-07-05 08:00:00+00:00,108057.9296875,2516.564208984375
2025-07-05 09:00:00+00:00,108120.421875,2521.9677734375
2025-07-05 10:00:00+00:00,108161.25,2519.771240234375
2025-07-05 11:00:00+00:00,108182.53125,2520.3291015625
2025-07-05 12:00:00+00:00,108181.4765625,2518.685546875
2025-07-05 13:00:00+00:00,108169.796875,2515.4306640625
2025-07-05 14:00:00+00:00,108232.96875,2518.642822265625
2025-07-05 15:00:00+00:00,108095.359375,2507.6767578125
2025-07-05 16:00:00+00:00,108131.8203125,2505.89453125
2025-07-05 17:00:00+00:00,108125.3828125,2504.53076171875
2025-07-05 18:00:00+00:00,108029.109375,2494.037841796875
2025-07-05 19:00:00+00:00,108174.7734375,2506.598876953125
2025-07-05 20:00:00+00:00,108133.921875,2507.421142578125
2025-07-05 21:00:00+00:00,108120.9140625,2516.697265625
2025-07-05 22:00:00+00:00,108227.2578125,2519.95458984375
2025-07-05 23:00:00+00:00,108231.1875,2517.280029296875
2025-07-06 00:00:00+00:00,108238.1796875,2520.045166015625
2025-07-06 01:00:00+00:00,108239.96875,2518.251953125
2025-07-06 02:00:00+00:00,108166.234375,2515.590576171875
2025-07-06 03:00:00+00:00,108088.8515625,2515.42578125
2025-07-06 04:00:00+00:00,108025.8046875,2513.239013671875
2025-07-06 05:00:00+00:00,108036.5,2510.828125
2025-07-06 06:00:00+00:00,108179.546875,2522.560546875
2025-07-06 07:00:00+00:00,108082.5390625,2518.849365234375
2025-07-06 08:00:00+00:00,108033.875,2513.571044921875
2025-07-06 09:00:00+00:00,107890.59375,2508.899169921875
2025-07-06 10:00:00+00:00,108022.40625,2509.603515625
2025-07-06 11:00:00+00:00,108095.28125,2516.699462890625
2025-07-06 12:00:00+00:00,108225.5390625,2520.644287109375
2025-07-06 13:00:00+00:00,108894.3515625,2561.2744140625
2025-07-06 14:00:00+00:00,108923.328125,2559.23046875
2025-07-06 15:00:00+00:00,108918.4921875,2558.221923828125
2025-07-06 16:00:00+00:00,108863.3515625,2552.23388671875
2025-07-06 17:00:00+00:00,108930.9609375,2547.69140625
2025-07-06 18:00:00+00:00,108477.453125,2531.72021484375
2025-07-06 19:00:00+00:00,108527.1328125,2540.63818359375
2025-07-06 20:00:00+00:00,108747.0625,2546.8701171875
2025-07-06 21:00:00+00:00,109176.3359375,2587.9287109375
2025-07-06 22:00:00+00:00,109257.1953125,2582.210205078125
2025-07-06 23:00:00+00:00,109235.328125,2571.395263671875
2025-07-07 00:00:00+00:00,108868.8046875,2561.709716796875
2025-07-07 01:00:00+00:00,109048.796875,2563.705078125
2025-07-07 02:00:00+00:00,109408.09375,2576.759033203125
2025-07-07 03:00:00+00:00,109393.21875,2577.243896484375
2025-07-07 04:00:00+00:00,109144.8828125,2573.650146484375
2025-07-07 05:00:00+00:00,109094.75,2569.5703125
2025-07-07 06:00:00+00:00,108789.8359375,2565.6708984375
2025-07-07 07:00:00+00:00,109075.921875,2578.804443359375
2025-07-07 08:00:00+00:00,109033.65625,2585.182861328125
2025-07-07 09:00:00+00:00,108836.5234375,2571.369140625
2025-07-07 10:00:00+00:00,108700.984375,2559.860107421875
2025-07-07 11:00:00+00:00,108690.28125,2564.634521484375
2025-07-07 12:00:00+00:00,108353.9453125,2548.55859375
2025-07-07 13:00:00+00:00,108545.1640625,2566.8642578125
2025-07-07 14:00:00+00:00,108258.0390625,2534.35205078125
2025-07-07 15:00:00+00:00,108305.9140625,2534.3857421875
2025-07-07 16:00:00+00:00,107984.1796875,2525.225830078125
2025-07-07 17:00:00+00:00,107928.1640625,2532.98046875
2025-07-07 18:00:00+00:00,108008.71875,2535.080322265625
2025-07-07 19:00:00+00:00,108141.421875,2545.596435546875
2025-07-07 20:00:00+00:00,107892.2734375,2532.715087890625
2025-07-07 21:00:00+00:00,108209.5078125,2539.474609375
2025-07-07 22:00:00+00:00,108028.40625,2535.830810546875
2025-07-07 23:00:00+00:00,108298.2265625,2542.97265625
2025-07-08 00:00:00+00:00,108305.8828125,2540.6396484375
2025-07-08 01:00:00+00:00,107746.1640625,2527.369384765625
2025-07-08 02:00:00+00:00,107748.1875,2528.461181640625
2025-07-08 03:00:00+00:00,107906.484375,2538.2158203125
2025-07-08 04:00:00+00:00,108007.2890625,2543.2626953125
2025-07-08 05:00:00+00:00,108212.984375,2551.950439453125
2025-07-08 06:00:00+00:00,108297.78125,2558.11669921875
2025-07-08 07:00:00+00:00,108475.890625,2552.054443359375
2025-07-08 08:00:00+00:00,108294.8671875,2547.52685546875
2025-07-08 09:00:00+00:00,108453.8984375,2552.370849609375
2025-07-08 10:00:00+00:00,108840.90625,2565.764404296875
2025-07-08 11:00:00+00:00,108778.9453125,2575.25390625
2025-07-08 12:00:00+00:00,108930.328125,2583.4716796875
2025-07-08 13:00:00+00:00,109106.5390625,2590.822265625
2025-07-08 14:00:00+00:00,108387.328125,2561.8154296875
2025-07-08 15:00:00+00:00,108281.640625,2565.079833984375
2025-07-08 16:00:00+00:00,108476.78125,2577.6142578125
2025-07-08 17:00:00+00:00,109035.0,2621.023193359375
2025-07-08 18:00:00+00:00,109185.125,2625.608154296875
2025-07-08 19:00:00+00:00,108777.4140625,2608.141845703125
2025-07-08 20:00:00+00:00,108693.171875,2603.759033203125
2025-07-08 21:00:00+00:00,108897.65625,2609.614501953125
2025-07-08 22:00:00+00:00,108931.640625,2611.552734375
2025-07-08 23:00:00+00:00,108965.1796875,2616.21533203125
2025-07-09 00:00:00+00:00,108967.046875,2612.378173828125
2025-07-09 01:00:00+00:00,108798.3203125,2605.107666015625
2025-07-09 02:00:00+00:00,108637.7265625,2603.39208984375
2025-07-09 03:00:00+00:00,108413.1015625,2592.48486328125
2025-07-09 04:00:00+00:00,108576.4765625,2602.531005859375
2025-07-09 05:00:00+00:00,108789.2734375,2629.56103515625
2025-07-09 06:00:00+00:00,108857.4375,2631.42626953125
2025-07-09 07:00:00+00:00,108732.0546875,2625.227783203125
2025-07-09 08:00:00+00:00,108702.703125,2613.072998046875
2025-07-09 09:00:00+00:00,108772.2578125,2612.543701171875
2025-07-09 10:00:00+00:00,108898.609375,2617.95556640625
2025-07-09 11:00:00+00:00,109083.6953125,2627.79443359375
2025-07-09 12:00:00+00:00,109362.3203125,2660.979248046875
2025-07-09 13:00:00+00:00,109194.109375,2655.427978515625
2025-07-09 14:00:00+00:00,109006.3828125,2645.885009765625
2025-07-09 15:00:00+00:00,109095.4921875,2656.969970703125
2025-07-09 16:00:00+00:00,109428.40625,2669.02978515625
2025-07-09 17:00:00+00:00,109210.3984375,2662.54833984375
2025-07-09 18:00:00+00:00,109545.453125,2718.89306640625
2025-07-09 19:00:00+00:00,111779.75,2765.4658203125
2025-07-09 20:00:00+00:00,110735.8203125,2741.043701171875
2025-07-09 21:00:00+00:00,110968.4921875,2754.931884765625
2025-07-09 22:00:00+00:00,111428.203125,2780.460205078125
2025-07-09 23:00:00+00:00,111329.1953125,2770.7373046875
2025-07-10 00:00:00+00:00,110969.5,2759.165283203125
2025-07-10 01:00:00+00:00,111350.421875,2777.7197265625
2025-07-10 02:00:00+00:00,111254.3203125,2783.968017578125
2025-07-10 03:00:00+00:00,111118.078125,2776.94482421875
2025-07-10 04:00:00+00:00,111187.9765625,2779.258056640625
2025-07-10 05:00:00+00:00,111149.3671875,2783.449951171875
2025-07-10 06:00:00+00:00,111321.4609375,2796.440673828125
2025-07-10 07:00:00+00:00,111270.6015625,2793.015625
2025-07-10 08:00:00+00:00,111288.578125,2789.351318359375
2025-07-10 09:00:00+00:00,111109.375,2778.647705078125
2025-07-10 10:00:00+00:00,111138.0078125,2786.252197265625
2025-07-10 11:00:00+00:00,111068.4453125,2779.122314453125
2025-07-10 12:00:00+00:00,110904.953125,2780.35791015625
2025-07-10 13:00:00+00:00,110758.1484375,2783.08447265625
2025-07-10 14:00:00+00:00,111266.1796875,2777.657470703125
2025-07-10 15:00:00+00:00,111454.234375,2770.363037109375
2025-07-10 16:00:00+00:00,112700.9140625,2808.46875
2025-07-10 17:00:00+00:00,113822.90625,2834.15478515625
2025-07-10 18:00:00+00:00,113468.078125,2813.07177734375
2025-07-10 19:00:00+00:00,113436.828125,2821.40478515625
2025-07-10 20:00:00+00:00,113615.3984375,2820.38525390625
2025-07-10 21:00:00+00:00,116458.03125,2978.955810546875
2025-07-10 22:00:00+00:00,116049.703125,2974.3525390625
2025-07-10 23:00:00+00:00,115986.234375,2954.832763671875
2025-07-11 00:00:00+00:00,115724.8125,2939.3759765625
2025-07-11 01:00:00+00:00,115946.5390625,2953.76513671875
2025-07-11 02:00:00+00:00,116686.59375,2965.82080078125
2025-07-11 03:00:00+00:00,116842.984375,2969.146484375
2025-07-11 04:00:00+00:00,116887.4375,2969.90380859375
2025-07-11 05:00:00+00:00,117886.609375,3004.297607421875
2025-07-11 06:00:00+00:00,117683.5234375,2992.81103515625
2025-07-11 07:00:00+00:00,117629.5859375,2977.00732421875
2025-07-11 08:00:00+00:00,117986.453125,3003.859375
2025-07-11 09:00:00+00:00,118498.9609375,3015.0341796875
2025-07-11 10:00:00+00:00,117994.6015625,3001.84423828125
2025-07-11 11:00:00+00:00,117918.171875,2985.51416015625
2025-07-11 12:00:00+00:00,117911.0703125,2987.6513671875
2025-07-11 13:00:00+00:00,118125.1796875,3007.683349609375
2025-07-11 14:00:00+00:00,117695.4375,2984.6181640625
2025-07-11 15:00:00+00:00,116967.609375,2948.187744140625
2025-07-11 16:00:00+00:00,117439.7734375,2970.906494140625
2025-07-11 17:00:00+00:00,117649.6875,2992.943115234375
2025-07-11 18:00:00+00:00,117715.6484375,2995.54736328125
2025-07-11 19:00:00+00:00,118029.4921875,3003.6005859375
2025-07-11 20:00:00+00:00,117766.21875,2977.485595703125
2025-07-11 21:00:00+00:00,117625.34375,2965.630615234375
2025-07-11 22:00:00+00:00,117616.59375,2950.23486328125
2025-07-11 23:00:00+00:00,117530.7109375,2958.333740234375
2025-07-12 00:00:00+00:00,117340.734375,2949.4765625
2025-07-12 01:00:00+00:00,117675.40625,2960.923583984375
2025-07-12 02:00:00+00:00,117648.6484375,2958.374267578125
2025-07-12 03:00:00+00:00,117715.078125,2963.01904296875
2025-07-12 04:00:00+00:00,117673.5625,2950.3408203125
2025-07-12 05:00:00+00:00,117730.7890625,2954.37353515625
2025-07-12 06:00:00+00:00,117956.4453125,2962.02880859375
2025-07-12 07:00:00+00:00,117760.8203125,2964.349853515625
2025-07-12 08:00:00+00:00,117905.3046875,2967.563232421875
2025-07-12 09:00:00+00:00,118180.8125,2974.186767578125
2025-07-12 10:00:00+00:00,118122.8828125,2976.849853515625
2025-07-12 11:00:00+00:00,117825.765625,2963.54345703125
2025-07-12 12:00:00+00:00,117501.6953125,2941.462646484375
2025-07-12 13:00:00+00:00,117492.2265625,2938.037841796875
2025-07-12 14:00:00+00:00,117399.953125,2928.65380859375
2025-07-12 15:00:00+00:00,117161.109375,2915.560791015625
2025-07-12 16:00:00+00:00,117223.59375,2925.714599609375
2025-07-12 17:00:00+00:00,117488.3359375,2943.110595703125
2025-07-12 18:00:00+00:00,117484.484375,2942.328857421875
2025-07-12 19:00:00+00:00,117565.2890625,2939.91064453125
2025-07-12 20:00:00+00:00,117120.5234375,2919.732421875
2025-07-12 21:00:00+00:00,117492.4296875,2939.02685546875
2025-07-12 22:00:00+00:00,117414.0,2937.429443359375
2025-07-12 23:00:00+00:00,117432.203125,2942.853515625
2025-07-13 00:00:00+00:00,117353.125,2945.7431640625
2025-07-13 01:00:00+00:00,117589.046875,2950.948974609375
2025-07-13 02:00:00+00:00,117662.59375,2955.831298828125
2025-07-13 03:00:00+00:00,117792.78125,2956.475830078125
2025-07-13 04:00:00+00:00,117917.75,2959.706298828125
2025-07-13 05:00:00+00:00,117780.7109375,2951.364990234375
2025-07-13 06:00:00+00:00,117941.8359375,2960.8369140625
2025-07-13 07:00:00+00:00,117986.4140625,2963.58837890625
2025-07-13 08:00:00+00:00,117830.8125,2954.146728515625
2025-07-13 09:00:00+00:00,117778.4296875,2948.093994140625
2025-07-13 10:00:00+00:00,117790.4296875,2948.30712890625
2025-07-13 11:00:00+00:00,118038.7578125,2963.575439453125
2025-07-13 12:00:00+00:00,118472.890625,2986.698974609375
2025-07-13 13:00:00+00:00,118667.1328125,2990.824951171875
2025-07-13 14:00:00+00:00,118753.609375,2988.33447265625
2025-07-13 15:00:00+00:00,118731.765625,2995.251708984375
2025-07-13 16:00:00+00:00,118657.1171875,2979.571044921875
2025-07-13 17:00:00+00:00,118719.375,2993.010498046875
2025-07-13 18:00:00+00:00,119012.9765625,2996.599609375
2025-07-13 19:00:00+00:00,119088.7890625,2994.256103515625
2025-07-13 20:00:00+00:00,119162.328125,2994.59033203125
2025-07-13 21:00:00+00:00,118671.25,2967.216552734375
2025-07-13 22:00:00+00:00,118659.3203125,2963.023193359375
2025-07-13 23:00:00+00:00,119115.7890625,2973.22509765625
2025-07-14 00:00:00+00:00,119118.90625,2976.818359375
2025-07-14 01:00:00+00:00,119135.0390625,2975.5576171875
2025-07-14 02:00:00+00:00,119702.203125,3001.590087890625
2025-07-14 03:00:00+00:00,120785.5703125,3037.727783203125
2025-07-14 04:00:00+00:00,121369.859375,3052.875244140625
2025-07-14 05:00:00+00:00,122454.9453125,3039.51025390625
2025-07-14 06:00:00+00:00,122091.015625,3023.769287109375
2025-07-14 07:00:00+00:00,122776.2734375,3045.801025390625
2025-07-14 08:00:00+00:00,122566.4453125,3040.060546875
2025-07-14 09:00:00+00:00,121969.546875,3046.48291015625
2025-07-14 10:00:00+00:00,121918.609375,3066.3720703125
2025-07-14 11:00:00+00:00,121487.484375,3056.941162109375
2025-07-14 12:00:00+00:00,121863.0,3046.608642578125
2025-07-14 13:00:00+00:00,121618.046875,3053.291259765625
2025-07-14 14:00:00+00:00,121127.671875,3029.7900390625
2025-07-14 15:00:00+00:00,119827.234375,3011.376708984375
2025-07-14 16:00:00+00:00,120258.15625,3027.099609375
2025-07-14 17:00:00+00:00,119805.5703125,3008.148681640625
2025-07-14 18:00:00+00:00,119644.4375,2988.74169921875
2025-07-14 19:00:00+00:00,119836.3125,2997.699462890625
2025-07-14 20:00:00+00:00,120363.046875,3008.108642578125
2025-07-14 21:00:00+00:00,120234.40625,3014.212646484375
2025-07-14 22:00:00+00:00,120076.7421875,3014.611083984375
2025-07-14 23:00:00+00:00,119853.8515625,3013.29345703125
2025-07-15 00:00:00+00:00,119553.109375,2992.406982421875
2025-07-15 01:00:00+00:00,118664.7421875,2981.359619140625
2025-07-15 02:00:00+00:00,118308.3515625,2974.12255859375
2025-07-15 03:00:00+00:00,117261.6015625,2951.526611328125
2025-07-15 04:00:00+00:00,117475.2734375,2968.9951171875
2025-07-15 05:00:00+00:00,117382.125,2973.220703125
2025-07-15 06:00:00+00:00,117017.9140625,2986.04052734375
2025-07-15 07:00:00+00:00,116904.0703125,2981.892822265625
2025-07-15 08:00:00+00:00,116777.9140625,2972.822265625
2025-07-15 09:00:00+00:00,116748.390625,2971.18359375
2025-07-15 10:00:00+00:00,117023.9296875,2974.25341796875
2025-07-15 11:00:00+00:00,117140.0390625,2980.548583984375
2025-07-15 12:00:00+00:00,117188.5078125,3001.75927734375
2025-07-15 13:00:00+00:00,118169.8125,3053.58935546875
2025-07-15 14:00:00+00:00,116077.6171875,2975.3173828125
2025-07-15 15:00:00+00:00,116382.2734375,3038.62646484375
2025-07-15 16:00:00+00:00,117137.046875,3048.28955078125
2025-07-15 17:00:00+00:00,117387.28125,3095.159912109375
2025-07-15 18:00:00+00:00,116792.6953125,3070.6650390625
2025-07-15 19:00:00+00:00,116526.4765625,3047.935791015625
2025-07-15 20:00:00+00:00,116556.328125,3043.8291015625
2025-07-15 21:00:00+00:00,117520.171875,3081.1240234375
2025-07-15 22:00:00+00:00,117845.09375,3093.554931640625
2025-07-15 23:00:00+00:00,117777.1875,3139.8896484375
2025-07-16 00:00:00+00:00,118115.3203125,3142.9345703125
2025-07-16 01:00:00+00:00,117748.4765625,3140.71923828125
2025-07-16 02:00:00+00:00,117289.0703125,3113.112060546875
2025-07-16 03:00:00+00:00,117493.4140625,3116.801025390625
2025-07-16 04:00:00+00:00,117624.3984375,3129.722412109375
2025-07-16 05:00:00+00:00,117879.7578125,3143.55517578125
2025-07-16 06:00:00+00:00,118279.6796875,3162.09228515625
2025-07-16 07:00:00+00:00,118178.3515625,3163.21533203125
2025-07-16 08:00:00+00:00,118709.171875,3164.4267578125
2025-07-16 09:00:00+00:00,119121.046875,3159.20458984375
2025-07-16 10:00:00+00:00,118762.875,3148.41552734375
2025-07-16 11:00:00+00:00,118765.2578125,3150.658447265625
2025-07-16 12:00:00+00:00,118659.734375,3167.021484375
2025-07-16 13:00:00+00:00,118732.8359375,3197.422119140625
2025-07-16 14:00:00+00:00,119061.125,3254.1162109375
2025-07-16 15:00:00+00:00,119096.1484375,3243.957275390625
2025-07-16 16:00:00+00:00,119312.9140625,3287.25048828125
2025-07-16 17:00:00+00:00,119129.3125,3313.23681640625
2025-07-16 18:00:00+00:00,119634.7890625,3334.479248046875
2025-07-16 19:00:00+00:00,119255.75,3377.6494140625
2025-07-16 20:00:00+00:00,119877.875,3384.42626953125
2025-07-16 21:00:00+00:00,119434.3125,3373.959228515625
2025-07-16 22:00:00+00:00,118705.640625,3359.0908203125
2025-07-16 23:00:00+00:00,118738.5078125,3371.5068359375
2025-07-17 00:00:00+00:00,118975.859375,3384.825927734375
2025-07-17 01:00:00+00:00,118028.28125,3338.160400390625
2025-07-17 02:00:00+00:00,118353.7421875,3348.7978515625
2025-07-17 03:00:00+00:00,118144.6875,3330.656982421875
2025-07-17 04:00:00+00:00,118510.5625,3350.344482421875
2025-07-17 05:00:00+00:00,118620.125,3373.537841796875
2025-07-17 06:00:00+00:00,118450.796875,3430.74462890625
2025-07-17 07:00:00+00:00,118404.8125,3450.480712890625
2025-07-17 08:00:00+00:00,118295.546875,3442.455078125
2025-07-17 09:00:00+00:00,118863.4296875,3468.28955078125
2025-07-17 10:00:00+00:00,118471.0078125,3463.937744140625
2025-07-17 11:00:00+00:00,118031.359375,3434.18310546875
2025-07-17 12:00:00+00:00,117992.2109375,3428.862548828125
2025-07-17 13:00:00+00:00,118419.015625,3404.148193359375
2025-07-17 14:00:00+00:00,118724.5234375,3427.734375
2025-07-17 15:00:00+00:00,118933.6328125,3424.676513671875
2025-07-17 16:00:00+00:00,118513.140625,3388.65771484375
2025-07-17 17:00:00+00:00,119237.3359375,3418.520263671875
2025-07-17 18:00:00+00:00,119633.6484375,3431.006591796875
2025-07-17 19:00:00+00:00,118958.125,3412.427978515625
2025-07-17 20:00:00+00:00,119225.7734375,3408.900634765625
2025-07-17 21:00:00+00:00,120373.9296875,3471.40185546875
2025-07-17 22:00:00+00:00,119812.890625,3467.498291015625
2025-07-17 23:00:00+00:00,119284.109375,3476.1240234375
2025-07-18 00:00:00+00:00,119850.25,3541.61328125
2025-07-18 01:00:00+00:00,120422.1328125,3622.486572265625
2025-07-18 02:00:00+00:00,120192.859375,3604.757080078125
2025-07-18 03:00:00+00:00,120309.9765625,3596.925048828125
2025-07-18 04:00:00+00:00,120531.2890625,3621.835693359375
2025-07-18 05:00:00+00:00,120652.0625,3674.60595703125
2025-07-18 06:00:00+00:00,120367.9375,3657.427734375
2025-07-18 07:00:00+00:00,119531.0390625,3616.50244140625
2025-07-18 08:00:00+00:00,118716.0625,3609.311767578125
2025-07-18 09:00:00+00:00,118951.84375,3621.432861328125
2025-07-18 10:00:00+00:00,119241.2734375,3620.961181640625
2025-07-18 11:00:00+00:00,119234.765625,3613.68603515625
2025-07-18 12:00:00+00:00,119520.921875,3625.994384765625
2025-07-18 13:00:00+00:00,118822.4765625,3645.385986328125
2025-07-18 14:00:00+00:00,118242.84375,3601.838623046875
2025-07-18 15:00:00+00:00,117913.4140625,3564.251953125
2025-07-18 16:00:00+00:00,117653.6796875,3571.876220703125
2025-07-18 17:00:00+00:00,117703.7421875,3599.71142578125
2025-07-18 18:00:00+00:00,117437.15625,3578.033203125
2025-07-18 19:00:00+00:00,117454.3125,3556.115234375
2025-07-18 20:00:00+00:00,117548.9453125,3526.38818359375
2025-07-18 21:00:00+00:00,117691.2578125,3554.706298828125
2025-07-18 22:00:00+00:00,117769.78125,3542.1494140625
2025-07-18 23:00:00+00:00,117998.125,3548.926025390625
2025-07-19 00:00:00+00:00,117838.8359375,3530.1884765625
2025-07-19 01:00:00+00:00,118118.9453125,3550.240478515625
2025-07-19 02:00:00+00:00,118279.171875,3571.0712890625
2025-07-19 03:00:00+00:00,118357.1484375,3594.779052734375
2025-07-19 04:00:00+00:00,118223.046875,3591.271728515625
2025-07-19 05:00:00+00:00,118312.53125,3589.014404296875
2025-07-19 06:00:00+00:00,118231.6875,3574.796630859375
2025-07-19 07:00:00+00:00,118250.859375,3574.619140625
2025-07-19 08:00:00+00:00,118219.359375,3556.626220703125
2025-07-19 09:00:00+00:00,118287.6015625,3559.710205078125
2025-07-19 10:00:00+00:00,118455.0546875,3557.580810546875
2025-07-19 11:00:00+00:00,118371.65625,3553.438232421875
2025-07-19 12:00:00+00:00,118271.4921875,3562.281982421875
2025-07-19 13:00:00+00:00,118146.1171875,3555.291259765625
2025-07-19 14:00:00+00:00,117744.015625,3536.322509765625
2025-07-19 15:00:00+00:00,118124.7265625,3555.537353515625
2025-07-19 16:00:00+00:00,118043.015625,3561.156494140625
2025-07-19 17:00:00+00:00,117839.0625,3543.22412109375
2025-07-19 18:00:00+00:00,117902.671875,3553.300537109375
2025-07-19 19:00:00+00:00,118064.9765625,3577.531494140625
2025-07-19 20:00:00+00:00,117802.296875,3567.1708984375
2025-07-19 21:00:00+00:00,117760.265625,3572.987548828125
2025-07-19 22:00:00+00:00,117859.21875,3580.244384765625
2025-07-19 23:00:00+00:00,117944.109375,3595.240478515625
2025-07-20 00:00:00+00:00,117998.7734375,3593.3037109375
2025-07-20 01:00:00+00:00,118002.0234375,3607.40185546875
2025-07-20 02:00:00+00:00,118003.4140625,3617.3388671875
2025-07-20 03:00:00+00:00,118028.1484375,3663.795654296875
2025-07-20 04:00:00+00:00,118018.0,3656.19384765625
2025-07-20 05:00:00+00:00,117915.8203125,3648.8876953125
2025-07-20 06:00:00+00:00,117871.9609375,3653.992919921875
2025-07-20 07:00:00+00:00,118073.6796875,3671.825439453125
2025-07-20 08:00:00+00:00,118211.6875,3706.073486328125
2025-07-20 09:00:00+00:00,118048.1796875,3714.051025390625
2025-07-20 10:00:00+00:00,117940.9765625,3699.791259765625
2025-07-20 11:00:00+00:00,117866.75,3755.42333984375
2025-07-20 12:00:00+00:00,118103.734375,3741.006591796875
2025-07-20 13:00:00+00:00,118366.828125,3749.803466796875
2025-07-20 14:00:00+00:00,118497.390625,3754.174560546875
2025-07-20 15:00:00+00:00,118729.4375,3787.1337890625
2025-07-20 16:00:00+00:00,118594.515625,3809.028076171875
2025-07-20 17:00:00+00:00,118056.046875,3742.36572265625
2025-07-20 18:00:00+00:00,118391.1328125,3753.75732421875
2025-07-20 19:00:00+00:00,118253.328125,3759.190673828125
2025-07-20 20:00:00+00:00,118151.8359375,3744.845458984375
2025-07-20 21:00:00+00:00,118062.3203125,3768.41796875
2025-07-20 22:00:00+00:00,117602.59375,3751.901123046875
2025-07-20 23:00:00+00:00,117306.46875,3758.920654296875
2025-07-21 00:00:00+00:00,117347.2421875,3746.3310546875
2025-07-21 01:00:00+00:00,117343.640625,3727.33447265625
2025-07-21 02:00:00+00:00,118058.0,3740.957763671875
2025-07-21 03:00:00+00:00,118434.7578125,3756.756103515625
2025-07-21 04:00:00+00:00,118381.0703125,3763.111572265625
2025-07-21 05:00:00+00:00,118427.15625,3781.482666015625
2025-07-21 06:00:00+00:00,119205.515625,3787.8134765625
2025-07-21 07:00:00+00:00,119341.578125,3789.04052734375
2025-07-21 08:00:00+00:00,119021.6015625,3777.19970703125
2025-07-21 09:00:00+00:00,118730.8046875,3773.3359375
2025-07-21 10:00:00+00:00,118615.078125,3812.564453125
2025-07-21 11:00:00+00:00,118191.421875,3812.777099609375
2025-07-21 12:00:00+00:00,118225.0625,3811.693359375
2025-07-21 13:00:00+00:00,118851.84375,3817.8525390625
2025-07-21 14:00:00+00:00,118864.8203125,3843.85205078125
2025-07-21 15:00:00+00:00,118360.5390625,3811.710205078125
2025-07-21 16:00:00+00:00,117839.28125,3776.88330078125
2025-07-21 17:00:00+00:00,117906.921875,3771.75927734375
2025-07-21 18:00:00+00:00,117209.3203125,3741.406982421875
2025-07-21 19:00:00+00:00,116856.4921875,3736.87255859375
2025-07-21 20:00:00+00:00,117016.5859375,3760.01025390625
2025-07-21 21:00:00+00:00,117278.2578125,3752.910400390625
2025-07-21 22:00:00+00:00,117439.578125,3765.453857421875
2025-07-21 23:00:00+00:00,117426.5,3762.882080078125
2025-07-22 00:00:00+00:00,117171.0546875,3747.213623046875
2025-07-22 01:00:00+00:00,117838.84375,3791.671630859375
2025-07-22 02:00:00+00:00,117041.953125,3737.1689453125
2025-07-22 03:00:00+00:00,117207.8984375,3729.689453125
2025-07-22 04:00:00+00:00,116747.53125,3670.875244140625
2025-07-22 05:00:00+00:00,117328.234375,3685.337890625
2025-07-22 06:00:00+00:00,117827.4765625,3688.640625
2025-07-22 07:00:00+00:00,117924.3046875,3672.172119140625
2025-07-22 08:00:00+00:00,118308.3515625,3650.190185546875
2025-07-22 09:00:00+00:00,118453.53125,3660.633544921875
2025-07-22 10:00:00+00:00,118922.2734375,3696.564453125
2025-07-22 11:00:00+00:00,119199.2890625,3709.649169921875
2025-07-22 12:00:00+00:00,119357.4140625,3703.997314453125
2025-07-22 13:00:00+00:00,118292.703125,3650.554443359375
2025-07-22 14:00:00+00:00,119043.40625,3698.2216796875
2025-07-22 15:00:00+00:00,118934.0390625,3717.0302734375
2025-07-22 16:00:00+00:00,118715.75,3720.80078125
2025-07-22 17:00:00+00:00,119222.640625,3706.177001953125
2025-07-22 18:00:00+00:00,119942.9296875,3714.038818359375
2025-07-22 19:00:00+00:00,119278.296875,3664.915283203125
2025-07-22 20:00:00+00:00,119822.1015625,3706.06298828125
2025-07-22 21:00:00+00:00,119520.0546875,3708.66748046875
2025-07-22 22:00:00+00:00,119877.09375,3720.468994140625
2025-07-22 23:00:00+00:00,119997.4453125,3749.238525390625
2025-07-23 00:00:00+00:00,119590.40625,3729.708740234375
2025-07-23 01:00:00+00:00,119565.015625,3737.9345703125
2025-07-23 02:00:00+00:00,119104.0390625,3745.676513671875
2025-07-23 03:00:00+00:00,118624.828125,3729.449951171875
2025-07-23 04:00:00+00:00,118999.5703125,3735.338623046875
2025-07-23 05:00:00+00:00,118675.6171875,3714.950927734375
2025-07-23 06:00:00+00:00,118463.3671875,3696.169189453125
2025-07-23 07:00:00+00:00,118406.828125,3675.72119140625
2025-07-23 08:00:00+00:00,118465.625,3691.43017578125
2025-07-23 09:00:00+00:00,118147.5390625,3664.051513671875
2025-07-23 10:00:00+00:00,118430.0703125,3668.177734375
2025-07-23 11:00:00+00:00,118597.546875,3675.21484375
2025-07-23 12:00:00+00:00,118019.0625,3642.471435546875
2025-07-23 13:00:00+00:00,117521.953125,3595.644775390625
2025-07-23 14:00:00+00:00,118052.3125,3612.9130859375
2025-07-23 15:00:00+00:00,118567.0859375,3643.77880859375
2025-07-23 16:00:00+00:00,117795.7109375,3577.80224609375
2025-07-23 17:00:00+00:00,118118.5859375,3588.837646484375
2025-07-23 18:00:00+00:00,118396.328125,3604.627197265625
2025-07-23 19:00:00+00:00,118449.7890625,3595.2236328125
2025-07-23 20:00:00+00:00,118016.7265625,3573.663330078125
2025-07-23 21:00:00+00:00,118157.109375,3586.9423828125
2025-07-23 22:00:00+00:00,118618.5234375,3609.313232421875
2025-07-23 23:00:00+00:00,118770.984375,3629.731689453125
2025-07-24 00:00:00+00:00,119081.65625,3647.095703125
2025-07-24 01:00:00+00:00,119168.1953125,3648.9306640625
2025-07-24 02:00:00+00:00,119012.265625,3651.38232421875
2025-07-24 03:00:00+00:00,118572.4921875,3646.113525390625
2025-07-24 04:00:00+00:00,118049.8671875,3613.367431640625
2025-07-24 05:00:00+00:00,117632.6875,3563.343017578125
2025-07-24 06:00:00+00:00,117535.9140625,3550.820556640625
2025-07-24 07:00:00+00:00,118509.7734375,3594.344970703125
2025-07-24 08:00:00+00:00,118825.03125,3634.684814453125
2025-07-24 09:00:00+00:00,118539.0859375,3636.419921875
2025-07-24 10:00:00+00:00,118472.0546875,3622.94580078125
2025-07-24 11:00:00+00:00,118711.390625,3660.79833984375
2025-07-24 12:00:00+00:00,118609.5234375,3644.555908203125
2025-07-24 13:00:00+00:00,118331.4296875,3632.295654296875
2025-07-24 14:00:00+00:00,119072.3203125,3734.18115234375
2025-07-24 15:00:00+00:00,119151.9921875,3730.80810546875
2025-07-24 16:00:00+00:00,118580.53125,3684.619140625
2025-07-24 17:00:00+00:00,119200.40625,3726.00390625
2025-07-24 18:00:00+00:00,119116.5859375,3742.81982421875
2025-07-24 19:00:00+00:00,119071.09375,3737.6796875
2025-07-24 20:00:00+00:00,118789.6328125,3739.49072265625
2025-07-24 21:00:00+00:00,118635.28125,3726.8505859375
2025-07-24 22:00:00+00:00,118413.078125,3731.83349609375
2025-07-24 23:00:00+00:00,118368.0,3708.005615234375
2025-07-25 00:00:00+00:00,117779.953125,3663.16748046875
2025-07-25 01:00:00+00:00,117503.8828125,3691.9169921875
2025-07-25 02:00:00+00:00,116533.9296875,3625.487060546875
2025-07-25 03:00:00+00:00,115427.6015625,3596.48779296875
2025-07-25 04:00:00+00:00,116128.71875,3650.2099609375
2025-07-25 05:00:00+00:00,115604.828125,3636.856689453125
2025-07-25 06:00:00+00:00,115384.5,3633.922119140625
2025-07-25 07:00:00+00:00,115151.2421875,3626.865478515625
2025-07-25 08:00:00+00:00,115270.9296875,3666.889892578125
2025-07-25 09:00:00+00:00,115946.40625,3722.524658203125
2025-07-25 10:00:00+00:00,116291.2265625,3719.046630859375
2025-07-25 11:00:00+00:00,116600.1484375,3723.98291015625
2025-07-25 12:00:00+00:00,116073.4140625,3703.68896484375
2025-07-25 13:00:00+00:00,116148.7265625,3702.75439453125
2025-07-25 14:00:00+00:00,114983.9765625,3626.95849609375
2025-07-25 15:00:00+00:00,115787.0546875,3636.645751953125
2025-07-25 16:00:00+00:00,116182.703125,3641.83642578125
2025-07-25 17:00:00+00:00,116189.2109375,3639.372802734375
2025-07-25 18:00:00+00:00,116562.609375,3652.855224609375
2025-07-25 19:00:00+00:00,116763.9375,3646.383056640625
2025-07-25 20:00:00+00:00,117080.90625,3686.648681640625
2025-07-25 21:00:00+00:00,117195.21875,3717.123291015625
2025-07-25 22:00:00+00:00,117303.2734375,3722.67041015625
2025-07-25 23:00:00+00:00,117644.84375,3727.2373046875
2025-07-26 00:00:00+00:00,117496.640625,3725.38818359375
2025-07-26 01:00:00+00:00,117201.15625,3704.169677734375
2025-07-26 02:00:00+00:00,117535.46875,3743.904296875
2025-07-26 03:00:00+00:00,117553.8046875,3742.486328125
2025-07-26 04:00:00+00:00,117529.9609375,3749.147705078125
2025-07-26 05:00:00+00:00,117498.921875,3749.915771484375
2025-07-26 06:00:00+00:00,117382.4375,3739.287841796875
2025-07-26 07:00:00+00:00,117360.015625,3742.878173828125
2025-07-26 08:00:00+00:00,117611.1875,3762.67333984375
2025-07-26 09:00:00+00:00,117626.296875,3760.173583984375
2025-07-26 10:00:00+00:00,118038.515625,3763.433349609375
2025-07-26 11:00:00+00:00,117827.984375,3740.917724609375
2025-07-26 12:00:00+00:00,117974.9375,3744.141357421875
2025-07-26 13:00:00+00:00,118170.46875,3743.575927734375
2025-07-26 14:00:00+00:00,118135.6484375,3731.49755859375
2025-07-26 15:00:00+00:00,118185.640625,3736.479248046875
2025-07-26 16:00:00+00:00,118107.96875,3726.9267578125
2025-07-26 17:00:00+00:00,118068.5625,3727.076416015625
2025-07-26 18:00:00+00:00,118124.90625,3742.981689453125
2025-07-26 19:00:00+00:00,118274.2734375,3754.485595703125
2025-07-26 20:00:00+00:00,118029.8671875,3748.12060546875
2025-07-26 21:00:00+00:00,118096.7421875,3756.375
2025-07-26 22:00:00+00:00,118096.6484375,3751.69775390625
2025-07-26 23:00:00+00:00,117944.7265625,3741.25732421875
2025-07-27 00:00:00+00:00,117958.875,3755.25244140625
2025-07-27 01:00:00+00:00,118149.2109375,3759.458251953125
2025-07-27 02:00:00+00:00,118343.5390625,3785.345947265625
2025-07-27 03:00:00+00:00,118230.5234375,3774.850341796875
2025-07-27 04:00:00+00:00,118236.5625,3790.83349609375
2025-07-27 05:00:00+00:00,118334.046875,3793.480712890625
2025-07-27 06:00:00+00:00,118312.28125,3773.628662109375
2025-07-27 07:00:00+00:00,118154.2890625,3769.02001953125
2025-07-27 08:00:00+00:00,117994.9765625,3772.126953125
2025-07-27 09:00:00+00:00,117965.0703125,3763.226318359375
2025-07-27 10:00:00+00:00,118264.4765625,3820.364990234375
2025-07-27 11:00:00+00:00,118092.28125,3812.148193359375
2025-07-27 12:00:00+00:00,118142.703125,3828.7685546875
2025-07-27 13:00:00+00:00,118260.8984375,3810.650634765625
2025-07-27 14:00:00+00:00,118455.15625,3809.86181640625
2025-07-27 15:00:00+00:00,118623.578125,3820.85107421875
2025-07-27 16:00:00+00:00,119075.1953125,3814.48583984375
2025-07-27 17:00:00+00:00,119217.0546875,3841.001220703125
2025-07-27 18:00:00+00:00,119106.1015625,3851.517578125
2025-07-27 19:00:00+00:00,119014.078125,3830.5068359375
2025-07-27 20:00:00+00:00,118780.625,3823.2197265625
2025-07-27 21:00:00+00:00,119254.2890625,3840.325927734375
2025-07-27 22:00:00+00:00,119547.5859375,3864.50634765625
2025-07-27 23:00:00+00:00,119457.5234375,3875.255859375
2025-07-28 00:00:00+00:00,119329.5546875,3870.09423828125
2025-07-28 01:00:00+00:00,119043.1796875,3847.94873046875
2025-07-28 02:00:00+00:00,119433.6953125,3883.986083984375
2025-07-28 03:00:00+00:00,119302.1953125,3879.671142578125
2025-07-28 04:00:00+00:00,119237.8515625,3901.557373046875
2025-07-28 05:00:00+00:00,119613.8046875,3936.38525390625
2025-07-28 06:00:00+00:00,119479.84375,3915.66943359375
2025-07-28 07:00:00+00:00,118903.453125,3891.509765625
2025-07-28 08:00:00+00:00,119103.71875,3893.248291015625
2025-07-28 09:00:00+00:00,118958.2109375,3892.416015625
2025-07-28 10:00:00+00:00,118774.8828125,3886.820068359375
2025-07-28 11:00:00+00:00,118807.0546875,3878.458251953125
2025-07-28 12:00:00+00:00,118850.6640625,3872.297607421875
2025-07-28 13:00:00+00:00,118422.59375,3842.115966796875
2025-07-28 14:00:00+00:00,117992.28125,3783.0234375
2025-07-28 15:00:00+00:00,118196.234375,3808.627685546875
2025-07-28 16:00:00+00:00,118032.8125,3808.52001953125
2025-07-28 17:00:00+00:00,117679.984375,3787.026611328125
2025-07-28 18:00:00+00:00,117794.828125,3781.988037109375
2025-07-28 19:00:00+00:00,118000.2421875,3797.1396484375
2025-07-28 20:00:00+00:00,118014.5859375,3789.866943359375
2025-07-28 21:00:00+00:00,118059.609375,3787.469482421875
2025-07-28 22:00:00+00:00,117853.2421875,3786.559814453125
2025-07-28 23:00:00+00:00,117938.5859375,3788.319580078125
2025-07-29 00:00:00+00:00,117964.1796875,3779.767333984375
2025-07-29 01:00:00+00:00,117877.609375,3763.365966796875
2025-07-29 02:00:00+00:00,118078.6875,3756.93994140625
2025-07-29 03:00:00+00:00,118799.25,3795.654052734375
2025-07-29 04:00:00+00:00,118542.3828125,3780.143798828125
2025-07-29 05:00:00+00:00,118824.03125,3806.228515625
2025-07-29 06:00:00+00:00,118832.34375,3830.82763671875
2025-07-29 07:00:00+00:00,118862.734375,3873.9189453125
2025-07-29 08:00:00+00:00,118854.8359375,3871.000732421875
2025-07-29 09:00:00+00:00,118784.359375,3873.48095703125
2025-07-29 10:00:00+00:00,118342.5859375,3828.263671875
2025-07-29 11:00:00+00:00,118592.3046875,3824.3203125
2025-07-29 12:00:00+00:00,118916.671875,3853.870849609375
2025-07-29 13:00:00+00:00,118606.1640625,3834.15625
2025-07-29 14:00:00+00:00,117777.8125,3780.56103515625
2025-07-29 15:00:00+00:00,117416.234375,3763.872314453125
2025-07-29 16:00:00+00:00,117675.1484375,3749.99365234375
2025-07-29 17:00:00+00:00,117772.6640625,3769.214599609375
2025-07-29 18:00:00+00:00,117535.328125,3766.73193359375
2025-07-29 19:00:00+00:00,117571.3984375,3770.2255859375
2025-07-29 20:00:00+00:00,117329.8046875,3758.242431640625
2025-07-29 21:00:00+00:00,117597.90625,3782.657470703125
2025-07-29 22:00:00+00:00,117821.4609375,3791.422607421875
2025-07-29 23:00:00+00:00,117909.7421875,3793.58251953125
2025-07-30 00:00:00+00:00,117708.3984375,3773.887939453125
2025-07-30 01:00:00+00:00,117838.359375,3789.92724609375
2025-07-30 02:00:00+00:00,118008.484375,3812.724853515625
2025-07-30 03:00:00+00:00,118159.7109375,3816.716796875
2025-07-30 04:00:00+00:00,117988.6015625,3806.530517578125
2025-07-30 05:00:00+00:00,117975.390625,3809.444580078125
2025-07-30 06:00:00+00:00,118285.96875,3825.5390625
2025-07-30 07:00:00+00:00,118111.359375,3811.166259765625
2025-07-30 08:00:00+00:00,118409.875,3819.15380859375
2025-07-30 09:00:00+00:00,118198.59375,3787.597412109375
2025-07-30 10:00:00+00:00,118079.7578125,3778.71240234375
2025-07-30 11:00:00+00:00,117551.515625,3757.034423828125
2025-07-30 12:00:00+00:00,117814.875,3777.15478515625
2025-07-30 13:00:00+00:00,117754.9921875,3770.057373046875
2025-07-30 14:00:00+00:00,118643.8203125,3819.3583984375
2025-07-30 15:00:00+00:00,117937.5703125,3797.367431640625
2025-07-30 16:00:00+00:00,117737.984375,3792.017333984375
2025-07-30 17:00:00+00:00,117803.625,3809.20751953125
2025-07-30 18:00:00+00:00,116576.9453125,3743.92041015625
2025-07-30 19:00:00+00:00,117011.015625,3763.36669921875
2025-07-30 20:00:00+00:00,117080.1875,3769.752685546875
2025-07-30 21:00:00+00:00,117317.8984375,3764.8779296875
2025-07-30 22:00:00+00:00,117480.0546875,3764.713623046875
2025-07-30 23:00:00+00:00,117833.6328125,3808.24609375
2025-07-31 00:00:00+00:00,118399.3984375,3846.0302734375
2025-07-31 01:00:00+00:00,118023.9609375,3834.427734375
2025-07-31 02:00:00+00:00,118433.9375,3862.282470703125
2025-07-31 03:00:00+00:00,118432.140625,3861.456787109375
2025-07-31 04:00:00+00:00,118505.9765625,3869.275390625
2025-07-31 05:00:00+00:00,118359.2734375,3858.114501953125
2025-07-31 06:00:00+00:00,118713.4609375,3875.21484375
2025-07-31 07:00:00+00:00,118658.796875,3863.5400390625
2025-07-31 08:00:00+00:00,118582.8984375,3863.611328125
2025-07-31 09:00:00+00:00,118587.5703125,3864.20068359375
2025-07-31 10:00:00+00:00,118476.9375,3855.2138671875
2025-07-31 11:00:00+00:00,118342.421875,3836.515625
2025-07-31 12:00:00+00:00,118612.9921875,3836.52197265625
2025-07-31 13:00:00+00:00,118594.40625,3807.99365234375
2025-07-31 14:00:00+00:00,117908.4140625,3773.1142578125
2025-07-31 15:00:00+00:00,118289.8828125,3786.9150390625
2025-07-31 16:00:00+00:00,118512.8203125,3803.53076171875
2025-07-31 17:00:00+00:00,117776.9609375,3771.51220703125
2025-07-31 18:00:00+00:00,117637.765625,3773.97705078125
2025-07-31 19:00:00+00:00,116779.0859375,3736.77685546875
2025-07-31 20:00:00+00:00,116494.046875,3736.04052734375
2025-07-31 21:00:00+00:00,116270.8203125,3729.20556640625
2025-07-31 22:00:00+00:00,116111.1875,3714.4765625
2025-07-31 23:00:00+00:00,115738.953125,3696.144287109375
2025-08-01 00:00:00+00:00,115435.421875,3684.9970703125
2025-08-01 01:00:00+00:00,115269.4296875,3686.050048828125
2025-08-01 02:00:00+00:00,115945.609375,3715.6826171875
2025-08-01 03:00:00+00:00,115640.3046875,3704.96826171875
2025-08-01 04:00:00+00:00,115672.640625,3682.857421875
2025-08-01 05:00:00+00:00,115575.5546875,3674.068603515625
2025-08-01 06:00:00+00:00,115136.6484375,3661.244140625
2025-08-01 07:00:00+00:00,114970.40625,3647.50244140625
2025-08-01 08:00:00+00:00,114703.2890625,3614.435302734375
2025-08-01 09:00:00+00:00,114972.9140625,3619.7119140625
2025-08-01 10:00:00+00:00,114716.3671875,3615.3232421875
2025-08-01 11:00:00+00:00,115232.7109375,3640.846435546875
2025-08-01 12:00:00+00:00,115767.1953125,3665.9130859375
2025-08-01 13:00:00+00:00,114269.515625,3593.5419921875
2025-08-01 14:00:00+00:00,115570.2421875,3631.84033203125
2025-08-01 15:00:00+00:00,115368.703125,3616.58984375
2025-08-01 16:00:00+00:00,114875.03125,3580.326171875
2025-08-01 17:00:00+00:00,114362.3828125,3566.223876953125
2025-08-01 18:00:00+00:00,113764.3671875,3549.5458984375
2025-08-01 19:00:00+00:00,113271.96875,3513.691162109375
2025-08-01 20:00:00+00:00,113835.9921875,3539.376708984375
2025-08-01 21:00:00+00:00,113987.046875,3539.78515625
2025-08-01 22:00:00+00:00,113181.90625,3473.471923828125
2025-08-01 23:00:00+00:00,113320.390625,3487.956787109375
2025-08-02 00:00:00+00:00,113741.7109375,3511.1865234375
2025-08-02 01:00:00+00:00,113612.0625,3517.313720703125
2025-08-02 02:00:00+00:00,113634.8125,3519.314697265625
2025-08-02 03:00:00+00:00,113841.9375,3524.52978515625
2025-08-02 04:00:00+00:00,113976.765625,3531.88525390625
2025-08-02 05:00:00+00:00,113942.6171875,3518.541748046875
2025-08-02 06:00:00+00:00,113678.203125,3479.6240234375
2025-08-02 07:00:00+00:00,113970.5234375,3518.96435546875
2025-08-02 08:00:00+00:00,113669.9140625,3489.194580078125
2025-08-02 09:00:00+00:00,113650.296875,3492.7470703125
2025-08-02 10:00:00+00:00,113563.03125,3490.86181640625
2025-08-02 11:00:00+00:00,113745.296875,3508.832763671875
2025-08-02 12:00:00+00:00,113618.6640625,3509.330810546875
2025-08-02 13:00:00+00:00,113460.1953125,3509.15087890625
2025-08-02 14:00:00+00:00,113123.828125,3478.649169921875
2025-08-02 15:00:00+00:00,112869.921875,3458.96875
2025-08-02 16:00:00+00:00,113144.0546875,3469.129638671875
2025-08-02 17:00:00+00:00,112677.6015625,3420.02197265625
2025-08-02 18:00:00+00:00,112332.953125,3383.519775390625
2025-08-02 19:00:00+00:00,112272.171875,3386.781494140625
2025-08-02 20:00:00+00:00,112625.9609375,3420.58740234375
2025-08-02 21:00:00+00:00,113002.640625,3414.742919921875
2025-08-02 22:00:00+00:00,112840.8203125,3412.309814453125
2025-08-02 23:00:00+00:00,112525.8046875,3392.744384765625
2025-08-03 00:00:00+00:00,112899.046875,3407.302734375
2025-08-03 01:00:00+00:00,113110.0390625,3416.695556640625
2025-08-03 02:00:00+00:00,113468.0078125,3444.01513671875
2025-08-03 03:00:00+00:00,113631.9609375,3446.3798828125
2025-08-03 04:00:00+00:00,113440.328125,3439.4150390625
2025-08-03 05:00:00+00:00,113602.09375,3444.44775390625
2025-08-03 06:00:00+00:00,113518.3515625,3438.348388671875
2025-08-03 07:00:00+00:00,113668.7421875,3453.722900390625
2025-08-03 08:00:00+00:00,113681.1875,3462.25927734375
2025-08-03 09:00:00+00:00,113662.4765625,3464.634765625
2025-08-03 10:00:00+00:00,113894.8046875,3486.496826171875
2025-08-03 11:00:00+00:00,113885.9375,3488.0693359375
2025-08-03 12:00:00+00:00,114016.5234375,3494.077392578125
2025-08-03 13:00:00+00:00,113927.421875,3491.3916015625
2025-08-03 14:00:00+00:00,113781.0625,3473.287841796875
2025-08-03 15:00:00+00:00,113946.6640625,3477.611572265625
2025-08-03 16:00:00+00:00,113956.0546875,3494.7763671875
2025-08-03 17:00:00+00:00,114113.203125,3489.558837890625
2025-08-03 18:00:00+00:00,114370.0703125,3496.187744140625
2025-08-03 19:00:00+00:00,114296.34375,3494.265869140625
2025-08-03 20:00:00+00:00,114427.25,3494.50439453125
2025-08-03 21:00:00+00:00,114472.46875,3503.045166015625
2025-08-03 22:00:00+00:00,114319.78125,3502.747314453125
2025-08-03 23:00:00+00:00,114223.921875,3497.613037109375
2025-08-04 00:00:00+00:00,114881.65625,3547.208251953125
2025-08-04 01:00:00+00:00,114668.8828125,3536.3046875
2025-08-04 02:00:00+00:00,114778.4296875,3567.005126953125
2025-08-04 03:00:00+00:00,114606.0546875,3557.853515625
2025-08-04 04:00:00+00:00,114371.6484375,3537.958984375
2025-08-04 05:00:00+00:00,114388.0859375,3534.34521484375
2025-08-04 06:00:00+00:00,114437.890625,3538.410400390625
2025-08-04 07:00:00+00:00,114708.1484375,3552.236572265625
2025-08-04 08:00:00+00:00,114519.984375,3550.06298828125
2025-08-04 09:00:00+00:00,114342.6171875,3546.493896484375
2025-08-04 10:00:00+00:00,114276.0078125,3556.373779296875
2025-08-04 11:00:00+00:00,114483.3046875,3556.28564453125
2025-08-04 12:00:00+00:00,114441.5,3572.929443359375
2025-08-04 13:00:00+00:00,114856.0078125,3615.88232421875
2025-08-04 14:00:00+00:00,114726.8984375,3636.569091796875
2025-08-04 15:00:00+00:00,114849.3359375,3649.120849609375
2025-08-04 16:00:00+00:00,115362.625,3689.68896484375
2025-08-04 17:00:00+00:00,115197.7890625,3681.6494140625
2025-08-04 18:00:00+00:00,114963.1171875,3674.156005859375
2025-08-04 19:00:00+00:00,114743.3359375,3668.90087890625
2025-08-04 20:00:00+00:00,114857.4453125,3704.03564453125
2025-08-04 21:00:00+00:00,115161.5625,3714.28662109375
2025-08-04 22:00:00+00:00,115311.21875,3730.72998046875
2025-08-04 23:00:00+00:00,115072.1875,3719.81787109375
2025-08-05 00:00:00+00:00,114874.7734375,3697.583251953125
2025-08-05 01:00:00+00:00,114703.6484375,3678.64013671875
2025-08-05 02:00:00+00:00,114703.34375,3678.601806640625
2025-08-05 03:00:00+00:00,114257.125,3653.041259765625
2025-08-05 04:00:00+00:00,114360.421875,3649.939453125
2025-08-05 05:00:00+00:00,114418.1796875,3665.48828125
2025-08-05 06:00:00+00:00,114166.625,3649.327880859375
2025-08-05 07:00:00+00:00,113975.359375,3611.865966796875
2025-08-05 08:00:00+00:00,114246.484375,3633.58203125
2025-08-05 09:00:00+00:00,114681.90625,3660.686767578125
2025-08-05 10:00:00+00:00,114834.6796875,3683.62255859375
2025-08-05 11:00:00+00:00,114819.21875,3672.21875
2025-08-05 12:00:00+00:00,114014.65625,3632.789306640625
2025-08-05 13:00:00+00:00,114370.3046875,3643.978271484375
2025-08-05 14:00:00+00:00,113027.515625,3577.35205078125
2025-08-05 15:00:00+00:00,112835.015625,3564.595947265625
2025-08-05 16:00:00+00:00,113118.2890625,3578.933837890625
2025-08-05 17:00:00+00:00,113592.734375,3605.267822265625
2025-08-05 18:00:00+00:00,113575.6640625,3585.149658203125
2025-08-05 19:00:00+00:00,113687.09375,3574.064697265625
2025-08-05 20:00:00+00:00,113562.59375,3574.78515625
2025-08-05 21:00:00+00:00,113628.796875,3576.651123046875
2025-08-05 22:00:00+00:00,113932.0390625,3596.766845703125
2025-08-05 23:00:00+00:00,114140.9140625,3612.038818359375
2025-08-06 00:00:00+00:00,113815.3828125,3573.450439453125
2025-08-06 01:00:00+00:00,113844.296875,3592.7890625
2025-08-06 02:00:00+00:00,113622.8046875,3591.06103515625
2025-08-06 03:00:00+00:00,113551.65625,3584.49658203125
2025-08-06 04:00:00+00:00,113410.203125,3573.342529296875
2025-08-06 05:00:00+00:00,114123.0859375,3637.22412109375
2025-08-06 06:00:00+00:00,114068.2265625,3630.863037109375
2025-08-06 07:00:00+00:00,114206.1796875,3640.31689453125
2025-08-06 08:00:00+00:00,113929.7109375,3622.025634765625
2025-08-06 09:00:00+00:00,114073.5234375,3626.44775390625
2025-08-06 10:00:00+00:00,114059.375,3615.63818359375
2025-08-06 11:00:00+00:00,114208.953125,3618.315185546875
2025-08-06 12:00:00+00:00,113904.203125,3581.16162109375
2025-08-06 13:00:00+00:00,114316.96875,3603.0087890625
2025-08-06 14:00:00+00:00,114974.921875,3634.3896484375
2025-08-06 15:00:00+00:00,115471.453125,3667.189453125
2025-08-06 16:00:00+00:00,115129.015625,3647.71484375
2025-08-06 17:00:00+00:00,115504.3984375,3677.997802734375
2025-08-06 18:00:00+00:00,115445.4375,3676.7822265625
2025-08-06 19:00:00+00:00,115205.375,3679.545654296875
2025-08-06 20:00:00+00:00,115117.453125,3674.746337890625
2025-08-06 21:00:00+00:00,115056.0234375,3668.568603515625
2025-08-06 22:00:00+00:00,115133.546875,3682.710693359375
2025-08-06 23:00:00+00:00,115030.0546875,3684.06201171875
2025-08-07 00:00:00+00:00,114932.734375,3674.34375
2025-08-07 01:00:00+00:00,114724.8125,3669.7392578125
2025-08-07 02:00:00+00:00,114592.7890625,3659.451904296875
2025-08-07 03:00:00+00:00,114567.03125,3658.038330078125
2025-08-07 04:00:00+00:00,114381.4375,3662.757568359375
2025-08-07 05:00:00+00:00,114555.6640625,3687.6962890625
2025-08-07 06:00:00+00:00,114701.609375,3695.313232421875
2025-08-07 07:00:00+00:00,114809.2109375,3701.746826171875
2025-08-07 08:00:00+00:00,115032.8984375,3722.7880859375
2025-08-07 09:00:00+00:00,115069.34375,3733.96044921875
2025-08-07 10:00:00+00:00,116368.921875,3824.986083984375
2025-08-07 11:00:00+00:00,116559.3203125,3830.878662109375
2025-08-07 12:00:00+00:00,116402.2421875,3849.719970703125
2025-08-07 13:00:00+00:00,116630.1953125,3856.46875
2025-08-07 14:00:00+00:00,116354.5390625,3818.619140625
2025-08-07 15:00:00+00:00,116814.0625,3838.62255859375
2025-08-07 16:00:00+00:00,116282.21875,3816.679931640625
2025-08-07 17:00:00+00:00,116500.390625,3830.3369140625
2025-08-07 18:00:00+00:00,116568.8046875,3828.747314453125
2025-08-07 19:00:00+00:00,117494.296875,3867.376953125
2025-08-07 20:00:00+00:00,117215.6484375,3871.456787109375
2025-08-07 21:00:00+00:00,117137.75,3869.4306640625
2025-08-07 22:00:00+00:00,117612.0,3919.3173828125
2025-08-07 23:00:00+00:00,117505.5,3914.110595703125
2025-08-08 00:00:00+00:00,117376.3828125,3903.493408203125
2025-08-08 01:00:00+00:00,116887.671875,3885.591064453125
2025-08-08 02:00:00+00:00,116731.21875,3896.83740234375
2025-08-08 03:00:00+00:00,116769.4609375,3938.284423828125
2025-08-08 04:00:00+00:00,116789.0390625,3921.2294921875
2025-08-08 05:00:00+00:00,116580.0,3902.400146484375
2025-08-08 06:00:00+00:00,116747.109375,3915.448974609375
2025-08-08 07:00:00+00:00,116877.3203125,3916.54248046875
2025-08-08 08:00:00+00:00,116655.0234375,3898.584716796875
2025-08-08 09:00:00+00:00,116717.1015625,3900.52197265625
2025-08-08 10:00:00+00:00,116543.75,3897.059814453125
2025-08-08 11:00:00+00:00,116929.6640625,3918.35595703125
2025-08-08 12:00:00+00:00,116559.515625,3895.30126953125
2025-08-08 13:00:00+00:00,116900.4296875,3998.989501953125
2025-08-08 14:00:00+00:00,116507.296875,3977.560302734375
2025-08-08 15:00:00+00:00,116230.0859375,3955.072021484375
2025-08-08 16:00:00+00:00,116212.515625,3969.192138671875
2025-08-08 17:00:00+00:00,116675.7421875,4032.197265625
2025-08-08 18:00:00+00:00,116499.234375,4052.73388671875
2025-08-08 19:00:00+00:00,116437.53125,4055.370849609375
2025-08-08 20:00:00+00:00,116843.96875,4054.244384765625
2025-08-08 21:00:00+00:00,116960.8046875,4041.89697265625
2025-08-08 22:00:00+00:00,116903.859375,4026.226806640625
2025-08-08 23:00:00+00:00,116678.2734375,4009.150634765625
2025-08-09 00:00:00+00:00,116591.859375,4015.158203125
2025-08-09 01:00:00+00:00,116586.75,4033.335205078125
2025-08-09 02:00:00+00:00,116429.5703125,4034.755615234375
2025-08-09 03:00:00+00:00,116409.6484375,4051.005615234375
2025-08-09 04:00:00+00:00,116457.578125,4081.9716796875
2025-08-09 05:00:00+00:00,116763.7265625,4178.99658203125
2025-08-09 06:00:00+00:00,116695.8203125,4161.82958984375
2025-08-09 07:00:00+00:00,116768.0390625,4170.93310546875
2025-08-09 08:00:00+00:00,117120.3046875,4190.35791015625
2025-08-09 09:00:00+00:00,117452.484375,4220.921875
2025-08-09 10:00:00+00:00,117439.8984375,4217.56396484375
2025-08-09 11:00:00+00:00,117119.1171875,4191.59765625
2025-08-09 12:00:00+00:00,117132.5625,4198.11669921875
2025-08-09 13:00:00+00:00,116982.453125,4167.8701171875
2025-08-09 14:00:00+00:00,116981.8046875,4196.2646484375
2025-08-09 15:00:00+00:00,116853.0625,4207.5078125
2025-08-09 16:00:00+00:00,116699.578125,4209.10009765625
2025-08-09 17:00:00+00:00,116693.5078125,4235.783203125
2025-08-09 18:00:00+00:00,116665.0625,4243.2021484375
2025-08-09 19:00:00+00:00,116570.796875,4259.5595703125
2025-08-09 20:00:00+00:00,116799.75,4282.19677734375
2025-08-09 21:00:00+00:00,116605.6015625,4284.0595703125
2025-08-09 22:00:00+00:00,116575.609375,4265.4609375
2025-08-09 23:00:00+00:00,116497.71875,4263.552734375
2025-08-10 00:00:00+00:00,116744.0546875,4312.5703125
2025-08-10 01:00:00+00:00,116569.484375,4299.748046875
2025-08-10 02:00:00+00:00,117329.9609375,4251.26708984375
2025-08-10 03:00:00+00:00,118426.71875,4243.38671875
2025-08-10 04:00:00+00:00,118451.0390625,4249.7841796875
2025-08-10 05:00:00+00:00,118053.5078125,4222.40966796875
2025-08-10 06:00:00+00:00,118086.1875,4226.11572265625
2025-08-10 07:00:00+00:00,117818.4609375,4185.6962890625
2025-08-10 08:00:00+00:00,118329.0859375,4211.341796875
2025-08-10 09:00:00+00:00,118305.375,4224.89794921875
2025-08-10 10:00:00+00:00,118028.3046875,4197.7568359375
2025-08-10 11:00:00+00:00,118368.125,4181.4013671875
2025-08-10 12:00:00+00:00,118530.4921875,4201.59326171875
2025-08-10 13:00:00+00:00,118432.8125,4168.30859375
2025-08-10 14:00:00+00:00,118779.0546875,4220.79052734375
2025-08-10 15:00:00+00:00,118798.2890625,4218.80810546875
2025-08-10 16:00:00+00:00,118685.03125,4234.5283203125
2025-08-10 17:00:00+00:00,118545.0,4227.98828125
2025-08-10 18:00:00+00:00,118562.1953125,4233.73779296875
2025-08-10 19:00:00+00:00,118686.203125,4254.68359375
2025-08-10 20:00:00+00:00,118425.8046875,4219.02783203125
2025-08-10 21:00:00+00:00,118680.9140625,4222.39013671875
2025-08-10 22:00:00+00:00,119012.703125,4244.37109375
2025-08-10 23:00:00+00:00,119306.8125,4254.2314453125
2025-08-11 00:00:00+00:00,119240.609375,4270.22314453125
2025-08-11 01:00:00+00:00,119812.7734375,4306.544921875
2025-08-11 02:00:00+00:00,121881.5,4313.21337890625
2025-08-11 03:00:00+00:00,121819.734375,4311.1923828125
2025-08-11 04:00:00+00:00,122132.25,4328.396484375
2025-08-11 05:00:00+00:00,121988.09375,4302.75537109375
2025-08-11 06:00:00+00:00,122257.4609375,4299.7607421875
2025-08-11 07:00:00+00:00,121474.9375,4271.728515625
2025-08-11 08:00:00+00:00,121732.2734375,4283.7119140625
2025-08-11 09:00:00+00:00,121342.6640625,4263.248046875
2025-08-11 10:00:00+00:00,121147.8125,4238.005859375
2025-08-11 11:00:00+00:00,120566.5546875,4187.59033203125
2025-08-11 12:00:00+00:00,119532.65625,4180.24951171875
2025-08-11 13:00:00+00:00,120021.5390625,4274.642578125
2025-08-11 14:00:00+00:00,120229.578125,4279.30615234375
2025-08-11 15:00:00+00:00,120298.703125,4325.00830078125
2025-08-11 16:00:00+00:00,120025.6640625,4320.701171875
2025-08-11 17:00:00+00:00,119530.5859375,4294.173828125
2025-08-11 18:00:00+00:00,119749.9609375,4298.361328125
2025-08-11 19:00:00+00:00,119041.1796875,4257.92578125
2025-08-11 20:00:00+00:00,118884.6875,4246.62109375
2025-08-11 21:00:00+00:00,118701.859375,4212.02392578125
2025-08-11 22:00:00+00:00,118893.6640625,4220.896484375
2025-08-11 23:00:00+00:00,118717.6640625,4228.01904296875
2025-08-12 00:00:00+00:00,119002.5390625,4276.2041015625
2025-08-12 01:00:00+00:00,119015.5,4270.9716796875
2025-08-12 02:00:00+00:00,119094.8203125,4293.958984375
2025-08-12 03:00:00+00:00,118821.9609375,4285.75146484375
2025-08-12 04:00:00+00:00,119096.234375,4310.5966796875
2025-08-12 05:00:00+00:00,118774.203125,4285.65185546875
2025-08-12 06:00:00+00:00,118875.28125,4293.17578125
2025-08-12 07:00:00+00:00,119008.7265625,4312.56591796875
2025-08-12 08:00:00+00:00,118807.8359375,4310.83642578125
2025-08-12 09:00:00+00:00,118427.9921875,4287.9677734375
2025-08-12 10:00:00+00:00,118488.03125,4277.8974609375
2025-08-12 11:00:00+00:00,118538.09375,4293.58154296875
2025-08-12 12:00:00+00:00,119225.609375,4401.5
2025-08-12 13:00:00+00:00,118814.625,4378.6220703125
2025-08-12 14:00:00+00:00,119393.4765625,4413.443359375
2025-08-12 15:00:00+00:00,119922.3984375,4469.4287109375
2025-08-12 16:00:00+00:00,119632.25,4463.44677734375
2025-08-12 17:00:00+00:00,119235.515625,4501.62158203125
2025-08-12 18:00:00+00:00,119314.765625,4487.53515625
2025-08-12 19:00:00+00:00,119680.90625,4517.21337890625
2025-08-12 20:00:00+00:00,120193.7890625,4621.9443359375
2025-08-12 21:00:00+00:00,119825.9765625,4585.501953125
2025-08-12 22:00:00+00:00,120050.078125,4574.0146484375
2025-08-12 23:00:00+00:00,120168.9765625,4590.65771484375
2025-08-13 00:00:00+00:00,119689.9609375,4617.73046875
2025-08-13 01:00:00+00:00,119463.59375,4581.4521484375
2025-08-13 02:00:00+00:00,119529.0859375,4620.1318359375
2025-08-13 03:00:00+00:00,119476.5234375,4647.14111328125
2025-08-13 04:00:00+00:00,119348.6171875,4674.79052734375
2025-08-13 05:00:00+00:00,118998.46875,4630.23583984375
2025-08-13 06:00:00+00:00,119400.1484375,4621.6884765625
2025-08-13 07:00:00+00:00,119616.9921875,4625.94677734375
2025-08-13 08:00:00+00:00,119980.5546875,4623.80859375
2025-08-13 09:00:00+00:00,120142.625,4707.39501953125
2025-08-13 10:00:00+00:00,120477.109375,4693.982421875
2025-08-13 11:00:00+00:00,120605.2421875,4686.482421875
2025-08-13 12:00:00+00:00,120258.7890625,4684.0888671875
2025-08-13 13:00:00+00:00,121716.09375,4667.76318359375
2025-08-13 14:00:00+00:00,121022.6796875,4657.33154296875
2025-08-13 15:00:00+00:00,120958.8125,4656.673828125
2025-08-13 16:00:00+00:00,121394.3515625,4699.49609375
2025-08-13 17:00:00+00:00,121871.4453125,4727.6279296875
2025-08-13 18:00:00+00:00,121643.25,4714.634765625
2025-08-13 19:00:00+00:00,122809.1484375,4734.34814453125
2025-08-13 20:00:00+00:00,122923.15625,4718.91650390625
2025-08-13 21:00:00+00:00,122535.375,4717.99951171875
2025-08-13 22:00:00+00:00,122987.421875,4734.84716796875
2025-08-13 23:00:00+00:00,123339.3984375,4758.123046875
2025-08-14 00:00:00+00:00,123810.921875,4716.66259765625
2025-08-14 01:00:00+00:00,123414.03125,4724.34375
2025-08-14 02:00:00+00:00,123686.0703125,4751.15966796875
2025-08-14 03:00:00+00:00,123411.46875,4778.0537109375
2025-08-14 04:00:00+00:00,123111.234375,4759.3193359375
2025-08-14 05:00:00+00:00,122177.6328125,4731.455078125
2025-08-14 06:00:00+00:00,121810.6015625,4776.4833984375
2025-08-14 07:00:00+00:00,121824.171875,4748.67529296875
2025-08-14 08:00:00+00:00,121655.5078125,4726.5625
2025-08-14 09:00:00+00:00,121707.8671875,4760.90771484375
2025-08-14 10:00:00+00:00,120913.8828125,4702.75537109375
2025-08-14 11:00:00+00:00,120991.6328125,4718.134765625
2025-08-14 12:00:00+00:00,118951.2734375,4572.0625
2025-08-14 13:00:00+00:00,118488.84375,4617.54443359375
2025-08-14 14:00:00+00:00,118852.7734375,4666.06689453125
2025-08-14 15:00:00+00:00,118269.46875,4624.11083984375
2025-08-14 16:00:00+00:00,117913.7265625,4553.04296875
2025-08-14 17:00:00+00:00,117913.828125,4543.60009765625
2025-08-14 18:00:00+00:00,118234.71875,4539.771484375
2025-08-14 19:00:00+00:00,118128.84375,4545.91796875
2025-08-14 20:00:00+00:00,117890.3359375,4530.5703125
2025-08-14 21:00:00+00:00,117966.9609375,4478.4375
2025-08-14 22:00:00+00:00,118394.3984375,4534.2041015625
2025-08-14 23:00:00+00:00,118365.78125,4549.07568359375
2025-08-15 00:00:00+00:00,118288.8125,4569.03125
2025-08-15 01:00:00+00:00,118805.9375,4612.638671875
2025-08-15 02:00:00+00:00,118820.6171875,4628.72265625
2025-08-15 03:00:00+00:00,119074.125,4640.140625
2025-08-15 04:00:00+00:00,118961.09375,4628.04443359375
2025-08-15 05:00:00+00:00,119005.5859375,4621.4755859375
2025-08-15 06:00:00+00:00,119188.8359375,4653.04052734375
2025-08-15 07:00:00+00:00,119039.1328125,4640.94482421875
2025-08-15 08:00:00+00:00,118993.6171875,4647.93798828125
2025-08-15 09:00:00+00:00,118740.5703125,4625.55224609375
2025-08-15 10:00:00+00:00,118976.0390625,4639.66259765625
2025-08-15 11:00:00+00:00,119092.765625,4639.72509765625
2025-08-15 12:00:00+00:00,118795.734375,4637.9130859375
2025-08-15 13:00:00+00:00,117857.6484375,4547.96044921875
2025-08-15 14:00:00+00:00,117435.5703125,4499.072265625
2025-08-15 15:00:00+00:00,117359.5390625,4432.56494140625
2025-08-15 16:00:00+00:00,117443.96875,4419.248046875
2025-08-15 17:00:00+00:00,117678.0078125,4445.10205078125
2025-08-15 18:00:00+00:00,117189.328125,4395.7578125
2025-08-15 19:00:00+00:00,117005.4921875,4390.49951171875
2025-08-15 20:00:00+00:00,117355.7578125,4425.94189453125
2025-08-15 21:00:00+00:00,117377.7890625,4428.65478515625
2025-08-15 22:00:00+00:00,117777.828125,4480.68505859375
2025-08-15 23:00:00+00:00,117398.421875,4439.998046875
2025-08-16 00:00:00+00:00,117834.2734375,4482.69140625
2025-08-16 01:00:00+00:00,117899.3203125,4489.75
2025-08-16 02:00:00+00:00,117597.875,4449.76025390625
2025-08-16 03:00:00+00:00,117511.21875,4433.5576171875
2025-08-16 04:00:00+00:00,117906.609375,4455.99169921875
2025-08-16 05:00:00+00:00,117679.5546875,4424.97705078125
2025-08-16 06:00:00+00:00,117480.609375,4423.25146484375
2025-08-16 07:00:00+00:00,117716.4453125,4457.796875
2025-08-16 08:00:00+00:00,117731.0390625,4449.7392578125
2025-08-16 09:00:00+00:00,117492.3046875,4425.826171875
2025-08-16 10:00:00+00:00,117462.5703125,4406.0009765625
2025-08-16 11:00:00+00:00,117449.0625,4389.8310546875
2025-08-16 12:00:00+00:00,117822.1171875,4407.369140625
2025-08-16 13:00:00+00:00,117711.4921875,4395.1015625
2025-08-16 14:00:00+00:00,117856.0390625,4418.181640625
2025-08-16 15:00:00+00:00,117767.9140625,4400.47900390625
2025-08-16 16:00:00+00:00,117849.9765625,4413.12353515625
2025-08-16 17:00:00+00:00,117788.0234375,4408.37744140625
2025-08-16 18:00:00+00:00,117754.328125,4409.8955078125
2025-08-16 19:00:00+00:00,117767.9921875,4424.19384765625
2025-08-16 20:00:00+00:00,117719.40625,4434.52001953125
2025-08-16 21:00:00+00:00,117570.6875,4416.27392578125
2025-08-16 22:00:00+00:00,117568.421875,4432.2255859375
2025-08-16 23:00:00+00:00,117492.7890625,4426.259765625
2025-08-17 00:00:00+00:00,117360.65625,4416.70361328125
2025-08-17 01:00:00+00:00,117524.3125,4408.0771484375
2025-08-17 02:00:00+00:00,117626.6171875,4430.67431640625
2025-08-17 03:00:00+00:00,117765.3046875,4454.169921875
2025-08-17 04:00:00+00:00,118171.15625,4488.18701171875
2025-08-17 05:00:00+00:00,118105.5625,4475.12353515625
2025-08-17 06:00:00+00:00,118014.9609375,4459.8662109375
2025-08-17 07:00:00+00:00,118071.015625,4469.7099609375
2025-08-17 08:00:00+00:00,118419.7734375,4539.59619140625
2025-08-17 09:00:00+00:00,118405.140625,4545.6416015625
2025-08-17 10:00:00+00:00,118412.234375,4571.904296875
2025-08-17 11:00:00+00:00,118369.0,4554.0478515625
2025-08-17 12:00:00+00:00,118223.8828125,4544.33837890625
2025-08-17 13:00:00+00:00,118491.015625,4539.02978515625
2025-08-17 14:00:00+00:00,118211.59375,4553.25830078125
2025-08-17 15:00:00+00:00,118316.7734375,4564.72900390625
2025-08-17 16:00:00+00:00,117884.3125,4519.62548828125
2025-08-17 17:00:00+00:00,117971.7421875,4527.794921875
2025-08-17 18:00:00+00:00,117562.0078125,4465.6103515625
2025-08-17 19:00:00+00:00,117640.03125,4459.42236328125
2025-08-17 20:00:00+00:00,117710.4296875,4469.60888671875
2025-08-17 21:00:00+00:00,117770.484375,4480.2998046875
2025-08-17 22:00:00+00:00,118031.5859375,4524.349609375
2025-08-17 23:00:00+00:00,117453.90625,4473.33056640625
2025-08-18 00:00:00+00:00,117303.65625,4466.2109375
2025-08-18 01:00:00+00:00,116400.40625,4401.693359375
2025-08-18 02:00:00+00:00,115557.8515625,4325.78466796875
2025-08-18 03:00:00+00:00,115407.0625,4325.7314453125
2025-08-18 04:00:00+00:00,115542.0390625,4340.4794921875
2025-08-18 05:00:00+00:00,115733.71875,4312.66357421875
2025-08-18 06:00:00+00:00,115287.3125,4252.060546875
2025-08-18 07:00:00+00:00,115287.9375,4261.51611328125
2025-08-18 08:00:00+00:00,115190.609375,4258.46240234375
2025-08-18 09:00:00+00:00,115091.5,4292.421875
2025-08-18 10:00:00+00:00,115151.1328125,4265.89404296875
2025-08-18 11:00:00+00:00,115053.3359375,4278.35205078125
2025-08-18 12:00:00+00:00,115510.9375,4343.41162109375
2025-08-18 13:00:00+00:00,115143.65625,4304.8603515625
2025-08-18 14:00:00+00:00,115662.203125,4331.05517578125
2025-08-18 15:00:00+00:00,116203.03125,4342.62890625
2025-08-18 16:00:00+00:00,116043.0078125,4324.26513671875
2025-08-18 17:00:00+00:00,116529.6328125,4346.73828125
2025-08-18 18:00:00+00:00,116552.859375,4369.58056640625
2025-08-18 19:00:00+00:00,116405.7578125,4359.46435546875
2025-08-18 20:00:00+00:00,116417.1796875,4339.025390625
2025-08-18 21:00:00+00:00,116698.0390625,4361.6494140625
2025-08-18 22:00:00+00:00,116543.3125,4343.9208984375
2025-08-18 23:00:00+00:00,116241.859375,4312.5302734375
2025-08-19 00:00:00+00:00,116524.3984375,4332.84521484375
2025-08-19 01:00:00+00:00,115821.453125,4296.8642578125
2025-08-19 02:00:00+00:00,115863.5078125,4285.62744140625
2025-08-19 03:00:00+00:00,114947.203125,4222.43798828125
2025-08-19 04:00:00+00:00,115400.8203125,4233.3212890625
2025-08-19 05:00:00+00:00,115023.4453125,4233.44287109375
2025-08-19 06:00:00+00:00,115042.796875,4241.765625
2025-08-19 07:00:00+00:00,115001.0546875,4233.91162109375
2025-08-19 08:00:00+00:00,115267.640625,4259.52734375
2025-08-19 09:00:00+00:00,115369.671875,4284.26025390625
2025-08-19 10:00:00+00:00,115418.71875,4285.23974609375
2025-08-19 11:00:00+00:00,115603.1875,4311.0986328125
2025-08-19 12:00:00+00:00,115581.46875,4306.1416015625
2025-08-19 13:00:00+00:00,115213.078125,4298.14306640625
2025-08-19 14:00:00+00:00,113937.984375,4192.97705078125
2025-08-19 15:00:00+00:00,113787.046875,4193.423828125
2025-08-19 16:00:00+00:00,113372.8515625,4148.40966796875
2025-08-19 17:00:00+00:00,113512.59375,4186.9599609375
2025-08-19 18:00:00+00:00,113073.9453125,4145.70068359375
2025-08-19 19:00:00+00:00,113166.703125,4140.09814453125
2025-08-19 20:00:00+00:00,113519.8203125,4158.39501953125
2025-08-19 21:00:00+00:00,113423.859375,4151.0703125
2025-08-19 22:00:00+00:00,113174.9609375,4135.08056640625
2025-08-19 23:00:00+00:00,112828.0234375,4073.168212890625
2025-08-20 00:00:00+00:00,113238.5,4109.81640625
2025-08-20 01:00:00+00:00,112979.859375,4108.708984375
2025-08-20 02:00:00+00:00,113457.5234375,4140.16064453125
2025-08-20 03:00:00+00:00,113541.34375,4143.3271484375
2025-08-20 04:00:00+00:00,113594.2578125,4168.37353515625
2025-08-20 05:00:00+00:00,113692.9921875,4180.435546875
2025-08-20 06:00:00+00:00,113676.25,4183.07275390625
2025-08-20 07:00:00+00:00,113451.265625,4184.9072265625
2025-08-20 08:00:00+00:00,114021.1875,4235.982421875
2025-08-20 09:00:00+00:00,113669.8828125,4223.23291015625
2025-08-20 10:00:00+00:00,113816.09375,4227.921875
2025-08-20 11:00:00+00:00,113596.515625,4190.33984375
2025-08-20 12:00:00+00:00,113705.6875,4207.95849609375
2025-08-20 13:00:00+00:00,112865.7265625,4141.61572265625
2025-08-20 14:00:00+00:00,113506.515625,4214.4833984375
2025-08-20 15:00:00+00:00,113373.6171875,4253.8017578125
2025-08-20 16:00:00+00:00,113799.1796875,4298.119140625
2025-08-20 17:00:00+00:00,114199.7890625,4349.79248046875
2025-08-20 18:00:00+00:00,113533.53125,4299.15234375
2025-08-20 19:00:00+00:00,114327.890625,4349.21044921875
2025-08-20 20:00:00+00:00,114376.203125,4358.390625
2025-08-20 21:00:00+00:00,114396.2265625,4348.53125
2025-08-20 22:00:00+00:00,114618.34375,4371.22802734375
2025-08-20 23:00:00+00:00,114275.6875,4334.5673828125
2025-08-21 00:00:00+00:00,114322.1640625,4325.3740234375
2025-08-21 01:00:00+00:00,114639.0859375,4330.15283203125
2025-08-21 02:00:00+00:00,113970.3515625,4293.1142578125
2025-08-21 03:00:00+00:00,113991.1640625,4295.3642578125
2025-08-21 04:00:00+00:00,113849.703125,4299.103515625
2025-08-21 05:00:00+00:00,113982.1171875,4317.4169921875
2025-08-21 06:00:00+00:00,113827.703125,4307.01220703125
2025-08-21 07:00:00+00:00,113900.2265625,4309.83056640625
2025-08-21 08:00:00+00:00,113624.0859375,4288.5205078125
2025-08-21 09:00:00+00:00,113401.7109375,4277.0654296875
2025-08-21 10:00:00+00:00,113275.0703125,4288.67822265625
2025-08-21 11:00:00+00:00,113145.5,4281.40625
2025-08-21 12:00:00+00:00,113033.9921875,4247.6162109375
2025-08-21 13:00:00+00:00,113562.15625,4265.3583984375
2025-08-21 14:00:00+00:00,113260.3203125,4272.8125
2025-08-21 15:00:00+00:00,112787.421875,4239.92578125
2025-08-21 16:00:00+00:00,112368.7734375,4216.88623046875
2025-08-21 17:00:00+00:00,112411.7578125,4241.70068359375
2025-08-21 18:00:00+00:00,112621.09375,4264.31005859375
2025-08-21 19:00:00+00:00,112098.296875,4224.7392578125
2025-08-21 20:00:00+00:00,112512.1875,4250.64453125
2025-08-21 21:00:00+00:00,112592.7734375,4243.2138671875
2025-08-21 22:00:00+00:00,112475.0390625,4251.5458984375
2025-08-21 23:00:00+00:00,112433.734375,4223.73095703125
2025-08-22 00:00:00+00:00,112606.9140625,4241.974609375
2025-08-22 01:00:00+00:00,112830.328125,4258.31787109375
2025-08-22 02:00:00+00:00,113170.9296875,4287.15869140625
2025-08-22 03:00:00+00:00,112872.5703125,4276.46728515625
2025-08-22 04:00:00+00:00,112746.4453125,4279.5
2025-08-22 05:00:00+00:00,113214.0390625,4288.97607421875
2025-08-22 06:00:00+00:00,112978.5,4293.3564453125
2025-08-22 07:00:00+00:00,113088.390625,4329.26904296875
2025-08-22 08:00:00+00:00,112978.0625,4333.00927734375
2025-08-22 09:00:00+00:00,113027.53125,4327.42529296875
2025-08-22 10:00:00+00:00,112511.015625,4296.4599609375
2025-08-22 11:00:00+00:00,112307.1015625,4276.6455078125
2025-08-22 12:00:00+00:00,112285.3125,4245.65966796875
2025-08-22 13:00:00+00:00,112341.90625,4283.68505859375
2025-08-22 14:00:00+00:00,115893.3984375,4618.681640625
2025-08-22 15:00:00+00:00,116548.1640625,4633.48193359375
2025-08-22 16:00:00+00:00,116138.5078125,4748.4072265625
2025-08-22 17:00:00+00:00,116927.09375,4801.19189453125
2025-08-22 18:00:00+00:00,116753.453125,4789.5888671875
2025-08-22 19:00:00+00:00,116641.0234375,4851.81298828125
2025-08-22 20:00:00+00:00,116979.171875,4840.62255859375
2025-08-22 21:00:00+00:00,116979.8984375,4847.2197265625
2025-08-22 22:00:00+00:00,116714.5703125,4811.994140625
2025-08-22 23:00:00+00:00,116866.3671875,4831.08837890625
2025-08-23 00:00:00+00:00,116837.5234375,4806.53662109375
2025-08-23 01:00:00+00:00,116402.8515625,4778.66357421875
2025-08-23 02:00:00+00:00,115936.1640625,4713.8701171875
2025-08-23 03:00:00+00:00,115515.0859375,4694.1796875
2025-08-23 04:00:00+00:00,115869.9921875,4739.630859375
2025-08-23 05:00:00+00:00,115927.1484375,4747.77734375
2025-08-23 06:00:00+00:00,115711.03125,4747.2314453125
2025-08-23 07:00:00+00:00,115735.765625,4712.6552734375
2025-08-23 08:00:00+00:00,115702.2421875,4718.04931640625
2025-08-23 09:00:00+00:00,115704.84375,4735.26025390625
2025-08-23 10:00:00+00:00,115537.765625,4711.74169921875
2025-08-23 11:00:00+00:00,115192.3046875,4701.0517578125
2025-08-23 12:00:00+00:00,115180.78125,4711.7177734375
2025-08-23 13:00:00+00:00,114839.1640625,4716.478515625
2025-08-23 14:00:00+00:00,114608.515625,4722.896484375
2025-08-23 15:00:00+00:00,114805.515625,4754.615234375
2025-08-23 16:00:00+00:00,114971.4609375,4742.98974609375
2025-08-23 17:00:00+00:00,115051.421875,4747.994140625
2025-08-23 18:00:00+00:00,115098.2265625,4751.31103515625
2025-08-23 19:00:00+00:00,115092.0390625,4757.64697265625
2025-08-23 20:00:00+00:00,115287.625,4752.94140625
2025-08-23 21:00:00+00:00,115067.3515625,4747.6220703125
2025-08-23 22:00:00+00:00,115264.8671875,4767.65576171875
2025-08-23 23:00:00+00:00,115387.390625,4776.70458984375
2025-08-24 00:00:00+00:00,115326.2265625,4798.0068359375
2025-08-24 01:00:00+00:00,115425.359375,4772.71435546875
2025-08-24 02:00:00+00:00,115016.7578125,4774.18896484375
2025-08-24 03:00:00+00:00,114992.4921875,4789.91259765625
2025-08-24 04:00:00+00:00,115051.9609375,4787.91943359375
2025-08-24 05:00:00+00:00,114962.171875,4780.94677734375
2025-08-24 06:00:00+00:00,114826.4765625,4757.724609375
2025-08-24 07:00:00+00:00,114883.2890625,4760.23828125
2025-08-24 08:00:00+00:00,114767.2890625,4775.677734375
2025-08-24 09:00:00+00:00,114800.9296875,4773.0029296875
2025-08-24 10:00:00+00:00,114794.0859375,4743.97998046875
2025-08-24 11:00:00+00:00,114711.46875,4746.626953125
2025-08-24 12:00:00+00:00,114646.7890625,4754.1416015625
2025-08-24 13:00:00+00:00,114561.0859375,4768.15576171875
2025-08-24 14:00:00+00:00,114545.8515625,4795.2685546875
2025-08-24 15:00:00+00:00,114398.2578125,4796.828125
2025-08-24 16:00:00+00:00,114282.5,4828.43798828125
2025-08-24 17:00:00+00:00,114323.34375,4900.27197265625
2025-08-24 18:00:00+00:00,114522.609375,4934.7294921875
2025-08-24 19:00:00+00:00,112449.1484375,4801.40283203125
2025-08-24 20:00:00+00:00,112636.9609375,4789.80712890625
2025-08-24 21:00:00+00:00,112978.4296875,4782.84765625
2025-08-24 22:00:00+00:00,113421.484375,4778.240234375
2025-08-24 23:00:00+00:00,113456.8984375,4777.162109375
2025-08-25 00:00:00+00:00,112598.359375,4702.50537109375
2025-08-25 01:00:00+00:00,113050.2421875,4732.2470703125
2025-08-25 02:00:00+00:00,113404.015625,4767.69873046875
2025-08-25 03:00:00+00:00,113118.7890625,4728.59130859375
2025-08-25 04:00:00+00:00,112754.6875,4719.0986328125
2025-08-25 05:00:00+00:00,112349.7578125,4705.685546875
2025-08-25 06:00:00+00:00,111903.8359375,4631.90673828125
2025-08-25 07:00:00+00:00,111457.546875,4588.29638671875
2025-08-25 08:00:00+00:00,111534.6171875,4605.45263671875
2025-08-25 09:00:00+00:00,111786.0546875,4610.01708984375
2025-08-25 10:00:00+00:00,110970.5859375,4545.51025390625
2025-08-25 11:00:00+00:00,111212.9140625,4595.279296875
2025-08-25 12:00:00+00:00,111600.2265625,4644.5009765625
2025-08-25 13:00:00+00:00,111466.3203125,4630.26806640625
2025-08-25 14:00:00+00:00,112205.3046875,4653.79345703125
2025-08-25 15:00:00+00:00,112189.828125,4611.04248046875
2025-08-25 16:00:00+00:00,112568.9375,4602.38330078125
2025-08-25 17:00:00+00:00,112516.5625,4594.9140625
2025-08-25 18:00:00+00:00,112390.84375,4574.20849609375
2025-08-25 19:00:00+00:00,110787.1953125,4435.8974609375
2025-08-25 20:00:00+00:00,109806.3515625,4375.5458984375
2025-08-25 21:00:00+00:00,110165.21875,4372.2548828125
2025-08-25 22:00:00+00:00,110169.9453125,4390.27734375
2025-08-25 23:00:00+00:00,110124.1015625,4372.88037109375
2025-08-26 00:00:00+00:00,109268.765625,4337.52294921875
2025-08-26 01:00:00+00:00,109836.5,4419.22412109375
2025-08-26 02:00:00+00:00,109784.90625,4397.22021484375
2025-08-26 03:00:00+00:00,109869.03125,4398.353515625
2025-08-26 04:00:00+00:00,110130.296875,4439.8251953125
2025-08-26 05:00:00+00:00,110255.9140625,4432.9892578125
2025-08-26 06:00:00+00:00,110000.4609375,4413.57958984375
2025-08-26 07:00:00+00:00,110296.25,4426.15283203125
2025-08-26 08:00:00+00:00,110147.953125,4423.353515625
2025-08-26 09:00:00+00:00,110139.7578125,4420.09130859375
2025-08-26 10:00:00+00:00,110218.859375,4440.94970703125
2025-08-26 11:00:00+00:00,109839.578125,4424.55615234375
2025-08-26 12:00:00+00:00,110142.703125,4502.62158203125
2025-08-26 13:00:00+00:00,110047.2265625,4478.4541015625
2025-08-26 14:00:00+00:00,110412.0859375,4553.2109375
2025-08-26 15:00:00+00:00,109698.75,4520.0556640625
2025-08-26 16:00:00+00:00,110061.875,4553.92626953125
2025-08-26 17:00:00+00:00,109914.828125,4517.3017578125
2025-08-26 18:00:00+00:00,110709.3984375,4545.64990234375
2025-08-26 19:00:00+00:00,111146.6171875,4586.919921875
2025-08-26 20:00:00+00:00,111346.375,4586.8115234375
2025-08-26 21:00:00+00:00,111549.203125,4602.2626953125
2025-08-26 22:00:00+00:00,111917.2265625,4599.57373046875
2025-08-26 23:00:00+00:00,111795.7109375,4600.51025390625
2025-08-27 00:00:00+00:00,111376.7421875,4569.529296875
2025-08-27 01:00:00+00:00,111305.421875,4562.3173828125
2025-08-27 02:00:00+00:00,111172.4765625,4577.78271484375
2025-08-27 03:00:00+00:00,111481.5078125,4608.80322265625
2025-08-27 04:00:00+00:00,111614.9921875,4631.9560546875
2025-08-27 05:00:00+00:00,111367.6640625,4611.6572265625
2025-08-27 06:00:00+00:00,111041.0859375,4586.044921875
2025-08-27 07:00:00+00:00,110675.125,4576.01953125
2025-08-27 08:00:00+00:00,110742.8359375,4592.39892578125
2025-08-27 09:00:00+00:00,110822.7421875,4592.3837890625
2025-08-27 10:00:00+00:00,111003.09375,4583.67919921875
2025-08-27 11:00:00+00:00,111332.21875,4612.13720703125
2025-08-27 12:00:00+00:00,111336.8828125,4615.88818359375
2025-08-27 13:00:00+00:00,111486.96875,4597.546875
2025-08-27 14:00:00+00:00,111771.734375,4608.3876953125
2025-08-27 15:00:00+00:00,112023.328125,4659.3271484375
2025-08-27 16:00:00+00:00,112147.6171875,4634.93603515625
2025-08-27 17:00:00+00:00,112386.8359375,4632.57763671875
2025-08-27 18:00:00+00:00,111985.984375,4597.7197265625
2025-08-27 19:00:00+00:00,112014.6796875,4569.76318359375
2025-08-27 20:00:00+00:00,112364.0078125,4588.95703125
2025-08-27 21:00:00+00:00,111441.859375,4517.92529296875
2025-08-27 22:00:00+00:00,111426.265625,4523.09619140625
2025-08-27 23:00:00+00:00,111219.0546875,4503.63134765625
2025-08-28 00:00:00+00:00,111308.015625,4490.4970703125
2025-08-28 01:00:00+00:00,111656.3203125,4519.30126953125
2025-08-28 02:00:00+00:00,111488.0,4511.72998046875
2025-08-28 03:00:00+00:00,112015.8984375,4544.6845703125
2025-08-28 04:00:00+00:00,112942.90625,4569.6767578125
2025-08-28 05:00:00+00:00,112893.703125,4569.83837890625
2025-08-28 06:00:00+00:00,113247.359375,4583.71142578125
2025-08-28 07:00:00+00:00,113161.2734375,4589.8955078125
2025-08-28 08:00:00+00:00,113120.5703125,4600.03466796875
2025-08-28 09:00:00+00:00,112933.2421875,4589.16015625
2025-08-28 10:00:00+00:00,113098.9296875,4608.70654296875
2025-08-28 11:00:00+00:00,112917.171875,4592.03564453125
2025-08-28 12:00:00+00:00,113300.609375,4601.884765625
2025-08-28 13:00:00+00:00,112750.296875,4572.31982421875
2025-08-28 14:00:00+00:00,113209.078125,4569.62158203125
2025-08-28 15:00:00+00:00,112651.3203125,4505.376953125
2025-08-28 16:00:00+00:00,112523.75,4488.87548828125
2025-08-28 17:00:00+00:00,112419.140625,4493.912109375
2025-08-28 18:00:00+00:00,112387.3359375,4482.5166015625
2025-08-28 19:00:00+00:00,111929.84375,4450.689453125
2025-08-28 20:00:00+00:00,111927.296875,4457.48828125
2025-08-28 21:00:00+00:00,112036.6640625,4489.11669921875
2025-08-28 22:00:00+00:00,112376.0234375,4507.39697265625
2025-08-28 23:00:00+00:00,112564.375,4507.63134765625
2025-08-29 00:00:00+00:00,112216.7578125,4480.4326171875
2025-08-29 01:00:00+00:00,111540.625,4461.45947265625
2025-08-29 02:00:00+00:00,111476.0625,4481.046875
2025-08-29 03:00:00+00:00,111766.6328125,4496.263671875
2025-08-29 04:00:00+00:00,111445.75,4473.26513671875
2025-08-29 05:00:00+00:00,111256.859375,4476.74169921875
2025-08-29 06:00:00+00:00,111270.171875,4456.8076171875
2025-08-29 07:00:00+00:00,109912.609375,4372.78466796875
2025-08-29 08:00:00+00:00,109629.1328125,4335.34814453125
2025-08-29 09:00:00+00:00,109805.1015625,4338.66650390625
2025-08-29 10:00:00+00:00,110003.2265625,4349.697265625
2025-08-29 11:00:00+00:00,110073.78125,4346.1376953125
2025-08-29 12:00:00+00:00,110734.15625,4405.95361328125
2025-08-29 13:00:00+00:00,109151.3359375,4331.68017578125
2025-08-29 14:00:00+00:00,108207.609375,4280.7255859375
2025-08-29 15:00:00+00:00,108451.421875,4323.4423828125
2025-08-29 16:00:00+00:00,108737.859375,4335.58740234375
2025-08-29 17:00:00+00:00,108529.4375,4337.7568359375
2025-08-29 18:00:00+00:00,108173.1953125,4314.20947265625
2025-08-29 19:00:00+00:00,108279.3359375,4342.9541015625
2025-08-29 20:00:00+00:00,107851.8984375,4321.51708984375
2025-08-29 21:00:00+00:00,108429.515625,4363.18505859375
2025-08-29 22:00:00+00:00,108344.0859375,4363.0615234375
2025-08-29 23:00:00+00:00,108409.40625,4360.0888671875
2025-08-30 00:00:00+00:00,108286.078125,4339.921875
2025-08-30 01:00:00+00:00,107690.4140625,4284.28369140625
2025-08-30 02:00:00+00:00,107876.6875,4306.58349609375
2025-08-30 03:00:00+00:00,108411.421875,4353.064453125
2025-08-30 04:00:00+00:00,108462.3046875,4353.70361328125
2025-08-30 05:00:00+00:00,108359.2734375,4381.9248046875
2025-08-30 06:00:00+00:00,108240.8984375,4398.9013671875
2025-08-30 07:00:00+00:00,108525.1015625,4400.927734375
2025-08-30 08:00:00+00:00,108594.765625,4398.5537109375
2025-08-30 09:00:00+00:00,108531.2109375,4391.15771484375
2025-08-30 10:00:00+00:00,108457.046875,4393.75146484375
2025-08-30 11:00:00+00:00,108708.3046875,4391.7294921875
2025-08-30 12:00:00+00:00,108561.0546875,4365.98046875
2025-08-30 13:00:00+00:00,108498.4296875,4354.99267578125
2025-08-30 14:00:00+00:00,108678.6484375,4363.568359375
2025-08-30 15:00:00+00:00,108863.3203125,4374.142578125
2025-08-30 16:00:00+00:00,108816.078125,4362.703125
2025-08-30 17:00:00+00:00,108767.1171875,4361.80810546875
2025-08-30 18:00:00+00:00,108730.0078125,4350.29248046875
2025-08-30 19:00:00+00:00,108824.9375,4353.0322265625
2025-08-30 20:00:00+00:00,108639.3359375,4342.06591796875
2025-08-30 21:00:00+00:00,108605.9296875,4350.369140625
2025-08-30 22:00:00+00:00,108541.5703125,4358.0380859375
2025-08-30 23:00:00+00:00,108818.4609375,4374.8935546875
2025-08-31 00:00:00+00:00,109365.6953125,4458.2265625
2025-08-31 01:00:00+00:00,109478.2578125,4459.2890625
2025-08-31 02:00:00+00:00,109233.8359375,4449.1015625
2025-08-31 03:00:00+00:00,109194.828125,4483.41162109375
2025-08-31 04:00:00+00:00,108793.9375,4464.2353515625
2025-08-31 05:00:00+00:00,108749.2578125,4458.4609375
2025-08-31 06:00:00+00:00,108730.6640625,4436.20458984375
2025-08-31 07:00:00+00:00,108716.578125,4452.15185546875
2025-08-31 08:00:00+00:00,109011.53125,4471.2626953125
2025-08-31 09:00:00+00:00,108484.96875,4464.9921875
2025-08-31 10:00:00+00:00,108560.2890625,4452.93603515625
2025-08-31 11:00:00+00:00,108399.5859375,4477.04150390625
2025-08-31 12:00:00+00:00,108309.609375,4483.1142578125
2025-08-31 13:00:00+00:00,108413.6875,4472.5517578125
2025-08-31 14:00:00+00:00,108447.1171875,4457.6220703125
2025-08-31 15:00:00+00:00,108792.7734375,4485.40283203125
2025-08-31 16:00:00+00:00,108941.890625,4473.154296875
2025-08-31 17:00:00+00:00,108992.6953125,4479.189453125
2025-08-31 18:00:00+00:00,109146.3828125,4487.9130859375
2025-08-31 19:00:00+00:00,108923.2578125,4455.51416015625
2025-08-31 20:00:00+00:00,109114.9921875,4456.2861328125
2025-08-31 21:00:00+00:00,109062.1953125,4470.79833984375
2025-08-31 22:00:00+00:00,108865.8046875,4442.44775390625
2025-08-31 23:00:00+00:00,108228.75,4389.6259765625
2025-09-01 00:00:00+00:00,108297.6484375,4397.85791015625
2025-09-01 01:00:00+00:00,108195.7734375,4418.7939453125
2025-09-01 02:00:00+00:00,107628.609375,4386.92724609375
2025-09-01 03:00:00+00:00,107691.9609375,4406.755859375
2025-09-01 04:00:00+00:00,107398.1015625,4387.08154296875
2025-09-01 05:00:00+00:00,107872.78125,4396.88525390625
2025-09-01 06:00:00+00:00,108074.4453125,4399.12060546875
2025-09-01 07:00:00+00:00,109362.9140625,4455.16162109375
2025-09-01 08:00:00+00:00,109587.96875,4476.6650390625
2025-09-01 09:00:00+00:00,109543.7890625,4443.56884765625
2025-09-01 10:00:00+00:00,108530.640625,4406.20654296875
2025-09-01 11:00:00+00:00,108799.1171875,4394.3916015625
2025-09-01 12:00:00+00:00,109045.0546875,4403.0048828125
2025-09-01 13:00:00+00:00,109061.3984375,4385.296875
2025-09-01 14:00:00+00:00,109207.9453125,4398.177734375
2025-09-01 15:00:00+00:00,108739.5,4358.8173828125
2025-09-01 16:00:00+00:00,108768.2578125,4356.33837890625
2025-09-01 17:00:00+00:00,108937.65625,4327.80224609375
2025-09-01 18:00:00+00:00,109247.953125,4347.96533203125
2025-09-01 19:00:00+00:00,109211.0859375,4368.01806640625
2025-09-01 20:00:00+00:00,108721.984375,4280.66943359375
2025-09-01 21:00:00+00:00,107759.4765625,4258.640625
2025-09-01 22:00:00+00:00,108466.65625,4285.69287109375
2025-09-01 23:00:00+00:00,109243.0703125,4314.39111328125
2025-09-02 00:00:00+00:00,109021.984375,4302.375
2025-09-02 01:00:00+00:00,109384.578125,4327.091796875
2025-09-02 02:00:00+00:00,110044.421875,4355.1533203125
2025-09-02 03:00:00+00:00,110348.9453125,4366.59375
2025-09-02 04:00:00+00:00,110242.09375,4384.69140625
2025-09-02 05:00:00+00:00,110245.2578125,4385.4501953125
2025-09-02 06:00:00+00:00,110448.15625,4414.58740234375
2025-09-02 07:00:00+00:00,110170.484375,4374.86962890625
2025-09-02 08:00:00+00:00,110425.78125,4395.28369140625
2025-09-02 09:00:00+00:00,110419.2890625,4398.91455078125
2025-09-02 10:00:00+00:00,110273.1875,4391.32275390625
2025-09-02 11:00:00+00:00,109632.28125,4344.39453125
2025-09-02 12:00:00+00:00,108794.3125,4281.81591796875
2025-09-02 13:00:00+00:00,111127.953125,4374.15576171875
2025-09-02 14:00:00+00:00,111291.859375,4342.90283203125
2025-09-02 15:00:00+00:00,110739.5390625,4290.4013671875
2025-09-02 16:00:00+00:00,110709.96875,4297.109375
2025-09-02 17:00:00+00:00,110904.5625,4321.48583984375
2025-09-02 18:00:00+00:00,110661.8203125,4298.0
2025-09-02 19:00:00+00:00,110691.515625,4271.56689453125
2025-09-02 20:00:00+00:00,111404.5859375,4315.119140625
2025-09-02 21:00:00+00:00,111195.28125,4329.35205078125
2025-09-02 22:00:00+00:00,111231.90625,4327.3984375
2025-09-02 23:00:00+00:00,111194.046875,4324.6962890625
2025-09-03 00:00:00+00:00,111360.8125,4309.787109375
2025-09-03 01:00:00+00:00,111170.2578125,4319.03515625
2025-09-03 02:00:00+00:00,111404.796875,4339.31396484375
2025-09-03 03:00:00+00:00,111066.8046875,4334.99365234375
2025-09-03 04:00:00+00:00,111033.609375,4341.34814453125
2025-09-03 05:00:00+00:00,110710.3203125,4315.8564453125
2025-09-03 06:00:00+00:00,110722.7265625,4306.15576171875
2025-09-03 07:00:00+00:00,111106.625,4311.90771484375
2025-09-03 08:00:00+00:00,111003.421875,4315.8525390625
2025-09-03 09:00:00+00:00,111264.2890625,4349.60986328125
2025-09-03 10:00:00+00:00,111452.21875,4370.84130859375
2025-09-03 11:00:00+00:00,111481.59375,4374.33447265625
2025-09-03 12:00:00+00:00,111149.4921875,4352.62060546875
2025-09-03 13:00:00+00:00,111441.4765625,4417.74755859375
2025-09-03 14:00:00+00:00,112325.359375,4472.3515625
2025-09-03 15:00:00+00:00,112241.46875,4483.9521484375
2025-09-03 16:00:00+00:00,111872.140625,4466.140625
2025-09-03 17:00:00+00:00,112337.8515625,4474.8173828125
2025-09-03 18:00:00+00:00,112002.2265625,4468.20556640625
2025-09-03 19:00:00+00:00,112226.90625,4477.0615234375
2025-09-03 20:00:00+00:00,112231.0703125,4466.1982421875
2025-09-03 21:00:00+00:00,112009.5546875,4465.1240234375
2025-09-03 22:00:00+00:00,111972.9375,4470.49462890625
2025-09-03 23:00:00+00:00,111718.1484375,4450.2158203125
2025-09-04 00:00:00+00:00,112172.578125,4471.38525390625
2025-09-04 01:00:00+00:00,111924.265625,4467.3125
2025-09-04 02:00:00+00:00,111473.390625,4423.1708984375
2025-09-04 03:00:00+00:00,111217.6015625,4399.46435546875
2025-09-04 04:00:00+00:00,111071.1328125,4398.419921875
2025-09-04 05:00:00+00:00,110663.5078125,4371.642578125
2025-09-04 06:00:00+00:00,110435.484375,4366.89892578125
2025-09-04 07:00:00+00:00,110547.7421875,4375.56787109375
2025-09-04 08:00:00+00:00,110671.84375,4370.70703125
2025-09-04 09:00:00+00:00,110816.671875,4395.0078125
2025-09-04 10:00:00+00:00,110687.796875,4418.3955078125
2025-09-04 11:00:00+00:00,110837.40625,4409.16064453125
2025-09-04 12:00:00+00:00,110975.234375,4414.81689453125
2025-09-04 13:00:00+00:00,110524.90625,4379.58251953125
2025-09-04 14:00:00+00:00,109892.4921875,4346.48095703125
2025-09-04 15:00:00+00:00,109530.46875,4307.140625
2025-09-04 16:00:00+00:00,109437.9296875,4297.5498046875
2025-09-04 17:00:00+00:00,109814.0546875,4308.35400390625
2025-09-04 18:00:00+00:00,110018.34375,4278.24755859375
2025-09-04 19:00:00+00:00,109895.53125,4278.9248046875
2025-09-04 20:00:00+00:00,110356.1328125,4306.14306640625
2025-09-04 21:00:00+00:00,110548.140625,4323.8330078125
2025-09-04 22:00:00+00:00,111498.0546875,4347.9560546875
2025-09-04 23:00:00+00:00,110723.015625,4298.8369140625
2025-09-05 00:00:00+00:00,110494.9765625,4303.81787109375
2025-09-05 01:00:00+00:00,111081.3203125,4325.703125
2025-09-05 02:00:00+00:00,111379.1953125,4325.86474609375
2025-09-05 03:00:00+00:00,111305.1171875,4328.18603515625
2025-09-05 04:00:00+00:00,111455.859375,4332.82421875
2025-09-05 05:00:00+00:00,111594.609375,4339.728515625
2025-09-05 06:00:00+00:00,111859.859375,4330.7890625
2025-09-05 07:00:00+00:00,112966.625,4422.04541015625
2025-09-05 08:00:00+00:00,112632.7734375,4406.04052734375
2025-09-05 09:00:00+00:00,112289.5625,4397.4501953125
2025-09-05 10:00:00+00:00,112251.5859375,4413.2470703125
2025-09-05 11:00:00+00:00,112341.5703125,4417.98046875
2025-09-05 12:00:00+00:00,113149.515625,4464.427734375
2025-09-05 13:00:00+00:00,113034.7265625,4441.5595703125
2025-09-05 14:00:00+00:00,110607.890625,4281.69970703125
2025-09-05 15:00:00+00:00,110702.4921875,4279.6904296875
2025-09-05 16:00:00+00:00,110817.0234375,4296.48486328125
2025-09-05 17:00:00+00:00,110602.2109375,4290.20263671875
2025-09-05 18:00:00+00:00,111199.7265625,4314.728515625
2025-09-05 19:00:00+00:00,111528.140625,4328.8388671875
2025-09-05 20:00:00+00:00,111607.9921875,4338.3251953125
2025-09-05 21:00:00+00:00,110656.4140625,4297.04443359375
2025-09-05 22:00:00+00:00,110857.2578125,4314.53564453125
2025-09-05 23:00:00+00:00,110650.5703125,4306.97314453125
2025-09-06 00:00:00+00:00,110797.7578125,4321.19482421875
2025-09-06 01:00:00+00:00,110875.328125,4318.5791015625
2025-09-06 02:00:00+00:00,111137.484375,4320.9833984375
2025-09-06 03:00:00+00:00,111058.125,4319.5439453125
2025-09-06 04:00:00+00:00,110879.0859375,4308.40283203125
2025-09-06 05:00:00+00:00,110718.0234375,4294.6298828125
2025-09-06 06:00:00+00:00,110789.765625,4302.345703125
2025-09-06 07:00:00+00:00,110836.75,4311.93408203125
2025-09-06 08:00:00+00:00,110945.8203125,4312.24462890625
2025-09-06 09:00:00+00:00,110716.5703125,4294.3447265625
2025-09-06 10:00:00+00:00,110762.1484375,4300.1923828125
2025-09-06 11:00:00+00:00,110789.0,4298.50146484375
2025-09-06 12:00:00+00:00,110846.40625,4299.49267578125
2025-09-06 13:00:00+00:00,110917.984375,4293.79248046875
2025-09-06 14:00:00+00:00,110829.4140625,4295.83203125
2025-09-06 15:00:00+00:00,110488.421875,4273.47412109375
2025-09-06 16:00:00+00:00,110280.65625,4293.67724609375
2025-09-06 17:00:00+00:00,110163.4140625,4271.71142578125
2025-09-06 18:00:00+00:00,110258.4375,4278.89892578125
2025-09-06 19:00:00+00:00,110053.5546875,4255.25390625
2025-09-06 20:00:00+00:00,110156.0390625,4276.7373046875
2025-09-06 21:00:00+00:00,110229.203125,4284.65771484375
2025-09-06 22:00:00+00:00,110183.8359375,4278.1455078125
2025-09-06 23:00:00+00:00,110221.328125,4274.40087890625
2025-09-07 00:00:00+00:00,110385.0859375,4285.1845703125
2025-09-07 01:00:00+00:00,110550.453125,4294.810546875
2025-09-07 02:00:00+00:00,110683.2734375,4301.1962890625
2025-09-07 03:00:00+00:00,110652.203125,4297.9853515625
2025-09-07 04:00:00+00:00,110582.6328125,4302.0908203125
2025-09-07 05:00:00+00:00,110675.0078125,4295.1474609375
2025-09-07 06:00:00+00:00,110522.2265625,4284.626953125
2025-09-07 07:00:00+00:00,110727.1640625,4294.06640625
2025-09-07 08:00:00+00:00,111092.46875,4304.82470703125
2025-09-07 09:00:00+00:00,111096.421875,4298.16845703125
2025-09-07 10:00:00+00:00,111152.0,4304.16748046875
2025-09-07 11:00:00+00:00,111246.515625,4307.5830078125
2025-09-07 12:00:00+00:00,111107.859375,4299.2890625
2025-09-07 13:00:00+00:00,111205.328125,4304.44384765625
2025-09-07 14:00:00+00:00,111130.5234375,4298.91357421875
2025-09-07 15:00:00+00:00,111286.8125,4299.18603515625
2025-09-07 16:00:00+00:00,111229.4296875,4289.640625
2025-09-07 17:00:00+00:00,110983.96875,4275.8876953125
2025-09-07 18:00:00+00:00,111052.1484375,4283.08154296875
2025-09-07 19:00:00+00:00,111255.8359375,4293.248046875
2025-09-07 20:00:00+00:00,111294.6953125,4293.962890625
2025-09-07 21:00:00+00:00,111082.7734375,4290.43212890625
2025-09-07 22:00:00+00:00,111277.328125,4309.5537109375
2025-09-07 23:00:00+00:00,111163.015625,4305.38134765625
2025-09-08 00:00:00+00:00,110840.5390625,4299.30908203125
2025-09-08 01:00:00+00:00,110941.9609375,4293.42333984375
2025-09-08 02:00:00+00:00,111204.9921875,4307.912109375
2025-09-08 03:00:00+00:00,111041.9765625,4309.86962890625
2025-09-08 04:00:00+00:00,110963.0625,4297.814453125
2025-09-08 05:00:00+00:00,111049.8203125,4297.5341796875
2025-09-08 06:00:00+00:00,111131.03125,4293.748046875
2025-09-08 07:00:00+00:00,111271.1328125,4291.88427734375
2025-09-08 08:00:00+00:00,111624.125,4298.7880859375
2025-09-08 09:00:00+00:00,112037.8828125,4316.85986328125
2025-09-08 10:00:00+00:00,112031.0234375,4328.60595703125
2025-09-08 11:00:00+00:00,112068.1953125,4312.48974609375
2025-09-08 12:00:00+00:00,112030.5390625,4317.92724609375
2025-09-08 13:00:00+00:00,111938.5703125,4318.90625
2025-09-08 14:00:00+00:00,112607.8984375,4350.42822265625
2025-09-08 15:00:00+00:00,112595.875,4369.9658203125
2025-09-08 16:00:00+00:00,112440.6796875,4338.62109375
2025-09-08 17:00:00+00:00,112188.6171875,4311.2666015625
2025-09-08 18:00:00+00:00,112474.921875,4330.98681640625
2025-09-08 19:00:00+00:00,112022.578125,4289.86572265625
2025-09-08 20:00:00+00:00,111993.96875,4296.40380859375
2025-09-08 21:00:00+00:00,112291.1484375,4320.0751953125
2025-09-08 22:00:00+00:00,112239.0625,4310.32568359375
2025-09-08 23:00:00+00:00,112077.578125,4308.283203125
2025-09-09 00:00:00+00:00,111649.0546875,4301.42138671875
2025-09-09 01:00:00+00:00,111407.5,4286.7431640625
2025-09-09 02:00:00+00:00,111336.7890625,4290.9267578125
2025-09-09 03:00:00+00:00,111703.9765625,4307.0517578125
2025-09-09 04:00:00+00:00,112034.1484375,4315.03662109375
2025-09-09 05:00:00+00:00,112203.765625,4318.8095703125
2025-09-09 06:00:00+00:00,113026.8984375,4371.5615234375
2025-09-09 07:00:00+00:00,112989.015625,4358.525390625
2025-09-09 08:00:00+00:00,112951.1953125,4357.60888671875
2025-09-09 09:00:00+00:00,112957.4140625,4357.3603515625
2025-09-09 10:00:00+00:00,112717.6640625,4348.24609375
2025-09-09 11:00:00+00:00,112523.546875,4347.62109375
2025-09-09 12:00:00+00:00,112638.4140625,4346.3935546875
2025-09-09 13:00:00+00:00,112732.890625,4344.6259765625
2025-09-09 14:00:00+00:00,111773.1796875,4302.0595703125
2025-09-09 15:00:00+00:00,110944.890625,4287.33544921875
2025-09-09 16:00:00+00:00,110978.484375,4287.4638671875
2025-09-09 17:00:00+00:00,111039.015625,4283.4248046875
2025-09-09 18:00:00+00:00,111169.3828125,4286.72900390625
2025-09-09 19:00:00+00:00,111368.671875,4296.76904296875
2025-09-09 20:00:00+00:00,111501.578125,4302.19921875
2025-09-09 21:00:00+00:00,111309.5078125,4299.77734375
2025-09-09 22:00:00+00:00,111551.9140625,4316.134765625
2025-09-09 23:00:00+00:00,111531.25,4309.091796875
2025-09-10 00:00:00+00:00,110990.7421875,4286.56298828125
2025-09-10 01:00:00+00:00,111007.0625,4303.49169921875
2025-09-10 02:00:00+00:00,111392.8671875,4316.5791015625
2025-09-10 03:00:00+00:00,111502.8828125,4318.52587890625
2025-09-10 04:00:00+00:00,111553.984375,4312.41357421875
2025-09-10 05:00:00+00:00,111554.6171875,4304.99951171875
2025-09-10 06:00:00+00:00,111832.5234375,4313.85400390625
2025-09-10 07:00:00+00:00,112519.7109375,4327.39794921875
2025-09-10 08:00:00+00:00,112388.7421875,4331.40087890625
2025-09-10 09:00:00+00:00,112275.1484375,4324.3671875
2025-09-10 10:00:00+00:00,112289.03125,4327.49658203125
2025-09-10 11:00:00+00:00,112280.671875,4329.92041015625
2025-09-10 12:00:00+00:00,113270.46875,4366.4208984375
2025-09-10 13:00:00+00:00,113965.6328125,4416.703125
2025-09-10 14:00:00+00:00,113865.6015625,4400.7021484375
2025-09-10 15:00:00+00:00,113882.9921875,4406.19384765625
2025-09-10 16:00:00+00:00,113736.421875,4383.1201171875
2025-09-10 17:00:00+00:00,113737.1953125,4365.76318359375
2025-09-10 18:00:00+00:00,113638.4765625,4344.11181640625
2025-09-10 19:00:00+00:00,113526.3203125,4325.28173828125
2025-09-10 20:00:00+00:00,113643.0859375,4329.47998046875
2025-09-10 21:00:00+00:00,113817.8515625,4349.57470703125
2025-09-10 22:00:00+00:00,113887.1328125,4346.98583984375
2025-09-10 23:00:00+00:00,113961.4296875,4349.2001953125
2025-09-11 00:00:00+00:00,113905.65625,4359.1279296875
2025-09-11 01:00:00+00:00,113942.5390625,4366.70751953125
2025-09-11 02:00:00+00:00,113867.109375,4381.38525390625
2025-09-11 03:00:00+00:00,114413.3515625,4406.06103515625
2025-09-11 04:00:00+00:00,114142.3984375,4411.42431640625
2025-09-11 05:00:00+00:00,114291.84375,4420.53759765625
2025-09-11 06:00:00+00:00,114405.6015625,4441.52685546875
2025-09-11 07:00:00+00:00,114071.8046875,4444.26416015625
2025-09-11 08:00:00+00:00,114067.03125,4432.72216796875
2025-09-11 09:00:00+00:00,113860.0,4416.8271484375
2025-09-11 10:00:00+00:00,114066.0,4429.10986328125
2025-09-11 11:00:00+00:00,114000.4453125,4431.28466796875
2025-09-11 12:00:00+00:00,113969.546875,4420.5908203125
2025-09-11 13:00:00+00:00,114680.28125,4439.1455078125
2025-09-11 14:00:00+00:00,114509.71875,4428.7265625
2025-09-11 15:00:00+00:00,114170.0,4411.98193359375
2025-09-11 16:00:00+00:00,114540.5390625,4419.03759765625
2025-09-11 17:00:00+00:00,114570.6015625,4431.5869140625
2025-09-11 18:00:00+00:00,114306.1171875,4420.603515625
2025-09-11 19:00:00+00:00,114501.234375,4424.3505859375
2025-09-11 20:00:00+00:00,114429.0078125,4417.98291015625
2025-09-11 21:00:00+00:00,114527.1171875,4430.80810546875
2025-09-11 22:00:00+00:00,115180.265625,4456.8779296875
2025-09-11 23:00:00+00:00,115507.7890625,4461.4794921875
2025-09-12 00:00:00+00:00,115954.1875,4514.830078125
2025-09-12 01:00:00+00:00,115464.5703125,4500.2958984375
2025-09-12 02:00:00+00:00,115368.2734375,4506.61181640625
2025-09-12 03:00:00+00:00,115220.484375,4505.10107421875
2025-09-12 04:00:00+00:00,115396.28125,4522.83154296875
2025-09-12 05:00:00+00:00,115644.3984375,4556.3095703125
2025-09-12 06:00:00+00:00,115339.8125,4537.01171875
2025-09-12 07:00:00+00:00,115135.9921875,4526.470703125
2025-09-12 08:00:00+00:00,115061.484375,4517.21728515625
2025-09-12 09:00:00+00:00,115003.0234375,4514.7919921875
2025-09-12 10:00:00+00:00,114993.8046875,4515.35498046875
2025-09-12 11:00:00+00:00,114938.0546875,4519.357421875
2025-09-12 12:00:00+00:00,115126.8046875,4528.4658203125
2025-09-12 13:00:00+00:00,115185.203125,4540.52197265625
2025-09-12 14:00:00+00:00,115274.1328125,4545.62451171875
2025-09-12 15:00:00+00:00,115153.8828125,4545.13330078125
2025-09-12 16:00:00+00:00,115496.796875,4573.74560546875
2025-09-12 17:00:00+00:00,115872.78125,4615.50048828125
2025-09-12 18:00:00+00:00,116507.125,4624.7421875
2025-09-12 19:00:00+00:00,116737.328125,4664.3720703125
2025-09-12 20:00:00+00:00,116246.875,4671.736328125
2025-09-12 21:00:00+00:00,115942.3984375,4653.84912109375
2025-09-12 22:00:00+00:00,116114.9375,4699.986328125
2025-09-12 23:00:00+00:00,116093.5625,4714.70361328125
2025-09-13 00:00:00+00:00,116312.78125,4709.8720703125
2025-09-13 01:00:00+00:00,115825.0546875,4704.55615234375
2025-09-13 02:00:00+00:00,115936.828125,4704.8154296875
2025-09-13 03:00:00+00:00,115982.34375,4759.1650390625
2025-09-13 04:00:00+00:00,115766.4453125,4748.38623046875
2025-09-13 05:00:00+00:00,115752.0859375,4725.70458984375
2025-09-13 06:00:00+00:00,115784.3046875,4712.77783203125
2025-09-13 07:00:00+00:00,115848.1640625,4714.28515625
2025-09-13 08:00:00+00:00,116034.0390625,4731.20263671875
2025-09-13 09:00:00+00:00,116079.5859375,4732.58837890625
2025-09-13 10:00:00+00:00,115995.7734375,4719.4599609375
2025-09-13 11:00:00+00:00,116030.7734375,4722.69091796875
2025-09-13 12:00:00+00:00,116054.7734375,4723.35498046875
2025-09-13 13:00:00+00:00,115833.890625,4689.18310546875
2025-09-13 14:00:00+00:00,115868.53125,4693.98095703125
2025-09-13 15:00:00+00:00,115805.0546875,4655.02392578125
2025-09-13 16:00:00+00:00,115382.09375,4628.72119140625
2025-09-13 17:00:00+00:00,115611.921875,4638.90869140625
2025-09-13 18:00:00+00:00,115662.40625,4646.0078125
2025-09-13 19:00:00+00:00,115818.53125,4641.27294921875
2025-09-13 20:00:00+00:00,115969.03125,4658.93115234375
2025-09-13 21:00:00+00:00,115932.28125,4666.76806640625
2025-09-13 22:00:00+00:00,115918.3515625,4660.181640625
2025-09-13 23:00:00+00:00,115950.2890625,4668.17138671875
2025-09-14 00:00:00+00:00,115980.40625,4673.88525390625
2025-09-14 01:00:00+00:00,115998.7890625,4675.53125
2025-09-14 02:00:00+00:00,115898.96875,4685.21044921875
2025-09-14 03:00:00+00:00,115703.71875,4665.12158203125
2025-09-14 04:00:00+00:00,115782.1640625,4661.4248046875
2025-09-14 05:00:00+00:00,115922.703125,4678.60400390625
2025-09-14 06:00:00+00:00,115778.2421875,4667.408203125
2025-09-14 07:00:00+00:00,115861.3203125,4652.8291015625
2025-09-14 08:00:00+00:00,115981.859375,4657.78955078125
2025-09-14 09:00:00+00:00,116103.0703125,4667.73779296875
2025-09-14 10:00:00+00:00,116053.609375,4662.3935546875
2025-09-14 11:00:00+00:00,115822.6015625,4631.59619140625
2025-09-14 12:00:00+00:00,115817.46875,4634.69921875
2025-09-14 13:00:00+00:00,115373.25,4613.2724609375
2025-09-14 14:00:00+00:00,115422.3984375,4605.2626953125
2025-09-14 15:00:00+00:00,115268.5859375,4582.13232421875
2025-09-14 16:00:00+00:00,115494.1328125,4597.64794921875
2025-09-14 17:00:00+00:00,115636.96875,4621.5576171875
2025-09-14 18:00:00+00:00,115435.7734375,4605.18359375
2025-09-14 19:00:00+00:00,115641.296875,4616.12060546875
2025-09-14 20:00:00+00:00,115851.6171875,4618.36962890625
2025-09-14 21:00:00+00:00,116003.96875,4628.81396484375
2025-09-14 22:00:00+00:00,116065.3203125,4633.708984375
2025-09-14 23:00:00+00:00,115399.6328125,4609.72314453125
2025-09-15 00:00:00+00:00,115079.078125,4602.60498046875
2025-09-15 01:00:00+00:00,115210.203125,4618.81494140625
2025-09-15 02:00:00+00:00,115387.7734375,4621.66162109375
2025-09-15 03:00:00+00:00,115557.875,4642.388671875
2025-09-15 04:00:00+00:00,116072.3046875,4643.65625
2025-09-15 05:00:00+00:00,116538.5625,4663.0595703125
2025-09-15 06:00:00+00:00,116156.4609375,4633.46728515625
2025-09-15 07:00:00+00:00,115852.203125,4600.47412109375
2025-09-15 08:00:00+00:00,114832.109375,4514.619140625
2025-09-15 09:00:00+00:00,114923.2734375,4525.98046875
2025-09-15 10:00:00+00:00,114840.640625,4532.09814453125
2025-09-15 11:00:00+00:00,115141.7890625,4534.33544921875
2025-09-15 12:00:00+00:00,114742.5234375,4515.22509765625
2025-09-15 13:00:00+00:00,114681.8125,4516.2177734375
2025-09-15 14:00:00+00:00,114753.9375,4516.068359375
2025-09-15 15:00:00+00:00,114924.40625,4504.58203125
2025-09-15 16:00:00+00:00,114705.625,4494.53076171875
2025-09-15 17:00:00+00:00,115040.7578125,4507.1015625
2025-09-15 18:00:00+00:00,115331.7734375,4505.65966796875
2025-09-15 19:00:00+00:00,115306.9609375,4495.4609375
2025-09-15 20:00:00+00:00,115338.6640625,4511.7412109375
2025-09-15 21:00:00+00:00,115518.28125,4524.9765625
2025-09-15 22:00:00+00:00,115338.0234375,4517.751953125
2025-09-15 23:00:00+00:00,115423.7578125,4526.078125
2025-09-16 00:00:00+00:00,115068.5625,4512.0078125
2025-09-16 01:00:00+00:00,115062.1640625,4519.2900390625
2025-09-16 02:00:00+00:00,115058.359375,4515.8310546875
2025-09-16 03:00:00+00:00,115396.15625,4525.5771484375
2025-09-16 04:00:00+00:00,115522.9375,4518.88427734375
2025-09-16 05:00:00+00:00,115932.1796875,4530.0625
2025-09-16 06:00:00+00:00,115798.1328125,4509.10546875
2025-09-16 07:00:00+00:00,115793.6328125,4513.38916015625
2025-09-16 08:00:00+00:00,115666.703125,4511.01416015625
2025-09-16 09:00:00+00:00,115511.71875,4513.49853515625
2025-09-16 10:00:00+00:00,115396.5703125,4504.5634765625
2025-09-16 11:00:00+00:00,115324.4921875,4501.9736328125
2025-09-16 12:00:00+00:00,115464.609375,4503.001953125
2025-09-16 13:00:00+00:00,115137.484375,4465.978515625
2025-09-16 14:00:00+00:00,115304.0703125,4449.66943359375
2025-09-16 15:00:00+00:00,115817.6328125,4467.88037109375
2025-09-16 16:00:00+00:00,116017.3515625,4465.36376953125
2025-09-16 17:00:00+00:00,116555.5,4490.58447265625
2025-09-16 18:00:00+00:00,116439.640625,4475.9296875
2025-09-16 19:00:00+00:00,116838.1953125,4494.80224609375
2025-09-16 20:00:00+00:00,116908.7734375,4497.70361328125
2025-09-16 21:00:00+00:00,116888.015625,4510.2666015625
2025-09-16 22:00:00+00:00,116892.421875,4524.14697265625
2025-09-16 23:00:00+00:00,116840.5078125,4503.6357421875
2025-09-17 00:00:00+00:00,116648.71875,4515.35888671875
2025-09-17 01:00:00+00:00,116717.203125,4514.4248046875
2025-09-17 02:00:00+00:00,116802.546875,4535.36865234375
2025-09-17 03:00:00+00:00,116496.1328125,4501.12255859375
2025-09-17 04:00:00+00:00,116388.203125,4479.43408203125
2025-09-17 05:00:00+00:00,117205.8984375,4517.5263671875
2025-09-17 06:00:00+00:00,117215.6171875,4546.705078125
2025-09-17 07:00:00+00:00,117231.4375,4545.51416015625
2025-09-17 08:00:00+00:00,116902.21875,4513.67431640625
2025-09-17 09:00:00+00:00,116637.7109375,4498.048828125
2025-09-17 10:00:00+00:00,116400.84375,4482.576171875
2025-09-17 11:00:00+00:00,116302.6484375,4494.474609375
2025-09-17 12:00:00+00:00,116257.09375,4505.16796875
2025-09-17 13:00:00+00:00,116137.4375,4499.388671875
2025-09-17 14:00:00+00:00,115657.4375,4490.86279296875
2025-09-17 15:00:00+00:00,115905.0703125,4492.6484375
2025-09-17 16:00:00+00:00,115677.8203125,4488.49072265625
2025-09-17 17:00:00+00:00,116103.15625,4517.841796875
2025-09-17 18:00:00+00:00,115236.6328125,4456.26123046875
2025-09-17 19:00:00+00:00,115696.234375,4520.4609375
2025-09-17 20:00:00+00:00,115626.7265625,4500.6845703125
2025-09-17 21:00:00+00:00,116094.5625,4531.2802734375
2025-09-17 22:00:00+00:00,116773.1875,4597.34912109375
2025-09-17 23:00:00+00:00,116461.265625,4592.44287109375
2025-09-18 00:00:00+00:00,116363.171875,4586.58251953125
2025-09-18 01:00:00+00:00,116739.9609375,4622.8740234375
2025-09-18 02:00:00+00:00,117002.390625,4613.4033203125
2025-09-18 03:00:00+00:00,117653.3359375,4617.91259765625
2025-09-18 04:00:00+00:00,117569.375,4612.20458984375
2025-09-18 05:00:00+00:00,117239.3515625,4588.86376953125
2025-09-18 06:00:00+00:00,117124.6796875,4571.47119140625
2025-09-18 07:00:00+00:00,117099.4375,4577.30712890625
2025-09-18 08:00:00+00:00,117246.796875,4601.9970703125
2025-09-18 09:00:00+00:00,117312.2109375,4598.1611328125
2025-09-18 10:00:00+00:00,117168.03125,4577.21044921875
2025-09-18 11:00:00+00:00,117081.515625,4573.6357421875
2025-09-18 12:00:00+00:00,117174.1796875,4574.6005859375
2025-09-18 13:00:00+00:00,117356.7109375,4584.22021484375
2025-09-18 14:00:00+00:00,117701.359375,4597.984375
2025-09-18 15:00:00+00:00,117697.25,4603.6044921875
2025-09-18 16:00:00+00:00,117610.421875,4623.28955078125
2025-09-18 17:00:00+00:00,117564.8828125,4609.12548828125
2025-09-18 18:00:00+00:00,117861.9609375,4621.72607421875
2025-09-18 19:00:00+00:00,117427.1640625,4591.33544921875
2025-09-18 20:00:00+00:00,117583.5078125,4604.67919921875
2025-09-18 21:00:00+00:00,117379.0,4596.28076171875
2025-09-18 22:00:00+00:00,117107.078125,4591.89794921875
2025-09-18 23:00:00+00:00,117137.671875,4589.505859375
2025-09-19 00:00:00+00:00,117412.0078125,4607.943359375
2025-09-19 01:00:00+00:00,117256.796875,4608.33056640625
2025-09-19 02:00:00+00:00,117172.5234375,4592.03955078125
2025-09-19 03:00:00+00:00,117009.984375,4550.36376953125
2025-09-19 04:00:00+00:00,117058.4453125,4559.484375
2025-09-19 05:00:00+00:00,116950.359375,4542.6796875
2025-09-19 06:00:00+00:00,116793.1171875,4527.12841796875
2025-09-19 07:00:00+00:00,116967.1640625,4542.17431640625
2025-09-19 08:00:00+00:00,116972.2734375,4535.91650390625
2025-09-19 09:00:00+00:00,116547.0859375,4524.3076171875
2025-09-19 10:00:00+00:00,116596.1015625,4531.91357421875
2025-09-19 11:00:00+00:00,116426.0390625,4517.45947265625
2025-09-19 12:00:00+00:00,116210.609375,4519.29541015625
2025-09-19 13:00:00+00:00,116360.90625,4531.32080078125
2025-09-19 14:00:00+00:00,115926.796875,4492.36767578125
2025-09-19 15:00:00+00:00,115936.1796875,4477.7236328125
2025-09-19 16:00:00+00:00,116126.671875,4483.5830078125
2025-09-19 17:00:00+00:00,115620.453125,4462.03662109375
2025-09-19 18:00:00+00:00,115443.84375,4450.27099609375
2025-09-19 19:00:00+00:00,115209.8828125,4447.0595703125
2025-09-19 20:00:00+00:00,115342.609375,4459.513671875
2025-09-19 21:00:00+00:00,115526.75,4473.11962890625
2025-09-19 22:00:00+00:00,115655.7421875,4471.763671875
2025-09-19 23:00:00+00:00,115691.125,4470.978515625
2025-09-20 00:00:00+00:00,115772.796875,4477.49072265625
2025-09-20 01:00:00+00:00,115738.84375,4471.99462890625
2025-09-20 02:00:00+00:00,115657.40625,4468.51220703125
2025-09-20 03:00:00+00:00,115522.9140625,4468.4130859375
2025-09-20 04:00:00+00:00,115608.515625,4475.92236328125
2025-09-20 05:00:00+00:00,115776.7109375,4481.5625
2025-09-20 06:00:00+00:00,115766.5703125,4476.18359375
2025-09-20 07:00:00+00:00,116007.2421875,4483.6787109375
2025-09-20 08:00:00+00:00,115828.8359375,4470.01123046875
2025-09-20 09:00:00+00:00,115726.609375,4467.39306640625
2025-09-20 10:00:00+00:00,115784.9453125,4466.68212890625
2025-09-20 11:00:00+00:00,115955.46875,4472.25634765625
2025-09-20 12:00:00+00:00,115938.71875,4468.0498046875
2025-09-20 13:00:00+00:00,115969.9140625,4470.666015625
2025-09-20 14:00:00+00:00,116044.1484375,4491.27734375
2025-09-20 15:00:00+00:00,116035.3828125,4499.91162109375
2025-09-20 16:00:00+00:00,116101.015625,4504.37646484375
2025-09-20 17:00:00+00:00,115901.4375,4487.81787109375
2025-09-20 18:00:00+00:00,115783.5625,4478.48095703125
2025-09-20 19:00:00+00:00,115790.46875,4482.5419921875
2025-09-20 20:00:00+00:00,115840.140625,4488.4677734375
2025-09-20 21:00:00+00:00,115846.9140625,4492.4677734375
2025-09-20 22:00:00+00:00,115847.4765625,4496.263671875
2025-09-20 23:00:00+00:00,115730.2265625,4482.583984375
2025-09-21 00:00:00+00:00,115723.4921875,4489.0556640625
2025-09-21 01:00:00+00:00,115581.90625,4482.65869140625
2025-09-21 02:00:00+00:00,115740.890625,4481.228515625
2025-09-21 03:00:00+00:00,115710.53125,4479.15625
2025-09-21 04:00:00+00:00,115593.734375,4474.24755859375
2025-09-21 05:00:00+00:00,115694.1640625,4479.1181640625
2025-09-21 06:00:00+00:00,115758.40625,4488.06640625
2025-09-21 07:00:00+00:00,115867.5859375,4480.00830078125
2025-09-21 08:00:00+00:00,115688.3203125,4471.99755859375
2025-09-21 09:00:00+00:00,115780.6484375,4469.8525390625
2025-09-21 10:00:00+00:00,115584.703125,4461.875
2025-09-21 11:00:00+00:00,115668.5234375,4463.2255859375
2025-09-21 12:00:00+00:00,115763.4453125,4470.904296875
2025-09-21 13:00:00+00:00,115722.6953125,4477.5302734375
2025-09-21 14:00:00+00:00,115580.234375,4476.40576171875
2025-09-21 15:00:00+00:00,115609.6875,4485.45947265625
2025-09-21 16:00:00+00:00,115329.734375,4473.29296875
2025-09-21 17:00:00+00:00,115694.828125,4494.02001953125
2025-09-21 18:00:00+00:00,115592.171875,4497.8408203125
2025-09-21 19:00:00+00:00,115562.171875,4496.6953125
2025-09-21 20:00:00+00:00,115445.9453125,4481.74951171875
2025-09-21 21:00:00+00:00,115467.203125,4474.71875
2025-09-21 22:00:00+00:00,115599.71875,4470.59423828125
2025-09-21 23:00:00+00:00,115309.21875,4451.58056640625
2025-09-22 00:00:00+00:00,114612.15625,4346.8388671875
2025-09-22 01:00:00+00:00,114324.4375,4330.873046875
2025-09-22 02:00:00+00:00,114319.125,4292.302734375
2025-09-22 03:00:00+00:00,114676.9453125,4308.1494140625
2025-09-22 04:00:00+00:00,114481.8828125,4292.02783203125
2025-09-22 05:00:00+00:00,114321.5625,4283.6552734375
2025-09-22 06:00:00+00:00,112948.8203125,4194.837890625
2025-09-22 07:00:00+00:00,112604.6171875,4197.7333984375
2025-09-22 08:00:00+00:00,112745.09375,4199.24609375
2025-09-22 09:00:00+00:00,112396.7578125,4152.53564453125
2025-09-22 10:00:00+00:00,112886.2890625,4188.0576171875
2025-09-22 11:00:00+00:00,112946.9609375,4183.79296875
2025-09-22 12:00:00+00:00,112832.9921875,4195.13232421875
2025-09-22 13:00:00+00:00,113090.1875,4204.12646484375
2025-09-22 14:00:00+00:00,113017.5859375,4195.6015625
2025-09-22 15:00:00+00:00,112926.9609375,4171.505859375
2025-09-22 16:00:00+00:00,112710.953125,4171.623046875
2025-09-22 17:00:00+00:00,112448.5859375,4168.3876953125
2025-09-22 18:00:00+00:00,112519.1484375,4160.39111328125
2025-09-22 19:00:00+00:00,112236.9921875,4140.2353515625
2025-09-22 20:00:00+00:00,112929.21875,4187.4375
2025-09-22 21:00:00+00:00,113032.1015625,4200.8681640625
2025-09-22 22:00:00+00:00,112743.25,4193.55029296875
2025-09-22 23:00:00+00:00,112757.4765625,4203.021484375
2025-09-23 00:00:00+00:00,112514.1484375,4195.59033203125
2025-09-23 01:00:00+00:00,112252.03125,4169.1201171875
2025-09-23 02:00:00+00:00,111970.1171875,4152.84423828125
2025-09-23 03:00:00+00:00,112370.6875,4189.52392578125
2025-09-23 04:00:00+00:00,112501.3046875,4179.40966796875
2025-09-23 05:00:00+00:00,112772.0859375,4186.94140625
2025-09-23 06:00:00+00:00,113074.9140625,4208.6259765625
2025-09-23 07:00:00+00:00,113151.25,4208.95849609375
2025-09-23 08:00:00+00:00,113181.203125,4211.302734375
2025-09-23 09:00:00+00:00,113021.3671875,4195.70654296875
2025-09-23 10:00:00+00:00,113030.3046875,4195.4951171875
2025-09-23 11:00:00+00:00,113020.6484375,4195.94580078125
2025-09-23 12:00:00+00:00,112989.375,4196.33837890625
2025-09-23 13:00:00+00:00,113000.0625,4190.49267578125
2025-09-23 14:00:00+00:00,112716.40625,4178.73681640625
2025-09-23 15:00:00+00:00,112915.5625,4183.50634765625
2025-09-23 16:00:00+00:00,112882.3671875,4196.517578125
2025-09-23 17:00:00+00:00,111977.84375,4150.50830078125
2025-09-23 18:00:00+00:00,111830.703125,4156.9453125
2025-09-23 19:00:00+00:00,111654.03125,4153.13623046875
2025-09-23 20:00:00+00:00,111967.96875,4174.2685546875
2025-09-23 21:00:00+00:00,112178.9296875,4184.53173828125
2025-09-23 22:00:00+00:00,112180.2109375,4182.5302734375
2025-09-23 23:00:00+00:00,112007.6640625,4165.41259765625
2025-09-24 00:00:00+00:00,112260.3359375,4175.80908203125
2025-09-24 01:00:00+00:00,112448.953125,4191.1630859375
2025-09-24 02:00:00+00:00,112187.046875,4172.36767578125
2025-09-24 03:00:00+00:00,111758.4921875,4149.89404296875
2025-09-24 04:00:00+00:00,112163.609375,4141.552734375
2025-09-24 05:00:00+00:00,112672.0390625,4173.5302734375
2025-09-24 06:00:00+00:00,112621.671875,4181.046875
2025-09-24 07:00:00+00:00,112557.390625,4173.1630859375
2025-09-24 08:00:00+00:00,112644.3515625,4176.65283203125
2025-09-24 09:00:00+00:00,112764.0625,4183.69482421875
2025-09-24 10:00:00+00:00,112922.671875,4175.8466796875
2025-09-24 11:00:00+00:00,113059.296875,4183.44189453125
2025-09-24 12:00:00+00:00,113071.125,4181.20068359375
2025-09-24 13:00:00+00:00,112861.53125,4157.25439453125
2025-09-24 14:00:00+00:00,113775.1875,4197.349609375
2025-09-24 15:00:00+00:00,113425.5,4169.5166015625
2025-09-24 16:00:00+00:00,113755.84375,4174.3037109375
2025-09-24 17:00:00+00:00,113806.8671875,4185.84033203125
2025-09-24 18:00:00+00:00,113678.328125,4173.74169921875
2025-09-24 19:00:00+00:00,113483.6640625,4165.17236328125
2025-09-24 20:00:00+00:00,113598.1484375,4168.77490234375
2025-09-24 21:00:00+00:00,113366.171875,4138.33251953125
2025-09-24 22:00:00+00:00,113373.125,4154.8564453125
2025-09-24 23:00:00+00:00,113330.1640625,4153.52099609375
2025-09-25 00:00:00+00:00,113096.4921875,4131.5751953125
2025-09-25 01:00:00+00:00,112662.015625,4102.95751953125
2025-09-25 02:00:00+00:00,112929.203125,4103.27587890625
2025-09-25 03:00:00+00:00,112568.765625,4060.091552734375
2025-09-25 04:00:00+00:00,111713.3046875,4007.833740234375
2025-09-25 05:00:00+00:00,111763.1171875,4029.0771484375
2025-09-25 06:00:00+00:00,111535.8515625,3997.00146484375
2025-09-25 07:00:00+00:00,111778.8203125,4008.9853515625
2025-09-25 08:00:00+00:00,111750.6953125,4013.9609375
2025-09-25 09:00:00+00:00,111629.6640625,4024.88037109375
2025-09-25 10:00:00+00:00,111677.4609375,4015.84912109375
2025-09-25 11:00:00+00:00,111380.2109375,4002.181640625
2025-09-25 12:00:00+00:00,111220.3046875,3982.2998046875
2025-09-25 13:00:00+00:00,110917.4375,3965.351806640625
2025-09-25 14:00:00+00:00,111609.25,4017.373291015625
2025-09-25 15:00:00+00:00,111532.453125,3999.968994140625
2025-09-25 16:00:00+00:00,111011.484375,3938.544677734375
2025-09-25 17:00:00+00:00,108936.5546875,3839.301025390625
2025-09-25 18:00:00+00:00,109823.4609375,3922.798828125
2025-09-25 19:00:00+00:00,109417.9296875,3918.757568359375
2025-09-25 20:00:00+00:00,109130.3125,3888.228759765625
2025-09-25 21:00:00+00:00,109480.6640625,3910.317626953125
2025-09-25 22:00:00+00:00,109464.2421875,3894.606201171875
2025-09-25 23:00:00+00:00,109041.296875,3867.62060546875
2025-09-26 00:00:00+00:00,109520.125,3932.43994140625
2025-09-26 01:00:00+00:00,109710.296875,3946.44580078125
2025-09-26 02:00:00+00:00,109657.5859375,3957.191650390625
2025-09-26 03:00:00+00:00,109632.96875,3966.655029296875
2025-09-26 04:00:00+00:00,109384.125,3947.30419921875
2025-09-26 05:00:00+00:00,109318.796875,3924.280517578125
2025-09-26 06:00:00+00:00,109396.375,3921.324951171875
2025-09-26 07:00:00+00:00,109342.9296875,3936.866455078125
2025-09-26 08:00:00+00:00,109612.8828125,3936.949462890625
2025-09-26 09:00:00+00:00,109613.8359375,3916.605712890625
2025-09-26 10:00:00+00:00,108968.0703125,3892.828125
2025-09-26 11:00:00+00:00,109177.6875,3909.514404296875
2025-09-26 12:00:00+00:00,109468.640625,3942.750732421875
2025-09-26 13:00:00+00:00,109744.421875,3978.374755859375
2025-09-26 14:00:00+00:00,108884.171875,3929.852783203125
2025-09-26 15:00:00+00:00,109108.59375,3949.34130859375
2025-09-26 16:00:00+00:00,109500.84375,3992.151123046875
2025-09-26 17:00:00+00:00,109903.2734375,4047.15283203125
2025-09-26 18:00:00+00:00,109832.65625,4047.901611328125
2025-09-26 19:00:00+00:00,109220.7109375,4029.7392578125
2025-09-26 20:00:00+00:00,109359.8359375,4011.88134765625
2025-09-26 21:00:00+00:00,109560.875,4026.197509765625
2025-09-26 22:00:00+00:00,109600.4609375,4028.798583984375
2025-09-26 23:00:00+00:00,109716.9140625,4035.91455078125
2025-09-27 00:00:00+00:00,109644.4765625,4027.92578125
2025-09-27 01:00:00+00:00,109475.515625,4019.44873046875
2025-09-27 02:00:00+00:00,109468.6484375,4013.83154296875
2025-09-27 03:00:00+00:00,109595.734375,4021.590087890625
2025-09-27 04:00:00+00:00,109707.859375,4024.107421875
2025-09-27 05:00:00+00:00,109690.2265625,4021.61181640625
2025-09-27 06:00:00+00:00,109595.2578125,4020.815673828125
2025-09-27 07:00:00+00:00,109453.53125,4010.364990234375
2025-09-27 08:00:00+00:00,109328.6875,3987.28076171875
2025-09-27 09:00:00+00:00,109358.0546875,3997.222900390625
2025-09-27 10:00:00+00:00,109492.4765625,4012.24365234375
2025-09-27 11:00:00+00:00,109351.46875,4003.734375
2025-09-27 12:00:00+00:00,109491.625,4035.6650390625
2025-09-27 13:00:00+00:00,109390.0546875,4021.972900390625
2025-09-27 14:00:00+00:00,109331.796875,4016.152099609375
2025-09-27 15:00:00+00:00,109434.171875,4022.068115234375
2025-09-27 16:00:00+00:00,109427.1796875,4008.371826171875
2025-09-27 17:00:00+00:00,109423.7109375,4001.82958984375
2025-09-27 18:00:00+00:00,109476.515625,3996.873046875
2025-09-27 19:00:00+00:00,109464.71875,4003.658203125
2025-09-27 20:00:00+00:00,109446.0625,4006.16796875
2025-09-27 21:00:00+00:00,109492.390625,4017.92822265625
2025-09-27 22:00:00+00:00,109649.1875,4023.749755859375
2025-09-27 23:00:00+00:00,109663.03125,4018.65966796875
2025-09-28 00:00:00+00:00,109678.78125,4018.38037109375
2025-09-28 01:00:00+00:00,109411.453125,3999.1005859375
2025-09-28 02:00:00+00:00,109493.9921875,4002.64453125
2025-09-28 03:00:00+00:00,109487.4765625,4004.8759765625
2025-09-28 04:00:00+00:00,109421.5859375,4004.090087890625
2025-09-28 05:00:00+00:00,109401.234375,4010.66650390625
2025-09-28 06:00:00+00:00,109449.2109375,4005.151123046875
2025-09-28 07:00:00+00:00,109539.3828125,4015.214111328125
2025-09-28 08:00:00+00:00,109563.2734375,4004.95166015625
2025-09-28 09:00:00+00:00,109549.2109375,3998.573974609375
2025-09-28 10:00:00+00:00,109400.2734375,3997.542236328125
2025-09-28 11:00:00+00:00,109434.8125,3995.104248046875
2025-09-28 12:00:00+00:00,109365.7421875,3981.369873046875
2025-09-28 13:00:00+00:00,109671.0234375,4014.82373046875
2025-09-28 14:00:00+00:00,109876.0703125,4024.4599609375
2025-09-28 15:00:00+00:00,110062.9609375,4022.70947265625
2025-09-28 16:00:00+00:00,110223.2109375,4033.225830078125
2025-09-28 17:00:00+00:00,110252.1015625,4042.10791015625
2025-09-28 18:00:00+00:00,110293.828125,4040.7978515625
2025-09-28 19:00:00+00:00,110351.71875,4039.32177734375
2025-09-28 20:00:00+00:00,110843.125,4054.51416015625
2025-09-28 21:00:00+00:00,110774.453125,4048.21630859375
2025-09-28 22:00:00+00:00,111936.53125,4134.10986328125
2025-09-28 23:00:00+00:00,112117.875,4141.3564453125
2025-09-29 00:00:00+00:00,112276.5625,4128.1240234375
2025-09-29 01:00:00+00:00,111834.0078125,4116.2109375
2025-09-29 02:00:00+00:00,111779.390625,4113.779296875
2025-09-29 03:00:00+00:00,111856.875,4120.99951171875
2025-09-29 04:00:00+00:00,111868.34375,4121.06201171875
2025-09-29 05:00:00+00:00,111776.296875,4114.73876953125
2025-09-29 06:00:00+00:00,111697.1171875,4100.37939453125
2025-09-29 07:00:00+00:00,111864.265625,4110.8427734375
2025-09-29 08:00:00+00:00,112147.2578125,4130.47900390625
2025-09-29 09:00:00+00:00,112127.2265625,4134.638671875
2025-09-29 10:00:00+00:00,112168.34375,4122.443359375
2025-09-29 11:00:00+00:00,112139.6484375,4105.279296875
2025-09-29 12:00:00+00:00,112039.7421875,4097.8544921875
2025-09-29 13:00:00+00:00,113375.4453125,4186.11865234375
2025-09-29 14:00:00+00:00,114174.5703125,4190.197265625
2025-09-29 15:00:00+00:00,113873.5390625,4166.6787109375
2025-09-29 16:00:00+00:00,113686.0625,4143.642578125
2025-09-29 17:00:00+00:00,114140.9296875,4159.71630859375
2025-09-29 18:00:00+00:00,114104.7421875,4164.0869140625
2025-09-29 19:00:00+00:00,114370.828125,4193.90869140625
2025-09-29 20:00:00+00:00,114317.078125,4226.2197265625
2025-09-29 21:00:00+00:00,114278.234375,4228.18212890625
2025-09-29 22:00:00+00:00,114224.6015625,4229.4951171875
2025-09-29 23:00:00+00:00,114396.5234375,4218.54052734375
2025-09-30 00:00:00+00:00,114610.3828125,4209.36279296875
2025-09-30 01:00:00+00:00,114420.625,4198.27734375
2025-09-30 02:00:00+00:00,114504.9453125,4202.9306640625
2025-09-30 03:00:00+00:00,114430.6875,4201.61865234375
2025-09-30 04:00:00+00:00,114164.015625,4191.9765625
2025-09-30 05:00:00+00:00,113944.125,4188.47607421875
2025-09-30 06:00:00+00:00,113953.8515625,4193.5869140625
2025-09-30 07:00:00+00:00,113774.921875,4184.26025390625
2025-09-30 08:00:00+00:00,113535.9609375,4172.98291015625
2025-09-30 09:00:00+00:00,112874.5859375,4143.7421875
2025-09-30 10:00:00+00:00,112983.8125,4162.91845703125
2025-09-30 11:00:00+00:00,113131.5625,4169.95751953125
2025-09-30 12:00:00+00:00,113091.8046875,4160.14697265625
2025-09-30 13:00:00+00:00,113417.4609375,4154.6865234375
2025-09-30 14:00:00+00:00,113648.6796875,4150.38818359375
2025-09-30 15:00:00+00:00,113146.1015625,4120.62890625
2025-09-30 16:00:00+00:00,112817.1953125,4095.714599609375
2025-09-30 17:00:00+00:00,113311.8046875,4104.7392578125
2025-09-30 18:00:00+00:00,113722.0234375,4118.87939453125
2025-09-30 19:00:00+00:00,114451.2109375,4162.19189453125
2025-09-30 20:00:00+00:00,114633.03125,4192.51513671875
2025-09-30 21:00:00+00:00,114262.84375,4161.3251953125
2025-09-30 22:00:00+00:00,113965.3984375,4141.22607421875
2025-09-30 23:00:00+00:00,114057.59375,4146.03369140625
2025-10-01 00:00:00+00:00,114231.078125,4146.712890625
2025-10-01 01:00:00+00:00,114526.3671875,4171.0732421875
2025-10-01 02:00:00+00:00,114293.078125,4154.517578125
2025-10-01 03:00:00+00:00,114211.859375,4131.66357421875
2025-10-01 04:00:00+00:00,114316.125,4139.99267578125
2025-10-01 05:00:00+00:00,114574.90625,4146.44677734375
2025-10-01 06:00:00+00:00,114292.453125,4127.1318359375
2025-10-01 07:00:00+00:00,114596.953125,4147.75244140625
2025-10-01 08:00:00+00:00,116106.1015625,4295.69775390625
2025-10-01 09:00:00+00:00,116436.1953125,4314.18017578125
2025-10-01 10:00:00+00:00,116283.2421875,4283.19189453125
2025-10-01 11:00:00+00:00,116769.90625,4298.578125
2025-10-01 12:00:00+00:00,116450.671875,4282.755859375
2025-10-01 13:00:00+00:00,116831.515625,4301.6484375
2025-10-01 14:00:00+00:00,117355.796875,4323.42041015625
2025-10-01 15:00:00+00:00,117421.9140625,4327.447265625
2025-10-01 16:00:00+00:00,117665.84375,4327.2578125
2025-10-01 17:00:00+00:00,116906.65625,4297.28369140625
2025-10-01 18:00:00+00:00,117282.7890625,4312.34375
2025-10-01 19:00:00+00:00,117455.1640625,4334.16845703125
2025-10-01 20:00:00+00:00,117583.6875,4334.3798828125
2025-10-01 21:00:00+00:00,117577.515625,4306.087890625
2025-10-01 22:00:00+00:00,117870.0078125,4313.33837890625
2025-10-01 23:00:00+00:00,118652.3828125,4344.4111328125
2025-10-02 00:00:00+00:00,118566.0703125,4338.53173828125
2025-10-02 01:00:00+00:00,118744.546875,4399.37353515625
2025-10-02 02:00:00+00:00,118752.8671875,4390.10791015625
2025-10-02 03:00:00+00:00,118801.8203125,4379.365234375
2025-10-02 04:00:00+00:00,118662.765625,4371.7412109375
2025-10-02 05:00:00+00:00,118427.1015625,4386.8515625
2025-10-02 06:00:00+00:00,118690.75,4402.89404296875
2025-10-02 07:00:00+00:00,118562.671875,4376.97216796875
2025-10-02 08:00:00+00:00,118702.5625,4389.3271484375
2025-10-02 09:00:00+00:00,118854.3203125,4391.85302734375
2025-10-02 10:00:00+00:00,118675.5,4382.35205078125
2025-10-02 11:00:00+00:00,118811.609375,4381.95751953125
2025-10-02 12:00:00+00:00,119415.09375,4398.1181640625
2025-10-02 13:00:00+00:00,119727.5859375,4417.3388671875
2025-10-02 14:00:00+00:00,118924.140625,4380.53759765625
2025-10-02 15:00:00+00:00,119966.578125,4440.96142578125
2025-10-02 16:00:00+00:00,119748.1015625,4452.8427734375
2025-10-02 17:00:00+00:00,119992.9296875,4467.84228515625
2025-10-02 18:00:00+00:00,120618.375,4494.779296875
2025-10-02 19:00:00+00:00,120844.0546875,4497.43701171875
2025-10-02 20:00:00+00:00,120645.6953125,4490.49267578125
2025-10-02 21:00:00+00:00,120259.8671875,4473.51806640625
2025-10-02 22:00:00+00:00,120275.875,4465.3173828125
2025-10-02 23:00:00+00:00,120656.984375,4486.9345703125
2025-10-03 00:00:00+00:00,120217.2265625,4472.96484375
2025-10-03 01:00:00+00:00,119953.234375,4474.81689453125
2025-10-03 02:00:00+00:00,120279.6640625,4514.1591796875
2025-10-03 03:00:00+00:00,120325.453125,4504.09716796875
2025-10-03 04:00:00+00:00,120129.5703125,4496.6083984375
2025-10-03 05:00:00+00:00,120000.765625,4479.81640625
2025-10-03 06:00:00+00:00,119943.84375,4471.21728515625
2025-10-03 07:00:00+00:00,119745.015625,4461.24658203125
2025-10-03 08:00:00+00:00,120075.640625,4465.953125
2025-10-03 09:00:00+00:00,120380.140625,4477.19921875
2025-10-03 10:00:00+00:00,120544.9921875,4493.2958984375
2025-10-03 11:00:00+00:00,120438.4375,4483.3486328125
2025-10-03 12:00:00+00:00,120455.8359375,4488.00830078125
2025-10-03 13:00:00+00:00,120504.5703125,4477.89599609375
2025-10-03 14:00:00+00:00,120970.359375,4485.2529296875
2025-10-03 15:00:00+00:00,122234.078125,4532.8173828125
2025-10-03 16:00:00+00:00,122793.1484375,4539.8466796875
2025-10-03 17:00:00+00:00,122149.4140625,4476.02978515625
2025-10-03 18:00:00+00:00,122480.96875,4508.3095703125
2025-10-03 19:00:00+00:00,122724.0078125,4521.0390625
2025-10-03 20:00:00+00:00,122598.0078125,4537.60888671875
2025-10-03 21:00:00+00:00,122443.59375,4529.53173828125
2025-10-03 22:00:00+00:00,122528.6796875,4528.97705078125
2025-10-03 23:00:00+00:00,122267.46875,4514.9091796875
2025-10-04 00:00:00+00:00,122158.265625,4502.021484375
2025-10-04 01:00:00+00:00,121837.8359375,4479.25341796875
2025-10-04 02:00:00+00:00,121937.171875,4487.703125
2025-10-04 03:00:00+00:00,122326.6328125,4489.34228515625
2025-10-04 04:00:00+00:00,122574.53125,4494.66552734375
2025-10-04 05:00:00+00:00,122581.0,4505.24951171875
2025-10-04 06:00:00+00:00,122524.1640625,4510.3525390625
2025-10-04 07:00:00+00:00,122353.90625,4498.73828125
2025-10-04 08:00:00+00:00,122336.65625,4493.5322265625
2025-10-04 09:00:00+00:00,122262.796875,4491.29345703125
2025-10-04 10:00:00+00:00,122176.375,4487.84033203125
2025-10-04 11:00:00+00:00,122057.734375,4486.08984375
2025-10-04 12:00:00+00:00,122061.3984375,4482.65966796875
2025-10-04 13:00:00+00:00,122448.3984375,4499.91357421875
2025-10-04 14:00:00+00:00,122067.3671875,4478.14013671875
2025-10-04 15:00:00+00:00,121813.265625,4456.6552734375
2025-10-04 16:00:00+00:00,121737.0546875,4467.86572265625
2025-10-04 17:00:00+00:00,121755.78125,4462.52197265625
2025-10-04 18:00:00+00:00,121626.8515625,4453.0048828125
2025-10-04 19:00:00+00:00,121952.3515625,4468.21630859375
2025-10-04 20:00:00+00:00,121952.6484375,4477.0283203125
2025-10-04 21:00:00+00:00,122238.0234375,4486.2431640625
2025-10-04 22:00:00+00:00,122312.625,4490.982421875
2025-10-04 23:00:00+00:00,122416.4921875,4489.05322265625
2025-10-05 00:00:00+00:00,122215.484375,4472.90380859375
2025-10-05 01:00:00+00:00,122402.8515625,4488.5068359375
2025-10-05 02:00:00+00:00,124008.8984375,4546.640625
2025-10-05 03:00:00+00:00,123789.421875,4540.95703125
2025-10-05 04:00:00+00:00,125223.9296875,4572.9404296875
2025-10-05 05:00:00+00:00,124992.8359375,4564.8037109375
2025-10-05 06:00:00+00:00,125024.953125,4560.830078125
2025-10-05 07:00:00+00:00,124878.234375,4604.67236328125
2025-10-05 08:00:00+00:00,124599.2421875,4586.06201171875
2025-10-05 09:00:00+00:00,123131.9375,4553.59814453125
2025-10-05 10:00:00+00:00,123087.03125,4545.71923828125
2025-10-05 11:00:00+00:00,123516.5234375,4553.4599609375
2025-10-05 12:00:00+00:00,123180.234375,4533.3251953125
2025-10-05 13:00:00+00:00,123187.90625,4538.423828125
2025-10-05 14:00:00+00:00,123051.3671875,4536.80810546875
2025-10-05 15:00:00+00:00,122849.703125,4534.65087890625
2025-10-05 16:00:00+00:00,123270.2734375,4528.1064453125
2025-10-05 17:00:00+00:00,123070.9296875,4511.76611328125
2025-10-05 18:00:00+00:00,123016.453125,4520.8095703125
2025-10-05 19:00:00+00:00,122587.2421875,4487.74658203125
2025-10-05 20:00:00+00:00,122835.984375,4502.9287109375
2025-10-05 21:00:00+00:00,122743.8671875,4505.205078125
2025-10-05 22:00:00+00:00,123266.453125,4513.98388671875
2025-10-05 23:00:00+00:00,123510.453125,4515.30078125
2025-10-06 00:00:00+00:00,123375.171875,4500.38037109375
2025-10-06 01:00:00+00:00,124084.796875,4529.21875
2025-10-06 02:00:00+00:00,124048.40625,4538.22314453125
2025-10-06 03:00:00+00:00,123893.6484375,4537.380859375
2025-10-06 04:00:00+00:00,123663.5234375,4526.3134765625
2025-10-06 05:00:00+00:00,123609.3125,4527.7890625
2025-10-06 06:00:00+00:00,123954.8046875,4559.55908203125
2025-10-06 07:00:00+00:00,123395.75,4533.6748046875
2025-10-06 08:00:00+00:00,123857.8984375,4562.09033203125
2025-10-06 09:00:00+00:00,123976.078125,4573.47412109375
2025-10-06 10:00:00+00:00,124029.578125,4573.763671875
2025-10-06 11:00:00+00:00,124266.9375,4573.83837890625
2025-10-06 12:00:00+00:00,124585.828125,4580.6474609375
2025-10-06 13:00:00+00:00,124994.21875,4634.75830078125
2025-10-06 14:00:00+00:00,124505.8828125,4640.7197265625
2025-10-06 15:00:00+00:00,125106.9140625,4677.7861328125
2025-10-06 16:00:00+00:00,125369.234375,4679.52685546875
2025-10-06 17:00:00+00:00,125412.2734375,4702.7041015625
2025-10-06 18:00:00+00:00,126149.0234375,4715.63720703125
2025-10-06 19:00:00+00:00,125424.2578125,4729.66748046875
2025-10-06 20:00:00+00:00,125251.1875,4690.7939453125
2025-10-06 21:00:00+00:00,125047.0703125,4683.93505859375
2025-10-06 22:00:00+00:00,125056.2265625,4699.69287109375
2025-10-06 23:00:00+00:00,124752.140625,4687.7099609375
2025-10-07 00:00:00+00:00,124923.9296875,4682.10498046875
2025-10-07 01:00:00+00:00,124705.328125,4676.82861328125
2025-10-07 02:00:00+00:00,124367.9609375,4687.5888671875
2025-10-07 03:00:00+00:00,124361.3046875,4692.98291015625
2025-10-07 04:00:00+00:00,124580.90625,4717.01611328125
2025-10-07 05:00:00+00:00,124404.9140625,4711.89208984375
2025-10-07 06:00:00+00:00,123975.2265625,4671.62353515625
2025-10-07 07:00:00+00:00,123712.234375,4677.029296875
2025-10-07 08:00:00+00:00,123954.1953125,4673.294921875
2025-10-07 09:00:00+00:00,124229.578125,4682.78857421875
2025-10-07 10:00:00+00:00,124349.78125,4695.30224609375
2025-10-07 11:00:00+00:00,124520.2890625,4711.7666015625
2025-10-07 12:00:00+00:00,125001.6171875,4739.462890625
2025-10-07 13:00:00+00:00,123985.734375,4704.474609375
2025-10-07 14:00:00+00:00,122808.078125,4600.8232421875
2025-10-07 15:00:00+00:00,121813.796875,4512.33740234375
2025-10-07 16:00:00+00:00,121866.6015625,4504.60888671875
2025-10-07 17:00:00+00:00,121272.375,4478.31005859375
2025-10-07 18:00:00+00:00,120951.171875,4468.396484375
2025-10-07 19:00:00+00:00,121771.6875,4478.259765625
2025-10-07 20:00:00+00:00,122153.09375,4515.71484375
2025-10-07 21:00:00+00:00,121968.8125,4490.2158203125
2025-10-07 22:00:00+00:00,122046.8203125,4499.6240234375
2025-10-07 23:00:00+00:00,121461.640625,4451.10791015625
2025-10-08 00:00:00+00:00,121988.1328125,4476.83544921875
2025-10-08 01:00:00+00:00,122015.59375,4487.1689453125
2025-10-08 02:00:00+00:00,122105.84375,4482.478515625
2025-10-08 03:00:00+00:00,121418.9140625,4444.40380859375
2025-10-08 04:00:00+00:00,121929.6171875,4463.00390625
2025-10-08 05:00:00+00:00,121324.9296875,4438.81298828125
2025-10-08 06:00:00+00:00,121808.734375,4456.8623046875
2025-10-08 07:00:00+00:00,121543.6484375,4461.97021484375
2025-10-08 08:00:00+00:00,122434.9296875,4475.431640625
2025-10-08 09:00:00+00:00,122514.234375,4482.21875
2025-10-08 10:00:00+00:00,122978.4765625,4502.93896484375
2025-10-08 11:00:00+00:00,122921.1796875,4488.33203125
2025-10-08 12:00:00+00:00,122637.0546875,4474.9521484375
2025-10-08 13:00:00+00:00,122510.328125,4475.38916015625
2025-10-08 14:00:00+00:00,122278.796875,4449.26708984375
2025-10-08 15:00:00+00:00,122207.5234375,4448.00390625
2025-10-08 16:00:00+00:00,123098.7890625,4496.90087890625
2025-10-08 17:00:00+00:00,124141.4921875,4540.96923828125
2025-10-08 18:00:00+00:00,123614.859375,4532.6396484375
2025-10-08 19:00:00+00:00,123520.203125,4518.38037109375
2025-10-08 20:00:00+00:00,123054.9375,4506.818359375
2025-10-08 21:00:00+00:00,123237.0,4519.0888671875
2025-10-08 22:00:00+00:00,123315.6171875,4525.67041015625
2025-10-08 23:00:00+00:00,123337.0703125,4526.9609375
2025-10-09 00:00:00+00:00,123006.21875,4515.6357421875
2025-10-09 01:00:00+00:00,122576.875,4480.75830078125
2025-10-09 02:00:00+00:00,121616.1171875,4412.8154296875
2025-10-09 03:00:00+00:00,122064.671875,4451.6298828125
2025-10-09 04:00:00+00:00,122141.9609375,4455.55419921875
2025-10-09 05:00:00+00:00,122134.6328125,4455.48779296875
2025-10-09 06:00:00+00:00,121998.65625,4430.0703125
2025-10-09 07:00:00+00:00,121932.7265625,4428.236328125
2025-10-09 08:00:00+00:00,121332.3125,4330.28466796875
2025-10-09 09:00:00+00:00,121847.609375,4336.49853515625
2025-10-09 10:00:00+00:00,122215.1953125,4358.33056640625
2025-10-09 11:00:00+00:00,122818.3671875,4377.4404296875
2025-10-09 12:00:00+00:00,123620.7265625,4409.2041015625
2025-10-09 13:00:00+00:00,122504.71875,4358.79150390625
2025-10-09 14:00:00+00:00,121392.1875,4345.38720703125
2025-10-09 15:00:00+00:00,121213.40625,4318.3134765625
2025-10-09 16:00:00+00:00,120304.1328125,4279.470703125
2025-10-09 17:00:00+00:00,120843.796875,4323.80419921875
2025-10-09 18:00:00+00:00,120744.4140625,4311.84716796875
2025-10-09 19:00:00+00:00,121013.578125,4329.51708984375
2025-10-09 20:00:00+00:00,121165.140625,4337.53076171875
2025-10-09 21:00:00+00:00,121522.9375,4359.703125
2025-10-09 22:00:00+00:00,121739.1015625,4380.33154296875
2025-10-09 23:00:00+00:00,121704.7421875,4369.0654296875
2025-10-10 00:00:00+00:00,121833.5546875,4382.068359375
2025-10-10 01:00:00+00:00,121728.6328125,4376.6513671875
2025-10-10 02:00:00+00:00,121091.9296875,4360.71142578125
2025-10-10 03:00:00+00:00,121161.203125,4354.939453125
2025-10-10 04:00:00+00:00,121284.40625,4344.9013671875
2025-10-10 05:00:00+00:00,121614.3671875,4368.6767578125
2025-10-10 06:00:00+00:00,121477.765625,4330.89111328125
2025-10-10 07:00:00+00:00,121035.796875,4328.10595703125
2025-10-10 08:00:00+00:00,121636.5,4346.81787109375
2025-10-10 09:00:00+00:00,121385.0546875,4323.720703125
2025-10-10 10:00:00+00:00,121554.1875,4343.8818359375
2025-10-10 11:00:00+00:00,121623.3125,4347.04443359375
2025-10-10 12:00:00+00:00,121638.5703125,4349.24658203125
2025-10-10 13:00:00+00:00,121673.265625,4355.59765625
2025-10-10 14:00:00+00:00,121276.6484375,4288.54345703125
2025-10-10 15:00:00+00:00,119072.296875,4109.9248046875
2025-10-10 16:00:00+00:00,118343.828125,4111.57177734375
2025-10-10 17:00:00+00:00,117743.9609375,4094.503662109375
2025-10-10 18:00:00+00:00,117310.21875,4061.642333984375
2025-10-10 19:00:00+00:00,116787.390625,4002.4267578125
2025-10-10 20:00:00+00:00,114527.5703125,3912.558837890625
2025-10-10 21:00:00+00:00,113937.875,3958.203857421875
2025-10-10 22:00:00+00:00,114229.8515625,3858.32470703125
2025-10-10 23:00:00+00:00,113236.4296875,3840.96044921875
2025-10-11 00:00:00+00:00,112762.6796875,3847.813720703125
2025-10-11 01:00:00+00:00,111326.3359375,3742.8828125
2025-10-11 02:00:00+00:00,113289.09375,3846.258544921875
2025-10-11 03:00:00+00:00,112425.484375,3797.653076171875
2025-10-11 04:00:00+00:00,113059.6015625,3816.9990234375
2025-10-11 05:00:00+00:00,112579.921875,3796.73046875
2025-10-11 06:00:00+00:00,112165.15625,3781.1220703125
2025-10-11 07:00:00+00:00,110320.6953125,3759.727783203125
2025-10-11 08:00:00+00:00,111530.3203125,3821.455322265625
2025-10-11 09:00:00+00:00,111758.0625,3832.0048828125
2025-10-11 10:00:00+00:00,112218.7421875,3836.67333984375
2025-10-11 11:00:00+00:00,112351.6875,3842.19482421875
2025-10-11 12:00:00+00:00,112473.3046875,3827.635986328125
2025-10-11 13:00:00+00:00,112359.0,3837.814453125
2025-10-11 14:00:00+00:00,112057.8046875,3813.705810546875
2025-10-11 15:00:00+00:00,111975.2890625,3830.500732421875
2025-10-11 16:00:00+00:00,111941.453125,3825.396728515625
2025-10-11 17:00:00+00:00,112111.984375,3828.574462890625
2025-10-11 18:00:00+00:00,112082.4453125,3820.103515625
2025-10-11 19:00:00+00:00,111225.9375,3757.906494140625
2025-10-11 20:00:00+00:00,110234.7578125,3681.774169921875
2025-10-11 21:00:00+00:00,111056.0,3740.865478515625
2025-10-11 22:00:00+00:00,111165.25,3748.25732421875
2025-10-11 23:00:00+00:00,110811.515625,3750.946044921875
2025-10-12 00:00:00+00:00,109741.984375,3703.4609375
2025-10-12 01:00:00+00:00,109983.421875,3719.646728515625
2025-10-12 02:00:00+00:00,110135.3046875,3731.56787109375
2025-10-12 03:00:00+00:00,110776.8984375,3784.02001953125
2025-10-12 04:00:00+00:00,111563.5078125,3805.005615234375
2025-10-12 05:00:00+00:00,111831.3046875,3814.3896484375
2025-10-12 06:00:00+00:00,111840.2109375,3835.44970703125
2025-10-12 07:00:00+00:00,111632.46875,3834.26611328125
2025-10-12 08:00:00+00:00,111426.6640625,3827.74853515625
2025-10-12 09:00:00+00:00,111906.671875,3847.771728515625
2025-10-12 10:00:00+00:00,111726.234375,3823.994384765625
2025-10-12 11:00:00+00:00,111870.453125,3821.202880859375
2025-10-12 12:00:00+00:00,111801.3203125,3831.02734375
2025-10-12 13:00:00+00:00,111396.3671875,3814.024169921875
2025-10-12 14:00:00+00:00,112306.71875,3984.8603515625
2025-10-12 15:00:00+00:00,113342.6484375,4038.75048828125
2025-10-12 16:00:00+00:00,114139.5234375,4109.54541015625
2025-10-12 17:00:00+00:00,113885.8671875,4126.45849609375
2025-10-12 18:00:00+00:00,113953.75,4113.20751953125
2025-10-12 19:00:00+00:00,114407.2109375,4139.33544921875
2025-10-12 20:00:00+00:00,115134.28125,4138.45654296875
2025-10-12 21:00:00+00:00,114971.5546875,4133.978515625
2025-10-12 22:00:00+00:00,115424.1875,4139.13671875
2025-10-12 23:00:00+00:00,115161.6796875,4164.04931640625
2025-10-13 00:00:00+00:00,115382.1796875,4144.9599609375
2025-10-13 01:00:00+00:00,115827.6796875,4196.51318359375
2025-10-13 02:00:00+00:00,115430.3828125,4163.55908203125
2025-10-13 03:00:00+00:00,114913.0625,4140.87548828125
2025-10-13 04:00:00+00:00,114756.28125,4143.99169921875
2025-10-13 05:00:00+00:00,114680.359375,4131.931640625
2025-10-13 06:00:00+00:00,115302.96875,4174.76025390625
2025-10-13 07:00:00+00:00,115423.5,4181.0771484375
2025-10-13 08:00:00+00:00,115484.5390625,4184.39990234375
2025-10-13 09:00:00+00:00,115220.484375,4166.7255859375
2025-10-13 10:00:00+00:00,114941.890625,4153.55029296875
2025-10-13 11:00:00+00:00,114382.3203125,4087.900634765625
2025-10-13 12:00:00+00:00,114475.484375,4095.864501953125
2025-10-13 13:00:00+00:00,115323.5859375,4166.5849609375
2025-10-13 14:00:00+00:00,114061.5703125,4094.74169921875
2025-10-13 15:00:00+00:00,114502.875,4140.80712890625
2025-10-13 16:00:00+00:00,114806.5703125,4171.3251953125
2025-10-13 17:00:00+00:00,114723.515625,4217.97900390625
2025-10-13 18:00:00+00:00,115247.6328125,4231.9404296875
2025-10-13 19:00:00+00:00,115891.1484375,4260.33154296875
2025-10-13 20:00:00+00:00,115713.96875,4280.37939453125
2025-10-13 21:00:00+00:00,115794.71875,4261.70654296875
2025-10-13 22:00:00+00:00,115614.1484375,4274.57958984375
2025-10-13 23:00:00+00:00,115264.8828125,4245.37255859375
2025-10-14 00:00:00+00:00,115056.4609375,4241.69873046875
2025-10-14 01:00:00+00:00,114383.4296875,4214.20458984375
2025-10-14 02:00:00+00:00,113828.171875,4177.0859375
2025-10-14 03:00:00+00:00,113584.578125,4159.7998046875
2025-10-14 04:00:00+00:00,113098.4765625,4104.89501953125
2025-10-14 05:00:00+00:00,112516.3984375,4069.4453125
2025-10-14 06:00:00+00:00,112108.09375,4009.68212890625
2025-10-14 07:00:00+00:00,111616.8203125,3977.860595703125
2025-10-14 08:00:00+00:00,111930.25,4001.567626953125
2025-10-14 09:00:00+00:00,111366.0859375,3991.806396484375
2025-10-14 10:00:00+00:00,110729.0234375,3944.807373046875
2025-10-14 11:00:00+00:00,111449.859375,3975.172607421875
2025-10-14 12:00:00+00:00,110855.2265625,3943.648681640625
2025-10-14 13:00:00+00:00,110940.8671875,3948.5537109375
2025-10-14 14:00:00+00:00,111547.5703125,3976.12060546875
2025-10-14 15:00:00+00:00,112735.875,4075.05419921875
2025-10-14 16:00:00+00:00,112405.046875,4105.78369140625
2025-10-14 17:00:00+00:00,112859.0078125,4105.22900390625
2025-10-14 18:00:00+00:00,112831.9140625,4116.2568359375
2025-10-14 19:00:00+00:00,112671.1171875,4110.5166015625
2025-10-14 20:00:00+00:00,112983.46875,4118.26220703125
2025-10-14 21:00:00+00:00,113172.546875,4119.45751953125
2025-10-14 22:00:00+00:00,113259.671875,4121.52587890625
2025-10-14 23:00:00+00:00,113112.265625,4125.015625
2025-10-15 00:00:00+00:00,113029.125,4121.5986328125
2025-10-15 01:00:00+00:00,112780.7890625,4117.11962890625
2025-10-15 02:00:00+00:00,112910.1171875,4120.318359375
2025-10-15 03:00:00+00:00,112074.15625,4084.125244140625
2025-10-15 04:00:00+00:00,112397.875,4120.13671875
2025-10-15 05:00:00+00:00,112474.53125,4109.921875
2025-10-15 06:00:00+00:00,112438.4921875,4110.287109375
2025-10-15 07:00:00+00:00,112611.09375,4125.11669921875
2025-10-15 08:00:00+00:00,113079.984375,4183.380859375
2025-10-15 09:00:00+00:00,112552.3359375,4154.84033203125
2025-10-15 10:00:00+00:00,112316.296875,4122.88916015625
2025-10-15 11:00:00+00:00,111992.0859375,4101.86865234375
2025-10-15 12:00:00+00:00,111745.390625,4098.6005859375
2025-10-15 13:00:00+00:00,111505.1640625,4059.033935546875
2025-10-15 14:00:00+00:00,111120.3515625,4013.06494140625
2025-10-15 15:00:00+00:00,110767.4765625,3982.94384765625
2025-10-15 16:00:00+00:00,110832.7734375,3980.18310546875
2025-10-15 17:00:00+00:00,111129.046875,3992.580810546875
2025-10-15 18:00:00+00:00,111540.3515625,4013.127685546875
2025-10-15 19:00:00+00:00,111323.5,3983.255859375
2025-10-15 20:00:00+00:00,111183.8125,3963.72412109375
2025-10-15 21:00:00+00:00,110848.7265625,3952.3388671875
2025-10-15 22:00:00+00:00,110753.5703125,3964.322021484375
2025-10-15 23:00:00+00:00,110777.1171875,3987.14892578125
2025-10-16 00:00:00+00:00,110520.3828125,3983.256591796875
2025-10-16 01:00:00+00:00,111299.6953125,4009.372802734375
2025-10-16 02:00:00+00:00,111569.546875,4034.482421875
2025-10-16 03:00:00+00:00,111498.2890625,4021.087646484375
2025-10-16 04:00:00+00:00,111059.0703125,4004.809814453125
2025-10-16 05:00:00+00:00,110976.796875,3996.882080078125
2025-10-16 06:00:00+00:00,111698.4765625,4041.2197265625
2025-10-16 07:00:00+00:00,110624.953125,4001.2470703125
2025-10-16 08:00:00+00:00,110851.3828125,3997.09423828125
2025-10-16 09:00:00+00:00,111266.2265625,4032.219482421875
2025-10-16 10:00:00+00:00,111498.1640625,4050.451904296875
2025-10-16 11:00:00+00:00,111442.0859375,4061.8603515625
2025-10-16 12:00:00+00:00,111656.5078125,4061.6640625
2025-10-16 13:00:00+00:00,110916.8515625,4021.66259765625
2025-10-16 14:00:00+00:00,110598.7578125,4018.3662109375
2025-10-16 15:00:00+00:00,108573.7421875,3903.8447265625
2025-10-16 16:00:00+00:00,109117.1796875,3950.2333984375
2025-10-16 17:00:00+00:00,108371.15625,3921.016845703125
2025-10-16 18:00:00+00:00,108595.625,3900.850830078125
2025-10-16 19:00:00+00:00,108320.6640625,3871.479736328125
2025-10-16 20:00:00+00:00,107785.3203125,3847.782470703125
2025-10-16 21:00:00+00:00,108437.5390625,3880.93994140625
2025-10-16 22:00:00+00:00,107827.1796875,3866.418212890625
2025-10-16 23:00:00+00:00,108179.1328125,3894.377685546875
2025-10-17 00:00:00+00:00,108763.5546875,3924.6591796875
2025-10-17 01:00:00+00:00,108800.3828125,3918.811279296875
2025-10-17 02:00:00+00:00,108994.234375,3923.32666015625
2025-10-17 03:00:00+00:00,109190.796875,3934.12158203125
2025-10-17 04:00:00+00:00,108875.359375,3917.208740234375
2025-10-17 05:00:00+00:00,108439.6796875,3899.912841796875
2025-10-17 06:00:00+00:00,106829.078125,3823.817626953125
2025-10-17 07:00:00+00:00,105566.015625,3756.770263671875
2025-10-17 08:00:00+00:00,104993.2890625,3711.265625
2025-10-17 09:00:00+00:00,104749.2890625,3731.972900390625
2025-10-17 10:00:00+00:00,104708.3984375,3723.173095703125
2025-10-17 11:00:00+00:00,105670.03125,3776.476318359375
2025-10-17 12:00:00+00:00,105347.0078125,3774.39697265625
2025-10-17 13:00:00+00:00,105868.1171875,3792.322509765625
2025-10-17 14:00:00+00:00,105164.78125,3749.116943359375
2025-10-17 15:00:00+00:00,106720.640625,3793.94287109375
2025-10-17 16:00:00+00:00,106409.6640625,3789.14990234375
2025-10-17 17:00:00+00:00,106424.046875,3818.0390625
2025-10-17 18:00:00+00:00,106619.484375,3832.913818359375
2025-10-17 19:00:00+00:00,106490.15625,3832.046630859375
2025-10-17 20:00:00+00:00,107090.890625,3856.3935546875
2025-10-17 21:00:00+00:00,107422.1171875,3881.413330078125
2025-10-17 22:00:00+00:00,107047.546875,3855.41552734375
2025-10-17 23:00:00+00:00,106483.734375,3833.009521484375
2025-10-18 00:00:00+00:00,106839.5078125,3839.896484375
2025-10-18 01:00:00+00:00,107165.0546875,3871.84228515625
2025-10-18 02:00:00+00:00,106634.8984375,3851.8564453125
2025-10-18 03:00:00+00:00,107104.234375,3870.9228515625
2025-10-18 04:00:00+00:00,106538.7421875,3845.52783203125
2025-10-18 05:00:00+00:00,106859.3046875,3868.610107421875
2025-10-18 06:00:00+00:00,106941.203125,3874.81640625
2025-10-18 07:00:00+00:00,106838.46875,3887.0888671875
2025-10-18 08:00:00+00:00,106828.34375,3882.1318359375
2025-10-18 09:00:00+00:00,106957.3359375,3879.270751953125
2025-10-18 10:00:00+00:00,106853.3359375,3875.547119140625
2025-10-18 11:00:00+00:00,107014.1640625,3881.768798828125
2025-10-18 12:00:00+00:00,107113.609375,3884.68115234375
2025-10-18 13:00:00+00:00,106933.453125,3865.72021484375
2025-10-18 14:00:00+00:00,107018.765625,3875.1982421875
2025-10-18 15:00:00+00:00,106986.8203125,3879.798095703125
2025-10-18 16:00:00+00:00,106711.03125,3867.446044921875
2025-10-18 17:00:00+00:00,106879.75,3890.288818359375
2025-10-18 18:00:00+00:00,106875.0859375,3888.339599609375
2025-10-18 19:00:00+00:00,107077.109375,3893.326904296875
2025-10-18 20:00:00+00:00,107101.7578125,3891.03662109375
2025-10-18 21:00:00+00:00,107208.6015625,3892.697998046875
2025-10-18 22:00:00+00:00,107154.71875,3887.406982421875
2025-10-18 23:00:00+00:00,107171.265625,3889.313720703125
2025-10-19 00:00:00+00:00,106927.3671875,3870.3232421875
2025-10-19 01:00:00+00:00,106972.3125,3873.91943359375
2025-10-19 02:00:00+00:00,106883.4921875,3873.496337890625
2025-10-19 03:00:00+00:00,107303.8828125,3905.444091796875
2025-10-19 04:00:00+00:00,107089.7578125,3902.494873046875
2025-10-19 05:00:00+00:00,106877.984375,3897.31982421875
2025-10-19 06:00:00+00:00,106776.4921875,3880.92236328125
2025-10-19 07:00:00+00:00,106802.0234375,3887.497802734375
2025-10-19 08:00:00+00:00,106496.453125,3865.230224609375
2025-10-19 09:00:00+00:00,107592.75,3919.671875
2025-10-19 10:00:00+00:00,107853.875,3929.144775390625
2025-10-19 11:00:00+00:00,107820.734375,3926.98388671875
2025-10-19 12:00:00+00:00,107621.125,3924.1396484375
2025-10-19 13:00:00+00:00,108128.6953125,3973.778076171875
2025-10-19 14:00:00+00:00,108495.65625,3991.935546875
2025-10-19 15:00:00+00:00,108495.3125,3980.513427734375
2025-10-19 16:00:00+00:00,108720.609375,3985.701416015625
2025-10-19 17:00:00+00:00,109133.390625,3993.802978515625
2025-10-19 18:00:00+00:00,109455.9375,4002.93017578125
2025-10-19 19:00:00+00:00,108965.1953125,3986.938232421875
2025-10-19 20:00:00+00:00,108923.40625,3999.673095703125
2025-10-19 21:00:00+00:00,108805.9765625,3998.5322265625
2025-10-19 22:00:00+00:00,109194.921875,4023.26171875
2025-10-19 23:00:00+00:00,108663.375,3984.696044921875
2025-10-20 00:00:00+00:00,108022.6171875,3942.94091796875
2025-10-20 01:00:00+00:00,108120.875,3941.04150390625
2025-10-20 02:00:00+00:00,108810.671875,3958.493896484375
2025-10-20 03:00:00+00:00,110211.2109375,4029.8046875
2025-10-20 04:00:00+00:00,110477.8046875,4049.400146484375
2025-10-20 05:00:00+00:00,111010.6796875,4061.733642578125
2025-10-20 06:00:00+00:00,111347.203125,4079.137451171875
2025-10-20 07:00:00+00:00,111211.859375,4055.55078125
2025-10-20 08:00:00+00:00,111160.59375,4047.449951171875
2025-10-20 09:00:00+00:00,111013.484375,4045.239990234375
2025-10-20 10:00:00+00:00,110781.109375,4026.938720703125
2025-10-20 11:00:00+00:00,111014.3671875,4036.2939453125
2025-10-20 12:00:00+00:00,110879.1015625,4034.993408203125
2025-10-20 13:00:00+00:00,111196.8671875,4040.6962890625
2025-10-20 14:00:00+00:00,111302.25,4040.900146484375
2025-10-20 15:00:00+00:00,111300.4921875,4011.400634765625
2025-10-20 16:00:00+00:00,110734.921875,3955.037109375
2025-10-20 17:00:00+00:00,110303.84375,3951.656005859375
2025-10-20 18:00:00+00:00,110949.5625,3973.252197265625
2025-10-20 19:00:00+00:00,110878.4609375,3990.828125
2025-10-20 20:00:00+00:00,111036.640625,3995.93212890625
2025-10-20 21:00:00+00:00,110566.5234375,3976.138427734375
2025-10-20 22:00:00+00:00,110838.828125,3989.680908203125
2025-10-20 23:00:00+00:00,110588.9296875,3980.76025390625
2025-10-21 00:00:00+00:00,110516.6796875,3975.06494140625
2025-10-21 01:00:00+00:00,109839.125,3948.083251953125
2025-10-21 02:00:00+00:00,109525.609375,3934.187255859375
2025-10-21 03:00:00+00:00,109181.9453125,3924.989990234375
2025-10-21 04:00:00+00:00,107843.015625,3849.84619140625
2025-10-21 05:00:00+00:00,107571.828125,3864.382080078125
2025-10-21 06:00:00+00:00,107968.515625,3888.756103515625
2025-10-21 07:00:00+00:00,108122.0234375,3895.13134765625
2025-10-21 08:00:00+00:00,107783.546875,3871.4716796875
2025-10-21 09:00:00+00:00,107769.9609375,3863.55126953125
2025-10-21 10:00:00+00:00,108611.6796875,3889.059814453125
2025-10-21 11:00:00+00:00,108604.484375,3892.85009765625
2025-10-21 12:00:00+00:00,108920.34375,3889.614013671875
2025-10-21 13:00:00+00:00,108404.0703125,3865.50390625
2025-10-21 14:00:00+00:00,112040.71875,4010.455322265625
2025-10-21 15:00:00+00:00,113351.0390625,4076.379150390625
2025-10-21 16:00:00+00:00,112841.3984375,4049.04052734375
2025-10-21 17:00:00+00:00,112099.3125,4015.36767578125
2025-10-21 18:00:00+00:00,112030.90625,4015.12939453125
2025-10-21 19:00:00+00:00,111920.5234375,4006.872802734375
2025-10-21 20:00:00+00:00,110983.859375,3958.8173828125
2025-10-21 21:00:00+00:00,110947.3515625,3950.17578125
2025-10-21 22:00:00+00:00,109067.3828125,3902.07080078125
2025-10-21 23:00:00+00:00,108491.53125,3877.363037109375
2025-10-22 00:00:00+00:00,108117.6953125,3845.657470703125
2025-10-22 01:00:00+00:00,108429.015625,3874.443603515625
2025-10-22 02:00:00+00:00,108344.375,3868.191650390625
2025-10-22 03:00:00+00:00,108249.3671875,3860.0224609375
2025-10-22 04:00:00+00:00,108652.3046875,3880.961181640625
2025-10-22 05:00:00+00:00,108213.625,3865.006103515625
2025-10-22 06:00:00+00:00,108066.21875,3861.5048828125
2025-10-22 07:00:00+00:00,108344.0,3874.717041015625
2025-10-22 08:00:00+00:00,108288.5078125,3856.19189453125
2025-10-22 09:00:00+00:00,108006.6171875,3837.60888671875
2025-10-22 10:00:00+00:00,107698.8125,3824.8916015625
2025-10-22 11:00:00+00:00,107582.3359375,3829.652099609375
2025-10-22 12:00:00+00:00,108066.890625,3847.796630859375
2025-10-22 13:00:00+00:00,108915.3203125,3873.487060546875
2025-10-22 14:00:00+00:00,108796.15625,3838.373046875
2025-10-22 15:00:00+00:00,108365.640625,3839.478759765625
2025-10-22 16:00:00+00:00,108415.078125,3847.102294921875
2025-10-22 17:00:00+00:00,107781.3125,3806.895751953125
2025-10-22 18:00:00+00:00,107978.9296875,3801.382080078125
2025-10-22 19:00:00+00:00,107788.953125,3790.938720703125
2025-10-22 20:00:00+00:00,107658.9375,3777.7880859375
2025-10-22 21:00:00+00:00,107200.1015625,3745.43798828125
2025-10-22 22:00:00+00:00,107207.0,3753.179931640625
2025-10-22 23:00:00+00:00,107679.4375,3808.0849609375
2025-10-23 00:00:00+00:00,107881.53125,3816.42529296875
2025-10-23 01:00:00+00:00,108196.21875,3822.96240234375
2025-10-23 02:00:00+00:00,108371.84375,3824.346923828125
2025-10-23 03:00:00+00:00,108404.8828125,3827.740234375
2025-10-23 04:00:00+00:00,108748.9296875,3839.029296875
2025-10-23 05:00:00+00:00,108999.0859375,3849.180419921875
2025-10-23 06:00:00+00:00,110241.6484375,3891.714111328125
2025-10-23 07:00:00+00:00,109303.3203125,3882.191162109375
2025-10-23 08:00:00+00:00,109511.3515625,3888.408447265625
2025-10-23 09:00:00+00:00,109459.484375,3889.581298828125
2025-10-23 10:00:00+00:00,109508.765625,3879.868408203125
2025-10-23 11:00:00+00:00,109244.2265625,3865.1259765625
2025-10-23 12:00:00+00:00,109109.53125,3847.218994140625
2025-10-23 13:00:00+00:00,109432.5390625,3848.21337890625
2025-10-23 14:00:00+00:00,109597.703125,3846.1328125
2025-10-23 15:00:00+00:00,109981.8828125,3880.73388671875
2025-10-23 16:00:00+00:00,110312.9921875,3918.541015625
2025-10-23 17:00:00+00:00,111233.1875,3921.4755859375
2025-10-23 18:00:00+00:00,110589.453125,3872.552978515625
2025-10-23 19:00:00+00:00,110331.484375,3861.78857421875
2025-10-23 20:00:00+00:00,109521.6171875,3825.923583984375
2025-10-23 21:00:00+00:00,109584.6328125,3830.116455078125
2025-10-23 22:00:00+00:00,110011.953125,3852.555419921875
2025-10-23 23:00:00+00:00,110069.3515625,3856.033203125
2025-10-24 00:00:00+00:00,110572.96875,3871.899658203125
2025-10-24 01:00:00+00:00,110628.7578125,3882.678466796875
2025-10-24 02:00:00+00:00,110714.453125,3893.66259765625
2025-10-24 03:00:00+00:00,110477.9296875,3892.102783203125
2025-10-24 04:00:00+00:00,111240.5234375,3974.389404296875
2025-10-24 05:00:00+00:00,111293.5859375,3974.1259765625
2025-10-24 06:00:00+00:00,111496.4921875,3986.44091796875
2025-10-24 07:00:00+00:00,111111.8203125,3949.83447265625
2025-10-24 08:00:00+00:00,111116.984375,3953.80419921875
2025-10-24 09:00:00+00:00,111325.984375,3957.97607421875
2025-10-24 10:00:00+00:00,111185.1953125,3957.938232421875
2025-10-24 11:00:00+00:00,111063.3984375,3946.091796875
2025-10-24 12:00:00+00:00,111312.21875,3965.16064453125
2025-10-24 13:00:00+00:00,110897.4765625,3944.710693359375
2025-10-24 14:00:00+00:00,110167.1171875,3903.999755859375
2025-10-24 15:00:00+00:00,110044.8046875,3887.985107421875
2025-10-24 16:00:00+00:00,110277.1015625,3886.486083984375
2025-10-24 17:00:00+00:00,110281.2734375,3891.283935546875
2025-10-24 18:00:00+00:00,110640.734375,3913.2236328125
2025-10-24 19:00:00+00:00,110626.46875,3930.730224609375
2025-10-24 20:00:00+00:00,110871.09375,3938.538330078125
2025-10-24 21:00:00+00:00,111121.0234375,3943.424072265625
2025-10-24 22:00:00+00:00,111079.984375,3937.739990234375
2025-10-24 23:00:00+00:00,111032.6171875,3934.489990234375
2025-10-25 00:00:00+00:00,110744.3671875,3917.661865234375
2025-10-25 01:00:00+00:00,111050.875,3932.008056640625
2025-10-25 02:00:00+00:00,111086.2578125,3935.509521484375
2025-10-25 03:00:00+00:00,111074.65625,3923.227783203125
2025-10-25 04:00:00+00:00,111298.0,3925.285400390625
2025-10-25 05:00:00+00:00,111360.046875,3931.313720703125
2025-10-25 06:00:00+00:00,111397.140625,3930.2890625
2025-10-25 07:00:00+00:00,111519.5625,3929.38623046875
2025-10-25 08:00:00+00:00,111785.328125,3953.049560546875
2025-10-25 09:00:00+00:00,111543.375,3943.35107421875
2025-10-25 10:00:00+00:00,111633.953125,3943.9697265625
2025-10-25 11:00:00+00:00,111606.1484375,3942.275634765625
2025-10-25 12:00:00+00:00,111934.421875,3953.38671875
2025-10-25 13:00:00+00:00,111678.609375,3943.755859375
2025-10-25 14:00:00+00:00,111602.8203125,3938.564453125
2025-10-25 15:00:00+00:00,111404.171875,3932.770263671875
2025-10-25 16:00:00+00:00,111374.140625,3933.208740234375
2025-10-25 17:00:00+00:00,111370.890625,3935.12060546875
2025-10-25 18:00:00+00:00,111696.421875,3957.169189453125
2025-10-25 19:00:00+00:00,111622.515625,3957.267578125
2025-10-25 20:00:00+00:00,111498.390625,3950.6650390625
2025-10-25 21:00:00+00:00,111447.46875,3951.76806640625
2025-10-25 22:00:00+00:00,111667.625,3964.139404296875
2025-10-25 23:00:00+00:00,111639.0546875,3953.437255859375
2025-10-26 00:00:00+00:00,111745.9296875,3951.9423828125
2025-10-26 01:00:00+00:00,111635.015625,3932.5283203125
2025-10-26 02:00:00+00:00,111474.84375,3930.649658203125
2025-10-26 03:00:00+00:00,111288.1171875,3930.213134765625
2025-10-26 04:00:00+00:00,111439.109375,3940.391357421875
2025-10-26 05:00:00+00:00,111629.78125,3944.61865234375
2025-10-26 06:00:00+00:00,111630.1640625,3944.913818359375
2025-10-26 07:00:00+00:00,111718.9140625,3951.6923828125
2025-10-26 08:00:00+00:00,111797.9609375,3959.87451171875
2025-10-26 09:00:00+00:00,112464.703125,3986.047607421875
2025-10-26 10:00:00+00:00,112450.4296875,3984.21533203125
2025-10-26 11:00:00+00:00,113275.234375,4042.337646484375
2025-10-26 12:00:00+00:00,113605.4921875,4075.40283203125
2025-10-26 13:00:00+00:00,113723.4375,4083.60400390625
2025-10-26 14:00:00+00:00,113575.6796875,4068.016357421875
2025-10-26 15:00:00+00:00,113693.71875,4074.94482421875
2025-10-26 16:00:00+00:00,113549.6640625,4055.320068359375
2025-10-26 17:00:00+00:00,113460.6171875,4061.39599609375
2025-10-26 18:00:00+00:00,113628.78125,4072.52490234375
2025-10-26 19:00:00+00:00,113562.71875,4066.576904296875
2025-10-26 20:00:00+00:00,113416.015625,4065.94482421875
2025-10-26 21:00:00+00:00,113439.9296875,4080.3330078125
2025-10-26 22:00:00+00:00,114670.8125,4162.23486328125
2025-10-26 23:00:00+00:00,114479.8515625,4158.0107421875
2025-10-27 00:00:00+00:00,114819.1953125,4173.220703125
2025-10-27 01:00:00+00:00,115296.9296875,4192.46875
2025-10-27 02:00:00+00:00,114903.3046875,4205.38037109375
2025-10-27 03:00:00+00:00,114961.671875,4204.732421875
2025-10-27 04:00:00+00:00,115244.3671875,4214.39990234375
2025-10-27 05:00:00+00:00,115572.5703125,4235.30615234375
2025-10-27 06:00:00+00:00,116070.2890625,4237.99609375
2025-10-27 07:00:00+00:00,115579.359375,4201.58935546875
2025-10-27 08:00:00+00:00,114994.0078125,4167.208984375
2025-10-27 09:00:00+00:00,115263.0703125,4159.744140625
2025-10-27 10:00:00+00:00,115418.3359375,4166.4287109375
2025-10-27 11:00:00+00:00,115418.453125,4160.78173828125
2025-10-27 12:00:00+00:00,115054.4921875,4145.4736328125
2025-10-27 13:00:00+00:00,115250.796875,4177.3466796875
2025-10-27 14:00:00+00:00,114802.1484375,4149.7060546875
2025-10-27 15:00:00+00:00,114995.8984375,4173.80615234375
2025-10-27 16:00:00+00:00,115558.9765625,4216.46484375
2025-10-27 17:00:00+00:00,115664.40625,4221.9970703125
2025-10-27 18:00:00+00:00,115362.6640625,4216.5283203125
2025-10-27 19:00:00+00:00,114914.3359375,4198.751953125
2025-10-27 20:00:00+00:00,114515.8828125,4132.85595703125
2025-10-27 21:00:00+00:00,114447.4921875,4123.521484375
2025-10-27 22:00:00+00:00,114117.0390625,4121.3828125
2025-10-27 23:00:00+00:00,114129.0859375,4120.27490234375
2025-10-28 00:00:00+00:00,113948.3828125,4114.2734375
2025-10-28 01:00:00+00:00,114451.5078125,4137.5419921875
2025-10-28 02:00:00+00:00,113950.7734375,4099.310546875
2025-10-28 03:00:00+00:00,113933.46875,4094.6533203125
2025-10-28 04:00:00+00:00,113977.6953125,4102.0166015625
2025-10-28 05:00:00+00:00,113621.7578125,4071.482666015625
2025-10-28 06:00:00+00:00,114099.1640625,4110.359375
2025-10-28 07:00:00+00:00,114215.25,4117.55029296875
2025-10-28 08:00:00+00:00,114413.9140625,4124.59716796875
2025-10-28 09:00:00+00:00,114516.875,4123.8193359375
2025-10-28 10:00:00+00:00,114590.4375,4117.89794921875
2025-10-28 11:00:00+00:00,114347.1484375,4112.60009765625
2025-10-28 12:00:00+00:00,114469.5859375,4124.029296875
2025-10-28 13:00:00+00:00,115442.03125,4154.7119140625
2025-10-28 14:00:00+00:00,115080.40625,4117.91650390625
2025-10-28 15:00:00+00:00,114707.984375,4096.6904296875
2025-10-28 16:00:00+00:00,115371.1484375,4136.05322265625
2025-10-28 17:00:00+00:00,115325.6796875,4140.3623046875
2025-10-28 18:00:00+00:00,114936.515625,4112.25927734375
2025-10-28 19:00:00+00:00,113635.1953125,4037.332275390625
2025-10-28 20:00:00+00:00,112863.7890625,3983.831298828125
2025-10-28 21:00:00+00:00,113085.8359375,3985.0166015625
2025-10-28 22:00:00+00:00,113239.0625,3996.514892578125
2025-10-28 23:00:00+00:00,112921.328125,3980.759033203125
2025-10-29 00:00:00+00:00,112545.453125,3977.175537109375
2025-10-29 01:00:00+00:00,112573.2578125,3987.258544921875
2025-10-29 02:00:00+00:00,112685.484375,4004.26611328125
2025-10-29 03:00:00+00:00,112539.2265625,3998.709716796875
2025-10-29 04:00:00+00:00,112838.28125,4015.853515625
2025-10-29 05:00:00+00:00,113103.8046875,4029.145263671875
2025-10-29 06:00:00+00:00,113326.2578125,4026.980224609375
2025-10-29 07:00:00+00:00,113547.703125,4025.2666015625
2025-10-29 08:00:00+00:00,113060.796875,4007.660888671875
2025-10-29 09:00:00+00:00,113024.09375,3999.82080078125
2025-10-29 10:00:00+00:00,112900.0390625,3993.1748046875
2025-10-29 11:00:00+00:00,113180.046875,4013.831298828125
2025-10-29 12:00:00+00:00,113172.9453125,4014.908935546875
2025-10-29 13:00:00+00:00,112935.28125,3995.384033203125
2025-10-29 14:00:00+00:00,112419.6640625,3984.6640625
2025-10-29 15:00:00+00:00,111546.140625,3951.52294921875
2025-10-29 16:00:00+00:00,111172.6796875,3962.061767578125
2025-10-29 17:00:00+00:00,111786.96875,4004.189208984375
2025-10-29 18:00:00+00:00,111056.453125,3932.01513671875
2025-10-29 19:00:00+00:00,110716.0859375,3919.483154296875
2025-10-29 20:00:00+00:00,111433.90625,3950.333740234375
2025-10-29 21:00:00+00:00,111599.0546875,3955.43115234375
2025-10-29 22:00:00+00:00,111040.59375,3940.56103515625
2025-10-29 23:00:00+00:00,110059.1953125,3903.322509765625
2025-10-30 00:00:00+00:00,110551.328125,3922.44921875
2025-10-30 01:00:00+00:00,110631.609375,3930.337158203125
2025-10-30 02:00:00+00:00,110958.75,3946.2724609375
2025-10-30 03:00:00+00:00,110646.21875,3932.51416015625
2025-10-30 04:00:00+00:00,108786.546875,3885.909423828125
2025-10-30 05:00:00+00:00,110406.9609375,3920.6220703125
2025-10-30 06:00:00+00:00,110831.015625,3918.732421875
2025-10-30 07:00:00+00:00,111356.84375,3938.55419921875
2025-10-30 08:00:00+00:00,110736.3359375,3921.33447265625
2025-10-30 09:00:00+00:00,110231.8828125,3901.403076171875
2025-10-30 10:00:00+00:00,110105.015625,3893.03857421875
2025-10-30 11:00:00+00:00,109796.4765625,3884.29931640625
2025-10-30 12:00:00+00:00,108398.953125,3817.34716796875
2025-10-30 13:00:00+00:00,107788.15625,3776.612548828125
2025-10-30 14:00:00+00:00,108323.9296875,3804.497314453125
2025-10-30 15:00:00+00:00,107748.8828125,3773.662109375
2025-10-30 16:00:00+00:00,108065.9296875,3778.37451171875
2025-10-30 17:00:00+00:00,107450.15625,3766.479248046875
2025-10-30 18:00:00+00:00,106886.4296875,3722.87890625
2025-10-30 19:00:00+00:00,106452.8984375,3697.20849609375
2025-10-30 20:00:00+00:00,107514.5546875,3753.60888671875
2025-10-30 21:00:00+00:00,107900.6015625,3770.48291015625
2025-10-30 22:00:00+00:00,107880.90625,3781.726318359375
2025-10-30 23:00:00+00:00,108304.4140625,3805.082763671875
2025-10-31 00:00:00+00:00,109392.8515625,3834.486083984375
2025-10-31 01:00:00+00:00,109559.5859375,3844.2265625
2025-10-31 02:00:00+00:00,108804.484375,3819.152099609375
2025-10-31 03:00:00+00:00,109224.1875,3826.723876953125
2025-10-31 04:00:00+00:00,110130.75,3864.265625
2025-10-31 05:00:00+00:00,109878.9140625,3849.47265625
2025-10-31 06:00:00+00:00,109610.796875,3827.734130859375
2025-10-31 07:00:00+00:00,109461.15625,3830.000732421875
2025-10-31 08:00:00+00:00,110014.4375,3850.359619140625
2025-10-31 09:00:00+00:00,109821.1796875,3841.526611328125
2025-10-31 10:00:00+00:00,109788.859375,3834.01904296875
2025-10-31 11:00:00+00:00,110351.1171875,3876.438720703125
2025-10-31 12:00:00+00:00,109612.984375,3837.739013671875
2025-10-31 13:00:00+00:00,110095.3515625,3856.013427734375
2025-10-31 14:00:00+00:00,110795.875,3867.89453125
2025-10-31 15:00:00+00:00,110160.484375,3860.70068359375
2025-10-31 16:00:00+00:00,108753.390625,3816.763671875
2025-10-31 17:00:00+00:00,109226.5078125,3825.093994140625
2025-10-31 18:00:00+00:00,109316.3203125,3848.00244140625
2025-10-31 19:00:00+00:00,109818.265625,3888.06103515625
2025-10-31 20:00:00+00:00,109426.515625,3859.50830078125
2025-10-31 21:00:00+00:00,109532.765625,3859.4501953125
2025-10-31 22:00:00+00:00,109581.5546875,3856.044921875
2025-10-31 23:00:00+00:00,109558.625,3847.17138671875
2025-11-01 00:00:00+00:00,109681.0078125,3846.476318359375
2025-11-01 01:00:00+00:00,109722.546875,3843.00341796875
2025-11-01 02:00:00+00:00,109754.1640625,3851.706298828125
2025-11-01 03:00:00+00:00,110170.6484375,3859.515380859375
2025-11-01 04:00:00+00:00,110236.9453125,3864.367919921875
2025-11-01 05:00:00+00:00,110056.4140625,3853.19384765625
2025-11-01 06:00:00+00:00,109945.1953125,3856.294677734375
2025-11-01 07:00:00+00:00,110013.703125,3859.033203125
2025-11-01 08:00:00+00:00,110157.546875,3875.1982421875
2025-11-01 09:00:00+00:00,109939.71875,3873.739501953125
2025-11-01 10:00:00+00:00,110055.15625,3874.005615234375
2025-11-01 11:00:00+00:00,110065.5,3874.35791015625
2025-11-01 12:00:00+00:00,109993.09375,3875.21484375
2025-11-01 13:00:00+00:00,109898.7890625,3868.27197265625
2025-11-01 14:00:00+00:00,109889.7109375,3869.662353515625
2025-11-01 15:00:00+00:00,110190.203125,3892.53076171875
2025-11-01 16:00:00+00:00,110508.953125,3895.214599609375
2025-11-01 17:00:00+00:00,110280.65625,3868.47412109375
2025-11-01 18:00:00+00:00,110415.6171875,3882.388916015625
2025-11-01 19:00:00+00:00,110383.53125,3882.515625
2025-11-01 20:00:00+00:00,110494.8828125,3884.897705078125
2025-11-01 21:00:00+00:00,109895.546875,3868.934814453125
2025-11-01 22:00:00+00:00,110056.7265625,3873.080078125
2025-11-01 23:00:00+00:00,110064.4296875,3873.894287109375
2025-11-02 00:00:00+00:00,109915.125,3864.8125
2025-11-02 01:00:00+00:00,109935.140625,3869.195556640625
2025-11-02 02:00:00+00:00,109995.2265625,3879.767333984375
2025-11-02 03:00:00+00:00,109994.1796875,3879.48681640625
2025-11-02 04:00:00+00:00,110666.9921875,3907.47509765625
2025-11-02 05:00:00+00:00,110493.890625,3901.509765625
2025-11-02 06:00:00+00:00,110636.0703125,3901.6044921875
2025-11-02 07:00:00+00:00,110886.0078125,3906.432861328125
2025-11-02 08:00:00+00:00,110754.9921875,3892.71044921875
2025-11-02 09:00:00+00:00,110665.265625,3872.55517578125
2025-11-02 10:00:00+00:00,110400.8359375,3859.780029296875
2025-11-02 11:00:00+00:00,111113.234375,3891.484375
2025-11-02 12:00:00+00:00,110778.109375,3876.93505859375
2025-11-02 13:00:00+00:00,110529.6328125,3868.052490234375
2025-11-02 14:00:00+00:00,110398.4765625,3852.437744140625
2025-11-02 15:00:00+00:00,110125.2421875,3854.30810546875
2025-11-02 16:00:00+00:00,110122.578125,3863.435791015625
2025-11-02 17:00:00+00:00,110153.3203125,3856.595703125
2025-11-02 18:00:00+00:00,110268.265625,3863.703125
2025-11-02 19:00:00+00:00,110172.5859375,3854.608642578125
2025-11-02 20:00:00+00:00,110063.5234375,3858.269775390625
2025-11-02 21:00:00+00:00,110011.9609375,3863.724853515625
2025-11-02 22:00:00+00:00,109798.46875,3851.144287109375
2025-11-02 23:00:00+00:00,110646.90625,3911.747802734375
2025-11-03 00:00:00+00:00,109835.9921875,3865.8310546875
2025-11-03 01:00:00+00:00,109632.1640625,3837.1611328125
2025-11-03 02:00:00+00:00,109011.6796875,3798.53125
2025-11-03 03:00:00+00:00,108007.796875,3736.251220703125
2025-11-03 04:00:00+00:00,107852.1171875,3744.332275390625
2025-11-03 05:00:00+00:00,107577.953125,3730.635986328125
2025-11-03 06:00:00+00:00,107538.0234375,3716.34375
2025-11-03 07:00:00+00:00,107652.0625,3716.040283203125
2025-11-03 08:00:00+00:00,107483.8359375,3712.57177734375
2025-11-03 09:00:00+00:00,107120.5859375,3699.886474609375
2025-11-03 10:00:00+00:00,107132.890625,3694.179931640625
2025-11-03 11:00:00+00:00,107782.328125,3710.9306640625
2025-11-03 12:00:00+00:00,107775.34375,3709.408447265625
2025-11-03 13:00:00+00:00,107873.296875,3719.35009765625
2025-11-03 14:00:00+00:00,107995.9296875,3730.89794921875
2025-11-03 15:00:00+00:00,105821.1953125,3595.17236328125
2025-11-03 16:00:00+00:00,106717.328125,3622.400634765625
2025-11-03 17:00:00+00:00,107464.046875,3666.619140625
2025-11-03 18:00:00+00:00,106961.703125,3634.034912109375
2025-11-03 19:00:00+00:00,107110.515625,3636.433837890625
2025-11-03 20:00:00+00:00,106418.59375,3570.228271484375
2025-11-03 21:00:00+00:00,106819.1875,3595.64111328125
2025-11-03 22:00:00+00:00,106397.515625,3588.8671875
2025-11-03 23:00:00+00:00,106541.421875,3602.040771484375
2025-11-04 00:00:00+00:00,106391.3203125,3613.873779296875
2025-11-04 01:00:00+00:00,107041.5625,3643.8623046875
2025-11-04 02:00:00+00:00,106514.5546875,3628.216796875
2025-11-04 03:00:00+00:00,107136.75,3644.5517578125
2025-11-04 04:00:00+00:00,106749.953125,3624.9072265625
2025-11-04 05:00:00+00:00,104219.1484375,3495.6318359375
2025-11-04 06:00:00+00:00,104629.3125,3505.156005859375
2025-11-04 07:00:00+00:00,104495.375,3491.6337890625
2025-11-04 08:00:00+00:00,104000.140625,3492.3544921875
2025-11-04 09:00:00+00:00,103899.796875,3490.321044921875
2025-11-04 10:00:00+00:00,103777.453125,3481.20947265625
2025-11-04 11:00:00+00:00,104541.5859375,3520.77783203125
2025-11-04 12:00:00+00:00,103943.203125,3509.623779296875
2025-11-04 13:00:00+00:00,103901.125,3508.7333984375
2025-11-04 14:00:00+00:00,104435.875,3550.884765625
2025-11-04 15:00:00+00:00,103363.5625,3509.26123046875
2025-11-04 16:00:00+00:00,102204.0078125,3430.169921875
2025-11-04 17:00:00+00:00,101085.3125,3365.7353515625
2025-11-04 18:00:00+00:00,101419.1640625,3311.585693359375
2025-11-04 19:00:00+00:00,100452.5,3229.2294921875
2025-11-04 20:00:00+00:00,100638.90625,3191.137451171875
2025-11-04 21:00:00+00:00,100164.46875,3199.28125
2025-11-04 22:00:00+00:00,101071.25,3230.855224609375
2025-11-04 23:00:00+00:00,101579.234375,3292.148193359375
2025-11-05 00:00:00+00:00,100587.90625,3243.5107421875
2025-11-05 01:00:00+00:00,100911.65625,3249.018798828125
2025-11-05 02:00:00+00:00,101697.1484375,3323.84423828125
2025-11-05 03:00:00+00:00,102118.2734375,3338.155517578125
2025-11-05 04:00:00+00:00,101941.546875,3328.085205078125
2025-11-05 05:00:00+00:00,101781.5234375,3326.207275390625
2025-11-05 06:00:00+00:00,102110.515625,3333.302490234375
2025-11-05 07:00:00+00:00,102066.140625,3333.4599609375
2025-11-05 08:00:00+00:00,101742.4296875,3302.252197265625
2025-11-05 09:00:00+00:00,101974.6796875,3308.3125
2025-11-05 10:00:00+00:00,101418.46875,3279.635009765625
2025-11-05 11:00:00+00:00,101998.875,3320.062744140625
2025-11-05 12:00:00+00:00,102623.484375,3341.975830078125
2025-11-05 13:00:00+00:00,102965.234375,3361.716796875
2025-11-05 14:00:00+00:00,103150.4140625,3346.173095703125
2025-11-05 15:00:00+00:00,103686.015625,3395.467041015625
2025-11-05 16:00:00+00:00,103905.546875,3429.08203125
2025-11-05 17:00:00+00:00,103827.5,3434.059326171875
2025-11-05 18:00:00+00:00,104308.3203125,3467.344482421875
2025-11-05 19:00:00+00:00,104103.484375,3455.6884765625
2025-11-05 20:00:00+00:00,103851.6015625,3443.884521484375
2025-11-05 21:00:00+00:00,103672.265625,3445.18701171875
2025-11-05 22:00:00+00:00,103765.9921875,3426.4775390625
2025-11-05 23:00:00+00:00,103893.6640625,3425.361083984375
2025-11-06 00:00:00+00:00,103671.828125,3407.18359375
2025-11-06 01:00:00+00:00,103418.59375,3406.969970703125
2025-11-06 02:00:00+00:00,103464.6796875,3424.89013671875
2025-11-06 03:00:00+00:00,103681.921875,3435.755859375
2025-11-06 04:00:00+00:00,103931.5703125,3451.134033203125
2025-11-06 05:00:00+00:00,103115.7734375,3385.464599609375
2025-11-06 06:00:00+00:00,103317.15625,3388.539306640625
2025-11-06 07:00:00+00:00,103235.3984375,3383.316162109375
2025-11-06 08:00:00+00:00,103262.78125,3385.353759765625
2025-11-06 09:00:00+00:00,102905.7734375,3385.931640625
2025-11-06 10:00:00+00:00,103148.328125,3395.773681640625
2025-11-06 11:00:00+00:00,103199.3515625,3399.187255859375
2025-11-06 12:00:00+00:00,102542.484375,3353.165283203125
2025-11-06 13:00:00+00:00,103256.4609375,3390.07568359375
2025-11-06 14:00:00+00:00,102043.2421875,3325.143310546875
2025-11-06 15:00:00+00:00,101944.7265625,3296.601318359375
2025-11-06 16:00:00+00:00,100851.34375,3276.97021484375
2025-11-06 17:00:00+00:00,101682.4296875,3328.898193359375
2025-11-06 18:00:00+00:00,101700.34375,3326.644287109375
2025-11-06 19:00:00+00:00,101487.046875,3327.221435546875
2025-11-06 20:00:00+00:00,100936.9921875,3299.549560546875
2025-11-06 21:00:00+00:00,101066.046875,3326.412109375
2025-11-06 22:00:00+00:00,101395.9140625,3317.8515625
2025-11-06 23:00:00+00:00,101286.2421875,3312.029296875
2025-11-07 00:00:00+00:00,101510.03125,3324.57568359375
2025-11-07 01:00:00+00:00,101432.9921875,3318.777099609375
2025-11-07 02:00:00+00:00,101808.0859375,3343.28662109375
2025-11-07 03:00:00+00:00,101893.6640625,3344.905029296875
2025-11-07 04:00:00+00:00,101953.234375,3336.027587890625
2025-11-07 05:00:00+00:00,102368.59375,3364.84716796875
2025-11-07 06:00:00+00:00,101857.8828125,3347.6513671875
2025-11-07 07:00:00+00:00,101970.90625,3355.695556640625
2025-11-07 08:00:00+00:00,101472.078125,3338.078125
2025-11-07 09:00:00+00:00,100892.0546875,3297.3671875
2025-11-07 10:00:00+00:00,100705.59375,3277.983154296875
2025-11-07 11:00:00+00:00,100313.25,3259.854248046875
2025-11-07 12:00:00+00:00,99586.625,3219.33349609375
2025-11-07 13:00:00+00:00,100249.6875,3236.01953125
2025-11-07 14:00:00+00:00,100710.0,3288.08154296875
2025-11-07 15:00:00+00:00,100866.7578125,3299.50927734375
2025-11-07 16:00:00+00:00,100971.84375,3296.201904296875
2025-11-07 17:00:00+00:00,102289.4296875,3381.328857421875
2025-11-07 18:00:00+00:00,102604.1640625,3426.135986328125
2025-11-07 19:00:00+00:00,103244.1796875,3439.323486328125
2025-11-07 20:00:00+00:00,103746.3515625,3466.880859375
2025-11-07 21:00:00+00:00,103814.828125,3466.58203125
2025-11-07 22:00:00+00:00,103746.078125,3449.404296875
2025-11-07 23:00:00+00:00,103373.3671875,3434.73876953125
2025-11-08 00:00:00+00:00,102696.0078125,3424.11376953125
2025-11-08 01:00:00+00:00,102935.203125,3432.053466796875
2025-11-08 02:00:00+00:00,102831.546875,3441.741943359375
2025-11-08 03:00:00+00:00,102600.0390625,3456.8759765625
2025-11-08 04:00:00+00:00,102474.8046875,3458.97802734375
2025-11-08 05:00:00+00:00,102293.1640625,3433.501953125
2025-11-08 06:00:00+00:00,102182.0859375,3442.48095703125
2025-11-08 07:00:00+00:00,102301.4140625,3446.47412109375
2025-11-08 08:00:00+00:00,102421.28125,3455.675537109375
2025-11-08 09:00:00+00:00,102347.8046875,3439.528076171875
2025-11-08 10:00:00+00:00,102504.71875,3446.245361328125
2025-11-08 11:00:00+00:00,101775.734375,3409.3642578125
2025-11-08 12:00:00+00:00,101972.8515625,3406.812744140625
2025-11-08 13:00:00+00:00,101922.296875,3401.460693359375
2025-11-08 14:00:00+00:00,101829.4296875,3399.92529296875
2025-11-08 15:00:00+00:00,101637.4375,3375.08203125
2025-11-08 16:00:00+00:00,101747.3984375,3361.808349609375
2025-11-08 17:00:00+00:00,101963.703125,3397.443603515625
2025-11-08 18:00:00+00:00,102201.7421875,3403.709716796875
2025-11-08 19:00:00+00:00,101920.5546875,3387.519775390625
2025-11-08 20:00:00+00:00,102022.8046875,3398.392822265625
2025-11-08 21:00:00+00:00,102261.375,3405.580078125
2025-11-08 22:00:00+00:00,102375.125,3407.80419921875
2025-11-08 23:00:00+00:00,102278.984375,3400.0986328125
2025-11-09 00:00:00+00:00,101766.984375,3382.023193359375
2025-11-09 01:00:00+00:00,102041.6796875,3398.75439453125
2025-11-09 02:00:00+00:00,101616.46875,3367.342041015625
2025-11-09 03:00:00+00:00,101650.90625,3374.71630859375
2025-11-09 04:00:00+00:00,101702.1015625,3373.442626953125
2025-11-09 05:00:00+00:00,101884.125,3403.564453125
2025-11-09 06:00:00+00:00,101699.9375,3402.36767578125
2025-11-09 07:00:00+00:00,101885.4609375,3419.8525390625
2025-11-09 08:00:00+00:00,101939.59375,3416.322021484375
2025-11-09 09:00:00+00:00,101657.390625,3400.81640625
2025-11-09 10:00:00+00:00,101826.2734375,3397.910400390625
2025-11-09 11:00:00+00:00,102188.7109375,3425.9326171875
2025-11-09 12:00:00+00:00,102055.9140625,3441.387939453125
2025-11-09 13:00:00+00:00,102877.796875,3458.255126953125
2025-11-09 14:00:00+00:00,102975.3828125,3507.7294921875
2025-11-09 15:00:00+00:00,103758.5078125,3515.8251953125
2025-11-09 16:00:00+00:00,103818.515625,3527.665771484375
2025-11-09 17:00:00+00:00,103601.1953125,3515.12841796875
2025-11-09 18:00:00+00:00,104487.046875,3541.388671875
2025-11-09 19:00:00+00:00,104786.1875,3576.349365234375
2025-11-09 20:00:00+00:00,104588.6171875,3577.31689453125
2025-11-09 21:00:00+00:00,104523.21875,3577.788330078125
2025-11-09 22:00:00+00:00,104688.78125,3588.640625
2025-11-09 23:00:00+00:00,104723.7734375,3583.44482421875
2025-11-10 00:00:00+00:00,106373.5703125,3643.124755859375
2025-11-10 01:00:00+00:00,105757.2109375,3630.012939453125
2025-11-10 02:00:00+00:00,105904.9609375,3623.3330078125
2025-11-10 03:00:00+00:00,106007.0859375,3628.20068359375
2025-11-10 04:00:00+00:00,106187.7421875,3618.394775390625
2025-11-10 05:00:00+00:00,106085.9609375,3603.594482421875
2025-11-10 06:00:00+00:00,106233.1796875,3606.459228515625
2025-11-10 07:00:00+00:00,106421.890625,3607.684814453125
2025-11-10 08:00:00+00:00,105923.7734375,3592.38330078125
2025-11-10 09:00:00+00:00,106386.796875,3622.248779296875
2025-11-10 10:00:00+00:00,106005.2890625,3605.629638671875
2025-11-10 11:00:00+00:00,106184.1953125,3610.255859375
2025-11-10 12:00:00+00:00,105925.8203125,3590.891357421875
2025-11-10 13:00:00+00:00,106535.1328125,3616.864013671875
2025-11-10 14:00:00+00:00,104951.7890625,3543.414794921875
2025-11-10 15:00:00+00:00,104979.7734375,3515.566650390625
2025-11-10 16:00:00+00:00,105167.859375,3530.30859375
2025-11-10 17:00:00+00:00,105847.9609375,3547.1953125
2025-11-10 18:00:00+00:00,105577.453125,3538.4873046875
2025-11-10 19:00:00+00:00,105806.75,3558.46728515625
2025-11-10 20:00:00+00:00,105895.2890625,3566.732421875
2025-11-10 21:00:00+00:00,105504.109375,3538.114501953125
2025-11-10 22:00:00+00:00,105965.234375,3575.3173828125
2025-11-10 23:00:00+00:00,105996.859375,3568.47265625
2025-11-11 00:00:00+00:00,106081.7578125,3587.0625
2025-11-11 01:00:00+00:00,106045.328125,3577.85205078125
2025-11-11 02:00:00+00:00,106548.7734375,3611.311279296875
2025-11-11 03:00:00+00:00,106437.6015625,3605.49267578125
2025-11-11 04:00:00+00:00,105695.9296875,3573.427001953125
2025-11-11 05:00:00+00:00,105264.28125,3551.2080078125
2025-11-11 06:00:00+00:00,105235.625,3556.13427734375
2025-11-11 07:00:00+00:00,104788.7109375,3547.294189453125
2025-11-11 08:00:00+00:00,105133.015625,3562.25732421875
2025-11-11 09:00:00+00:00,104920.53125,3554.192138671875
2025-11-11 10:00:00+00:00,105095.609375,3557.636474609375
2025-11-11 11:00:00+00:00,105250.3203125,3571.820556640625
2025-11-11 12:00:00+00:00,104469.0625,3543.8515625
2025-11-11 13:00:00+00:00,104389.6875,3530.8818359375
2025-11-11 14:00:00+00:00,104515.828125,3524.88916015625
2025-11-11 15:00:00+00:00,103478.7421875,3483.1572265625
2025-11-11 16:00:00+00:00,103389.1171875,3485.942138671875
2025-11-11 17:00:00+00:00,103355.859375,3473.864990234375
2025-11-11 18:00:00+00:00,103397.5390625,3469.62158203125
2025-11-11 19:00:00+00:00,103111.40625,3456.182373046875
2025-11-11 20:00:00+00:00,102809.6015625,3443.712890625
2025-11-11 21:00:00+00:00,102681.2265625,3419.234619140625
2025-11-11 22:00:00+00:00,102972.3203125,3430.5830078125
2025-11-11 23:00:00+00:00,103011.4375,3415.7958984375
2025-11-12 00:00:00+00:00,102940.546875,3421.25732421875
2025-11-12 01:00:00+00:00,103197.296875,3445.613525390625
2025-11-12 02:00:00+00:00,103117.40625,3425.094970703125
2025-11-12 03:00:00+00:00,103262.40625,3439.15234375
2025-11-12 04:00:00+00:00,103222.21875,3442.375
2025-11-12 05:00:00+00:00,103345.4921875,3448.009033203125
2025-11-12 06:00:00+00:00,103345.796875,3441.705810546875
2025-11-12 07:00:00+00:00,103086.46875,3426.74951171875
2025-11-12 08:00:00+00:00,104125.4140625,3469.412353515625
2025-11-12 09:00:00+00:00,104490.3515625,3483.205810546875
2025-11-12 10:00:00+00:00,104879.21875,3531.867919921875
2025-11-12 11:00:00+00:00,105011.9765625,3548.453369140625
2025-11-12 12:00:00+00:00,105015.890625,3552.48486328125
2025-11-12 13:00:00+00:00,105016.4453125,3576.586181640625
2025-11-12 14:00:00+00:00,103953.8203125,3497.756103515625
2025-11-12 15:00:00+00:00,102100.9453125,3421.65087890625
2025-11-12 16:00:00+00:00,101450.7890625,3397.359619140625
2025-11-12 17:00:00+00:00,101761.6171875,3433.04736328125
2025-11-12 18:00:00+00:00,101577.359375,3426.51708984375
2025-11-12 19:00:00+00:00,101276.109375,3409.5224609375
2025-11-12 20:00:00+00:00,101512.3671875,3410.8779296875
2025-11-12 21:00:00+00:00,101850.125,3421.421630859375
2025-11-12 22:00:00+00:00,101944.15625,3419.552978515625
2025-11-12 23:00:00+00:00,101674.1484375,3412.994873046875
2025-11-13 00:00:00+00:00,101831.203125,3410.7392578125
2025-11-13 01:00:00+00:00,102002.3984375,3424.12890625
2025-11-13 02:00:00+00:00,102056.3984375,3433.512939453125
2025-11-13 03:00:00+00:00,102291.65625,3458.204345703125
2025-11-13 04:00:00+00:00,102140.96875,3484.64794921875
2025-11-13 05:00:00+00:00,103261.578125,3532.48046875
2025-11-13 06:00:00+00:00,103599.8046875,3546.39599609375
2025-11-13 07:00:00+00:00,103443.328125,3536.339111328125
2025-11-13 08:00:00+00:00,103692.09375,3526.2509765625
2025-11-13 09:00:00+00:00,102818.9453125,3484.984619140625
2025-11-13 10:00:00+00:00,102932.0703125,3502.776123046875
2025-11-13 11:00:00+00:00,102957.8125,3505.42138671875
2025-11-13 12:00:00+00:00,103139.96875,3502.0615234375
2025-11-13 13:00:00+00:00,102305.640625,3433.81689453125
2025-11-13 14:00:00+00:00,102881.2265625,3447.022216796875
2025-11-13 15:00:00+00:00,101301.1953125,3378.130126953125
2025-11-13 16:00:00+00:00,100566.234375,3324.9833984375
2025-11-13 17:00:00+00:00,99718.5859375,3258.418701171875
2025-11-13 18:00:00+00:00,98686.3671875,3219.66943359375
2025-11-13 19:00:00+00:00,98650.9921875,3195.705322265625
2025-11-13 20:00:00+00:00,98099.3203125,3166.738037109375
2025-11-13 21:00:00+00:00,98778.46875,3181.223388671875
2025-11-13 22:00:00+00:00,99760.3359375,3226.063232421875
2025-11-13 23:00:00+00:00,99694.703125,3232.295166015625
2025-11-14 00:00:00+00:00,98842.765625,3192.815185546875
2025-11-14 01:00:00+00:00,99199.328125,3206.308837890625
2025-11-14 02:00:00+00:00,99609.0625,3235.944091796875
2025-11-14 03:00:00+00:00,99087.3515625,3224.06298828125
2025-11-14 04:00:00+00:00,97772.7109375,3159.133056640625
2025-11-14 05:00:00+00:00,97466.3203125,3191.824951171875
2025-11-14 06:00:00+00:00,97249.4140625,3202.84228515625
2025-11-14 07:00:00+00:00,97102.8359375,3210.89697265625
2025-11-14 08:00:00+00:00,97375.03125,3207.499755859375
2025-11-14 09:00:00+00:00,96830.8046875,3157.17041015625
2025-11-14 10:00:00+00:00,96725.859375,3175.76220703125
2025-11-14 11:00:00+00:00,96073.0625,3135.835693359375
2025-11-14 12:00:00+00:00,95309.578125,3128.340576171875
2025-11-14 13:00:00+00:00,95097.0390625,3117.367919921875
2025-11-14 14:00:00+00:00,96388.0078125,3196.43115234375
2025-11-14 15:00:00+00:00,96787.4140625,3193.513916015625
2025-11-14 16:00:00+00:00,97009.90625,3231.78271484375
2025-11-14 17:00:00+00:00,95912.78125,3181.281494140625
2025-11-14 18:00:00+00:00,95129.7421875,3164.2080078125
2025-11-14 19:00:00+00:00,95615.3046875,3202.70166015625
2025-11-14 20:00:00+00:00,94260.015625,3131.158203125
2025-11-14 21:00:00+00:00,95006.015625,3167.4404296875
2025-11-14 22:00:00+00:00,95019.3359375,3154.783447265625
2025-11-14 23:00:00+00:00,94420.46875,3104.230224609375
2025-11-15 00:00:00+00:00,95022.5390625,3138.640380859375
2025-11-15 01:00:00+00:00,95574.4296875,3170.555419921875
2025-11-15 02:00:00+00:00,96241.234375,3187.737548828125
2025-11-15 03:00:00+00:00,96333.921875,3176.78955078125
2025-11-15 04:00:00+00:00,96067.6796875,3169.624755859375
2025-11-15 05:00:00+00:00,96261.109375,3177.7060546875
2025-11-15 06:00:00+00:00,96075.21875,3172.580810546875
2025-11-15 07:00:00+00:00,96275.25,3174.74267578125
2025-11-15 08:00:00+00:00,95836.65625,3142.177001953125
2025-11-15 09:00:00+00:00,95783.796875,3149.62158203125
2025-11-15 10:00:00+00:00,95912.6171875,3167.22998046875
2025-11-15 11:00:00+00:00,95620.6328125,3148.61572265625
2025-11-15 12:00:00+00:00,95719.859375,3159.84912109375
2025-11-15 13:00:00+00:00,96270.3984375,3189.8583984375
2025-11-15 14:00:00+00:00,96163.390625,3176.34912109375
2025-11-15 15:00:00+00:00,96280.296875,3187.3046875
2025-11-15 16:00:00+00:00,96059.578125,3183.699462890625
2025-11-15 17:00:00+00:00,96131.8359375,3212.8330078125
2025-11-15 18:00:00+00:00,95954.25,3203.53759765625
2025-11-15 19:00:00+00:00,95983.578125,3196.466796875
2025-11-15 20:00:00+00:00,95168.140625,3171.149658203125
2025-11-15 21:00:00+00:00,95201.5,3156.231201171875
2025-11-15 22:00:00+00:00,95560.59375,3168.455810546875
2025-11-15 23:00:00+00:00,95549.1484375,3166.63134765625
2025-11-16 00:00:00+00:00,95422.9765625,3155.823974609375
2025-11-16 01:00:00+00:00,95327.6875,3151.107421875
2025-11-16 02:00:00+00:00,95843.078125,3196.34130859375
2025-11-16 03:00:00+00:00,95667.8828125,3196.732421875
2025-11-16 04:00:00+00:00,95742.78125,3190.571044921875
2025-11-16 05:00:00+00:00,95851.6328125,3203.681640625
2025-11-16 06:00:00+00:00,95723.9765625,3199.117431640625
2025-11-16 07:00:00+00:00,96000.0078125,3216.9619140625
2025-11-16 08:00:00+00:00,96028.09375,3216.02392578125
2025-11-16 09:00:00+00:00,96468.6484375,3240.58935546875
2025-11-16 10:00:00+00:00,96376.3671875,3233.5234375
2025-11-16 11:00:00+00:00,95574.21875,3166.63916015625
2025-11-16 12:00:00+00:00,95667.859375,3164.74072265625
2025-11-16 13:00:00+00:00,95365.7578125,3151.8525390625
2025-11-16 14:00:00+00:00,95503.1171875,3171.623291015625
2025-11-16 15:00:00+00:00,94386.3828125,3102.21923828125
2025-11-16 16:00:00+00:00,94121.1015625,3058.309814453125
2025-11-16 17:00:00+00:00,94097.2109375,3054.99609375
2025-11-16 18:00:00+00:00,93961.3984375,3056.373291015625
2025-11-16 19:00:00+00:00,93939.0625,3089.027587890625
2025-11-16 20:00:00+00:00,94173.046875,3092.473876953125
2025-11-16 21:00:00+00:00,93437.6328125,3070.062744140625
2025-11-16 22:00:00+00:00,94327.28125,3093.6103515625
2025-11-16 23:00:00+00:00,94180.875,3092.941650390625
2025-11-17 00:00:00+00:00,95293.7890625,3136.841552734375
2025-11-17 01:00:00+00:00,94749.1640625,3116.080810546875
2025-11-17 02:00:00+00:00,94907.4296875,3145.179443359375
2025-11-17 03:00:00+00:00,95390.0078125,3174.244873046875
2025-11-17 04:00:00+00:00,95072.109375,3181.91943359375
2025-11-17 05:00:00+00:00,95061.1015625,3187.764892578125
2025-11-21 10:00:00+00:00,82639.7578125,2694.650390625
2025-11-21 11:00:00+00:00,82228.7734375,2684.168701171875
2025-11-21 12:00:00+00:00,83142.9765625,2724.9462890625
2025-11-21 13:00:00+00:00,84121.7734375,2748.024169921875
2025-11-21 14:00:00+00:00,85038.8671875,2772.9755859375
2025-11-21 15:00:00+00:00,82816.7109375,2698.911865234375
2025-11-21 16:00:00+00:00,84550.140625,2751.427734375
2025-11-21 17:00:00+00:00,84845.890625,2781.9765625
2025-11-21 18:00:00+00:00,84544.875,2775.74658203125
2025-11-21 19:00:00+00:00,84153.5390625,2747.584716796875
2025-11-21 20:00:00+00:00,84495.0546875,2740.98046875
2025-11-21 21:00:00+00:00,85096.375,2763.3828125
2025-11-21 22:00:00+00:00,84316.1171875,2724.0361328125
2025-11-21 23:00:00+00:00,85098.5625,2766.090576171875
2025-11-22 00:00:00+00:00,84689.8203125,2763.852783203125
2025-11-22 01:00:00+00:00,85016.9296875,2771.1806640625
2025-11-22 02:00:00+00:00,84422.21875,2748.87744140625
2025-11-22 03:00:00+00:00,84406.234375,2752.71875
2025-11-22 04:00:00+00:00,84163.640625,2743.969970703125
2025-11-22 05:00:00+00:00,84237.21875,2742.264892578125
2025-11-22 06:00:00+00:00,84592.625,2763.939697265625
2025-11-22 07:00:00+00:00,84518.515625,2755.850830078125
2025-11-22 08:00:00+00:00,83982.5,2728.72412109375
2025-11-22 09:00:00+00:00,83837.984375,2723.717041015625
2025-11-22 10:00:00+00:00,83703.1484375,2711.694091796875
2025-11-22 11:00:00+00:00,84135.640625,2736.41259765625
2025-11-22 12:00:00+00:00,83850.5078125,2719.3525390625
2025-11-22 13:00:00+00:00,83890.1796875,2717.2177734375
2025-11-22 14:00:00+00:00,84453.5234375,2744.125732421875
2025-11-22 15:00:00+00:00,84197.09375,2733.659912109375
2025-11-22 16:00:00+00:00,84682.390625,2755.2099609375
2025-11-22 17:00:00+00:00,84558.4453125,2749.591064453125
2025-11-22 18:00:00+00:00,84575.7734375,2750.421875
2025-11-22 19:00:00+00:00,84608.5,2750.5361328125
2025-11-22 20:00:00+00:00,84397.015625,2738.89794921875
2025-11-22 21:00:00+00:00,84363.34375,2746.206298828125
2025-11-22 22:00:00+00:00,85102.5703125,2791.1884765625
2025-11-22 23:00:00+00:00,84648.609375,2767.594970703125
2025-11-23 00:00:00+00:00,84893.2890625,2770.107421875
2025-11-23 01:00:00+00:00,85791.6328125,2805.62841796875
2025-11-23 02:00:00+00:00,85992.9140625,2821.20068359375
2025-11-23 03:00:00+00:00,86194.265625,2822.2333984375
2025-11-23 04:00:00+00:00,86569.7265625,2826.422607421875
2025-11-23 05:00:00+00:00,86254.1328125,2823.236328125
2025-11-23 06:00:00+00:00,85881.9921875,2810.615478515625
2025-11-23 07:00:00+00:00,85691.453125,2790.99658203125
2025-11-23 08:00:00+00:00,86129.15625,2812.387451171875
2025-11-23 09:00:00+00:00,86353.421875,2815.572509765625
2025-11-23 10:00:00+00:00,86053.359375,2807.94482421875
2025-11-23 11:00:00+00:00,86244.078125,2814.15576171875
2025-11-23 12:00:00+00:00,86491.4765625,2832.979736328125
2025-11-23 13:00:00+00:00,86870.15625,2842.40576171875
2025-11-23 14:00:00+00:00,86516.9921875,2813.54150390625
2025-11-23 15:00:00+00:00,87098.9296875,2836.0595703125
2025-11-23 16:00:00+00:00,86721.734375,2804.361083984375
2025-11-23 17:00:00+00:00,86721.8203125,2792.041259765625
2025-11-23 18:00:00+00:00,86961.15625,2807.40283203125
2025-11-23 19:00:00+00:00,87326.5,2821.284423828125
2025-11-23 20:00:00+00:00,87410.640625,2827.44873046875
2025-11-23 21:00:00+00:00,87973.9453125,2842.478759765625
2025-11-23 22:00:00+00:00,87961.4375,2837.707275390625
2025-11-23 23:00:00+00:00,86798.7734375,2801.204345703125
2025-11-24 00:00:00+00:00,86694.1328125,2787.32861328125
2025-11-24 01:00:00+00:00,87013.015625,2804.32470703125
2025-11-24 02:00:00+00:00,87414.140625,2834.97509765625
2025-11-24 03:00:00+00:00,87344.1484375,2855.31494140625
2025-11-24 04:00:00+00:00,86691.2734375,2823.19482421875
2025-11-24 05:00:00+00:00,87377.5546875,2865.507568359375
2025-11-24 06:00:00+00:00,86920.609375,2838.02490234375
2025-11-24 07:00:00+00:00,86977.4453125,2828.856689453125
2025-11-24 08:00:00+00:00,86957.0703125,2839.25048828125
2025-11-24 09:00:00+00:00,85968.671875,2795.93603515625
2025-11-24 10:00:00+00:00,86053.9140625,2800.450927734375
2025-11-24 11:00:00+00:00,86265.734375,2802.713623046875
2025-11-24 12:00:00+00:00,85928.125,2801.256103515625
2025-11-24 13:00:00+00:00,86084.2734375,2814.89208984375
2025-11-24 14:00:00+00:00,85833.9765625,2818.13232421875
2025-11-24 15:00:00+00:00,86539.2578125,2845.48828125
2025-11-24 16:00:00+00:00,87185.5703125,2858.790283203125
2025-11-24 17:00:00+00:00,88394.140625,2940.797119140625
2025-11-24 18:00:00+00:00,88674.8671875,2955.9921875
2025-11-24 19:00:00+00:00,88234.0546875,2956.63330078125
2025-11-24 20:00:00+00:00,89143.7421875,2972.150390625
2025-11-24 21:00:00+00:00,88823.078125,2962.524658203125
2025-11-24 22:00:00+00:00,88699.21875,2959.748291015625
2025-11-24 23:00:00+00:00,88261.2578125,2952.893798828125
2025-11-25 00:00:00+00:00,88089.46875,2943.245361328125
2025-11-25 01:00:00+00:00,87766.8203125,2922.273681640625
2025-11-25 02:00:00+00:00,87853.6953125,2929.8037109375
2025-11-25 03:00:00+00:00,87768.859375,2911.357666015625
2025-11-25 04:00:00+00:00,88335.015625,2938.1103515625
2025-11-25 05:00:00+00:00,88097.0546875,2930.2666015625
2025-11-25 06:00:00+00:00,87993.71875,2923.3876953125
2025-11-25 07:00:00+00:00,87381.484375,2903.74755859375
2025-11-25 08:00:00+00:00,87035.765625,2872.800537109375
2025-11-25 09:00:00+00:00,87217.9609375,2892.69580078125
2025-11-25 10:00:00+00:00,87393.8984375,2897.941162109375
2025-11-25 11:00:00+00:00,87364.375,2890.612060546875
2025-11-25 12:00:00+00:00,87508.140625,2927.90576171875
2025-11-25 13:00:00+00:00,87005.359375,2904.84765625
2025-11-25 14:00:00+00:00,86611.1171875,2878.192626953125
2025-11-25 15:00:00+00:00,86947.859375,2895.80615234375
2025-11-25 16:00:00+00:00,87068.2578125,2928.67138671875
2025-11-25 17:00:00+00:00,87681.09375,2938.575439453125
2025-11-25 18:00:00+00:00,87241.4765625,2925.1923828125
2025-11-25 19:00:00+00:00,86819.25,2919.510986328125
2025-11-25 20:00:00+00:00,87396.9609375,2932.856201171875
2025-11-25 21:00:00+00:00,87000.9296875,2931.692626953125
2025-11-25 22:00:00+00:00,87610.3671875,2970.983642578125
2025-11-25 23:00:00+00:00,87345.5859375,2958.32958984375
2025-11-26 00:00:00+00:00,87512.875,2952.063232421875
2025-11-26 01:00:00+00:00,87894.0234375,2967.261474609375
2025-11-26 02:00:00+00:00,87663.3984375,2956.58056640625
2025-11-26 03:00:00+00:00,87063.0546875,2925.748291015625
2025-11-26 04:00:00+00:00,87211.8671875,2931.12548828125
2025-11-26 05:00:00+00:00,87491.5703125,2943.123779296875
2025-11-26 06:00:00+00:00,87802.03125,2945.927734375
2025-11-26 07:00:00+00:00,87920.1640625,2943.4169921875
2025-11-26 08:00:00+00:00,87393.8359375,2912.47900390625
2025-11-26 09:00:00+00:00,86794.1015625,2903.5087890625
2025-11-26 10:00:00+00:00,86918.8359375,2913.236083984375
2025-11-26 11:00:00+00:00,87031.1640625,2913.123779296875
2025-11-26 12:00:00+00:00,86642.9453125,2901.829345703125
2025-11-26 13:00:00+00:00,87023.5078125,2930.133056640625
2025-11-26 14:00:00+00:00,86955.6640625,2916.41455078125
2025-11-26 15:00:00+00:00,86897.2265625,2915.413330078125
2025-11-26 16:00:00+00:00,87812.828125,2948.372802734375
2025-11-26 17:00:00+00:00,89942.109375,3031.84912109375
2025-11-26 18:00:00+00:00,90073.109375,3030.6416015625
2025-11-26 19:00:00+00:00,89989.7578125,3034.3837890625
2025-11-26 20:00:00+00:00,89914.125,3027.087646484375
2025-11-26 21:00:00+00:00,90179.109375,3021.7685546875
2025-11-26 22:00:00+00:00,90426.59375,3028.6953125
2025-11-26 23:00:00+00:00,90517.765625,3027.799072265625
2025-11-27 00:00:00+00:00,90478.5390625,3036.401123046875
2025-11-27 01:00:00+00:00,91038.1484375,3053.510009765625
2025-11-27 02:00:00+00:00,91397.8046875,3039.39208984375
2025-11-27 03:00:00+00:00,91161.3984375,3035.059814453125
2025-11-27 04:00:00+00:00,91257.5078125,3040.48583984375
2025-11-27 05:00:00+00:00,90965.2890625,3023.138671875
2025-11-27 06:00:00+00:00,91245.71875,3028.08642578125
2025-11-27 07:00:00+00:00,91395.1015625,3032.37744140625
2025-11-27 08:00:00+00:00,91493.4140625,3027.620361328125
2025-11-27 09:00:00+00:00,91553.3984375,3028.236328125
2025-11-27 10:00:00+00:00,91618.234375,3034.391845703125
2025-11-27 11:00:00+00:00,91386.90625,3029.345947265625
2025-11-27 12:00:00+00:00,90975.6484375,2991.128662109375
2025-11-27 13:00:00+00:00,90935.609375,2997.914306640625
2025-11-27 14:00:00+00:00,90803.4921875,2997.71435546875
2025-11-27 15:00:00+00:00,90959.4765625,3011.693359375
2025-11-27 16:00:00+00:00,91455.765625,3021.23486328125
2025-11-27 17:00:00+00:00,91477.421875,3019.778564453125
2025-11-27 18:00:00+00:00,91792.296875,3037.21240234375
2025-11-27 19:00:00+00:00,91537.890625,3030.842041015625
2025-11-27 20:00:00+00:00,91456.75,3040.041259765625
2025-11-27 21:00:00+00:00,91438.140625,3034.123291015625
2025-11-27 22:00:00+00:00,91304.4765625,3011.15625
2025-11-27 23:00:00+00:00,91287.6015625,3014.33984375
2025-11-28 00:00:00+00:00,91178.859375,3013.465087890625
2025-11-28 01:00:00+00:00,90850.5234375,2998.197021484375
2025-11-28 02:00:00+00:00,91082.8515625,3012.35791015625
2025-11-28 03:00:00+00:00,91204.703125,3008.968994140625
2025-11-28 04:00:00+00:00,91430.71875,3017.430419921875
2025-11-28 05:00:00+00:00,91636.9921875,3024.009033203125
2025-11-28 06:00:00+00:00,91317.1484375,3010.49951171875
2025-11-28 07:00:00+00:00,90895.9609375,3001.2919921875
2025-11-28 08:00:00+00:00,91590.015625,3059.117919921875
2025-11-28 09:00:00+00:00,91530.359375,3052.491455078125
2025-11-28 10:00:00+00:00,91805.6953125,3060.909912109375
2025-11-28 11:00:00+00:00,91456.0078125,3035.582763671875
2025-11-28 12:00:00+00:00,91491.28125,3036.215576171875
2025-11-28 13:00:00+00:00,92181.015625,3071.347412109375
2025-11-28 14:00:00+00:00,92148.7578125,3063.505126953125
2025-11-28 15:00:00+00:00,92350.546875,3071.97412109375
2025-11-28 16:00:00+00:00,90971.75,3027.197265625
2025-11-28 17:00:00+00:00,90789.7578125,3042.28955078125
2025-11-28 18:00:00+00:00,90754.46875,3036.165771484375
2025-11-28 19:00:00+00:00,91164.7421875,3049.270263671875
2025-11-28 20:00:00+00:00,91190.1015625,3057.491455078125
2025-11-28 21:00:00+00:00,91001.5859375,3039.39208984375
2025-11-28 22:00:00+00:00,90939.7265625,3031.787841796875
2025-11-29 19:00:00+00:00,90761.2890625,2994.651123046875
2025-12-01 07:00:00+00:00,86533.8359375,2840.8212890625
2025-12-01 08:00:00+00:00,86847.7734375,2837.451416015625
2025-12-01 09:00:00+00:00,86716.6953125,2837.206298828125
2025-12-01 10:00:00+00:00,86638.0703125,2843.794677734375
2025-12-01 11:00:00+00:00,86227.578125,2838.10107421875
2025-12-01 12:00:00+00:00,85484.3046875,2824.828369140625
2025-12-01 13:00:00+00:00,86006.6015625,2813.280029296875
2025-12-01 14:00:00+00:00,86161.53125,2820.794189453125
2025-12-01 15:00:00+00:00,84637.1953125,2745.124755859375
2025-12-01 16:00:00+00:00,84513.078125,2727.2998046875
2025-12-01 17:00:00+00:00,84953.6953125,2740.53515625
2025-12-01 18:00:00+00:00,85179.3203125,2750.69140625
2025-12-01 19:00:00+00:00,85033.78125,2741.840087890625
2025-12-01 20:00:00+00:00,85469.125,2759.0234375
2025-12-01 21:00:00+00:00,86425.0703125,2791.376220703125
2025-12-01 22:00:00+00:00,86648.2578125,2804.059814453125
2025-12-01 23:00:00+00:00,86322.5390625,2800.22314453125
2025-12-02 00:00:00+00:00,86503.796875,2793.928955078125
2025-12-02 01:00:00+00:00,86440.8515625,2794.955810546875
2025-12-02 02:00:00+00:00,86583.1953125,2801.76708984375
2025-12-02 03:00:00+00:00,86956.0703125,2805.17919921875
2025-12-02 04:00:00+00:00,86970.6328125,2805.421875
2025-12-02 05:00:00+00:00,86997.5390625,2803.21630859375
2025-12-02 06:00:00+00:00,87106.515625,2812.518798828125
2025-12-02 07:00:00+00:00,87032.6953125,2806.109130859375
2025-12-02 08:00:00+00:00,86408.96875,2796.31884765625
2025-12-02 09:00:00+00:00,86742.0703125,2798.404052734375
2025-12-02 10:00:00+00:00,87301.625,2824.21240234375
2025-12-02 11:00:00+00:00,87395.390625,2825.385986328125
2025-12-02 12:00:00+00:00,87250.3671875,2826.507568359375
2025-12-02 13:00:00+00:00,87841.1953125,2846.7626953125
2025-12-02 14:00:00+00:00,89157.0625,2894.904541015625
2025-12-02 15:00:00+00:00,90948.328125,3007.5693359375
2025-12-02 16:00:00+00:00,90902.4296875,3000.716796875
2025-12-02 17:00:00+00:00,91497.4296875,3017.021484375
2025-12-02 18:00:00+00:00,91862.984375,3011.564453125
2025-12-02 19:00:00+00:00,91951.6484375,3017.18115234375
2025-12-02 20:00:00+00:00,91046.8828125,2980.772705078125
2025-12-02 21:00:00+00:00,91613.0,2997.55908203125
2025-12-02 22:00:00+00:00,92003.703125,3016.778076171875
2025-12-02 23:00:00+00:00,91345.09375,2997.801513671875
2025-12-03 00:00:00+00:00,91588.7421875,3004.88623046875
2025-12-03 01:00:00+00:00,92189.578125,3015.27978515625
2025-12-03 02:00:00+00:00,92814.484375,3031.430908203125
2025-12-03 03:00:00+00:00,92738.0703125,3033.501220703125
2025-12-03 04:00:00+00:00,93418.109375,3058.2607421875
2025-12-03 05:00:00+00:00,93640.78125,3061.177978515625
2025-12-03 06:00:00+00:00,93420.2109375,3066.90576171875
2025-12-03 07:00:00+00:00,93009.0,3058.793212890625
2025-12-03 08:00:00+00:00,92728.46875,3050.54638671875
2025-12-03 09:00:00+00:00,93182.9296875,3062.902587890625
2025-12-03 10:00:00+00:00,92928.59375,3054.577392578125
2025-12-03 11:00:00+00:00,93030.828125,3073.554931640625
2025-12-03 12:00:00+00:00,92976.1953125,3082.928955078125
2025-12-03 13:00:00+00:00,93145.3984375,3090.047607421875
2025-12-03 14:00:00+00:00,92663.9140625,3088.6318359375
2025-12-03 15:00:00+00:00,92391.71875,3082.69287109375
2025-12-03 16:00:00+00:00,92271.6875,3087.22314453125
2025-12-03 17:00:00+00:00,93017.203125,3130.495361328125
2025-12-03 18:00:00+00:00,92572.125,3115.517578125
2025-12-03 19:00:00+00:00,93015.546875,3128.0009765625
2025-12-03 20:00:00+00:00,92913.59375,3133.645263671875
2025-12-03 21:00:00+00:00,93679.609375,3163.685546875
2025-12-03 22:00:00+00:00,93818.34375,3190.623046875
2025-12-03 23:00:00+00:00,93454.2578125,3188.343505859375
2025-12-04 00:00:00+00:00,93090.1171875,3199.0556640625
2025-12-04 01:00:00+00:00,93202.7578125,3203.313232421875
2025-12-04 02:00:00+00:00,93982.4140625,3225.00439453125
2025-12-04 03:00:00+00:00,93546.546875,3210.0927734375
2025-12-04 04:00:00+00:00,93326.0859375,3191.09423828125
2025-12-04 05:00:00+00:00,92989.1953125,3184.292724609375
2025-12-04 06:00:00+00:00,93149.25,3205.9189453125
2025-12-04 07:00:00+00:00,93395.09375,3191.25927734375
2025-12-04 08:00:00+00:00,93218.3046875,3182.040283203125
2025-12-04 09:00:00+00:00,93494.8828125,3201.419921875
2025-12-04 10:00:00+00:00,93264.0234375,3188.583740234375
2025-12-04 11:00:00+00:00,92943.4375,3186.099853515625
2025-12-04 12:00:00+00:00,93040.796875,3177.583984375
2025-12-04 13:00:00+00:00,92558.546875,3173.017822265625
2025-12-04 14:00:00+00:00,91918.953125,3145.820556640625
2025-12-04 15:00:00+00:00,93007.4921875,3212.66650390625
2025-12-04 16:00:00+00:00,92479.0625,3170.672607421875
2025-12-04 17:00:00+00:00,92425.2890625,3161.08544921875
2025-12-04 18:00:00+00:00,92071.109375,3139.613525390625
2025-12-04 19:00:00+00:00,92028.8671875,3121.95068359375
2025-12-04 20:00:00+00:00,92529.390625,3141.748291015625
2025-12-04 21:00:00+00:00,92172.4453125,3123.33349609375
2025-12-04 22:00:00+00:00,92419.203125,3145.234375
2025-12-04 23:00:00+00:00,92133.6484375,3134.357421875
2025-12-05 00:00:00+00:00,92292.671875,3147.989990234375
2025-12-05 01:00:00+00:00,92387.2578125,3164.63330078125
2025-12-05 02:00:00+00:00,92544.34375,3183.436767578125
2025-12-05 03:00:00+00:00,92150.609375,3170.472412109375
2025-12-05 04:00:00+00:00,92048.828125,3168.634765625
2025-12-05 05:00:00+00:00,91938.3515625,3155.041015625
2025-12-05 06:00:00+00:00,92288.828125,3168.951416015625
2025-12-05 07:00:00+00:00,92246.8359375,3173.807861328125
2025-12-05 08:00:00+00:00,92103.515625,3156.244384765625
2025-12-05 09:00:00+00:00,91147.0546875,3120.89013671875
2025-12-05 10:00:00+00:00,91353.8203125,3139.663818359375
2025-12-05 11:00:00+00:00,91395.03125,3133.16064453125
2025-12-05 12:00:00+00:00,91262.7890625,3129.586181640625
2025-12-05 13:00:00+00:00,90573.9140625,3102.1494140625
2025-12-05 14:00:00+00:00,90270.2109375,3103.056884765625
2025-12-05 15:00:00+00:00,90320.109375,3098.7001953125
2025-12-05 16:00:00+00:00,88878.6875,3037.652587890625
2025-12-05 17:00:00+00:00,89371.1640625,3033.503662109375
2025-12-05 18:00:00+00:00,89003.90625,3008.20556640625
2025-12-05 19:00:00+00:00,89725.2890625,3040.805908203125
2025-12-05 20:00:00+00:00,89336.2421875,3024.014404296875
2025-12-05 21:00:00+00:00,89184.6640625,3019.12109375
2025-12-05 22:00:00+00:00,89297.1875,3028.757080078125
2025-12-05 23:00:00+00:00,89389.359375,3024.487548828125
2025-12-06 00:00:00+00:00,89448.2578125,3027.02001953125
2025-12-06 01:00:00+00:00,89320.0,3027.278076171875
2025-12-06 02:00:00+00:00,89343.7890625,3029.243896484375
2025-12-06 03:00:00+00:00,89709.21875,3040.0185546875
2025-12-06 04:00:00+00:00,89711.7265625,3037.398681640625
2025-12-06 05:00:00+00:00,89628.9765625,3039.677734375
2025-12-06 06:00:00+00:00,89693.375,3039.247314453125
2025-12-06 07:00:00+00:00,89638.171875,3028.919677734375
2025-12-06 08:00:00+00:00,89337.828125,3017.133056640625
2025-12-06 09:00:00+00:00,89629.75,3031.3359375
2025-12-06 10:00:00+00:00,89554.4921875,3032.846435546875
2025-12-06 11:00:00+00:00,89648.8359375,3039.00439453125
2025-12-06 12:00:00+00:00,89604.390625,3032.2724609375
2025-12-06 13:00:00+00:00,89691.0546875,3037.693359375
2025-12-06 14:00:00+00:00,90050.109375,3055.7265625
2025-12-06 15:00:00+00:00,89885.171875,3046.41357421875
2025-12-06 16:00:00+00:00,89733.109375,3053.119873046875
2025-12-06 17:00:00+00:00,89713.203125,3055.349609375
2025-12-06 18:00:00+00:00,89657.1171875,3043.37548828125
2025-12-06 19:00:00+00:00,89433.890625,3031.64990234375
2025-12-06 20:00:00+00:00,89570.984375,3040.871337890625
2025-12-06 21:00:00+00:00,89479.1875,3044.0224609375
2025-12-06 22:00:00+00:00,89326.234375,3043.82177734375
2025-12-06 23:00:00+00:00,89277.8125,3040.17919921875
2025-12-07 00:00:00+00:00,89499.3984375,3046.7470703125
2025-12-07 01:00:00+00:00,89378.28125,3047.244140625
2025-12-07 02:00:00+00:00,89670.8125,3055.543701171875
2025-12-07 03:00:00+00:00,89732.3203125,3054.742431640625
2025-12-07 04:00:00+00:00,89568.5859375,3047.50439453125
2025-12-07 05:00:00+00:00,89535.3203125,3046.503662109375
2025-12-07 06:00:00+00:00,89693.625,3048.8876953125
2025-12-07 07:00:00+00:00,89367.4921875,3037.36083984375
2025-12-07 08:00:00+00:00,89328.65625,3036.233154296875
2025-12-07 09:00:00+00:00,89152.0703125,3031.366943359375
2025-12-07 10:00:00+00:00,89295.9296875,3039.82958984375
2025-12-07 11:00:00+00:00,89199.75,3037.78125
2025-12-07 12:00:00+00:00,89491.4375,3048.7685546875
2025-12-07 13:00:00+00:00,89086.1953125,3033.550537109375
2025-12-07 14:00:00+00:00,88224.4140625,2944.546142578125
2025-12-07 15:00:00+00:00,89498.5859375,3020.612548828125
2025-12-07 16:00:00+00:00,89675.546875,3029.12646484375
2025-12-07 17:00:00+00:00,90995.703125,3114.578125
2025-12-07 18:00:00+00:00,91386.5234375,3130.412353515625
2025-12-07 19:00:00+00:00,91367.9921875,3136.786376953125
2025-12-07 20:00:00+00:00,91456.53125,3142.60498046875
2025-12-07 21:00:00+00:00,90123.9375,3079.352783203125
2025-12-07 22:00:00+00:00,89670.59375,3035.4638671875
2025-12-07 23:00:00+00:00,90424.5859375,3058.16015625
2025-12-08 00:00:00+00:00,90422.671875,3064.425048828125
2025-12-08 01:00:00+00:00,90906.8671875,3098.811279296875
2025-12-08 02:00:00+00:00,91429.0625,3112.21923828125
2025-12-08 03:00:00+00:00,91126.984375,3110.774658203125
2025-12-08 04:00:00+00:00,91271.1640625,3128.414794921875
2025-12-08 05:00:00+00:00,91349.4375,3130.844970703125
2025-12-08 06:00:00+00:00,91454.828125,3131.2783203125
2025-12-08 07:00:00+00:00,91544.1953125,3133.0234375
2025-12-08 08:00:00+00:00,91830.4765625,3142.49267578125
2025-12-08 09:00:00+00:00,91953.1640625,3158.74560546875
2025-12-08 10:00:00+00:00,92147.109375,3160.7001953125
2025-12-08 11:00:00+00:00,92000.78125,3142.73583984375
2025-12-08 12:00:00+00:00,91796.140625,3132.46435546875
2025-12-08 13:00:00+00:00,91429.8359375,3144.3037109375
2025-12-08 14:00:00+00:00,90846.3125,3131.200439453125
2025-12-08 15:00:00+00:00,90054.5625,3105.726318359375
2025-12-08 16:00:00+00:00,89968.3125,3107.271240234375
2025-12-08 17:00:00+00:00,90282.9609375,3124.556640625
2025-12-08 18:00:00+00:00,89760.9296875,3085.74755859375
2025-12-08 19:00:00+00:00,90099.9375,3117.89599609375
2025-12-08 20:00:00+00:00,90736.6796875,3132.939697265625
2025-12-08 21:00:00+00:00,91379.140625,3148.990478515625
2025-12-08 22:00:00+00:00,90793.1796875,3128.982421875
2025-12-08 23:00:00+00:00,90639.703125,3124.942626953125
2025-12-09 00:00:00+00:00,90410.28125,3119.3486328125
2025-12-09 01:00:00+00:00,90081.6171875,3106.744140625
2025-12-09 02:00:00+00:00,90106.9296875,3101.8095703125
2025-12-09 03:00:00+00:00,90435.75,3127.30322265625
2025-12-09 04:00:00+00:00,89945.96875,3107.71044921875
2025-12-09 05:00:00+00:00,89924.875,3108.579833984375
2025-12-09 06:00:00+00:00,90169.5390625,3112.36572265625
2025-12-09 07:00:00+00:00,90480.9765625,3122.6279296875
2025-12-09 08:00:00+00:00,90487.265625,3121.35400390625
2025-12-09 09:00:00+00:00,90156.625,3106.611083984375
2025-12-09 10:00:00+00:00,90231.4296875,3105.581787109375
2025-12-09 11:00:00+00:00,90375.5078125,3119.150146484375
2025-12-09 12:00:00+00:00,90610.328125,3137.72119140625
2025-12-09 13:00:00+00:00,90415.15625,3117.155029296875
2025-12-09 14:00:00+00:00,90243.671875,3113.263916015625
2025-12-09 15:00:00+00:00,92724.46875,3251.046142578125
2025-12-09 16:00:00+00:00,94288.1015625,3370.50634765625
2025-12-09 17:00:00+00:00,93842.578125,3371.166015625
2025-12-09 18:00:00+00:00,93986.015625,3377.643798828125
2025-12-09 19:00:00+00:00,93815.1640625,3359.63623046875
2025-12-09 20:00:00+00:00,93102.7734375,3328.62255859375
2025-12-09 21:00:00+00:00,92697.71875,3302.547607421875
2025-12-09 22:00:00+00:00,92921.28125,3334.795654296875
2025-12-09 23:00:00+00:00,92695.234375,3321.2041015625
2025-12-10 00:00:00+00:00,92166.734375,3309.7099609375
2025-12-10 01:00:00+00:00,92350.9375,3304.4677734375
2025-12-10 02:00:00+00:00,92380.78125,3306.47265625
2025-12-10 03:00:00+00:00,92418.5390625,3309.9404296875
2025-12-10 04:00:00+00:00,92574.15625,3323.865966796875
2025-12-10 05:00:00+00:00,92608.1328125,3323.8701171875
2025-12-10 06:00:00+00:00,92708.0390625,3326.0673828125
2025-12-10 07:00:00+00:00,92733.6328125,3324.6826171875
2025-12-10 08:00:00+00:00,92650.9453125,3324.39892578125
2025-12-10 09:00:00+00:00,92936.8515625,3345.78662109375
2025-12-10 10:00:00+00:00,92388.03125,3319.45849609375
2025-12-10 11:00:00+00:00,92112.546875,3317.935302734375
2025-12-10 12:00:00+00:00,92033.6015625,3326.189208984375
2025-12-10 13:00:00+00:00,92082.21875,3334.7841796875
2025-12-10 14:00:00+00:00,91787.484375,3315.534423828125
2025-12-10 15:00:00+00:00,92012.4921875,3324.817138671875
2025-12-10 16:00:00+00:00,92173.6953125,3351.38916015625
2025-12-10 17:00:00+00:00,92395.203125,3368.726806640625
2025-12-10 18:00:00+00:00,92372.96875,3383.205322265625
2025-12-10 19:00:00+00:00,92979.0546875,3392.02880859375
2025-12-10 20:00:00+00:00,92528.1640625,3354.81494140625
2025-12-10 21:00:00+00:00,92509.34375,3348.7421875
2025-12-10 22:00:00+00:00,92578.71875,3349.62353515625
2025-12-10 23:00:00+00:00,92055.515625,3328.126708984375
2025-12-11 00:00:00+00:00,91422.4609375,3279.1552734375
2025-12-11 01:00:00+00:00,90739.1015625,3255.69580078125
2025-12-11 02:00:00+00:00,90046.1171875,3210.282958984375
2025-12-11 03:00:00+00:00,89905.5078125,3191.49658203125
2025-12-11 04:00:00+00:00,90489.390625,3215.967041015625
2025-12-11 05:00:00+00:00,90317.8984375,3214.044921875
2025-12-11 06:00:00+00:00,90317.0703125,3203.038818359375
2025-12-11 07:00:00+00:00,90258.65625,3201.47802734375
2025-12-11 08:00:00+00:00,90186.234375,3196.509521484375
2025-12-11 09:00:00+00:00,90224.1015625,3197.19580078125
2025-12-11 10:00:00+00:00,90353.875,3198.549072265625
2025-12-11 11:00:00+00:00,90276.5078125,3196.67431640625
2025-12-11 12:00:00+00:00,90130.203125,3199.528076171875
2025-12-11 13:00:00+00:00,90096.8203125,3192.023681640625
2025-12-11 14:00:00+00:00,89595.6015625,3166.3857421875
2025-12-11 15:00:00+00:00,89825.3515625,3180.151123046875
2025-12-11 16:00:00+00:00,89662.6328125,3173.212158203125
2025-12-11 17:00:00+00:00,89994.71875,3183.6806640625
2025-12-11 18:00:00+00:00,90654.0859375,3199.3837890625
2025-12-11 19:00:00+00:00,90834.9921875,3194.64892578125
2025-12-11 20:00:00+00:00,91813.8203125,3226.05029296875
2025-12-11 21:00:00+00:00,92885.890625,3250.107177734375
2025-12-11 22:00:00+00:00,92450.28125,3241.33447265625
2025-12-11 23:00:00+00:00,92513.6640625,3237.025634765625
2025-12-12 00:00:00+00:00,91893.4921875,3201.95263671875
2025-12-12 01:00:00+00:00,92131.1484375,3232.734375
2025-12-12 02:00:00+00:00,92582.3359375,3258.979248046875
2025-12-12 03:00:00+00:00,92317.5390625,3247.02294921875
2025-12-12 04:00:00+00:00,92391.1796875,3248.579833984375
2025-12-12 05:00:00+00:00,92455.7890625,3247.919921875
2025-12-12 06:00:00+00:00,92528.6484375,3254.0361328125
2025-12-12 07:00:00+00:00,92448.7109375,3248.080810546875
2025-12-12 08:00:00+00:00,92301.8671875,3244.049072265625
2025-12-12 09:00:00+00:00,92537.0703125,3253.91650390625
2025-12-12 10:00:00+00:00,92543.1796875,3246.406494140625
2025-12-12 11:00:00+00:00,92395.375,3240.902587890625
2025-12-12 12:00:00+00:00,92402.03125,3247.606689453125
2025-12-12 13:00:00+00:00,92323.40625,3240.78271484375
2025-12-12 14:00:00+00:00,92588.9921875,3236.223876953125
2025-12-12 15:00:00+00:00,89817.984375,3066.207275390625
2025-12-12 16:00:00+00:00,89982.59375,3065.14501953125
2025-12-12 17:00:00+00:00,90056.2265625,3067.398681640625
2025-12-12 18:00:00+00:00,90354.390625,3083.844482421875
2025-12-12 19:00:00+00:00,90169.8515625,3070.733642578125
2025-12-12 20:00:00+00:00,90212.9296875,3077.9365234375
2025-12-12 21:00:00+00:00,90238.5859375,3083.669677734375
2025-12-12 22:00:00+00:00,90334.3203125,3092.587890625
2025-12-12 23:00:00+00:00,90257.796875,3084.129638671875
2025-12-13 00:00:00+00:00,90349.96875,3086.72509765625
2025-12-13 01:00:00+00:00,90206.3203125,3083.322265625
2025-12-13 02:00:00+00:00,90241.2734375,3085.422607421875
2025-12-13 03:00:00+00:00,90344.0859375,3089.718505859375
2025-12-13 04:00:00+00:00,90397.828125,3091.013427734375
2025-12-13 05:00:00+00:00,90351.421875,3089.306884765625
2025-12-13 06:00:00+00:00,90368.75,3094.7265625
2025-12-13 07:00:00+00:00,90350.359375,3095.113525390625
2025-12-13 08:00:00+00:00,90441.3203125,3115.841796875
2025-12-13 09:00:00+00:00,90413.4375,3120.022216796875
2025-12-13 10:00:00+00:00,90581.6640625,3127.29052734375
2025-12-13 11:00:00+00:00,90355.0390625,3119.970458984375
2025-12-13 12:00:00+00:00,90368.203125,3115.149169921875
2025-12-13 13:00:00+00:00,90272.125,3110.202880859375
2025-12-13 14:00:00+00:00,90121.3125,3112.646240234375
2025-12-13 15:00:00+00:00,90119.0390625,3111.19775390625
2025-12-13 16:00:00+00:00,90115.046875,3106.3232421875
2025-12-13 17:00:00+00:00,90065.71875,3100.974365234375
2025-12-13 18:00:00+00:00,90131.875,3101.3818359375
2025-12-13 19:00:00+00:00,90215.390625,3109.46728515625
2025-12-13 20:00:00+00:00,90107.0859375,3103.813720703125
2025-12-13 21:00:00+00:00,90181.5546875,3112.694091796875
2025-12-13 22:00:00+00:00,90113.3125,3112.491943359375
2025-12-13 23:00:00+00:00,90296.4375,3116.743896484375
2025-12-14 00:00:00+00:00,90375.453125,3118.32373046875
2025-12-14 01:00:00+00:00,90319.1015625,3120.6240234375
2025-12-14 02:00:00+00:00,90323.59375,3123.214599609375
2025-12-14 03:00:00+00:00,90272.6171875,3119.804931640625
2025-12-14 04:00:00+00:00,90207.453125,3111.044677734375
2025-12-14 05:00:00+00:00,90218.28125,3112.4873046875
2025-12-14 06:00:00+00:00,90173.15625,3110.545654296875
2025-12-14 07:00:00+00:00,90260.6328125,3115.837158203125
2025-12-14 08:00:00+00:00,90149.5078125,3112.5244140625
2025-12-14 09:00:00+00:00,90039.96875,3109.6884765625
2025-12-14 10:00:00+00:00,89864.765625,3108.2314453125
2025-12-14 11:00:00+00:00,89386.75,3085.380126953125
2025-12-14 12:00:00+00:00,89447.1640625,3099.6337890625
2025-12-14 13:00:00+00:00,89401.4375,3097.07763671875
2025-12-14 14:00:00+00:00,89109.390625,3086.24609375
2025-12-14 15:00:00+00:00,89052.140625,3085.00146484375
2025-12-14 16:00:00+00:00,88704.8515625,3091.1162109375
2025-12-14 17:00:00+00:00,88855.9921875,3086.27734375
2025-12-14 18:00:00+00:00,89028.4609375,3104.09423828125
2025-12-14 19:00:00+00:00,88605.0546875,3091.444091796875
2025-12-14 20:00:00+00:00,88593.5078125,3084.273681640625
2025-12-14 21:00:00+00:00,88473.1015625,3082.303955078125
2025-12-14 22:00:00+00:00,88380.984375,3070.7607421875
2025-12-14 23:00:00+00:00,88171.078125,3060.4814453125
2025-12-15 00:00:00+00:00,88491.96875,3075.90478515625
2025-12-15 01:00:00+00:00,89222.875,3111.84228515625
2025-12-15 02:00:00+00:00,89333.046875,3121.8662109375
2025-12-15 03:00:00+00:00,89300.5546875,3112.11962890625
2025-12-15 04:00:00+00:00,89705.4609375,3125.2060546875
2025-12-15 05:00:00+00:00,89609.96875,3119.753662109375
2025-12-15 06:00:00+00:00,89762.5234375,3137.595703125
2025-12-15 07:00:00+00:00,89765.875,3129.625244140625
2025-12-15 08:00:00+00:00,89798.7578125,3140.456787109375
2025-12-15 09:00:00+00:00,89866.8125,3153.935302734375
2025-12-15 10:00:00+00:00,89862.7734375,3158.367919921875
2025-12-15 11:00:00+00:00,89653.140625,3156.67822265625
2025-12-15 12:00:00+00:00,89702.4375,3157.361328125
2025-12-15 13:00:00+00:00,89452.8984375,3133.573486328125
2025-12-15 14:00:00+00:00,88136.921875,3053.501953125
2025-12-15 15:00:00+00:00,86956.4140625,3005.4951171875
2025-12-15 16:00:00+00:00,86324.3125,2982.13134765625
2025-12-15 17:00:00+00:00,85712.1484375,2934.41015625
2025-12-15 18:00:00+00:00,86227.8515625,2937.370849609375
2025-12-15 19:00:00+00:00,86203.125,2943.849365234375
2025-12-15 20:00:00+00:00,85892.359375,2930.490478515625
2025-12-15 21:00:00+00:00,86236.46875,2943.828125
2025-12-15 22:00:00+00:00,86163.25,2947.885009765625
2025-12-15 23:00:00+00:00,86422.1875,2964.2216796875
2025-12-16 00:00:00+00:00,85874.703125,2945.362060546875
2025-12-16 01:00:00+00:00,85904.03125,2946.838134765625
2025-12-16 02:00:00+00:00,85878.828125,2945.640869140625
2025-12-16 03:00:00+00:00,85837.78125,2936.011962890625
2025-12-16 04:00:00+00:00,85800.59375,2916.924560546875
2025-12-16 05:00:00+00:00,85996.9921875,2923.98681640625
2025-12-16 06:00:00+00:00,86542.5625,2948.611572265625
2025-12-16 07:00:00+00:00,86039.8125,2924.55712890625
2025-12-16 08:00:00+00:00,86234.78125,2928.45947265625
2025-12-16 09:00:00+00:00,86323.8828125,2925.512451171875
2025-12-16 10:00:00+00:00,87051.265625,2949.212158203125
2025-12-16 11:00:00+00:00,87278.96875,2956.968994140625
2025-12-16 12:00:00+00:00,87210.5625,2952.00341796875
2025-12-16 13:00:00+00:00,86548.96875,2918.224609375
2025-12-16 14:00:00+00:00,87215.671875,2939.184814453125
2025-12-16 15:00:00+00:00,87875.8828125,2965.499755859375
2025-12-16 16:00:00+00:00,87626.015625,2941.790771484375
2025-12-16 17:00:00+00:00,87142.9453125,2921.924560546875
2025-12-16 18:00:00+00:00,87730.515625,2951.362060546875
2025-12-16 19:00:00+00:00,87613.0234375,2946.047119140625
2025-12-16 20:00:00+00:00,87656.7421875,2949.601806640625
2025-12-16 21:00:00+00:00,87763.109375,2950.706298828125
2025-12-16 22:00:00+00:00,87757.2109375,2953.079833984375
2025-12-16 23:00:00+00:00,87847.6171875,2964.01953125
2025-12-17 00:00:00+00:00,87526.046875,2949.511474609375
2025-12-17 01:00:00+00:00,87517.6875,2951.830078125
2025-12-17 02:00:00+00:00,87457.0234375,2958.7509765625
2025-12-17 03:00:00+00:00,87185.2109375,2946.284423828125
2025-12-17 04:00:00+00:00,86777.421875,2932.177978515625
2025-12-17 05:00:00+00:00,86602.9140625,2929.70361328125
2025-12-17 06:00:00+00:00,86741.2734375,2935.56494140625
2025-12-17 07:00:00+00:00,87032.375,2947.23974609375
2025-12-17 08:00:00+00:00,86348.0546875,2923.665771484375
2025-12-17 09:00:00+00:00,86408.046875,2924.281494140625
2025-12-17 10:00:00+00:00,86582.0234375,2918.578369140625
2025-12-17 11:00:00+00:00,86952.9765625,2927.415283203125
2025-12-17 12:00:00+00:00,86994.59375,2925.14599609375
2025-12-17 13:00:00+00:00,87636.28125,2947.168212890625
2025-12-17 14:00:00+00:00,89451.8046875,2978.542724609375
2025-12-17 15:00:00+00:00,87302.0546875,2903.1240234375
2025-12-17 16:00:00+00:00,86909.4375,2858.326416015625
2025-12-17 17:00:00+00:00,86422.5234375,2849.715576171875
2025-12-17 18:00:00+00:00,85754.4453125,2807.69775390625
2025-12-17 19:00:00+00:00,85976.78125,2817.488525390625
2025-12-17 20:00:00+00:00,85852.1484375,2817.05224609375
2025-12-17 21:00:00+00:00,85950.6640625,2818.875
2025-12-17 22:00:00+00:00,86298.7265625,2834.62353515625
2025-12-17 23:00:00+00:00,86144.3671875,2831.48828125
2025-12-18 00:00:00+00:00,86203.75,2834.904052734375
2025-12-18 01:00:00+00:00,86097.6953125,2826.49609375
2025-12-18 02:00:00+00:00,86641.4375,2836.04736328125
2025-12-18 03:00:00+00:00,86554.53125,2830.112060546875
2025-12-18 04:00:00+00:00,86733.515625,2837.102783203125
2025-12-18 05:00:00+00:00,86394.859375,2824.48291015625
2025-12-18 06:00:00+00:00,86592.9375,2829.787109375
2025-12-18 07:00:00+00:00,86772.3515625,2834.10888671875
2025-12-18 08:00:00+00:00,86946.1015625,2840.474365234375
2025-12-18 09:00:00+00:00,87257.828125,2852.02978515625
2025-12-18 10:00:00+00:00,87255.8359375,2856.57666015625
2025-12-18 11:00:00+00:00,87220.5234375,2857.33740234375
2025-12-18 12:00:00+00:00,87181.09375,2869.744873046875
2025-12-18 13:00:00+00:00,88797.2890625,2962.4521484375
2025-12-18 14:00:00+00:00,88299.4140625,2950.174072265625
2025-12-18 15:00:00+00:00,88502.203125,2962.066650390625
2025-12-18 16:00:00+00:00,87928.2421875,2942.713623046875
2025-12-18 17:00:00+00:00,86302.8359375,2836.9755859375
2025-12-18 18:00:00+00:00,85972.5546875,2827.206298828125
2025-12-18 19:00:00+00:00,84542.4453125,2783.97412109375
2025-12-18 20:00:00+00:00,84765.296875,2781.085205078125
2025-12-18 21:00:00+00:00,85600.0703125,2827.700927734375
2025-12-18 22:00:00+00:00,85570.890625,2827.13916015625
2025-12-18 23:00:00+00:00,85476.1328125,2827.410400390625
2025-12-19 00:00:00+00:00,85539.0703125,2828.61669921875
2025-12-19 01:00:00+00:00,85317.0859375,2821.326904296875
2025-12-19 02:00:00+00:00,85660.546875,2834.67822265625
2025-12-19 03:00:00+00:00,86761.8046875,2905.312744140625
2025-12-19 04:00:00+00:00,87043.8984375,2920.142822265625
2025-12-19 05:00:00+00:00,87048.6875,2920.470703125
2025-12-19 06:00:00+00:00,87290.609375,2941.7431640625
2025-12-19 07:00:00+00:00,87899.90625,2948.78515625
2025-12-19 08:00:00+00:00,88097.6484375,2950.51123046875
2025-12-19 09:00:00+00:00,88015.984375,2952.03857421875
2025-12-19 10:00:00+00:00,88237.09375,2953.807373046875
2025-12-19 11:00:00+00:00,88158.4375,2963.337890625
2025-12-19 12:00:00+00:00,87907.0078125,2955.535888671875
2025-12-19 13:00:00+00:00,87945.6484375,2960.039306640625
2025-12-19 14:00:00+00:00,88094.3203125,2973.180908203125
2025-12-19 15:00:00+00:00,87873.5234375,2962.5654296875
2025-12-19 16:00:00+00:00,87944.4453125,2963.638671875
2025-12-19 17:00:00+00:00,87302.953125,2965.199462890625
2025-12-19 18:00:00+00:00,87163.515625,2966.32177734375
2025-12-19 19:00:00+00:00,87817.0390625,2985.691650390625
2025-12-19 20:00:00+00:00,87909.09375,2989.663818359375
2025-12-19 21:00:00+00:00,87760.1875,2975.08447265625
2025-12-19 22:00:00+00:00,88244.1328125,2985.910400390625
2025-12-19 23:00:00+00:00,88101.671875,2977.869140625
2025-12-20 00:00:00+00:00,87981.296875,2973.4130859375
2025-12-20 01:00:00+00:00,88025.375,2975.222900390625
2025-12-20 02:00:00+00:00,88161.390625,2981.7490234375
2025-12-20 03:00:00+00:00,88192.0078125,2987.524658203125
2025-12-20 04:00:00+00:00,88224.125,2982.425537109375
2025-12-20 05:00:00+00:00,88262.6953125,2980.879150390625
2025-12-20 06:00:00+00:00,88256.359375,2979.5146484375
2025-12-20 07:00:00+00:00,88217.40625,2981.6953125
2025-12-20 08:00:00+00:00,88248.25,2981.6669921875
2025-12-20 09:00:00+00:00,88203.1640625,2982.482666015625
2025-12-20 10:00:00+00:00,88121.890625,2977.652587890625
2025-12-20 11:00:00+00:00,88254.078125,2985.638427734375
2025-12-20 12:00:00+00:00,88208.6328125,2987.566650390625
2025-12-20 13:00:00+00:00,88203.9609375,2979.568115234375
2025-12-20 14:00:00+00:00,88215.15625,2978.775146484375
2025-12-20 15:00:00+00:00,88148.1640625,2975.836181640625
2025-12-20 16:00:00+00:00,88114.2265625,2977.4365234375
2025-12-20 17:00:00+00:00,88139.3515625,2976.827392578125
2025-12-20 18:00:00+00:00,88304.6328125,2976.8798828125
2025-12-20 19:00:00+00:00,88190.2109375,2977.252685546875
2025-12-20 20:00:00+00:00,88245.984375,2983.4140625
2025-12-20 21:00:00+00:00,88170.328125,2978.493408203125
2025-12-20 22:00:00+00:00,88294.9453125,2979.159912109375
2025-12-20 23:00:00+00:00,88344.703125,2977.508544921875
2025-12-21 00:00:00+00:00,88320.03125,2977.765869140625
2025-12-21 01:00:00+00:00,88027.7578125,2967.7783203125
2025-12-21 02:00:00+00:00,87921.0546875,2964.169677734375
2025-12-21 03:00:00+00:00,88044.75,2972.1953125
2025-12-21 04:00:00+00:00,88040.6796875,2974.374755859375
2025-12-21 05:00:00+00:00,88111.515625,2973.120361328125
2025-12-21 06:00:00+00:00,88067.3359375,2975.196044921875
2025-12-21 07:00:00+00:00,88104.828125,2980.037841796875
2025-12-21 08:00:00+00:00,88532.265625,2991.261962890625
2025-12-21 09:00:00+00:00,88842.46875,3001.458984375
2025-12-21 10:00:00+00:00,88617.765625,2995.26611328125
2025-12-21 11:00:00+00:00,88585.8359375,2995.50927734375
2025-12-21 12:00:00+00:00,88556.2734375,2988.220947265625
2025-12-21 13:00:00+00:00,87643.1015625,2949.05419921875
2025-12-21 14:00:00+00:00,88018.5234375,2969.415771484375
2025-12-21 15:00:00+00:00,88039.1875,2974.081298828125
2025-12-21 16:00:00+00:00,88303.6875,2983.18017578125
2025-12-21 17:00:00+00:00,88296.5234375,2982.283935546875
2025-12-21 18:00:00+00:00,88410.96875,2985.873046875
2025-12-21 19:00:00+00:00,88482.203125,2991.44970703125
2025-12-21 20:00:00+00:00,88216.046875,2986.025634765625
2025-12-21 21:00:00+00:00,88137.4296875,2972.307373046875
2025-12-21 22:00:00+00:00,88445.3046875,2993.7626953125
2025-12-21 23:00:00+00:00,88621.3984375,3001.61279296875
2025-12-22 00:00:00+00:00,88837.7578125,3029.139404296875
2025-12-22 01:00:00+00:00,88641.953125,3021.741455078125
2025-12-22 02:00:00+00:00,88443.0078125,3009.758056640625
2025-12-22 03:00:00+00:00,88758.171875,3020.6689453125
2025-12-22 04:00:00+00:00,88907.1171875,3038.37939453125
2025-12-22 05:00:00+00:00,88811.2890625,3028.257080078125
2025-12-22 06:00:00+00:00,88924.828125,3025.677978515625
2025-12-22 07:00:00+00:00,89093.9765625,3028.952880859375
2025-12-22 08:00:00+00:00,89290.5078125,3026.685546875
2025-12-22 09:00:00+00:00,89726.6015625,3037.099853515625
2025-12-22 10:00:00+00:00,89763.6015625,3040.643310546875
2025-12-22 11:00:00+00:00,89919.90625,3050.439697265625
2025-12-22 12:00:00+00:00,90233.796875,3058.827880859375
2025-12-22 13:00:00+00:00,89875.0234375,3056.636962890625
2025-12-22 14:00:00+00:00,90079.375,3060.69384765625
2025-12-22 15:00:00+00:00,89738.3046875,3051.194091796875
2025-12-22 16:00:00+00:00,89565.0234375,3041.59814453125
2025-12-22 17:00:00+00:00,89264.734375,3030.95263671875
2025-12-22 18:00:00+00:00,89149.2421875,3013.02734375
2025-12-22 19:00:00+00:00,88039.9375,2978.859619140625
2025-12-22 20:00:00+00:00,88403.3203125,2981.097900390625
2025-12-22 21:00:00+00:00,88231.4765625,2986.259521484375
2025-12-22 22:00:00+00:00,88598.8359375,3008.123046875
2025-12-22 23:00:00+00:00,88490.03125,3006.073974609375
2025-12-23 00:00:00+00:00,88745.96875,3026.31298828125
2025-12-23 01:00:00+00:00,88483.4453125,3016.9619140625
2025-12-23 02:00:00+00:00,88155.4609375,2990.09228515625
2025-12-23 03:00:00+00:00,88181.9140625,2992.5576171875
2025-12-23 04:00:00+00:00,87902.828125,2982.86962890625
2025-12-23 05:00:00+00:00,87739.828125,2974.22314453125
2025-12-23 06:00:00+00:00,87352.9609375,2958.77587890625
2025-12-23 07:00:00+00:00,87509.3359375,2963.038818359375
2025-12-23 08:00:00+00:00,87392.890625,2960.0
2025-12-23 09:00:00+00:00,87485.78125,2962.8115234375
2025-12-23 10:00:00+00:00,87553.3515625,2965.499267578125
2025-12-23 11:00:00+00:00,87819.015625,2972.09130859375
2025-12-23 12:00:00+00:00,87774.171875,2956.14697265625
2025-12-23 13:00:00+00:00,87605.765625,2943.0498046875
2025-12-23 14:00:00+00:00,86656.34375,2909.028076171875
2025-12-23 15:00:00+00:00,87426.453125,2926.46875
2025-12-23 16:00:00+00:00,87986.765625,2957.37109375
2025-12-23 17:00:00+00:00,87378.0,2918.42578125
2025-12-23 18:00:00+00:00,87947.7109375,2946.8466796875
2025-12-23 19:00:00+00:00,87697.2734375,2940.939208984375
2025-12-23 20:00:00+00:00,87651.453125,2967.838134765625
2025-12-23 21:00:00+00:00,87672.484375,2972.0830078125
2025-12-23 22:00:00+00:00,87343.171875,2956.595703125
2025-12-23 23:00:00+00:00,87404.3203125,2962.922607421875
2025-12-24 00:00:00+00:00,87584.7890625,2969.968994140625
2025-12-24 01:00:00+00:00,87600.0,2964.336669921875
2025-12-24 02:00:00+00:00,87113.875,2935.697509765625
2025-12-24 03:00:00+00:00,87287.046875,2943.884765625
2025-12-24 04:00:00+00:00,87079.703125,2934.769287109375
2025-12-24 05:00:00+00:00,86905.234375,2927.510498046875
2025-12-24 06:00:00+00:00,86941.0078125,2930.25341796875
2025-12-24 07:00:00+00:00,86921.6328125,2932.99951171875
2025-12-24 08:00:00+00:00,86749.8125,2921.3447265625
2025-12-24 09:00:00+00:00,86757.4375,2918.016357421875
2025-12-24 10:00:00+00:00,87036.765625,2926.897705078125
2025-12-24 11:00:00+00:00,87156.0859375,2923.97216796875
2025-12-24 12:00:00+00:00,87391.71875,2935.78369140625
2025-12-24 13:00:00+00:00,87244.0390625,2929.66162109375
2025-12-24 14:00:00+00:00,86882.3984375,2910.096435546875
2025-12-24 15:00:00+00:00,86914.6015625,2920.428955078125
2025-12-24 16:00:00+00:00,87168.1484375,2936.624267578125
2025-12-24 17:00:00+00:00,87216.53125,2934.86767578125
2025-12-24 18:00:00+00:00,87412.6171875,2939.904541015625
2025-12-24 19:00:00+00:00,87495.484375,2944.109375
2025-12-24 20:00:00+00:00,87494.3671875,2940.71533203125
2025-12-24 21:00:00+00:00,87607.796875,2946.30908203125
2025-12-24 22:00:00+00:00,87941.3515625,2957.55029296875
2025-12-24 23:00:00+00:00,87608.3203125,2945.423095703125
2025-12-25 00:00:00+00:00,87490.3671875,2936.795654296875
2025-12-25 01:00:00+00:00,87631.765625,2946.78369140625
2025-12-25 02:00:00+00:00,87843.265625,2951.417236328125
2025-12-25 03:00:00+00:00,87792.0546875,2945.437255859375
2025-12-25 04:00:00+00:00,87744.0078125,2943.414794921875
2025-12-25 05:00:00+00:00,87702.3671875,2940.173828125
2025-12-25 06:00:00+00:00,87773.6796875,2941.34033203125
2025-12-25 07:00:00+00:00,87786.6875,2940.42236328125
2025-12-25 08:00:00+00:00,87508.9765625,2927.821044921875
2025-12-25 09:00:00+00:00,87465.7109375,2926.842041015625
2025-12-25 10:00:00+00:00,87361.8828125,2918.34326171875
2025-12-25 11:00:00+00:00,87458.4921875,2923.493408203125
2025-12-25 12:00:00+00:00,87521.0859375,2926.78076171875
2025-12-25 13:00:00+00:00,87601.421875,2930.49365234375
2025-12-25 14:00:00+00:00,87672.6953125,2931.951904296875
2025-12-25 15:00:00+00:00,88274.7890625,2959.54443359375
2025-12-25 16:00:00+00:00,88053.796875,2947.75146484375
2025-12-25 17:00:00+00:00,88114.0546875,2951.457763671875
2025-12-25 18:00:00+00:00,88185.5703125,2957.193359375
2025-12-25 19:00:00+00:00,88094.2265625,2954.782470703125
2025-12-25 20:00:00+00:00,87821.90625,2948.217041015625
2025-12-25 21:00:00+00:00,87851.859375,2945.012939453125
2025-12-25 22:00:00+00:00,87625.0625,2920.345947265625
2025-12-25 23:00:00+00:00,87235.5078125,2903.625
2025-12-26 00:00:00+00:00,87041.6640625,2899.992919921875
2025-12-26 01:00:00+00:00,87385.875,2917.71484375
2025-12-26 02:00:00+00:00,89091.078125,2970.001708984375
2025-12-26 03:00:00+00:00,88742.3125,2963.148193359375
2025-12-26 04:00:00+00:00,88891.71875,2969.0009765625
2025-12-26 05:00:00+00:00,88942.3828125,2971.49169921875
2025-12-26 06:00:00+00:00,89133.1015625,2975.894287109375
2025-12-26 07:00:00+00:00,88372.125,2954.01806640625
2025-12-26 08:00:00+00:00,88666.6328125,2961.66064453125
2025-12-26 09:00:00+00:00,88769.6171875,2971.152099609375
2025-12-26 10:00:00+00:00,88716.546875,2970.2802734375
2025-12-26 11:00:00+00:00,88512.640625,2963.53662109375
2025-12-26 12:00:00+00:00,88626.3984375,2970.522216796875
2025-12-26 13:00:00+00:00,88983.1640625,2983.252685546875
2025-12-26 14:00:00+00:00,87382.0,2916.15234375
2025-12-26 15:00:00+00:00,86991.421875,2917.00830078125
2025-12-26 16:00:00+00:00,86831.4453125,2906.25341796875
2025-12-26 17:00:00+00:00,87238.2734375,2917.623291015625
2025-12-26 18:00:00+00:00,87189.5859375,2920.9365234375
2025-12-26 19:00:00+00:00,87414.7265625,2923.395751953125
2025-12-26 20:00:00+00:00,87553.0390625,2931.252197265625
2025-12-26 21:00:00+00:00,87422.9765625,2924.911865234375
2025-12-26 22:00:00+00:00,87418.5,2926.706298828125
2025-12-26 23:00:00+00:00,87301.4296875,2925.7451171875
2025-12-27 00:00:00+00:00,87338.203125,2925.488037109375
2025-12-27 01:00:00+00:00,87404.7734375,2925.86767578125
2025-12-27 02:00:00+00:00,87386.515625,2925.934814453125
2025-12-27 03:00:00+00:00,87448.96875,2930.939453125
2025-12-27 04:00:00+00:00,87405.90625,2927.06201171875
2025-12-27 05:00:00+00:00,87451.359375,2929.055419921875
2025-12-27 06:00:00+00:00,87407.640625,2927.471923828125
2025-12-27 07:00:00+00:00,87478.546875,2930.83837890625
2025-12-27 08:00:00+00:00,87530.71875,2932.50244140625
2025-12-27 09:00:00+00:00,87565.796875,2934.2373046875
2025-12-27 10:00:00+00:00,87456.3046875,2925.223388671875
2025-12-27 11:00:00+00:00,87416.84375,2929.788330078125
2025-12-27 12:00:00+00:00,87426.546875,2930.188720703125
2025-12-27 13:00:00+00:00,87424.0546875,2928.5
2025-12-27 14:00:00+00:00,87485.0625,2928.117431640625
2025-12-27 15:00:00+00:00,87516.34375,2925.680419921875
2025-12-27 16:00:00+00:00,87449.171875,2917.72412109375
2025-12-27 17:00:00+00:00,87501.921875,2926.48583984375
2025-12-27 18:00:00+00:00,87433.75,2923.918701171875
2025-12-27 19:00:00+00:00,87512.390625,2928.1318359375
2025-12-27 20:00:00+00:00,87495.9375,2927.36279296875
2025-12-27 21:00:00+00:00,87605.6640625,2932.53271484375
2025-12-27 22:00:00+00:00,87587.4609375,2934.7919921875
2025-12-27 23:00:00+00:00,87799.34375,2947.898193359375
2025-12-28 00:00:00+00:00,87781.640625,2943.35205078125
2025-12-28 01:00:00+00:00,87717.453125,2942.013916015625
2025-12-28 02:00:00+00:00,87748.28125,2945.314697265625
2025-12-28 03:00:00+00:00,87688.1015625,2941.87646484375
2025-12-28 04:00:00+00:00,87661.0078125,2937.255615234375
2025-12-28 05:00:00+00:00,87589.0390625,2932.613037109375
2025-12-28 06:00:00+00:00,87681.515625,2940.883056640625
2025-12-28 07:00:00+00:00,87665.2734375,2936.674072265625
2025-12-28 08:00:00+00:00,87760.6171875,2938.64208984375
2025-12-28 09:00:00+00:00,87730.890625,2934.766357421875
2025-12-28 10:00:00+00:00,87787.6796875,2941.386962890625
2025-12-28 11:00:00+00:00,87789.5546875,2941.292236328125
2025-12-28 12:00:00+00:00,87786.7890625,2936.797607421875
2025-12-28 13:00:00+00:00,87833.6640625,2937.566650390625
2025-12-28 14:00:00+00:00,87865.4140625,2945.4130859375
2025-12-28 15:00:00+00:00,87780.0625,2947.0234375
2025-12-28 16:00:00+00:00,87750.1171875,2940.73974609375
2025-12-28 17:00:00+00:00,87693.71875,2943.471923828125
2025-12-28 18:00:00+00:00,87537.0703125,2929.767333984375
2025-12-28 19:00:00+00:00,87485.578125,2930.9375
2025-12-28 20:00:00+00:00,87477.890625,2930.4716796875
2025-12-28 21:00:00+00:00,87500.2265625,2935.057861328125
2025-12-28 22:00:00+00:00,87843.0078125,2948.23876953125
2025-12-28 23:00:00+00:00,87835.7890625,2948.55908203125
2025-12-29 00:00:00+00:00,88226.78125,2964.69140625
2025-12-29 01:00:00+00:00,88314.171875,2977.811279296875
2025-12-29 02:00:00+00:00,89102.625,2999.949951171875
2025-12-29 03:00:00+00:00,90032.4140625,3041.04296875
2025-12-29 04:00:00+00:00,90100.4140625,3038.344482421875
2025-12-29 05:00:00+00:00,89927.6875,3035.4111328125
2025-12-29 06:00:00+00:00,89672.9609375,3031.279052734375
2025-12-29 07:00:00+00:00,89518.6171875,3016.01708984375
2025-12-29 08:00:00+00:00,89451.8984375,3011.628173828125
2025-12-29 09:00:00+00:00,87940.6015625,2971.322998046875
2025-12-29 10:00:00+00:00,87678.9453125,2962.388916015625
2025-12-29 11:00:00+00:00,87508.1796875,2958.995849609375
2025-12-29 12:00:00+00:00,87242.8046875,2926.84326171875
2025-12-29 13:00:00+00:00,87222.25,2923.3046875
2025-12-29 14:00:00+00:00,87322.015625,2924.34228515625
2025-12-29 15:00:00+00:00,87636.625,2934.919921875
2025-12-29 16:00:00+00:00,87538.171875,2934.29345703125
2025-12-29 17:00:00+00:00,87697.2265625,2939.280517578125
2025-12-29 18:00:00+00:00,87357.53125,2915.38720703125
2025-12-29 19:00:00+00:00,87238.1015625,2929.19140625
2025-12-29 20:00:00+00:00,87121.6796875,2928.07958984375
2025-12-29 21:00:00+00:00,87224.9609375,2934.429443359375
2025-12-29 22:00:00+00:00,87260.8046875,2935.423095703125
2025-12-29 23:00:00+00:00,87134.3515625,2934.416259765625
2025-12-30 00:00:00+00:00,87129.7890625,2933.583984375
2025-12-30 01:00:00+00:00,87191.5703125,2932.244384765625
2025-12-30 02:00:00+00:00,86975.734375,2924.29248046875
2025-12-30 03:00:00+00:00,87285.1484375,2949.9794921875
2025-12-30 04:00:00+00:00,87199.7421875,2943.580078125
2025-12-30 05:00:00+00:00,87129.546875,2937.604248046875
2025-12-30 06:00:00+00:00,87317.140625,2941.52490234375
2025-12-30 07:00:00+00:00,87378.296875,2947.96533203125
2025-12-30 08:00:00+00:00,87771.765625,2975.139892578125
2025-12-30 09:00:00+00:00,87881.125,2982.0927734375
2025-12-30 10:00:00+00:00,87844.3203125,2972.693115234375
2025-12-30 11:00:00+00:00,87751.421875,2973.38427734375
2025-12-30 12:00:00+00:00,87888.2265625,2975.562744140625
2025-12-30 13:00:00+00:00,88002.9453125,2984.80419921875
2025-12-30 14:00:00+00:00,88834.1796875,2992.672119140625
2025-12-30 15:00:00+00:00,88947.28125,2988.70166015625
2025-12-30 16:00:00+00:00,88672.234375,2980.150146484375
2025-12-30 17:00:00+00:00,88334.1015625,2975.11083984375
2025-12-30 18:00:00+00:00,88238.75,2968.821044921875
2025-12-30 19:00:00+00:00,88153.5390625,2969.270263671875
2025-12-30 20:00:00+00:00,87831.0859375,2954.4130859375
2025-12-30 21:00:00+00:00,88172.453125,2964.32421875
2025-12-30 22:00:00+00:00,88325.125,2965.51318359375
2025-12-30 23:00:00+00:00,88429.5859375,2971.407470703125
2025-12-31 00:00:00+00:00,88161.0546875,2962.7763671875
2025-12-31 01:00:00+00:00,88552.8984375,2977.18701171875
2025-12-31 02:00:00+00:00,88585.5859375,2979.1708984375
2025-12-31 03:00:00+00:00,88338.7890625,2966.845458984375
2025-12-31 04:00:00+00:00,88229.0546875,2965.254150390625
2025-12-31 05:00:00+00:00,88354.6484375,2971.939697265625
2025-12-31 06:00:00+00:00,88396.65625,2971.85400390625
2025-12-31 07:00:00+00:00,88496.046875,2973.005615234375
2025-12-31 08:00:00+00:00,88321.921875,2965.532958984375
2025-12-31 09:00:00+00:00,88585.390625,2973.3974609375
2025-12-31 10:00:00+00:00,88697.6796875,2976.234130859375
2025-12-31 11:00:00+00:00,88863.515625,2996.447509765625
2025-12-31 12:00:00+00:00,88668.21875,2984.39453125
2025-12-31 13:00:00+00:00,88856.4609375,2993.206298828125
2025-12-31 14:00:00+00:00,88323.921875,2987.454833984375
2025-12-31 15:00:00+00:00,87911.6328125,2984.0458984375
2025-12-31 16:00:00+00:00,87558.6171875,2973.380126953125
2025-12-31 17:00:00+00:00,87490.890625,2971.193603515625
2025-12-31 18:00:00+00:00,87575.078125,2970.682861328125
2025-12-31 19:00:00+00:00,87455.484375,2969.147216796875
2025-12-31 20:00:00+00:00,87534.90625,2973.102783203125
2025-12-31 21:00:00+00:00,87637.1953125,2976.82763671875
2025-12-31 22:00:00+00:00,87561.1953125,2971.34375
2025-12-31 23:00:00+00:00,87508.046875,2966.997314453125
2026-01-01 00:00:00+00:00,87675.9296875,2975.56787109375
2026-01-01 01:00:00+00:00,87817.6171875,2980.531005859375
2026-01-01 02:00:00+00:00,87776.4921875,2978.314697265625
2026-01-01 03:00:00+00:00,87710.953125,2975.044677734375
2026-01-01 04:00:00+00:00,87441.4609375,2970.44873046875
2026-01-01 05:00:00+00:00,87558.3359375,2976.9990234375
2026-01-01 06:00:00+00:00,87506.2578125,2971.58544921875
2026-01-01 07:00:00+00:00,87479.6875,2972.983154296875
2026-01-01 08:00:00+00:00,87598.375,2976.521484375
2026-01-01 09:00:00+00:00,87724.84375,2979.12353515625
2026-01-01 10:00:00+00:00,87716.8125,2979.83203125
2026-01-01 11:00:00+00:00,87875.796875,2984.69140625
2026-01-01 12:00:00+00:00,87838.296875,2983.050048828125
2026-01-01 13:00:00+00:00,87786.3515625,2978.58642578125
2026-01-01 14:00:00+00:00,87840.1640625,2981.101806640625
2026-01-01 15:00:00+00:00,87922.0625,2985.895263671875
2026-01-01 16:00:00+00:00,87863.2734375,2978.204345703125
2026-01-01 17:00:00+00:00,88187.8203125,2985.53564453125
2026-01-01 18:00:00+00:00,88055.2578125,2985.534423828125
2026-01-01 19:00:00+00:00,88222.2578125,2990.382568359375
2026-01-01 20:00:00+00:00,88146.328125,2985.07177734375
2026-01-01 21:00:00+00:00,88270.203125,2985.92041015625
2026-01-01 22:00:00+00:00,88562.9765625,2995.52783203125
2026-01-01 23:00:00+00:00,88733.0625,3000.453125
2026-01-02 00:00:00+00:00,88675.3984375,3000.243408203125
2026-01-02 01:00:00+00:00,88534.2890625,2999.454833984375
2026-01-02 02:00:00+00:00,88498.0546875,2997.14306640625
2026-01-02 03:00:00+00:00,88778.703125,3015.828857421875
2026-01-02 04:00:00+00:00,88530.375,3007.662109375
2026-01-02 05:00:00+00:00,88652.2890625,3012.938720703125
2026-01-02 06:00:00+00:00,88838.5703125,3023.801025390625
2026-01-02 07:00:00+00:00,88773.3203125,3014.75830078125
2026-01-02 08:00:00+00:00,89049.5703125,3027.795654296875
2026-01-02 09:00:00+00:00,89344.4140625,3045.150390625
2026-01-02 10:00:00+00:00,89544.265625,3053.092529296875
2026-01-02 11:00:00+00:00,89428.8046875,3044.208740234375
2026-01-02 12:00:00+00:00,89321.921875,3045.928955078125
2026-01-02 13:00:00+00:00,89291.1015625,3047.539306640625
2026-01-02 14:00:00+00:00,89565.3359375,3081.55908203125
2026-01-02 15:00:00+00:00,89319.90625,3079.854736328125
2026-01-02 16:00:00+00:00,90346.578125,3130.61083984375
2026-01-02 17:00:00+00:00,90283.484375,3119.615966796875
2026-01-02 18:00:00+00:00,89776.4609375,3108.193115234375
2026-01-02 19:00:00+00:00,89878.859375,3121.933837890625
2026-01-02 20:00:00+00:00,89695.359375,3117.00634765625
2026-01-02 21:00:00+00:00,90046.5703125,3128.767578125
2026-01-02 22:00:00+00:00,90159.9921875,3132.243408203125
2026-01-02 23:00:00+00:00,89945.0546875,3124.310302734375
2026-01-03 00:00:00+00:00,90098.6640625,3130.74267578125
2026-01-03 01:00:00+00:00,90253.984375,3130.75634765625
2026-01-03 02:00:00+00:00,90304.015625,3125.3994140625
2026-01-03 03:00:00+00:00,90293.8828125,3124.680419921875
2026-01-03 04:00:00+00:00,90122.328125,3115.5029296875
2026-01-03 05:00:00+00:00,90002.6171875,3111.31787109375
2026-01-03 06:00:00+00:00,89853.4140625,3100.793701171875
2026-01-03 07:00:00+00:00,89553.9609375,3089.58984375
2026-01-03 08:00:00+00:00,89646.4609375,3094.9892578125
2026-01-03 09:00:00+00:00,89810.0703125,3101.658447265625
2026-01-03 10:00:00+00:00,89766.546875,3098.723876953125
2026-01-03 11:00:00+00:00,89713.3671875,3097.7080078125
2026-01-03 12:00:00+00:00,89922.1875,3102.368408203125
2026-01-03 13:00:00+00:00,89956.140625,3101.752685546875
2026-01-03 14:00:00+00:00,90062.0703125,3103.59765625
2026-01-03 15:00:00+00:00,89927.828125,3100.09912109375
2026-01-03 16:00:00+00:00,90055.75,3105.861328125
2026-01-03 17:00:00+00:00,90044.3828125,3106.65771484375
2026-01-03 18:00:00+00:00,90090.171875,3113.670166015625
2026-01-03 19:00:00+00:00,90056.625,3110.53662109375
2026-01-03 20:00:00+00:00,90301.4765625,3113.6044921875
2026-01-03 21:00:00+00:00,90486.7578125,3119.1376953125
2026-01-03 22:00:00+00:00,90526.171875,3120.401611328125
2026-01-03 23:00:00+00:00,90603.0,3125.960205078125
2026-01-04 00:00:00+00:00,91320.8984375,3157.856201171875
2026-01-04 01:00:00+00:00,91197.3046875,3148.8818359375
2026-01-04 02:00:00+00:00,91072.4375,3138.71630859375
2026-01-04 03:00:00+00:00,91205.828125,3147.560791015625
2026-01-04 04:00:00+00:00,91360.6796875,3147.239501953125
2026-01-04 05:00:00+00:00,91432.5703125,3148.76220703125
2026-01-04 06:00:00+00:00,91213.8046875,3139.539306640625
2026-01-04 07:00:00+00:00,91474.9375,3140.08203125
2026-01-04 08:00:00+00:00,91307.09375,3136.906005859375
2026-01-04 09:00:00+00:00,91409.796875,3142.4306640625
2026-01-04 10:00:00+00:00,91538.21875,3144.255126953125
2026-01-04 11:00:00+00:00,91235.6796875,3136.73291015625
2026-01-04 12:00:00+00:00,91098.34375,3134.92431640625
2026-01-04 13:00:00+00:00,91223.3515625,3138.672119140625
2026-01-04 14:00:00+00:00,91270.609375,3135.900634765625
2026-01-04 15:00:00+00:00,91270.453125,3132.9951171875
2026-01-04 16:00:00+00:00,91285.140625,3137.522216796875
2026-01-04 17:00:00+00:00,91297.8203125,3135.954833984375
2026-01-04 18:00:00+00:00,91161.8359375,3132.873046875
2026-01-04 19:00:00+00:00,91099.46875,3131.67919921875
2026-01-04 20:00:00+00:00,91252.453125,3139.14306640625
2026-01-04 21:00:00+00:00,91220.7734375,3142.140380859375
2026-01-04 22:00:00+00:00,91140.7421875,3136.595703125
2026-01-04 23:00:00+00:00,91414.625,3141.486328125
2026-01-05 00:00:00+00:00,92355.8359375,3167.741943359375
2026-01-05 01:00:00+00:00,92916.90625,3196.2490234375
2026-01-05 02:00:00+00:00,92984.3203125,3191.404296875
2026-01-05 03:00:00+00:00,92845.640625,3184.06103515625
2026-01-05 04:00:00+00:00,92566.8125,3165.33935546875
2026-01-05 05:00:00+00:00,92351.9453125,3149.62939453125
2026-01-05 06:00:00+00:00,92433.3359375,3156.71435546875
2026-01-05 07:00:00+00:00,92474.3359375,3156.392333984375
2026-01-05 08:00:00+00:00,92475.5390625,3162.473876953125
2026-01-05 09:00:00+00:00,92664.875,3166.494384765625
2026-01-05 10:00:00+00:00,93036.1484375,3172.56103515625
2026-01-05 11:00:00+00:00,93051.1875,3179.798828125
2026-01-05 12:00:00+00:00,92803.3203125,3168.712646484375
2026-01-05 13:00:00+00:00,92666.9140625,3152.47705078125
2026-01-05 14:00:00+00:00,93393.625,3165.548095703125
2026-01-05 15:00:00+00:00,93883.9453125,3191.71044921875
2026-01-05 16:00:00+00:00,93715.7734375,3182.701904296875
2026-01-05 17:00:00+00:00,94264.9609375,3214.853759765625
2026-01-05 18:00:00+00:00,94458.9609375,3223.40771484375
2026-01-05 19:00:00+00:00,94225.5859375,3220.554931640625
2026-01-05 20:00:00+00:00,94148.84375,3239.557861328125
2026-01-05 21:00:00+00:00,94091.6328125,3237.4384765625
2026-01-05 22:00:00+00:00,94184.484375,3240.296630859375
2026-01-05 23:00:00+00:00,93876.9453125,3226.116455078125
2026-01-06 00:00:00+00:00,93801.8125,3215.7998046875
2026-01-06 01:00:00+00:00,93764.15625,3217.783447265625
2026-01-06 02:00:00+00:00,93626.34375,3217.851318359375
2026-01-06 03:00:00+00:00,93762.5859375,3223.963623046875
2026-01-06 04:00:00+00:00,93817.09375,3224.73486328125
2026-01-06 05:00:00+00:00,93558.046875,3217.53515625
2026-01-06 06:00:00+00:00,93780.90625,3242.6044921875
2026-01-06 07:00:00+00:00,93213.8984375,3218.2431640625
2026-01-06 08:00:00+00:00,93207.3125,3218.78955078125
2026-01-06 09:00:00+00:00,93437.9609375,3222.337158203125
2026-01-06 10:00:00+00:00,93537.8359375,3228.059814453125
2026-01-06 11:00:00+00:00,93789.015625,3236.55517578125
2026-01-06 12:00:00+00:00,93853.609375,3240.19287109375
2026-01-06 13:00:00+00:00,93671.75,3235.38232421875
2026-01-06 14:00:00+00:00,93750.140625,3274.787841796875
2026-01-06 15:00:00+00:00,93480.5390625,3266.28076171875
2026-01-06 16:00:00+00:00,92573.4921875,3247.845947265625
2026-01-06 17:00:00+00:00,91550.1796875,3194.434326171875
2026-01-06 18:00:00+00:00,91991.3671875,3219.240478515625
2026-01-06 19:00:00+00:00,92048.78125,3220.803466796875
2026-01-06 20:00:00+00:00,92462.4140625,3241.7353515625
2026-01-06 21:00:00+00:00,93236.828125,3275.384521484375
2026-01-06 22:00:00+00:00,93301.5703125,3277.25830078125
2026-01-06 23:00:00+00:00,93727.46875,3295.91259765625
2026-01-07 00:00:00+00:00,92814.0703125,3263.868896484375
2026-01-07 01:00:00+00:00,92430.859375,3243.206298828125
2026-01-07 02:00:00+00:00,92885.8515625,3267.56689453125
2026-01-07 03:00:00+00:00,92743.2890625,3264.334716796875
2026-01-07 04:00:00+00:00,92625.1796875,3255.65185546875
2026-01-07 05:00:00+00:00,92459.9140625,3246.263427734375
2026-01-07 06:00:00+00:00,92563.828125,3248.870361328125
2026-01-07 07:00:00+00:00,92773.609375,3251.6865234375
2026-01-07 08:00:00+00:00,92647.359375,3253.8046875
2026-01-07 09:00:00+00:00,91648.0546875,3199.185302734375
2026-01-07 10:00:00+00:00,91868.5703125,3216.072998046875
2026-01-07 11:00:00+00:00,92074.484375,3218.352783203125
2026-01-07 12:00:00+00:00,91935.390625,3211.509521484375
2026-01-07 13:00:00+00:00,91990.6953125,3208.943359375
2026-01-07 14:00:00+00:00,91896.5,3189.0029296875
2026-01-07 15:00:00+00:00,91265.1015625,3161.763916015625
2026-01-07 16:00:00+00:00,91190.921875,3155.96044921875
2026-01-07 17:00:00+00:00,91186.109375,3150.594970703125
2026-01-07 18:00:00+00:00,90691.7578125,3139.7490234375
2026-01-07 19:00:00+00:00,91131.265625,3144.63720703125
2026-01-07 20:00:00+00:00,90948.8984375,3136.9423828125
2026-01-07 21:00:00+00:00,91044.5390625,3147.8896484375
2026-01-07 22:00:00+00:00,91106.28125,3150.067626953125
2026-01-07 23:00:00+00:00,91309.640625,3166.924072265625
2026-01-08 00:00:00+00:00,91317.5859375,3169.8701171875
2026-01-08 01:00:00+00:00,91333.125,3172.994384765625
2026-01-08 02:00:00+00:00,90853.953125,3155.228271484375
2026-01-08 03:00:00+00:00,90704.7265625,3138.333984375
2026-01-08 04:00:00+00:00,90949.7421875,3151.365234375
2026-01-08 05:00:00+00:00,90698.7578125,3139.45068359375
2026-01-08 06:00:00+00:00,89940.03125,3105.690673828125
2026-01-08 07:00:00+00:00,90434.546875,3124.7841796875
2026-01-08 08:00:00+00:00,90082.125,3111.586181640625
2026-01-08 09:00:00+00:00,89879.1328125,3107.8134765625
2026-01-08 10:00:00+00:00,90293.734375,3124.988525390625
2026-01-08 11:00:00+00:00,90068.7265625,3114.342041015625
2026-01-08 12:00:00+00:00,89883.265625,3092.858642578125
2026-01-08 13:00:00+00:00,89851.09375,3092.73876953125
2026-01-08 14:00:00+00:00,89924.4453125,3074.845458984375
2026-01-08 15:00:00+00:00,90649.90625,3100.025390625
2026-01-08 16:00:00+00:00,90718.8984375,3115.018310546875
2026-01-08 17:00:00+00:00,91254.640625,3130.441162109375
2026-01-08 18:00:00+00:00,90985.6640625,3116.1474609375
2026-01-08 19:00:00+00:00,90819.8046875,3107.18359375
2026-01-08 20:00:00+00:00,90841.203125,3104.02734375
2026-01-08 21:00:00+00:00,91222.1796875,3117.873779296875
2026-01-08 22:00:00+00:00,91130.78125,3115.511474609375
2026-01-08 23:00:00+00:00,91025.75,3104.90087890625
2026-01-09 00:00:00+00:00,91205.7734375,3112.942626953125
2026-01-09 01:00:00+00:00,90976.4921875,3102.37939453125
2026-01-09 02:00:00+00:00,90932.5546875,3104.445556640625
2026-01-09 03:00:00+00:00,91112.8046875,3116.037353515625
2026-01-09 04:00:00+00:00,90939.28125,3113.876953125
2026-01-09 05:00:00+00:00,90971.515625,3114.602783203125
2026-01-09 06:00:00+00:00,91027.09375,3119.947021484375
2026-01-09 07:00:00+00:00,90687.078125,3109.462158203125
2026-01-09 08:00:00+00:00,89845.1328125,3077.174072265625
2026-01-09 09:00:00+00:00,90222.0234375,3088.24365234375
2026-01-09 10:00:00+00:00,90404.4609375,3093.94970703125
2026-01-09 11:00:00+00:00,90337.78125,3086.2578125
2026-01-09 12:00:00+00:00,90348.6640625,3080.854248046875
2026-01-09 13:00:00+00:00,90550.796875,3095.7822265625
2026-01-09 14:00:00+00:00,90056.421875,3071.538330078125
2026-01-09 15:00:00+00:00,90999.8203125,3104.735107421875
2026-01-09 16:00:00+00:00,91527.2890625,3130.600830078125
2026-01-09 17:00:00+00:00,91343.59375,3111.995849609375
2026-01-09 18:00:00+00:00,90781.109375,3092.549560546875
2026-01-09 19:00:00+00:00,90267.0546875,3078.688720703125
2026-01-09 20:00:00+00:00,90185.78125,3068.219970703125
2026-01-09 21:00:00+00:00,90421.0390625,3081.80908203125
2026-01-09 22:00:00+00:00,90502.359375,3081.27685546875
2026-01-09 23:00:00+00:00,90510.1015625,3083.16650390625
2026-01-10 00:00:00+00:00,90477.046875,3079.271240234375
2026-01-10 01:00:00+00:00,90567.203125,3085.787841796875
2026-01-10 02:00:00+00:00,90543.375,3083.209228515625
2026-01-10 03:00:00+00:00,90507.671875,3083.36474609375
2026-01-10 04:00:00+00:00,90326.484375,3076.19921875
2026-01-10 05:00:00+00:00,90484.0546875,3083.096923828125
2026-01-10 06:00:00+00:00,90383.640625,3083.2138671875
2026-01-10 07:00:00+00:00,90537.1953125,3088.394775390625
2026-01-10 08:00:00+00:00,90531.078125,3085.568603515625
2026-01-10 09:00:00+00:00,90616.21875,3091.360595703125
2026-01-10 10:00:00+00:00,90685.1875,3095.50634765625
2026-01-10 11:00:00+00:00,90610.2734375,3092.845947265625
2026-01-10 12:00:00+00:00,90598.2890625,3094.68115234375
2026-01-10 13:00:00+00:00,90526.546875,3090.42333984375
2026-01-10 14:00:00+00:00,90456.796875,3087.784912109375
2026-01-10 15:00:00+00:00,90543.0546875,3091.57421875
2026-01-10 16:00:00+00:00,90555.0390625,3091.415771484375
2026-01-10 17:00:00+00:00,90428.203125,3088.100830078125
2026-01-10 18:00:00+00:00,90476.0625,3088.772216796875
2026-01-10 19:00:00+00:00,90507.0390625,3087.744140625
2026-01-10 20:00:00+00:00,90448.4609375,3085.600830078125
2026-01-10 21:00:00+00:00,90386.5546875,3081.755859375
2026-01-10 22:00:00+00:00,90341.5703125,3077.60107421875
2026-01-10 23:00:00+00:00,90385.359375,3082.407470703125
2026-01-11 00:00:00+00:00,90509.6875,3087.770751953125
2026-01-11 01:00:00+00:00,90509.9609375,3090.596435546875
2026-01-11 02:00:00+00:00,90579.109375,3089.2177734375
2026-01-11 03:00:00+00:00,90617.046875,3093.1064453125
2026-01-11 04:00:00+00:00,90662.78125,3093.810791015625
2026-01-11 05:00:00+00:00,90644.2890625,3094.983642578125
2026-01-11 06:00:00+00:00,90632.9921875,3093.713134765625
2026-01-11 07:00:00+00:00,90589.421875,3090.9921875
2026-01-11 08:00:00+00:00,90668.0546875,3099.843994140625
2026-01-11 09:00:00+00:00,90623.921875,3100.671630859375
2026-01-11 10:00:00+00:00,90614.265625,3103.22216796875
2026-01-11 11:00:00+00:00,90593.4609375,3100.307861328125
2026-01-11 12:00:00+00:00,90825.1875,3110.514892578125
2026-01-11 13:00:00+00:00,90736.9296875,3106.173828125
2026-01-11 14:00:00+00:00,91043.9453125,3121.305419921875
2026-01-11 15:00:00+00:00,90747.7578125,3113.384033203125
2026-01-11 16:00:00+00:00,90905.046875,3125.103271484375
2026-01-11 17:00:00+00:00,90869.96875,3122.4833984375
2026-01-11 18:00:00+00:00,90745.3515625,3124.607177734375
2026-01-11 19:00:00+00:00,90593.4765625,3120.594970703125
2026-01-11 20:00:00+00:00,90538.40625,3110.252685546875
2026-01-11 21:00:00+00:00,90646.3125,3117.10791015625
2026-01-11 22:00:00+00:00,90430.3515625,3106.766845703125
2026-01-11 23:00:00+00:00,90825.859375,3118.828857421875
2026-01-12 00:00:00+00:00,91032.3671875,3114.19091796875
2026-01-12 01:00:00+00:00,91262.015625,3120.4609375
2026-01-12 02:00:00+00:00,92115.5234375,3155.760009765625
2026-01-12 03:00:00+00:00,91719.34375,3147.87060546875
2026-01-12 04:00:00+00:00,92036.109375,3154.70849609375
2026-01-12 05:00:00+00:00,91991.640625,3154.66015625
2026-01-12 06:00:00+00:00,91716.6796875,3149.967041015625
2026-01-12 07:00:00+00:00,91301.734375,3132.477294921875
2026-01-12 08:00:00+00:00,90669.2109375,3113.615234375
2026-01-12 09:00:00+00:00,90591.09375,3112.7421875
2026-01-12 10:00:00+00:00,90278.859375,3101.480712890625
2026-01-12 11:00:00+00:00,90566.390625,3112.355224609375
2026-01-12 12:00:00+00:00,90672.5078125,3113.703857421875
2026-01-12 13:00:00+00:00,90533.3359375,3106.49462890625
2026-01-12 14:00:00+00:00,90803.7421875,3099.5205078125
2026-01-12 15:00:00+00:00,91546.453125,3126.194091796875
2026-01-12 16:00:00+00:00,92042.640625,3128.67236328125
2026-01-12 17:00:00+00:00,91416.15625,3102.7177734375
2026-01-12 18:00:00+00:00,91622.5859375,3106.080810546875
2026-01-12 19:00:00+00:00,91770.25,3118.69189453125
2026-01-12 20:00:00+00:00,91393.1953125,3099.43212890625
2026-01-12 21:00:00+00:00,90913.7265625,3086.271240234375
2026-01-12 22:00:00+00:00,91157.546875,3093.86572265625
2026-01-12 23:00:00+00:00,91185.3359375,3092.008544921875
2026-01-13 00:00:00+00:00,91386.7109375,3105.563232421875
2026-01-13 01:00:00+00:00,91058.9296875,3093.115234375
2026-01-13 02:00:00+00:00,91114.5859375,3099.715576171875
2026-01-13 03:00:00+00:00,91291.3125,3112.822265625
2026-01-13 04:00:00+00:00,91396.671875,3118.1962890625
2026-01-13 05:00:00+00:00,91803.9453125,3126.349609375
2026-01-13 06:00:00+00:00,92120.84375,3131.67822265625
2026-01-13 07:00:00+00:00,91853.8203125,3119.456787109375
2026-01-13 08:00:00+00:00,92087.9140625,3132.523193359375
2026-01-13 09:00:00+00:00,92149.171875,3134.86181640625
2026-01-13 10:00:00+00:00,92029.3359375,3131.546142578125
2026-01-13 11:00:00+00:00,91893.6484375,3130.64013671875
2026-01-13 12:00:00+00:00,91999.1171875,3131.343505859375
2026-01-13 13:00:00+00:00,91966.578125,3138.9375
2026-01-13 14:00:00+00:00,92453.84375,3144.048095703125
2026-01-13 15:00:00+00:00,93283.03125,3178.212890625
2026-01-13 16:00:00+00:00,93441.21875,3182.723876953125
2026-01-13 17:00:00+00:00,93241.6796875,3178.13818359375
2026-01-13 18:00:00+00:00,93557.6484375,3198.866455078125
2026-01-13 19:00:00+00:00,94194.6484375,3214.162353515625
2026-01-13 20:00:00+00:00,94438.890625,3203.44775390625
2026-01-13 21:00:00+00:00,94074.9609375,3209.12353515625
2026-01-13 22:00:00+00:00,95667.828125,3328.763671875
2026-01-13 23:00:00+00:00,95322.90625,3322.192138671875
2026-01-14 00:00:00+00:00,95277.7734375,3323.836181640625
2026-01-14 01:00:00+00:00,95266.8515625,3333.3125
2026-01-14 02:00:00+00:00,95279.2109375,3323.0205078125
2026-01-14 03:00:00+00:00,95630.9765625,3347.151611328125
2026-01-14 04:00:00+00:00,95202.515625,3336.825927734375
2026-01-14 05:00:00+00:00,94988.1640625,3328.727783203125
2026-01-14 06:00:00+00:00,94976.859375,3331.81640625
2026-01-14 07:00:00+00:00,95176.1328125,3333.45849609375
2026-01-14 08:00:00+00:00,94868.3046875,3326.9052734375
2026-01-14 09:00:00+00:00,95038.109375,3325.782470703125
2026-01-14 10:00:00+00:00,95059.109375,3312.41552734375
2026-01-14 11:00:00+00:00,94706.0078125,3282.48046875
2026-01-14 12:00:00+00:00,95031.6484375,3294.65478515625
2026-01-14 13:00:00+00:00,94937.046875,3300.42333984375
2026-01-14 14:00:00+00:00,96460.421875,3348.0380859375
2026-01-14 15:00:00+00:00,96710.59375,3344.540771484375
2026-01-14 16:00:00+00:00,97212.4921875,3368.241455078125
2026-01-14 17:00:00+00:00,96941.90625,3341.46826171875
2026-01-14 18:00:00+00:00,96835.984375,3340.9208984375
2026-01-14 19:00:00+00:00,97265.78125,3366.24609375
2026-01-14 20:00:00+00:00,97585.109375,3378.23876953125
2026-01-14 21:00:00+00:00,97443.15625,3365.966796875
2026-01-14 22:00:00+00:00,96915.5625,3350.15673828125
2026-01-14 23:00:00+00:00,96931.2890625,3354.765869140625
2026-01-15 00:00:00+00:00,96573.6328125,3329.710693359375
2026-01-15 01:00:00+00:00,96418.140625,3323.15234375
2026-01-15 02:00:00+00:00,96236.4921875,3312.302001953125
2026-01-15 03:00:00+00:00,95963.015625,3286.70849609375
2026-01-15 04:00:00+00:00,96151.6796875,3302.476318359375
2026-01-15 05:00:00+00:00,96392.03125,3311.52392578125
2026-01-15 06:00:00+00:00,96281.8203125,3315.8935546875
2026-01-15 07:00:00+00:00,96516.46875,3327.466552734375
2026-01-15 08:00:00+00:00,96614.46875,3335.689453125
2026-01-15 09:00:00+00:00,97046.734375,3367.17333984375
2026-01-15 10:00:00+00:00,96792.0546875,3363.36865234375
2026-01-15 11:00:00+00:00,96587.4453125,3349.6767578125
2026-01-15 12:00:00+00:00,96940.3046875,3368.1640625
2026-01-15 13:00:00+00:00,96817.375,3370.486572265625
2026-01-15 14:00:00+00:00,96019.609375,3340.79736328125
2026-01-15 15:00:00+00:00,96434.890625,3316.739990234375
2026-01-15 16:00:00+00:00,96797.609375,3332.88818359375
2026-01-15 17:00:00+00:00,96598.6328125,3304.694091796875
2026-01-15 18:00:00+00:00,95793.5625,3285.79296875
2026-01-15 19:00:00+00:00,95411.0859375,3292.256591796875
2026-01-15 20:00:00+00:00,95143.53125,3284.2412109375
2026-01-15 21:00:00+00:00,95548.5234375,3298.0712890625
2026-01-15 22:00:00+00:00,95522.6484375,3305.22607421875
2026-01-15 23:00:00+00:00,95554.1015625,3317.341796875
2026-01-16 00:00:00+00:00,95574.8046875,3315.81103515625
2026-01-16 01:00:00+00:00,95617.4609375,3313.74951171875
2026-01-16 02:00:00+00:00,95477.90625,3301.388427734375
2026-01-16 03:00:00+00:00,95325.96875,3294.90283203125
2026-01-16 04:00:00+00:00,95125.375,3281.786865234375
2026-01-16 05:00:00+00:00,95612.265625,3308.265625
2026-01-16 06:00:00+00:00,95710.625,3313.0703125
2026-01-16 07:00:00+00:00,95633.5390625,3308.354736328125
2026-01-16 08:00:00+00:00,95643.59375,3312.12353515625
2026-01-16 09:00:00+00:00,95577.734375,3307.778564453125
2026-01-16 10:00:00+00:00,95272.90625,3295.94287109375
2026-01-16 11:00:00+00:00,95389.3203125,3300.4013671875
2026-01-16 12:00:00+00:00,95409.296875,3305.861572265625
2026-01-16 13:00:00+00:00,95418.40625,3306.869384765625
2026-01-16 14:00:00+00:00,95223.375,3294.5302734375
2026-01-16 15:00:00+00:00,94605.625,3263.950927734375
2026-01-16 16:00:00+00:00,94795.359375,3276.943359375
2026-01-16 17:00:00+00:00,94893.2578125,3280.21435546875
2026-01-16 18:00:00+00:00,94988.109375,3277.8076171875
2026-01-16 19:00:00+00:00,94964.3359375,3273.367431640625
2026-01-16 20:00:00+00:00,95399.2578125,3289.365478515625
2026-01-16 21:00:00+00:00,95443.859375,3292.729248046875
2026-01-16 22:00:00+00:00,95441.125,3291.0361328125
2026-01-16 23:00:00+00:00,95525.15625,3295.482666015625
2026-01-17 00:00:00+00:00,95459.390625,3291.20654296875
2026-01-17 01:00:00+00:00,95366.125,3289.1875
2026-01-17 02:00:00+00:00,95324.7109375,3290.64501953125
2026-01-17 03:00:00+00:00,95330.2109375,3289.63330078125
2026-01-17 04:00:00+00:00,95307.7109375,3290.92041015625
2026-01-17 05:00:00+00:00,95249.34375,3289.944580078125
2026-01-17 06:00:00+00:00,95225.6171875,3289.614501953125
2026-01-17 07:00:00+00:00,95061.109375,3289.87158203125
2026-01-17 08:00:00+00:00,95203.4296875,3294.62744140625
2026-01-17 09:00:00+00:00,95212.46875,3297.7060546875
2026-01-17 10:00:00+00:00,95077.9453125,3294.93798828125
2026-01-17 11:00:00+00:00,95255.2421875,3301.244873046875
2026-01-17 12:00:00+00:00,95205.4140625,3301.46826171875
2026-01-17 13:00:00+00:00,95374.9140625,3302.428955078125
2026-01-17 14:00:00+00:00,95383.328125,3308.1611328125
2026-01-17 15:00:00+00:00,95525.6328125,3325.5322265625
2026-01-17 16:00:00+00:00,95278.6171875,3317.843505859375
2026-01-17 17:00:00+00:00,95323.453125,3317.80078125
2026-01-17 18:00:00+00:00,95382.875,3317.02001953125
2026-01-17 19:00:00+00:00,95261.3515625,3315.2412109375
2026-01-17 20:00:00+00:00,95343.6796875,3316.8125
2026-01-17 21:00:00+00:00,95257.078125,3310.85986328125
2026-01-17 22:00:00+00:00,95156.2421875,3304.6875
2026-01-17 23:00:00+00:00,95101.1796875,3308.90576171875
2026-01-18 00:00:00+00:00,95061.84375,3303.572265625
2026-01-18 01:00:00+00:00,94908.953125,3299.79150390625
2026-01-18 02:00:00+00:00,94977.703125,3302.015625
2026-01-18 03:00:00+00:00,95147.21875,3314.905517578125
2026-01-18 04:00:00+00:00,95059.859375,3310.89794921875
2026-01-18 05:00:00+00:00,95154.515625,3315.604736328125
2026-01-18 06:00:00+00:00,95136.4921875,3313.763427734375
2026-01-18 07:00:00+00:00,95023.484375,3306.2451171875
2026-01-18 08:00:00+00:00,95146.9765625,3314.46923828125
2026-01-18 09:00:00+00:00,95236.4140625,3322.822265625
2026-01-18 10:00:00+00:00,95137.8203125,3324.519775390625
2026-01-18 11:00:00+00:00,95124.703125,3320.80029296875
2026-01-18 12:00:00+00:00,95049.40625,3320.937744140625
2026-01-18 13:00:00+00:00,95115.234375,3324.561767578125
2026-01-18 14:00:00+00:00,94904.9375,3322.612060546875
2026-01-18 15:00:00+00:00,95088.28125,3332.771240234375
2026-01-18 16:00:00+00:00,95139.5,3334.073974609375
2026-01-18 17:00:00+00:00,95171.609375,3336.844482421875
2026-01-18 18:00:00+00:00,95439.3671875,3362.475830078125
2026-01-18 19:00:00+00:00,95334.5625,3344.921630859375
2026-01-18 20:00:00+00:00,95266.8046875,3339.60107421875
2026-01-18 21:00:00+00:00,95388.8515625,3340.423583984375
2026-01-18 22:00:00+00:00,95458.40625,3348.71044921875
2026-01-18 23:00:00+00:00,93655.671875,3282.19921875
2026-01-19 00:00:00+00:00,92697.59375,3211.415283203125
2026-01-19 01:00:00+00:00,92509.7265625,3204.53515625
2026-01-19 02:00:00+00:00,92518.2109375,3204.02197265625
2026-01-19 03:00:00+00:00,92642.5625,3210.94677734375
2026-01-19 04:00:00+00:00,92674.09375,3212.194580078125
2026-01-19 05:00:00+00:00,92484.2890625,3202.26708984375
2026-01-19 06:00:00+00:00,92511.3046875,3192.9228515625
2026-01-19 07:00:00+00:00,92792.71875,3206.5185546875
2026-01-19 08:00:00+00:00,93259.109375,3214.297119140625
2026-01-19 09:00:00+00:00,92993.5625,3207.26123046875
2026-01-19 10:00:00+00:00,92999.53125,3213.175537109375
2026-01-19 11:00:00+00:00,93140.140625,3222.0322265625
2026-01-19 12:00:00+00:00,92996.1953125,3222.927001953125
2026-01-19 13:00:00+00:00,92964.34375,3216.822509765625
2026-01-19 14:00:00+00:00,92768.84375,3211.11962890625
2026-01-19 15:00:00+00:00,93022.8125,3215.538330078125
2026-01-19 16:00:00+00:00,93298.6640625,3222.271484375
2026-01-19 17:00:00+00:00,93182.34375,3218.1884765625
2026-01-19 18:00:00+00:00,93003.1875,3213.193115234375
2026-01-19 19:00:00+00:00,93079.109375,3218.0546875
2026-01-19 20:00:00+00:00,93091.734375,3214.4091796875
2026-01-19 21:00:00+00:00,92975.2578125,3211.867919921875
2026-01-19 22:00:00+00:00,92570.8125,3190.940673828125
2026-01-19 23:00:00+00:00,92553.6015625,3186.62109375
2026-01-20 00:00:00+00:00,92606.875,3181.721923828125
2026-01-20 01:00:00+00:00,92757.5,3193.341552734375
2026-01-20 02:00:00+00:00,92464.546875,3190.671142578125
2026-01-20 03:00:00+00:00,92357.453125,3185.32421875
2026-01-20 04:00:00+00:00,91954.4921875,3169.426025390625
2026-01-20 05:00:00+00:00,91604.171875,3170.16748046875
2026-01-20 06:00:00+00:00,90770.21875,3111.99267578125
2026-01-20 07:00:00+00:00,91076.8671875,3121.391357421875
2026-01-20 08:00:00+00:00,90998.25,3101.747802734375
2026-01-20 09:00:00+00:00,90938.984375,3090.81298828125
2026-01-20 10:00:00+00:00,91184.6796875,3100.61279296875
2026-01-20 11:00:00+00:00,91146.7578125,3107.2080078125
2026-01-20 12:00:00+00:00,91195.4375,3108.41650390625
2026-01-20 13:00:00+00:00,90871.96875,3076.6298828125
2026-01-20 14:00:00+00:00,90583.90625,3046.293212890625
2026-01-20 15:00:00+00:00,90429.4609375,3024.935302734375
2026-01-20 16:00:00+00:00,90095.3359375,3006.839111328125
2026-01-20 17:00:00+00:00,89671.7265625,2997.13623046875
2026-01-20 18:00:00+00:00,89393.78125,2989.925537109375
2026-01-20 19:00:00+00:00,89597.7265625,2991.9599609375
2026-01-20 20:00:00+00:00,89504.59375,2996.720703125
2026-01-20 21:00:00+00:00,89416.03125,2990.805908203125
2026-01-20 22:00:00+00:00,88411.828125,2946.0234375
2026-01-20 23:00:00+00:00,88326.5078125,2935.882080078125
2026-01-21 00:00:00+00:00,88816.96875,2958.314208984375
2026-01-21 01:00:00+00:00,88909.5859375,2962.586181640625
2026-01-21 02:00:00+00:00,88958.2265625,2958.6953125
2026-01-21 03:00:00+00:00,89315.8828125,2977.99609375
2026-01-21 04:00:00+00:00,89352.0078125,2977.78173828125
2026-01-21 05:00:00+00:00,89813.7734375,2988.97265625
2026-01-21 06:00:00+00:00,89527.296875,2975.861572265625
2026-01-21 07:00:00+00:00,89049.6171875,2965.843994140625
2026-01-21 08:00:00+00:00,89101.4921875,2962.2548828125
2026-01-21 09:00:00+00:00,88984.3203125,2948.666259765625
2026-01-21 10:00:00+00:00,89175.625,2961.5146484375
2026-01-21 11:00:00+00:00,88687.1328125,2940.113525390625
2026-01-21 12:00:00+00:00,88647.78125,2927.639892578125
2026-01-21 13:00:00+00:00,88700.5,2929.366943359375
2026-01-21 14:00:00+00:00,89829.578125,2983.14892578125
2026-01-21 15:00:00+00:00,90238.5859375,3001.427490234375
2026-01-21 16:00:00+00:00,87585.9921875,2896.14599609375
2026-01-21 17:00:00+00:00,87895.9296875,2901.942138671875
2026-01-21 18:00:00+00:00,88377.2890625,2925.15673828125
2026-01-21 19:00:00+00:00,90246.1328125,3054.079833984375
2026-01-21 20:00:00+00:00,90094.9453125,3030.56396484375
2026-01-21 21:00:00+00:00,90194.1328125,3031.85546875
2026-01-21 22:00:00+00:00,89782.7421875,3009.93896484375
2026-01-21 23:00:00+00:00,89378.5234375,2979.307861328125
2026-01-22 00:00:00+00:00,89814.7421875,3002.58984375
2026-01-22 01:00:00+00:00,90045.375,3026.40576171875
2026-01-22 02:00:00+00:00,89860.421875,3015.783203125
2026-01-22 03:00:00+00:00,89806.5078125,3011.087158203125
2026-01-22 04:00:00+00:00,89961.8203125,3021.137451171875
2026-01-22 05:00:00+00:00,89859.625,3013.295166015625
2026-01-22 06:00:00+00:00,90108.515625,3017.115478515625
2026-01-22 07:00:00+00:00,89713.28125,2998.20849609375
2026-01-22 08:00:00+00:00,89823.0078125,3002.08642578125
2026-01-22 09:00:00+00:00,89947.0625,3011.42333984375
2026-01-22 10:00:00+00:00,90011.8125,3001.306640625
2026-01-22 11:00:00+00:00,89853.8828125,2983.9384765625
2026-01-22 12:00:00+00:00,89935.0,2987.35205078125
2026-01-22 13:00:00+00:00,89521.828125,2968.935302734375
2026-01-22 14:00:00+00:00,89121.171875,2938.2578125
2026-01-22 15:00:00+00:00,88943.0234375,2940.91845703125
2026-01-22 16:00:00+00:00,88906.21875,2942.6845703125
2026-01-22 17:00:00+00:00,89447.0625,2957.593017578125
2026-01-22 18:00:00+00:00,89221.640625,2935.83203125
2026-01-22 19:00:00+00:00,89729.1796875,2951.595703125
2026-01-22 20:00:00+00:00,89373.109375,2936.1787109375
2026-01-22 21:00:00+00:00,89166.453125,2942.28564453125
2026-01-22 22:00:00+00:00,89252.34375,2948.1484375
2026-01-22 23:00:00+00:00,89462.046875,2949.44580078125
2026-01-23 00:00:00+00:00,89503.7421875,2950.7861328125
2026-01-23 01:00:00+00:00,89823.1796875,2964.78369140625
2026-01-23 02:00:00+00:00,89567.625,2951.331787109375
2026-01-23 03:00:00+00:00,89806.8046875,2960.040283203125
2026-01-23 04:00:00+00:00,89896.5625,2977.571533203125
2026-01-23 05:00:00+00:00,89495.859375,2965.036865234375
2026-01-23 06:00:00+00:00,89394.3515625,2936.41357421875
2026-01-23 07:00:00+00:00,89438.1640625,2945.063720703125
2026-01-23 08:00:00+00:00,89130.4609375,2923.699462890625
2026-01-23 09:00:00+00:00,88848.1875,2917.021240234375
2026-01-23 10:00:00+00:00,88907.9609375,2926.905517578125
2026-01-23 11:00:00+00:00,89056.578125,2935.152587890625
2026-01-23 12:00:00+00:00,89177.328125,2932.373291015625
2026-01-23 13:00:00+00:00,89222.6328125,2926.5244140625
2026-01-23 14:00:00+00:00,88899.03125,2913.327880859375
2026-01-23 15:00:00+00:00,89529.734375,2946.415283203125
2026-01-23 16:00:00+00:00,90003.8515625,2964.290771484375
2026-01-23 17:00:00+00:00,90490.875,2983.4560546875
2026-01-23 18:00:00+00:00,90460.0703125,2987.438232421875
2026-01-23 19:00:00+00:00,89854.390625,2955.701416015625
2026-01-23 20:00:00+00:00,89444.8828125,2941.109130859375
2026-01-23 21:00:00+00:00,89236.375,2940.943359375
2026-01-23 22:00:00+00:00,89534.2421875,2956.97802734375
2026-01-23 23:00:00+00:00,89506.1484375,2953.23828125
2026-01-24 00:00:00+00:00,89347.3515625,2948.590576171875
2026-01-24 01:00:00+00:00,89415.65625,2951.22021484375
2026-01-24 02:00:00+00:00,89582.09375,2954.762939453125
2026-01-24 03:00:00+00:00,89647.421875,2958.4296875
2026-01-24 04:00:00+00:00,89720.5859375,2959.24169921875
2026-01-24 05:00:00+00:00,89658.796875,2955.725341796875
2026-01-24 06:00:00+00:00,89512.5078125,2957.44677734375
2026-01-24 07:00:00+00:00,89471.3125,2953.38330078125
2026-01-24 08:00:00+00:00,89534.7734375,2957.50927734375
2026-01-24 09:00:00+00:00,89461.203125,2956.037841796875
2026-01-24 10:00:00+00:00,89492.6015625,2957.098876953125
2026-01-24 11:00:00+00:00,89467.3671875,2957.676513671875
2026-01-24 12:00:00+00:00,89398.375,2958.12744140625
2026-01-24 13:00:00+00:00,89397.234375,2955.06982421875
2026-01-24 14:00:00+00:00,89313.25,2954.761474609375
2026-01-24 15:00:00+00:00,89143.546875,2951.504150390625
2026-01-24 16:00:00+00:00,89149.1015625,2954.418701171875
2026-01-24 17:00:00+00:00,89246.3828125,2959.322509765625
2026-01-24 18:00:00+00:00,89258.7265625,2959.381103515625
2026-01-24 19:00:00+00:00,89182.1875,2949.965576171875
2026-01-24 20:00:00+00:00,89243.9609375,2952.1396484375
2026-01-24 21:00:00+00:00,89244.2578125,2952.15087890625
2026-01-24 22:00:00+00:00,89261.984375,2956.851318359375
2026-01-24 23:00:00+00:00,89104.765625,2948.534423828125
2026-01-25 00:00:00+00:00,89154.3671875,2953.735107421875
2026-01-25 01:00:00+00:00,89032.7421875,2950.361328125
2026-01-25 02:00:00+00:00,89003.84375,2949.04296875
2026-01-25 03:00:00+00:00,88839.1171875,2938.7080078125
2026-01-25 04:00:00+00:00,88923.28125,2942.110107421875
2026-01-25 05:00:00+00:00,88862.65625,2942.80615234375
2026-01-25 06:00:00+00:00,88718.78125,2939.370361328125
2026-01-25 07:00:00+00:00,88513.375,2934.908935546875
2026-01-25 08:00:00+00:00,88188.765625,2926.61865234375
2026-01-25 09:00:00+00:00,88263.265625,2931.26318359375
2026-01-25 10:00:00+00:00,88512.4140625,2940.928955078125
2026-01-25 11:00:00+00:00,88436.84375,2932.469482421875
2026-01-25 12:00:00+00:00,88649.5859375,2937.9306640625
2026-01-25 13:00:00+00:00,88787.1328125,2938.421630859375
2026-01-25 14:00:00+00:00,88573.75,2928.999755859375
2026-01-25 15:00:00+00:00,88330.328125,2921.63916015625
2026-01-25 16:00:00+00:00,87969.25,2893.77099609375
2026-01-25 17:00:00+00:00,87718.25,2880.1357421875
2026-01-25 18:00:00+00:00,87338.1875,2845.67578125
2026-01-25 19:00:00+00:00,86388.40625,2810.1083984375
2026-01-25 20:00:00+00:00,86552.375,2806.2587890625
2026-01-25 21:00:00+00:00,86517.0625,2815.724609375
2026-01-25 22:00:00+00:00,86441.5546875,2801.603515625
2026-01-25 23:00:00+00:00,86566.5234375,2815.768798828125
2026-01-26 00:00:00+00:00,86734.3203125,2837.65185546875
2026-01-26 01:00:00+00:00,87514.0234375,2877.47802734375
2026-01-26 02:00:00+00:00,87437.140625,2860.8251953125
2026-01-26 03:00:00+00:00,87120.2421875,2843.313720703125
2026-01-26 04:00:00+00:00,87605.3515625,2861.52783203125
2026-01-26 05:00:00+00:00,87760.015625,2867.00830078125
2026-01-26 06:00:00+00:00,87838.7421875,2887.700439453125
2026-01-26 07:00:00+00:00,87904.1171875,2900.336669921875
2026-01-26 08:00:00+00:00,87884.3984375,2908.876953125
2026-01-26 09:00:00+00:00,87551.1015625,2882.495361328125
2026-01-26 10:00:00+00:00,87806.640625,2893.23193359375
2026-01-26 11:00:00+00:00,87761.484375,2889.08642578125
2026-01-26 12:00:00+00:00,87709.390625,2898.58251953125
2026-01-26 13:00:00+00:00,87878.0546875,2906.857666015625
2026-01-26 14:00:00+00:00,88120.7109375,2923.01513671875
2026-01-26 15:00:00+00:00,87579.9296875,2897.884521484375
2026-01-26 16:00:00+00:00,87546.7421875,2900.053955078125
2026-01-26 17:00:00+00:00,87593.140625,2906.47705078125
2026-01-26 18:00:00+00:00,88264.78125,2928.23388671875
2026-01-26 19:00:00+00:00,87919.96875,2919.920654296875
2026-01-26 20:00:00+00:00,87495.5859375,2897.830322265625
2026-01-26 21:00:00+00:00,87966.7734375,2926.148681640625
2026-01-26 22:00:00+00:00,88040.0546875,2923.137939453125
2026-01-26 23:00:00+00:00,88257.4765625,2926.201171875
2026-01-27 00:00:00+00:00,88248.3046875,2916.8349609375
2026-01-27 01:00:00+00:00,88462.6171875,2928.278564453125
2026-01-27 02:00:00+00:00,88681.78125,2941.035400390625
2026-01-27 03:00:00+00:00,88640.9453125,2937.344970703125
2026-01-27 04:00:00+00:00,88478.6328125,2937.0185546875
2026-01-27 05:00:00+00:00,88341.765625,2935.389404296875
2026-01-27 06:00:00+00:00,88206.984375,2924.531982421875
2026-01-27 07:00:00+00:00,88205.3828125,2924.076416015625
2026-01-27 08:00:00+00:00,88073.9609375,2920.17919921875
2026-01-27 09:00:00+00:00,87771.40625,2904.30712890625
2026-01-27 10:00:00+00:00,87654.546875,2899.26513671875
2026-01-27 11:00:00+00:00,87900.7734375,2913.662109375
2026-01-27 12:00:00+00:00,87845.5859375,2912.8505859375
2026-01-27 13:00:00+00:00,87846.5546875,2907.791259765625
2026-01-27 14:00:00+00:00,87643.46875,2915.189208984375
2026-01-27 15:00:00+00:00,87908.796875,2934.16796875
2026-01-27 16:00:00+00:00,88541.4921875,2986.677001953125
2026-01-27 17:00:00+00:00,87426.1796875,2924.962158203125
2026-01-27 18:00:00+00:00,88237.9765625,2977.87109375
2026-01-27 19:00:00+00:00,88292.1875,2975.71630859375
2026-01-27 20:00:00+00:00,89237.53125,3017.7705078125
2026-01-27 21:00:00+00:00,88909.71875,3011.4140625
2026-01-27 22:00:00+00:00,89170.09375,3016.22998046875
2026-01-27 23:00:00+00:00,89104.046875,3022.237548828125
2026-01-28 00:00:00+00:00,89275.3671875,3018.37548828125
2026-01-28 01:00:00+00:00,89307.5703125,3014.969970703125
2026-01-28 02:00:00+00:00,89121.609375,3005.173828125
2026-01-28 03:00:00+00:00,89013.21875,3001.3017578125
2026-01-28 04:00:00+00:00,88890.5625,2995.655029296875
2026-01-28 05:00:00+00:00,88955.40625,3000.581787109375
2026-01-28 06:00:00+00:00,89210.6328125,3011.076171875
2026-01-28 07:00:00+00:00,89012.0546875,3000.596435546875
2026-01-28 08:00:00+00:00,88799.0234375,2985.941650390625
2026-01-28 09:00:00+00:00,89298.484375,3006.728515625
2026-01-28 10:00:00+00:00,89307.328125,3022.416015625
2026-01-28 11:00:00+00:00,89947.3515625,3036.20703125
2026-01-28 12:00:00+00:00,89868.25,3027.295166015625
2026-01-28 13:00:00+00:00,90081.8984375,3029.42626953125
2026-01-28 14:00:00+00:00,89517.859375,3009.388671875
2026-01-28 15:00:00+00:00,89381.1953125,3005.01513671875
2026-01-28 16:00:00+00:00,89530.984375,2997.9365234375
2026-01-28 17:00:00+00:00,90079.1875,3015.08740234375
2026-01-28 18:00:00+00:00,89442.84375,3010.833251953125
2026-01-28 19:00:00+00:00,89425.9921875,3018.49560546875
2026-01-28 20:00:00+00:00,89083.0546875,3011.856201171875
2026-01-28 21:00:00+00:00,89276.7578125,3014.8408203125
2026-01-28 22:00:00+00:00,89242.8359375,3014.81884765625
2026-01-28 23:00:00+00:00,89169.8515625,3006.26171875
2026-01-29 00:00:00+00:00,88978.078125,3004.06494140625
2026-01-29 01:00:00+00:00,88487.015625,2988.78173828125
2026-01-29 02:00:00+00:00,87757.3125,2953.358154296875
2026-01-29 03:00:00+00:00,87938.640625,2948.854248046875
2026-01-29 04:00:00+00:00,88192.9921875,2955.463623046875
2026-01-29 05:00:00+00:00,88020.765625,2945.254150390625
2026-01-29 06:00:00+00:00,88182.0390625,2951.052001953125
2026-01-29 07:00:00+00:00,88280.1484375,2959.08447265625
2026-01-29 08:00:00+00:00,87928.0625,2948.337158203125
2026-01-29 09:00:00+00:00,87768.6796875,2940.38134765625
2026-01-29 10:00:00+00:00,87803.015625,2939.673828125
2026-01-29 11:00:00+00:00,87690.2109375,2925.728515625
2026-01-29 12:00:00+00:00,87951.8671875,2931.34716796875
2026-01-29 13:00:00+00:00,87863.984375,2929.777099609375
2026-01-29 14:00:00+00:00,86876.078125,2874.865478515625
2026-01-29 15:00:00+00:00,84758.59375,2818.19140625
2026-01-29 16:00:00+00:00,85137.859375,2828.236572265625
2026-01-29 17:00:00+00:00,84025.984375,2818.57373046875
2026-01-29 18:00:00+00:00,83441.046875,2762.312255859375
2026-01-29 19:00:00+00:00,83862.9375,2795.3818359375
2026-01-29 20:00:00+00:00,83916.7578125,2798.021240234375
2026-01-29 21:00:00+00:00,84363.0078125,2814.719482421875
2026-01-29 22:00:00+00:00,84433.796875,2815.883544921875
2026-01-29 23:00:00+00:00,84562.7265625,2818.135498046875
2026-01-30 00:00:00+00:00,84109.7421875,2802.775634765625
2026-01-30 01:00:00+00:00,82348.3984375,2744.84765625
2026-01-30 02:00:00+00:00,81904.53125,2728.7958984375
2026-01-30 03:00:00+00:00,82581.6640625,2737.64111328125
2026-01-30 04:00:00+00:00,82798.3125,2751.895751953125
2026-01-30 05:00:00+00:00,82835.453125,2745.89208984375
2026-01-30 06:00:00+00:00,82440.125,2714.876708984375
2026-01-30 07:00:00+00:00,82710.9453125,2736.082763671875
2026-01-30 08:00:00+00:00,82493.3515625,2732.056884765625
2026-01-30 09:00:00+00:00,82209.171875,2717.204833984375
2026-01-30 10:00:00+00:00,82652.25,2729.167724609375
2026-01-30 11:00:00+00:00,83055.71875,2756.007568359375
2026-01-30 12:00:00+00:00,82632.265625,2735.04345703125
2026-01-30 13:00:00+00:00,82570.15625,2724.38330078125
2026-01-30 14:00:00+00:00,82851.0234375,2729.445068359375
2026-01-30 15:00:00+00:00,82771.1953125,2724.660400390625
2026-01-30 16:00:00+00:00,82971.6015625,2720.476806640625
2026-01-30 17:00:00+00:00,82907.296875,2712.258544921875
2026-01-30 18:00:00+00:00,83851.125,2734.614990234375
2026-01-30 19:00:00+00:00,84213.6484375,2743.0947265625
2026-01-30 20:00:00+00:00,83716.234375,2672.138916015625
2026-01-30 21:00:00+00:00,84250.5546875,2704.89208984375
2026-01-30 22:00:00+00:00,84013.8515625,2703.648193359375
2026-01-30 23:00:00+00:00,84126.5,2702.301513671875
2026-01-31 00:00:00+00:00,83914.75,2702.658203125
2026-01-31 01:00:00+00:00,83867.9453125,2695.086669921875
2026-01-31 02:00:00+00:00,83986.765625,2698.547607421875
2026-01-31 03:00:00+00:00,83896.1015625,2692.19775390625
2026-01-31 04:00:00+00:00,83839.328125,2690.214599609375
2026-01-31 05:00:00+00:00,83858.796875,2693.019287109375
2026-01-31 06:00:00+00:00,83629.1875,2688.026123046875
2026-01-31 07:00:00+00:00,83409.8046875,2675.068115234375
2026-01-31 08:00:00+00:00,82968.609375,2639.846923828125
2026-01-31 09:00:00+00:00,83005.203125,2646.629638671875
2026-01-31 10:00:00+00:00,83010.109375,2648.5966796875
2026-01-31 11:00:00+00:00,82843.46875,2636.244873046875
2026-01-31 12:00:00+00:00,82666.078125,2631.61376953125
2026-01-31 13:00:00+00:00,82607.328125,2623.721435546875
2026-01-31 14:00:00+00:00,81360.4375,2536.607666015625
2026-01-31 15:00:00+00:00,81127.515625,2525.432861328125
2026-01-31 16:00:00+00:00,80141.0390625,2477.49365234375
2026-01-31 17:00:00+00:00,78709.8984375,2396.602294921875
2026-01-31 18:00:00+00:00,77837.171875,2374.62353515625
2026-01-31 19:00:00+00:00,77820.7421875,2385.441162109375
2026-01-31 20:00:00+00:00,77941.3203125,2380.975830078125
2026-01-31 21:00:00+00:00,78229.1328125,2416.357666015625
2026-01-31 22:00:00+00:00,78136.9921875,2418.86767578125
2026-01-31 23:00:00+00:00,78626.125,2445.0693359375
2026-02-01 00:00:00+00:00,78827.4453125,2449.038818359375
2026-02-01 01:00:00+00:00,78418.0234375,2441.927490234375
2026-02-01 02:00:00+00:00,78844.2734375,2451.63671875
2026-02-01 03:00:00+00:00,78803.34375,2442.426513671875
2026-02-01 04:00:00+00:00,78940.9296875,2448.36328125
2026-02-01 05:00:00+00:00,78510.140625,2427.524169921875
2026-02-01 06:00:00+00:00,78250.0390625,2416.227783203125
2026-02-01 07:00:00+00:00,78274.625,2409.04931640625
2026-02-01 08:00:00+00:00,78507.0859375,2410.522705078125
2026-02-01 09:00:00+00:00,78978.7265625,2434.265869140625
2026-02-01 10:00:00+00:00,78159.1953125,2376.948974609375
2026-02-01 11:00:00+00:00,78672.671875,2410.064697265625
2026-02-01 12:00:00+00:00,78421.515625,2396.14892578125
2026-02-01 13:00:00+00:00,78242.3203125,2378.687255859375
2026-02-01 14:00:00+00:00,78308.2265625,2377.378662109375
2026-02-01 15:00:00+00:00,77652.15625,2320.238037109375
2026-02-01 16:00:00+00:00,77376.4765625,2303.20947265625
2026-02-01 17:00:00+00:00,77600.8515625,2307.054931640625
2026-02-01 18:00:00+00:00,77737.0625,2341.508544921875
2026-02-01 19:00:00+00:00,77017.9296875,2314.083251953125
2026-02-01 20:00:00+00:00,77010.90625,2312.56640625
2026-02-01 21:00:00+00:00,76405.0,2284.408203125
2026-02-01 22:00:00+00:00,77248.171875,2320.21142578125
2026-02-01 23:00:00+00:00,76968.875,2267.5625
2026-02-02 00:00:00+00:00,77585.1015625,2291.189697265625
2026-02-02 01:00:00+00:00,77462.3125,2292.583740234375
2026-02-02 02:00:00+00:00,76423.1640625,2260.210205078125
2026-02-02 03:00:00+00:00,76201.125,2237.751220703125
2026-02-02 04:00:00+00:00,75800.8828125,2239.57275390625
2026-02-02 05:00:00+00:00,75453.3984375,2198.148681640625
2026-02-02 06:00:00+00:00,76386.546875,2221.765869140625
2026-02-02 07:00:00+00:00,76630.1015625,2229.927734375
2026-02-02 08:00:00+00:00,76923.2421875,2252.47509765625
2026-02-02 09:00:00+00:00,77648.125,2288.544677734375
2026-02-02 10:00:00+00:00,77443.8125,2274.864501953125
2026-02-02 11:00:00+00:00,77647.1171875,2278.506103515625
2026-02-02 12:00:00+00:00,77944.7578125,2311.324951171875
2026-02-02 13:00:00+00:00,78216.015625,2331.528564453125
2026-02-02 14:00:00+00:00,77795.7734375,2331.45947265625
2026-02-02 15:00:00+00:00,78802.921875,2370.031005859375
2026-02-02 16:00:00+00:00,78586.3203125,2358.16259765625
2026-02-02 17:00:00+00:00,78959.21875,2353.023193359375
2026-02-02 18:00:00+00:00,78551.328125,2344.072509765625
2026-02-02 19:00:00+00:00,78443.40625,2336.821044921875
2026-02-02 20:00:00+00:00,77920.7890625,2318.9287109375
2026-02-02 21:00:00+00:00,78445.9609375,2339.275634765625
2026-02-02 22:00:00+00:00,78694.359375,2347.579345703125
2026-02-02 23:00:00+00:00,78693.5078125,2344.44580078125
2026-02-03 00:00:00+00:00,79009.5859375,2351.0283203125
2026-02-03 01:00:00+00:00,78939.5390625,2351.576416015625
2026-02-03 02:00:00+00:00,77810.25,2297.692138671875
2026-02-03 03:00:00+00:00,78719.21875,2341.289306640625
2026-02-03 04:00:00+00:00,78717.8125,2343.185302734375
2026-02-03 05:00:00+00:00,78190.984375,2314.730224609375
2026-02-03 06:00:00+00:00,78502.71875,2320.02685546875
2026-02-03 07:00:00+00:00,78674.046875,2320.824951171875
2026-02-03 08:00:00+00:00,78673.890625,2314.1015625
2026-02-03 09:00:00+00:00,78320.34375,2290.041015625
2026-02-03 10:00:00+00:00,78006.5234375,2279.587646484375
2026-02-03 11:00:00+00:00,78038.4609375,2275.25048828125
2026-02-03 12:00:00+00:00,78281.8515625,2301.085693359375
2026-02-03 13:00:00+00:00,78242.140625,2312.074462890625
2026-02-03 14:00:00+00:00,77201.9609375,2257.37060546875
2026-02-03 15:00:00+00:00,78089.84375,2303.793701171875
2026-02-03 16:00:00+00:00,76518.6015625,2243.611083984375
2026-02-03 17:00:00+00:00,74846.2890625,2198.969970703125
2026-02-03 18:00:00+00:00,73178.6484375,2122.767333984375
2026-02-03 19:00:00+00:00,74939.3515625,2207.01611328125
2026-02-03 20:00:00+00:00,76281.6796875,2290.723388671875
2026-02-03 21:00:00+00:00,76159.6171875,2281.973388671875
2026-02-03 22:00:00+00:00,75543.5,2232.2294921875
2026-02-03 23:00:00+00:00,75640.09375,2227.967041015625
2026-02-04 00:00:00+00:00,75804.78125,2237.656005859375
2026-02-04 01:00:00+00:00,76332.2265625,2265.115234375
2026-02-04 02:00:00+00:00,75910.71875,2249.512939453125
2026-02-04 03:00:00+00:00,76621.1328125,2280.9033203125
2026-02-04 04:00:00+00:00,76366.78125,2270.365478515625
2026-02-04 05:00:00+00:00,76148.5390625,2260.62548828125
2026-02-04 06:00:00+00:00,76553.671875,2273.896728515625
2026-02-04 07:00:00+00:00,76402.2265625,2279.25341796875
2026-02-04 08:00:00+00:00,76421.3046875,2275.671875
2026-02-04 09:00:00+00:00,76003.046875,2258.02001953125
2026-02-04 10:00:00+00:00,76189.34375,2258.0888671875
2026-02-04 11:00:00+00:00,76008.765625,2254.01220703125
2026-02-04 12:00:00+00:00,76048.375,2241.80517578125
2026-02-04 13:00:00+00:00,74758.4296875,2195.940185546875
2026-02-04 14:00:00+00:00,74255.1640625,2169.734375
2026-02-04 15:00:00+00:00,74074.9140625,2151.681396484375
2026-02-04 16:00:00+00:00,73541.828125,2132.611572265625
2026-02-04 17:00:00+00:00,72488.2109375,2122.892333984375
2026-02-04 18:00:00+00:00,73406.4765625,2148.32958984375
2026-02-04 19:00:00+00:00,73782.9140625,2183.359619140625
2026-02-04 20:00:00+00:00,73414.15625,2167.014892578125
2026-02-04 21:00:00+00:00,72609.0078125,2124.5546875
2026-02-04 22:00:00+00:00,72321.9765625,2115.184326171875
2026-02-04 23:00:00+00:00,73042.9765625,2144.047607421875
2026-02-05 00:00:00+00:00,72715.375,2144.885986328125
2026-02-05 01:00:00+00:00,72327.2109375,2145.7236328125
2026-02-05 02:00:00+00:00,71502.9609375,2126.613037109375
2026-02-05 03:00:00+00:00,71080.6328125,2104.270263671875
2026-02-05 04:00:00+00:00,70715.390625,2098.530029296875
2026-02-05 05:00:00+00:00,70544.9609375,2097.16845703125
2026-02-05 06:00:00+00:00,70787.046875,2082.931396484375
2026-02-05 07:00:00+00:00,70511.1640625,2085.529296875
2026-02-05 08:00:00+00:00,71043.25,2111.842041015625
2026-02-05 09:00:00+00:00,71439.515625,2129.48291015625
2026-02-05 10:00:00+00:00,70617.375,2087.972900390625
2026-02-05 11:00:00+00:00,70168.015625,2075.181396484375
2026-02-05 12:00:00+00:00,69455.5234375,2060.290771484375
2026-02-05 13:00:00+00:00,69458.4296875,2052.367919921875
2026-02-05 14:00:00+00:00,69347.7890625,2045.100830078125
2026-02-05 15:00:00+00:00,67298.3125,1956.20703125
2026-02-05 16:00:00+00:00,68121.9765625,1993.453369140625
2026-02-05 17:00:00+00:00,66066.1328125,1951.523681640625
2026-02-05 18:00:00+00:00,66248.5234375,1947.092041015625
2026-02-05 19:00:00+00:00,65136.609375,1922.7735595703125
2026-02-05 20:00:00+00:00,63543.17578125,1865.9344482421875
2026-02-05 21:00:00+00:00,63136.7578125,1844.1363525390625
2026-02-05 22:00:00+00:00,63948.0078125,1872.75048828125
2026-02-05 23:00:00+00:00,62704.453125,1821.12939453125
2026-02-06 00:00:00+00:00,63515.5859375,1872.6134033203125
2026-02-06 01:00:00+00:00,65503.72265625,1926.0128173828125
2026-02-06 02:00:00+00:00,64803.53515625,1901.3408203125
2026-02-06 03:00:00+00:00,64074.9453125,1888.9052734375
2026-02-06 04:00:00+00:00,64807.66015625,1906.1383056640625
2026-02-06 05:00:00+00:00,66298.2109375,1957.825927734375
2026-02-06 06:00:00+00:00,65076.14453125,1914.3822021484375
2026-02-06 07:00:00+00:00,64802.48046875,1897.2008056640625
2026-02-06 08:00:00+00:00,64782.484375,1871.3460693359375
2026-02-06 09:00:00+00:00,65739.6796875,1917.423828125
2026-02-06 10:00:00+00:00,65868.8515625,1924.09228515625
2026-02-06 11:00:00+00:00,66508.9140625,1930.1917724609375
2026-02-06 12:00:00+00:00,66455.7734375,1920.4693603515625
2026-02-06 13:00:00+00:00,67311.828125,1949.5361328125
2026-02-06 14:00:00+00:00,68182.078125,1978.7860107421875
2026-02-06 15:00:00+00:00,68622.9140625,1982.0
2026-02-06 16:00:00+00:00,69743.1484375,2031.25634765625
2026-02-06 17:00:00+00:00,70801.6171875,2068.46728515625
2026-02-06 18:00:00+00:00,69745.578125,2042.9420166015625
2026-02-06 19:00:00+00:00,70739.2421875,2064.68994140625
2026-02-06 20:00:00+00:00,70078.875,2054.65673828125
2026-02-06 21:00:00+00:00,70341.296875,2053.3916015625
2026-02-06 22:00:00+00:00,71295.2578125,2072.3095703125
2026-02-06 23:00:00+00:00,70553.796875,2063.333740234375
2026-02-07 00:00:00+00:00,69918.40625,2041.7049560546875
2026-02-07 01:00:00+00:00,70479.3984375,2064.12060546875
2026-02-07 02:00:00+00:00,70330.5625,2056.79052734375
2026-02-07 03:00:00+00:00,70793.75,2080.3984375
2026-02-07 04:00:00+00:00,70678.53125,2086.310546875
2026-02-07 05:00:00+00:00,70077.4375,2081.380859375
2026-02-07 06:00:00+00:00,68887.171875,2052.15625
2026-02-07 07:00:00+00:00,68144.4140625,2027.431396484375
2026-02-07 08:00:00+00:00,68526.3046875,2021.8876953125
2026-02-07 09:00:00+00:00,68037.2734375,2011.3089599609375
2026-02-07 10:00:00+00:00,67967.296875,2010.3944091796875
2026-02-07 11:00:00+00:00,67935.734375,2018.6556396484375
2026-02-07 12:00:00+00:00,68888.953125,2039.6904296875
2026-02-07 13:00:00+00:00,68944.21875,2036.68603515625
2026-02-07 14:00:00+00:00,68617.71875,2019.3265380859375
2026-02-07 15:00:00+00:00,69057.765625,2050.132080078125
2026-02-07 16:00:00+00:00,68935.0546875,2049.714599609375
2026-02-07 17:00:00+00:00,69141.8203125,2059.615966796875
2026-02-07 18:00:00+00:00,69420.8203125,2095.849365234375
2026-02-07 19:00:00+00:00,69262.84375,2088.836181640625
2026-02-07 20:00:00+00:00,69589.25,2103.661865234375
2026-02-07 21:00:00+00:00,69393.890625,2099.740478515625
2026-02-07 22:00:00+00:00,69401.46875,2090.851806640625
2026-02-07 23:00:00+00:00,69283.7265625,2090.63330078125
2026-02-08 00:00:00+00:00,68980.015625,2079.294921875
2026-02-08 01:00:00+00:00,69318.828125,2093.784912109375
2026-02-08 02:00:00+00:00,69280.2109375,2085.646728515625
2026-02-08 03:00:00+00:00,69053.3359375,2077.12939453125
2026-02-08 04:00:00+00:00,69227.8203125,2081.365478515625
2026-02-08 05:00:00+00:00,69181.0078125,2083.783935546875
2026-02-08 06:00:00+00:00,69250.5546875,2076.865478515625
2026-02-08 07:00:00+00:00,69640.6875,2082.035888671875
2026-02-08 08:00:00+00:00,70629.3203125,2115.045166015625
2026-02-08 09:00:00+00:00,70158.1875,2100.2919921875
2026-02-08 10:00:00+00:00,70193.890625,2094.83642578125
2026-02-08 11:00:00+00:00,70906.015625,2128.774658203125
2026-02-08 12:00:00+00:00,71108.65625,2125.33251953125
2026-02-08 13:00:00+00:00,71404.6875,2123.792236328125
2026-02-08 14:00:00+00:00,71155.453125,2123.052490234375
2026-02-08 15:00:00+00:00,71068.4609375,2107.47705078125
2026-02-08 16:00:00+00:00,70333.578125,2077.390380859375
2026-02-08 17:00:00+00:00,70740.328125,2090.82373046875
2026-02-08 18:00:00+00:00,71145.9921875,2110.472412109375
2026-02-08 19:00:00+00:00,71368.1640625,2125.472900390625
2026-02-08 20:00:00+00:00,70788.21875,2102.75048828125
2026-02-08 21:00:00+00:00,70673.9140625,2095.098876953125
2026-02-08 22:00:00+00:00,71035.0,2109.156494140625
2026-02-08 23:00:00+00:00,70243.328125,2087.92138671875
2026-02-09 00:00:00+00:00,70464.6171875,2083.68896484375
2026-02-09 01:00:00+00:00,70335.8125,2069.771240234375
2026-02-09 02:00:00+00:00,70588.921875,2080.46435546875
2026-02-09 03:00:00+00:00,71210.2890625,2096.18896484375
2026-02-09 04:00:00+00:00,71006.796875,2091.2255859375
2026-02-09 05:00:00+00:00,70911.234375,2093.320556640625
2026-02-09 06:00:00+00:00,70612.078125,2080.763427734375
2026-02-09 07:00:00+00:00,70396.03125,2066.037109375
2026-02-09 08:00:00+00:00,69840.75,2050.93017578125
2026-02-09 09:00:00+00:00,69529.40625,2037.2779541015625
2026-02-09 10:00:00+00:00,68665.3828125,2020.6605224609375
2026-02-09 11:00:00+00:00,68798.65625,2024.1920166015625
2026-02-09 12:00:00+00:00,69033.953125,2033.292236328125
2026-02-09 13:00:00+00:00,68622.7421875,2023.8507080078125
2026-02-09 14:00:00+00:00,69246.4921875,2041.91796875
2026-02-09 15:00:00+00:00,69482.2890625,2060.60498046875
2026-02-09 16:00:00+00:00,70069.5546875,2091.093505859375
2026-02-09 17:00:00+00:00,70586.125,2125.96533203125
2026-02-09 18:00:00+00:00,70320.4375,2126.43310546875
2026-02-09 19:00:00+00:00,70882.671875,2128.853515625
2026-02-09 20:00:00+00:00,70759.203125,2126.1728515625
2026-02-09 21:00:00+00:00,70373.8125,2121.907470703125
2026-02-09 22:00:00+00:00,70333.578125,2111.43359375
2026-02-09 23:00:00+00:00,70137.390625,2104.181884765625
2026-02-10 00:00:00+00:00,69837.25,2099.21923828125
2026-02-10 01:00:00+00:00,70357.90625,2115.359130859375
2026-02-10 02:00:00+00:00,70051.40625,2105.737060546875
2026-02-10 03:00:00+00:00,69443.59375,2063.0068359375
2026-02-10 04:00:00+00:00,69804.0703125,2069.312744140625
2026-02-10 05:00:00+00:00,69396.2109375,2052.68310546875
2026-02-10 06:00:00+00:00,68879.46875,2005.9248046875
2026-02-10 07:00:00+00:00,68896.2421875,2007.281494140625
2026-02-10 08:00:00+00:00,69067.2109375,2013.13330078125
2026-02-10 09:00:00+00:00,69061.3125,2014.26953125
2026-02-10 10:00:00+00:00,68911.4375,2013.896240234375
2026-02-10 11:00:00+00:00,68473.6796875,2000.4228515625
2026-02-10 12:00:00+00:00,68557.109375,2007.48193359375
2026-02-10 13:00:00+00:00,68959.328125,2020.2479248046875
2026-02-10 14:00:00+00:00,68395.9921875,2010.3173828125
2026-02-10 15:00:00+00:00,69265.8515625,2022.073974609375
2026-02-10 16:00:00+00:00,69521.46875,2025.94580078125
2026-02-10 17:00:00+00:00,69766.5234375,2035.6148681640625
2026-02-10 18:00:00+00:00,68902.0703125,2011.2469482421875
2026-02-10 19:00:00+00:00,68995.203125,2015.430419921875
2026-02-10 20:00:00+00:00,68765.265625,2012.8240966796875
2026-02-10 21:00:00+00:00,68594.859375,2006.468505859375
2026-02-10 22:00:00+00:00,68703.6875,2016.0819091796875
2026-02-10 23:00:00+00:00,68791.859375,2019.580078125
2026-02-11 00:00:00+00:00,69181.0859375,2025.7398681640625
2026-02-11 01:00:00+00:00,68948.5234375,2023.046875
2026-02-11 02:00:00+00:00,68665.5234375,2016.7510986328125
2026-02-11 03:00:00+00:00,68242.171875,2008.5963134765625
2026-02-11 04:00:00+00:00,67546.71875,1970.3037109375
2026-02-11 05:00:00+00:00,67381.9921875,1973.644287109375
2026-02-11 06:00:00+00:00,66750.9140625,1947.7227783203125
2026-02-11 07:00:00+00:00,67004.359375,1951.134521484375
2026-02-11 08:00:00+00:00,66945.640625,1948.866943359375
2026-02-11 09:00:00+00:00,66790.8984375,1945.2454833984375
2026-02-11 10:00:00+00:00,66504.40625,1937.39501953125
2026-02-11 11:00:00+00:00,67025.0234375,1952.75830078125
2026-02-11 12:00:00+00:00,67116.8828125,1951.2242431640625
2026-02-11 13:00:00+00:00,67500.890625,1962.849853515625
2026-02-11 14:00:00+00:00,66507.4609375,1939.838623046875
2026-02-11 15:00:00+00:00,66516.078125,1930.6951904296875
2026-02-11 16:00:00+00:00,66028.40625,1915.43994140625
2026-02-11 17:00:00+00:00,66552.1328125,1931.4757080078125
2026-02-11 18:00:00+00:00,67210.734375,1942.6259765625
2026-02-11 19:00:00+00:00,67536.265625,1951.6099853515625
2026-02-11 20:00:00+00:00,67546.4609375,1955.1455078125
2026-02-11 21:00:00+00:00,67794.1328125,1970.26220703125
2026-02-11 22:00:00+00:00,67423.765625,1951.677490234375
2026-02-11 23:00:00+00:00,66992.1953125,1940.8411865234375
2026-02-12 00:00:00+00:00,67478.34375,1960.1444091796875
2026-02-12 01:00:00+00:00,67642.1875,1965.6427001953125
2026-02-12 02:00:00+00:00,67400.515625,1957.9884033203125
2026-02-12 03:00:00+00:00,67529.8125,1967.1075439453125
2026-02-12 04:00:00+00:00,66993.4375,1964.963134765625
2026-02-12 05:00:00+00:00,67069.1953125,1967.821533203125
2026-02-12 06:00:00+00:00,67047.5078125,1969.8309326171875
2026-02-12 07:00:00+00:00,67168.515625,1968.3614501953125
2026-02-12 08:00:00+00:00,67089.2421875,1964.3370361328125
2026-02-12 09:00:00+00:00,67534.078125,1979.73828125
2026-02-12 10:00:00+00:00,67904.09375,1992.61572265625
2026-02-12 11:00:00+00:00,68084.796875,1988.856689453125
2026-02-12 12:00:00+00:00,67800.859375,1980.21630859375
2026-02-12 13:00:00+00:00,68315.1328125,1994.0509033203125
2026-02-12 14:00:00+00:00,67697.4140625,1979.2113037109375
2026-02-12 15:00:00+00:00,67116.5078125,1948.4622802734375
2026-02-12 16:00:00+00:00,65785.0078125,1906.78857421875
2026-02-12 17:00:00+00:00,65447.46875,1909.8507080078125
2026-02-12 18:00:00+00:00,65581.5859375,1918.8770751953125
2026-02-12 19:00:00+00:00,65781.4140625,1923.9476318359375
2026-02-12 20:00:00+00:00,65356.19921875,1914.54248046875
2026-02-12 21:00:00+00:00,65735.375,1920.8489990234375
2026-02-12 22:00:00+00:00,66255.21875,1942.3321533203125
2026-02-12 23:00:00+00:00,66213.375,1946.6107177734375
2026-02-13 00:00:00+00:00,65950.078125,1933.1378173828125
2026-02-13 01:00:00+00:00,66330.4765625,1940.1651611328125
2026-02-13 02:00:00+00:00,66666.5,1948.67333984375
2026-02-13 03:00:00+00:00,66452.0,1950.6873779296875
2026-02-13 04:00:00+00:00,66304.015625,1945.7669677734375
2026-02-13 05:00:00+00:00,66172.875,1932.6165771484375
2026-02-13 06:00:00+00:00,66310.0078125,1935.7216796875
2026-02-13 07:00:00+00:00,66145.0,1934.620849609375
2026-02-13 08:00:00+00:00,66569.484375,1956.523681640625
2026-02-13 09:00:00+00:00,66887.1328125,1960.0076904296875
2026-02-13 10:00:00+00:00,66946.578125,1957.9599609375
2026-02-13 11:00:00+00:00,67143.9296875,1959.2269287109375
2026-02-13 12:00:00+00:00,67045.328125,1959.6341552734375
2026-02-13 13:00:00+00:00,67273.0859375,1969.0118408203125
2026-02-13 14:00:00+00:00,67689.4140625,1987.660400390625
2026-02-13 15:00:00+00:00,68573.484375,2031.1822509765625
2026-02-13 16:00:00+00:00,68914.1171875,2060.787353515625
2026-02-13 17:00:00+00:00,69031.4921875,2060.18701171875
2026-02-13 18:00:00+00:00,69091.9921875,2055.9052734375
2026-02-13 19:00:00+00:00,68956.765625,2057.629150390625
2026-02-13 20:00:00+00:00,68698.0078125,2044.5650634765625
2026-02-13 21:00:00+00:00,68800.84375,2051.8662109375
2026-02-13 22:00:00+00:00,68898.0,2051.687744140625
2026-02-13 23:00:00+00:00,68856.984375,2048.330322265625
2026-02-14 00:00:00+00:00,69057.90625,2054.49169921875
2026-02-14 01:00:00+00:00,68931.6484375,2053.91357421875
2026-02-14 02:00:00+00:00,68859.875,2049.68701171875
2026-02-14 03:00:00+00:00,68942.359375,2053.71533203125
2026-02-14 04:00:00+00:00,68777.0234375,2052.934814453125
2026-02-14 05:00:00+00:00,68741.171875,2050.30078125
2026-02-14 06:00:00+00:00,68891.5,2052.91162109375
2026-02-14 07:00:00+00:00,69235.171875,2057.38037109375
2026-02-14 08:00:00+00:00,69732.4140625,2081.947021484375
2026-02-14 09:00:00+00:00,69688.65625,2078.759521484375
2026-02-14 10:00:00+00:00,69616.640625,2076.384765625
2026-02-14 11:00:00+00:00,70448.53125,2098.546630859375
2026-02-14 12:00:00+00:00,69784.71875,2072.9423828125
2026-02-14 13:00:00+00:00,69413.359375,2070.595458984375
2026-02-14 14:00:00+00:00,69761.71875,2085.224609375
2026-02-14 15:00:00+00:00,69760.9375,2087.43994140625
2026-02-14 16:00:00+00:00,69717.2421875,2082.770751953125
2026-02-14 17:00:00+00:00,69670.140625,2078.660888671875
2026-02-14 18:00:00+00:00,69727.0078125,2083.434326171875
2026-02-14 19:00:00+00:00,69811.453125,2087.406005859375
2026-02-14 20:00:00+00:00,69966.65625,2087.828125
2026-02-14 21:00:00+00:00,69886.1328125,2084.49365234375
2026-02-14 22:00:00+00:00,69942.1015625,2089.632080078125
2026-02-14 23:00:00+00:00,69764.953125,2085.95361328125
2026-02-15 00:00:00+00:00,69724.3984375,2079.2099609375
2026-02-15 01:00:00+00:00,69649.7109375,2062.752197265625
2026-02-15 02:00:00+00:00,69510.0078125,2061.884765625
2026-02-15 03:00:00+00:00,69957.2265625,2059.48095703125
2026-02-15 04:00:00+00:00,70130.5234375,2074.74365234375
2026-02-15 05:00:00+00:00,70267.7578125,2088.99853515625
2026-02-15 06:00:00+00:00,70369.2421875,2085.073974609375
2026-02-15 07:00:00+00:00,70750.796875,2090.995849609375
2026-02-15 08:00:00+00:00,70404.765625,2068.0263671875
2026-02-15 09:00:00+00:00,70391.078125,2067.63818359375
2026-02-15 10:00:00+00:00,70415.59375,2062.288330078125
2026-02-15 11:00:00+00:00,70266.6796875,2060.533935546875
2026-02-15 12:00:00+00:00,69396.921875,2016.1788330078125
2026-02-15 13:00:00+00:00,68905.875,2000.7767333984375
2026-02-15 14:00:00+00:00,69109.890625,2009.4827880859375
2026-02-15 15:00:00+00:00,69055.6328125,2010.60791015625
2026-02-15 16:00:00+00:00,69018.3046875,2006.4000244140625
2026-02-15 17:00:00+00:00,68599.8359375,1971.20166015625
2026-02-15 18:00:00+00:00,68388.75,1957.1968994140625
2026-02-15 19:00:00+00:00,68289.0546875,1943.39794921875
2026-02-15 20:00:00+00:00,68415.1171875,1948.704833984375
2026-02-15 21:00:00+00:00,68852.7734375,1958.522216796875
2026-02-15 22:00:00+00:00,68935.359375,1969.38720703125
2026-02-15 23:00:00+00:00,68782.3984375,1965.9232177734375
2026-02-16 00:00:00+00:00,68843.0625,1968.086669921875
2026-02-16 01:00:00+00:00,68605.6484375,1963.0035400390625
2026-02-16 02:00:00+00:00,68298.8359375,1955.6053466796875
2026-02-16 03:00:00+00:00,68374.7734375,1957.1473388671875
2026-02-16 04:00:00+00:00,68832.8984375,1971.273193359375
2026-02-16 05:00:00+00:00,68370.9921875,1957.24951171875
2026-02-16 06:00:00+00:00,68420.9296875,1966.1055908203125
2026-02-16 07:00:00+00:00,68540.9375,1970.648681640625
2026-02-16 08:00:00+00:00,68716.8046875,1975.9600830078125
2026-02-16 09:00:00+00:00,68958.3671875,1985.896240234375
2026-02-16 10:00:00+00:00,68774.8515625,1978.5460205078125
2026-02-16 11:00:00+00:00,68831.296875,1976.166259765625
2026-02-16 12:00:00+00:00,69743.796875,2006.089111328125
2026-02-16 13:00:00+00:00,68380.53125,1968.3394775390625
2026-02-16 14:00:00+00:00,68421.921875,1972.882080078125
2026-02-16 15:00:00+00:00,67508.296875,1955.6611328125
2026-02-16 16:00:00+00:00,67837.59375,1971.8851318359375
2026-02-16 17:00:00+00:00,67921.6953125,1978.146240234375
2026-02-16 18:00:00+00:00,67831.421875,1967.8729248046875
2026-02-16 19:00:00+00:00,67921.140625,1975.4761962890625
2026-02-16 20:00:00+00:00,68436.703125,1992.0313720703125
2026-02-16 21:00:00+00:00,68879.1171875,2002.2330322265625
2026-02-16 22:00:00+00:00,68604.1953125,1990.2821044921875
2026-02-16 23:00:00+00:00,68843.09375,1997.9217529296875
2026-02-17 00:00:00+00:00,68846.25,1997.833984375
2026-02-17 01:00:00+00:00,68606.765625,1991.9569091796875
2026-02-17 02:00:00+00:00,68926.2578125,2001.8828125
2026-02-17 03:00:00+00:00,68462.9296875,1985.5977783203125
2026-02-17 04:00:00+00:00,68403.921875,1988.4300537109375
2026-02-17 05:00:00+00:00,68198.421875,1974.2774658203125
2026-02-17 06:00:00+00:00,68386.9375,1981.1005859375
2026-02-17 07:00:00+00:00,68365.078125,1985.5633544921875
2026-02-17 08:00:00+00:00,68135.6328125,1975.927734375
2026-02-17 09:00:00+00:00,68072.1484375,1974.5325927734375
2026-02-17 10:00:00+00:00,67775.8359375,1965.378173828125
2026-02-17 11:00:00+00:00,67828.8984375,1967.4580078125
2026-02-17 12:00:00+00:00,67849.4296875,1967.2945556640625
2026-02-17 13:00:00+00:00,68081.3984375,1989.2716064453125
2026-02-17 14:00:00+00:00,66916.4609375,1947.7061767578125
2026-02-17 15:00:00+00:00,67354.390625,1966.2357177734375
2026-02-17 16:00:00+00:00,67492.4296875,1979.6998291015625
2026-02-17 17:00:00+00:00,67231.84375,1963.8531494140625
2026-02-17 18:00:00+00:00,68172.9453125,2003.5570068359375
2026-02-17 19:00:00+00:00,67791.65625,1998.769775390625
2026-02-17 20:00:00+00:00,67735.7890625,1994.39111328125
2026-02-17 21:00:00+00:00,67639.2109375,1999.0562744140625
2026-02-17 22:00:00+00:00,67516.09375,1993.5921630859375
2026-02-17 23:00:00+00:00,67507.3203125,1992.195068359375
2026-02-18 00:00:00+00:00,67291.0,1981.2877197265625
2026-02-18 01:00:00+00:00,67121.0625,1976.4403076171875
2026-02-18 02:00:00+00:00,67306.3515625,1987.3607177734375
2026-02-18 03:00:00+00:00,67636.9921875,1997.69140625
2026-02-18 04:00:00+00:00,67791.8203125,1997.8935546875
2026-02-18 05:00:00+00:00,67614.828125,1995.9910888671875
2026-02-18 06:00:00+00:00,67809.1484375,2001.7508544921875
2026-02-18 07:00:00+00:00,68102.8046875,2017.08837890625
2026-02-18 08:00:00+00:00,68086.5859375,2019.684326171875
2026-02-18 09:00:00+00:00,68149.046875,2015.873291015625
2026-02-18 10:00:00+00:00,67750.2109375,1995.2362060546875
2026-02-18 11:00:00+00:00,67358.8671875,1981.702392578125
2026-02-18 12:00:00+00:00,67478.890625,1982.673095703125
2026-02-18 13:00:00+00:00,67210.875,1969.4482421875
2026-02-18 14:00:00+00:00,67150.765625,1972.3883056640625
2026-02-18 15:00:00+00:00,67606.5546875,1983.1591796875
2026-02-18 16:00:00+00:00,67100.0,1970.1998291015625
2026-02-18 17:00:00+00:00,67140.1796875,1972.87158203125
2026-02-18 18:00:00+00:00,66301.7265625,1952.5955810546875
2026-02-18 19:00:00+00:00,66113.3984375,1933.140380859375
2026-02-18 20:00:00+00:00,66256.09375,1941.9407958984375
2026-02-18 21:00:00+00:00,66325.8046875,1941.823486328125
2026-02-18 22:00:00+00:00,66405.2421875,1947.722900390625
2026-02-18 23:00:00+00:00,66425.625,1953.994140625
2026-02-19 00:00:00+00:00,66419.1328125,1955.7393798828125
2026-02-19 01:00:00+00:00,66825.5234375,1966.226806640625
2026-02-19 02:00:00+00:00,66814.640625,1967.8363037109375
2026-02-19 03:00:00+00:00,66915.53125,1971.9700927734375
2026-02-19 04:00:00+00:00,66789.984375,1969.40625
2026-02-19 05:00:00+00:00,66835.296875,1969.3729248046875
2026-02-19 06:00:00+00:00,67105.7734375,1982.427490234375
2026-02-19 07:00:00+00:00,67162.84375,1980.0421142578125
2026-02-19 08:00:00+00:00,66918.140625,1969.2840576171875
2026-02-19 09:00:00+00:00,66813.484375,1963.712646484375
2026-02-19 10:00:00+00:00,66810.2578125,1959.7847900390625
2026-02-19 11:00:00+00:00,66470.9375,1948.7508544921875
2026-02-19 12:00:00+00:00,66483.296875,1947.181396484375
2026-02-19 13:00:00+00:00,65880.5625,1920.2276611328125
2026-02-19 14:00:00+00:00,66429.0859375,1937.7376708984375
2026-02-19 15:00:00+00:00,66353.5703125,1923.4669189453125
2026-02-19 16:00:00+00:00,66340.359375,1923.10595703125
2026-02-19 17:00:00+00:00,66290.6875,1918.212890625
2026-02-19 18:00:00+00:00,66922.703125,1936.26171875
2026-02-19 19:00:00+00:00,67021.28125,1939.7535400390625
2026-02-19 20:00:00+00:00,67093.53125,1948.1395263671875
2026-02-19 21:00:00+00:00,66900.234375,1946.7999267578125
2026-02-19 22:00:00+00:00,66912.203125,1944.04150390625
2026-02-19 23:00:00+00:00,66958.578125,1948.268798828125
2026-02-20 00:00:00+00:00,67228.1953125,1957.1546630859375
2026-02-20 01:00:00+00:00,67254.0390625,1952.6129150390625
2026-02-20 02:00:00+00:00,67261.328125,1950.326171875
2026-02-20 03:00:00+00:00,67343.1328125,1954.4239501953125
2026-02-20 04:00:00+00:00,67233.375,1938.4036865234375
2026-02-20 05:00:00+00:00,67743.9921875,1954.1561279296875
2026-02-20 06:00:00+00:00,67835.203125,1957.5352783203125
2026-02-20 07:00:00+00:00,67780.3203125,1959.66650390625
2026-02-20 08:00:00+00:00,67842.3046875,1959.85791015625
2026-02-20 09:00:00+00:00,68166.8203125,1967.625732421875
2026-02-20 10:00:00+00:00,67912.8984375,1957.0419921875
2026-02-20 11:00:00+00:00,67410.9375,1945.2313232421875
2026-02-20 12:00:00+00:00,67501.0625,1950.0484619140625
2026-02-20 13:00:00+00:00,66736.4609375,1933.053466796875
2026-02-20 14:00:00+00:00,67070.5546875,1942.736572265625
2026-02-20 15:00:00+00:00,67543.796875,1962.3543701171875
2026-02-20 16:00:00+00:00,67753.578125,1968.9615478515625
2026-02-20 17:00:00+00:00,67574.7734375,1965.377197265625
2026-02-20 18:00:00+00:00,67940.15625,1975.3941650390625
2026-02-20 19:00:00+00:00,67637.828125,1962.9530029296875
2026-02-20 20:00:00+00:00,67704.0390625,1967.6123046875
2026-02-20 21:00:00+00:00,67789.5703125,1973.9161376953125
2026-02-20 22:00:00+00:00,68043.890625,1971.5299072265625
2026-02-20 23:00:00+00:00,68000.25,1968.86181640625
2026-02-21 00:00:00+00:00,67817.828125,1962.2374267578125
2026-02-21 01:00:00+00:00,67951.6953125,1965.6614990234375
2026-02-21 02:00:00+00:00,68005.3125,1966.280029296875
2026-02-21 03:00:00+00:00,67636.8515625,1958.4554443359375
2026-02-21 04:00:00+00:00,67812.5078125,1962.07763671875
2026-02-21 05:00:00+00:00,67828.4921875,1961.775390625
2026-02-21 06:00:00+00:00,67760.484375,1960.8648681640625
2026-02-21 07:00:00+00:00,67836.328125,1962.0164794921875
2026-02-21 08:00:00+00:00,68055.921875,1970.27783203125
2026-02-21 09:00:00+00:00,68127.8046875,1970.1209716796875
2026-02-21 10:00:00+00:00,68174.34375,1972.93896484375
2026-02-21 11:00:00+00:00,68070.296875,1976.5098876953125
2026-02-21 12:00:00+00:00,68173.328125,1975.2911376953125
2026-02-21 13:00:00+00:00,68228.453125,1980.0225830078125
2026-02-21 14:00:00+00:00,68451.859375,1988.0093994140625
2026-02-21 15:00:00+00:00,68631.53125,1988.972900390625
2026-02-21 16:00:00+00:00,68302.8984375,1985.931640625
2026-02-21 17:00:00+00:00,68400.296875,1988.9129638671875
2026-02-21 18:00:00+00:00,68554.546875,1992.3084716796875
2026-02-21 19:00:00+00:00,68526.921875,1988.3167724609375
2026-02-21 20:00:00+00:00,68343.453125,1978.453857421875
2026-02-21 21:00:00+00:00,68353.4375,1981.3380126953125
2026-02-21 22:00:00+00:00,67947.1640625,1973.166015625
2026-02-21 23:00:00+00:00,67998.828125,1973.57080078125
2026-02-22 00:00:00+00:00,67906.1796875,1971.98828125
2026-02-22 01:00:00+00:00,68118.921875,1976.786865234375
2026-02-22 02:00:00+00:00,67885.890625,1972.19140625
2026-02-22 03:00:00+00:00,68004.8359375,1973.5584716796875
2026-02-22 04:00:00+00:00,67967.2265625,1973.169921875
2026-02-22 05:00:00+00:00,67916.25,1974.0360107421875
2026-02-22 06:00:00+00:00,68042.4453125,1975.392333984375
2026-02-22 07:00:00+00:00,67996.5703125,1975.739990234375
2026-02-22 08:00:00+00:00,67970.7890625,1972.8734130859375
2026-02-22 09:00:00+00:00,68062.1796875,1975.565185546875
2026-02-22 10:00:00+00:00,68123.90625,1977.291748046875
2026-02-22 11:00:00+00:00,68194.921875,1980.2957763671875
2026-02-22 12:00:00+00:00,67939.3515625,1966.4031982421875
2026-02-22 13:00:00+00:00,67643.4375,1950.7691650390625
2026-02-22 14:00:00+00:00,67432.828125,1949.9183349609375
2026-02-22 15:00:00+00:00,67687.765625,1954.0989990234375
2026-02-22 16:00:00+00:00,67611.46875,1952.1143798828125
2026-02-22 17:00:00+00:00,67351.78125,1939.8367919921875
2026-02-22 18:00:00+00:00,67409.9375,1942.4564208984375
2026-02-22 19:00:00+00:00,67402.8828125,1943.3526611328125
2026-02-22 20:00:00+00:00,67355.0703125,1940.0980224609375
2026-02-22 21:00:00+00:00,67586.2265625,1949.9410400390625
2026-02-22 22:00:00+00:00,67674.3671875,1959.503662109375
2026-02-22 23:00:00+00:00,67668.4296875,1958.1396484375
2026-02-23 00:00:00+00:00,66794.609375,1931.1932373046875
2026-02-23 01:00:00+00:00,64614.25390625,1864.8416748046875
2026-02-23 02:00:00+00:00,64727.58984375,1862.1102294921875
2026-02-23 03:00:00+00:00,64946.36328125,1863.0762939453125
2026-02-23 04:00:00+00:00,64811.03515625,1859.5579833984375
2026-02-23 05:00:00+00:00,65036.359375,1865.203369140625
2026-02-23 06:00:00+00:00,65734.015625,1879.2552490234375
2026-02-23 07:00:00+00:00,65941.9375,1884.7642822265625
2026-02-23 08:00:00+00:00,65673.8359375,1880.28955078125
2026-02-23 09:00:00+00:00,66387.96875,1915.7755126953125
2026-02-23 10:00:00+00:00,66308.2578125,1912.874267578125
2026-02-23 11:00:00+00:00,66182.5,1913.9639892578125
2026-02-23 12:00:00+00:00,66259.6328125,1919.6748046875
2026-02-23 13:00:00+00:00,66121.859375,1921.4493408203125
2026-02-23 14:00:00+00:00,65867.7421875,1904.567138671875
2026-02-23 15:00:00+00:00,65696.8359375,1896.8095703125
2026-02-23 16:00:00+00:00,65304.8828125,1883.4345703125
2026-02-23 17:00:00+00:00,64738.64453125,1863.799072265625
2026-02-23 18:00:00+00:00,64595.89453125,1855.885009765625
2026-02-23 19:00:00+00:00,64333.2734375,1857.3173828125
2026-02-23 20:00:00+00:00,64430.45703125,1861.262451171875
2026-02-23 21:00:00+00:00,64594.91796875,1862.7762451171875
2026-02-23 22:00:00+00:00,64745.125,1861.4619140625
2026-02-23 23:00:00+00:00,64616.015625,1855.4727783203125
2026-02-24 00:00:00+00:00,64912.8125,1866.504150390625
2026-02-24 01:00:00+00:00,64138.8125,1842.0185546875
2026-02-24 02:00:00+00:00,64104.38671875,1843.7237548828125
2026-02-24 03:00:00+00:00,63548.0234375,1830.688720703125
2026-02-24 04:00:00+00:00,63301.16015625,1829.1343994140625
2026-02-24 05:00:00+00:00,63070.01171875,1825.801025390625
2026-02-24 06:00:00+00:00,63054.20703125,1820.3980712890625
2026-02-24 07:00:00+00:00,63134.9609375,1824.1695556640625
2026-02-24 08:00:00+00:00,63403.109375,1831.211181640625
2026-02-24 09:00:00+00:00,63228.16796875,1824.472900390625
2026-02-24 10:00:00+00:00,63286.55078125,1826.1390380859375
2026-02-24 11:00:00+00:00,63193.3125,1823.7587890625
2026-02-24 12:00:00+00:00,62957.0234375,1823.6048583984375
2026-02-24 13:00:00+00:00,62961.20703125,1816.646240234375
2026-02-24 14:00:00+00:00,63470.140625,1834.0703125
2026-02-24 15:00:00+00:00,64001.703125,1847.33984375
2026-02-24 16:00:00+00:00,64227.59375,1856.23046875
2026-02-24 17:00:00+00:00,64228.8046875,1856.919677734375
2026-02-24 18:00:00+00:00,64427.65234375,1856.9971923828125
2026-02-24 19:00:00+00:00,64453.90234375,1853.305419921875
2026-02-24 20:00:00+00:00,64453.00390625,1857.8055419921875
2026-02-24 21:00:00+00:00,64064.83203125,1854.087646484375
2026-02-24 22:00:00+00:00,64114.7109375,1860.6368408203125
2026-02-24 23:00:00+00:00,64077.76953125,1852.87548828125
2026-02-25 00:00:00+00:00,64236.2734375,1852.122314453125
2026-02-25 01:00:00+00:00,65926.2578125,1919.2947998046875
2026-02-25 02:00:00+00:00,65898.5078125,1921.64208984375
2026-02-25 03:00:00+00:00,65408.60546875,1906.4058837890625
2026-02-25 04:00:00+00:00,65447.0625,1906.5628662109375
2026-02-25 05:00:00+00:00,64880.109375,1888.136474609375
2026-02-25 06:00:00+00:00,64881.859375,1885.388671875
2026-02-25 07:00:00+00:00,65021.8671875,1893.162109375
2026-02-25 08:00:00+00:00,65525.97265625,1910.3485107421875
2026-02-25 09:00:00+00:00,65559.4921875,1914.700927734375
2026-02-25 10:00:00+00:00,65365.82421875,1910.62060546875
2026-02-25 11:00:00+00:00,65386.45703125,1922.51513671875
2026-02-25 12:00:00+00:00,66031.09375,1950.2662353515625
2026-02-25 13:00:00+00:00,66241.3125,1964.0491943359375
2026-02-25 14:00:00+00:00,66909.9296875,1994.77294921875
2026-02-25 15:00:00+00:00,67273.5234375,2010.1610107421875
2026-02-25 16:00:00+00:00,68298.890625,2048.9716796875
2026-02-25 17:00:00+00:00,68626.4140625,2071.87451171875
2026-02-25 18:00:00+00:00,69373.6328125,2075.308349609375
2026-02-25 19:00:00+00:00,69070.765625,2071.738037109375
2026-02-25 20:00:00+00:00,69219.953125,2075.823486328125
2026-02-25 21:00:00+00:00,68883.7109375,2096.123046875
2026-02-25 22:00:00+00:00,68304.9453125,2083.3095703125
2026-02-25 23:00:00+00:00,67954.8671875,2053.78271484375
2026-02-26 00:00:00+00:00,68336.0703125,2062.07470703125
2026-02-26 01:00:00+00:00,68287.078125,2059.56103515625
2026-02-26 02:00:00+00:00,68278.4921875,2054.529052734375
2026-02-26 03:00:00+00:00,68193.25,2055.23095703125
2026-02-26 04:00:00+00:00,68588.71875,2076.481201171875
2026-02-26 05:00:00+00:00,68429.953125,2066.27587890625
2026-02-26 06:00:00+00:00,68190.3203125,2063.72314453125
2026-02-26 07:00:00+00:00,67876.796875,2054.897216796875
2026-02-26 08:00:00+00:00,67954.359375,2053.695556640625
2026-02-26 09:00:00+00:00,68553.5625,2074.691162109375
2026-02-26 10:00:00+00:00,68298.1171875,2065.74853515625
2026-02-26 11:00:00+00:00,68018.875,2057.065185546875
2026-02-26 12:00:00+00:00,68175.6015625,2069.621337890625
2026-02-26 13:00:00+00:00,67926.7265625,2065.458984375
2026-02-26 14:00:00+00:00,67680.6875,2050.21826171875
2026-02-26 15:00:00+00:00,67410.421875,2033.388427734375
2026-02-26 16:00:00+00:00,66596.4921875,1982.624755859375
2026-02-26 17:00:00+00:00,66826.6328125,1989.7047119140625
2026-02-26 18:00:00+00:00,67336.1875,2005.5234375
2026-02-26 19:00:00+00:00,67557.1796875,2028.3690185546875
2026-02-26 20:00:00+00:00,67423.90625,2026.90087890625
2026-02-26 21:00:00+00:00,67459.8203125,2030.529541015625
2026-02-26 22:00:00+00:00,67544.796875,2032.6326904296875
2026-02-26 23:00:00+00:00,67456.515625,2026.735107421875
2026-02-27 00:00:00+00:00,67210.71875,2013.552001953125
2026-02-27 01:00:00+00:00,67286.1484375,2018.5987548828125
2026-02-27 02:00:00+00:00,67362.4765625,2028.4501953125
2026-02-27 03:00:00+00:00,67641.2578125,2045.952392578125
2026-02-27 04:00:00+00:00,67750.015625,2045.960693359375
2026-02-27 05:00:00+00:00,67699.2890625,2041.4666748046875
2026-02-27 06:00:00+00:00,67665.2265625,2036.6181640625
2026-02-27 07:00:00+00:00,67696.2578125,2032.5775146484375
2026-02-27 08:00:00+00:00,67982.375,2033.771484375
2026-02-27 09:00:00+00:00,67388.1484375,2011.7950439453125
2026-02-27 10:00:00+00:00,66645.5546875,1982.197021484375
2026-02-27 11:00:00+00:00,66110.796875,1963.1783447265625
2026-02-27 12:00:00+00:00,65805.46875,1957.39404296875
2026-02-27 13:00:00+00:00,66173.640625,1960.7911376953125
2026-02-27 14:00:00+00:00,65862.6015625,1943.5423583984375
2026-02-27 15:00:00+00:00,66120.5546875,1948.63232421875
2026-02-27 16:00:00+00:00,65505.83984375,1927.24658203125
2026-02-27 17:00:00+00:00,65659.328125,1931.227294921875
2026-02-27 18:00:00+00:00,65299.4375,1918.0804443359375
2026-02-27 19:00:00+00:00,65419.8515625,1921.7393798828125
2026-02-27 20:00:00+00:00,65570.7421875,1922.89599609375
2026-02-27 21:00:00+00:00,65518.3984375,1921.1412353515625
2026-02-27 22:00:00+00:00,65595.28125,1920.0902099609375
2026-02-27 23:00:00+00:00,65878.9296875,1930.7469482421875
2026-02-28 00:00:00+00:00,65946.0078125,1932.8529052734375
2026-02-28 01:00:00+00:00,65811.4375,1926.3038330078125
2026-02-28 02:00:00+00:00,65983.046875,1930.824951171875
2026-02-28 03:00:00+00:00,65798.34375,1924.007080078125
2026-02-28 04:00:00+00:00,65664.78125,1925.0833740234375
2026-02-28 05:00:00+00:00,65529.15625,1919.400390625
2026-02-28 06:00:00+00:00,63106.07421875,1838.447509765625
2026-02-28 07:00:00+00:00,63853.66796875,1867.3154296875
2026-02-28 08:00:00+00:00,63426.86328125,1849.489990234375
2026-02-28 09:00:00+00:00,63688.921875,1855.7568359375
2026-02-28 10:00:00+00:00,64001.16015625,1865.649169921875
2026-02-28 11:00:00+00:00,63836.734375,1862.88525390625
2026-02-28 12:00:00+00:00,64032.43359375,1869.2578125
2026-02-28 13:00:00+00:00,64996.7265625,1901.19677734375
2026-02-28 14:00:00+00:00,64490.59765625,1889.517578125
2026-02-28 15:00:00+00:00,64862.44140625,1899.5020751953125
2026-02-28 16:00:00+00:00,65147.98046875,1905.2484130859375
2026-02-28 17:00:00+00:00,65421.79296875,1908.2802734375
2026-02-28 18:00:00+00:00,65889.9765625,1935.73095703125
2026-02-28 19:00:00+00:00,66335.4375,1944.32958984375
2026-02-28 20:00:00+00:00,66903.65625,1965.7398681640625
2026-02-28 21:00:00+00:00,66758.203125,1960.0479736328125
2026-02-28 22:00:00+00:00,67276.6796875,1968.8851318359375
2026-02-28 23:00:00+00:00,67005.8828125,1965.3902587890625
2026-03-01 00:00:00+00:00,66821.7734375,1963.1912841796875
2026-03-01 01:00:00+00:00,67271.4453125,2005.623046875
2026-03-01 02:00:00+00:00,67667.5390625,2034.43603515625
2026-03-01 03:00:00+00:00,67487.265625,2019.8779296875
2026-03-01 04:00:00+00:00,67320.1875,2015.3348388671875
2026-03-01 05:00:00+00:00,67322.9296875,2011.10791015625
2026-03-01 06:00:00+00:00,66941.3515625,1999.2684326171875
2026-03-01 07:00:00+00:00,67120.640625,2006.9381103515625
2026-03-01 08:00:00+00:00,66539.4453125,1984.520263671875
2026-03-01 09:00:00+00:00,66373.390625,1979.7353515625
2026-03-01 10:00:00+00:00,66472.515625,1983.8004150390625
2026-03-01 11:00:00+00:00,66468.6328125,1983.9608154296875
2026-03-01 12:00:00+00:00,66342.71875,1978.2344970703125
2026-03-01 13:00:00+00:00,66990.5078125,2009.3201904296875
2026-03-01 14:00:00+00:00,66875.765625,2001.68115234375
2026-03-01 15:00:00+00:00,66880.40625,1996.911376953125
2026-03-01 16:00:00+00:00,66168.8828125,1974.3157958984375
2026-03-01 17:00:00+00:00,66061.0078125,1966.2474365234375
2026-03-01 18:00:00+00:00,66302.34375,1975.5087890625
2026-03-01 19:00:00+00:00,65957.3046875,1954.3865966796875
2026-03-01 20:00:00+00:00,65328.14453125,1913.1446533203125
2026-03-01 21:00:00+00:00,65743.03125,1931.130859375
2026-03-01 22:00:00+00:00,65249.9296875,1926.2791748046875
2026-03-01 23:00:00+00:00,65734.078125,1939.0587158203125
2026-03-02 00:00:00+00:00,66532.3828125,1960.954833984375
2026-03-02 01:00:00+00:00,66532.8046875,1963.8245849609375
2026-03-02 02:00:00+00:00,66341.1875,1956.6756591796875
2026-03-02 03:00:00+00:00,66860.3671875,1972.7088623046875
2026-03-02 04:00:00+00:00,66772.0703125,1971.8067626953125
2026-03-02 05:00:00+00:00,66789.375,1974.149658203125
2026-03-02 06:00:00+00:00,66230.34375,1944.964111328125
2026-03-02 07:00:00+00:00,65960.0234375,1941.06884765625
2026-03-02 08:00:00+00:00,66252.703125,1946.8670654296875
2026-03-02 09:00:00+00:00,66237.2890625,1949.222412109375
2026-03-02 10:00:00+00:00,66262.90625,1950.7054443359375
2026-03-02 11:00:00+00:00,66305.390625,1947.8978271484375
2026-03-02 12:00:00+00:00,65961.5625,1938.581298828125
2026-03-02 13:00:00+00:00,65444.7578125,1927.2745361328125
2026-03-02 14:00:00+00:00,67064.1328125,1977.7510986328125
2026-03-02 15:00:00+00:00,69062.390625,2045.9365234375
2026-03-02 16:00:00+00:00,69511.75,2062.864013671875
2026-03-02 17:00:00+00:00,69117.0234375,2040.24072265625
2026-03-02 18:00:00+00:00,68984.875,2030.3663330078125
2026-03-02 19:00:00+00:00,68949.6328125,2042.6102294921875
2026-03-02 20:00:00+00:00,69291.546875,2039.6468505859375
2026-03-02 21:00:00+00:00,69425.90625,2043.9520263671875
2026-03-02 22:00:00+00:00,69370.515625,2052.811279296875
2026-03-02 23:00:00+00:00,68785.078125,2027.407958984375
2026-03-03 00:00:00+00:00,69013.921875,2032.1151123046875
2026-03-03 01:00:00+00:00,68807.1796875,2022.9605712890625
2026-03-03 02:00:00+00:00,68532.8984375,2014.78466796875
2026-03-03 03:00:00+00:00,68360.0859375,2008.7083740234375
2026-03-03 04:00:00+00:00,68106.1875,2000.2069091796875
2026-03-03 05:00:00+00:00,67875.953125,1989.5211181640625
2026-03-03 06:00:00+00:00,68093.921875,1999.097412109375
2026-03-03 07:00:00+00:00,68182.3203125,1995.5128173828125
2026-03-03 08:00:00+00:00,66989.2109375,1953.021484375
2026-03-03 09:00:00+00:00,66648.625,1951.7958984375
2026-03-03 10:00:00+00:00,66712.203125,1955.99658203125
2026-03-03 11:00:00+00:00,67054.8515625,1962.77734375
2026-03-03 12:00:00+00:00,67396.375,1967.8785400390625
2026-03-03 13:00:00+00:00,66931.0,1951.667724609375
2026-03-03 14:00:00+00:00,66571.3359375,1946.055908203125
2026-03-03 15:00:00+00:00,67582.1015625,1965.88916015625
2026-03-03 16:00:00+00:00,68285.9375,1985.6324462890625
2026-03-03 17:00:00+00:00,68309.140625,1980.3680419921875
2026-03-03 18:00:00+00:00,68679.78125,1989.3592529296875
2026-03-03 19:00:00+00:00,68455.4296875,1987.1580810546875
2026-03-03 20:00:00+00:00,68213.5546875,1975.3546142578125
2026-03-03 21:00:00+00:00,68064.7890625,1969.109619140625
2026-03-03 22:00:00+00:00,68271.6015625,1981.7044677734375
2026-03-03 23:00:00+00:00,68300.28125,1982.711181640625
2026-03-04 00:00:00+00:00,68185.59375,1979.21142578125
2026-03-04 01:00:00+00:00,68423.7578125,1982.875732421875
2026-03-04 02:00:00+00:00,68309.296875,1979.83544921875
2026-03-04 03:00:00+00:00,67669.0625,1959.140869140625
2026-03-04 04:00:00+00:00,67811.9609375,1961.296630859375
2026-03-04 05:00:00+00:00,68270.9296875,1974.0125732421875
2026-03-04 06:00:00+00:00,68486.2421875,1979.1533203125
2026-03-04 07:00:00+00:00,69556.46875,2004.53759765625
2026-03-04 08:00:00+00:00,71028.4296875,2063.066650390625
2026-03-04 09:00:00+00:00,71472.7109375,2072.8837890625
2026-03-04 10:00:00+00:00,71260.1640625,2070.743896484375
2026-03-04 11:00:00+00:00,71131.1171875,2055.96484375
2026-03-04 12:00:00+00:00,71339.9921875,2054.58056640625
2026-03-04 13:00:00+00:00,71486.8828125,2065.1728515625
2026-03-04 14:00:00+00:00,71628.4609375,2078.72119140625
2026-03-04 15:00:00+00:00,73245.125,2155.665771484375
2026-03-04 16:00:00+00:00,73410.8125,2146.841552734375
2026-03-04 17:00:00+00:00,73251.6796875,2148.2490234375
2026-03-04 18:00:00+00:00,73556.8515625,2159.09765625
2026-03-04 19:00:00+00:00,73717.9375,2180.331787109375
2026-03-04 20:00:00+00:00,73156.828125,2156.633056640625
2026-03-04 21:00:00+00:00,73318.4609375,2150.452880859375
2026-03-04 22:00:00+00:00,72755.4453125,2132.966064453125
2026-03-04 23:00:00+00:00,72670.125,2124.773681640625
2026-03-05 00:00:00+00:00,72822.90625,2129.73779296875
2026-03-05 01:00:00+00:00,72492.8828125,2113.05517578125
2026-03-05 02:00:00+00:00,72449.1015625,2120.68603515625
2026-03-05 03:00:00+00:00,72513.1328125,2119.37451171875
2026-03-05 04:00:00+00:00,72823.25,2137.67138671875
2026-03-05 05:00:00+00:00,72287.265625,2115.98583984375
2026-03-05 06:00:00+00:00,72560.7109375,2128.961181640625
2026-03-05 07:00:00+00:00,71994.4453125,2103.128173828125
2026-03-05 08:00:00+00:00,72374.171875,2117.91943359375
2026-03-05 09:00:00+00:00,72599.0,2125.98486328125
2026-03-05 10:00:00+00:00,73390.0703125,2159.216064453125
2026-03-05 11:00:00+00:00,72876.4453125,2137.900146484375
2026-03-05 12:00:00+00:00,72960.703125,2138.659423828125
2026-03-05 13:00:00+00:00,72484.328125,2116.878662109375
2026-03-05 14:00:00+00:00,72711.2890625,2123.2646484375
2026-03-05 15:00:00+00:00,71481.0078125,2082.355224609375
2026-03-05 16:00:00+00:00,71318.9765625,2079.90966796875
2026-03-05 17:00:00+00:00,70707.5703125,2058.794677734375
2026-03-05 18:00:00+00:00,70981.2734375,2076.11865234375
2026-03-05 19:00:00+00:00,70952.4609375,2074.6865234375
2026-03-05 20:00:00+00:00,71259.5859375,2093.045654296875
2026-03-05 21:00:00+00:00,71139.5390625,2080.199462890625
2026-03-05 22:00:00+00:00,71246.0078125,2081.39404296875
2026-03-05 23:00:00+00:00,70842.15625,2072.025634765625
2026-03-06 00:00:00+00:00,70928.421875,2073.47314453125
2026-03-06 01:00:00+00:00,71244.7890625,2087.778076171875
2026-03-06 02:00:00+00:00,71211.6015625,2082.86279296875
2026-03-06 03:00:00+00:00,71074.9140625,2081.550537109375
2026-03-06 04:00:00+00:00,70594.9453125,2068.37890625
2026-03-06 05:00:00+00:00,70448.7421875,2069.26513671875
2026-03-06 06:00:00+00:00,70644.921875,2075.48974609375
2026-03-06 07:00:00+00:00,71077.15625,2082.88916015625
2026-03-06 08:00:00+00:00,70762.578125,2075.317626953125
2026-03-06 09:00:00+00:00,70565.0078125,2059.375
2026-03-06 10:00:00+00:00,70551.640625,2064.3349609375
2026-03-06 11:00:00+00:00,70202.3359375,2051.2822265625
2026-03-06 12:00:00+00:00,70014.0625,2051.464599609375
2026-03-06 13:00:00+00:00,69358.984375,2024.7779541015625
2026-03-06 14:00:00+00:00,68341.328125,1975.8291015625
2026-03-06 15:00:00+00:00,68543.03125,1977.0291748046875
2026-03-06 16:00:00+00:00,68470.203125,1972.444091796875
2026-03-06 17:00:00+00:00,67987.828125,1967.5667724609375
2026-03-06 18:00:00+00:00,68190.609375,1974.7005615234375
2026-03-06 19:00:00+00:00,68109.4140625,1984.6029052734375
2026-03-06 20:00:00+00:00,68145.4453125,1980.740478515625
2026-03-06 21:00:00+00:00,68278.59375,1983.8984375
2026-03-06 22:00:00+00:00,68423.8984375,1988.3543701171875
2026-03-06 23:00:00+00:00,68136.6875,1978.6905517578125
2026-03-07 00:00:00+00:00,68312.25,1982.353271484375
2026-03-07 01:00:00+00:00,68280.625,1981.2340087890625
2026-03-07 02:00:00+00:00,68298.1015625,1983.0831298828125
2026-03-07 03:00:00+00:00,68133.25,1980.82568359375
2026-03-07 04:00:00+00:00,68076.1484375,1976.168701171875
2026-03-07 05:00:00+00:00,67998.078125,1977.5067138671875
2026-03-07 06:00:00+00:00,67745.171875,1972.7928466796875
2026-03-07 07:00:00+00:00,67854.9375,1983.16455078125
2026-03-07 08:00:00+00:00,67763.1640625,1977.191650390625
2026-03-07 09:00:00+00:00,68016.796875,1986.5958251953125
2026-03-07 10:00:00+00:00,67882.578125,1983.5787353515625
2026-03-07 11:00:00+00:00,68020.875,1989.3802490234375
2026-03-07 12:00:00+00:00,67995.0859375,1982.14013671875
2026-03-07 13:00:00+00:00,67923.0703125,1981.4298095703125
2026-03-07 14:00:00+00:00,68038.125,1987.71435546875
2026-03-07 15:00:00+00:00,67910.8984375,1981.69775390625
2026-03-07 16:00:00+00:00,67818.6875,1977.091552734375
2026-03-07 17:00:00+00:00,67781.765625,1977.12939453125
2026-03-07 18:00:00+00:00,67588.6875,1971.924560546875
2026-03-07 19:00:00+00:00,67095.625,1954.750244140625
2026-03-07 20:00:00+00:00,67414.6171875,1966.6787109375
2026-03-07 21:00:00+00:00,67439.015625,1970.7049560546875
2026-03-07 22:00:00+00:00,67240.6640625,1965.3509521484375
2026-03-07 23:00:00+00:00,67272.5,1969.4522705078125
2026-03-08 00:00:00+00:00,67228.4921875,1969.2332763671875
2026-03-08 01:00:00+00:00,67296.7109375,1968.65576171875
2026-03-08 02:00:00+00:00,66956.8046875,1941.6114501953125
2026-03-08 03:00:00+00:00,67050.3515625,1948.58447265625
2026-03-08 04:00:00+00:00,66647.515625,1937.5570068359375
2026-03-08 05:00:00+00:00,67171.09375,1948.72265625
2026-03-08 06:00:00+00:00,67190.828125,1948.225830078125
2026-03-08 07:00:00+00:00,67277.71875,1954.8134765625
2026-03-08 08:00:00+00:00,67537.9296875,1959.0255126953125
2026-03-08 09:00:00+00:00,67733.984375,1964.0108642578125
2026-03-08 10:00:00+00:00,67893.5078125,1972.4871826171875
2026-03-08 11:00:00+00:00,67537.6328125,1952.3331298828125
2026-03-08 12:00:00+00:00,67305.921875,1945.3992919921875
2026-03-08 13:00:00+00:00,67257.5390625,1944.5521240234375
2026-03-08 14:00:00+00:00,67291.859375,1944.8828125
2026-03-08 15:00:00+00:00,67197.578125,1941.5902099609375
2026-03-08 16:00:00+00:00,66930.7265625,1938.6766357421875
2026-03-08 17:00:00+00:00,66974.2109375,1934.69140625
2026-03-08 18:00:00+00:00,66853.7421875,1931.131591796875
2026-03-08 19:00:00+00:00,67294.5234375,1964.02099609375
2026-03-08 20:00:00+00:00,67210.8359375,1958.822509765625
2026-03-08 21:00:00+00:00,66978.71875,1954.359619140625
2026-03-08 22:00:00+00:00,66221.859375,1942.1751708984375
2026-03-08 23:00:00+00:00,65969.5859375,1936.637451171875
2026-03-09 00:00:00+00:00,66406.7734375,1951.8336181640625
2026-03-09 01:00:00+00:00,66239.640625,1946.6103515625
2026-03-09 02:00:00+00:00,66575.859375,1960.9276123046875
2026-03-09 03:00:00+00:00,67198.7890625,1977.0562744140625
2026-03-09 04:00:00+00:00,67184.8125,1978.1019287109375
2026-03-09 05:00:00+00:00,67887.1484375,2010.1781005859375
2026-03-09 06:00:00+00:00,67286.0859375,1985.6307373046875
2026-03-09 07:00:00+00:00,67527.171875,1983.0596923828125
2026-03-09 08:00:00+00:00,67810.0078125,1996.3536376953125
2026-03-09 09:00:00+00:00,67968.8359375,2003.2996826171875
2026-03-09 10:00:00+00:00,67602.859375,1994.6749267578125
2026-03-09 11:00:00+00:00,67781.9375,1992.5880126953125
2026-03-09 12:00:00+00:00,68197.796875,2002.2877197265625
2026-03-09 13:00:00+00:00,69038.953125,2020.75146484375
2026-03-09 14:00:00+00:00,69149.828125,2022.77734375
2026-03-09 15:00:00+00:00,69007.4609375,2026.025146484375
2026-03-09 16:00:00+00:00,68972.671875,2028.0286865234375
2026-03-09 17:00:00+00:00,68658.5546875,2018.1634521484375
2026-03-09 18:00:00+00:00,68344.578125,2010.78125
2026-03-09 19:00:00+00:00,69053.765625,2036.1710205078125
2026-03-09 20:00:00+00:00,69026.1875,2027.782470703125
2026-03-09 21:00:00+00:00,69009.71875,2029.60986328125
2026-03-09 22:00:00+00:00,68654.75,2002.287109375
2026-03-09 23:00:00+00:00,68402.71875,1992.986083984375
2026-03-10 00:00:00+00:00,69117.40625,2014.9056396484375
2026-03-10 01:00:00+00:00,69282.4609375,2020.0133056640625
2026-03-10 02:00:00+00:00,70282.6640625,2041.9866943359375
2026-03-10 03:00:00+00:00,69454.2890625,2026.80908203125
2026-03-10 04:00:00+00:00,70082.0546875,2045.6824951171875
2026-03-10 05:00:00+00:00,69966.9453125,2043.43701171875
2026-03-10 06:00:00+00:00,69906.546875,2043.066650390625
2026-03-10 07:00:00+00:00,70338.8671875,2049.363525390625
2026-03-10 08:00:00+00:00,70655.1875,2057.06591796875
2026-03-10 09:00:00+00:00,71034.453125,2068.4775390625
2026-03-10 10:00:00+00:00,70813.3515625,2062.9404296875
2026-03-10 11:00:00+00:00,70612.5078125,2061.73681640625
2026-03-10 12:00:00+00:00,70508.40625,2050.208251953125
2026-03-10 13:00:00+00:00,69974.1328125,2034.254638671875
2026-03-10 14:00:00+00:00,71435.6484375,2075.33203125
2026-03-10 15:00:00+00:00,71360.6640625,2080.031982421875
2026-03-10 16:00:00+00:00,71226.984375,2080.99365234375
2026-03-10 17:00:00+00:00,70899.8515625,2072.52880859375
2026-03-10 18:00:00+00:00,69969.8046875,2037.52294921875
2026-03-10 19:00:00+00:00,70001.09375,2035.8291015625
2026-03-10 20:00:00+00:00,70254.5,2043.0498046875
2026-03-10 21:00:00+00:00,69781.28125,2028.9500732421875
2026-03-10 22:00:00+00:00,69708.0234375,2027.24169921875
2026-03-10 23:00:00+00:00,69931.25,2037.1212158203125
2026-03-11 00:00:00+00:00,70093.7734375,2038.614013671875
2026-03-11 01:00:00+00:00,70089.4921875,2036.5472412109375
2026-03-11 02:00:00+00:00,69790.0859375,2025.8980712890625
2026-03-11 03:00:00+00:00,69571.8671875,2020.9947509765625
2026-03-11 04:00:00+00:00,70142.796875,2038.3841552734375
2026-03-11 05:00:00+00:00,69552.3046875,2016.6229248046875
2026-03-11 06:00:00+00:00,69965.296875,2024.6610107421875
2026-03-11 07:00:00+00:00,69666.4765625,2013.36962890625
2026-03-11 08:00:00+00:00,69637.3046875,2024.18212890625
2026-03-11 09:00:00+00:00,69411.1796875,2015.7694091796875
2026-03-11 10:00:00+00:00,69627.4453125,2028.9471435546875
2026-03-11 11:00:00+00:00,69247.8671875,2018.7266845703125
2026-03-11 12:00:00+00:00,69372.46875,2024.4283447265625
2026-03-11 13:00:00+00:00,70186.515625,2050.189697265625
2026-03-11 14:00:00+00:00,70690.9921875,2065.83203125
2026-03-11 15:00:00+00:00,70278.3515625,2050.763427734375
2026-03-11 16:00:00+00:00,70572.265625,2066.7060546875
2026-03-11 17:00:00+00:00,70801.609375,2068.66650390625
2026-03-11 18:00:00+00:00,70664.5546875,2076.95263671875
2026-03-11 19:00:00+00:00,70667.578125,2076.216552734375
2026-03-11 20:00:00+00:00,70665.5,2068.991943359375
2026-03-11 21:00:00+00:00,70742.6796875,2073.134521484375
2026-03-11 22:00:00+00:00,70359.6875,2062.0234375
2026-03-11 23:00:00+00:00,70209.765625,2051.7666015625
2026-03-12 00:00:00+00:00,70248.6640625,2056.447998046875
2026-03-12 01:00:00+00:00,69807.671875,2045.755126953125
2026-03-12 02:00:00+00:00,69334.328125,2025.3829345703125
2026-03-12 03:00:00+00:00,69437.1015625,2023.49365234375
2026-03-12 04:00:00+00:00,69403.859375,2023.874267578125
2026-03-12 05:00:00+00:00,69437.375,2026.314208984375
2026-03-12 06:00:00+00:00,69463.3359375,2029.97412109375
2026-03-12 07:00:00+00:00,69813.4296875,2040.14501953125
2026-03-12 08:00:00+00:00,69851.5390625,2046.6826171875
2026-03-12 09:00:00+00:00,69976.53125,2055.775146484375
2026-03-12 10:00:00+00:00,70457.4765625,2071.469970703125
2026-03-12 11:00:00+00:00,70452.9453125,2061.679443359375
2026-03-12 12:00:00+00:00,70376.8203125,2064.756591796875
2026-03-12 13:00:00+00:00,69858.9140625,2062.244384765625
2026-03-12 14:00:00+00:00,69529.3515625,2043.391845703125
2026-03-12 15:00:00+00:00,70270.5234375,2069.756103515625
2026-03-12 16:00:00+00:00,70422.5625,2069.76953125
2026-03-12 17:00:00+00:00,70276.96875,2061.1103515625
2026-03-12 18:00:00+00:00,69830.15625,2049.0615234375
2026-03-12 19:00:00+00:00,70520.96875,2072.165771484375
2026-03-12 20:00:00+00:00,70189.828125,2063.379150390625
2026-03-12 21:00:00+00:00,70371.6953125,2064.744140625
2026-03-12 22:00:00+00:00,70132.71875,2062.59765625
2026-03-12 23:00:00+00:00,70497.046875,2073.289306640625
2026-03-13 00:00:00+00:00,71391.15625,2115.58935546875
2026-03-13 01:00:00+00:00,71636.0703125,2124.12744140625
2026-03-13 02:00:00+00:00,71166.265625,2106.34716796875
2026-03-13 03:00:00+00:00,71403.625,2118.751708984375
2026-03-13 04:00:00+00:00,71335.875,2111.01220703125
2026-03-13 05:00:00+00:00,71604.609375,2111.625
2026-03-13 06:00:00+00:00,71342.6640625,2095.006591796875
2026-03-13 07:00:00+00:00,71651.875,2100.984375
2026-03-13 08:00:00+00:00,71784.875,2099.83349609375
2026-03-13 09:00:00+00:00,72038.1171875,2114.04931640625
2026-03-13 10:00:00+00:00,72489.6875,2127.605224609375
2026-03-13 11:00:00+00:00,72254.34375,2121.5205078125
2026-03-13 12:00:00+00:00,72853.28125,2149.6767578125
2026-03-13 13:00:00+00:00,73510.8046875,2190.424560546875
2026-03-13 14:00:00+00:00,72419.109375,2148.811279296875
2026-03-13 15:00:00+00:00,71798.3359375,2127.210693359375
2026-03-13 16:00:00+00:00,71934.0859375,2136.654052734375
2026-03-13 17:00:00+00:00,71003.5703125,2100.51904296875
2026-03-13 18:00:00+00:00,71069.2734375,2101.381591796875
2026-03-13 19:00:00+00:00,71159.5390625,2102.09130859375
2026-03-13 20:00:00+00:00,71357.3984375,2111.70703125
2026-03-13 21:00:00+00:00,71161.375,2105.097412109375
2026-03-13 22:00:00+00:00,70794.5234375,2089.40673828125
2026-03-13 23:00:00+00:00,70965.3828125,2092.558349609375
2026-03-14 00:00:00+00:00,70684.9921875,2086.299072265625
2026-03-14 01:00:00+00:00,70862.96875,2093.876708984375
2026-03-14 02:00:00+00:00,70859.34375,2094.002197265625
2026-03-14 03:00:00+00:00,71072.2265625,2100.936279296875
2026-03-14 04:00:00+00:00,71032.5546875,2090.206787109375
2026-03-14 05:00:00+00:00,71026.6796875,2092.67236328125
2026-03-14 06:00:00+00:00,70656.875,2078.817138671875
2026-03-14 07:00:00+00:00,70613.203125,2078.352783203125
2026-03-14 08:00:00+00:00,70583.171875,2074.7421875
2026-03-14 09:00:00+00:00,70546.7421875,2068.376220703125
2026-03-14 10:00:00+00:00,70563.671875,2066.601806640625
2026-03-14 11:00:00+00:00,70723.2890625,2073.813720703125
2026-03-14 12:00:00+00:00,70731.0390625,2075.210205078125
2026-03-14 13:00:00+00:00,70878.0546875,2079.04638671875
2026-03-14 14:00:00+00:00,70632.640625,2073.280029296875
2026-03-14 15:00:00+00:00,70603.828125,2075.015625
2026-03-14 16:00:00+00:00,70682.078125,2077.857421875
2026-03-14 17:00:00+00:00,70613.8203125,2074.822509765625
2026-03-14 18:00:00+00:00,70702.7109375,2078.044921875
2026-03-14 19:00:00+00:00,70711.6171875,2077.917236328125
2026-03-14 20:00:00+00:00,70844.234375,2087.116455078125
2026-03-14 21:00:00+00:00,70808.8984375,2087.666015625
2026-03-14 22:00:00+00:00,70727.6171875,2084.055908203125
2026-03-14 23:00:00+00:00,71213.6796875,2096.880859375
2026-03-15 00:00:00+00:00,71006.421875,2088.668212890625
2026-03-15 01:00:00+00:00,71028.921875,2089.360107421875
2026-03-15 02:00:00+00:00,71461.34375,2102.072509765625
2026-03-15 03:00:00+00:00,71325.859375,2096.13916015625
2026-03-15 04:00:00+00:00,71535.2265625,2102.508544921875
2026-03-15 05:00:00+00:00,71504.1875,2108.333984375
2026-03-15 06:00:00+00:00,71451.53125,2107.763427734375
2026-03-15 07:00:00+00:00,71441.8359375,2105.628662109375
2026-03-15 08:00:00+00:00,71629.4296875,2111.40380859375
2026-03-15 09:00:00+00:00,71810.9140625,2118.072021484375
2026-03-15 10:00:00+00:00,71790.0,2119.6787109375
2026-03-15 11:00:00+00:00,71843.15625,2119.96484375
2026-03-15 12:00:00+00:00,71609.4296875,2109.338134765625
2026-03-15 13:00:00+00:00,71545.3359375,2095.488525390625
2026-03-15 14:00:00+00:00,71611.015625,2096.589599609375
2026-03-15 15:00:00+00:00,71488.0625,2094.015380859375
2026-03-15 16:00:00+00:00,71431.0234375,2092.118408203125
2026-03-15 17:00:00+00:00,71828.2578125,2110.215087890625
2026-03-15 18:00:00+00:00,71384.6484375,2099.207275390625
2026-03-15 19:00:00+00:00,71558.015625,2113.78662109375
2026-03-15 20:00:00+00:00,71759.0625,2130.52490234375
2026-03-15 21:00:00+00:00,72064.5703125,2137.573486328125
2026-03-15 22:00:00+00:00,72803.8671875,2185.0146484375
2026-03-15 23:00:00+00:00,72798.171875,2177.782958984375
2026-03-16 00:00:00+00:00,72550.0,2171.879638671875
2026-03-16 01:00:00+00:00,72753.078125,2186.246826171875
2026-03-16 02:00:00+00:00,72568.953125,2181.718017578125
2026-03-16 03:00:00+00:00,73661.484375,2238.13525390625
2026-03-16 04:00:00+00:00,73880.3046875,2263.323486328125
2026-03-16 05:00:00+00:00,74165.0859375,2284.3916015625
2026-03-16 06:00:00+00:00,73804.1484375,2262.656982421875
2026-03-16 07:00:00+00:00,73494.09375,2249.6201171875
2026-03-16 08:00:00+00:00,73123.546875,2243.578369140625
2026-03-16 09:00:00+00:00,73263.0703125,2260.296630859375
2026-03-16 10:00:00+00:00,73680.7421875,2277.762939453125
2026-03-16 11:00:00+00:00,73562.8046875,2270.46484375
2026-03-16 12:00:00+00:00,73867.5,2280.26123046875
2026-03-16 13:00:00+00:00,74043.6484375,2284.61865234375
2026-03-16 14:00:00+00:00,73457.046875,2286.140380859375
2026-03-16 15:00:00+00:00,73245.90625,2272.070068359375
2026-03-16 16:00:00+00:00,73730.9375,2293.779541015625
2026-03-16 17:00:00+00:00,73962.015625,2315.321533203125
2026-03-16 18:00:00+00:00,73971.0625,2324.0185546875
2026-03-16 19:00:00+00:00,73962.578125,2333.68994140625
2026-03-16 20:00:00+00:00,74219.015625,2346.185791015625
2026-03-16 21:00:00+00:00,74416.984375,2359.873291015625
2026-03-16 22:00:00+00:00,74693.6953125,2357.18505859375
2026-03-16 23:00:00+00:00,74855.296875,2351.134765625
2026-03-17 00:00:00+00:00,75204.6015625,2352.4814453125
2026-03-17 01:00:00+00:00,75636.2578125,2360.497802734375
2026-03-17 02:00:00+00:00,75211.6171875,2353.51708984375
2026-03-17 03:00:00+00:00,74423.7109375,2317.98974609375
2026-03-17 04:00:00+00:00,74271.78125,2310.414306640625
2026-03-17 05:00:00+00:00,74028.9375,2308.09521484375
2026-03-17 06:00:00+00:00,74082.6640625,2315.153564453125
2026-03-17 07:00:00+00:00,74257.4609375,2326.095458984375
2026-03-17 08:00:00+00:00,74167.9765625,2318.74755859375
2026-03-17 09:00:00+00:00,73950.484375,2315.728515625
2026-03-17 10:00:00+00:00,73720.25,2312.40478515625
2026-03-17 11:00:00+00:00,74057.859375,2328.155517578125
2026-03-17 12:00:00+00:00,73729.296875,2315.154541015625
2026-03-17 13:00:00+00:00,73668.1796875,2330.265869140625
2026-03-17 14:00:00+00:00,74377.8515625,2344.459716796875
2026-03-17 15:00:00+00:00,73949.9375,2315.6953125
2026-03-17 16:00:00+00:00,74139.9453125,2325.744140625
2026-03-17 17:00:00+00:00,74544.2890625,2340.480224609375
2026-03-17 18:00:00+00:00,74676.671875,2331.817626953125
2026-03-17 19:00:00+00:00,74509.2109375,2320.69189453125
2026-03-17 20:00:00+00:00,74568.0078125,2328.62548828125
2026-03-17 21:00:00+00:00,74700.4921875,2338.513427734375
2026-03-17 22:00:00+00:00,74309.75,2329.2763671875
2026-03-17 23:00:00+00:00,73936.8515625,2318.15966796875
2026-03-18 00:00:00+00:00,73879.4140625,2325.12451171875
2026-03-18 01:00:00+00:00,74098.3125,2325.8857421875
2026-03-18 02:00:00+00:00,74352.140625,2332.255126953125
2026-03-18 03:00:00+00:00,74520.84375,2341.412353515625
2026-03-18 04:00:00+00:00,74185.9453125,2328.029052734375
2026-03-18 05:00:00+00:00,73950.6171875,2318.271240234375
2026-03-18 06:00:00+00:00,73990.4453125,2324.90283203125
2026-03-18 07:00:00+00:00,73888.078125,2318.458740234375
2026-03-18 08:00:00+00:00,74030.09375,2323.438720703125
2026-03-18 09:00:00+00:00,74154.8046875,2328.9169921875
2026-03-18 10:00:00+00:00,73915.625,2312.916259765625
2026-03-18 11:00:00+00:00,72931.2109375,2269.689697265625
2026-03-18 12:00:00+00:00,72383.359375,2239.122802734375
2026-03-18 13:00:00+00:00,72050.671875,2232.925537109375
2026-03-18 14:00:00+00:00,71315.328125,2193.118896484375
2026-03-18 15:00:00+00:00,71515.359375,2188.836181640625
2026-03-18 16:00:00+00:00,71329.96875,2182.185302734375
2026-03-18 17:00:00+00:00,71616.7109375,2203.81884765625
2026-03-18 18:00:00+00:00,70992.875,2177.54052734375
2026-03-18 19:00:00+00:00,71111.2421875,2184.00732421875
2026-03-18 20:00:00+00:00,71240.7265625,2188.847900390625
2026-03-18 21:00:00+00:00,71293.0625,2204.831298828125
2026-03-18 22:00:00+00:00,71139.421875,2193.93896484375
2026-03-18 23:00:00+00:00,71250.3515625,2203.478759765625
2026-03-19 00:00:00+00:00,71010.4921875,2192.560791015625
2026-03-19 01:00:00+00:00,71140.328125,2198.44677734375
2026-03-19 02:00:00+00:00,71050.7421875,2197.02099609375
2026-03-19 03:00:00+00:00,71223.125,2212.20361328125
2026-03-19 04:00:00+00:00,70841.8359375,2194.68798828125
2026-03-19 05:00:00+00:00,70835.7734375,2190.672607421875
2026-03-19 06:00:00+00:00,70538.578125,2178.561279296875
2026-03-19 07:00:00+00:00,70248.15625,2167.650146484375
2026-03-19 08:00:00+00:00,69981.78125,2159.958251953125
2026-03-19 09:00:00+00:00,70494.7734375,2187.70947265625
2026-03-19 10:00:00+00:00,70122.3125,2173.82470703125
2026-03-19 11:00:00+00:00,69915.0,2166.51708984375
2026-03-19 12:00:00+00:00,69308.4140625,2132.659423828125
2026-03-19 13:00:00+00:00,69897.484375,2137.4775390625
2026-03-19 14:00:00+00:00,69517.0078125,2124.030517578125
2026-03-19 15:00:00+00:00,69484.953125,2122.81201171875
2026-03-19 16:00:00+00:00,69465.2265625,2115.87353515625
2026-03-19 17:00:00+00:00,69858.3515625,2128.082763671875
2026-03-19 18:00:00+00:00,69842.75,2125.684326171875
2026-03-19 19:00:00+00:00,70280.046875,2141.67529296875
2026-03-19 20:00:00+00:00,70490.953125,2146.05322265625
2026-03-19 21:00:00+00:00,70485.6328125,2152.44384765625
2026-03-19 22:00:00+00:00,70140.0625,2138.690673828125
2026-03-19 23:00:00+00:00,69911.53125,2137.394287109375
2026-03-20 00:00:00+00:00,70232.03125,2144.9794921875
2026-03-20 01:00:00+00:00,70411.375,2151.85498046875
2026-03-20 02:00:00+00:00,70429.59375,2145.427001953125
2026-03-20 03:00:00+00:00,70747.953125,2152.6962890625
2026-03-20 04:00:00+00:00,70785.0546875,2147.77587890625
2026-03-20 05:00:00+00:00,70586.2578125,2140.026123046875
2026-03-20 06:00:00+00:00,70480.53125,2136.51611328125
2026-03-20 07:00:00+00:00,70857.6328125,2151.462646484375
2026-03-20 08:00:00+00:00,71027.5234375,2164.212158203125
2026-03-20 09:00:00+00:00,70564.0,2140.222900390625
2026-03-20 10:00:00+00:00,70606.1953125,2148.53857421875
2026-03-20 11:00:00+00:00,70472.921875,2141.552734375
2026-03-20 12:00:00+00:00,70321.734375,2140.388916015625
2026-03-20 13:00:00+00:00,69830.9765625,2125.937744140625
2026-03-20 14:00:00+00:00,69792.6328125,2130.690673828125
2026-03-20 15:00:00+00:00,69812.21875,2133.31787109375
2026-03-20 16:00:00+00:00,69862.078125,2139.0654296875
2026-03-20 17:00:00+00:00,69953.96875,2137.11865234375
2026-03-20 18:00:00+00:00,69700.6640625,2121.2939453125
2026-03-20 19:00:00+00:00,70164.53125,2133.417236328125
2026-03-20 20:00:00+00:00,70047.375,2133.3193359375
2026-03-20 21:00:00+00:00,70525.046875,2147.743896484375
2026-03-20 22:00:00+00:00,70791.7109375,2156.46484375
2026-03-20 23:00:00+00:00,70522.46875,2146.7099609375
2026-03-21 00:00:00+00:00,70695.8828125,2153.099609375
2026-03-21 01:00:00+00:00,70483.4453125,2147.98583984375
2026-03-21 02:00:00+00:00,70715.328125,2153.997802734375
2026-03-21 03:00:00+00:00,70675.25,2153.429443359375
2026-03-21 04:00:00+00:00,70632.328125,2151.49951171875
2026-03-21 05:00:00+00:00,70704.1328125,2152.942138671875
2026-03-21 06:00:00+00:00,70764.578125,2154.765625
2026-03-21 07:00:00+00:00,70697.6328125,2155.28125
2026-03-21 08:00:00+00:00,70585.9921875,2153.537353515625
2026-03-21 09:00:00+00:00,70656.6015625,2158.249755859375
2026-03-21 10:00:00+00:00,70589.5234375,2153.945068359375
2026-03-21 11:00:00+00:00,70634.9609375,2156.985595703125
2026-03-21 12:00:00+00:00,70704.8671875,2157.330078125
2026-03-21 13:00:00+00:00,70725.484375,2155.484375
2026-03-21 14:00:00+00:00,70592.34375,2150.926025390625
2026-03-21 15:00:00+00:00,70652.2265625,2155.6025390625
2026-03-21 16:00:00+00:00,70290.7578125,2145.984375
2026-03-21 17:00:00+00:00,70317.5859375,2148.355224609375
2026-03-21 18:00:00+00:00,70404.65625,2151.50927734375
2026-03-21 19:00:00+00:00,70379.7109375,2152.087646484375
2026-03-21 20:00:00+00:00,70456.4140625,2155.858642578125
2026-03-21 21:00:00+00:00,70346.4921875,2153.63232421875
2026-03-21 22:00:00+00:00,70291.234375,2150.1630859375
2026-03-21 23:00:00+00:00,68737.4453125,2077.201171875
2026-03-22 00:00:00+00:00,68908.2109375,2086.3818359375
2026-03-22 01:00:00+00:00,68959.234375,2089.6455078125
2026-03-22 02:00:00+00:00,69313.6015625,2103.9697265625
2026-03-22 03:00:00+00:00,69332.0703125,2113.98095703125
2026-03-22 04:00:00+00:00,69322.4296875,2118.511474609375
2026-03-22 05:00:00+00:00,69147.1796875,2113.056640625
2026-03-22 06:00:00+00:00,69151.9140625,2108.055908203125
2026-03-22 07:00:00+00:00,68923.3125,2095.222412109375
2026-03-22 08:00:00+00:00,68805.8203125,2086.521240234375
2026-03-22 09:00:00+00:00,68817.265625,2085.377197265625
2026-03-22 10:00:00+00:00,68659.65625,2082.1708984375
2026-03-22 11:00:00+00:00,68216.140625,2069.944580078125
2026-03-22 12:00:00+00:00,68656.21875,2082.413330078125
2026-03-22 13:00:00+00:00,68732.0625,2080.0615234375
2026-03-22 14:00:00+00:00,68705.0546875,2078.22705078125
2026-03-22 15:00:00+00:00,68828.15625,2082.110595703125
2026-03-22 16:00:00+00:00,68829.7109375,2083.17822265625
2026-03-22 17:00:00+00:00,68722.84375,2081.1650390625
2026-03-22 18:00:00+00:00,68572.1953125,2069.8115234375
2026-03-22 19:00:00+00:00,68184.2890625,2062.12841796875
2026-03-22 20:00:00+00:00,68189.2109375,2059.37939453125
2026-03-22 21:00:00+00:00,67833.8359375,2044.5177001953125
2026-03-22 22:00:00+00:00,68296.4609375,2061.3896484375
2026-03-22 23:00:00+00:00,67843.0,2052.953125
2026-03-23 00:00:00+00:00,67718.25,2044.3734130859375
2026-03-23 01:00:00+00:00,67924.46875,2049.512451171875
2026-03-23 02:00:00+00:00,68289.7109375,2061.70751953125
2026-03-23 03:00:00+00:00,68068.9921875,2051.9599609375
2026-03-23 04:00:00+00:00,68513.8515625,2063.579833984375
2026-03-23 05:00:00+00:00,68845.609375,2067.990478515625
2026-03-23 06:00:00+00:00,67806.609375,2035.427001953125
2026-03-23 07:00:00+00:00,68311.0390625,2044.3658447265625
2026-03-23 08:00:00+00:00,68446.6875,2048.882080078125
2026-03-23 09:00:00+00:00,68247.9609375,2041.1224365234375
2026-03-23 10:00:00+00:00,68549.3203125,2048.826904296875
2026-03-23 11:00:00+00:00,70063.984375,2135.480224609375
2026-03-23 12:00:00+00:00,70583.1953125,2140.393798828125
2026-03-23 13:00:00+00:00,71410.3125,2181.613525390625
2026-03-23 14:00:00+00:00,71365.3203125,2179.336669921875
2026-03-23 15:00:00+00:00,70131.59375,2126.225830078125
2026-03-23 16:00:00+00:00,70545.265625,2134.45751953125
2026-03-23 17:00:00+00:00,71083.4921875,2152.830078125
2026-03-23 18:00:00+00:00,71056.4375,2169.2490234375
2026-03-23 19:00:00+00:00,70651.0703125,2153.255859375
2026-03-23 20:00:00+00:00,70899.6640625,2161.635498046875
2026-03-23 21:00:00+00:00,70889.0078125,2159.746337890625
2026-03-23 22:00:00+00:00,70759.2578125,2152.918212890625
2026-03-23 23:00:00+00:00,70912.671875,2152.114501953125
2026-03-24 00:00:00+00:00,70694.296875,2143.9345703125
2026-03-24 01:00:00+00:00,70505.296875,2137.1865234375
2026-03-24 02:00:00+00:00,70444.484375,2135.808837890625
2026-03-24 03:00:00+00:00,70523.75,2141.396728515625
2026-03-24 04:00:00+00:00,70376.3203125,2136.30322265625
2026-03-24 05:00:00+00:00,70260.484375,2132.861328125
2026-03-24 06:00:00+00:00,70518.46875,2144.398681640625
2026-03-24 07:00:00+00:00,71331.5,2167.94287109375
2026-03-24 08:00:00+00:00,70915.6640625,2154.12744140625
2026-03-24 09:00:00+00:00,71307.640625,2165.057861328125
2026-03-24 10:00:00+00:00,71262.15625,2161.0576171875
2026-03-24 11:00:00+00:00,71123.2421875,2164.7763671875
2026-03-24 12:00:00+00:00,70936.03125,2162.445556640625
2026-03-24 13:00:00+00:00,70017.3828125,2136.289794921875
2026-03-24 14:00:00+00:00,69906.9375,2136.204345703125
2026-03-24 15:00:00+00:00,69875.765625,2133.34130859375
2026-03-24 16:00:00+00:00,69452.984375,2125.8193359375
2026-03-24 17:00:00+00:00,69221.265625,2109.71875
2026-03-24 18:00:00+00:00,69419.03125,2118.00634765625
2026-03-24 19:00:00+00:00,69297.703125,2114.866455078125
2026-03-24 20:00:00+00:00,70043.5078125,2148.3154296875
2026-03-24 21:00:00+00:00,70280.640625,2147.24755859375
2026-03-24 22:00:00+00:00,70343.359375,2146.51708984375
2026-03-24 23:00:00+00:00,70520.046875,2155.719482421875
2026-03-25 00:00:00+00:00,70869.515625,2162.259521484375
2026-03-25 01:00:00+00:00,70702.359375,2158.769775390625
2026-03-25 02:00:00+00:00,70483.5703125,2154.904052734375
2026-03-25 03:00:00+00:00,70729.296875,2158.688232421875
2026-03-25 04:00:00+00:00,70868.7578125,2164.041259765625
2026-03-25 05:00:00+00:00,71089.2734375,2168.646728515625
2026-03-25 06:00:00+00:00,71014.7578125,2163.817626953125
2026-03-25 07:00:00+00:00,70908.28125,2165.142822265625
2026-03-25 08:00:00+00:00,71229.4296875,2176.138671875
2026-03-25 09:00:00+00:00,71327.7734375,2186.197509765625
2026-03-25 10:00:00+00:00,71525.1875,2185.1630859375
2026-03-25 11:00:00+00:00,71661.7578125,2185.52294921875
2026-03-25 12:00:00+00:00,71682.5703125,2183.958740234375
2026-03-25 13:00:00+00:00,71645.2109375,2186.266357421875
2026-03-25 14:00:00+00:00,71296.828125,2175.582275390625
2026-03-25 15:00:00+00:00,70834.3203125,2162.51904296875
2026-03-25 16:00:00+00:00,71291.734375,2173.65478515625
2026-03-25 17:00:00+00:00,70737.6953125,2162.56103515625
2026-03-25 18:00:00+00:00,70758.75,2161.145263671875
2026-03-25 19:00:00+00:00,70781.0078125,2167.970703125
2026-03-25 20:00:00+00:00,70991.0234375,2166.132080078125
2026-03-25 21:00:00+00:00,70997.5703125,2162.856689453125
2026-03-25 22:00:00+00:00,71345.9453125,2173.693359375
2026-03-25 23:00:00+00:00,71310.1171875,2168.02880859375
2026-03-26 00:00:00+00:00,71243.4140625,2165.013427734375
2026-03-26 01:00:00+00:00,71252.234375,2164.85986328125
2026-03-26 02:00:00+00:00,70867.078125,2148.41796875
2026-03-26 03:00:00+00:00,70864.46875,2152.4794921875
2026-03-26 04:00:00+00:00,70754.3984375,2148.7529296875
2026-03-26 05:00:00+00:00,69983.71875,2117.19140625
2026-03-26 06:00:00+00:00,70077.34375,2121.31298828125
2026-03-26 07:00:00+00:00,70076.09375,2122.628173828125
2026-03-26 08:00:00+00:00,69978.7265625,2118.802001953125
2026-03-26 09:00:00+00:00,69565.8046875,2082.914306640625
2026-03-26 10:00:00+00:00,69460.2890625,2077.5380859375
2026-03-26 11:00:00+00:00,69264.1328125,2067.52490234375
2026-03-26 12:00:00+00:00,69421.5703125,2073.293701171875
2026-03-26 13:00:00+00:00,69518.5390625,2077.380615234375
2026-03-26 14:00:00+00:00,69506.859375,2077.1611328125
2026-03-26 15:00:00+00:00,69042.921875,2069.50927734375
2026-03-26 16:00:00+00:00,68897.984375,2060.296142578125
2026-03-26 17:00:00+00:00,68448.4765625,2049.40087890625
2026-03-26 18:00:00+00:00,68417.5703125,2044.374755859375
2026-03-26 19:00:00+00:00,68584.140625,2048.882568359375
2026-03-26 20:00:00+00:00,68958.2109375,2063.20458984375
2026-03-26 21:00:00+00:00,68926.3828125,2069.0986328125
2026-03-26 22:00:00+00:00,68831.703125,2064.026123046875
2026-03-26 23:00:00+00:00,68790.8359375,2059.44873046875
2026-03-27 00:00:00+00:00,68707.9765625,2064.118896484375
2026-03-27 01:00:00+00:00,68999.703125,2072.334716796875
2026-03-27 02:00:00+00:00,68884.2734375,2068.138427734375
2026-03-27 03:00:00+00:00,68741.234375,2059.787841796875
2026-03-27 04:00:00+00:00,68542.78125,2051.28076171875
2026-03-27 05:00:00+00:00,68582.5859375,2060.12744140625
2026-03-27 06:00:00+00:00,68615.8203125,2061.319580078125
2026-03-27 07:00:00+00:00,68418.7265625,2063.61865234375
2026-03-27 08:00:00+00:00,67910.8203125,2047.384521484375
2026-03-27 09:00:00+00:00,67670.0234375,2040.8984375
2026-03-27 10:00:00+00:00,66486.0078125,1992.5352783203125
2026-03-27 11:00:00+00:00,66668.6796875,1989.9818115234375
2026-03-27 12:00:00+00:00,66590.46875,1988.359619140625
2026-03-27 13:00:00+00:00,66095.171875,1975.72802734375
2026-03-27 14:00:00+00:00,66175.203125,1987.776611328125
2026-03-27 15:00:00+00:00,66089.65625,1989.9639892578125
2026-03-27 16:00:00+00:00,65933.7421875,1985.4703369140625
2026-03-27 17:00:00+00:00,65604.5,1976.095703125
2026-03-27 18:00:00+00:00,65833.9140625,1984.0341796875
2026-03-27 19:00:00+00:00,66041.453125,1993.27001953125
2026-03-27 20:00:00+00:00,65980.7890625,1984.402099609375
2026-03-27 21:00:00+00:00,66034.46875,1984.6522216796875
2026-03-27 22:00:00+00:00,65998.34375,1984.6380615234375
2026-03-27 23:00:00+00:00,66338.5,1991.283447265625
2026-03-28 00:00:00+00:00,66376.828125,1990.9581298828125
2026-03-28 01:00:00+00:00,66063.234375,1987.926513671875
2026-03-28 02:00:00+00:00,66000.3359375,1985.62890625
2026-03-28 03:00:00+00:00,66167.8359375,1987.682861328125
2026-03-28 04:00:00+00:00,66190.46875,1988.3094482421875
2026-03-28 05:00:00+00:00,66309.6015625,1992.963623046875
2026-03-28 06:00:00+00:00,66365.6328125,1999.9613037109375
2026-03-28 07:00:00+00:00,66508.2421875,2006.2525634765625
2026-03-28 08:00:00+00:00,66355.9765625,1997.9556884765625
2026-03-28 09:00:00+00:00,66266.0546875,1998.00634765625
2026-03-28 10:00:00+00:00,66188.984375,1995.5435791015625
2026-03-28 11:00:00+00:00,66306.5,1996.936767578125
2026-03-28 12:00:00+00:00,66407.1015625,1998.4290771484375
2026-03-28 13:00:00+00:00,66766.0703125,2023.9678955078125
2026-03-28 14:00:00+00:00,66715.3359375,2019.337646484375
2026-03-28 15:00:00+00:00,66939.7421875,2024.55126953125
2026-03-28 16:00:00+00:00,66881.890625,2023.84814453125
2026-03-28 17:00:00+00:00,66807.7421875,2020.0548095703125
2026-03-28 18:00:00+00:00,66886.6171875,2021.42919921875
2026-03-28 19:00:00+00:00,66848.3359375,2018.815673828125
2026-03-28 20:00:00+00:00,66908.625,2023.3675537109375
2026-03-28 21:00:00+00:00,66648.7578125,2009.18896484375
2026-03-28 22:00:00+00:00,66693.78125,2010.1240234375
2026-03-28 23:00:00+00:00,66319.6953125,1992.69384765625
2026-03-29 00:00:00+00:00,66412.140625,1995.656982421875
2026-03-29 01:00:00+00:00,66514.4921875,2003.2908935546875
2026-03-29 02:00:00+00:00,66732.2578125,2007.2314453125
2026-03-29 03:00:00+00:00,66851.75,2009.6341552734375
2026-03-29 04:00:00+00:00,66687.3203125,2004.0081787109375
2026-03-29 05:00:00+00:00,66732.3125,2004.489501953125
2026-03-29 06:00:00+00:00,66689.59375,2003.6878662109375
2026-03-29 07:00:00+00:00,66647.484375,2005.5433349609375
2026-03-29 08:00:00+00:00,66668.8125,2002.4991455078125
2026-03-29 09:00:00+00:00,66572.8046875,1997.5712890625
2026-03-29 10:00:00+00:00,66463.203125,1994.9949951171875
2026-03-29 11:00:00+00:00,66766.0078125,2002.523681640625
2026-03-29 12:00:00+00:00,66785.875,2000.48486328125
2026-03-29 13:00:00+00:00,66500.6015625,1985.20556640625
2026-03-29 14:00:00+00:00,66518.265625,1992.1351318359375
2026-03-29 15:00:00+00:00,66467.59375,1991.366943359375
2026-03-29 16:00:00+00:00,66449.625,1996.4229736328125
2026-03-29 17:00:00+00:00,66329.515625,1993.5186767578125
2026-03-29 18:00:00+00:00,66368.765625,1995.6761474609375
2026-03-29 19:00:00+00:00,66290.3046875,1993.673095703125
2026-03-29 20:00:00+00:00,66540.9609375,2000.517333984375
2026-03-29 21:00:00+00:00,66677.4140625,2005.001953125
2026-03-29 22:00:00+00:00,65802.9296875,1972.1695556640625
2026-03-29 23:00:00+00:00,65958.3515625,1982.5506591796875
2026-03-30 00:00:00+00:00,66259.03125,1997.441650390625
2026-03-30 01:00:00+00:00,66585.34375,2008.5010986328125
2026-03-30 02:00:00+00:00,67039.9296875,2028.32080078125
2026-03-30 03:00:00+00:00,67106.546875,2034.908447265625
2026-03-30 04:00:00+00:00,67541.890625,2046.7994384765625
2026-03-30 05:00:00+00:00,67476.421875,2047.18212890625
2026-03-30 06:00:00+00:00,67274.3828125,2041.6219482421875
2026-03-30 07:00:00+00:00,67502.453125,2056.402587890625
2026-03-30 08:00:00+00:00,67619.65625,2061.462158203125
2026-03-30 09:00:00+00:00,67453.9765625,2053.618408203125
2026-03-30 10:00:00+00:00,67438.390625,2055.49658203125
2026-03-30 11:00:00+00:00,67602.984375,2067.920654296875
2026-03-30 12:00:00+00:00,67863.6015625,2074.00537109375
2026-03-30 13:00:00+00:00,67478.3203125,2059.470458984375
2026-03-30 14:00:00+00:00,67757.8203125,2070.80859375
2026-03-30 15:00:00+00:00,67578.46875,2073.0029296875
2026-03-30 16:00:00+00:00,67274.59375,2060.83447265625
2026-03-30 17:00:00+00:00,66727.1640625,2038.9593505859375
2026-03-30 18:00:00+00:00,66535.0078125,2028.980224609375
2026-03-30 19:00:00+00:00,66424.765625,2021.131103515625
2026-03-30 20:00:00+00:00,66608.578125,2023.254638671875
2026-03-30 21:00:00+00:00,66763.3046875,2036.4232177734375
2026-03-30 22:00:00+00:00,66739.3828125,2031.6497802734375
2026-03-30 23:00:00+00:00,66694.5859375,2023.5206298828125
2026-03-31 00:00:00+00:00,67084.796875,2033.32470703125
2026-03-31 01:00:00+00:00,67933.984375,2073.0546875
2026-03-31 02:00:00+00:00,67948.859375,2073.50634765625
2026-03-31 03:00:00+00:00,67651.0625,2066.255615234375
2026-03-31 04:00:00+00:00,67482.0234375,2058.868408203125
2026-03-31 05:00:00+00:00,67622.9765625,2062.042236328125
2026-03-31 06:00:00+00:00,67456.2890625,2060.736328125
2026-03-31 07:00:00+00:00,67316.1640625,2054.0234375
2026-03-31 08:00:00+00:00,66766.40625,2039.8831787109375
2026-03-31 09:00:00+00:00,66037.6875,2014.5152587890625
2026-03-31 10:00:00+00:00,66294.359375,2024.5086669921875
2026-03-31 11:00:00+00:00,66638.390625,2039.4915771484375
2026-03-31 12:00:00+00:00,66617.140625,2045.5721435546875
2026-03-31 13:00:00+00:00,67197.9765625,2072.784912109375
2026-03-31 14:00:00+00:00,66552.484375,2044.67822265625
2026-03-31 15:00:00+00:00,66695.515625,2054.0
2026-03-31 16:00:00+00:00,67551.109375,2088.462890625
2026-03-31 17:00:00+00:00,67426.0546875,2090.33984375
2026-03-31 18:00:00+00:00,67720.03125,2096.3154296875
2026-03-31 19:00:00+00:00,67760.78125,2093.798828125
2026-03-31 20:00:00+00:00,68184.640625,2105.4326171875
2026-03-31 21:00:00+00:00,68185.9765625,2100.22314453125
2026-03-31 22:00:00+00:00,68148.875,2094.710693359375
2026-03-31 23:00:00+00:00,68232.890625,2104.717529296875
2026-04-01 00:00:00+00:00,68230.671875,2112.5205078125
2026-04-01 01:00:00+00:00,67745.234375,2091.506591796875
2026-04-01 02:00:00+00:00,67588.2421875,2086.667724609375
2026-04-01 03:00:00+00:00,68083.9375,2100.595703125
2026-04-01 04:00:00+00:00,68231.046875,2109.41259765625
2026-04-01 05:00:00+00:00,68399.7578125,2121.65478515625
2026-04-01 06:00:00+00:00,69125.265625,2150.81787109375
2026-04-01 07:00:00+00:00,68651.3828125,2129.943603515625
2026-04-01 08:00:00+00:00,68671.5390625,2137.327880859375
2026-04-01 09:00:00+00:00,68618.8515625,2135.962646484375
2026-04-01 10:00:00+00:00,68496.25,2130.83349609375
2026-04-01 11:00:00+00:00,68687.2265625,2134.9306640625
2026-04-01 12:00:00+00:00,68367.59375,2130.7978515625
2026-04-01 13:00:00+00:00,68173.1484375,2119.89404296875
2026-04-01 14:00:00+00:00,68536.4609375,2124.794189453125
2026-04-01 15:00:00+00:00,68897.71875,2135.220458984375
2026-04-01 16:00:00+00:00,68792.8515625,2144.82861328125
2026-04-01 17:00:00+00:00,68238.046875,2136.0107421875
2026-04-01 18:00:00+00:00,68012.0234375,2125.859130859375
2026-04-01 19:00:00+00:00,68152.3203125,2142.76171875
2026-04-01 20:00:00+00:00,68191.3203125,2144.06494140625
2026-04-01 21:00:00+00:00,68421.5859375,2161.6953125
2026-04-01 22:00:00+00:00,68104.0859375,2139.337646484375
2026-04-01 23:00:00+00:00,68077.8984375,2138.7236328125
2026-04-02 00:00:00+00:00,68590.65625,2156.428466796875
2026-04-02 01:00:00+00:00,67328.8203125,2099.548828125
2026-04-02 02:00:00+00:00,66880.640625,2073.717529296875
2026-04-02 03:00:00+00:00,66570.546875,2055.976318359375
2026-04-02 04:00:00+00:00,66318.2578125,2045.0712890625
2026-04-02 05:00:00+00:00,66595.1875,2049.998046875
2026-04-02 06:00:00+00:00,66641.453125,2049.264404296875
2026-04-02 07:00:00+00:00,66900.953125,2055.843505859375
2026-04-02 08:00:00+00:00,66454.421875,2046.2244873046875
2026-04-02 09:00:00+00:00,66420.6640625,2042.7421875
2026-04-02 10:00:00+00:00,66444.28125,2038.0059814453125
2026-04-02 11:00:00+00:00,66170.84375,2031.9552001953125
2026-04-02 12:00:00+00:00,66032.328125,2026.0872802734375
2026-04-02 13:00:00+00:00,66204.3046875,2034.9320068359375
2026-04-02 14:00:00+00:00,66939.234375,2066.66650390625
2026-04-02 15:00:00+00:00,66784.375,2058.379638671875
2026-04-02 16:00:00+00:00,67104.25,2064.193603515625
2026-04-02 17:00:00+00:00,66671.09375,2045.4083251953125
2026-04-02 18:00:00+00:00,66966.8984375,2057.864013671875
2026-04-02 19:00:00+00:00,67024.1875,2065.161865234375
2026-04-02 20:00:00+00:00,66937.2734375,2068.28564453125
2026-04-02 21:00:00+00:00,66912.7578125,2062.5146484375
2026-04-02 22:00:00+00:00,67020.5078125,2061.254638671875
2026-04-02 23:00:00+00:00,66889.015625,2056.704833984375
2026-04-03 00:00:00+00:00,66753.7578125,2051.840576171875
2026-04-03 01:00:00+00:00,66599.890625,2049.844482421875
2026-04-03 02:00:00+00:00,66480.96875,2051.3525390625
2026-04-03 03:00:00+00:00,66586.28125,2054.169677734375
2026-04-03 04:00:00+00:00,66618.578125,2054.289306640625
2026-04-03 05:00:00+00:00,66555.1875,2056.29296875
2026-04-03 06:00:00+00:00,66764.3125,2063.132080078125
2026-04-03 07:00:00+00:00,67027.1484375,2065.443603515625
2026-04-03 08:00:00+00:00,66961.9296875,2060.89306640625
2026-04-03 09:00:00+00:00,66843.3203125,2060.93212890625
2026-04-03 10:00:00+00:00,66879.4921875,2059.96337890625
2026-04-03 11:00:00+00:00,66995.7109375,2062.5751953125
2026-04-03 12:00:00+00:00,66751.78125,2050.2685546875
2026-04-03 13:00:00+00:00,66662.890625,2048.442138671875
2026-04-03 14:00:00+00:00,66955.96875,2055.34765625
2026-04-03 15:00:00+00:00,66837.7265625,2051.186279296875
2026-04-03 16:00:00+00:00,67002.765625,2054.999755859375
2026-04-03 17:00:00+00:00,66852.078125,2049.798828125
2026-04-03 18:00:00+00:00,66806.78125,2048.756103515625
2026-04-03 19:00:00+00:00,66861.78125,2052.67822265625
2026-04-03 20:00:00+00:00,66842.6015625,2053.062744140625
2026-04-03 21:00:00+00:00,66925.671875,2058.292236328125
2026-04-03 22:00:00+00:00,66890.34375,2051.873046875
2026-04-03 23:00:00+00:00,66938.6484375,2053.58447265625
2026-04-04 00:00:00+00:00,66882.7265625,2051.70458984375
2026-04-04 01:00:00+00:00,66842.9453125,2050.819580078125
2026-04-04 02:00:00+00:00,66811.125,2048.5400390625
2026-04-04 03:00:00+00:00,66821.40625,2049.638427734375
2026-04-04 04:00:00+00:00,66858.1015625,2050.614501953125
2026-04-04 05:00:00+00:00,66898.328125,2053.273193359375
2026-04-04 06:00:00+00:00,67004.875,2056.28515625
2026-04-04 07:00:00+00:00,67022.4453125,2053.59814453125
2026-04-04 08:00:00+00:00,66917.296875,2049.88330078125
2026-04-04 09:00:00+00:00,66961.2109375,2049.943115234375
2026-04-04 10:00:00+00:00,67137.640625,2053.79931640625
2026-04-04 11:00:00+00:00,67113.609375,2050.98828125
2026-04-04 12:00:00+00:00,67084.578125,2049.33349609375
2026-04-04 13:00:00+00:00,67204.6640625,2053.4716796875
2026-04-04 14:00:00+00:00,67172.6953125,2052.1181640625
2026-04-04 15:00:00+00:00,67364.34375,2055.461181640625
2026-04-04 16:00:00+00:00,67442.90625,2057.714111328125
2026-04-04 17:00:00+00:00,67334.515625,2056.695556640625
2026-04-04 18:00:00+00:00,67287.0078125,2055.1416015625
2026-04-04 19:00:00+00:00,67287.53125,2066.141845703125
2026-04-04 20:00:00+00:00,67259.1875,2062.415283203125
2026-04-04 21:00:00+00:00,67366.3125,2068.439208984375
2026-04-04 22:00:00+00:00,67378.8359375,2069.00537109375
2026-04-04 23:00:00+00:00,67291.1953125,2065.37060546875
2026-04-05 00:00:00+00:00,67169.21875,2060.9384765625
2026-04-05 01:00:00+00:00,67091.6640625,2057.458251953125
2026-04-05 02:00:00+00:00,67154.7734375,2059.392822265625
2026-04-05 03:00:00+00:00,67113.9453125,2056.03076171875
2026-04-05 04:00:00+00:00,67086.5078125,2054.86279296875
2026-04-05 05:00:00+00:00,66904.875,2047.4576416015625
2026-04-05 06:00:00+00:00,66825.3125,2038.6175537109375
2026-04-05 07:00:00+00:00,66795.5,2036.6468505859375
2026-04-05 08:00:00+00:00,66907.5234375,2038.778564453125
2026-04-05 09:00:00+00:00,67013.7265625,2044.24755859375
2026-04-05 10:00:00+00:00,67033.0078125,2044.1474609375
2026-04-05 11:00:00+00:00,66972.8359375,2041.9068603515625
2026-04-05 12:00:00+00:00,66767.5546875,2027.698974609375
2026-04-05 13:00:00+00:00,66876.3671875,2035.7213134765625
2026-04-05 14:00:00+00:00,66906.125,2037.7689208984375
2026-04-05 15:00:00+00:00,67270.234375,2052.884521484375
2026-04-05 16:00:00+00:00,67188.7421875,2050.818115234375
2026-04-05 17:00:00+00:00,67334.2890625,2061.18408203125
2026-04-05 18:00:00+00:00,67363.9375,2061.309814453125
2026-04-05 19:00:00+00:00,67301.609375,2060.17822265625
2026-04-05 20:00:00+00:00,67613.8515625,2068.194580078125
2026-04-05 21:00:00+00:00,67540.8203125,2060.644287109375
2026-04-05 22:00:00+00:00,68325.484375,2085.42822265625
2026-04-05 23:00:00+00:00,68982.9140625,2108.935791015625
2026-04-06 00:00:00+00:00,69076.7109375,2121.352294921875
2026-04-06 01:00:00+00:00,68801.5390625,2115.237548828125
2026-04-06 02:00:00+00:00,69227.78125,2133.113525390625
2026-04-06 03:00:00+00:00,69061.84375,2127.347900390625
2026-04-06 04:00:00+00:00,69115.71875,2130.078857421875
2026-04-06 05:00:00+00:00,69170.5234375,2130.30859375
2026-04-06 06:00:00+00:00,68969.6484375,2126.919921875
2026-04-06 07:00:00+00:00,69075.671875,2134.205810546875
2026-04-06 08:00:00+00:00,69230.8046875,2138.45751953125
2026-04-06 09:00:00+00:00,69734.3828125,2151.405029296875
2026-04-06 10:00:00+00:00,69730.765625,2152.04345703125
2026-04-06 11:00:00+00:00,69595.9453125,2150.654052734375
2026-04-06 12:00:00+00:00,69356.1484375,2143.99169921875
2026-04-06 13:00:00+00:00,69354.2890625,2143.6328125
2026-04-06 14:00:00+00:00,69660.390625,2158.529541015625
2026-04-06 15:00:00+00:00,69930.125,2163.984130859375
2026-04-06 16:00:00+00:00,69834.8359375,2143.33349609375
2026-04-06 17:00:00+00:00,69563.90625,2135.0693359375
2026-04-06 18:00:00+00:00,69884.3203125,2144.748046875
2026-04-06 19:00:00+00:00,69704.140625,2144.7587890625
2026-04-06 20:00:00+00:00,69839.546875,2149.94384765625
2026-04-06 21:00:00+00:00,69522.0,2139.9072265625
2026-04-06 22:00:00+00:00,68918.875,2111.744384765625
2026-04-06 23:00:00+00:00,68859.375,2107.784912109375
2026-04-07 00:00:00+00:00,68834.3125,2113.569580078125
2026-04-07 01:00:00+00:00,68407.5,2099.81396484375
2026-04-07 02:00:00+00:00,68668.671875,2105.752197265625
2026-04-07 03:00:00+00:00,68756.09375,2107.921630859375
2026-04-07 04:00:00+00:00,68876.296875,2115.56103515625
2026-04-07 05:00:00+00:00,68623.734375,2104.580078125
2026-04-07 06:00:00+00:00,68559.765625,2103.48779296875
2026-04-07 07:00:00+00:00,68632.78125,2103.8037109375
2026-04-07 08:00:00+00:00,68945.296875,2115.214111328125
2026-04-07 09:00:00+00:00,69144.3359375,2127.593017578125
2026-04-07 10:00:00+00:00,68233.8515625,2088.40234375
2026-04-07 11:00:00+00:00,68356.046875,2089.764892578125
2026-04-07 12:00:00+00:00,68412.96875,2087.69189453125
2026-04-07 13:00:00+00:00,68254.234375,2076.43017578125
2026-04-07 14:00:00+00:00,67916.6953125,2071.477783203125
2026-04-07 15:00:00+00:00,68141.9921875,2079.448974609375
2026-04-07 16:00:00+00:00,68216.5859375,2083.22119140625
2026-04-07 17:00:00+00:00,68707.1875,2099.85205078125
2026-04-07 18:00:00+00:00,68426.2734375,2085.90185546875
2026-04-07 19:00:00+00:00,68958.59375,2110.76025390625
2026-04-07 20:00:00+00:00,69281.7109375,2114.2001953125
2026-04-07 21:00:00+00:00,69908.7421875,2144.84033203125
2026-04-07 22:00:00+00:00,71430.3515625,2207.716064453125
2026-04-07 23:00:00+00:00,71950.1484375,2242.276611328125
2026-04-08 00:00:00+00:00,71675.8984375,2234.20947265625
2026-04-08 01:00:00+00:00,71457.9453125,2234.504638671875
2026-04-08 02:00:00+00:00,71323.6015625,2234.5556640625
2026-04-08 03:00:00+00:00,71286.484375,2234.07470703125
2026-04-08 04:00:00+00:00,71588.4609375,2244.0888671875
2026-04-08 05:00:00+00:00,71718.125,2240.085205078125
2026-04-08 06:00:00+00:00,71720.1875,2245.58154296875
2026-04-08 07:00:00+00:00,71608.8203125,2251.97705078125
2026-04-08 08:00:00+00:00,71759.0546875,2255.31005859375
2026-04-08 09:00:00+00:00,71687.578125,2249.836669921875
2026-04-08 10:00:00+00:00,71491.28125,2244.159423828125
2026-04-08 11:00:00+00:00,71665.8984375,2246.673828125
2026-04-08 12:00:00+00:00,72078.859375,2256.797607421875
2026-04-08 13:00:00+00:00,71523.8359375,2233.355224609375
2026-04-08 14:00:00+00:00,70838.4921875,2192.032958984375
2026-04-08 15:00:00+00:00,71301.046875,2215.535400390625
2026-04-08 16:00:00+00:00,71619.1796875,2222.696044921875
2026-04-08 17:00:00+00:00,71910.0546875,2232.488037109375
2026-04-08 18:00:00+00:00,71126.171875,2202.603271484375
2026-04-08 19:00:00+00:00,71301.3984375,2207.2421875
2026-04-08 20:00:00+00:00,71358.7421875,2209.40576171875
2026-04-08 21:00:00+00:00,71518.7890625,2213.467529296875
2026-04-08 22:00:00+00:00,71088.3046875,2190.786865234375
2026-04-08 23:00:00+00:00,71115.125,2190.33251953125
2026-04-09 00:00:00+00:00,70834.7734375,2184.303955078125
2026-04-09 01:00:00+00:00,70916.1875,2177.21875
2026-04-09 02:00:00+00:00,71069.421875,2182.252685546875
2026-04-09 03:00:00+00:00,70979.9140625,2182.721435546875
2026-04-09 04:00:00+00:00,70766.5390625,2178.12744140625
2026-04-09 05:00:00+00:00,70972.8203125,2181.812744140625
2026-04-09 06:00:00+00:00,71009.359375,2181.066162109375
2026-04-09 07:00:00+00:00,70964.1015625,2181.2568359375
2026-04-09 08:00:00+00:00,71245.546875,2186.138427734375
2026-04-09 09:00:00+00:00,71505.09375,2194.21728515625
2026-04-09 10:00:00+00:00,71292.984375,2191.62744140625
2026-04-09 11:00:00+00:00,71157.0078125,2180.07373046875
2026-04-09 12:00:00+00:00,71269.7109375,2182.8046875
2026-04-09 13:00:00+00:00,70812.71875,2165.81005859375
2026-04-09 14:00:00+00:00,71116.171875,2176.185546875
2026-04-09 15:00:00+00:00,72103.4296875,2216.553466796875
2026-04-09 16:00:00+00:00,72019.4765625,2206.358154296875
2026-04-09 17:00:00+00:00,72296.0078125,2221.02099609375
2026-04-09 18:00:00+00:00,71886.0859375,2207.31298828125
2026-04-09 19:00:00+00:00,72090.484375,2215.8515625
2026-04-09 20:00:00+00:00,72390.7109375,2212.383056640625
2026-04-09 21:00:00+00:00,72256.9765625,2210.994873046875
2026-04-09 22:00:00+00:00,72041.1171875,2200.763671875
2026-04-09 23:00:00+00:00,71774.3671875,2189.380859375
2026-04-10 00:00:00+00:00,71907.890625,2194.187744140625
2026-04-10 01:00:00+00:00,72172.6484375,2195.364990234375
2026-04-10 02:00:00+00:00,71953.8515625,2187.833740234375
2026-04-10 03:00:00+00:00,71866.9375,2185.91455078125
2026-04-10 04:00:00+00:00,72075.203125,2194.935791015625
2026-04-10 05:00:00+00:00,72110.9609375,2196.36669921875
2026-04-10 06:00:00+00:00,71818.6171875,2184.5625
2026-04-10 07:00:00+00:00,71474.5234375,2178.8916015625
2026-04-10 08:00:00+00:00,71601.859375,2185.644775390625
2026-04-10 09:00:00+00:00,71796.2734375,2195.873779296875
2026-04-10 10:00:00+00:00,71927.125,2197.59619140625
2026-04-10 11:00:00+00:00,72120.9609375,2216.36279296875
2026-04-10 12:00:00+00:00,72259.9296875,2219.6689453125
2026-04-10 13:00:00+00:00,72353.125,2224.94140625
2026-04-10 14:00:00+00:00,72902.0234375,2243.239013671875
2026-04-10 15:00:00+00:00,72403.5390625,2222.22216796875
2026-04-10 16:00:00+00:00,73034.765625,2246.218994140625
2026-04-10 17:00:00+00:00,73101.09375,2248.6123046875
2026-04-10 18:00:00+00:00,73114.046875,2250.43701171875
2026-04-10 19:00:00+00:00,73234.4453125,2254.203857421875
2026-04-10 20:00:00+00:00,73377.0703125,2255.794677734375
2026-04-10 21:00:00+00:00,73203.6953125,2255.373779296875
2026-04-10 22:00:00+00:00,72919.671875,2243.603759765625
2026-04-10 23:00:00+00:00,72976.125,2244.926025390625
2026-04-11 00:00:00+00:00,72841.375,2239.365478515625
2026-04-11 01:00:00+00:00,72955.96875,2244.89404296875
2026-04-11 02:00:00+00:00,72984.203125,2248.259033203125
2026-04-11 03:00:00+00:00,72867.390625,2237.318115234375
2026-04-11 04:00:00+00:00,72824.890625,2241.3876953125
2026-04-11 05:00:00+00:00,72759.265625,2234.203369140625
2026-04-11 06:00:00+00:00,72801.0859375,2236.59375
2026-04-11 07:00:00+00:00,72738.2890625,2232.658447265625
2026-04-11 08:00:00+00:00,72715.7109375,2234.305419921875
2026-04-11 09:00:00+00:00,72913.359375,2244.118896484375
2026-04-11 10:00:00+00:00,72864.703125,2241.593994140625
2026-04-11 11:00:00+00:00,72925.703125,2246.861083984375
2026-04-11 12:00:00+00:00,72967.8203125,2245.974609375
2026-04-11 13:00:00+00:00,72701.921875,2241.82177734375
2026-04-11 14:00:00+00:00,72745.453125,2242.893798828125
2026-04-11 15:00:00+00:00,72880.890625,2250.48193359375
2026-04-11 16:00:00+00:00,73102.703125,2260.735107421875
2026-04-11 17:00:00+00:00,73097.2109375,2260.230224609375
2026-04-11 18:00:00+00:00,73544.5703125,2303.382080078125
2026-04-11 19:00:00+00:00,73683.421875,2314.08447265625
2026-04-11 20:00:00+00:00,73331.3046875,2298.8974609375
2026-04-11 21:00:00+00:00,73476.75,2301.52294921875
2026-04-11 22:00:00+00:00,73388.0546875,2296.623046875
2026-04-11 23:00:00+00:00,73056.046875,2285.43017578125
2026-04-12 00:00:00+00:00,73049.1640625,2284.289794921875
2026-04-12 01:00:00+00:00,71609.53125,2217.602294921875
2026-04-12 02:00:00+00:00,71810.359375,2225.388671875
2026-04-12 03:00:00+00:00,71660.0546875,2217.085205078125
2026-04-12 04:00:00+00:00,71490.046875,2212.559814453125
2026-04-12 05:00:00+00:00,71740.96875,2218.37255859375
2026-04-12 06:00:00+00:00,71675.6640625,2216.65283203125
2026-04-12 07:00:00+00:00,71747.28125,2220.261962890625
2026-04-12 08:00:00+00:00,71639.640625,2214.27197265625
2026-04-12 09:00:00+00:00,71561.8203125,2214.85546875
2026-04-12 10:00:00+00:00,71458.2734375,2201.350341796875
2026-04-12 11:00:00+00:00,71494.46875,2205.47021484375
2026-04-12 12:00:00+00:00,71158.734375,2196.66748046875
2026-04-12 13:00:00+00:00,70945.0,2187.53759765625
2026-04-12 14:00:00+00:00,70807.34375,2182.873046875
2026-04-12 15:00:00+00:00,70906.8203125,2186.484375
2026-04-12 16:00:00+00:00,70902.7578125,2186.697265625
2026-04-12 17:00:00+00:00,71143.1328125,2204.77734375
2026-04-12 18:00:00+00:00,71161.0703125,2201.48681640625
2026-04-12 19:00:00+00:00,71114.7265625,2199.21484375
2026-04-12 20:00:00+00:00,71359.3984375,2213.770751953125
2026-04-12 21:00:00+00:00,71284.375,2209.100830078125
2026-04-12 22:00:00+00:00,70901.7890625,2198.842041015625
2026-04-12 23:00:00+00:00,70757.6171875,2192.33154296875
2026-04-13 00:00:00+00:00,71159.4609375,2205.302001953125
2026-04-13 01:00:00+00:00,71221.5,2204.558349609375
2026-04-13 02:00:00+00:00,71080.9375,2194.668701171875
2026-04-13 03:00:00+00:00,70989.6875,2193.9443359375
2026-04-13 04:00:00+00:00,70932.84375,2191.113037109375
2026-04-13 05:00:00+00:00,70857.4375,2188.98876953125
2026-04-13 06:00:00+00:00,71064.859375,2199.580078125
2026-04-13 07:00:00+00:00,70831.3125,2187.827880859375
2026-04-13 08:00:00+00:00,70667.7890625,2184.580078125
2026-04-13 09:00:00+00:00,70789.25,2188.53759765625
2026-04-13 10:00:00+00:00,70745.5390625,2182.772216796875
2026-04-13 11:00:00+00:00,70947.2109375,2188.283203125
2026-04-13 12:00:00+00:00,71102.421875,2193.1240234375
2026-04-13 13:00:00+00:00,71608.9296875,2212.0009765625
2026-04-13 14:00:00+00:00,72420.1171875,2234.368896484375
2026-04-13 15:00:00+00:00,71838.046875,2208.329345703125
2026-04-13 16:00:00+00:00,72204.7265625,2226.77734375
2026-04-13 17:00:00+00:00,72153.3984375,2225.1416015625
2026-04-13 18:00:00+00:00,72453.796875,2233.022705078125
2026-04-13 19:00:00+00:00,73373.984375,2264.910888671875
2026-04-13 20:00:00+00:00,73204.078125,2253.409912109375
2026-04-13 21:00:00+00:00,73229.1640625,2260.919921875
2026-04-13 22:00:00+00:00,74640.609375,2353.60009765625
2026-04-13 23:00:00+00:00,74532.7421875,2370.280029296875
2026-04-14 00:00:00+00:00,74162.0234375,2362.030029296875
2026-04-14 01:00:00+00:00,74378.9921875,2369.699951171875
2026-04-14 02:00:00+00:00,74374.3671875,2368.699951171875
2026-04-14 03:00:00+00:00,74454.3828125,2366.300048828125
2026-04-14 04:00:00+00:00,74397.703125,2365.010009765625
2026-04-14 05:00:00+00:00,74209.84375,2356.6201171875
2026-04-14 06:00:00+00:00,74565.7734375,2374.0
2026-04-14 07:00:00+00:00,74547.5546875,2379.090087890625
2026-04-14 08:00:00+00:00,74776.1640625,2388.949951171875
2026-04-14 09:00:00+00:00,74538.09375,2388.35009765625
2026-04-14 10:00:00+00:00,74423.4453125,2375.7099609375
2026-04-14 11:00:00+00:00,74456.0,2374.800048828125
2026-04-14 12:00:00+00:00,74457.5859375,2374.639892578125
2026-04-14 13:00:00+00:00,75490.3984375,2393.10009765625
2026-04-14 14:00:00+00:00,75180.125,2355.989990234375
2026-04-14 15:00:00+00:00,75407.8125,2365.89990234375
2026-04-14 16:00:00+00:00,74566.21875,2335.719970703125
2026-04-14 17:00:00+00:00,74766.5,2339.1298828125
2026-04-14 18:00:00+00:00,74097.0625,2315.510009765625
2026-04-14 19:00:00+00:00,74265.8984375,2313.820068359375
2026-04-14 20:00:00+00:00,74052.28125,2315.969970703125
2026-04-14 21:00:00+00:00,74315.2890625,2324.929931640625
2026-04-14 22:00:00+00:00,74067.359375,2316.199951171875
2026-04-14 23:00:00+00:00,74184.671875,2323.6298828125
2026-04-15 00:00:00+00:00,74597.890625,2334.60009765625
2026-04-15 01:00:00+00:00,74649.0,2336.739990234375
2026-04-15 02:00:00+00:00,74360.390625,2325.659912109375
2026-04-15 03:00:00+00:00,74376.75,2329.919921875
2026-04-15 04:00:00+00:00,74354.171875,2333.820068359375
2026-04-15 05:00:00+00:00,74054.953125,2320.300048828125
2026-04-15 06:00:00+00:00,73942.46875,2318.14990234375
2026-04-15 07:00:00+00:00,73771.3515625,2317.1201171875
2026-04-15 08:00:00+00:00,74139.9921875,2328.840087890625
2026-04-15 09:00:00+00:00,74038.53125,2320.389892578125
2026-04-15 10:00:00+00:00,73890.8984375,2317.340087890625
2026-04-15 11:00:00+00:00,74232.65625,2338.219970703125
2026-04-15 12:00:00+00:00,74302.4765625,2333.699951171875
2026-04-15 13:00:00+00:00,74071.3671875,2327.219970703125
2026-04-15 14:00:00+00:00,74163.1796875,2338.830078125
2026-04-15 15:00:00+00:00,73868.0,2332.949951171875
2026-04-15 16:00:00+00:00,73956.71875,2341.77001953125
2026-04-15 17:00:00+00:00,74154.7109375,2349.639892578125
2026-04-15 18:00:00+00:00,74414.40625,2359.5400390625
2026-04-15 19:00:00+00:00,75065.578125,2375.389892578125
2026-04-15 20:00:00+00:00,74872.140625,2363.669921875
2026-04-15 21:00:00+00:00,74765.3671875,2361.530029296875
2026-04-15 22:00:00+00:00,74983.78125,2364.469970703125
2026-04-15 23:00:00+00:00,74836.359375,2360.550048828125
2026-04-16 00:00:00+00:00,74820.2421875,2361.14990234375
2026-04-16 01:00:00+00:00,74681.8671875,2352.429931640625
2026-04-16 02:00:00+00:00,74902.71875,2357.2900390625
2026-04-16 03:00:00+00:00,74904.25,2358.360107421875
2026-04-16 04:00:00+00:00,74964.6484375,2354.800048828125
2026-04-16 05:00:00+00:00,75058.0234375,2357.5
2026-04-16 06:00:00+00:00,75048.65625,2356.89990234375
2026-04-16 07:00:00+00:00,74721.5390625,2341.81005859375
2026-04-16 08:00:00+00:00,74697.7109375,2339.449951171875
2026-04-16 09:00:00+00:00,74612.671875,2338.43994140625
2026-04-16 10:00:00+00:00,74323.9921875,2332.25
2026-04-16 11:00:00+00:00,74593.328125,2336.18994140625
2026-04-16 12:00:00+00:00,74637.640625,2340.89990234375
2026-04-16 13:00:00+00:00,73792.1796875,2308.699951171875
2026-04-16 14:00:00+00:00,73973.203125,2310.699951171875
2026-04-16 15:00:00+00:00,74719.9921875,2339.830078125
2026-04-16 16:00:00+00:00,74186.03125,2316.7900390625
2026-04-16 17:00:00+00:00,74346.0,2325.570068359375
2026-04-16 18:00:00+00:00,75054.4375,2344.18994140625
2026-04-16 19:00:00+00:00,75371.9765625,2360.679931640625
2026-04-16 20:00:00+00:00,75245.9921875,2350.699951171875
2026-04-16 21:00:00+00:00,74956.9765625,2341.72998046875
2026-04-16 22:00:00+00:00,74888.609375,2342.97998046875
2026-04-16 23:00:00+00:00,75163.09375,2348.610107421875
2026-04-17 00:00:00+00:00,74955.9921875,2344.989990234375
2026-04-17 01:00:00+00:00,74763.890625,2335.929931640625
2026-04-17 02:00:00+00:00,74728.546875,2332.68994140625
2026-04-17 03:00:00+00:00,74633.1484375,2325.77001953125
2026-04-17 04:00:00+00:00,74810.0078125,2329.60009765625
2026-04-17 05:00:00+00:00,74656.5625,2319.669921875
2026-04-17 06:00:00+00:00,74964.25,2332.14990234375
2026-04-17 07:00:00+00:00,75085.9921875,2333.56005859375
2026-04-17 08:00:00+00:00,75787.4921875,2355.800048828125
2026-04-17 09:00:00+00:00,75811.4375,2360.080078125
2026-04-17 10:00:00+00:00,75303.2421875,2344.81005859375
2026-04-17 11:00:00+00:00,75622.578125,2355.570068359375
2026-04-17 12:00:00+00:00,76296.0234375,2373.60009765625
2026-04-17 13:00:00+00:00,77385.9921875,2438.320068359375
2026-04-17 14:00:00+00:00,77979.0,2448.800048828125
2026-04-17 15:00:00+00:00,77838.4375,2443.260009765625
2026-04-17 16:00:00+00:00,77907.28125,2452.590087890625
2026-04-17 17:00:00+00:00,77568.0078125,2441.7099609375
2026-04-17 18:00:00+00:00,77199.953125,2421.110107421875
2026-04-17 19:00:00+00:00,77515.21875,2430.39990234375
2026-04-17 20:00:00+00:00,77380.0,2427.89990234375
2026-04-17 21:00:00+00:00,77475.0,2430.409912109375
2026-04-17 22:00:00+00:00,77339.9375,2434.2099609375
2026-04-17 23:00:00+00:00,77098.0078125,2419.81005859375
2026-04-18 00:00:00+00:00,77195.9921875,2420.7900390625
2026-04-18 01:00:00+00:00,77250.6015625,2422.050048828125
2026-04-18 02:00:00+00:00,77321.25,2419.89990234375
2026-04-18 03:00:00+00:00,77034.828125,2406.260009765625
2026-04-18 04:00:00+00:00,77148.75,2408.330078125
2026-04-18 05:00:00+00:00,77168.296875,2409.8798828125
2026-04-18 06:00:00+00:00,77160.0,2410.68994140625
2026-04-18 07:00:00+00:00,77020.0078125,2404.5400390625
2026-04-18 08:00:00+00:00,76760.0234375,2381.760009765625
2026-04-18 09:00:00+00:00,76631.2578125,2376.81005859375
2026-04-18 10:00:00+00:00,76222.4921875,2360.090087890625
2026-04-18 11:00:00+00:00,76069.4609375,2353.7099609375
2026-04-18 12:00:00+00:00,76239.7578125,2358.860107421875
2026-04-18 13:00:00+00:00,76148.640625,2356.219970703125
2026-04-18 14:00:00+00:00,76280.609375,2365.89990234375
2026-04-18 15:00:00+00:00,76191.71875,2364.389892578125
2026-04-18 16:00:00+00:00,75968.1171875,2361.510009765625
2026-04-18 17:00:00+00:00,75852.1328125,2362.5
2026-04-18 18:00:00+00:00,75672.453125,2347.989990234375
2026-04-18 19:00:00+00:00,75682.1328125,2349.510009765625
2026-04-18 20:00:00+00:00,75784.953125,2353.68994140625
2026-04-18 21:00:00+00:00,75854.5703125,2356.419921875
2026-04-18 22:00:00+00:00,75847.9765625,2357.610107421875
2026-04-18 23:00:00+00:00,75736.8203125,2351.199951171875
2026-04-19 00:00:00+00:00,75708.0,2350.10009765625
2026-04-19 01:00:00+00:00,75652.1015625,2349.090087890625
2026-04-19 02:00:00+00:00,75530.3203125,2339.2099609375
2026-04-19 03:00:00+00:00,75546.4921875,2340.800048828125
2026-04-19 04:00:00+00:00,75700.0078125,2334.43994140625
2026-04-19 05:00:00+00:00,75580.0078125,2333.679931640625
2026-04-19 06:00:00+00:00,75429.7421875,2328.199951171875
2026-04-19 07:00:00+00:00,75291.1171875,2316.909912109375
2026-04-19 08:00:00+00:00,75299.078125,2319.75
2026-04-19 09:00:00+00:00,75055.421875,2310.840087890625
2026-04-19 10:00:00+00:00,75246.078125,2318.75
2026-04-19 11:00:00+00:00,75634.8671875,2330.199951171875
2026-04-19 12:00:00+00:00,75611.90625,2332.85009765625
2026-04-19 13:00:00+00:00,75958.0,2339.7900390625
2026-04-19 14:00:00+00:00,76064.9609375,2339.300048828125
2026-04-19 15:00:00+00:00,75884.7734375,2331.550048828125
2026-04-19 16:00:00+00:00,75416.0234375,2312.5
2026-04-19 17:00:00+00:00,74801.0078125,2296.489990234375
2026-04-19 18:00:00+00:00,74806.7109375,2296.89990234375
2026-04-19 19:00:00+00:00,74985.0390625,2300.179931640625
2026-04-19 20:00:00+00:00,74661.453125,2281.199951171875
2026-04-19 21:00:00+00:00,74461.203125,2276.89990234375
2026-04-19 22:00:00+00:00,74073.59375,2270.699951171875
2026-04-19 23:00:00+00:00,73820.1875,2263.5
2026-04-20 00:00:00+00:00,74317.921875,2281.39990234375
2026-04-20 01:00:00+00:00,74621.421875,2286.969970703125
2026-04-20 02:00:00+00:00,74444.046875,2278.510009765625
2026-04-20 03:00:00+00:00,74667.90625,2287.22998046875
2026-04-20 04:00:00+00:00,74590.390625,2284.219970703125
2026-04-20 05:00:00+00:00,74297.921875,2270.81005859375
2026-04-20 06:00:00+00:00,74820.1796875,2287.06005859375
2026-04-20 07:00:00+00:00,74857.640625,2298.89990234375
2026-04-20 08:00:00+00:00,74761.7578125,2294.719970703125
2026-04-20 09:00:00+00:00,75100.453125,2310.0
2026-04-20 10:00:00+00:00,75068.6796875,2303.9599609375
2026-04-20 11:00:00+00:00,75223.96875,2309.47998046875
2026-04-20 12:00:00+00:00,75328.90625,2320.02001953125
2026-04-20 13:00:00+00:00,75309.2890625,2311.739990234375
2026-04-20 14:00:00+00:00,75038.6875,2290.5
2026-04-20 15:00:00+00:00,75747.078125,2314.800048828125
2026-04-20 16:00:00+00:00,75367.1328125,2300.9599609375
2026-04-20 17:00:00+00:00,75937.3125,2317.72998046875
2026-04-20 18:00:00+00:00,76450.0,2334.820068359375
2026-04-20 19:00:00+00:00,76322.0078125,2332.7099609375
2026-04-20 20:00:00+00:00,76317.28125,2338.610107421875
2026-04-20 21:00:00+00:00,75988.0,2322.179931640625
2026-04-20 22:00:00+00:00,76004.671875,2320.199951171875
2026-04-20 23:00:00+00:00,75864.859375,2314.7900390625
2026-04-21 00:00:00+00:00,76127.09375,2322.7099609375
2026-04-21 01:00:00+00:00,75955.0703125,2315.97998046875
2026-04-21 02:00:00+00:00,75613.75,2309.010009765625
2026-04-21 03:00:00+00:00,75740.578125,2312.10009765625
2026-04-21 04:00:00+00:00,75840.546875,2315.280029296875
2026-04-21 05:00:00+00:00,75835.7734375,2314.919921875
2026-04-21 06:00:00+00:00,76001.828125,2318.300048828125
2026-04-21 07:00:00+00:00,76118.09375,2319.43994140625
2026-04-21 08:00:00+00:00,76545.6484375,2324.510009765625
2026-04-21 09:00:00+00:00,76388.0234375,2325.820068359375
2026-04-21 10:00:00+00:00,76775.1328125,2331.969970703125
2026-04-21 11:00:00+00:00,76478.6171875,2320.610107421875
2026-04-21 12:00:00+00:00,76039.8984375,2309.5
2026-04-21 13:00:00+00:00,75919.1328125,2313.699951171875
2026-04-21 14:00:00+00:00,75681.7109375,2299.85009765625
2026-04-21 15:00:00+00:00,75850.8203125,2311.31005859375
2026-04-21 16:00:00+00:00,75800.3515625,2308.52001953125
2026-04-21 17:00:00+00:00,75567.2578125,2307.25
2026-04-21 18:00:00+00:00,75622.7890625,2313.639892578125
2026-04-21 19:00:00+00:00,75019.9921875,2299.47998046875
2026-04-21 20:00:00+00:00,75743.71875,2315.679931640625
2026-04-21 21:00:00+00:00,75565.0078125,2313.22998046875
2026-04-21 22:00:00+00:00,75662.0078125,2312.2099609375
2026-04-21 23:00:00+00:00,76346.8125,2328.0
2026-04-22 00:00:00+00:00,76380.46875,2326.110107421875
2026-04-22 01:00:00+00:00,76315.6484375,2323.179931640625
2026-04-22 02:00:00+00:00,77626.0078125,2370.5
2026-04-22 03:00:00+00:00,77549.65625,2364.31005859375
2026-04-22 04:00:00+00:00,77535.953125,2364.0
2026-04-22 05:00:00+00:00,77991.9921875,2396.89990234375
2026-04-22 06:00:00+00:00,78024.8828125,2393.25
2026-04-22 07:00:00+00:00,78025.796875,2390.419921875
2026-04-22 08:00:00+00:00,78029.703125,2388.989990234375
2026-04-22 09:00:00+00:00,78015.5625,2388.110107421875
2026-04-22 10:00:00+00:00,78175.703125,2391.010009765625
2026-04-22 11:00:00+00:00,78322.546875,2399.35009765625
2026-04-22 12:00:00+00:00,78262.8984375,2406.0
2026-04-22 13:00:00+00:00,78887.4296875,2418.77001953125
2026-04-22 14:00:00+00:00,79080.8984375,2404.360107421875
2026-04-22 15:00:00+00:00,79323.609375,2403.97998046875
2026-04-22 16:00:00+00:00,78779.2890625,2386.199951171875
2026-04-22 17:00:00+00:00,78922.9921875,2399.89990234375
2026-04-22 18:00:00+00:00,79062.453125,2397.60009765625
2026-04-22 19:00:00+00:00,78885.7421875,2398.489990234375
2026-04-22 20:00:00+00:00,78459.828125,2392.320068359375
2026-04-22 21:00:00+00:00,78794.7578125,2403.199951171875
2026-04-22 22:00:00+00:00,78642.8984375,2401.300048828125
2026-04-22 23:00:00+00:00,78208.5078125,2375.199951171875
2026-04-23 00:00:00+00:00,78449.546875,2372.989990234375
2026-04-23 01:00:00+00:00,78379.2109375,2367.419921875
2026-04-23 02:00:00+00:00,77967.453125,2352.6201171875
2026-04-23 03:00:00+00:00,77742.5703125,2340.080078125
2026-04-23 04:00:00+00:00,77937.7265625,2348.929931640625
2026-04-23 05:00:00+00:00,78032.90625,2349.89990234375
2026-04-23 06:00:00+00:00,78240.0,2355.3701171875
2026-04-23 07:00:00+00:00,78086.140625,2345.300048828125
2026-04-23 08:00:00+00:00,77877.34375,2340.389892578125
2026-04-23 09:00:00+00:00,77672.03125,2317.080078125
2026-04-23 10:00:00+00:00,77425.90625,2314.580078125
2026-04-23 11:00:00+00:00,77722.296875,2329.719970703125
2026-04-23 12:00:00+00:00,77904.09375,2330.199951171875
2026-04-23 13:00:00+00:00,77559.6796875,2320.18994140625
2026-04-23 14:00:00+00:00,78216.578125,2335.419921875
2026-04-23 15:00:00+00:00,78413.1796875,2334.419921875
2026-04-23 16:00:00+00:00,78143.3984375,2326.989990234375
2026-04-23 17:00:00+00:00,77796.421875,2311.050048828125
2026-04-23 18:00:00+00:00,77739.09375,2306.449951171875
2026-04-23 19:00:00+00:00,77745.296875,2313.830078125
2026-04-23 20:00:00+00:00,77906.1015625,2325.7900390625
2026-04-23 21:00:00+00:00,77901.0390625,2323.81005859375
2026-04-23 22:00:00+00:00,78257.140625,2332.889892578125
2026-04-23 23:00:00+00:00,78281.1484375,2331.080078125
2026-04-24 00:00:00+00:00,78446.0234375,2333.159912109375
2026-04-24 01:00:00+00:00,78464.1015625,2333.60009765625
2026-04-24 02:00:00+00:00,78154.1015625,2320.659912109375
2026-04-24 03:00:00+00:00,77755.390625,2309.22998046875
2026-04-24 04:00:00+00:00,77682.90625,2307.0
2026-04-24 05:00:00+00:00,77971.828125,2315.2099609375
2026-04-24 06:00:00+00:00,77813.1171875,2309.89990234375
2026-04-24 07:00:00+00:00,77676.9609375,2312.77001953125
2026-04-24 08:00:00+00:00,77808.7265625,2316.64990234375
2026-04-24 09:00:00+00:00,77551.890625,2310.840087890625
2026-04-24 10:00:00+00:00,77765.3515625,2316.8701171875
2026-04-24 11:00:00+00:00,78256.1328125,2329.469970703125
2026-04-24 12:00:00+00:00,78298.78125,2325.8798828125
2026-04-24 13:00:00+00:00,78107.84375,2317.590087890625
2026-04-24 14:00:00+00:00,78074.15625,2314.530029296875
2026-04-24 15:00:00+00:00,78070.7578125,2324.590087890625
2026-04-24 16:00:00+00:00,77804.0390625,2317.5
2026-04-24 17:00:00+00:00,77705.53125,2320.469970703125
2026-04-24 18:00:00+00:00,77637.609375,2320.64990234375
2026-04-24 19:00:00+00:00,77661.8203125,2322.0
2026-04-24 20:00:00+00:00,77748.6875,2327.330078125
2026-04-24 21:00:00+00:00,77565.4375,2315.830078125
2026-04-24 22:00:00+00:00,77360.78125,2312.72998046875
2026-04-24 23:00:00+00:00,77461.7890625,2315.81005859375
2026-04-25 00:00:00+00:00,77483.4296875,2316.419921875
2026-04-25 01:00:00+00:00,77559.96875,2318.679931640625
2026-04-25 02:00:00+00:00,77634.9609375,2318.159912109375
2026-04-25 03:00:00+00:00,77699.90625,2319.280029296875
2026-04-25 04:00:00+00:00,77641.15625,2317.25
2026-04-25 05:00:00+00:00,77542.1875,2316.60009765625
2026-04-25 06:00:00+00:00,77526.421875,2316.429931640625
2026-04-25 07:00:00+00:00,77521.96875,2317.0
2026-04-25 08:00:00+00:00,77672.640625,2319.929931640625
2026-04-25 09:00:00+00:00,77738.1875,2319.659912109375
2026-04-25 10:00:00+00:00,77809.4765625,2320.929931640625
2026-04-25 11:00:00+00:00,77706.171875,2314.330078125
2026-04-25 12:00:00+00:00,77575.2890625,2314.02001953125
2026-04-25 13:00:00+00:00,77701.359375,2316.64990234375
2026-04-25 14:00:00+00:00,77679.9609375,2316.419921875
2026-04-25 15:00:00+00:00,77354.0625,2308.7900390625
2026-04-25 16:00:00+00:00,77427.6875,2310.1201171875
2026-04-25 17:00:00+00:00,77274.5234375,2309.580078125
2026-04-25 18:00:00+00:00,77311.0078125,2311.919921875
2026-04-25 19:00:00+00:00,77339.78125,2310.340087890625
2026-04-25 20:00:00+00:00,77497.0703125,2313.989990234375
2026-04-25 21:00:00+00:00,77548.9296875,2316.239990234375
2026-04-25 22:00:00+00:00,77577.9609375,2318.489990234375
2026-04-25 23:00:00+00:00,77650.71875,2319.889892578125
2026-04-26 00:00:00+00:00,77520.34375,2315.7099609375
2026-04-26 01:00:00+00:00,77479.2734375,2314.56005859375
2026-04-26 02:00:00+00:00,77545.7109375,2315.6201171875
2026-04-26 03:00:00+00:00,77408.0,2310.219970703125
2026-04-26 04:00:00+00:00,77790.6171875,2318.27001953125
2026-04-26 05:00:00+00:00,78004.96875,2328.7099609375
2026-04-26 06:00:00+00:00,78019.1875,2330.989990234375
2026-04-26 07:00:00+00:00,78126.3125,2332.179931640625
2026-04-26 08:00:00+00:00,78050.0078125,2333.169921875
2026-04-26 09:00:00+00:00,78026.921875,2335.449951171875
2026-04-26 10:00:00+00:00,78024.640625,2333.6201171875
2026-04-26 11:00:00+00:00,78118.0,2337.0400390625
2026-04-26 12:00:00+00:00,77850.8125,2329.64990234375
2026-04-26 13:00:00+00:00,77993.75,2335.949951171875
2026-04-26 14:00:00+00:00,78108.3671875,2346.81005859375
2026-04-26 15:00:00+00:00,78073.828125,2348.909912109375
2026-04-26 16:00:00+00:00,77954.359375,2343.409912109375
2026-04-26 17:00:00+00:00,78037.4609375,2350.3798828125
2026-04-26 18:00:00+00:00,78301.9921875,2362.5
2026-04-26 19:00:00+00:00,78258.0,2368.530029296875
2026-04-26 20:00:00+00:00,78228.578125,2364.1298828125
2026-04-26 21:00:00+00:00,78437.9609375,2364.89990234375
2026-04-26 22:00:00+00:00,78339.53125,2362.47998046875
2026-04-26 23:00:00+00:00,78664.640625,2370.419921875
2026-04-27 00:00:00+00:00,79263.96875,2389.7099609375
2026-04-27 01:00:00+00:00,79298.0,2395.300048828125
2026-04-27 02:00:00+00:00,79150.0,2393.080078125
2026-04-27 03:00:00+00:00,79120.0234375,2395.27001953125
2026-04-27 04:00:00+00:00,78942.0234375,2383.169921875
2026-04-27 05:00:00+00:00,77798.7109375,2323.18994140625
2026-04-27 06:00:00+00:00,77709.7578125,2321.280029296875
2026-04-27 07:00:00+00:00,77621.2109375,2316.35009765625
2026-04-27 08:00:00+00:00,77811.5625,2319.7099609375
2026-04-27 09:00:00+00:00,77902.453125,2322.320068359375
2026-04-27 10:00:00+00:00,77857.4375,2319.9599609375
2026-04-27 11:00:00+00:00,77847.890625,2320.43994140625
2026-04-27 12:00:00+00:00,77671.0390625,2313.969970703125
2026-04-27 13:00:00+00:00,77750.0,2312.60009765625
2026-04-27 14:00:00+00:00,77807.8125,2314.64990234375
2026-04-27 15:00:00+00:00,76772.921875,2274.639892578125
2026-04-27 16:00:00+00:00,76615.84375,2277.679931640625
2026-04-27 17:00:00+00:00,76721.2265625,2286.889892578125
2026-04-27 18:00:00+00:00,76814.0078125,2288.860107421875
2026-04-27 19:00:00+00:00,76878.0,2288.8798828125
2026-04-27 20:00:00+00:00,76955.3671875,2291.2099609375
2026-04-27 21:00:00+00:00,76777.0,2287.2099609375
2026-04-27 22:00:00+00:00,77051.109375,2294.429931640625
2026-04-27 23:00:00+00:00,77364.40625,2303.43994140625
2026-04-28 00:00:00+00:00,77381.796875,2306.8798828125
2026-04-28 01:00:00+00:00,77078.359375,2298.719970703125
2026-04-28 02:00:00+00:00,76888.0234375,2288.800048828125
2026-04-28 03:00:00+00:00,76809.3515625,2290.570068359375
2026-04-28 04:00:00+00:00,76885.6015625,2288.510009765625
2026-04-28 05:00:00+00:00,76889.9609375,2288.179931640625
2026-04-28 06:00:00+00:00,76702.9921875,2277.610107421875
2026-04-28 07:00:00+00:00,76864.3203125,2287.43994140625
2026-04-28 08:00:00+00:00,76857.03125,2287.199951171875
2026-04-28 09:00:00+00:00,76587.2421875,2282.0
2026-04-28 10:00:00+00:00,76610.0078125,2284.320068359375
2026-04-28 11:00:00+00:00,76219.9765625,2274.9599609375
2026-04-28 12:00:00+00:00,76386.953125,2278.030029296875
2026-04-28 13:00:00+00:00,76191.3203125,2276.719970703125
2026-04-28 14:00:00+00:00,75940.0078125,2273.1201171875
2026-04-28 15:00:00+00:00,76050.296875,2279.659912109375
2026-04-28 16:00:00+00:00,76109.2734375,2286.0
2026-04-28 17:00:00+00:00,76166.7890625,2290.360107421875
2026-04-28 18:00:00+00:00,76220.65625,2296.8701171875
2026-04-28 19:00:00+00:00,76325.9765625,2301.179931640625
2026-04-28 20:00:00+00:00,76461.9921875,2295.06005859375
2026-04-28 21:00:00+00:00,76349.5234375,2289.949951171875
2026-04-28 22:00:00+00:00,76229.796875,2286.27001953125
2026-04-28 23:00:00+00:00,76315.90625,2289.2900390625
2026-04-29 00:00:00+00:00,76502.3515625,2291.85009765625
2026-04-29 01:00:00+00:00,76544.703125,2292.300048828125
2026-04-29 02:00:00+00:00,76509.2734375,2288.409912109375
2026-04-29 03:00:00+00:00,76987.2734375,2311.469970703125
2026-04-29 04:00:00+00:00,77260.8984375,2326.81005859375
2026-04-29 05:00:00+00:00,77280.359375,2328.6298828125
2026-04-29 06:00:00+00:00,77001.609375,2324.110107421875
2026-04-29 07:00:00+00:00,77034.0390625,2323.3701171875
2026-04-29 08:00:00+00:00,77029.453125,2325.43994140625
2026-04-29 09:00:00+00:00,77646.2421875,2339.760009765625
2026-04-29 10:00:00+00:00,77618.0,2333.050048828125
2026-04-29 11:00:00+00:00,77581.921875,2331.47998046875
2026-04-29 12:00:00+00:00,77122.0234375,2315.800048828125
2026-04-29 13:00:00+00:00,76758.2109375,2302.7099609375
2026-04-29 14:00:00+00:00,76545.2109375,2298.530029296875
2026-04-29 15:00:00+00:00,75868.4375,2271.5
2026-04-29 16:00:00+00:00,75766.9375,2266.0
2026-04-29 17:00:00+00:00,76132.0390625,2280.699951171875
2026-04-29 18:00:00+00:00,75483.90625,2238.52001953125
2026-04-29 19:00:00+00:00,75529.6328125,2232.719970703125
2026-04-29 20:00:00+00:00,75646.8828125,2239.60009765625
2026-04-29 21:00:00+00:00,75901.8828125,2252.169921875
2026-04-29 22:00:00+00:00,75895.5078125,2256.93994140625
2026-04-29 23:00:00+00:00,75752.8828125,2251.840087890625
2026-04-30 00:00:00+00:00,76232.5625,2271.820068359375
2026-04-30 01:00:00+00:00,76212.84375,2268.889892578125
2026-04-30 02:00:00+00:00,75673.171875,2243.719970703125
2026-04-30 03:00:00+00:00,75901.8203125,2252.550048828125
2026-04-30 04:00:00+00:00,75456.2734375,2238.06005859375
2026-04-30 05:00:00+00:00,75567.8984375,2241.969970703125
2026-04-30 06:00:00+00:00,75726.171875,2247.199951171875
2026-04-30 07:00:00+00:00,76134.328125,2259.72998046875
2026-04-30 08:00:00+00:00,76035.7421875,2256.2099609375
2026-04-30 09:00:00+00:00,76071.859375,2261.4599609375
2026-04-30 10:00:00+00:00,75994.2890625,2261.110107421875
2026-04-30 11:00:00+00:00,76031.9765625,2257.219970703125
2026-04-30 12:00:00+00:00,76278.4375,2264.43994140625
2026-04-30 13:00:00+00:00,76382.0,2263.110107421875
2026-04-30 14:00:00+00:00,76268.4921875,2261.169921875
2026-04-30 15:00:00+00:00,76438.84375,2265.1201171875
2026-04-30 16:00:00+00:00,76220.046875,2256.010009765625
2026-04-30 17:00:00+00:00,76210.4296875,2257.1201171875
2026-04-30 18:00:00+00:00,76316.0,2259.699951171875
2026-04-30 19:00:00+00:00,76381.3203125,2261.610107421875
2026-04-30 20:00:00+00:00,76461.5,2263.5
2026-04-30 21:00:00+00:00,76207.90625,2255.1298828125
2026-04-30 22:00:00+00:00,76205.359375,2253.60009765625
2026-04-30 23:00:00+00:00,76305.0,2256.719970703125
2026-05-01 00:00:00+00:00,76423.2421875,2259.300048828125
2026-05-01 01:00:00+00:00,76650.7421875,2266.800048828125
2026-05-01 02:00:00+00:00,76566.4609375,2266.2900390625
2026-05-01 03:00:00+00:00,77091.84375,2282.0
2026-05-01 04:00:00+00:00,77004.9921875,2279.340087890625
2026-05-01 05:00:00+00:00,77140.578125,2282.639892578125
2026-05-01 06:00:00+00:00,76971.9921875,2277.0400390625
2026-05-01 07:00:00+00:00,77108.0234375,2279.199951171875
2026-05-01 08:00:00+00:00,77358.3984375,2286.89990234375
2026-05-01 09:00:00+00:00,77266.0,2281.81005859375
2026-05-01 10:00:00+00:00,77280.046875,2282.300048828125
2026-05-01 11:00:00+00:00,77452.7265625,2286.330078125
2026-05-01 12:00:00+00:00,77889.2734375,2301.300048828125
2026-05-01 13:00:00+00:00,78759.96875,2318.68994140625
2026-05-01 14:00:00+00:00,78364.2734375,2307.60009765625
2026-05-01 15:00:00+00:00,78445.1171875,2307.860107421875
2026-05-01 16:00:00+00:00,78202.9296875,2301.530029296875
2026-05-01 17:00:00+00:00,78550.0,2311.81005859375
2026-05-01 18:00:00+00:00,78432.0,2304.409912109375
2026-05-01 19:00:00+00:00,78373.9765625,2304.699951171875
2026-05-01 20:00:00+00:00,77872.8125,2285.0
2026-05-01 21:00:00+00:00,78207.0390625,2292.6298828125
2026-05-01 22:00:00+00:00,78146.671875,2293.389892578125
2026-05-01 23:00:00+00:00,78234.046875,2295.5400390625
2026-05-02 00:00:00+00:00,78346.0234375,2297.489990234375
2026-05-02 01:00:00+00:00,78342.0,2298.699951171875
2026-05-02 02:00:00+00:00,78358.1015625,2303.139892578125
2026-05-02 03:00:00+00:00,78409.6328125,2304.010009765625
2026-05-02 04:00:00+00:00,78179.3828125,2301.070068359375
2026-05-02 05:00:00+00:00,78179.6015625,2299.31005859375
2026-05-02 06:00:00+00:00,78324.0234375,2305.110107421875
2026-05-02 07:00:00+00:00,78220.2109375,2300.610107421875
2026-05-02 08:00:00+00:00,78311.359375,2303.239990234375
2026-05-02 09:00:00+00:00,78299.7890625,2304.89990234375
2026-05-02 10:00:00+00:00,78249.9765625,2303.31005859375
2026-05-02 11:00:00+00:00,78147.0390625,2301.989990234375
2026-05-02 12:00:00+00:00,78213.15625,2303.300048828125
2026-05-02 13:00:00+00:00,78364.6796875,2307.9599609375
2026-05-02 14:00:00+00:00,78415.34375,2306.39990234375
2026-05-02 15:00:00+00:00,78483.5234375,2308.969970703125
2026-05-02 16:00:00+00:00,78446.03125,2309.300048828125
2026-05-02 17:00:00+00:00,78393.078125,2305.7900390625
2026-05-02 18:00:00+00:00,78456.0078125,2309.6298828125
2026-05-02 19:00:00+00:00,78484.46875,2310.68994140625
2026-05-02 20:00:00+00:00,78458.671875,2311.72998046875
2026-05-02 21:00:00+00:00,78724.6875,2325.489990234375
2026-05-02 22:00:00+00:00,78833.9765625,2326.800048828125
2026-05-02 23:00:00+00:00,78682.3125,2316.739990234375
2026-05-03 00:00:00+00:00,78551.7109375,2314.0
2026-05-03 01:00:00+00:00,78250.0,2303.81005859375
2026-05-03 02:00:00+00:00,78162.859375,2303.080078125
2026-05-03 03:00:00+00:00,78196.0234375,2301.89990234375
2026-05-03 04:00:00+00:00,78164.859375,2301.22998046875
2026-05-03 05:00:00+00:00,78239.8671875,2303.800048828125
2026-05-03 06:00:00+00:00,78281.1796875,2304.0
2026-05-03 07:00:00+00:00,78357.6328125,2309.260009765625
2026-05-03 08:00:00+00:00,78382.84375,2307.860107421875
2026-05-03 09:00:00+00:00,78532.4375,2316.10009765625
2026-05-03 10:00:00+00:00,78404.7578125,2311.280029296875
2026-05-03 11:00:00+00:00,78657.9921875,2319.4599609375
2026-05-03 12:00:00+00:00,78746.1328125,2325.419921875
2026-05-03 13:00:00+00:00,78660.0,2321.6298828125
2026-05-03 14:00:00+00:00,78730.390625,2328.31005859375
2026-05-03 15:00:00+00:00,78656.84375,2327.830078125
2026-05-03 16:00:00+00:00,78655.4609375,2328.159912109375
2026-05-03 17:00:00+00:00,78721.359375,2331.81005859375
2026-05-03 18:00:00+00:00,78732.28125,2330.75
2026-05-03 19:00:00+00:00,78753.15625,2335.679931640625
2026-05-03 20:00:00+00:00,78920.7734375,2329.679931640625
2026-05-03 21:00:00+00:00,78822.5390625,2323.929931640625
2026-05-03 22:00:00+00:00,79168.2578125,2343.7099609375
2026-05-03 23:00:00+00:00,78558.7421875,2322.5
2026-05-04 00:00:00+00:00,78537.4375,2318.72998046875
2026-05-04 01:00:00+00:00,79754.0,2350.469970703125
2026-05-04 02:00:00+00:00,80164.7421875,2374.389892578125
2026-05-04 03:00:00+00:00,80319.6015625,2385.010009765625
2026-05-04 04:00:00+00:00,80327.8671875,2389.8798828125
2026-05-04 05:00:00+00:00,80013.53125,2375.8798828125
2026-05-04 06:00:00+00:00,79859.6328125,2367.739990234375
2026-05-04 07:00:00+00:00,79684.078125,2362.090087890625
2026-05-04 08:00:00+00:00,79695.359375,2359.5400390625
2026-05-04 09:00:00+00:00,79815.21875,2368.239990234375
2026-05-04 10:00:00+00:00,78937.6875,2338.260009765625
2026-05-04 11:00:00+00:00,78782.953125,2337.3701171875
2026-05-04 12:00:00+00:00,78868.5078125,2336.719970703125
2026-05-04 13:00:00+00:00,78774.7421875,2336.39990234375
2026-05-04 14:00:00+00:00,80225.0,2371.389892578125
2026-05-04 15:00:00+00:00,80031.0078125,2349.85009765625
2026-05-04 16:00:00+00:00,80031.0,2355.1298828125
2026-05-04 17:00:00+00:00,80382.7421875,2370.27001953125
2026-05-04 18:00:00+00:00,80108.8984375,2361.5
2026-05-04 19:00:00+00:00,80048.03125,2355.610107421875
2026-05-04 20:00:00+00:00,79935.828125,2349.719970703125
2026-05-04 21:00:00+00:00,80260.078125,2360.6298828125
2026-05-04 22:00:00+00:00,80059.6875,2354.35009765625
2026-05-04 23:00:00+00:00,79841.1015625,2346.949951171875
2026-05-05 00:00:00+00:00,80163.9921875,2358.760009765625
2026-05-05 01:00:00+00:00,80345.9921875,2361.97998046875
2026-05-05 02:00:00+00:00,80549.2265625,2367.570068359375
2026-05-05 03:00:00+00:00,80882.140625,2382.489990234375
2026-05-05 04:00:00+00:00,80900.328125,2380.949951171875
2026-05-05 05:00:00+00:00,80966.1015625,2379.989990234375
2026-05-05 06:00:00+00:00,80972.25,2378.909912109375
2026-05-05 07:00:00+00:00,80874.0,2380.610107421875
2026-05-05 08:00:00+00:00,80817.96875,2376.580078125
2026-05-05 09:00:00+00:00,80585.828125,2369.360107421875
2026-05-05 10:00:00+00:00,80833.703125,2378.52001953125
2026-05-05 11:00:00+00:00,80937.359375,2376.989990234375
2026-05-06 00:00:00+00:00,81014.921875,2363.909912109375
2026-05-06 01:00:00+00:00,81430.0390625,2372.949951171875
2026-05-06 02:00:00+00:00,81355.5,2369.090087890625
2026-05-06 03:00:00+00:00,81576.25,2376.5
2026-05-06 04:00:00+00:00,81331.046875,2366.110107421875
2026-05-06 05:00:00+00:00,81319.140625,2364.6201171875
2026-05-06 06:00:00+00:00,81472.953125,2370.02001953125
2026-05-06 07:00:00+00:00,81370.0,2371.4599609375
2026-05-06 08:00:00+00:00,81952.0,2394.360107421875
2026-05-06 09:00:00+00:00,81998.640625,2412.949951171875
2026-05-06 10:00:00+00:00,82286.9765625,2410.429931640625
2026-05-06 11:00:00+00:00,82522.046875,2410.780029296875
2026-05-06 12:00:00+00:00,82223.6015625,2405.10009765625
2026-05-06 13:00:00+00:00,81667.0703125,2368.18994140625
2026-05-06 14:00:00+00:00,81515.4296875,2359.35009765625
2026-05-06 15:00:00+00:00,81699.0703125,2358.60009765625
2026-05-06 16:00:00+00:00,81622.53125,2357.68994140625
2026-05-06 17:00:00+00:00,81447.8984375,2349.659912109375
2026-05-06 18:00:00+00:00,81347.828125,2344.8701171875
2026-05-06 19:00:00+00:00,81460.6796875,2348.010009765625
2026-05-06 20:00:00+00:00,81434.9765625,2350.72998046875
2026-05-06 21:00:00+00:00,81539.1875,2355.580078125
2026-05-06 22:00:00+00:00,81339.671875,2347.449951171875
2026-05-06 23:00:00+00:00,81438.1015625,2350.659912109375
2026-05-07 00:00:00+00:00,81019.796875,2329.570068359375
2026-05-07 01:00:00+00:00,81175.59375,2327.169921875
2026-05-07 02:00:00+00:00,81118.6015625,2321.8701171875
2026-05-07 03:00:00+00:00,80842.0,2321.929931640625
2026-05-07 04:00:00+00:00,80974.0078125,2327.280029296875
2026-05-07 05:00:00+00:00,81085.9921875,2331.0
2026-05-07 06:00:00+00:00,81443.1328125,2337.239990234375
2026-05-07 07:00:00+00:00,81517.796875,2344.7099609375
2026-05-07 08:00:00+00:00,81211.4921875,2333.919921875
2026-05-07 09:00:00+00:00,80914.5,2328.469970703125
2026-05-07 10:00:00+00:00,80837.1171875,2326.7099609375
2026-05-07 11:00:00+00:00,80857.328125,2329.889892578125
2026-05-07 12:00:00+00:00,81160.8515625,2332.909912109375
2026-05-07 13:00:00+00:00,80491.34375,2313.919921875
2026-05-07 14:00:00+00:00,80154.8203125,2299.080078125
2026-05-07 15:00:00+00:00,79868.4296875,2293.89990234375
2026-05-07 16:00:00+00:00,79778.453125,2291.510009765625
2026-05-07 17:00:00+00:00,80090.90625,2300.260009765625
2026-05-07 18:00:00+00:00,80203.7578125,2296.409912109375
2026-05-07 19:00:00+00:00,80124.5,2295.800048828125
2026-05-07 20:00:00+00:00,79876.140625,2289.090087890625
2026-05-07 21:00:00+00:00,79730.4609375,2287.89990234375
2026-05-07 22:00:00+00:00,79907.390625,2286.8798828125
2026-05-07 23:00:00+00:00,80005.3671875,2290.590087890625
2026-05-08 00:00:00+00:00,79819.5234375,2286.2099609375
2026-05-08 01:00:00+00:00,79642.8984375,2282.419921875
2026-05-08 03:00:00+00:00,79550.5,2279.376220703125
2026-05-08 04:00:00+00:00,79644.078125,2281.435791015625
2026-05-08 05:00:00+00:00,79624.6171875,2278.616943359375
2026-05-08 06:00:00+00:00,79472.875,2273.814697265625
2026-05-08 07:00:00+00:00,79637.5390625,2280.0400390625
2026-05-08 08:00:00+00:00,79928.7109375,2284.8818359375
2026-05-08 09:00:00+00:00,79850.6015625,2283.001708984375
2026-05-08 10:00:00+00:00,80213.4140625,2288.371337890625
2026-05-08 11:00:00+00:00,80224.609375,2294.935791015625
2026-05-08 12:00:00+00:00,80020.046875,2284.300048828125
2026-05-08 13:00:00+00:00,79599.109375,2274.909912109375
2026-05-08 14:00:00+00:00,80134.4296875,2285.3701171875
2026-05-08 15:00:00+00:00,80125.6328125,2292.60009765625
2026-05-08 16:00:00+00:00,79777.0390625,2289.39990234375
2026-05-08 17:00:00+00:00,80046.859375,2304.800048828125
2026-05-08 18:00:00+00:00,80075.7109375,2313.580078125
2026-05-08 19:00:00+00:00,80101.3125,2315.5
2026-05-08 20:00:00+00:00,80131.1484375,2306.590087890625
2026-05-08 21:00:00+00:00,80253.671875,2314.219970703125
2026-05-08 22:00:00+00:00,80273.96875,2310.929931640625
2026-05-08 23:00:00+00:00,80188.8203125,2307.239990234375
2026-05-09 00:00:00+00:00,80230.2265625,2308.68994140625
2026-05-09 01:00:00+00:00,80318.2578125,2314.580078125
2026-05-09 02:00:00+00:00,80407.296875,2317.1201171875
2026-05-09 03:00:00+00:00,80380.296875,2315.530029296875
2026-05-09 04:00:00+00:00,80385.0625,2312.679931640625
2026-05-09 05:00:00+00:00,80374.0,2314.580078125
2026-05-09 06:00:00+00:00,80248.1328125,2314.22998046875
2026-05-09 07:00:00+00:00,80214.859375,2314.52001953125
2026-05-09 08:00:00+00:00,80399.9921875,2316.929931640625
2026-05-09 09:00:00+00:00,80236.7421875,2313.1298828125
2026-05-09 10:00:00+00:00,80259.3125,2312.27001953125
2026-05-09 11:00:00+00:00,80330.5,2314.330078125
2026-05-09 12:00:00+00:00,80400.0078125,2316.219970703125
2026-05-09 13:00:00+00:00,80391.53125,2314.27001953125
2026-05-09 14:00:00+00:00,80325.09375,2307.81005859375
2026-05-09 15:00:00+00:00,80523.9609375,2317.360107421875
2026-05-09 16:00:00+00:00,80609.296875,2319.800048828125
2026-05-09 17:00:00+00:00,80795.4375,2329.449951171875
2026-05-09 18:00:00+00:00,80898.40625,2329.919921875
2026-05-09 19:00:00+00:00,80942.609375,2331.949951171875
2026-05-09 20:00:00+00:00,80786.4765625,2329.090087890625
2026-05-09 21:00:00+00:00,80767.328125,2330.8701171875
2026-05-09 22:00:00+00:00,80756.9921875,2329.780029296875
2026-05-09 23:00:00+00:00,80658.9765625,2326.159912109375
2026-05-10 00:00:00+00:00,80664.0,2323.7099609375
2026-05-10 01:00:00+00:00,80643.2890625,2323.3798828125
2026-05-10 02:00:00+00:00,80767.3203125,2327.02001953125
2026-05-10 03:00:00+00:00,80780.8125,2327.409912109375
2026-05-10 04:00:00+00:00,80747.1171875,2328.0
2026-05-10 05:00:00+00:00,80679.9921875,2327.050048828125
2026-05-10 06:00:00+00:00,80724.0625,2329.080078125
2026-05-10 07:00:00+00:00,80725.84375,2327.1298828125
2026-05-10 08:00:00+00:00,80819.0,2329.679931640625
2026-05-10 09:00:00+00:00,80794.0234375,2327.820068359375
2026-05-10 10:00:00+00:00,80852.40625,2325.02001953125
2026-05-10 11:00:00+00:00,80794.0,2322.469970703125
2026-05-10 12:00:00+00:00,80928.0,2324.219970703125
2026-05-10 13:00:00+00:00,80962.34375,2329.89990234375
2026-05-10 14:00:00+00:00,80960.8984375,2330.969970703125
2026-05-10 15:00:00+00:00,81404.6484375,2347.389892578125
2026-05-10 16:00:00+00:00,81357.2734375,2349.820068359375
2026-05-10 17:00:00+00:00,81471.421875,2363.9599609375
2026-05-10 18:00:00+00:00,81268.546875,2358.64990234375
2026-05-10 19:00:00+00:00,81425.140625,2365.85009765625
2026-05-10 20:00:00+00:00,80723.9921875,2328.679931640625
2026-05-10 21:00:00+00:00,80704.328125,2330.77001953125
2026-05-10 22:00:00+00:00,82035.109375,2373.590087890625
2026-05-10 23:00:00+00:00,82186.8203125,2371.1201171875
2026-05-11 00:00:00+00:00,81461.5625,2352.7099609375
2026-05-11 01:00:00+00:00,81486.546875,2358.3701171875
2026-05-11 02:00:00+00:00,81155.609375,2344.68994140625
2026-05-11 03:00:00+00:00,80717.453125,2329.889892578125
2026-05-11 04:00:00+00:00,80806.4609375,2332.510009765625
2026-05-11 05:00:00+00:00,80809.9921875,2334.39990234375
2026-05-11 06:00:00+00:00,80814.09375,2333.280029296875
2026-05-11 07:00:00+00:00,80722.1875,2329.81005859375
2026-05-11 08:00:00+00:00,80753.96875,2329.830078125
2026-05-11 09:00:00+00:00,80944.6484375,2335.199951171875
2026-05-11 10:00:00+00:00,80927.28125,2329.300048828125
2026-05-11 11:00:00+00:00,81181.4765625,2335.260009765625
2026-05-11 12:00:00+00:00,81032.828125,2328.39990234375
2026-05-11 13:00:00+00:00,81039.46875,2321.0
2026-05-11 14:00:00+00:00,80910.8984375,2315.3701171875
2026-05-11 15:00:00+00:00,81422.6875,2333.0400390625
2026-05-11 16:00:00+00:00,81551.9921875,2329.320068359375
2026-05-11 17:00:00+00:00,81927.9921875,2336.5400390625
2026-05-11 18:00:00+00:00,81846.140625,2334.93994140625
2026-05-11 19:00:00+00:00,81956.0,2339.820068359375
2026-05-11 20:00:00+00:00,81812.203125,2337.659912109375
2026-05-11 21:00:00+00:00,81812.453125,2340.260009765625
2026-05-11 22:00:00+00:00,81813.03125,2340.820068359375
2026-05-11 23:00:00+00:00,81727.0625,2339.389892578125
2026-05-12 00:00:00+00:00,81528.2109375,2333.0400390625
2026-05-12 01:00:00+00:00,81183.4375,2310.659912109375
2026-05-12 02:00:00+00:00,81235.0390625,2315.139892578125
2026-05-12 03:00:00+00:00,81036.0078125,2308.889892578125
2026-05-12 04:00:00+00:00,81203.9765625,2310.22998046875
2026-05-12 05:00:00+00:00,81200.0,2309.64990234375
2026-05-12 06:00:00+00:00,80997.0390625,2303.0400390625
2026-05-12 07:00:00+00:00,80835.2734375,2294.75
2026-05-12 08:00:00+00:00,80806.0,2287.25
2026-05-12 09:00:00+00:00,80799.9609375,2291.9599609375
2026-05-12 10:00:00+00:00,80643.390625,2285.39990234375
2026-05-12 11:00:00+00:00,80764.296875,2286.159912109375
2026-05-12 12:00:00+00:00,80862.5390625,2288.389892578125
2026-05-12 13:00:00+00:00,80430.5234375,2270.39990234375
2026-05-12 14:00:00+00:00,80518.5703125,2268.35009765625
2026-05-12 15:00:00+00:00,80287.6015625,2260.60009765625
2026-05-12 16:00:00+00:00,79967.671875,2263.070068359375
2026-05-12 17:00:00+00:00,80493.8125,2276.27001953125
2026-05-12 18:00:00+00:00,80650.109375,2278.800048828125
2026-05-12 19:00:00+00:00,80814.0390625,2284.760009765625
2026-05-12 20:00:00+00:00,80673.03125,2284.8798828125
2026-05-12 21:00:00+00:00,80569.2421875,2285.10009765625
2026-05-12 22:00:00+00:00,80639.9921875,2282.110107421875
2026-05-12 23:00:00+00:00,80484.078125,2274.429931640625
2026-05-13 00:00:00+00:00,80698.0,2281.110107421875
2026-05-13 01:00:00+00:00,80985.8828125,2289.6298828125
2026-05-13 02:00:00+00:00,81040.6015625,2293.489990234375
2026-05-13 03:00:00+00:00,81240.4375,2301.43994140625
2026-05-13 04:00:00+00:00,81217.390625,2306.4599609375
2026-05-13 05:00:00+00:00,80998.671875,2297.239990234375
2026-05-13 06:00:00+00:00,80958.0625,2301.1201171875
2026-05-13 07:00:00+00:00,80996.0078125,2300.610107421875
2026-05-13 08:00:00+00:00,81165.09375,2316.419921875
2026-05-13 09:00:00+00:00,81256.6015625,2320.39990234375
2026-05-13 10:00:00+00:00,80774.8671875,2307.719970703125
2026-05-13 11:00:00+00:00,80471.15625,2300.8798828125
2026-05-13 12:00:00+00:00,80172.5078125,2283.5
2026-05-13 13:00:00+00:00,79613.25,2261.080078125
2026-05-13 14:00:00+00:00,79724.671875,2266.469970703125
2026-05-13 15:00:00+00:00,78775.0,2235.219970703125
2026-05-13 16:00:00+00:00,79068.3515625,2249.3798828125
2026-05-13 17:00:00+00:00,79486.0,2257.409912109375
2026-05-13 18:00:00+00:00,79574.0,2258.4599609375
2026-05-13 19:00:00+00:00,79604.7890625,2255.02001953125
2026-05-13 20:00:00+00:00,79676.6484375,2262.6201171875
2026-05-13 21:00:00+00:00,79363.109375,2255.0
2026-05-13 22:00:00+00:00,79397.84375,2258.35009765625
2026-05-13 23:00:00+00:00,79288.7890625,2257.85009765625
2026-05-14 00:00:00+00:00,79552.8984375,2265.7099609375
2026-05-14 01:00:00+00:00,79572.2890625,2263.89990234375
2026-05-14 02:00:00+00:00,79340.0,2250.580078125
2026-05-14 03:00:00+00:00,79012.2578125,2240.929931640625
2026-05-14 04:00:00+00:00,79428.703125,2255.56005859375
2026-05-14 05:00:00+00:00,79779.34375,2267.280029296875
2026-05-14 06:00:00+00:00,79772.953125,2266.739990234375
2026-05-14 07:00:00+00:00,79706.453125,2264.570068359375
2026-05-14 08:00:00+00:00,79784.5703125,2265.6201171875
2026-05-14 09:00:00+00:00,79591.078125,2256.60009765625
2026-05-14 10:00:00+00:00,79534.4765625,2261.1201171875
2026-05-14 11:00:00+00:00,79213.1484375,2252.7099609375
2026-05-14 12:00:00+00:00,79743.921875,2260.570068359375
2026-05-14 13:00:00+00:00,79675.6875,2248.489990234375
2026-05-14 14:00:00+00:00,80954.09375,2286.27001953125
2026-05-14 15:00:00+00:00,81304.0390625,2298.219970703125
2026-05-14 16:00:00+00:00,81879.8125,2316.580078125
2026-05-14 17:00:00+00:00,81683.8828125,2308.510009765625
2026-05-14 18:00:00+00:00,81590.3515625,2309.860107421875
2026-05-14 19:00:00+00:00,81433.96875,2297.7900390625
2026-05-14 20:00:00+00:00,81400.0,2297.610107421875
2026-05-14 21:00:00+00:00,81375.9765625,2296.929931640625
2026-05-14 22:00:00+00:00,81444.0234375,2297.919921875
2026-05-14 23:00:00+00:00,81079.390625,2283.080078125
2026-05-15 00:00:00+00:00,81505.2734375,2290.7900390625
2026-05-15 01:00:00+00:00,81113.96875,2274.81005859375
2026-05-15 02:00:00+00:00,81278.859375,2276.050048828125
2026-05-15 03:00:00+00:00,81053.6875,2272.659912109375
2026-05-15 04:00:00+00:00,80703.4765625,2262.360107421875
2026-05-15 05:00:00+00:00,80346.3671875,2245.31005859375
2026-05-15 06:00:00+00:00,80571.21875,2254.60009765625
2026-05-15 07:00:00+00:00,80815.9921875,2264.43994140625
2026-05-15 08:00:00+00:00,80640.859375,2256.659912109375
2026-05-15 09:00:00+00:00,80484.2734375,2254.070068359375
2026-05-15 10:00:00+00:00,80707.6015625,2261.840087890625
2026-05-15 11:00:00+00:00,80616.046875,2256.64990234375
2026-05-15 12:00:00+00:00,80380.1328125,2253.699951171875
2026-05-15 13:00:00+00:00,78701.9296875,2211.52001953125
2026-05-15 14:00:00+00:00,79111.9296875,2212.2900390625
2026-05-15 15:00:00+00:00,79113.296875,2221.679931640625
2026-05-15 16:00:00+00:00,79268.34375,2223.64990234375
2026-05-15 17:00:00+00:00,79425.2734375,2228.31005859375
2026-05-15 18:00:00+00:00,79233.59375,2226.7900390625
2026-05-15 19:00:00+00:00,79093.2421875,2221.889892578125
2026-05-15 20:00:00+00:00,79083.7421875,2218.889892578125
2026-05-15 21:00:00+00:00,78931.9921875,2215.60009765625
2026-05-15 22:00:00+00:00,79060.140625,2222.35009765625
2026-05-15 23:00:00+00:00,79058.5078125,2223.0
2026-05-16 00:00:00+00:00,79063.25,2225.550048828125
2026-05-16 01:00:00+00:00,79113.3828125,2228.010009765625
2026-05-16 02:00:00+00:00,79094.1015625,2228.260009765625
2026-05-16 03:00:00+00:00,79042.4375,2226.77001953125
2026-05-16 04:00:00+00:00,78996.9375,2224.510009765625
2026-05-16 05:00:00+00:00,78998.0,2224.360107421875
2026-05-16 06:00:00+00:00,78600.8203125,2214.159912109375
2026-05-16 07:00:00+00:00,78335.0,2193.669921875
2026-05-16 08:00:00+00:00,78382.0078125,2192.1298828125
2026-05-16 09:00:00+00:00,78042.796875,2172.550048828125
2026-05-16 10:00:00+00:00,77931.4921875,2173.1298828125
2026-05-16 11:00:00+00:00,78047.6796875,2175.14990234375
2026-05-16 12:00:00+00:00,77973.21875,2175.3701171875
2026-05-16 13:00:00+00:00,77972.6171875,2176.1298828125
2026-05-16 14:00:00+00:00,78091.578125,2179.030029296875
2026-05-16 15:00:00+00:00,78200.109375,2178.89990234375
2026-05-16 16:00:00+00:00,78177.84375,2173.43994140625
2026-05-16 17:00:00+00:00,78168.1171875,2177.97998046875
2026-05-16 18:00:00+00:00,78196.9375,2180.360107421875
2026-05-16 19:00:00+00:00,78234.40625,2178.780029296875
2026-05-16 20:00:00+00:00,78205.1875,2180.360107421875
2026-05-16 21:00:00+00:00,78230.75,2181.5400390625
2026-05-16 22:00:00+00:00,78148.2265625,2179.409912109375
2026-05-16 23:00:00+00:00,78105.453125,2179.9599609375
2026-05-17 00:00:00+00:00,77906.1328125,2176.449951171875
2026-05-17 01:00:00+00:00,77708.15625,2168.60009765625
2026-05-17 02:00:00+00:00,77868.0078125,2173.27001953125
2026-05-17 03:00:00+00:00,77993.2421875,2180.4599609375
2026-05-17 04:00:00+00:00,78124.0,2186.25
2026-05-17 05:00:00+00:00,78098.3125,2185.090087890625
2026-05-17 06:00:00+00:00,78077.5703125,2184.179931640625
2026-05-17 07:00:00+00:00,78152.1328125,2185.739990234375
2026-05-17 08:00:00+00:00,78058.1796875,2185.169921875
2026-05-17 09:00:00+00:00,78216.9609375,2189.330078125
2026-05-17 10:00:00+00:00,78431.359375,2193.3798828125
2026-05-17 11:00:00+00:00,78382.0,2191.199951171875
2026-05-17 12:00:00+00:00,78332.3828125,2193.760009765625
2026-05-17 13:00:00+00:00,78175.09375,2191.31005859375
2026-05-17 14:00:00+00:00,78014.7421875,2185.719970703125
2026-05-17 15:00:00+00:00,78012.8984375,2185.409912109375
2026-05-17 16:00:00+00:00,78001.9921875,2181.489990234375
2026-05-17 17:00:00+00:00,78056.2109375,2182.77001953125
2026-05-17 18:00:00+00:00,78230.6796875,2187.360107421875
2026-05-17 19:00:00+00:00,78393.9609375,2191.659912109375
2026-05-17 20:00:00+00:00,78226.3984375,2188.35009765625
2026-05-17 21:00:00+00:00,78364.1171875,2190.800048828125
2026-05-17 22:00:00+00:00,77953.890625,2178.469970703125
2026-05-17 23:00:00+00:00,77407.59375,2130.010009765625
2026-05-18 00:00:00+00:00,77166.1328125,2114.22998046875
2026-05-18 01:00:00+00:00,77068.03125,2116.39990234375
2026-05-18 02:00:00+00:00,76787.40625,2115.2900390625
2026-05-18 03:00:00+00:00,76881.6484375,2117.22998046875
2026-05-18 04:00:00+00:00,76988.109375,2123.639892578125
2026-05-18 05:00:00+00:00,76872.8125,2117.0
2026-05-18 06:00:00+00:00,76865.4765625,2117.68994140625
2026-05-18 07:00:00+00:00,77021.46875,2119.300048828125
2026-05-18 08:00:00+00:00,76972.09375,2120.1201171875
2026-05-18 09:00:00+00:00,76884.8515625,2115.590087890625
2026-05-18 10:00:00+00:00,76717.2578125,2113.199951171875
2026-05-18 11:00:00+00:00,77238.5078125,2132.77001953125
2026-05-18 12:00:00+00:00,77607.78125,2149.919921875
2026-05-18 13:00:00+00:00,76883.4609375,2129.35009765625
2026-05-18 14:00:00+00:00,76343.890625,2108.60009765625
2026-05-18 15:00:00+00:00,76343.0078125,2105.409912109375
2026-05-18 16:00:00+00:00,76345.390625,2095.89990234375
2026-05-18 17:00:00+00:00,76638.671875,2106.320068359375
2026-05-18 18:00:00+00:00,76186.84375,2079.39990234375
2026-05-18 19:00:00+00:00,76858.828125,2123.199951171875
2026-05-18 20:00:00+00:00,76847.96875,2115.72998046875
2026-05-18 21:00:00+00:00,77048.5390625,2135.81005859375
2026-05-18 22:00:00+00:00,77020.390625,2134.02001953125
2026-05-18 23:00:00+00:00,76944.2578125,2128.570068359375
2026-05-19 00:00:00+00:00,77078.328125,2134.18994140625
2026-05-19 01:00:00+00:00,76601.890625,2123.219970703125
2026-05-19 02:00:00+00:00,76554.203125,2121.449951171875
2026-05-19 03:00:00+00:00,76721.9921875,2129.830078125
2026-05-19 04:00:00+00:00,76855.2890625,2132.35009765625
2026-05-19 05:00:00+00:00,76841.828125,2133.60009765625
2026-05-19 06:00:00+00:00,76965.75,2135.719970703125
2026-05-19 07:00:00+00:00,77168.921875,2139.419921875
2026-05-19 08:00:00+00:00,76982.0703125,2131.7099609375
2026-05-19 09:00:00+00:00,76746.859375,2112.72998046875
2026-05-19 10:00:00+00:00,76969.46875,2116.669921875
2026-05-19 11:00:00+00:00,76641.296875,2108.56005859375
2026-05-19 12:00:00+00:00,76861.53125,2116.530029296875
2026-05-19 13:00:00+00:00,76797.9921875,2116.909912109375
2026-05-19 14:00:00+00:00,76315.96875,2104.389892578125
2026-05-19 15:00:00+00:00,76444.5234375,2108.14990234375
2026-05-19 16:00:00+00:00,76819.546875,2119.570068359375
2026-05-19 17:00:00+00:00,76778.0078125,2113.860107421875
2026-05-19 18:00:00+00:00,76728.2890625,2112.580078125
2026-05-19 19:00:00+00:00,76759.7890625,2111.52001953125
2026-05-19 20:00:00+00:00,76953.1875,2116.6298828125
2026-05-19 21:00:00+00:00,76911.3671875,2115.139892578125
2026-05-19 22:00:00+00:00,76640.46875,2104.449951171875
2026-05-19 23:00:00+00:00,76765.9921875,2109.949951171875
2026-05-20 00:00:00+00:00,76705.953125,2109.39990234375
2026-05-20 01:00:00+00:00,76735.3203125,2113.18994140625
2026-05-20 02:00:00+00:00,76611.1328125,2106.9599609375
2026-05-20 03:00:00+00:00,76637.609375,2109.280029296875
2026-05-20 04:00:00+00:00,76695.9921875,2111.22998046875
2026-05-20 05:00:00+00:00,77133.34375,2123.5
2026-05-20 06:00:00+00:00,77337.2578125,2131.739990234375
2026-05-20 07:00:00+00:00,77196.109375,2127.6298828125
2026-05-20 08:00:00+00:00,77372.4609375,2129.68994140625
2026-05-20 09:00:00+00:00,77399.0390625,2127.199951171875
2026-05-20 10:00:00+00:00,77433.640625,2128.669921875
2026-05-20 11:00:00+00:00,77301.6171875,2125.909912109375
2026-05-20 12:00:00+00:00,77549.296875,2132.1298828125
2026-05-20 13:00:00+00:00,77128.0078125,2118.4599609375
2026-05-20 14:00:00+00:00,77371.6328125,2133.699951171875
2026-05-20 15:00:00+00:00,77381.8671875,2134.590087890625
2026-05-20 16:00:00+00:00,77251.296875,2133.419921875
2026-05-20 17:00:00+00:00,77495.4609375,2138.52001953125
2026-05-20 18:00:00+00:00,77330.0625,2130.030029296875
2026-05-20 19:00:00+00:00,77600.0625,2137.0
2026-05-20 20:00:00+00:00,77650.03125,2134.050048828125
2026-05-20 21:00:00+00:00,77422.671875,2128.43994140625
2026-05-20 22:00:00+00:00,77424.203125,2126.340087890625
2026-05-20 23:00:00+00:00,77475.9765625,2127.409912109375
2026-05-21 00:00:00+00:00,77889.9921875,2140.85009765625
2026-05-21 01:00:00+00:00,77786.8828125,2138.97998046875
2026-05-21 02:00:00+00:00,77880.5703125,2139.639892578125
2026-05-21 03:00:00+00:00,78001.6484375,2143.820068359375
2026-05-21 04:00:00+00:00,77960.2890625,2142.780029296875
2026-05-21 05:00:00+00:00,77736.6171875,2134.2900390625
2026-05-21 06:00:00+00:00,77536.7734375,2126.5400390625
2026-05-21 07:00:00+00:00,77808.4375,2132.89990234375
2026-05-21 08:00:00+00:00,77848.2734375,2135.989990234375
2026-05-21 09:00:00+00:00,77549.9609375,2125.60009765625
2026-05-21 10:00:00+00:00,77108.0078125,2111.530029296875
2026-05-21 11:00:00+00:00,77111.09375,2112.8798828125
2026-05-21 12:00:00+00:00,77197.9921875,2114.820068359375
2026-05-21 13:00:00+00:00,77035.84375,2118.429931640625
2026-05-21 14:00:00+00:00,76891.34375,2120.030029296875
2026-05-21 15:00:00+00:00,77174.6171875,2130.340087890625
2026-05-21 16:00:00+00:00,77109.09375,2125.60009765625
2026-05-21 17:00:00+00:00,77796.9375,2144.320068359375
2026-05-21 18:00:00+00:00,77320.0,2124.639892578125
2026-05-21 19:00:00+00:00,77607.9921875,2140.18994140625
2026-05-21 20:00:00+00:00,77633.9765625,2136.409912109375
2026-05-21 21:00:00+00:00,77598.9375,2133.2900390625
2026-05-21 22:00:00+00:00,77550.1796875,2129.760009765625
2026-05-21 23:00:00+00:00,77542.65625,2131.969970703125
2026-05-22 00:00:00+00:00,77304.2109375,2127.219970703125
2026-05-22 01:00:00+00:00,77539.296875,2133.889892578125
2026-05-22 02:00:00+00:00,77598.390625,2136.030029296875
2026-05-22 03:00:00+00:00,77695.8671875,2135.85009765625
2026-05-22 04:00:00+00:00,77577.828125,2131.56005859375
2026-05-22 05:00:00+00:00,77408.3828125,2127.14990234375
2026-05-22 06:00:00+00:00,77340.21875,2123.330078125
2026-05-22 07:00:00+00:00,77320.6328125,2126.199951171875
2026-05-22 08:00:00+00:00,77177.859375,2120.0
2026-05-22 09:00:00+00:00,77213.9921875,2121.4599609375
2026-05-22 10:00:00+00:00,77224.671875,2120.780029296875
2026-05-22 11:00:00+00:00,77342.0625,2128.489990234375
2026-05-22 12:00:00+00:00,77446.328125,2132.590087890625
2026-05-22 13:00:00+00:00,77196.1328125,2127.56005859375
2026-05-22 14:00:00+00:00,76674.8984375,2114.27001953125
2026-05-22 15:00:00+00:00,76698.25,2117.070068359375
2026-05-22 16:00:00+00:00,76863.0,2120.530029296875
2026-05-22 17:00:00+00:00,76654.75,2117.1201171875
2026-05-22 18:00:00+00:00,76443.7578125,2097.389892578125
2026-05-22 19:00:00+00:00,75748.6328125,2062.56005859375
2026-05-22 20:00:00+00:00,75895.203125,2070.81005859375
2026-05-22 21:00:00+00:00,75880.2890625,2075.77001953125
2026-05-22 22:00:00+00:00,75639.9765625,2070.090087890625
2026-05-22 23:00:00+00:00,75439.96875,2063.409912109375
2026-05-23 00:00:00+00:00,75263.21875,2061.85009765625
2026-05-23 01:00:00+00:00,75402.1171875,2066.2900390625
2026-05-23 02:00:00+00:00,75479.5390625,2066.169921875
2026-05-23 03:00:00+00:00,75545.7109375,2068.02001953125
2026-05-23 04:00:00+00:00,75455.1171875,2064.659912109375
2026-05-23 05:00:00+00:00,75397.640625,2062.52001953125
2026-05-23 06:00:00+00:00,75312.3203125,2059.18994140625
2026-05-23 07:00:00+00:00,74516.7265625,2026.1500244140625
2026-05-23 08:00:00+00:00,74594.5,2027.6500244140625
2026-05-23 09:00:00+00:00,74575.96875,2024.9000244140625
2026-05-23 10:00:00+00:00,74626.609375,2029.06005859375
2026-05-23 11:00:00+00:00,74710.3125,2029.239990234375
2026-05-23 12:00:00+00:00,74674.8828125,2028.7900390625
2026-05-23 13:00:00+00:00,75122.953125,2042.25
2026-05-23 14:00:00+00:00,75440.84375,2059.080078125
2026-05-23 15:00:00+00:00,75428.8828125,2057.5
2026-05-23 16:00:00+00:00,75347.4296875,2058.9599609375
2026-05-23 17:00:00+00:00,75399.4609375,2061.4599609375
2026-05-23 18:00:00+00:00,75757.6171875,2071.68994140625
2026-05-23 19:00:00+00:00,75872.15625,2074.68994140625
2026-05-23 20:00:00+00:00,77183.7734375,2143.669921875
2026-05-23 21:00:00+00:00,76707.9765625,2114.1298828125
2026-05-23 22:00:00+00:00,76479.9921875,2113.840087890625
2026-05-23 23:00:00+00:00,76650.0,2115.0400390625
2026-05-24 00:00:00+00:00,76736.9921875,2116.800048828125
2026-05-24 01:00:00+00:00,76790.9921875,2119.81005859375
2026-05-24 02:00:00+00:00,76719.0625,2119.919921875
2026-05-24 03:00:00+00:00,76633.046875,2116.18994140625
2026-05-24 04:00:00+00:00,76682.7578125,2117.659912109375
2026-05-24 05:00:00+00:00,76714.4921875,2117.22998046875
2026-05-24 06:00:00+00:00,76890.2734375,2125.60009765625
2026-05-24 07:00:00+00:00,76710.2890625,2118.2900390625
2026-05-24 08:00:00+00:00,76735.4921875,2117.719970703125
2026-05-24 09:00:00+00:00,76931.9921875,2120.8701171875
2026-05-24 10:00:00+00:00,77095.890625,2119.77001953125
2026-05-24 11:00:00+00:00,77219.28125,2123.5400390625
2026-05-24 12:00:00+00:00,77013.640625,2117.489990234375
2026-05-24 13:00:00+00:00,76703.9609375,2107.699951171875
2026-05-24 14:00:00+00:00,76361.0390625,2095.429931640625
2026-05-24 15:00:00+00:00,76278.71875,2093.35009765625
2026-05-24 16:00:00+00:00,76575.703125,2101.06005859375
2026-05-24 17:00:00+00:00,76591.25,2100.25
2026-05-24 18:00:00+00:00,76565.2109375,2097.27001953125
2026-05-24 19:00:00+00:00,76677.7734375,2098.090087890625
2026-05-24 20:00:00+00:00,76569.2578125,2090.469970703125
2026-05-24 21:00:00+00:00,76045.4921875,2068.0
2026-05-24 22:00:00+00:00,76710.0,2089.679931640625
2026-05-24 23:00:00+00:00,76968.40625,2097.3701171875
2026-05-25 00:00:00+00:00,77057.140625,2102.409912109375
2026-05-25 01:00:00+00:00,76850.9765625,2091.77001953125
2026-05-25 02:00:00+00:00,77010.0,2095.409912109375
2026-05-25 03:00:00+00:00,76933.1015625,2092.949951171875
2026-05-25 04:00:00+00:00,77292.40625,2103.320068359375
2026-05-25 05:00:00+00:00,77316.2734375,2105.739990234375
2026-05-25 06:00:00+00:00,77330.9765625,2106.610107421875
2026-05-25 07:00:00+00:00,77310.8125,2113.68994140625
2026-05-25 08:00:00+00:00,77366.7890625,2114.389892578125
2026-05-25 09:00:00+00:00,77525.0390625,2114.5400390625
2026-05-25 10:00:00+00:00,77460.046875,2114.72998046875
2026-05-25 11:00:00+00:00,77284.1328125,2113.139892578125
2026-05-25 12:00:00+00:00,77282.0,2115.25
2026-05-25 13:00:00+00:00,77257.53125,2114.18994140625
2026-05-25 14:00:00+00:00,77636.0078125,2126.35009765625
2026-05-25 15:00:00+00:00,77549.9765625,2124.909912109375
2026-05-25 16:00:00+00:00,77663.15625,2134.43994140625
2026-05-25 17:00:00+00:00,77490.0078125,2127.080078125
2026-05-25 18:00:00+00:00,77481.1015625,2124.919921875
2026-05-25 19:00:00+00:00,77384.0,2119.610107421875
2026-05-25 20:00:00+00:00,77199.0390625,2106.919921875
2026-05-25 21:00:00+00:00,77297.25,2108.820068359375
2026-05-25 22:00:00+00:00,77043.9609375,2101.7900390625
2026-05-25 23:00:00+00:00,77249.078125,2111.010009765625
2026-05-26 00:00:00+00:00,76709.2265625,2095.72998046875
2026-05-26 01:00:00+00:00,76667.4609375,2092.300048828125
2026-05-26 02:00:00+00:00,76581.1328125,2086.669921875
2026-05-26 03:00:00+00:00,76571.7265625,2091.14990234375
2026-05-26 04:00:00+00:00,76660.84375,2091.639892578125
2026-05-26 05:00:00+00:00,76829.9921875,2098.610107421875
2026-05-26 06:00:00+00:00,76817.546875,2099.68994140625
2026-05-26 07:00:00+00:00,76633.671875,2093.0400390625
2026-05-26 08:00:00+00:00,76637.96875,2095.06005859375
2026-05-26 09:00:00+00:00,76586.0703125,2094.260009765625
2026-05-26 10:00:00+00:00,77347.7734375,2125.4599609375
2026-05-26 11:00:00+00:00,77097.9765625,2118.7099609375
2026-05-26 12:00:00+00:00,77047.90625,2124.260009765625
2026-05-26 13:00:00+00:00,77123.2265625,2122.1298828125
2026-05-26 14:00:00+00:00,76804.5625,2106.72998046875
2026-05-26 15:00:00+00:00,76396.7421875,2084.469970703125
2026-05-26 16:00:00+00:00,76443.9765625,2076.8701171875
2026-05-26 17:00:00+00:00,75816.7421875,2067.6298828125
2026-05-26 18:00:00+00:00,75705.8515625,2065.35009765625
2026-05-26 19:00:00+00:00,75916.4921875,2070.72998046875
2026-05-26 20:00:00+00:00,75999.171875,2075.570068359375
2026-05-26 21:00:00+00:00,75787.65625,2070.070068359375
2026-05-26 22:00:00+00:00,75631.078125,2065.81005859375
2026-05-26 23:00:00+00:00,75821.2578125,2070.7900390625
2026-05-27 00:00:00+00:00,75967.296875,2080.260009765625
2026-05-27 01:00:00+00:00,75763.2109375,2071.3701171875
2026-05-27 02:00:00+00:00,75751.671875,2073.0
2026-05-27 03:00:00+00:00,75544.0078125,2066.89990234375
2026-05-27 04:00:00+00:00,75445.7421875,2068.97998046875
2026-05-27 05:00:00+00:00,75574.0625,2074.280029296875
2026-05-27 06:00:00+00:00,75713.9765625,2076.3798828125
2026-05-27 07:00:00+00:00,75838.4375,2080.389892578125
2026-05-27 08:00:00+00:00,75758.75,2081.860107421875
2026-05-27 09:00:00+00:00,75785.9765625,2080.5
2026-05-27 10:00:00+00:00,75785.2265625,2076.929931640625
2026-05-27 11:00:00+00:00,75632.9765625,2077.39990234375
2026-05-27 12:00:00+00:00,75549.0,2075.800048828125
2026-05-27 13:00:00+00:00,74915.7421875,2060.389892578125
2026-05-27 14:00:00+00:00,74885.9375,2058.7099609375
2026-05-27 15:00:00+00:00,75187.953125,2067.570068359375
2026-05-27 16:00:00+00:00,75163.7265625,2066.64990234375
2026-05-27 17:00:00+00:00,74713.8125,2047.989990234375
2026-05-27 18:00:00+00:00,74884.0078125,2052.719970703125
2026-05-27 19:00:00+00:00,74907.9609375,2053.0
2026-05-27 20:00:00+00:00,75141.03125,2059.68994140625
2026-05-27 21:00:00+00:00,74350.9609375,2018.18994140625
2026-05-27 22:00:00+00:00,74307.0390625,2022.3199462890625
2026-05-27 23:00:00+00:00,74321.9921875,2021.8299560546875
2026-05-28 00:00:00+00:00,74439.9921875,2025.0699462890625
2026-05-28 01:00:00+00:00,74207.8515625,2017.0899658203125
2026-05-28 02:00:00+00:00,74156.9609375,2014.4200439453125
2026-05-28 03:00:00+00:00,73130.0234375,1978.3499755859375
2026-05-28 04:00:00+00:00,73035.9765625,1978.6199951171875
2026-05-28 05:00:00+00:00,72856.546875,1974.739990234375
2026-05-28 06:00:00+00:00,73057.953125,1980.5
2026-05-28 07:00:00+00:00,73359.046875,1991.72998046875
2026-05-28 08:00:00+00:00,73193.90625,1984.780029296875
2026-05-28 09:00:00+00:00,73412.25,1990.72998046875
2026-05-28 10:00:00+00:00,73272.2890625,1987.010009765625
2026-05-28 11:00:00+00:00,73375.6171875,1986.4300537109375
2026-05-28 12:00:00+00:00,73394.96875,1988.300048828125
2026-05-28 13:00:00+00:00,72880.0390625,1977.9000244140625
2026-05-28 14:00:00+00:00,72883.8203125,1990.030029296875
2026-05-28 15:00:00+00:00,72791.3984375,1987.2099609375
2026-05-28 16:00:00+00:00,73319.9765625,2010.0699462890625
2026-05-28 17:00:00+00:00,73430.6015625,2016.31005859375
2026-05-28 18:00:00+00:00,73536.0078125,2021.9000244140625
2026-05-28 19:00:00+00:00,73297.4296875,2011.52001953125
2026-05-28 20:00:00+00:00,73477.34375,2010.77001953125
2026-05-28 21:00:00+00:00,73710.828125,2017.010009765625
2026-05-28 22:00:00+00:00,73361.703125,2002.8199462890625
2026-05-28 23:00:00+00:00,73512.546875,2006.81005859375
2026-05-29 00:00:00+00:00,73621.9921875,2009.5
2026-05-29 01:00:00+00:00,73481.8203125,2005.199951171875
2026-05-29 02:00:00+00:00,73116.6875,1996.3599853515625
2026-05-29 03:00:00+00:00,73187.9921875,1999.989990234375
2026-05-29 04:00:00+00:00,73392.4609375,2005.56005859375
2026-05-29 05:00:00+00:00,73595.2890625,2011.6099853515625
2026-05-29 06:00:00+00:00,73685.9609375,2015.239990234375
2026-05-29 07:00:00+00:00,73410.9296875,2003.81005859375
2026-05-29 08:00:00+00:00,73548.0,2003.010009765625
2026-05-29 09:00:00+00:00,73636.0,2012.1500244140625
2026-05-29 10:00:00+00:00,73521.0078125,2008.3900146484375
2026-05-29 11:00:00+00:00,73369.7890625,2004.8499755859375
2026-05-29 12:00:00+00:00,73179.25,1996.9000244140625
2026-05-29 13:00:00+00:00,73012.4921875,1996.3599853515625
2026-05-29 14:00:00+00:00,72967.328125,1998.6199951171875
2026-05-29 15:00:00+00:00,73694.5078125,2028.4000244140625
2026-05-29 16:00:00+00:00,73939.8828125,2037.699951171875
2026-05-29 17:00:00+00:00,73852.0,2025.1099853515625
2026-05-29 18:00:00+00:00,73260.9296875,2008.47998046875
2026-05-29 19:00:00+00:00,73401.0078125,2014.0999755859375
2026-05-29 20:00:00+00:00,73568.109375,2015.3900146484375
2026-05-29 21:00:00+00:00,73307.203125,2006.719970703125
2026-05-29 22:00:00+00:00,73376.7109375,2011.1099853515625
2026-05-29 23:00:00+00:00,73366.921875,2011.6400146484375
2026-05-30 00:00:00+00:00,73394.46875,2012.0
2026-05-30 01:00:00+00:00,73560.7265625,2016.7099609375
2026-05-30 02:00:00+00:00,73688.9921875,2018.5699462890625
2026-05-30 03:00:00+00:00,73426.5625,2014.02001953125
2026-05-30 04:00:00+00:00,73292.953125,2008.3399658203125
2026-05-30 05:00:00+00:00,73504.3828125,2013.0999755859375
2026-05-30 06:00:00+00:00,73497.0234375,2014.800048828125
2026-05-30 07:00:00+00:00,73450.0234375,2013.5999755859375
2026-05-30 08:00:00+00:00,73410.0625,2011.4200439453125
2026-05-30 09:00:00+00:00,73512.0078125,2014.0699462890625
2026-05-30 10:00:00+00:00,73549.5,2015.489990234375
2026-05-30 11:00:00+00:00,73495.3984375,2014.6199951171875
2026-05-30 12:00:00+00:00,73588.1328125,2017.1400146484375
2026-05-30 13:00:00+00:00,73716.0,2017.949951171875
2026-05-30 14:00:00+00:00,73822.0234375,2023.81005859375
2026-05-30 15:00:00+00:00,73814.0,2023.52001953125
2026-05-30 16:00:00+00:00,73823.8203125,2024.0
2026-05-30 17:00:00+00:00,73910.78125,2024.43994140625
2026-05-30 18:00:00+00:00,73929.53125,2024.5999755859375
2026-05-30 19:00:00+00:00,73904.0,2025.8299560546875
2026-05-30 20:00:00+00:00,73871.1875,2024.0699462890625
2026-05-30 21:00:00+00:00,73843.9921875,2025.5400390625
2026-05-30 22:00:00+00:00,73767.4765625,2020.4100341796875
2026-05-30 23:00:00+00:00,73753.890625,2019.47998046875
2026-05-31 00:00:00+00:00,73915.0,2023.9100341796875
2026-05-31 01:00:00+00:00,73941.0,2025.969970703125
2026-05-31 02:00:00+00:00,73982.0078125,2031.0999755859375
2026-05-31 03:00:00+00:00,74032.0625,2030.4100341796875
2026-05-31 04:00:00+00:00,74065.0,2030.7900390625
2026-05-31 05:00:00+00:00,73949.1171875,2027.0699462890625
2026-05-31 06:00:00+00:00,73949.140625,2026.8699951171875
2026-05-31 07:00:00+00:00,73752.828125,2021.1600341796875
2026-05-31 08:00:00+00:00,73835.140625,2024.5899658203125
2026-05-31 09:00:00+00:00,73733.3828125,2018.2900390625
2026-05-31 10:00:00+00:00,73791.0234375,2018.0699462890625
2026-05-31 11:00:00+00:00,73831.21875,2020.52001953125
2026-05-31 12:00:00+00:00,73806.3984375,2019.47998046875
2026-05-31 13:00:00+00:00,73762.8203125,2017.47998046875
2026-05-31 14:00:00+00:00,73494.6484375,2005.18994140625
2026-05-31 15:00:00+00:00,73542.7578125,2007.6600341796875
2026-05-31 16:00:00+00:00,73426.0078125,1999.4200439453125
2026-05-31 17:00:00+00:00,73592.09375,2002.9200439453125
2026-05-31 18:00:00+00:00,73490.0,1998.0400390625
2026-05-31 19:00:00+00:00,73442.4921875,1996.8199462890625
2026-05-31 20:00:00+00:00,73635.53125,2004.280029296875
2026-05-31 21:00:00+00:00,73786.1171875,2009.4599609375
2026-05-31 22:00:00+00:00,73836.609375,2009.469970703125
2026-05-31 23:00:00+00:00,73575.171875,2004.010009765625
2026-06-01 00:00:00+00:00,73780.03125,2012.6199951171875
2026-06-01 01:00:00+00:00,73188.0,1992.1400146484375
2026-06-01 02:00:00+00:00,73695.46875,2009.199951171875
2026-06-01 03:00:00+00:00,73661.7421875,2006.47998046875
2026-06-01 04:00:00+00:00,73419.4921875,1996.97998046875
2026-06-01 05:00:00+00:00,73249.7421875,1991.93994140625
2026-06-01 06:00:00+00:00,73035.9921875,1985.3900146484375
2026-06-01 07:00:00+00:00,72701.96875,1973.739990234375
2026-06-01 08:00:00+00:00,72800.7578125,1981.3399658203125
2026-06-01 09:00:00+00:00,72786.078125,1985.31005859375
2026-06-01 10:00:00+00:00,72652.0078125,1982.4000244140625
2026-06-01 11:00:00+00:00,72377.9609375,1979.1800537109375
2026-06-01 12:00:00+00:00,72131.7890625,1987.4300537109375
2026-06-01 13:00:00+00:00,71585.6484375,1967.300048828125
2026-06-01 14:00:00+00:00,71424.5390625,1964.6099853515625
2026-06-01 15:00:00+00:00,70988.2421875,1964.989990234375
2026-06-01 16:00:00+00:00,71445.921875,1974.52001953125
2026-06-01 17:00:00+00:00,71545.1484375,1988.0
2026-06-01 18:00:00+00:00,71397.9921875,1990.22998046875
2026-06-01 19:00:00+00:00,71490.0234375,2001.43994140625
2026-06-01 20:00:00+00:00,71355.140625,2003.1199951171875
2026-06-01 21:00:00+00:00,70943.0390625,1991.77001953125
2026-06-01 22:00:00+00:00,71305.8671875,2001.4599609375
2026-06-01 23:00:00+00:00,71307.1875,2004.0
2026-06-02 00:00:00+00:00,71185.7890625,1993.780029296875
2026-06-02 01:00:00+00:00,70538.0078125,1976.68994140625
2026-06-02 02:00:00+00:00,70723.9921875,1993.0
2026-06-02 03:00:00+00:00,70839.5078125,2000.8499755859375
2026-06-02 04:00:00+00:00,70700.796875,1993.969970703125
2026-06-02 05:00:00+00:00,70159.03125,1981.8800048828125
2026-06-02 06:00:00+00:00,69999.4921875,1979.4000244140625
2026-06-02 07:00:00+00:00,70011.0625,1978.800048828125
2026-06-02 08:00:00+00:00,69710.921875,1976.199951171875
2026-06-02 09:00:00+00:00,69319.3984375,1972.0799560546875
2026-06-02 10:00:00+00:00,69546.6171875,1980.5999755859375
2026-06-02 11:00:00+00:00,69349.9921875,1976.1099853515625
2026-06-02 12:00:00+00:00,68924.9375,1973.5999755859375
2026-06-02 13:00:00+00:00,68648.8203125,1970.8699951171875
2026-06-02 14:00:00+00:00,67865.3125,1937.6300048828125
2026-06-02 15:00:00+00:00,67169.296875,1911.030029296875
2026-06-02 16:00:00+00:00,67298.0078125,1917.31005859375
2026-06-02 17:00:00+00:00,67354.078125,1920.4100341796875
2026-06-02 18:00:00+00:00,67215.75,1909.719970703125
2026-06-02 19:00:00+00:00,67182.7109375,1909.2099609375
2026-06-02 20:00:00+00:00,67481.7734375,1903.699951171875
2026-06-02 21:00:00+00:00,67458.609375,1897.56005859375
2026-06-02 22:00:00+00:00,66272.703125,1866.0
2026-06-02 23:00:00+00:00,66656.546875,1857.02001953125
2026-06-03 00:00:00+00:00,66839.5,1864.6300048828125
2026-06-03 01:00:00+00:00,66817.09375,1861.81005859375
2026-06-03 02:00:00+00:00,66522.0,1851.6400146484375
2026-06-03 03:00:00+00:00,65748.8203125,1825.300048828125
2026-06-03 04:00:00+00:00,66377.9765625,1848.3199462890625
2026-06-03 05:00:00+00:00,67226.0,1870.81005859375
2026-06-03 06:00:00+00:00,66879.078125,1869.2099609375
2026-06-03 07:00:00+00:00,67125.640625,1875.7099609375
2026-06-03 08:00:00+00:00,66927.6484375,1877.4599609375
2026-06-03 09:00:00+00:00,66973.90625,1873.5999755859375
2026-06-03 10:00:00+00:00,67190.2265625,1882.0400390625
2026-06-03 11:00:00+00:00,66966.0,1875.5
2026-06-03 12:00:00+00:00,66984.640625,1873.449951171875
2026-06-03 13:00:00+00:00,66786.0078125,1864.489990234375
2026-06-03 14:00:00+00:00,66746.0,1855.43994140625
2026-06-03 15:00:00+00:00,65969.53125,1834.0999755859375
2026-06-03 16:00:00+00:00,65961.2734375,1829.8399658203125
2026-06-03 17:00:00+00:00,65859.8125,1825.300048828125
2026-06-03 18:00:00+00:00,65939.5234375,1830.02001953125
2026-06-03 19:00:00+00:00,65356.01171875,1801.2099609375
2026-06-03 20:00:00+00:00,64916.328125,1779.1300048828125
2026-06-03 21:00:00+00:00,65660.0,1846.3299560546875
2026-06-03 22:00:00+00:00,64805.0,1826.0699462890625
2026-06-03 23:00:00+00:00,64039.98828125,1810.5799560546875
2026-06-04 00:00:00+00:00,63250.44140625,1791.199951171875
2026-06-04 01:00:00+00:00,62084.0390625,1757.5699462890625
2026-06-04 02:00:00+00:00,63137.73828125,1764.699951171875
2026-06-04 03:00:00+00:00,64283.37109375,1806.75
2026-06-04 04:00:00+00:00,64334.55859375,1803.31005859375
2026-06-04 05:00:00+00:00,63895.3515625,1782.3699951171875
2026-06-04 06:00:00+00:00,63958.2109375,1787.969970703125
2026-06-04 07:00:00+00:00,63540.75,1775.469970703125
2026-06-04 08:00:00+00:00,63540.3515625,1771.4100341796875
2026-06-04 09:00:00+00:00,63180.0,1763.800048828125
2026-06-04 10:00:00+00:00,62343.1796875,1735.18994140625
2026-06-04 11:00:00+00:00,62472.6796875,1749.300048828125
2026-06-04 12:00:00+00:00,63696.98046875,1776.06005859375
2026-06-04 13:00:00+00:00,64122.66015625,1783.5
2026-06-04 14:00:00+00:00,63885.80859375,1772.780029296875
2026-06-04 15:00:00+00:00,63815.76171875,1774.6199951171875
2026-06-04 16:00:00+00:00,63480.44140625,1769.949951171875
2026-06-04 17:00:00+00:00,63446.6484375,1765.510009765625
2026-06-04 18:00:00+00:00,63727.19921875,1773.8499755859375
2026-06-04 19:00:00+00:00,63535.75,1774.719970703125
2026-06-04 20:00:00+00:00,63577.2109375,1772.989990234375
2026-06-04 21:00:00+00:00,63211.69140625,1759.4100341796875
2026-06-04 22:00:00+00:00,63692.1484375,1767.0699462890625
2026-06-04 23:00:00+00:00,63805.6796875,1768.550048828125
2026-06-05 00:00:00+00:00,63364.51953125,1757.4100341796875
2026-06-05 01:00:00+00:00,63290.4296875,1751.300048828125
2026-06-05 02:00:00+00:00,62544.28125,1728.199951171875
2026-06-05 03:00:00+00:00,62658.01171875,1727.530029296875
2026-06-05 04:00:00+00:00,63520.01171875,1742.25
2026-06-05 05:00:00+00:00,62267.80078125,1682.56005859375
2026-06-05 06:00:00+00:00,61881.80078125,1654.9000244140625
2026-06-05 07:00:00+00:00,63054.859375,1677.52001953125
2026-06-05 08:00:00+00:00,62401.12890625,1661.93994140625
2026-06-05 09:00:00+00:00,62804.6796875,1681.4599609375
2026-06-05 10:00:00+00:00,62485.0390625,1675.4300537109375
2026-06-05 11:00:00+00:00,61898.0703125,1661.77001953125
2026-06-05 12:00:00+00:00,61910.8984375,1655.969970703125
2026-06-05 13:00:00+00:00,60700.3515625,1614.5899658203125
2026-06-05 14:00:00+00:00,60814.0,1599.8199462890625
2026-06-05 15:00:00+00:00,60403.01953125,1582.5
2026-06-05 16:00:00+00:00,61339.3203125,1607.25
2026-06-05 17:00:00+00:00,60751.9609375,1593.280029296875
2026-06-05 18:00:00+00:00,59337.78125,1552.0
2026-06-05 19:00:00+00:00,60265.01953125,1573.5400390625
2026-06-05 20:00:00+00:00,61627.01171875,1603.239990234375
2026-06-05 21:00:00+00:00,61656.0,1609.6199951171875
2026-06-05 22:00:00+00:00,61555.80078125,1596.8800048828125
2026-06-05 23:00:00+00:00,61026.19921875,1582.8499755859375
2026-06-06 00:00:00+00:00,61243.2109375,1592.4100341796875
2026-06-06 01:00:00+00:00,61025.8203125,1582.6400146484375
2026-06-06 02:00:00+00:00,60922.4609375,1575.699951171875
2026-06-06 03:00:00+00:00,60665.98828125,1562.6500244140625
2026-06-06 04:00:00+00:00,60072.0,1522.0799560546875
2026-06-06 05:00:00+00:00,60912.26171875,1565.989990234375
2026-06-06 06:00:00+00:00,60750.1484375,1559.1800537109375
2026-06-06 07:00:00+00:00,60970.76953125,1574.3699951171875
2026-06-06 08:00:00+00:00,61221.4296875,1581.5999755859375
2026-06-06 09:00:00+00:00,60946.609375,1569.5
2026-06-06 10:00:00+00:00,60578.28125,1548.0
2026-06-06 11:00:00+00:00,60775.55078125,1558.06005859375
2026-06-06 12:00:00+00:00,60988.51953125,1570.469970703125
2026-06-06 13:00:00+00:00,60771.44921875,1556.300048828125
2026-06-06 14:00:00+00:00,60763.94921875,1557.0799560546875
2026-06-06 15:00:00+00:00,60748.12109375,1559.8699951171875
2026-06-06 16:00:00+00:00,60750.3203125,1562.9000244140625
2026-06-06 17:00:00+00:00,60552.7109375,1552.81005859375
2026-06-06 18:00:00+00:00,60604.12109375,1555.9300537109375
2026-06-06 19:00:00+00:00,60570.08984375,1553.8900146484375
2026-06-06 20:00:00+00:00,60681.30859375,1556.8699951171875
2026-06-06 21:00:00+00:00,60725.1484375,1557.3599853515625
2026-06-06 22:00:00+00:00,60521.6796875,1557.5999755859375
2026-06-06 23:00:00+00:00,60850.359375,1568.8699951171875
2026-06-07 00:00:00+00:00,60760.08984375,1564.280029296875
2026-06-07 01:00:00+00:00,61441.9296875,1589.5400390625
2026-06-07 02:00:00+00:00,61473.1796875,1592.050048828125
2026-06-07 03:00:00+00:00,61673.76171875,1594.31005859375
2026-06-07 04:00:00+00:00,61855.51171875,1596.31005859375
2026-06-07 05:00:00+00:00,61715.2109375,1603.2099609375
2026-06-07 06:00:00+00:00,62076.26171875,1611.5699462890625
2026-06-07 07:00:00+00:00,62374.23046875,1614.3599853515625
2026-06-07 08:00:00+00:00,62822.01171875,1640.6300048828125
2026-06-07 09:00:00+00:00,62504.26171875,1632.81005859375
2026-06-07 10:00:00+00:00,62345.37109375,1625.010009765625
2026-06-07 11:00:00+00:00,62603.12109375,1629.6700439453125
2026-06-07 12:00:00+00:00,61870.7109375,1619.43994140625
2026-06-07 13:00:00+00:00,61676.640625,1617.0400390625
2026-06-07 14:00:00+00:00,61873.98828125,1627.9200439453125
2026-06-07 15:00:00+00:00,62067.890625,1629.3599853515625
2026-06-07 16:00:00+00:00,62054.05859375,1627.969970703125
2026-06-07 17:00:00+00:00,62130.48828125,1630.530029296875
2026-06-07 18:00:00+00:00,61998.26171875,1629.280029296875
2026-06-07 19:00:00+00:00,61292.98046875,1612.449951171875
2026-06-07 20:00:00+00:00,61839.171875,1627.3499755859375
2026-06-07 21:00:00+00:00,61745.98046875,1633.6099853515625
2026-06-07 22:00:00+00:00,62831.609375,1671.0799560546875
2026-06-07 23:00:00+00:00,63308.26171875,1689.1500244140625
2026-06-08 00:00:00+00:00,63607.859375,1696.9300537109375
2026-06-08 01:00:00+00:00,63182.44921875,1686.489990234375
2026-06-08 02:00:00+00:00,63095.0,1682.9599609375
2026-06-08 03:00:00+00:00,63088.05078125,1678.7900390625
2026-06-08 04:00:00+00:00,62697.03125,1656.3299560546875
2026-06-08 05:00:00+00:00,62728.3203125,1652.6500244140625
2026-06-08 06:00:00+00:00,62947.890625,1665.47998046875
2026-06-08 07:00:00+00:00,63237.23046875,1671.719970703125
2026-06-08 08:00:00+00:00,63078.9609375,1659.8399658203125
2026-06-08 09:00:00+00:00,63448.328125,1669.8199462890625
2026-06-08 10:00:00+00:00,63108.69140625,1671.010009765625
2026-06-08 11:00:00+00:00,63419.5390625,1682.280029296875
2026-06-08 12:00:00+00:00,63774.2109375,1692.9000244140625
2026-06-08 13:00:00+00:00,63709.96875,1680.4100341796875
2026-06-08 14:00:00+00:00,63919.03125,1689.800048828125
2026-06-08 15:00:00+00:00,63738.05859375,1690.75
2026-06-08 16:00:00+00:00,63493.87890625,1682.0
2026-06-08 17:00:00+00:00,63520.5,1686.02001953125
2026-06-08 18:00:00+00:00,63442.01171875,1684.1600341796875
2026-06-08 19:00:00+00:00,63339.26953125,1684.0400390625
2026-06-08 20:00:00+00:00,63466.73046875,1689.3199462890625
2026-06-08 21:00:00+00:00,63707.62109375,1703.27001953125
2026-06-08 22:00:00+00:00,63419.05859375,1702.4599609375
2026-06-08 23:00:00+00:00,63062.96875,1689.8900146484375
2026-06-09 00:00:00+00:00,62539.8984375,1662.800048828125
2026-06-09 01:00:00+00:00,62737.4609375,1668.4599609375
2026-06-09 02:00:00+00:00,62848.03125,1667.2900390625
2026-06-09 03:00:00+00:00,62840.0,1668.7099609375
2026-06-09 04:00:00+00:00,63205.6796875,1685.9000244140625
2026-06-09 05:00:00+00:00,63306.98046875,1687.4000244140625
2026-06-09 06:00:00+00:00,63263.98046875,1685.25
2026-06-09 07:00:00+00:00,63154.03125,1679.0
2026-06-09 08:00:00+00:00,62808.19140625,1674.050048828125
2026-06-09 09:00:00+00:00,62681.91015625,1669.6400146484375
2026-06-09 10:00:00+00:00,62764.08984375,1673.9200439453125
2026-06-09 11:00:00+00:00,62673.3203125,1670.97998046875
2026-06-09 12:00:00+00:00,62599.921875,1676.0799560546875
2026-06-09 13:00:00+00:00,62235.05078125,1665.4000244140625
2026-06-09 14:00:00+00:00,61503.3515625,1644.56005859375
2026-06-09 15:00:00+00:00,61081.12109375,1635.3599853515625
2026-06-09 16:00:00+00:00,61338.01953125,1631.219970703125
2026-06-09 17:00:00+00:00,61637.71875,1641.6700439453125
2026-06-09 18:00:00+00:00,61731.5,1650.9200439453125
2026-06-09 19:00:00+00:00,62049.1015625,1656.0899658203125
2026-06-09 20:00:00+00:00,62109.640625,1659.3399658203125
2026-06-09 21:00:00+00:00,61708.8515625,1648.47998046875
2026-06-09 22:00:00+00:00,61682.05078125,1638.9300537109375
2026-06-09 23:00:00+00:00,61685.80078125,1638.449951171875
2026-06-10 00:00:00+00:00,61877.9296875,1644.800048828125
2026-06-10 01:00:00+00:00,61677.98046875,1637.989990234375
2026-06-10 02:00:00+00:00,61254.03125,1622.969970703125
2026-06-10 03:00:00+00:00,61503.96875,1629.7099609375
2026-06-10 04:00:00+00:00,61248.171875,1624.719970703125
2026-06-10 05:00:00+00:00,61306.28125,1626.81005859375
2026-06-10 06:00:00+00:00,61418.1796875,1630.75
2026-06-10 07:00:00+00:00,61641.078125,1638.97998046875
2026-06-10 08:00:00+00:00,61224.76953125,1619.97998046875
2026-06-10 09:00:00+00:00,61283.4296875,1622.4200439453125
2026-06-10 10:00:00+00:00,61330.921875,1627.0400390625
2026-06-10 11:00:00+00:00,60977.46875,1618.8499755859375
2026-06-10 12:00:00+00:00,61517.671875,1634.239990234375
2026-06-10 13:00:00+00:00,62078.01953125,1650.4200439453125
2026-06-10 14:00:00+00:00,62146.05078125,1645.18994140625
2026-06-10 15:00:00+00:00,62579.91015625,1656.469970703125
2026-06-10 16:00:00+00:00,62156.71875,1640.530029296875
2026-06-10 17:00:00+00:00,61905.98828125,1630.8699951171875
2026-06-10 18:00:00+00:00,61818.109375,1629.0999755859375
2026-06-10 19:00:00+00:00,61868.26953125,1628.1800537109375
2026-06-10 20:00:00+00:00,61737.80859375,1628.9000244140625
2026-06-10 21:00:00+00:00,61289.78125,1609.5
2026-06-10 22:00:00+00:00,61322.87109375,1615.18994140625
2026-06-10 23:00:00+00:00,61450.921875,1620.030029296875
2026-06-11 00:00:00+00:00,61762.03125,1626.9100341796875
2026-06-11 01:00:00+00:00,62143.94140625,1641.219970703125
2026-06-11 02:00:00+00:00,62066.98828125,1638.93994140625
2026-06-11 03:00:00+00:00,62605.8515625,1652.1199951171875
2026-06-11 04:00:00+00:00,62649.94921875,1654.9000244140625
2026-06-11 05:00:00+00:00,62536.1015625,1646.1600341796875
2026-06-11 06:00:00+00:00,62686.01171875,1652.9200439453125
2026-06-11 07:00:00+00:00,62639.859375,1652.489990234375
2026-06-11 08:00:00+00:00,62871.828125,1657.8900146484375
2026-06-11 09:00:00+00:00,62847.1015625,1657.1199951171875
2026-06-11 10:00:00+00:00,63070.73828125,1657.280029296875
2026-06-11 11:00:00+00:00,63043.98046875,1665.1099853515625
2026-06-11 12:00:00+00:00,62936.0,1650.1600341796875
2026-06-11 13:00:00+00:00,63031.5390625,1651.25
2026-06-11 14:00:00+00:00,62661.83984375,1641.1600341796875
2026-06-11 15:00:00+00:00,62680.48828125,1643.760009765625
2026-06-11 16:00:00+00:00,62490.05078125,1637.6300048828125
2026-06-11 17:00:00+00:00,63571.359375,1687.0699462890625
2026-06-11 18:00:00+00:00,63384.12109375,1682.1400146484375
2026-06-11 19:00:00+00:00,63547.640625,1680.469970703125
2026-06-11 20:00:00+00:00,63332.0,1670.6700439453125
2026-06-11 21:00:00+00:00,63464.01953125,1675.550048828125
2026-06-11 22:00:00+00:00,63434.30859375,1674.4200439453125
2026-06-11 23:00:00+00:00,63556.7109375,1671.8199462890625
2026-06-12 00:00:00+00:00,63574.6796875,1671.1500244140625
2026-06-12 01:00:00+00:00,63350.4609375,1665.1500244140625
2026-06-12 02:00:00+00:00,63534.83984375,1673.4200439453125
2026-06-12 03:00:00+00:00,63430.48828125,1670.800048828125
2026-06-12 04:00:00+00:00,63613.921875,1675.06005859375
2026-06-12 05:00:00+00:00,63269.44140625,1661.8499755859375
2026-06-12 06:00:00+00:00,62898.7109375,1655.1800537109375
2026-06-12 07:00:00+00:00,63014.78125,1659.9300537109375
2026-06-12 08:00:00+00:00,63391.6796875,1671.3499755859375
2026-06-12 09:00:00+00:00,63678.78125,1678.31005859375
2026-06-12 10:00:00+00:00,63618.171875,1672.9000244140625
2026-06-12 11:00:00+00:00,63685.16015625,1671.800048828125
2026-06-12 12:00:00+00:00,63382.859375,1664.6099853515625
2026-06-12 13:00:00+00:00,63154.98046875,1655.56005859375
2026-06-12 14:00:00+00:00,63956.66015625,1684.800048828125
2026-06-12 15:00:00+00:00,63532.98046875,1658.47998046875
2026-06-12 16:00:00+00:00,63940.6484375,1671.7099609375
2026-06-12 17:00:00+00:00,63823.19921875,1667.8599853515625
2026-06-12 18:00:00+00:00,63645.5390625,1665.4100341796875
2026-06-12 19:00:00+00:00,63553.98046875,1665.010009765625
2026-06-12 20:00:00+00:00,63408.0,1664.0400390625
2026-06-12 21:00:00+00:00,63435.609375,1663.0999755859375
2026-06-12 22:00:00+00:00,63472.33984375,1661.56005859375
2026-06-12 23:00:00+00:00,63528.9609375,1665.3699951171875
2026-06-13 00:00:00+00:00,63552.390625,1666.31005859375
2026-06-13 01:00:00+00:00,63776.0,1672.43994140625
2026-06-13 02:00:00+00:00,63605.26171875,1667.010009765625
2026-06-13 03:00:00+00:00,63494.140625,1664.1700439453125
2026-06-13 04:00:00+00:00,63472.4296875,1663.5
2026-06-13 05:00:00+00:00,63551.171875,1664.3599853515625
2026-06-13 06:00:00+00:00,63694.859375,1668.7900390625
2026-06-13 07:00:00+00:00,63806.37109375,1675.2099609375
2026-06-13 08:00:00+00:00,63764.921875,1673.510009765625
2026-06-13 09:00:00+00:00,63704.3203125,1672.699951171875
2026-06-13 10:00:00+00:00,63798.671875,1673.0699462890625
2026-06-13 11:00:00+00:00,63923.41015625,1677.260009765625
2026-06-13 12:00:00+00:00,64091.96875,1679.5799560546875
2026-06-13 13:00:00+00:00,64061.62109375,1676.949951171875
2026-06-13 14:00:00+00:00,64178.890625,1678.719970703125
2026-06-13 15:00:00+00:00,64258.01953125,1681.0999755859375
2026-06-13 16:00:00+00:00,63985.03125,1675.75
2026-06-13 17:00:00+00:00,63938.890625,1673.260009765625
2026-06-13 18:00:00+00:00,64124.2109375,1677.699951171875
2026-06-13 19:00:00+00:00,64260.01171875,1677.5999755859375
2026-06-13 20:00:00+00:00,64251.98046875,1675.7099609375
2026-06-13 21:00:00+00:00,64438.01171875,1685.5699462890625
2026-06-13 22:00:00+00:00,64426.66015625,1680.81005859375
2026-06-13 23:00:00+00:00,64429.98828125,1679.510009765625
2026-06-14 00:00:00+00:00,64524.30859375,1681.199951171875
2026-06-14 01:00:00+00:00,64545.98828125,1683.4000244140625
2026-06-14 02:00:00+00:00,64456.28125,1681.510009765625
2026-06-14 03:00:00+00:00,64513.578125,1680.93994140625
2026-06-14 04:00:00+00:00,64310.109375,1677.1099853515625
2026-06-14 05:00:00+00:00,64352.78125,1677.9599609375
2026-06-14 06:00:00+00:00,64258.25,1675.56005859375
2026-06-14 07:00:00+00:00,64396.51953125,1674.9200439453125
2026-06-14 08:00:00+00:00,64422.05859375,1674.4100341796875
2026-06-14 09:00:00+00:00,64577.98828125,1677.0899658203125
2026-06-14 10:00:00+00:00,64485.4296875,1672.1300048828125
2026-06-14 11:00:00+00:00,64506.05859375,1672.550048828125
2026-06-14 12:00:00+00:00,64294.21875,1665.8499755859375
2026-06-14 13:00:00+00:00,64285.05859375,1665.1199951171875
2026-06-14 14:00:00+00:00,63944.33984375,1658.6600341796875
2026-06-14 15:00:00+00:00,63986.1796875,1662.1300048828125
2026-06-14 16:00:00+00:00,63912.51171875,1659.8900146484375
2026-06-14 17:00:00+00:00,63696.5703125,1660.8900146484375
2026-06-14 18:00:00+00:00,63772.828125,1660.8199462890625
2026-06-14 19:00:00+00:00,63768.26953125,1664.0899658203125
2026-06-14 20:00:00+00:00,63971.98828125,1669.449951171875
2026-06-14 21:00:00+00:00,65281.87890625,1717.8499755859375
2026-06-14 22:00:00+00:00,65377.71875,1721.530029296875
2026-06-14 23:00:00+00:00,65707.5,1724.72998046875
2026-06-15 00:00:00+00:00,65590.0,1719.97998046875
2026-06-15 01:00:00+00:00,65484.44140625,1715.06005859375
2026-06-15 02:00:00+00:00,65431.44140625,1716.0
2026-06-15 03:00:00+00:00,65871.3515625,1720.0
2026-06-15 04:00:00+00:00,65604.9609375,1716.1700439453125
2026-06-15 05:00:00+00:00,65825.046875,1719.6199951171875
2026-06-15 06:00:00+00:00,65770.828125,1718.8900146484375
2026-06-15 07:00:00+00:00,65630.9609375,1715.3299560546875
2026-06-15 08:00:00+00:00,65614.8125,1719.280029296875
2026-06-15 09:00:00+00:00,65550.453125,1717.449951171875
2026-06-15 10:00:00+00:00,65876.8671875,1736.4000244140625
2026-06-15 11:00:00+00:00,66190.0,1763.5
2026-06-15 12:00:00+00:00,66527.328125,1776.3399658203125
2026-06-15 13:00:00+00:00,66396.640625,1813.18994140625
2026-06-15 14:00:00+00:00,66549.8125,1813.4000244140625
2026-06-15 15:00:00+00:00,67242.296875,1844.4000244140625
2026-06-15 16:00:00+00:00,67118.6484375,1841.9100341796875
2026-06-15 17:00:00+00:00,66820.859375,1828.4000244140625
2026-06-15 18:00:00+00:00,66735.953125,1827.3299560546875
2026-06-15 19:00:00+00:00,66553.828125,1819.989990234375
2026-06-15 20:00:00+00:00,66474.5390625,1815.8599853515625
2026-06-15 21:00:00+00:00,66331.28125,1810.25
2026-06-15 22:00:00+00:00,66156.0390625,1788.6199951171875
2026-06-15 23:00:00+00:00,66276.796875,1795.010009765625
2026-06-16 00:00:00+00:00,66215.8984375,1788.5999755859375
2026-06-16 01:00:00+00:00,66304.171875,1791.0999755859375
2026-06-16 02:00:00+00:00,65704.9765625,1769.1500244140625
2026-06-16 03:00:00+00:00,66111.75,1777.97998046875
2026-06-16 04:00:00+00:00,65800.0,1759.800048828125
2026-06-16 05:00:00+00:00,66020.1484375,1761.030029296875
2026-06-16 06:00:00+00:00,66406.25,1770.4200439453125
2026-06-16 07:00:00+00:00,66334.1796875,1773.260009765625
2026-06-16 08:00:00+00:00,66848.859375,1801.7099609375
2026-06-16 09:00:00+00:00,66463.953125,1788.280029296875
2026-06-16 10:00:00+00:00,66456.8984375,1792.239990234375
2026-06-16 11:00:00+00:00,66431.109375,1798.1099853515625
2026-06-16 12:00:00+00:00,66367.9765625,1813.0799560546875
2026-06-16 13:00:00+00:00,65997.9921875,1795.9300537109375
2026-06-16 14:00:00+00:00,65601.171875,1778.989990234375
2026-06-16 15:00:00+00:00,65817.296875,1780.8599853515625
2026-06-16 16:00:00+00:00,65698.3671875,1776.31005859375
2026-06-16 17:00:00+00:00,65915.703125,1793.550048828125
2026-06-16 18:00:00+00:00,65781.8671875,1797.7900390625
2026-06-16 19:00:00+00:00,65621.609375,1793.9000244140625
2026-06-16 20:00:00+00:00,65792.703125,1796.18994140625
2026-06-16 21:00:00+00:00,65703.7109375,1794.449951171875
2026-06-16 22:00:00+00:00,65710.109375,1794.6400146484375
2026-06-16 23:00:00+00:00,65616.640625,1791.239990234375
2026-06-17 00:00:00+00:00,65644.671875,1792.300048828125
2026-06-17 01:00:00+00:00,65872.2890625,1795.81005859375
2026-06-17 02:00:00+00:00,65847.9921875,1793.8299560546875
2026-06-17 03:00:00+00:00,65794.046875,1792.0400390625
2026-06-17 04:00:00+00:00,65824.0078125,1792.3499755859375
2026-06-17 05:00:00+00:00,65768.109375,1792.3399658203125
2026-06-17 06:00:00+00:00,65550.84375,1788.6099853515625
2026-06-17 07:00:00+00:00,65470.98828125,1783.3499755859375
2026-06-17 08:00:00+00:00,64861.98046875,1763.550048828125
2026-06-17 09:00:00+00:00,64849.921875,1771.469970703125
2026-06-17 10:00:00+00:00,64738.48046875,1766.8699951171875
2026-06-17 11:00:00+00:00,64749.51171875,1762.4100341796875
2026-06-17 12:00:00+00:00,64979.55859375,1757.9000244140625
2026-06-17 13:00:00+00:00,65240.19140625,1760.1800537109375
2026-06-17 14:00:00+00:00,65040.8984375,1753.4599609375
2026-06-17 15:00:00+00:00,65696.96875,1771.949951171875
2026-06-17 16:00:00+00:00,65807.1875,1770.5
2026-06-17 17:00:00+00:00,66031.78125,1787.1199951171875
2026-06-17 18:00:00+00:00,65467.21875,1769.260009765625
2026-06-17 19:00:00+00:00,64243.69140625,1733.1099853515625
2026-06-17 20:00:00+00:00,64370.66015625,1745.75
2026-06-17 21:00:00+00:00,64196.46875,1737.2900390625
2026-06-17 22:00:00+00:00,64233.98828125,1738.5899658203125
2026-06-17 23:00:00+00:00,64446.0390625,1749.199951171875
2026-06-18 00:00:00+00:00,64406.41015625,1751.4599609375
2026-06-18 01:00:00+00:00,64488.05078125,1753.0899658203125
2026-06-18 02:00:00+00:00,64620.01953125,1754.010009765625
2026-06-18 03:00:00+00:00,64215.05078125,1742.239990234375
2026-06-18 04:00:00+00:00,63817.62109375,1728.780029296875
2026-06-18 05:00:00+00:00,63927.73828125,1728.97998046875
2026-06-18 06:00:00+00:00,64011.37890625,1734.050048828125
2026-06-18 07:00:00+00:00,64438.53125,1747.8900146484375
2026-06-18 08:00:00+00:00,64336.01171875,1746.1099853515625
2026-06-18 09:00:00+00:00,64144.890625,1744.780029296875
2026-06-18 10:00:00+00:00,64014.48828125,1745.3800048828125
2026-06-18 11:00:00+00:00,63901.9296875,1741.449951171875
2026-06-18 12:00:00+00:00,64309.21875,1748.469970703125
2026-06-18 13:00:00+00:00,63906.390625,1734.1199951171875
2026-06-18 14:00:00+00:00,63741.12109375,1737.5999755859375
2026-06-18 15:00:00+00:00,62285.80859375,1680.9599609375
2026-06-18 16:00:00+00:00,62591.16015625,1684.6600341796875
2026-06-18 17:00:00+00:00,62512.66015625,1677.1500244140625
2026-06-18 18:00:00+00:00,62621.51171875,1683.1300048828125
2026-06-18 19:00:00+00:00,62858.05078125,1703.5699462890625
2026-06-18 20:00:00+00:00,63012.28125,1708.47998046875
2026-06-18 21:00:00+00:00,62889.73046875,1706.3499755859375
2026-06-18 22:00:00+00:00,62815.69140625,1705.010009765625
2026-06-18 23:00:00+00:00,62879.01171875,1708.9599609375
2026-06-19 00:00:00+00:00,62938.05078125,1711.6400146484375
2026-06-19 01:00:00+00:00,62951.96875,1711.68994140625
2026-06-19 02:00:00+00:00,62929.98828125,1704.989990234375
2026-06-19 03:00:00+00:00,62702.0703125,1695.6099853515625
2026-06-19 04:00:00+00:00,62390.390625,1688.0999755859375
2026-06-19 05:00:00+00:00,62675.80859375,1695.9100341796875
2026-06-19 06:00:00+00:00,62829.3203125,1698.7099609375
2026-06-19 07:00:00+00:00,62561.21875,1694.0699462890625
2026-06-19 08:00:00+00:00,62529.421875,1695.7900390625
2026-06-19 09:00:00+00:00,62317.12109375,1687.550048828125
2026-06-19 10:00:00+00:00,62466.3203125,1690.9000244140625
2026-06-19 11:00:00+00:00,62570.51171875,1690.06005859375
2026-06-19 12:00:00+00:00,62764.71875,1693.5999755859375
2026-06-19 13:00:00+00:00,63150.0,1701.530029296875
2026-06-19 14:00:00+00:00,63145.390625,1705.4000244140625
2026-06-19 15:00:00+00:00,63147.98046875,1705.949951171875
2026-06-19 16:00:00+00:00,62909.98828125,1694.9200439453125
2026-06-19 17:00:00+00:00,63135.4609375,1703.31005859375
2026-06-19 18:00:00+00:00,63049.5390625,1701.22998046875
2026-06-19 19:00:00+00:00,62964.1015625,1699.3900146484375
2026-06-19 20:00:00+00:00,63188.75,1706.969970703125
2026-06-19 21:00:00+00:00,63015.1015625,1700.199951171875
2026-06-19 22:00:00+00:00,63256.94921875,1705.8599853515625
2026-06-19 23:00:00+00:00,63475.66015625,1709.4599609375
2026-06-20 00:00:00+00:00,63467.55859375,1707.1800537109375
2026-06-20 01:00:00+00:00,63529.75,1708.4200439453125
2026-06-20 02:00:00+00:00,63279.62890625,1703.1199951171875
2026-06-20 03:00:00+00:00,63424.51953125,1706.4599609375
2026-06-20 04:00:00+00:00,63520.01953125,1711.699951171875
2026-06-20 05:00:00+00:00,63613.05078125,1724.27001953125
2026-06-20 06:00:00+00:00,63679.78125,1725.97998046875
2026-06-20 07:00:00+00:00,63589.359375,1724.199951171875
2026-06-20 08:00:00+00:00,63358.48828125,1721.199951171875
2026-06-20 09:00:00+00:00,63667.0703125,1726.719970703125
2026-06-20 10:00:00+00:00,63609.6015625,1725.800048828125
2026-06-20 11:00:00+00:00,63617.41015625,1725.3199462890625
2026-06-20 12:00:00+00:00,63594.44921875,1725.199951171875
2026-06-20 13:00:00+00:00,63342.0,1715.8299560546875
2026-06-20 14:00:00+00:00,63881.9296875,1731.4100341796875
2026-06-20 15:00:00+00:00,64086.05859375,1738.5
2026-06-20 16:00:00+00:00,63968.0,1731.9599609375
2026-06-20 17:00:00+00:00,63774.80859375,1724.6300048828125
2026-06-20 18:00:00+00:00,63734.8203125,1724.719970703125
2026-06-20 19:00:00+00:00,63867.359375,1727.0799560546875
2026-06-20 20:00:00+00:00,63858.671875,1728.530029296875
2026-06-20 21:00:00+00:00,63937.01171875,1733.1099853515625
2026-06-20 22:00:00+00:00,64196.98828125,1741.0899658203125
2026-06-20 23:00:00+00:00,64222.98828125,1738.4599609375
2026-06-21 00:00:00+00:00,64207.98828125,1735.300048828125
2026-06-21 01:00:00+00:00,64162.0,1734.8699951171875
2026-06-21 02:00:00+00:00,64160.1015625,1733.699951171875
2026-06-21 03:00:00+00:00,64344.08984375,1735.7099609375
2026-06-21 04:00:00+00:00,64199.05078125,1730.800048828125
2026-06-21 05:00:00+00:00,64178.01171875,1731.22998046875
2026-06-21 06:00:00+00:00,64219.9609375,1733.8900146484375
2026-06-21 07:00:00+00:00,64117.05859375,1729.949951171875
2026-06-21 08:00:00+00:00,63935.3515625,1726.969970703125
2026-06-21 09:00:00+00:00,64126.0,1730.6199951171875
2026-06-21 10:00:00+00:00,64285.16015625,1729.18994140625
2026-06-21 11:00:00+00:00,64085.0,1723.3599853515625
2026-06-21 12:00:00+00:00,64107.671875,1723.719970703125
2026-06-21 13:00:00+00:00,64068.69921875,1723.050048828125
2026-06-21 14:00:00+00:00,64061.2890625,1726.3900146484375
2026-06-21 15:00:00+00:00,64143.98046875,1728.8199462890625
2026-06-21 16:00:00+00:00,64065.578125,1726.219970703125
2026-06-21 17:00:00+00:00,64065.30078125,1725.510009765625
2026-06-21 18:00:00+00:00,64128.3515625,1733.4599609375
2026-06-21 19:00:00+00:00,64119.96875,1732.02001953125
2026-06-21 20:00:00+00:00,63763.0,1719.2900390625
2026-06-21 21:00:00+00:00,63723.98828125,1716.3599853515625
2026-06-21 22:00:00+00:00,63724.921875,1715.550048828125
2026-06-21 23:00:00+00:00,63224.87109375,1704.93994140625
2026-06-22 00:00:00+00:00,63811.80078125,1724.9000244140625
2026-06-22 01:00:00+00:00,64532.69921875,1741.7099609375
2026-06-22 02:00:00+00:00,64181.73828125,1735.25
2026-06-22 03:00:00+00:00,63888.75,1727.8800048828125
2026-06-22 04:00:00+00:00,64012.1484375,1733.1400146484375
2026-06-22 05:00:00+00:00,64164.80859375,1734.8800048828125
2026-06-22 06:00:00+00:00,63910.01953125,1732.8599853515625
2026-06-22 07:00:00+00:00,64131.3984375,1744.4100341796875
2026-06-22 08:00:00+00:00,64089.58984375,1746.06005859375
2026-06-22 09:00:00+00:00,64070.41015625,1744.3599853515625
2026-06-22 10:00:00+00:00,64066.37109375,1747.0
2026-06-22 11:00:00+00:00,64583.23828125,1765.800048828125
2026-06-22 12:00:00+00:00,65077.578125,1761.7900390625
2026-06-22 13:00:00+00:00,65502.76953125,1775.4200439453125
2026-06-22 14:00:00+00:00,64898.87109375,1752.4599609375
2026-06-22 15:00:00+00:00,64765.421875,1742.489990234375
2026-06-22 16:00:00+00:00,64641.078125,1737.9200439453125
2026-06-22 17:00:00+00:00,64529.19921875,1738.989990234375
2026-06-22 18:00:00+00:00,64261.55859375,1731.1199951171875
2026-06-22 19:00:00+00:00,64427.8203125,1732.989990234375
2026-06-22 20:00:00+00:00,64359.19140625,1732.6500244140625
2026-06-22 21:00:00+00:00,64246.41015625,1731.030029296875
2026-06-22 22:00:00+00:00,63889.98828125,1722.3900146484375
2026-06-22 23:00:00+00:00,63950.609375,1726.18994140625
2026-06-23 00:00:00+00:00,64080.58984375,1729.1600341796875
2026-06-23 01:00:00+00:00,64078.71875,1728.550048828125
2026-06-23 02:00:00+00:00,64122.71875,1730.47998046875
2026-06-23 03:00:00+00:00,63987.8203125,1727.780029296875
2026-06-23 04:00:00+00:00,63537.16015625,1716.9000244140625
2026-06-23 05:00:00+00:00,63321.01171875,1711.449951171875
2026-06-23 06:00:00+00:00,62861.98828125,1690.0999755859375
2026-06-23 07:00:00+00:00,62805.5,1680.6700439453125
2026-06-23 08:00:00+00:00,62307.109375,1646.5799560546875
2026-06-23 09:00:00+00:00,62298.0,1648.800048828125
2026-06-23 10:00:00+00:00,62237.25,1650.550048828125
2026-06-23 11:00:00+00:00,62432.7890625,1658.9100341796875
2026-06-23 12:00:00+00:00,62180.5,1652.739990234375
2026-06-23 13:00:00+00:00,62396.01171875,1660.75
2026-06-23 14:00:00+00:00,62419.28125,1660.1099853515625
2026-06-23 15:00:00+00:00,62401.98828125,1657.510009765625
2026-06-23 16:00:00+00:00,62463.6484375,1657.43994140625
2026-06-23 17:00:00+00:00,62271.41015625,1654.52001953125
2026-06-23 18:00:00+00:00,62155.91015625,1653.199951171875
2026-06-23 19:00:00+00:00,62323.3984375,1660.550048828125
2026-06-23 20:00:00+00:00,62387.390625,1661.93994140625
2026-06-23 21:00:00+00:00,62515.05859375,1664.469970703125
2026-06-23 22:00:00+00:00,62509.9609375,1662.47998046875
2026-06-23 23:00:00+00:00,62644.859375,1665.0400390625
2026-06-24 00:00:00+00:00,62933.08984375,1668.7900390625
2026-06-24 01:00:00+00:00,62849.37890625,1670.7099609375
2026-06-24 02:00:00+00:00,62546.328125,1661.93994140625
2026-06-24 03:00:00+00:00,62649.69921875,1664.6500244140625
2026-06-24 04:00:00+00:00,62661.75,1666.68994140625
2026-06-24 05:00:00+00:00,62801.98828125,1672.1500244140625
2026-06-24 06:00:00+00:00,62691.828125,1672.4100341796875
2026-06-24 07:00:00+00:00,62561.3984375,1670.5400390625
2026-06-24 08:00:00+00:00,62707.5,1671.0400390625
2026-06-24 09:00:00+00:00,62594.41015625,1664.6600341796875
2026-06-24 10:00:00+00:00,62354.9296875,1661.510009765625
2026-06-24 11:00:00+00:00,62835.2890625,1676.8800048828125
2026-06-24 12:00:00+00:00,62523.859375,1669.3900146484375
2026-06-24 13:00:00+00:00,61227.640625,1642.9200439453125
2026-06-24 14:00:00+00:00,61017.98046875,1644.7900390625
2026-06-24 15:00:00+00:00,60202.0,1615.760009765625
2026-06-24 16:00:00+00:00,59761.9296875,1587.5
2026-06-24 17:00:00+00:00,59317.08984375,1557.9300537109375
2026-06-24 18:00:00+00:00,59501.58984375,1569.550048828125
2026-06-24 19:00:00+00:00,59874.73828125,1581.7099609375
2026-06-24 20:00:00+00:00,60866.2109375,1611.1099853515625
2026-06-24 21:00:00+00:00,61019.33984375,1618.81005859375
2026-06-24 22:00:00+00:00,60778.4296875,1612.75
2026-06-24 23:00:00+00:00,60983.140625,1619.719970703125
2026-06-25 00:00:00+00:00,60666.69140625,1616.4000244140625
2026-06-25 01:00:00+00:00,60828.62109375,1618.6199951171875
2026-06-25 02:00:00+00:00,60697.6484375,1618.4000244140625
2026-06-25 03:00:00+00:00,60782.23828125,1616.8900146484375
2026-06-25 04:00:00+00:00,61255.1796875,1632.1700439453125
2026-06-25 05:00:00+00:00,61498.16015625,1643.199951171875
2026-06-25 06:00:00+00:00,61624.91015625,1651.3399658203125
2026-06-25 07:00:00+00:00,61816.7890625,1654.9000244140625
2026-06-25 08:00:00+00:00,61613.828125,1650.2099609375
2026-06-25 09:00:00+00:00,61634.48828125,1646.1800537109375
2026-06-25 10:00:00+00:00,61180.3984375,1634.219970703125
2026-06-25 11:00:00+00:00,61179.078125,1630.6700439453125
2026-06-25 12:00:00+00:00,61134.44921875,1632.97998046875
2026-06-25 13:00:00+00:00,58052.0,1533.18994140625
2026-06-25 14:00:00+00:00,59373.1796875,1566.530029296875
2026-06-25 15:00:00+00:00,59459.9296875,1567.4000244140625
2026-06-25 16:00:00+00:00,59208.0390625,1559.4300537109375
2026-06-25 17:00:00+00:00,59579.53125,1571.9300537109375
2026-06-25 18:00:00+00:00,59394.9609375,1564.449951171875
2026-06-25 19:00:00+00:00,59188.08984375,1556.3900146484375
2026-06-25 20:00:00+00:00,59351.76953125,1557.72998046875
2026-06-25 21:00:00+00:00,60113.96875,1578.1300048828125
2026-06-25 22:00:00+00:00,59748.73828125,1567.68994140625
2026-06-25 23:00:00+00:00,59703.66015625,1564.8599853515625
2026-06-26 00:00:00+00:00,59572.1015625,1562.1800537109375
2026-06-26 01:00:00+00:00,59340.05859375,1557.8399658203125
2026-06-26 02:00:00+00:00,58470.46875,1522.22998046875
2026-06-26 03:00:00+00:00,59941.1015625,1555.2099609375
2026-06-26 04:00:00+00:00,59830.921875,1547.3900146484375
2026-06-26 05:00:00+00:00,59860.01953125,1553.3199462890625
2026-06-26 06:00:00+00:00,60230.421875,1568.739990234375
2026-06-26 07:00:00+00:00,60435.7109375,1578.5999755859375
2026-06-26 08:00:00+00:00,60147.3515625,1564.1400146484375
2026-06-26 09:00:00+00:00,59643.7890625,1550.760009765625
2026-06-26 10:00:00+00:00,59226.2890625,1546.0
2026-06-26 11:00:00+00:00,59328.03125,1543.0799560546875
2026-06-26 12:00:00+00:00,59094.30078125,1534.02001953125
2026-06-26 13:00:00+00:00,60092.01953125,1566.199951171875
2026-06-26 14:00:00+00:00,59499.94921875,1557.6700439453125
2026-06-26 15:00:00+00:00,60226.921875,1578.0
2026-06-26 16:00:00+00:00,59950.078125,1575.469970703125
2026-06-26 17:00:00+00:00,59929.0,1579.6300048828125
2026-06-26 18:00:00+00:00,59565.98046875,1570.6800537109375
2026-06-26 19:00:00+00:00,59647.859375,1576.18994140625
2026-06-26 20:00:00+00:00,59616.19140625,1568.300048828125
2026-06-26 21:00:00+00:00,59826.01171875,1573.1199951171875
2026-06-26 22:00:00+00:00,59957.98828125,1575.449951171875
2026-06-26 23:00:00+00:00,60004.19140625,1576.27001953125
2026-06-27 00:00:00+00:00,59970.4296875,1574.469970703125
2026-06-27 01:00:00+00:00,59854.171875,1573.6500244140625
2026-06-27 02:00:00+00:00,60190.19921875,1580.93994140625
2026-06-27 03:00:00+00:00,60205.5,1578.25
2026-06-27 04:00:00+00:00,60149.98046875,1577.1099853515625
2026-06-27 05:00:00+00:00,60143.98828125,1576.31005859375
2026-06-27 06:00:00+00:00,60274.140625,1580.2099609375
2026-06-27 07:00:00+00:00,60451.6484375,1583.1400146484375
2026-06-27 08:00:00+00:00,60353.69140625,1581.5899658203125
2026-06-27 09:00:00+00:00,60321.01171875,1580.3499755859375
2026-06-27 10:00:00+00:00,60317.98828125,1581.800048828125
2026-06-27 11:00:00+00:00,60264.75,1581.4200439453125
2026-06-27 12:00:00+00:00,60324.421875,1583.260009765625
2026-06-27 13:00:00+00:00,60483.19921875,1589.6800537109375
2026-06-27 14:00:00+00:00,60510.21875,1591.8900146484375
2026-06-27 15:00:00+00:00,60741.01171875,1603.0999755859375
2026-06-27 16:00:00+00:00,60710.390625,1604.4200439453125
2026-06-27 17:00:00+00:00,60424.078125,1588.800048828125
2026-06-27 18:00:00+00:00,60458.01171875,1591.18994140625
2026-06-27 19:00:00+00:00,60077.6484375,1575.75
2026-06-27 20:00:00+00:00,60199.37109375,1578.81005859375
2026-06-27 21:00:00+00:00,60099.87890625,1572.699951171875
2026-06-27 22:00:00+00:00,60135.01171875,1576.7099609375
2026-06-27 23:00:00+00:00,59934.9609375,1571.6700439453125
2026-06-28 00:00:00+00:00,60058.08984375,1572.260009765625
2026-06-28 01:00:00+00:00,60127.26171875,1572.97998046875
2026-06-28 02:00:00+00:00,60051.23828125,1570.06005859375
2026-06-28 03:00:00+00:00,60105.8984375,1572.7900390625
2026-06-28 04:00:00+00:00,60046.140625,1571.949951171875
2026-06-28 05:00:00+00:00,59892.01171875,1566.760009765625
2026-06-28 06:00:00+00:00,59908.69140625,1565.56005859375
2026-06-28 07:00:00+00:00,60130.78125,1573.739990234375
2026-06-28 08:00:00+00:00,60281.98828125,1579.1400146484375
2026-06-28 09:00:00+00:00,60169.78125,1576.81005859375
2026-06-28 10:00:00+00:00,60076.8203125,1574.949951171875
2026-06-28 11:00:00+00:00,60251.96875,1580.550048828125
2026-06-28 12:00:00+00:00,60205.8203125,1581.06005859375
2026-06-28 13:00:00+00:00,59976.9609375,1577.18994140625
2026-06-28 14:00:00+00:00,59939.2890625,1579.030029296875
2026-06-28 15:00:00+00:00,59799.19140625,1578.4200439453125
2026-06-28 16:00:00+00:00,59600.01171875,1570.5
2026-06-28 17:00:00+00:00,59493.109375,1569.8800048828125
2026-06-28 18:00:00+00:00,59520.05859375,1569.4100341796875
2026-06-28 19:00:00+00:00,59391.26953125,1562.4200439453125
2026-06-28 20:00:00+00:00,59559.05078125,1570.72998046875
2026-06-28 21:00:00+00:00,59347.671875,1561.4599609375
2026-06-28 22:00:00+00:00,58976.609375,1554.8499755859375
2026-06-28 23:00:00+00:00,59470.328125,1569.4000244140625
2026-06-29 00:00:00+00:00,59579.01171875,1571.31005859375
2026-06-29 01:00:00+00:00,59333.41015625,1566.0799560546875
2026-06-29 02:00:00+00:00,59649.98046875,1573.9599609375
2026-06-29 03:00:00+00:00,59942.828125,1582.030029296875
2026-06-29 04:00:00+00:00,59729.94921875,1572.9200439453125
2026-06-29 05:00:00+00:00,60002.55859375,1580.5899658203125
2026-06-29 06:00:00+00:00,59983.30078125,1580.4599609375
2026-06-29 07:00:00+00:00,59932.609375,1577.8499755859375
2026-06-29 08:00:00+00:00,59740.37109375,1570.43994140625
2026-06-29 09:00:00+00:00,59968.2109375,1573.9000244140625
2026-06-29 10:00:00+00:00,59996.69140625,1576.3599853515625
2026-06-29 11:00:00+00:00,59879.921875,1572.489990234375
2026-06-29 12:00:00+00:00,59857.66015625,1573.5999755859375
2026-06-29 13:00:00+00:00,59455.55859375,1569.449951171875
2026-06-29 14:00:00+00:00,59344.73046875,1570.0
2026-06-29 15:00:00+00:00,59704.76953125,1577.3199462890625
2026-06-29 16:00:00+00:00,59784.6015625,1582.6600341796875
2026-06-29 17:00:00+00:00,60315.4296875,1625.6199951171875
2026-06-29 18:00:00+00:00,60198.91015625,1618.469970703125
2026-06-29 19:00:00+00:00,60331.671875,1622.9000244140625
2026-06-29 20:00:00+00:00,60197.69140625,1615.1099853515625
2026-06-29 21:00:00+00:00,60390.921875,1617.6500244140625
2026-06-29 22:00:00+00:00,60261.9609375,1610.550048828125
2026-06-29 23:00:00+00:00,60125.859375,1610.8199462890625
2026-06-30 00:00:00+00:00,59744.671875,1592.0799560546875
2026-06-30 01:00:00+00:00,59846.83984375,1591.47998046875
2026-06-30 02:00:00+00:00,59842.578125,1588.0
2026-06-30 03:00:00+00:00,59515.140625,1584.31005859375
2026-06-30 04:00:00+00:00,59385.28125,1585.0999755859375
2026-06-30 05:00:00+00:00,59548.0,1589.22998046875
2026-06-30 06:00:00+00:00,59494.0,1591.4100341796875
2026-06-30 07:00:00+00:00,59427.01953125,1589.8299560546875
2026-06-30 08:00:00+00:00,59209.30859375,1581.050048828125
2026-06-30 09:00:00+00:00,59276.01171875,1582.949951171875
2026-06-30 10:00:00+00:00,59229.21875,1581.97998046875
2026-06-30 11:00:00+00:00,59076.8203125,1575.72998046875
2026-06-30 12:00:00+00:00,58299.4609375,1550.010009765625
2026-06-30 13:00:00+00:00,58630.0,1564.5
2026-06-30 14:00:00+00:00,58364.0,1560.3800048828125
2026-06-30 15:00:00+00:00,58261.7109375,1562.1700439453125
2026-06-30 16:00:00+00:00,58391.33984375,1569.6700439453125
2026-06-30 17:00:00+00:00,58322.23828125,1568.5799560546875
2026-06-30 18:00:00+00:00,58582.3515625,1576.3399658203125
2026-06-30 19:00:00+00:00,58714.890625,1578.1500244140625
2026-06-30 20:00:00+00:00,58630.87890625,1573.4100341796875
2026-06-30 21:00:00+00:00,58553.8515625,1568.68994140625
2026-06-30 22:00:00+00:00,58513.921875,1564.949951171875
2026-06-30 23:00:00+00:00,58523.9296875,1569.489990234375
2026-07-01 00:00:00+00:00,58489.140625,1572.6199951171875
2026-07-01 01:00:00+00:00,58676.1015625,1575.43994140625
2026-07-01 02:00:00+00:00,58989.98046875,1583.780029296875
2026-07-01 03:00:00+00:00,59101.48828125,1592.4300537109375
2026-07-01 04:00:00+00:00,59237.640625,1596.81005859375
2026-07-01 05:00:00+00:00,59060.8984375,1590.260009765625
2026-07-01 06:00:00+00:00,58666.6484375,1573.6600341796875
2026-07-01 07:00:00+00:00,58686.91015625,1576.1800537109375
2026-07-01 08:00:00+00:00,58894.0,1580.1099853515625
2026-07-01 09:00:00+00:00,58865.859375,1578.93994140625
2026-07-01 10:00:00+00:00,58577.41015625,1571.1400146484375
2026-07-01 11:00:00+00:00,58536.73828125,1567.72998046875
2026-07-01 12:00:00+00:00,58443.44140625,1567.949951171875
2026-07-01 13:00:00+00:00,59440.5,1595.9300537109375
2026-07-01 14:00:00+00:00,59468.578125,1599.3199462890625
2026-07-01 15:00:00+00:00,60085.1015625,1618.5799560546875
2026-07-01 16:00:00+00:00,59856.94921875,1613.02001953125
2026-07-01 17:00:00+00:00,60129.4296875,1621.280029296875
2026-07-01 18:00:00+00:00,60104.76953125,1614.989990234375
2026-07-01 19:00:00+00:00,59941.37890625,1616.47998046875
2026-07-01 20:00:00+00:00,60068.62890625,1616.199951171875
2026-07-01 21:00:00+00:00,60752.328125,1630.8199462890625
2026-07-01 22:00:00+00:00,60416.87890625,1619.8399658203125
2026-07-01 23:00:00+00:00,59961.44921875,1607.6199951171875
2026-07-02 00:00:00+00:00,59684.96875,1601.8699951171875
2026-07-02 01:00:00+00:00,60112.23828125,1618.5
2026-07-02 02:00:00+00:00,60353.87890625,1618.8699951171875
2026-07-02 03:00:00+00:00,60985.78125,1637.550048828125
2026-07-02 04:00:00+00:00,60707.98828125,1630.9000244140625
2026-07-02 05:00:00+00:00,60425.98828125,1624.8399658203125
2026-07-02 06:00:00+00:00,60190.0,1616.949951171875
2026-07-02 07:00:00+00:00,60057.421875,1613.8299560546875
2026-07-02 08:00:00+00:00,60436.0,1622.9599609375
2026-07-02 09:00:00+00:00,61096.640625,1641.050048828125
2026-07-02 10:00:00+00:00,61179.08984375,1644.1600341796875
2026-07-02 11:00:00+00:00,61287.37890625,1648.6400146484375
2026-07-02 12:00:00+00:00,61476.80078125,1660.97998046875
2026-07-02 13:00:00+00:00,61872.44140625,1708.7900390625
2026-07-02 14:00:00+00:00,61633.9609375,1699.780029296875
2026-07-02 15:00:00+00:00,61540.0,1695.0999755859375
2026-07-02 16:00:00+00:00,61621.98046875,1698.0899658203125
2026-07-02 17:00:00+00:00,61604.609375,1694.300048828125
2026-07-02 18:00:00+00:00,61700.1796875,1700.47998046875
2026-07-02 19:00:00+00:00,61431.51953125,1698.739990234375
2026-07-02 20:00:00+00:00,61509.01171875,1703.8599853515625
2026-07-02 21:00:00+00:00,61517.0703125,1698.5
2026-07-02 22:00:00+00:00,61397.76171875,1694.8299560546875
2026-07-02 23:00:00+00:00,61484.01953125,1698.43994140625
2026-07-03 00:00:00+00:00,61221.05859375,1694.6400146484375
2026-07-03 01:00:00+00:00,61504.51953125,1710.3900146484375
2026-07-03 02:00:00+00:00,61353.03125,1702.8800048828125
2026-07-03 03:00:00+00:00,61350.9296875,1704.3199462890625
2026-07-03 04:00:00+00:00,61366.03125,1701.0999755859375
2026-07-03 05:00:00+00:00,61623.30078125,1712.719970703125
2026-07-03 06:00:00+00:00,61631.12890625,1713.9300537109375
2026-07-03 07:00:00+00:00,61679.98828125,1715.97998046875
2026-07-03 08:00:00+00:00,61507.0390625,1717.81005859375
2026-07-03 09:00:00+00:00,61642.30859375,1724.52001953125
2026-07-03 10:00:00+00:00,61844.03125,1740.18994140625
2026-07-03 11:00:00+00:00,61946.078125,1740.510009765625
2026-07-03 12:00:00+00:00,61904.828125,1734.4000244140625
2026-07-03 13:00:00+00:00,62050.05859375,1746.1600341796875
2026-07-03 14:00:00+00:00,62101.609375,1735.4000244140625
2026-07-03 15:00:00+00:00,61862.578125,1729.43994140625
2026-07-03 16:00:00+00:00,62042.05078125,1731.969970703125
2026-07-03 17:00:00+00:00,62136.671875,1736.760009765625
2026-07-03 18:00:00+00:00,62149.98828125,1737.1800537109375
2026-07-03 19:00:00+00:00,62153.87109375,1743.5
2026-07-03 20:00:00+00:00,62711.98828125,1764.4100341796875
2026-07-03 21:00:00+00:00,62669.3984375,1761.6600341796875
2026-07-03 22:00:00+00:00,62512.0,1755.800048828125
2026-07-03 23:00:00+00:00,62520.21875,1756.1099853515625
2026-07-04 00:00:00+00:00,62693.359375,1756.9000244140625
2026-07-04 01:00:00+00:00,62403.51171875,1746.0999755859375
2026-07-04 02:00:00+00:00,62479.26953125,1747.550048828125
2026-07-04 03:00:00+00:00,62564.05078125,1752.1199951171875
2026-07-04 04:00:00+00:00,62628.171875,1759.8900146484375
2026-07-04 05:00:00+00:00,62412.41015625,1754.4599609375
2026-07-04 06:00:00+00:00,62434.8203125,1753.2099609375
2026-07-04 07:00:00+00:00,62514.76171875,1756.8399658203125
2026-07-04 08:00:00+00:00,62493.16015625,1760.800048828125
2026-07-04 09:00:00+00:00,62429.0390625,1756.52001953125
2026-07-04 10:00:00+00:00,62450.078125,1757.6099853515625
2026-07-04 11:00:00+00:00,62429.1015625,1756.6300048828125
2026-07-04 12:00:00+00:00,62604.66015625,1762.81005859375
2026-07-04 13:00:00+00:00,62538.0,1762.7099609375
2026-07-04 14:00:00+00:00,62643.30859375,1770.7900390625
2026-07-04 15:00:00+00:00,62881.21875,1789.719970703125
2026-07-04 16:00:00+00:00,62865.87890625,1785.5999755859375
2026-07-04 17:00:00+00:00,63221.140625,1797.800048828125
2026-07-04 18:00:00+00:00,63113.33984375,1792.25
2026-07-04 19:00:00+00:00,63238.171875,1791.300048828125
2026-07-04 20:00:00+00:00,63180.55859375,1785.72998046875
2026-07-04 21:00:00+00:00,63241.98828125,1787.9100341796875
2026-07-04 22:00:00+00:00,63137.98828125,1782.9300537109375
2026-07-04 23:00:00+00:00,63083.8984375,1779.0699462890625
2026-07-05 00:00:00+00:00,62930.55078125,1771.0899658203125
2026-07-05 01:00:00+00:00,62844.8203125,1765.06005859375
2026-07-05 02:00:00+00:00,62639.98046875,1759.0899658203125
2026-07-05 03:00:00+00:00,62711.2109375,1759.93994140625
2026-07-05 04:00:00+00:00,62776.44140625,1766.0799560546875
2026-07-05 05:00:00+00:00,62679.96875,1764.1800537109375
2026-07-05 06:00:00+00:00,62722.05859375,1763.0899658203125
2026-07-05 07:00:00+00:00,62958.44140625,1768.3599853515625
2026-07-05 08:00:00+00:00,62858.33984375,1765.9200439453125
2026-07-05 09:00:00+00:00,62569.5,1756.4599609375
2026-07-05 10:00:00+00:00,62700.78125,1759.97998046875
2026-07-05 11:00:00+00:00,62577.16015625,1758.5999755859375
2026-07-05 12:00:00+00:00,62692.421875,1763.4100341796875
2026-07-05 13:00:00+00:00,62738.80078125,1764.8499755859375
2026-07-05 14:00:00+00:00,62758.87109375,1771.0799560546875
2026-07-05 15:00:00+00:00,62686.171875,1773.0799560546875
2026-07-05 16:00:00+00:00,62569.98046875,1771.4100341796875
2026-07-05 17:00:00+00:00,62571.3984375,1778.010009765625
2026-07-05 18:00:00+00:00,62764.58984375,1779.719970703125
2026-07-05 19:00:00+00:00,62718.0390625,1779.760009765625
2026-07-05 20:00:00+00:00,62673.9296875,1775.6700439453125
2026-07-05 21:00:00+00:00,63034.921875,1785.260009765625
2026-07-05 22:00:00+00:00,63682.0703125,1788.1500244140625
2026-07-05 23:00:00+00:00,63583.51953125,1784.4000244140625
2026-07-06 00:00:00+00:00,63697.48046875,1791.9200439453125
2026-07-06 01:00:00+00:00,63510.62890625,1784.530029296875
2026-07-06 02:00:00+00:00,63398.73046875,1782.199951171875
2026-07-06 03:00:00+00:00,63232.33984375,1778.0699462890625
2026-07-06 04:00:00+00:00,63206.75,1776.300048828125
2026-07-06 05:00:00+00:00,63048.44140625,1772.199951171875
2026-07-06 06:00:00+00:00,62917.96875,1767.81005859375
2026-07-06 07:00:00+00:00,63024.26953125,1770.4200439453125
2026-07-06 08:00:00+00:00,62833.37890625,1763.9100341796875
2026-07-06 09:00:00+00:00,62597.66015625,1756.8599853515625
2026-07-06 10:00:00+00:00,62756.26953125,1769.1600341796875
2026-07-06 11:00:00+00:00,62450.01953125,1757.6400146484375
2026-07-06 12:00:00+00:00,61688.01171875,1739.300048828125
2026-07-06 13:00:00+00:00,61710.359375,1743.4300537109375
2026-07-06 14:00:00+00:00,61994.12890625,1750.0999755859375
2026-07-06 15:00:00+00:00,63489.16015625,1787.4000244140625
2026-07-06 16:00:00+00:00,63693.2890625,1791.719970703125
2026-07-06 17:00:00+00:00,63536.16015625,1786.9599609375
2026-07-06 18:00:00+00:00,63649.98828125,1791.300048828125
2026-07-06 19:00:00+00:00,63676.26171875,1791.56005859375
2026-07-06 20:00:00+00:00,63784.6015625,1791.760009765625
2026-07-06 21:00:00+00:00,64435.98828125,1813.0899658203125
2026-07-06 22:00:00+00:00,64197.62890625,1805.1800537109375
2026-07-06 23:00:00+00:00,64001.83984375,1798.280029296875
2026-07-07 00:00:00+00:00,64153.80078125,1802.3900146484375
2026-07-07 01:00:00+00:00,63796.44140625,1791.7099609375
2026-07-07 02:00:00+00:00,63280.26171875,1777.2099609375
2026-07-07 03:00:00+00:00,63140.03125,1770.22998046875
2026-07-07 04:00:00+00:00,63043.8203125,1765.1300048828125
2026-07-07 05:00:00+00:00,63075.30859375,1769.1099853515625
2026-07-07 06:00:00+00:00,63284.55859375,1777.68994140625
2026-07-07 07:00:00+00:00,63035.4609375,1769.8900146484375
2026-07-07 08:00:00+00:00,63047.01953125,1768.9100341796875
2026-07-07 09:00:00+00:00,63187.8984375,1776.1600341796875
2026-07-07 10:00:00+00:00,63228.0,1774.31005859375
2026-07-07 11:00:00+00:00,63345.26953125,1779.22998046875
2026-07-07 12:00:00+00:00,63418.30078125,1780.1199951171875
2026-07-07 13:00:00+00:00,62971.98046875,1766.6500244140625
2026-07-07 14:00:00+00:00,63498.01171875,1787.52001953125
2026-07-07 15:00:00+00:00,63878.109375,1795.9100341796875
2026-07-07 16:00:00+00:00,63933.5,1800.739990234375
2026-07-07 17:00:00+00:00,64135.98828125,1809.0799560546875
2026-07-07 18:00:00+00:00,63643.98828125,1785.1199951171875
2026-07-07 19:00:00+00:00,63776.80078125,1789.4300537109375
2026-07-07 20:00:00+00:00,63654.7890625,1783.0
2026-07-07 21:00:00+00:00,63388.69921875,1772.6400146484375
2026-07-07 22:00:00+00:00,63505.0703125,1774.3699951171875
2026-07-07 23:00:00+00:00,63323.26953125,1769.800048828125
2026-07-08 00:00:00+00:00,63563.640625,1779.0
2026-07-08 01:00:00+00:00,62988.19140625,1754.699951171875
2026-07-08 02:00:00+00:00,62935.23828125,1756.4100341796875
2026-07-08 03:00:00+00:00,62716.8515625,1750.1099853515625
2026-07-08 04:00:00+00:00,62748.16015625,1755.0
2026-07-08 05:00:00+00:00,62586.0390625,1752.68994140625
2026-07-08 06:00:00+00:00,62605.8984375,1750.22998046875
2026-07-08 07:00:00+00:00,62839.5,1755.280029296875
2026-07-08 08:00:00+00:00,61959.9609375,1733.6099853515625
2026-07-08 09:00:00+00:00,62001.80859375,1734.489990234375
2026-07-08 10:00:00+00:00,62128.01171875,1737.989990234375
2026-07-08 11:00:00+00:00,62245.44140625,1746.4300537109375
2026-07-08 12:00:00+00:00,61894.2109375,1736.699951171875
2026-07-08 13:00:00+00:00,61870.4296875,1735.8299560546875
2026-07-08 14:00:00+00:00,61829.46875,1727.6500244140625
2026-07-08 15:00:00+00:00,61632.8984375,1721.06005859375
2026-07-08 16:00:00+00:00,62046.48828125,1734.52001953125
2026-07-08 17:00:00+00:00,62039.98828125,1731.27001953125
2026-07-08 18:00:00+00:00,62122.5703125,1735.969970703125
2026-07-08 19:00:00+00:00,62229.05859375,1739.8900146484375
2026-07-08 20:00:00+00:00,62054.171875,1734.8800048828125
2026-07-08 21:00:00+00:00,62132.109375,1736.800048828125
2026-07-08 22:00:00+00:00,62289.48828125,1739.760009765625
2026-07-08 23:00:00+00:00,62237.69921875,1741.800048828125
2026-07-09 00:00:00+00:00,62078.58984375,1736.68994140625
2026-07-09 01:00:00+00:00,61856.6484375,1730.199951171875
2026-07-09 02:00:00+00:00,61730.171875,1725.449951171875
2026-07-09 03:00:00+00:00,61918.140625,1729.0400390625
2026-07-09 04:00:00+00:00,62400.87890625,1740.97998046875
2026-07-09 05:00:00+00:00,62537.390625,1747.9100341796875
2026-07-09 06:00:00+00:00,62902.0,1753.77001953125
2026-07-09 07:00:00+00:00,62947.26171875,1751.699951171875
2026-07-09 08:00:00+00:00,62839.98828125,1753.1199951171875
2026-07-09 09:00:00+00:00,62894.12109375,1754.1600341796875
2026-07-09 10:00:00+00:00,62722.51953125,1744.719970703125
2026-07-09 11:00:00+00:00,62718.96875,1742.530029296875
2026-07-09 12:00:00+00:00,62552.05078125,1740.2900390625
2026-07-09 13:00:00+00:00,62960.0,1745.0799560546875
2026-07-09 14:00:00+00:00,62955.421875,1741.300048828125
2026-07-09 15:00:00+00:00,62810.109375,1737.739990234375
2026-07-09 16:00:00+00:00,62635.96875,1737.3699951171875
2026-07-09 17:00:00+00:00,63088.23828125,1747.0799560546875
2026-07-09 18:00:00+00:00,63166.2890625,1750.0999755859375
2026-07-09 19:00:00+00:00,63193.83984375,1747.0799560546875
2026-07-09 20:00:00+00:00,63257.5,1747.449951171875
2026-07-09 21:00:00+00:00,63223.69140625,1747.030029296875
2026-07-09 22:00:00+00:00,63169.76171875,1746.1600341796875
2026-07-09 23:00:00+00:00,63175.25,1743.8199462890625
2026-07-10 00:00:00+00:00,63062.21875,1741.47998046875
2026-07-10 01:00:00+00:00,63699.98828125,1766.1400146484375
2026-07-10 02:00:00+00:00,63911.25,1771.3599853515625
2026-07-10 03:00:00+00:00,63893.5390625,1774.800048828125
2026-07-10 04:00:00+00:00,64004.03125,1773.489990234375
2026-07-10 05:00:00+00:00,64076.21875,1777.8199462890625
2026-07-10 06:00:00+00:00,63815.01171875,1770.010009765625
2026-07-10 07:00:00+00:00,63948.0,1772.550048828125
2026-07-10 08:00:00+00:00,64201.53125,1782.9000244140625
2026-07-10 09:00:00+00:00,64341.828125,1791.4100341796875
2026-07-10 10:00:00+00:00,64355.3203125,1795.780029296875
2026-07-10 11:00:00+00:00,64378.16015625,1800.3299560546875
2026-07-10 12:00:00+00:00,64245.01171875,1792.81005859375
2026-07-10 13:00:00+00:00,64438.03125,1802.550048828125
2026-07-10 14:00:00+00:00,63854.0,1783.6500244140625
2026-07-10 15:00:00+00:00,63977.58984375,1789.699951171875
2026-07-10 16:00:00+00:00,64085.80859375,1796.0
2026-07-10 17:00:00+00:00,63773.41015625,1786.739990234375
2026-07-10 18:00:00+00:00,63760.4609375,1783.6700439453125
2026-07-10 19:00:00+00:00,63862.9609375,1791.1099853515625
2026-07-10 20:00:00+00:00,63788.75,1788.8499755859375
2026-07-10 21:00:00+00:00,63970.37890625,1793.0799560546875
2026-07-10 22:00:00+00:00,64068.69921875,1793.969970703125
2026-07-10 23:00:00+00:00,64128.48828125,1795.739990234375
2026-07-11 00:00:00+00:00,64076.6796875,1792.0799560546875
2026-07-11 01:00:00+00:00,63973.73046875,1788.1199951171875
2026-07-11 02:00:00+00:00,64116.98046875,1794.280029296875
2026-07-11 03:00:00+00:00,64109.3515625,1795.18994140625
2026-07-11 04:00:00+00:00,64111.33984375,1795.18994140625
2026-07-11 05:00:00+00:00,64125.37890625,1797.9200439453125
2026-07-11 06:00:00+00:00,64169.578125,1797.969970703125
2026-07-11 07:00:00+00:00,64111.578125,1798.6800537109375
2026-07-11 08:00:00+00:00,64216.87109375,1800.22998046875
2026-07-11 09:00:00+00:00,64107.69140625,1794.0
2026-07-11 10:00:00+00:00,64138.078125,1796.7099609375
2026-07-11 11:00:00+00:00,64145.26953125,1798.949951171875
2026-07-11 12:00:00+00:00,64139.53125,1798.6600341796875
2026-07-11 13:00:00+00:00,64195.03125,1801.550048828125
2026-07-11 14:00:00+00:00,64297.671875,1809.6500244140625
2026-07-11 15:00:00+00:00,64120.171875,1813.52001953125
2026-07-11 16:00:00+00:00,64132.71875,1822.010009765625
2026-07-11 17:00:00+00:00,64271.48046875,1823.280029296875
2026-07-11 18:00:00+00:00,64281.98828125,1824.9599609375
2026-07-11 19:00:00+00:00,64245.98828125,1823.4100341796875
2026-07-11 20:00:00+00:00,64337.109375,1825.0899658203125
2026-07-11 21:00:00+00:00,64310.37890625,1822.719970703125
2026-07-11 22:00:00+00:00,64158.0703125,1812.7900390625
2026-07-11 23:00:00+00:00,63773.05078125,1786.81005859375
2026-07-12 00:00:00+00:00,63783.71875,1787.72998046875
2026-07-12 01:00:00+00:00,64085.26171875,1805.5799560546875
2026-07-12 02:00:00+00:00,64032.98046875,1803.9599609375
2026-07-12 03:00:00+00:00,64178.7890625,1810.4200439453125
2026-07-12 04:00:00+00:00,63962.0703125,1804.800048828125
2026-07-12 05:00:00+00:00,63925.6796875,1802.1700439453125
2026-07-12 06:00:00+00:00,63714.75,1794.02001953125
2026-07-12 07:00:00+00:00,63843.69921875,1797.699951171875
2026-07-12 08:00:00+00:00,63940.078125,1803.9200439453125
2026-07-12 09:00:00+00:00,63915.19921875,1801.3299560546875
2026-07-12 10:00:00+00:00,63794.921875,1798.3299560546875
2026-07-12 11:00:00+00:00,63966.5390625,1802.6500244140625
2026-07-12 12:00:00+00:00,63982.16015625,1805.989990234375
2026-07-12 13:00:00+00:00,63980.51953125,1804.800048828125
2026-07-12 14:00:00+00:00,64158.640625,1818.510009765625
2026-07-12 15:00:00+00:00,64136.51953125,1819.9599609375
2026-07-12 16:00:00+00:00,64131.78125,1820.75
2026-07-12 17:00:00+00:00,64034.91015625,1817.199951171875
2026-07-12 18:00:00+00:00,64109.19140625,1820.4000244140625
2026-07-12 19:00:00+00:00,64193.87109375,1820.3900146484375
2026-07-12 20:00:00+00:00,64161.73828125,1820.199951171875
2026-07-12 21:00:00+00:00,63883.78125,1811.4000244140625
2026-07-12 22:00:00+00:00,63845.6015625,1804.010009765625
2026-07-12 23:00:00+00:00,63778.33984375,1805.510009765625
2026-07-13 00:00:00+00:00,64024.78125,1825.3299560546875
2026-07-13 01:00:00+00:00,63368.76953125,1805.739990234375
2026-07-13 02:00:00+00:00,63228.3984375,1799.0
2026-07-14 00:00:00+00:00,62473.94140625,1784.1800537109375
2026-07-14 01:00:00+00:00,62459.44921875,1782.949951171875
2026-07-14 02:00:00+00:00,62471.4296875,1780.52001953125
2026-07-14 03:00:00+00:00,62500.0,1781.8699951171875
2026-07-14 04:00:00+00:00,62673.76171875,1783.719970703125
2026-07-14 05:00:00+00:00,62654.01171875,1784.8900146484375
2026-07-14 06:00:00+00:00,62542.0703125,1780.9100341796875
2026-07-14 07:00:00+00:00,62467.62109375,1778.5899658203125
2026-07-14 08:00:00+00:00,62631.30859375,1783.8900146484375
2026-07-14 09:00:00+00:00,62554.05078125,1784.1099853515625
2026-07-14 10:00:00+00:00,62725.609375,1798.3900146484375
2026-07-14 11:00:00+00:00,62769.76953125,1795.9100341796875
2026-07-14 12:00:00+00:00,63900.01953125,1858.949951171875
2026-07-14 13:00:00+00:00,63776.01171875,1869.7900390625
2026-07-14 14:00:00+00:00,64245.30078125,1879.550048828125
2026-07-14 15:00:00+00:00,64710.05859375,1873.7099609375
2026-07-14 16:00:00+00:00,64688.69140625,1872.6600341796875
2026-07-14 17:00:00+00:00,64586.359375,1870.510009765625
2026-07-14 18:00:00+00:00,64532.94140625,1873.4000244140625
2026-07-14 19:00:00+00:00,64522.359375,1874.81005859375
2026-07-14 20:00:00+00:00,64521.44921875,1874.2099609375
2026-07-14 21:00:00+00:00,64634.828125,1875.469970703125
2026-07-14 22:00:00+00:00,64823.41015625,1880.9000244140625
2026-07-14 23:00:00+00:00,64988.6484375,1890.510009765625
2026-07-15 00:00:00+00:00,64775.98046875,1880.3699951171875
2026-07-15 01:00:00+00:00,64624.48046875,1869.1300048828125
2026-07-15 02:00:00+00:00,64440.87109375,1863.52001953125
2026-07-15 03:00:00+00:00,64736.6796875,1874.93994140625
2026-07-15 04:00:00+00:00,64698.0703125,1875.0
2026-07-15 05:00:00+00:00,64885.76953125,1880.72998046875
2026-07-15 06:00:00+00:00,64772.71875,1874.5999755859375
2026-07-15 07:00:00+00:00,64508.26171875,1868.9200439453125
2026-07-15 08:00:00+00:00,64719.9296875,1878.0999755859375
2026-07-15 09:00:00+00:00,64615.578125,1878.5999755859375
2026-07-15 10:00:00+00:00,64603.96875,1876.75
2026-07-15 11:00:00+00:00,64679.3203125,1883.0899658203125
2026-07-15 12:00:00+00:00,65111.30859375,1925.6099853515625
2026-07-15 13:00:00+00:00,65060.0390625,1924.1099853515625
2026-07-15 14:00:00+00:00,65339.5,1931.3599853515625
2026-07-15 15:00:00+00:00,65369.98046875,1930.0
2026-07-15 16:00:00+00:00,65048.3203125,1917.6099853515625
2026-07-15 17:00:00+00:00,65005.03125,1926.6500244140625
2026-07-15 18:00:00+00:00,64811.98828125,1922.9100341796875
2026-07-15 19:00:00+00:00,64927.41015625,1922.050048828125
2026-07-15 20:00:00+00:00,64927.94921875,1922.469970703125
2026-07-15 21:00:00+00:00,64792.01171875,1921.050048828125
2026-07-15 22:00:00+00:00,64821.01171875,1922.25
2026-07-15 23:00:00+00:00,64712.01171875,1916.760009765625
2026-07-16 00:00:00+00:00,64536.01171875,1913.5999755859375
2026-07-16 01:00:00+00:00,64689.078125,1921.4000244140625
2026-07-16 02:00:00+00:00,64595.8515625,1923.8900146484375
2026-07-16 03:00:00+00:00,64562.140625,1917.47998046875
2026-07-16 04:00:00+00:00,64555.109375,1916.8199462890625
2026-07-16 05:00:00+00:00,64865.140625,1924.1700439453125
2026-07-16 06:00:00+00:00,64719.01953125,1921.1600341796875
2026-07-16 07:00:00+00:00,64174.48046875,1909.1600341796875
2026-07-16 08:00:00+00:00,64067.87890625,1884.969970703125
2026-07-16 09:00:00+00:00,64036.609375,1882.93994140625
2026-07-16 10:00:00+00:00,64165.73046875,1886.9300537109375
2026-07-16 11:00:00+00:00,64200.0,1883.780029296875
2026-07-16 12:00:00+00:00,63917.98828125,1871.300048828125
2026-07-16 13:00:00+00:00,64319.359375,1880.699951171875
2026-07-16 14:00:00+00:00,64493.2109375,1881.6600341796875
2026-07-16 15:00:00+00:00,64660.5390625,1880.31005859375
2026-07-16 16:00:00+00:00,64436.91015625,1877.489990234375
2026-07-16 17:00:00+00:00,64030.01953125,1867.6600341796875
2026-07-16 18:00:00+00:00,64205.48828125,1874.280029296875
2026-07-16 19:00:00+00:00,64219.0,1874.0999755859375
2026-07-16 20:00:00+00:00,64056.98046875,1870.010009765625
2026-07-16 21:00:00+00:00,64113.73828125,1877.1099853515625
2026-07-16 22:00:00+00:00,63918.8203125,1867.5699462890625
2026-07-16 23:00:00+00:00,63770.6015625,1863.239990234375
2026-07-17 00:00:00+00:00,63833.87109375,1864.260009765625
2026-07-17 01:00:00+00:00,63489.0,1849.6199951171875
2026-07-17 02:00:00+00:00,63430.08984375,1846.5
2026-07-17 03:00:00+00:00,63508.140625,1850.9100341796875
2026-07-17 04:00:00+00:00,63429.859375,1848.43994140625
2026-07-17 05:00:00+00:00,62782.58984375,1822.199951171875
2026-07-17 06:00:00+00:00,62887.76171875,1830.510009765625
2026-07-17 07:00:00+00:00,62770.80078125,1826.3900146484375
2026-07-17 08:00:00+00:00,62826.01171875,1828.1700439453125
2026-07-17 09:00:00+00:00,62924.26171875,1832.8800048828125
2026-07-17 10:00:00+00:00,63119.71875,1835.1700439453125
2026-07-17 11:00:00+00:00,63230.48046875,1837.4200439453125
2026-07-17 12:00:00+00:00,63037.98046875,1826.699951171875
2026-07-17 13:00:00+00:00,63089.91015625,1823.4000244140625
2026-07-17 14:00:00+00:00,63113.828125,1820.530029296875
2026-07-17 15:00:00+00:00,63403.171875,1829.3599853515625
2026-07-17 16:00:00+00:00,63549.01171875,1834.8499755859375
2026-07-17 17:00:00+00:00,64015.0390625,1842.6300048828125
2026-07-17 18:00:00+00:00,64224.2109375,1845.9599609375
2026-07-17 19:00:00+00:00,64099.23828125,1842.510009765625
2026-07-17 20:00:00+00:00,64077.4609375,1841.739990234375
2026-07-17 21:00:00+00:00,64071.5,1840.43994140625
2026-07-17 22:00:00+00:00,63938.0,1838.5999755859375
2026-07-17 23:00:00+00:00,63889.66015625,1840.93994140625
2026-07-18 00:00:00+00:00,63865.75,1839.8599853515625
2026-07-18 01:00:00+00:00,63916.0,1841.300048828125
2026-07-18 02:00:00+00:00,63908.26953125,1841.030029296875
2026-07-18 03:00:00+00:00,63970.76953125,1844.6700439453125
2026-07-18 04:00:00+00:00,63920.0,1843.3499755859375
2026-07-18 05:00:00+00:00,63924.0,1844.6199951171875
2026-07-18 06:00:00+00:00,63935.4296875,1843.6099853515625
2026-07-18 07:00:00+00:00,63950.9296875,1843.030029296875
2026-07-18 08:00:00+00:00,63960.0,1846.18994140625
2026-07-18 09:00:00+00:00,63943.69921875,1843.8699951171875
2026-07-18 10:00:00+00:00,63961.48046875,1844.18994140625
2026-07-18 11:00:00+00:00,64016.19140625,1844.1700439453125
2026-07-18 12:00:00+00:00,64164.48046875,1843.4100341796875
2026-07-18 13:00:00+00:00,64065.0703125,1840.31005859375
2026-07-18 14:00:00+00:00,64085.46875,1844.550048828125
2026-07-18 15:00:00+00:00,64076.890625,1842.5
2026-07-18 16:00:00+00:00,64261.37109375,1844.510009765625
2026-07-18 17:00:00+00:00,64440.1015625,1851.4100341796875
2026-07-18 18:00:00+00:00,64467.9609375,1856.2900390625
2026-07-18 19:00:00+00:00,64512.1484375,1857.239990234375
2026-07-18 20:00:00+00:00,64654.578125,1855.9200439453125
2026-07-18 21:00:00+00:00,64692.01171875,1859.530029296875
2026-07-18 22:00:00+00:00,64764.328125,1862.5400390625
2026-07-18 23:00:00+00:00,64793.76171875,1861.5400390625
2026-07-19 00:00:00+00:00,64745.87109375,1860.1099853515625
2026-07-19 01:00:00+00:00,64725.0,1857.8699951171875
2026-07-19 02:00:00+00:00,64784.08984375,1870.25
2026-07-19 03:00:00+00:00,64670.12109375,1866.02001953125
2026-07-19 04:00:00+00:00,64681.46875,1866.0899658203125
2026-07-19 05:00:00+00:00,64682.2109375,1867.2099609375
2026-07-19 06:00:00+00:00,64668.08984375,1867.9000244140625
2026-07-19 07:00:00+00:00,64678.0,1868.6500244140625
2026-07-19 08:00:00+00:00,64668.58984375,1872.6500244140625
2026-07-19 09:00:00+00:00,64470.3203125,1865.1600341796875
2026-07-19 10:00:00+00:00,64553.6484375,1870.949951171875
2026-07-19 11:00:00+00:00,64426.69921875,1870.050048828125
2026-07-19 12:00:00+00:00,64398.0,1869.1199951171875
2026-07-19 13:00:00+00:00,64432.2890625,1870.4200439453125
2026-07-19 14:00:00+00:00,64547.19921875,1873.31005859375
2026-07-19 15:00:00+00:00,64540.1015625,1869.68994140625
2026-07-19 16:00:00+00:00,64493.890625,1865.1099853515625
2026-07-19 17:00:00+00:00,64504.55859375,1865.9200439453125
2026-07-19 18:00:00+00:00,64374.23046875,1859.7099609375
2026-07-19 19:00:00+00:00,64410.0,1860.969970703125
2026-07-19 20:00:00+00:00,64488.30859375,1865.760009765625
2026-07-19 21:00:00+00:00,64372.609375,1860.6700439453125
2026-07-19 22:00:00+00:00,64629.2109375,1869.239990234375
2026-07-19 23:00:00+00:00,64680.51953125,1870.9599609375
2026-07-20 00:00:00+00:00,64503.0390625,1870.72998046875
2026-07-20 01:00:00+00:00,64576.640625,1867.81005859375
2026-07-20 02:00:00+00:00,64775.7890625,1877.5
2026-07-20 03:00:00+00:00,64814.390625,1878.3699951171875
2026-07-20 04:00:00+00:00,64493.66015625,1867.0799560546875
2026-07-20 05:00:00+00:00,64072.46875,1854.050048828125
2026-07-20 06:00:00+00:00,63859.0390625,1847.800048828125
2026-07-20 07:00:00+00:00,64214.23828125,1862.3900146484375
2026-07-20 08:00:00+00:00,63997.3515625,1859.1600341796875
2026-07-20 09:00:00+00:00,64138.71875,1862.4000244140625
2026-07-20 10:00:00+00:00,64242.3515625,1867.239990234375
2026-07-20 11:00:00+00:00,64944.01171875,1891.56005859375
2026-07-20 12:00:00+00:00,64583.890625,1871.3800048828125
2026-07-20 13:00:00+00:00,64277.1796875,1860.5
2026-07-20 14:00:00+00:00,64349.609375,1866.260009765625
2026-07-20 15:00:00+00:00,65552.6328125,1901.0400390625
2026-07-20 16:00:00+00:00,65454.01171875,1898.1199951171875
2026-07-20 17:00:00+00:00,65533.51953125,1906.6800537109375
2026-07-20 18:00:00+00:00,65188.41015625,1898.010009765625
2026-07-20 19:00:00+00:00,65086.5703125,1897.199951171875
2026-07-20 20:00:00+00:00,65327.98828125,1903.5400390625
2026-07-20 21:00:00+00:00,65241.69140625,1901.050048828125
2026-07-20 22:00:00+00:00,65106.78125,1894.5799560546875
2026-07-20 23:00:00+00:00,65213.05078125,1903.5400390625
2026-07-21 00:00:00+00:00,65532.55859375,1913.9000244140625
2026-07-21 01:00:00+00:00,65193.51953125,1906.2099609375
2026-07-21 02:00:00+00:00,65366.94921875,1916.1700439453125
2026-07-21 03:00:00+00:00,65528.21875,1925.4599609375
2026-07-21 04:00:00+00:00,65472.01171875,1923.3599853515625
2026-07-21 05:00:00+00:00,65704.1015625,1929.239990234375
2026-07-21 06:00:00+00:00,65874.6796875,1933.5999755859375
2026-07-21 07:00:00+00:00,66140.359375,1932.8900146484375
2026-07-21 08:00:00+00:00,66186.390625,1938.6199951171875
2026-07-21 09:00:00+00:00,66250.78125,1940.800048828125
2026-07-21 10:00:00+00:00,66148.2109375,1932.8499755859375
2026-07-21 11:00:00+00:00,66309.4609375,1934.75
2026-07-21 12:00:00+00:00,66513.84375,1941.5999755859375
2026-07-21 13:00:00+00:00,66739.9921875,1939.0799560546875
2026-07-21 14:00:00+00:00,66808.7109375,1930.219970703125
2026-07-21 15:00:00+00:00,66648.3984375,1930.760009765625
2026-07-21 16:00:00+00:00,66513.421875,1925.4200439453125
2026-07-21 17:00:00+00:00,66170.421875,1917.300048828125
2026-07-21 18:00:00+00:00,66282.0,1918.949951171875
2026-07-21 19:00:00+00:00,66418.0,1922.3599853515625
2026-07-21 20:00:00+00:00,66370.0078125,1922.0999755859375
2026-07-21 21:00:00+00:00,66346.90625,1923.1300048828125
2026-07-21 22:00:00+00:00,66268.0078125,1919.5999755859375
2026-07-21 23:00:00+00:00,66516.1796875,1928.5
2026-07-22 00:00:00+00:00,66586.6875,1938.0999755859375
2026-07-22 01:00:00+00:00,66389.1796875,1932.4200439453125
2026-07-22 02:00:00+00:00,66268.0078125,1929.0699462890625
2026-07-22 03:00:00+00:00,66160.4375,1927.4599609375
2026-07-22 04:00:00+00:00,66336.7578125,1935.489990234375
2026-07-22 05:00:00+00:00,65937.3203125,1918.0799560546875
2026-07-22 06:00:00+00:00,65891.2734375,1916.27001953125
2026-07-22 07:00:00+00:00,65795.2734375,1912.8800048828125
2026-07-22 08:00:00+00:00,65941.453125,1919.800048828125
2026-07-22 09:00:00+00:00,65884.28125,1923.199951171875
2026-07-22 10:00:00+00:00,66006.6875,1929.4100341796875
2026-07-22 11:00:00+00:00,65972.5,1926.1600341796875
2026-07-22 12:00:00+00:00,65587.7578125,1915.5999755859375
2026-07-22 13:00:00+00:00,65913.9765625,1938.800048828125
2026-07-22 14:00:00+00:00,65764.8984375,1932.0
2026-07-22 15:00:00+00:00,66015.0078125,1941.949951171875
2026-07-22 16:00:00+00:00,66208.7265625,1949.300048828125
2026-07-22 17:00:00+00:00,66001.3203125,1937.699951171875
2026-07-22 18:00:00+00:00,65858.2890625,1929.8800048828125
2026-07-22 19:00:00+00:00,65894.5,1924.0
2026-07-22 20:00:00+00:00,65892.421875,1926.030029296875
2026-07-22 21:00:00+00:00,66044.15625,1937.9000244140625
2026-07-22 22:00:00+00:00,66014.3671875,1937.4300537109375
2026-07-22 23:00:00+00:00,66086.109375,1933.550048828125
2026-07-23 00:00:00+00:00,66033.59375,1931.6500244140625
2026-07-23 01:00:00+00:00,65799.0078125,1927.6500244140625
2026-07-23 02:00:00+00:00,65777.21875,1926.5
2026-07-23 03:00:00+00:00,65624.5234375,1919.530029296875
2026-07-23 04:00:00+00:00,65570.5390625,1918.3199462890625
2026-07-23 05:00:00+00:00,65660.203125,1921.949951171875
2026-07-23 06:00:00+00:00,65758.109375,1924.4000244140625
2026-07-23 07:00:00+00:00,65394.80859375,1914.199951171875
2026-07-23 08:00:00+00:00,65619.2265625,1926.030029296875
2026-07-23 09:00:00+00:00,65607.0703125,1923.18994140625
2026-07-23 10:00:00+00:00,65708.5625,1927.3399658203125
2026-07-23 11:00:00+00:00,65525.23046875,1925.260009765625
2026-07-23 12:00:00+00:00,65123.01953125,1903.0999755859375
2026-07-23 13:00:00+00:00,64836.0,1897.3599853515625
2026-07-23 14:00:00+00:00,64864.8515625,1895.5400390625
2026-07-23 15:00:00+00:00,64898.62109375,1893.800048828125
2026-07-23 16:00:00+00:00,64689.6015625,1886.3199462890625
2026-07-23 17:00:00+00:00,64611.921875,1876.530029296875
2026-07-23 18:00:00+00:00,64807.578125,1879.68994140625
2026-07-23 19:00:00+00:00,64786.75,1873.760009765625
2026-07-23 20:00:00+00:00,65095.28125,1884.469970703125
2026-07-23 21:00:00+00:00,65120.19140625,1881.199951171875
2026-07-23 22:00:00+00:00,65140.05078125,1881.97998046875
2026-07-23 23:00:00+00:00,65051.23046875,1876.9100341796875
2026-07-24 00:00:00+00:00,64925.98046875,1869.949951171875
2026-07-24 01:00:00+00:00,65030.0,1871.4100341796875
2026-07-24 02:00:00+00:00,65066.98046875,1867.81005859375
2026-07-24 03:00:00+00:00,65408.0,1879.199951171875
2026-07-24 04:00:00+00:00,65240.96875,1874.3800048828125
2026-07-24 05:00:00+00:00,65268.421875,1879.280029296875
2026-07-24 06:00:00+00:00,65426.94140625,1886.75
2026-07-24 07:00:00+00:00,65453.98828125,1894.6400146484375
2026-07-24 08:00:00+00:00,65259.01953125,1886.6600341796875
2026-07-24 09:00:00+00:00,65064.2890625,1886.6600341796875
2026-07-24 10:00:00+00:00,64903.08984375,1882.4000244140625
2026-07-24 11:00:00+00:00,65027.6484375,1882.760009765625
2026-07-24 12:00:00+00:00,64715.98046875,1870.7099609375
2026-07-24 13:00:00+00:00,64063.0703125,1854.9000244140625
2026-07-24 14:00:00+00:00,63990.91015625,1860.8800048828125
2026-07-24 15:00:00+00:00,64031.1015625,1860.0
2026-07-24 16:00:00+00:00,63889.83984375,1855.6600341796875
2026-07-24 17:00:00+00:00,64117.05078125,1864.9000244140625
2026-07-24 18:00:00+00:00,64210.8984375,1860.800048828125
2026-07-24 19:00:00+00:00,64158.33984375,1862.030029296875
2026-07-24 20:00:00+00:00,64102.6015625,1859.22998046875
2026-07-24 21:00:00+00:00,64088.08984375,1855.6199951171875
2026-07-24 22:00:00+00:00,64100.51953125,1857.6800537109375
2026-07-24 23:00:00+00:00,64083.3203125,1859.8800048828125
2026-07-25 00:00:00+00:00,64009.01171875,1858.510009765625
2026-07-25 01:00:00+00:00,64005.01171875,1858.1300048828125
2026-07-25 02:00:00+00:00,63980.5703125,1857.9000244140625
2026-07-25 03:00:00+00:00,64021.41015625,1856.9200439453125
2026-07-25 04:00:00+00:00,64117.19140625,1859.6199951171875
2026-07-25 05:00:00+00:00,63959.48828125,1856.6400146484375
2026-07-25 06:00:00+00:00,63952.2109375,1857.1800537109375
2026-07-25 07:00:00+00:00,63951.75,1854.489990234375
2026-07-25 08:00:00+00:00,63808.55078125,1852.0799560546875
2026-07-25 09:00:00+00:00,63939.37109375,1856.5400390625
2026-07-25 10:00:00+00:00,64000.078125,1856.77001953125
2026-07-25 11:00:00+00:00,64005.73828125,1856.06005859375
2026-07-25 12:00:00+00:00,64055.98046875,1858.3699951171875
2026-07-25 13:00:00+00:00,64103.890625,1865.260009765625
2026-07-25 14:00:00+00:00,64149.0703125,1867.050048828125
2026-07-25 15:00:00+00:00,64117.69140625,1866.0999755859375
2026-07-25 16:00:00+00:00,64151.30859375,1866.3299560546875
2026-07-25 17:00:00+00:00,64203.2890625,1871.3599853515625
2026-07-25 18:00:00+00:00,64353.7890625,1873.7099609375
2026-07-25 19:00:00+00:00,64328.71875,1873.06005859375
2026-07-25 20:00:00+00:00,64275.05078125,1870.5
2026-07-25 21:00:00+00:00,64288.01171875,1870.989990234375
2026-07-25 22:00:00+00:00,64352.26953125,1874.31005859375
2026-07-25 23:00:00+00:00,64293.9296875,1873.050048828125
2026-07-26 00:00:00+00:00,64450.0,1879.4000244140625
2026-07-26 01:00:00+00:00,64402.8203125,1877.0400390625
2026-07-26 02:00:00+00:00,64460.8984375,1879.1400146484375
2026-07-26 03:00:00+00:00,64490.4609375,1880.43994140625
2026-07-26 04:00:00+00:00,64465.08984375,1884.6800537109375
2026-07-26 05:00:00+00:00,64352.9296875,1881.8399658203125
2026-07-26 06:00:00+00:00,64375.71875,1883.3800048828125
2026-07-26 07:00:00+00:00,64309.421875,1879.8499755859375
2026-07-26 08:00:00+00:00,64423.01171875,1879.8299560546875
2026-07-26 09:00:00+00:00,64481.640625,1882.0899658203125
2026-07-26 10:00:00+00:00,64454.171875,1884.3199462890625
2026-07-26 11:00:00+00:00,64450.48046875,1884.2099609375
2026-07-26 12:00:00+00:00,64405.01953125,1884.8599853515625
2026-07-26 13:00:00+00:00,64466.4609375,1885.010009765625
2026-07-26 14:00:00+00:00,64658.98828125,1896.93994140625
2026-07-26 15:00:00+00:00,64710.28125,1913.2900390625
2026-07-26 16:00:00+00:00,64778.7890625,1919.52001953125
