Date,insider_all,insider_liquid,SPY,QQQ
2017-06-01,1.0,1.0,1.0,1.0
2017-06-02,1.0,1.0,1.0033284066564363,1.011421590457129
2017-06-05,1.0,1.0,1.0025886801841457,1.0112099121294658
2017-06-06,1.0,1.0,0.999383730425231,1.0071912276839554
2017-06-07,1.0,1.0,1.0012328291246348,1.0111392001259545
2017-06-08,1.0,1.0,1.0017257867894305,1.0121972485021187
2017-06-09,1.0,1.0,1.0002053748624067,0.9868871569151993
2017-06-12,1.0,1.0,0.9999999999999998,0.9815989746072968
2017-06-13,1.0,1.0,1.0048897050721282,0.9895657459155238
2017-06-14,1.0,1.0,1.003615989458825,0.9852651288217094
2017-06-15,1.0,1.0,1.0016847553132135,0.9808939141451012
2017-06-16,1.0,1.0,1.001903614017628,0.9766380355518902
2017-06-19,1.0,1.0,1.0102446026935206,0.9929685036378924
2017-06-20,1.0,1.0,1.0034314203096237,0.9851922428245624
2017-06-21,1.0,1.0,1.0031836365892897,0.9949479820533393
2017-06-22,1.0,1.0,1.0027295355874837,0.9946653628807293
2017-06-23,1.0,1.0,1.0039268427627435,0.9984830101253181
2017-06-26,1.0,1.0,1.004587478527344,0.9938169332593108
2017-06-27,1.0,1.0,0.9964942735717858,0.9757902924547774
2017-06-28,1.0,1.0,1.0054132551096513,0.9898580908491343
2017-06-29,1.0,1.0,0.9965769164744133,0.9726791931417137
2017-06-30,1.0,1.0,0.9984352218831448,0.9730328675799881
2017-07-03,1.0,1.0,1.000128168992847,0.962782373168067
2017-07-05,1.0,1.0,1.002440430415836,0.9722551499620808
2017-07-06,1.0,1.0,0.9932738101451849,0.9634893787824628
2017-07-07,1.0,1.0,0.9997150269734837,0.9738808395185358
2017-07-10,1.0,1.0,1.0007888047574476,0.9802436612066624
2017-07-11,1.0,1.0,1.0000455260902195,0.9830006283985813
2017-07-12,1.0,1.0,1.0075605207024823,0.9946653628807292
2017-07-13,1.0,1.0,1.0092535403059588,0.9968568628859925
2017-07-14,1.0,1.0,1.0139607785483384,1.0047038357028337
2017-07-17,1.0,1.0,1.0138369591819456,1.0051983620445424
2017-07-18,1.0,1.0,1.0143734856050564,1.0119142860673551
2017-07-19,1.0,1.0,1.0198656139410749,1.0178528357344137
2017-07-20,1.0,1.0,1.0203200049179777,1.0191960205389763
2017-07-21,1.0,1.0,1.0194112954579462,1.0187719773593436
2017-07-24,1.0,1.0,1.019163511737612,1.0234378253839156
2017-07-25,1.0,1.0,1.0216410589658562,1.020821710095431
2017-07-26,1.0,1.0,1.02168238041717,1.0241448309983112
2017-07-27,1.0,1.0,1.0207325669871474,1.0177115261481084
2017-07-28,1.0,1.0,1.0195351873181133,1.016863439788843
2017-07-31,1.0,1.0,1.0189573394436888,1.01255103736111
2017-08-01,1.0,1.0,1.0212282794153642,1.0148837325319606
2017-08-02,1.0,1.0,1.0217235568809355,1.0176406997238796
2017-08-03,1.0,1.0,1.0197417945746823,1.0136820861551386
2017-08-04,1.0,1.0,1.0215997375145425,1.015519454039257
2017-08-07,1.0,1.0,1.0234990743994907,1.021953674255201
2017-08-08,1.0,1.0,1.0209806406825783,1.0201858741674175
2017-08-09,1.0,1.0,1.0209391017499418,1.0188424605214197
2017-08-10,1.0,1.0,1.0065284268387031,0.9969982868930152
2017-08-11,1.0,1.0,1.0080149841731594,1.0045628693786817
2017-08-14,1.0,1.0,1.018007526013666,1.0174992757168573
2017-08-15,1.0,1.0,1.0178834891659505,1.0182065101726883
2017-08-16,1.0,1.0,1.0196591516720546,1.0199736237361658
2017-08-17,1.0,1.0,1.003761629451263,0.9991187316326142
2017-08-18,1.0,1.0,1.0021927916830504,0.9984121837010891
2017-08-21,1.0,1.0,1.0029771743202696,0.9971395964793202
2017-08-22,1.0,1.0,1.0134652836014446,1.0123387869298586
2017-08-23,1.0,1.0,1.009831605661706,1.0087336189579568
2017-08-24,1.0,1.0,1.0074780952811775,1.005764172493351
2017-08-25,1.0,1.0,1.0098316056617058,1.0036432700708815
2017-08-28,1.0,1.0,1.0098730721005682,1.0067539117010746
2017-08-29,1.0,1.0,1.0110291303182886,1.0107122964283803
2017-08-30,1.0,1.0,1.015819011463296,1.022588938079627
2017-08-31,1.0,1.0,1.02193009164373,1.0335471246302494
2017-09-01,1.0,1.0,1.0233753275268722,1.0321329989807402
2017-09-05,1.0,1.0,1.016025401238542,1.0228722437765427
2017-09-06,1.0,1.0,1.0194940108543482,1.0259827709860183
2017-09-07,1.0,1.0,1.0193698290190842,1.0283867502639685
2017-09-08,1.0,1.0,1.0181724493500504,1.0194786397115865
2017-09-11,1.0,1.0,1.0290323067055007,1.0312138573558105
2017-09-12,1.0,1.0,1.0325007713337584,1.0336885486372722
2017-09-13,1.0,1.0,1.0329962662806522,1.035102216603911
2017-09-14,1.0,1.0,1.0326659121514647,1.0290225861919828
2017-09-15,1.0,1.0,1.0340561977537372,1.0325572710018087
2017-09-18,1.0,1.0,1.0362555138764686,1.031203788332657
2017-09-19,1.0,1.0,1.0372927547982183,1.0329753643041233
2017-09-20,1.0,1.0,1.0376663877106238,1.029787031006642
2017-09-21,1.0,1.0,1.0348861064811758,1.0234815340980608
2017-09-22,1.0,1.0,1.0350935111692612,1.0224897353174194
2017-09-25,1.0,1.0,1.03297705543048,1.0117202285302114
2017-09-26,1.0,1.0,1.0335995594698333,1.0143420648545787
2017-09-27,1.0,1.0,1.0376249212717616,1.023481534098061
2017-09-28,1.0,1.0,1.0388698568566936,1.0231275163976337
2017-09-29,1.0,1.0,1.0425212957711198,1.0304955240903673
2017-10-02,1.0,1.0,1.0470446173082664,1.0314164964467796
2017-10-03,1.0,1.0,1.0492854723636342,1.0336126877014669
2017-10-04,1.0,1.0,1.0505301904672435,1.034604944164979
2017-10-05,1.0,1.0,1.0567548683919032,1.0447364410305378
2017-10-06,1.0,1.0,1.0555513992458334,1.0461530839358353
2017-10-09,1.0,1.0,1.0538087214070062,1.0449486914617894
2017-10-10,1.0,1.0,1.0565887851551317,1.045728239811179
2017-10-11,1.0,1.0,1.0582488925851055,1.0488456322637139
2017-10-12,1.0,1.0,1.0566719355141787,1.0469324034437897
2017-10-13,1.0,1.0,1.0579582650441988,1.0509707682527367
2017-10-16,1.0,1.0,1.0593689938908055,1.0545844033577452
2017-10-17,1.0,1.0,1.0601162597156164,1.055930105418096
2017-10-18,1.0,1.0,1.0611532831560433,1.0546547720991035
2017-10-19,1.0,1.0,1.0614440556844986,1.0507582889800497
2017-10-20,1.0,1.0,1.0669215402781218,1.0535920324735157
2017-10-23,1.0,1.0,1.0627717066658324,1.0467200385918203
2017-10-24,1.0,1.0,1.0646391462901175,1.0484912713011336
2017-10-25,1.0,1.0,1.0593689938908055,1.0445238473371332
2017-10-26,1.0,1.0,1.06073825629855,1.041194090032629
2017-10-27,1.0,1.0,1.0694111939666628,1.071516953260053
2017-10-30,1.0,1.0,1.0654275885786935,1.0739259670495802
2017-10-31,1.0,1.0,1.0670876960086673,1.07796421743781
2017-11-01,1.0,1.0,1.0684985698428224,1.0776105429995355
2017-11-02,1.0,1.0,1.068913306725219,1.0755553180690003
2017-11-03,1.0,1.0,1.0724821027370175,1.085899637469399
2017-11-06,1.0,1.0,1.074141775204346,1.0895832980536129
2017-11-07,1.0,1.0,1.0733951618235031,1.0902210791338267
2017-11-08,1.0,1.0,1.0752206275525065,1.0946139193260718
2017-11-09,1.0,1.0,1.0713205349924555,1.088874919390605
2017-11-10,1.0,1.0,1.0709880785438153,1.088804092966376
2017-11-13,1.0,1.0,1.0719839255204768,1.0901503671303152
2017-11-14,1.0,1.0,1.0694945618070326,1.086182828745597
2017-11-15,1.0,1.0,1.0641413315424477,1.0810818387317795
2017-11-16,1.0,1.0,1.073187539654095,1.0948969961815522
2017-11-17,1.0,1.0,1.0700337704997902,1.0907167496827117
2017-11-20,1.0,1.0,1.0718593812163417,1.089866718171246
2017-11-21,1.0,1.0,1.0788725014295777,1.1016990790047598
2017-11-22,1.0,1.0,1.077918338373101,1.1030447810651107
2017-11-24,1.0,1.0,1.0804079920616423,1.1070830314533402
2017-11-27,1.0,1.0,1.0798684933937879,1.1065871320630194
2017-11-28,1.0,1.0,1.0908238250499052,1.1094211043979207
2017-11-29,1.0,1.0,1.0901594921028186,1.0900797695475213
2017-11-30,1.0,1.0,1.099703949924781,1.0992190099495682
2017-12-01,1.0,1.0,1.0974218459118736,1.0945429784811247
2017-12-04,1.0,1.0,1.0960938324616687,1.0819323279261157
2017-12-05,1.0,1.0,1.0921519109938844,1.082640477747688
2017-12-06,1.0,1.0,1.09235931568197,1.087528759647383
2017-12-07,1.0,1.0,1.0958035673896334,1.0912131067559028
2017-12-08,1.0,1.0,1.1017789392247002,1.0960302189692162
2017-12-11,1.0,1.0,1.1050983566531314,1.1045329369189432
2017-12-12,1.0,1.0,1.107048801648915,1.1030447810651107
2017-12-13,1.0,1.0,1.1069243298385543,1.105170489157722
2017-12-14,1.0,1.0,1.102401370770279,1.1043908263876148
2017-12-15,1.0,1.0,1.1115814023891635,1.1169311082012656
2017-12-18,1.0,1.0,1.1186301170455488,1.1262954141549417
2017-12-19,1.0,1.0,1.1143339185030796,1.1196218257976616
2017-12-20,1.0,1.0,1.1137502711267164,1.1184150304885447
2017-12-21,1.0,1.0,1.1160442641185981,1.1185566833370026
2017-12-22,1.0,1.0,1.1157521142084323,1.1172788327622216
2017-12-26,1.0,1.0,1.1144176488123205,1.1112442841130497
2017-12-27,1.0,1.0,1.1149596847622731,1.1113862802236607
2017-12-28,1.0,1.0,1.1172538227417033,1.1127351860641062
2017-12-29,1.0,1.0,1.113040992039604,1.1058484319098332
2018-01-02,1.0,1.0,1.1210076953591228,1.125230614956436
2018-01-03,1.0,1.0,1.1280981664294674,1.1361645443149155
2018-01-04,1.0,1.0,1.1328527431064224,1.138151917759881
2018-01-05,1.0,1.0,1.140402607224092,1.1495826618744225
2018-01-08,1.0,1.0,1.1424874556773068,1.1540555965690267
2018-01-09,1.0,1.0,1.1450733810980318,1.154126308572538
2018-01-10,1.0,1.0,1.1433217140311995,1.1514283824709295
2018-01-11,1.0,1.0,1.1516634276448343,1.159309452661632
2018-01-12,1.0,1.0,1.1591710278921252,1.167828876036137
2018-01-16,1.0,1.0,1.1552088081675551,1.1644917958057028
2018-01-17,1.0,1.0,1.166219887536059,1.1770585088051322
2018-01-18,1.0,1.0,1.1642597283745277,1.1772715601814077
2018-01-19,1.0,1.0,1.1695566309765324,1.1809632302158575
2018-01-22,1.0,1.0,1.1790660743055392,1.1936007696395157
2018-01-23,1.0,1.0,1.1815690668485397,1.203469442116619
2018-01-24,1.0,1.0,1.1811098912825373,1.1956599992951689
2018-01-25,1.0,1.0,1.1816102433123048,1.1952337821219006
2018-01-26,1.0,1.0,1.1952909784107746,1.2135508227078444
2018-01-29,1.0,1.0,1.1873662489865375,1.207658155748566
2018-01-30,1.0,1.0,1.175187512396436,1.197718542426516
2018-01-31,1.0,1.0,1.1757711597727993,1.2026881774564646
2018-02-01,1.0,1.0,1.174435896945171,1.1924649151753457
2018-02-02,1.0,1.0,1.1488690101294108,1.16868050943765
2018-02-05,1.0,1.0,1.1008204990355435,1.1226038585412095
2018-02-06,1.0,1.0,1.1225094763861687,1.1523515288209771
2018-02-07,1.0,1.0,1.1164197093753596,1.1374423948896963
2018-02-08,1.0,1.0,1.0745440431575743,1.0894479383446254
2018-02-09,1.0,1.0,1.0906851444597945,1.1082625946316547
2018-02-12,1.0,1.0,1.1067017739516538,1.1279287698994793
2018-02-13,1.0,1.0,1.1094540725842472,1.1337501527516585
2018-02-14,1.0,1.0,1.1244274441710955,1.1549783996569212
2018-02-15,1.0,1.0,1.1387757744364924,1.176419125834871
2018-02-16,1.0,1.0,1.1391091008104235,1.171165727425136
2018-02-20,1.0,1.0,1.1319766558447972,1.1735084916191403
2018-02-21,1.0,1.0,1.1263458469186678,1.170171754650859
2018-02-22,1.0,1.0,1.1278064514819477,1.1700298729609657
2018-02-23,1.0,1.0,1.1457823702100474,1.193955702705684
2018-02-26,1.0,1.0,1.1590875875579816,1.2097882118284478
2018-02-27,1.0,1.0,1.1446146404946753,1.1948076793693496
2018-02-28,1.0,1.0,1.1330196237747112,1.1871401182377928
2018-03-01,1.0,1.0,1.1165448336296888,1.1677578207704724
2018-03-02,1.0,1.0,1.122300621822599,1.1784784699112414
2018-03-05,1.0,1.0,1.1352720053401826,1.1915419976667325
2018-03-06,1.0,1.0,1.1381496457084277,1.1965828023830631
2018-03-07,1.0,1.0,1.1377324440377072,1.1993515549089004
2018-03-08,1.0,1.0,1.143238201203282,1.2059540880005162
2018-03-09,1.0,1.0,1.1631335375917928,1.2293832174098902
2018-03-12,1.0,1.0,1.1616732230036098,1.2359146952358417
2018-03-13,1.0,1.0,1.1541659127314159,1.2190886710216717
2018-03-14,1.0,1.0,1.1482430988826693,1.218875734066114
2018-03-15,1.0,1.0,1.1469920738207016,1.21781036276402
2018-03-16,1.0,1.0,1.1482359944927942,1.2141897479952346
2018-03-19,1.0,1.0,1.1326998537365625,1.1882837533107635
2018-03-20,1.0,1.0,1.1346261583055262,1.192194996702395
2018-03-21,1.0,1.0,1.1324484453275168,1.1870036143216294
2018-03-22,1.0,1.0,1.1041408588830406,1.157705617462249
2018-03-23,1.0,1.0,1.0806064800154978,1.1271984224586813
2018-03-26,1.0,1.0,1.1101708910238803,1.1690834992052335
2018-03-27,1.0,1.0,1.0912848129602644,1.1312521196437944
2018-03-28,1.0,1.0,1.0880601448947578,1.1182384793212012
2018-03-29,1.0,1.0,1.101963145905031,1.1387184147329945
2018-04-02,1.0,1.0,1.0781776486035393,1.1058645652310222
2018-04-03,1.0,1.0,1.091996484341926,1.1183094201661479
2018-04-04,1.0,1.0,1.1036798709726823,1.1359449709577332
2018-04-05,1.0,1.0,1.1123902154283003,1.1424164923276328
2018-04-06,1.0,1.0,1.0875997369345933,1.1138290481248958
2018-04-09,1.0,1.0,1.092959419145085,1.1216513060667235
2018-04-10,1.0,1.0,1.1103382066548138,1.1463985621434936
2018-04-11,1.0,1.0,1.104517609027738,1.1397849302422651
2018-04-12,1.0,1.0,1.1136045586405054,1.1535100385872428
2018-04-13,1.0,1.0,1.110338206654814,1.1475367050220167
2018-04-16,1.0,1.0,1.1194670576690888,1.156283367941786
2018-04-17,1.0,1.0,1.131443319147753,1.18117296339132
2018-04-18,1.0,1.0,1.1322812021903574,1.183589986631083
2018-04-19,1.0,1.0,1.125999834134246,1.17271040711349
2018-04-20,1.0,1.0,1.1164516791297978,1.1541497648196566
2018-04-23,1.0,1.0,1.1162842910050899,1.1512343249337844
2018-04-24,1.0,1.0,1.1012511845482724,1.126843031709642
2018-04-25,1.0,1.0,1.1039731082894615,1.12819376828157
2018-04-26,1.0,1.0,1.1151955795036335,1.1519457929561687
2018-04-27,1.0,1.0,1.1162426070849047,1.1526566888749648
2018-04-30,1.0,1.0,1.107658111821358,1.1444790401840979
2018-05-01,1.0,1.0,1.109626245298055,1.157563163668767
2018-05-02,1.0,1.0,1.1021725079250206,1.1507365948119812
2018-05-03,1.0,1.0,1.0997437490068365,1.150594369859935
2018-05-04,1.0,1.0,1.1139813087852026,1.1724256139472444
2018-05-07,1.0,1.0,1.1177501151201146,1.1821679659520556
2018-05-08,1.0,1.0,1.1177501151201146,1.180959111070021
2018-05-09,1.0,1.0,1.1285542972569527,1.1938304120198504
2018-05-10,1.0,1.0,1.1391069259971964,1.2062039828478766
2018-05-11,1.0,1.0,1.1425827124966519,1.2050660688107886
2018-05-14,1.0,1.0,1.1431269232598313,1.2071282734051008
2018-05-15,1.0,1.0,1.1352543893530433,1.1937592423334682
2018-05-16,1.0,1.0,1.1400284668552674,1.2016527843823954
2018-05-17,1.0,1.0,1.1390650245956886,1.1970304162305325
2018-05-18,1.0,1.0,1.1362173966499765,1.1908435736061607
2018-05-21,1.0,1.0,1.1447602079933383,1.1975280319316182
2018-05-22,1.0,1.0,1.1415774413293396,1.195963557459109
2018-05-23,1.0,1.0,1.1447181616042825,1.206061414633677
2018-05-24,1.0,1.0,1.1423730605015652,1.2057064815675085
2018-05-25,1.0,1.0,1.1396512817479245,1.2069151076081077
2018-05-29,1.0,1.0,1.1265443348725221,1.2015818435374488
2018-05-30,1.0,1.0,1.1415774413293396,1.2101860526637367
2018-05-31,1.0,1.0,1.1345841119164695,1.2094039870585587
2018-06-01,1.0,1.0,1.145723287784046,1.2283905032635072
2018-06-04,1.0,1.0,1.15116706277265,1.2394845072059875
2018-06-05,1.0,1.0,1.1520046558401575,1.2433244664905192
2018-06-06,1.0,1.0,1.1616363236725242,1.2505779390448795
2018-06-07,1.0,1.0,1.1615103294929043,1.240408454501059
2018-06-08,1.0,1.0,1.1649442145908522,1.240479853028876
2018-06-11,1.0,1.0,1.1664936240275696,1.24382231103304
2018-06-12,1.0,1.0,1.1680011320627794,1.2503644299857333
2018-06-13,1.0,1.0,1.1642741546356008,1.2502934891407866
2018-06-14,1.0,1.0,1.1672057303718766,1.2629517387143405
2018-06-15,1.0,1.0,1.1657166357553224,1.2585424219387529
2018-06-18,1.0,1.0,1.163318976666285,1.2578153926987672
2018-06-19,1.0,1.0,1.158860319575756,1.254252217130245
2018-06-20,1.0,1.0,1.1608372972929095,1.2631602132619095
2018-06-21,1.0,1.0,1.1535599372725882,1.2521858933900973
2018-06-22,1.0,1.0,1.1556631991444588,1.2494063853168003
2018-06-25,1.0,1.0,1.1399311077164707,1.2212570580419677
2018-06-26,1.0,1.0,1.142455413429096,1.2262453436488943
2018-06-27,1.0,1.0,1.1329909162401146,1.2095692105748534
2018-06-28,1.0,1.0,1.1394688149181762,1.2199740585348922
2018-06-29,1.0,1.0,1.1411092040415585,1.2232523265164514
2018-07-02,1.0,1.0,1.1435487645321036,1.2314479392599902
2018-07-03,1.0,1.0,1.1395107888134584,1.2171948937237485
2018-07-05,1.0,1.0,1.1488068104711184,1.2323028908623153
2018-07-06,1.0,1.0,1.1585239484633079,1.2514729378983838
2018-07-09,1.0,1.0,1.1689553676130313,1.262732966302183
2018-07-10,1.0,1.0,1.1731619638505464,1.2636592020116075
2018-07-11,1.0,1.0,1.16458073080684,1.2572455775248417
2018-07-12,1.0,1.0,1.175138651592603,1.278909881785091
2018-07-13,1.0,1.0,1.1760643245958056,1.2799791433915855
2018-07-16,1.0,1.0,1.1750125124254347,1.2769142700484546
2018-07-17,1.0,1.0,1.179766291670873,1.2846819493079604
2018-07-18,1.0,1.0,1.1822477535629259,1.2822592050323145
2018-07-19,1.0,1.0,1.1777888064973,1.2758454661248309
2018-07-20,1.0,1.0,1.176442597109762,1.2755603296964324
2018-07-23,1.0,1.0,1.1786302417348418,1.2796226084353697
2018-07-24,1.0,1.0,1.1845610298987543,1.2848959160499769
2018-07-25,1.0,1.0,1.1946568028737712,1.3028545909482225
2018-07-26,1.0,1.0,1.1918383899190756,1.2831148431589452
2018-07-27,1.0,1.0,1.1837622934942365,1.265797381962443
2018-07-30,1.0,1.0,1.177578574552019,1.2479098767505794
2018-07-31,1.0,1.0,1.1833834410300859,1.257459201004705
2018-08-01,1.0,1.0,1.1814063183253838,1.2622342063939207
2018-08-02,1.0,1.0,1.1878420256268407,1.2794085272726352
2018-08-03,1.0,1.0,1.1929318860096312,1.2833280089559378
2018-08-06,1.0,1.0,1.1973066678033706,1.2908822935770152
2018-08-07,1.0,1.0,1.2012604782501295,1.2955856715969785
2018-08-08,1.0,1.0,1.2007557041001333,1.297153578691017
2018-08-09,1.0,1.0,1.19911495250788,1.2963695679336389
2018-08-10,1.0,1.0,1.1910814099285167,1.2864637087232975
2018-08-13,1.0,1.0,1.1866223903691164,1.2850385986848933
2018-08-14,1.0,1.0,1.1941939301252822,1.293091643214233
2018-08-15,1.0,1.0,1.185276253475353,1.2772706905839524
2018-08-16,1.0,1.0,1.1948671798065997,1.2814754231163712
2018-08-17,1.0,1.0,1.199073196093921,1.2817607883862052
2018-08-20,1.0,1.0,1.201639403208054,1.2806198994104583
2018-08-21,1.0,1.0,1.2044574536938781,1.2853236206925744
2018-08-22,1.0,1.0,1.2037422301172789,1.2903119062995008
2018-08-23,1.0,1.0,1.2021438873829529,1.2884593204599342
2018-08-24,1.0,1.0,1.209379128520444,1.3004320755140115
2018-08-27,1.0,1.0,1.2189278634750862,1.3136865714472703
2018-08-28,1.0,1.0,1.219516367934323,1.3156111279182423
2018-08-29,1.0,1.0,1.2260780694153999,1.330790180322473
2018-08-30,1.0,1.0,1.221114710668649,1.3284384913124916
2018-08-31,1.0,1.0,1.221156757057705,1.3301490810414471
2018-09-04,1.0,1.0,1.2190534226920604,1.3244474966806539
2018-09-05,1.0,1.0,1.2157724994577477,1.3073443454883213
2018-09-06,1.0,1.0,1.212113086228156,1.2956570701247954
2018-09-07,1.0,1.0,1.2097576910094974,1.2906683268349983
2018-09-10,1.0,1.0,1.2118604454249482,1.2950153987401811
2018-09-11,1.0,1.0,1.2158565197420859,1.3049926564783396
2018-09-12,1.0,1.0,1.2161510619468012,1.3011442300607012
2018-09-13,1.0,1.0,1.2233437492388166,1.3150410839028803
2018-09-14,1.0,1.0,1.2235544161467424,1.3111921998023714
2018-09-17,1.0,1.0,1.2170768074437779,1.2923076324568543
2018-09-18,1.0,1.0,1.2236801203512655,1.3029973880038563
2018-09-19,1.0,1.0,1.2249841383621987,1.3019991816630263
2018-09-20,1.0,1.0,1.2349115807934428,1.3163951386756203
2018-09-21,1.0,1.0,1.2337834326788029,1.3091975034314762
2018-09-24,1.0,1.0,1.2296844896960262,1.3128381418258517
2018-09-25,1.0,1.0,1.2285441626273148,1.3146231050212838
2018-09-26,1.0,1.0,1.2248681483234232,1.3155511714621908
2018-09-27,1.0,1.0,1.2282905794050418,1.3266881975945095
2018-09-28,1.0,1.0,1.2284171535348556,1.3264024890625228
2018-10-01,1.0,1.0,1.2326851519991475,1.329115404278144
2018-10-02,1.0,1.0,1.2319667386964819,1.3261170093719712
2018-10-03,1.0,1.0,1.232642380672349,1.3275450943490346
2018-10-04,1.0,1.0,1.2230085380267552,1.3020578794911841
2018-10-05,1.0,1.0,1.2161634583821952,1.2861372664158253
2018-10-08,1.0,1.0,1.2161634583821952,1.2782842293009482
2018-10-09,1.0,1.0,1.2143889557764789,1.2824250006521976
2018-10-10,1.0,1.0,1.1759373155033455,1.226025083767407
2018-10-11,1.0,1.0,1.1500354349568467,1.2108179982873504
2018-10-12,1.0,1.0,1.1660076982588743,1.2445157005820349
2018-10-15,1.0,1.0,1.1594577407692235,1.2294516409990481
2018-10-16,1.0,1.0,1.1848107709509916,1.2652194429175632
2018-10-17,1.0,1.0,1.185021872821563,1.2657192326122841
2018-10-18,1.0,1.0,1.1679091374632755,1.236376726093736
2018-10-19,1.0,1.0,1.1672751794075933,1.2352346929108124
2018-10-22,1.0,1.0,1.1620359818498796,1.2415880176793734
2018-10-23,1.0,1.0,1.1561204173785564,1.237019084002656
2018-10-24,1.0,1.0,1.1210911356932676,1.1804053147965665
2018-10-25,1.0,1.0,1.1412048233297734,1.2212413824036494
2018-10-26,1.0,1.0,1.121133254576098,1.1898288906819883
2018-10-29,1.0,1.0,1.1149222779747685,1.1653412552135796
2018-10-30,1.0,1.0,1.1314436091228497,1.184545628464945
2018-10-31,1.0,1.0,1.143528321287769,1.2123889947407656
2018-11-01,1.0,1.0,1.1556977061809943,1.228380891923224
2018-11-02,1.0,1.0,1.1488522640675631,1.2092478027789582
2018-11-05,1.0,1.0,1.1551903947489004,1.2062490646106325
2018-11-06,1.0,1.0,1.1625003044738533,1.2153872752262207
2018-11-07,1.0,1.0,1.1873882146001316,1.2535113429834237
2018-11-08,1.0,1.0,1.1852331921734576,1.2455148222886063
2018-11-09,1.0,1.0,1.1736554289717613,1.224525485841809
2018-11-12,1.0,1.0,1.1517253373280316,1.1874729681054537
2018-11-13,1.0,1.0,1.1495706048764545,1.1884723186534603
2018-11-14,1.0,1.0,1.1417114098241254,1.1794053921449719
2018-11-15,1.0,1.0,1.1536268490262067,1.2000377359526828
2018-11-16,1.0,1.0,1.1566272213542312,1.1958256804943341
2018-11-19,1.0,1.0,1.137063254007747,1.156988085141829
2018-11-20,1.0,1.0,1.116020848629521,1.1362843428063008
2018-11-21,1.0,1.0,1.1198235095570004,1.1449228781478855
2018-11-23,1.0,1.0,1.1123445443505324,1.1366416787075402
2018-11-26,1.0,1.0,1.1303027021039445,1.1629138196885103
2018-11-27,1.0,1.0,1.134105725500295,1.16684028103559
2018-11-28,1.0,1.0,1.1602187804111395,1.2043929317288193
2018-11-29,1.0,1.0,1.1576832381635076,1.200466012698869
2018-11-30,1.0,1.0,1.1647397096537362,1.209175946568271
2018-12-03,1.0,1.0,1.1801628326159361,1.2303083089121383
2018-12-04,1.0,1.0,1.1419228016697938,1.1831178867500354
2018-12-06,1.0,1.0,1.140190200465585,1.191470827980351
2018-12-07,1.0,1.0,1.113696625733783,1.1521333285124074
2018-12-10,1.0,1.0,1.115809601771401,1.1641985355063509
2018-12-11,1.0,1.0,1.116062895018577,1.1680539415877662
2018-12-12,1.0,1.0,1.1216826848910226,1.178334414227713
2018-12-13,1.0,1.0,1.1213023825513875,1.1786917501289524
2018-12-14,1.0,1.0,1.1005979431486432,1.1499918303607597
2018-12-17,1.0,1.0,1.07900588997417,1.1239333128596534
2018-12-18,1.0,1.0,1.0778227915786602,1.1310011950099756
2018-12-19,1.0,1.0,1.0616815452888917,1.1032292272619721
2018-12-20,1.0,1.0,1.0443998269428634,1.0872376733416667
2018-12-21,1.0,1.0,1.0230003172327573,1.053540314309135
2018-12-24,1.0,1.0,0.995969781115199,1.027414517426047
2018-12-26,1.0,1.0,1.0462908270437747,1.0915655225662833
2018-12-27,1.0,1.0,1.05432371717917,1.0957895921999858
2018-12-28,1.0,1.0,1.0529636614807534,1.095216916508118
2018-12-31,1.0,1.0,1.0621863194388879,1.1044527279958667
2019-01-02,1.0,1.0,1.063291342039547,1.1088913364751742
2019-01-03,1.0,1.0,1.037918521057413,1.072663792113118
2019-01-04,1.0,1.0,1.0726838529107134,1.118557369861309
2019-01-07,1.0,1.0,1.081141919031995,1.1318742250856901
2019-01-08,1.0,1.0,1.0912996016902083,1.1421128197429748
2019-01-09,1.0,1.0,1.096399683695166,1.1514203730206936
2019-01-10,1.0,1.0,1.1002675165256826,1.1547136301162655
2019-01-11,1.0,1.0,1.1006923300426976,1.1504896749032805
2019-01-14,1.0,1.0,1.0939771592415661,1.140322822035966
2019-01-15,1.0,1.0,1.1065151749767748,1.1625894369539562
2019-01-16,1.0,1.0,1.109192660034358,1.1623747836876337
2019-01-17,1.0,1.0,1.1176076648537443,1.171538853385412
2019-01-18,1.0,1.0,1.1324830973516014,1.1831377959549079
2019-01-22,1.0,1.0,1.1171827063491806,1.1594392057554543
2019-01-23,1.0,1.0,1.1195201956056033,1.160942579564735
2019-01-24,1.0,1.0,1.1201155144796184,1.1684603639768802
2019-01-25,1.0,1.0,1.129593060547962,1.1824218655245349
2019-01-28,1.0,1.0,1.1210077678528987,1.1678161753364775
2019-01-29,1.0,1.0,1.1195201956056033,1.1567900228795673
2019-01-30,1.0,1.0,1.1372433285429466,1.18621628536344
2019-01-31,1.0,1.0,1.1472313757694508,1.2039722067499994
2019-02-01,1.0,1.0,1.147783488354022,1.1988887231059833
2019-02-04,1.0,1.0,1.1558584973722474,1.2137810371917688
2019-02-05,1.0,1.0,1.1607034737856732,1.2245207945923864
2019-02-06,1.0,1.0,1.159173637667999,1.2208694006505514
2019-02-07,1.0,1.0,1.1481234841551826,1.2044737127554852
2019-02-08,1.0,1.0,1.1495259487115264,1.2068363861543618
2019-02-11,1.0,1.0,1.1501635314559204,1.2056905770877557
2019-02-12,1.0,1.0,1.1649539287566004,1.2235185835264384
2019-02-13,1.0,1.0,1.1687365814023911,1.2243774254331634
2019-02-14,1.0,1.0,1.1661439140606624,1.2258811425045972
2019-02-15,1.0,1.0,1.1788516377213545,1.231035910255713
2019-02-19,1.0,1.0,1.1808917575158666,1.2334703254445596
2019-02-20,1.0,1.0,1.1832715831364424,1.2332553289160841
2019-02-21,1.0,1.0,1.1790640444798623,1.2287449786468063
2019-02-22,1.0,1.0,1.1863743166736864,1.2378378786582027
2019-02-25,1.0,1.0,1.1879893329760862,1.2423481145067627
2019-02-26,1.0,1.0,1.187139415966959,1.243637178311874
2019-02-27,1.0,1.0,1.186629349771444,1.2428492772500956
2019-02-28,1.0,1.0,1.1844191595825775,1.2399857843700393
2019-03-01,1.0,1.0,1.191814901936224,1.2485771783759496
2019-03-04,1.0,1.0,1.1874797017432166,1.2487919460629897
2019-03-05,1.0,1.0,1.1858644679594939,1.249722987442556
2019-03-06,1.0,1.0,1.1786814223394517,1.242634395142338
2019-03-07,1.0,1.0,1.1688216890933427,1.2273842874724425
2019-03-08,1.0,1.0,1.1664838373680488,1.2255228912376164
2019-03-11,1.0,1.0,1.1833996796355148,1.251011479144079
2019-03-12,1.0,1.0,1.1878618889209813,1.257884846074386
2019-03-13,1.0,1.0,1.1957244186869251,1.2673351964077395
2019-03-14,1.0,1.0,1.1949597543562978,1.2651876339580561
2019-03-15,1.0,1.0,1.2008635748361949,1.2769297168453393
2019-03-18,1.0,1.0,1.205217478422955,1.2799705618377624
2019-03-19,1.0,1.0,1.2055164427478988,1.284274497132389
2019-03-20,1.0,1.0,1.2018880568536794,1.2893667911716646
2019-03-21,1.0,1.0,1.215462806054218,1.309522115007468
2019-03-22,1.0,1.0,1.1920696450588844,1.2807596071067175
2019-03-25,1.0,1.0,1.1911735495155695,1.278321072772035
2019-03-26,1.0,1.0,1.2000524419962835,1.284274497132389
2019-03-27,1.0,1.0,1.1937771634172079,1.27602567875514
2019-03-28,1.0,1.0,1.1983024422862585,1.278966520040332
2019-03-29,1.0,1.0,1.2058580334120925,1.2886494876926797
2019-04-01,1.0,1.0,1.220158372798946,1.3057210587669392
2019-04-02,1.0,1.0,1.2207555765110911,1.3106700980677095
2019-04-03,1.0,1.0,1.2226769515034068,1.3182014985452557
2019-04-04,1.0,1.0,1.2259214828630536,1.317699306015464
2019-04-05,1.0,1.0,1.2318552432717096,1.3245132885933077
2019-04-08,1.0,1.0,1.2327941826355968,1.3278844661976035
2019-04-09,1.0,1.0,1.2264766401861424,1.3232219363738433
2019-04-10,1.0,1.0,1.2306601109096766,1.330323229373721
2019-04-11,1.0,1.0,1.230318520245483,1.3271670482979008
2019-04-12,1.0,1.0,1.2386424003906562,1.3329053617090614
2019-04-15,1.0,1.0,1.2378317750071641,1.3331204726582546
2019-04-16,1.0,1.0,1.2386424003906562,1.3377112606920445
2019-04-17,1.0,1.0,1.2356115806774532,1.3423734472536515
2019-04-18,1.0,1.0,1.2380447617158656,1.3440947925300668
2019-04-22,1.0,1.0,1.2391124500227937,1.3478961920327486
2019-04-23,1.0,1.0,1.25025401818492,1.3650395048969781
2019-04-24,1.0,1.0,1.2474789565072169,1.3607355696023515
2019-04-25,1.0,1.0,1.2467106674878778,1.3662586576436015
2019-04-26,1.0,1.0,1.2525162589036871,1.3674778103902252
2019-04-29,1.0,1.0,1.2544796802850589,1.370132027777689
2019-04-30,1.0,1.0,1.255120090286648,1.3595156159107045
2019-05-01,1.0,1.0,1.2456858954952967,1.3551407397711313
2019-05-02,1.0,1.0,1.2429969564213845,1.34925894278003
2019-05-03,1.0,1.0,1.2551630066009953,1.3707772462045504
2019-05-06,1.0,1.0,1.2499975352116783,1.3623852875095142
2019-05-07,1.0,1.0,1.2291226629457084,1.3358464318356882
2019-05-08,1.0,1.0,1.2274152895749335,1.3324753686521102
2019-05-09,1.0,1.0,1.2237017234959884,1.3253025627036974
2019-05-10,1.0,1.0,1.229848760588443,1.326951937348707
2019-05-13,1.0,1.0,1.1989423448314283,1.280903319528092
2019-05-14,1.0,1.0,1.2097852386437076,1.2949617354236014
2019-05-15,1.0,1.0,1.2168712151000496,1.3132521159823314
2019-05-16,1.0,1.0,1.2281413872176683,1.3264499736603506
2019-05-17,1.0,1.0,1.2202012891132936,1.3128935214531978
2019-05-20,1.0,1.0,1.2121334569787172,1.2907296563396626
2019-05-21,1.0,1.0,1.223061168506851,1.3042150532811512
2019-05-22,1.0,1.0,1.2193049760886558,1.2984046548178672
2019-05-23,1.0,1.0,1.2044065630643663,1.2785364125626624
2019-05-24,1.0,1.0,1.2071386359339484,1.2778905076114948
2019-05-28,1.0,1.0,1.195911452624451,1.2730849518906648
2019-05-29,1.0,1.0,1.1878861018415763,1.2626127101279268
2019-05-30,1.0,1.0,1.1911307781887717,1.2679206872199835
2019-05-31,1.0,1.0,1.1750794966728282,1.247693507173492
2019-06-03,1.0,1.0,1.1720918107552947,1.2202221226507706
2019-06-04,1.0,1.0,1.1975336458105001,1.2545796892241767
2019-06-05,1.0,1.0,1.2079069974470618,1.263904062347391
2019-06-06,1.0,1.0,1.2157616978853882,1.2739456245288723
2019-06-07,1.0,1.0,1.2279279655463216,1.2985479095563723
2019-06-10,1.0,1.0,1.2335624716549372,1.3136824523014352
2019-06-11,1.0,1.0,1.2332637973050904,1.3154758826299737
2019-06-12,1.0,1.0,1.2310866642772749,1.3078723971003043
2019-06-13,1.0,1.0,1.2361667380005437,1.3156192517891967
2019-06-14,1.0,1.0,1.2348006653188657,1.310024536378694
2019-06-17,1.0,1.0,1.235269990013261,1.3179143025439384
2019-06-18,1.0,1.0,1.2482046191873077,1.3370655845823114
2019-06-19,1.0,1.0,1.2510221622167121,1.3420864800937695
2019-06-20,1.0,1.0,1.262974790724976,1.354567377554957
2019-06-21,1.0,1.0,1.2611392483613542,1.3525587218565076
2019-06-24,1.0,1.0,1.2595946960075104,1.3526016296256287
2019-06-25,1.0,1.0,1.247240596977535,1.3293829199160239
2019-06-26,1.0,1.0,1.245997183761862,1.3355647280288188
2019-06-27,1.0,1.0,1.2504150993512713,1.3406686929812952
2019-06-28,1.0,1.0,1.2568497917398889,1.342393928562111
2019-07-01,1.0,1.0,1.268259731854232,1.36050913100211
2019-07-02,1.0,1.0,1.271562403220815,1.3659004063766207
2019-07-03,1.0,1.0,1.2817292200945818,1.3761801924922614
2019-07-05,1.0,1.0,1.280270500369432,1.3733769993304097
2019-07-08,1.0,1.0,1.2732354145426026,1.3637440335316775
2019-07-09,1.0,1.0,1.2748225932356965,1.3705732340649694
2019-07-10,1.0,1.0,1.2809139551095388,1.3842312918694006
2019-07-11,1.0,1.0,1.2839165022507903,1.3832250760783347
2019-07-12,1.0,1.0,1.2896649685725028,1.3912044336655038
2019-07-15,1.0,1.0,1.2900935517657781,1.3956612350389186
2019-07-16,1.0,1.0,1.2859325541122566,1.3884729822936224
2019-07-17,1.0,1.0,1.2771819756119382,1.381643209656742
2019-07-18,1.0,1.0,1.2818572440998806,1.383225076078335
2019-07-19,1.0,1.0,1.2747370505820999,1.3730888879633523
2019-07-22,1.0,1.0,1.2778682016788436,1.3840159520787725
2019-07-23,1.0,1.0,1.2870057519460267,1.3930733816676955
2019-07-24,1.0,1.0,1.2930531825926828,1.402849831046368
2019-07-25,1.0,1.0,1.286876423052792,1.3895510542953762
2019-07-26,1.0,1.0,1.2954985425851666,1.4038562756788693
2019-07-29,1.0,1.0,1.293139450184022,1.3990399644105798
2019-07-30,1.0,1.0,1.2899648028227375,1.3930014110362898
2019-07-31,1.0,1.0,1.275852294804926,1.3737363948045669
2019-08-01,1.0,1.0,1.2647418989657206,1.3669071942712747
2019-08-02,1.0,1.0,1.2552191167822546,1.3467791025662732
2019-08-05,1.0,1.0,1.217470593625423,1.2991906107274453
2019-08-06,1.0,1.0,1.23454360239543,1.3173777837988498
2019-08-07,1.0,1.0,1.2352724548015854,1.324494294754176
2019-08-08,1.0,1.0,1.2595088633788167,1.353320763836096
2019-08-09,1.0,1.0,1.2509298051483375,1.3405968367706076
2019-08-12,1.0,1.0,1.235701182982409,1.3252130857024902
2019-08-13,1.0,1.0,1.2549189925569229,1.3542553522579095
2019-08-14,1.0,1.0,1.2178142141152954,1.3137833713744076
2019-08-15,1.0,1.0,1.2210317777909272,1.3122740476878088
2019-08-16,1.0,1.0,1.239047350613533,1.3333361557110353
2019-08-19,1.0,1.0,1.2539754135914847,1.3545425482592257
2019-08-20,1.0,1.0,1.2443663638166793,1.3440470790908035
2019-08-21,1.0,1.0,1.2544904093636478,1.3559804734180072
2019-08-22,1.0,1.0,1.254104017546977,1.3515957570967156
2019-08-23,1.0,1.0,1.2218892341525749,1.308823347684742
2019-08-26,1.0,1.0,1.2354014937197233,1.3285917006534333
2019-08-27,1.0,1.0,1.230554125011748,1.3257886219122992
2019-08-28,1.0,1.0,1.239219305846018,1.3305329625491833
2019-08-29,1.0,1.0,1.2550473065373184,1.3508763940448132
2019-08-30,1.0,1.0,1.2544904093636478,1.3476414915152457
2019-09-03,1.0,1.0,1.247154619361293,1.3345583978170354
2019-09-04,1.0,1.0,1.261310623643645,1.3538239861523467
2019-09-05,1.0,1.0,1.277525161139165,1.3786246767042618
2019-09-06,1.0,1.0,1.278511801406499,1.3772587221768857
2019-09-09,1.0,1.0,1.2791551111590573,1.3743831007007576
2019-09-10,1.0,1.0,1.2788549869337258,1.3704296360643111
2019-09-11,1.0,1.0,1.2879488959488194,1.3832971611304576
2019-09-12,1.0,1.0,1.292410162815221,1.3890477175584077
2019-09-13,1.0,1.0,1.291552271490928,1.3840874650273072
2019-09-16,1.0,1.0,1.2875626491196972,1.3779055424937945
2019-09-17,1.0,1.0,1.2908226941470304,1.3845191743950227
2019-09-18,1.0,1.0,1.291594607855081,1.3839436381852137
2019-09-19,1.0,1.0,1.2915090652014842,1.3862441811344033
2019-09-20,1.0,1.0,1.2854068292615066,1.3715796786974708
2019-09-23,1.0,1.0,1.2851051101731419,1.372184392190282
2019-09-24,1.0,1.0,1.2750213711646479,1.353960833330663
2019-09-25,1.0,1.0,1.282562753510732,1.3691589939947424
2019-09-26,1.0,1.0,1.2798907779799906,1.364117159491953
2019-09-27,1.0,1.0,1.2729958951125313,1.347190101784093
2019-09-30,1.0,1.0,1.2788996430986543,1.3600115153010242
2019-10-01,1.0,1.0,1.2636876945008,1.3489185411450029
2019-10-02,1.0,1.0,1.2413649765758152,1.325724775151847
2019-10-03,1.0,1.0,1.2515352731507452,1.3402752001332767
2019-10-04,1.0,1.0,1.2684711236999002,1.3600115153010244
2019-10-07,1.0,1.0,1.2629981337202796,1.3559056422686602
2019-10-08,1.0,1.0,1.2433900176652863,1.33559298994608
2019-10-09,1.0,1.0,1.2551979486001776,1.3486304297779454
2019-10-10,1.0,1.0,1.2636876945007995,1.3590750961477285
2019-10-11,1.0,1.0,1.2767883344178435,1.3765783765897037
2019-10-14,1.0,1.0,1.275366006567359,1.376434320906175
2019-10-15,1.0,1.0,1.2879925372009082,1.3939378301895855
2019-10-16,1.0,1.0,1.2859244348095415,1.3904802649434596
2019-10-17,1.0,1.0,1.2897164391522085,1.3941541997666727
2019-10-18,1.0,1.0,1.2840710589774578,1.3807561058327555
2019-10-21,1.0,1.0,1.2927764013626537,1.3930012966155718
2019-10-22,1.0,1.0,1.2885533490383874,1.3819086657217035
2019-10-23,1.0,1.0,1.2923021470916105,1.3845736386566267
2019-10-24,1.0,1.0,1.2944136007599694,1.3980437032219493
2019-10-25,1.0,1.0,1.2997143455320084,1.4092081903265055
2019-10-28,1.0,1.0,1.30703998640597,1.423110536363132
2019-10-29,1.0,1.0,1.3066524346889115,1.4120895328385161
2019-10-30,1.0,1.0,1.3106604704787979,1.4189325782786446
2019-10-31,1.0,1.0,1.3071696052743016,1.4195808860648829
2019-11-01,1.0,1.0,1.3192788203349122,1.4324743846339374
2019-11-04,1.0,1.0,1.3245794201194028,1.4413342096434687
2019-11-05,1.0,1.0,1.3231141759545717,1.4421268019546711
2019-11-06,1.0,1.0,1.3234158950429364,1.4388846909198914
2019-11-07,1.0,1.0,1.3280704303114477,1.4437110712113346
2019-11-08,1.0,1.0,1.331345119081176,1.449473412973203
2019-11-11,1.0,1.0,1.3288026174312177,1.4475284896144882
2019-11-12,1.0,1.0,1.3316036318800968,1.451706562119693
2019-11-13,1.0,1.0,1.3320348248492444,1.4520665296974384
2019-11-14,1.0,1.0,1.3339741782975703,1.4509139698084907
2019-11-15,1.0,1.0,1.343626869324465,1.4615748913346436
2019-11-18,1.0,1.0,1.3446180042058014,1.462727565644309
2019-11-19,1.0,1.0,1.344230452488743,1.46488794321437
2019-11-20,1.0,1.0,1.3392309918424232,1.4561004320983972
2019-11-21,1.0,1.0,1.3370770568223627,1.4528591220086409
2019-11-22,1.0,1.0,1.3400500265037263,1.4537950834790663
2019-11-25,1.0,1.0,1.3504356295881335,1.4710107102368546
2019-11-26,1.0,1.0,1.3534954468110303,1.473819967696742
2019-11-27,1.0,1.0,1.359528813665485,1.4841204639622787
2019-11-29,1.0,1.0,1.3544867266799154,1.477349274732838
2019-12-02,1.0,1.0,1.3429808048084857,1.462223084700164
2019-12-03,1.0,1.0,1.3339741782975705,1.4507702573871148
2019-12-04,1.0,1.0,1.3422046864615294,1.4581169828263647
2019-12-05,1.0,1.0,1.3446180042058016,1.4609986686005285
2019-12-06,1.0,1.0,1.3569000444241874,1.4766291107359122
2019-12-09,1.0,1.0,1.3526337858104773,1.4699303498207479
2019-12-10,1.0,1.0,1.3511253353562025,1.4687055904589592
2019-12-11,1.0,1.0,1.3549608359634104,1.4764849406316658
2019-12-12,1.0,1.0,1.3666390030424216,1.4875056008941288
2019-12-13,1.0,1.0,1.3674580377037246,1.4924039518169774
2019-12-16,1.0,1.0,1.3768523609192471,1.5073865438489933
2019-12-17,1.0,1.0,1.3771540800076119,1.5082506491087306
2019-12-18,1.0,1.0,1.3772404925864996,1.5094030945769608
2019-12-19,1.0,1.0,1.3828854377986046,1.5188393711620423
2019-12-20,1.0,1.0,1.3889485271004953,1.5249616805016564
2019-12-23,1.0,1.0,1.3910704198723443,1.5289897474460146
2019-12-24,1.0,1.0,1.391113916136885,1.5297837128058287
2019-12-26,1.0,1.0,1.3985191551749563,1.5432826113920006
2019-12-27,1.0,1.0,1.3981724899465662,1.5419837074051708
2019-12-30,1.0,1.0,1.390463936957097,1.531877383097496
2019-12-31,1.0,1.0,1.3938417118737871,1.5347646754868247
2020-01-02,1.0,1.0,1.4068773973691167,1.5603909115166272
2020-01-03,1.0,1.0,1.3962240022826866,1.5460981619913587
2020-01-06,1.0,1.0,1.4015505548383531,1.5560599729326339
2020-01-07,1.0,1.0,1.397609648283408,1.5558430312519582
2020-01-08,1.0,1.0,1.4050583835860202,1.5675377439621319
2020-01-09,1.0,1.0,1.414585370408392,1.580820044129781
2020-01-10,1.0,1.0,1.4105145550100184,1.5767777890164336
2020-01-13,1.0,1.0,1.4202152369154564,1.5949685091300854
2020-01-14,1.0,1.0,1.4180499928666153,1.5886881847793886
2020-01-15,1.0,1.0,1.4212545076628844,1.5893380944556739
2020-01-16,1.0,1.0,1.4330766473775258,1.6045693227071558
2020-01-17,1.0,1.0,1.4375379142439275,1.6125098916710394
2020-01-21,1.0,1.0,1.4347226910152984,1.6117882402047838
2020-01-22,1.0,1.0,1.4348956611606223,1.616047093736654
2020-01-23,1.0,1.0,1.4365415598108464,1.621244654836173
2020-01-24,1.0,1.0,1.423766416940116,1.6076012428836017
2020-01-27,1.0,1.0,1.4009439269355575,1.574395320833402
2020-01-28,1.0,1.0,1.4156249311309173,1.5985781395099756
2020-01-29,1.0,1.0,1.4144557515400604,1.6011764051665056
2020-01-30,1.0,1.0,1.4190459123370511,1.6068793625759108
2020-01-31,1.0,1.0,1.3932793051732744,1.5813976399125078
2020-02-03,1.0,1.0,1.4036286613705642,1.6052912030148472
2020-02-04,1.0,1.0,1.4250221540974088,1.6420344415513786
2020-02-05,1.0,1.0,1.4414783858362272,1.64744860106942
2020-02-06,1.0,1.0,1.4463287992827203,1.6616691511218475
2020-02-07,1.0,1.0,1.4386203912807995,1.654522547517778
2020-02-10,1.0,1.0,1.4493601989461173,1.6745182544524517
2020-02-11,1.0,1.0,1.4518719632358001,1.6748075100266857
2020-02-12,1.0,1.0,1.4612261249003966,1.6911211582671926
2020-02-13,1.0,1.0,1.4596667838166089,1.6889558606062725
2020-02-14,1.0,1.0,1.4620051429983223,1.6937926531830225
2020-02-18,1.0,1.0,1.4582379315264435,1.6944418763350022
2020-02-19,1.0,1.0,1.4652099477696885,1.7106840116269744
2020-02-20,1.0,1.0,1.4591903547323384,1.6948031025406423
2020-02-21,1.0,1.0,1.4441632652587824,1.6622467469045752
2020-02-24,1.0,1.0,1.3962674985472274,1.598144599410778
2020-02-25,1.0,1.0,1.3539569421778084,1.5546884117900925
2020-02-26,1.0,1.0,1.348977054850532,1.5627010658060994
2020-02-27,1.0,1.0,1.2883921228844892,1.4844503388912802
2020-02-28,1.0,1.0,1.2829790127623866,1.4856057592981693
2020-03-02,1.0,1.0,1.3385404161490637,1.5622677545483363
2020-03-03,1.0,1.0,1.3002146975617759,1.5121702452127501
2020-03-04,1.0,1.0,1.354866594056905,1.5752616000867752
2020-03-05,1.0,1.0,1.309828676913229,1.5274017023056674
2020-03-06,1.0,1.0,1.2881756564746243,1.5016310673301831
2020-03-09,1.0,1.0,1.1875763359442713,1.397321365231387
2020-03-10,1.0,1.0,1.2490271335497731,1.4734056502781094
2020-03-11,1.0,1.0,1.1881390326198809,1.4092317609943419
2020-03-12,1.0,1.0,1.0744614002549482,1.280017131069846
2020-03-13,1.0,1.0,1.1663131870235008,1.3884417454377012
2020-03-16,1.0,1.0,1.0386907972343358,1.2221234517160577
2020-03-17,1.0,1.0,1.0947718359947272,1.3148113271018271
2020-03-18,1.0,1.0,1.0393404139452527,1.2748197988117624
2020-03-19,1.0,1.0,1.0415488642835375,1.2824713410428472
2020-03-20,1.0,1.0,0.9966644889536909,1.2322294327615793
2020-03-23,1.0,1.0,0.9711811874596231,1.233119282682789
2020-03-24,1.0,1.0,1.0591735506754703,1.3286088637610807
2020-03-25,1.0,1.0,1.0750296064573996,1.3187707416155916
2020-03-26,1.0,1.0,1.1378000807290694,1.388217709672531
2020-03-27,1.0,1.0,1.103910256187201,1.3404731479748206
2020-03-30,1.0,1.0,1.1397600949030522,1.3892305618652212
2020-03-31,1.0,1.0,1.1227718313551256,1.3773665064929168
2020-04-01,1.0,1.0,1.0722418583692055,1.3188430555091504
2020-04-02,1.0,1.0,1.0969841285030464,1.3456091507282406
2020-04-03,1.0,1.0,1.0811279277335684,1.32651095990286
2020-04-06,1.0,1.0,1.1537434190151774,1.4213496015184073
2020-04-07,1.0,1.0,1.154919702995909,1.4207712047906569
2020-04-08,1.0,1.0,1.1936882135562221,1.4509373116348923
2020-04-09,1.0,1.0,1.2118528335786545,1.4530351010723952
2020-04-13,1.0,1.0,1.2007888337549593,1.4687330514311956
2020-04-14,1.0,1.0,1.2362032748627572,1.5326099045319284
2020-04-15,1.0,1.0,1.2099363156692127,1.5150309919955827
2020-04-16,1.0,1.0,1.2157735143705881,1.5426648539373755
2020-04-17,1.0,1.0,1.2486179786879927,1.5574222659970447
2020-04-20,1.0,1.0,1.2266197428964825,1.538976158841585
2020-04-21,1.0,1.0,1.189375993889647,1.4821883557239408
2020-04-22,1.0,1.0,1.2157735143705883,1.5261714507494313
2020-04-23,1.0,1.0,1.2156863768539583,1.522916181332121
2020-04-24,1.0,1.0,1.2326313616186666,1.5469333188095284
2020-04-27,1.0,1.0,1.2504040802975864,1.5593755420681483
2020-04-28,1.0,1.0,1.2446543090879378,1.5300055745773626
2020-04-29,1.0,1.0,1.2772373608554521,1.584260789530411
2020-04-30,1.0,1.0,1.2653453371424486,1.583610078909102
2020-05-01,1.0,1.0,1.2318475589316413,1.5389761588415847
2020-05-04,1.0,1.0,1.2352449071673748,1.5569161831628524
2020-05-05,1.0,1.0,1.2466578920202356,1.574567295172039
2020-05-06,1.0,1.0,1.2382074377452486,1.5842607895304113
2020-05-07,1.0,1.0,1.2531481146399168,1.604661088122716
2020-05-08,1.0,1.0,1.2738829289340652,1.626652750056179
2020-05-11,1.0,1.0,1.2741449214341494,1.6411931060144547
2020-05-12,1.0,1.0,1.2487484674816147,1.6068309626123423
2020-05-13,1.0,1.0,1.2266636741236683,1.586720377277142
2020-05-14,1.0,1.0,1.2413435184186403,1.6047335164369918
2020-05-15,1.0,1.0,1.247049793363748,1.6151507218345376
2020-05-18,1.0,1.0,1.28503508118723,1.6452441715230617
2020-05-19,1.0,1.0,1.2718357047496784,1.6411207921208961
2020-05-20,1.0,1.0,1.2934418942101276,1.6738911144989796
2020-05-21,1.0,1.0,1.284511821124804,1.6556614913413248
2020-05-22,1.0,1.0,1.2869515266028977,1.6613761196639307
2020-05-26,1.0,1.0,1.3028070749284075,1.656891056373255
2020-05-27,1.0,1.0,1.3221920551463067,1.6659334968481652
2020-05-28,1.0,1.0,1.319752349668213,1.6637633935171035
2020-05-29,1.0,1.0,1.3256331896216778,1.6881421004623036
2020-06-01,1.0,1.0,1.3309909145002652,1.693205789322165
2020-06-02,1.0,1.0,1.3420119980096135,1.7045634185981244
2020-06-03,1.0,1.0,1.359871709217615,1.7122317806747047
2020-06-04,1.0,1.0,1.356299361010879,1.7002234407774361
2020-06-05,1.0,1.0,1.3910609956816933,1.7339340726132157
2020-06-08,1.0,1.0,1.4078754916527794,1.7473893769059605
2020-06-09,1.0,1.0,1.3973772332432115,1.7600491139488441
2020-06-10,1.0,1.0,1.3895799478740791,1.7811726658974518
2020-06-11,1.0,1.0,1.3094722975190916,1.692916762589366
2020-06-12,1.0,1.0,1.3251538607864382,1.7063718380406756
2020-06-15,1.0,1.0,1.337525068347133,1.727133706100773
2020-06-16,1.0,1.0,1.3632693474284454,1.7567933868486632
2020-06-17,1.0,1.0,1.3576061337852332,1.7623637306463051
2020-06-18,1.0,1.0,1.358129103872562,1.7671382783526504
2020-06-19,1.0,1.0,1.3503679204029984,1.7668490227784164
2020-06-22,1.0,1.0,1.359030491461396,1.7880380233775233
2020-06-23,1.0,1.0,1.3652868491653962,1.8032556355636042
2020-06-24,1.0,1.0,1.330460115085319,1.7660805732386393
2020-06-25,1.0,1.0,1.344723845116184,1.7828927525459728
2020-06-26,1.0,1.0,1.3127839581136798,1.740790162015157
2020-06-29,1.0,1.0,1.3320791910390761,1.759775877275082
2020-06-30,1.0,1.0,1.349142340655787,1.7942702910268047
2020-07-01,1.0,1.0,1.3585929190401154,1.815213058241516
2020-07-02,1.0,1.0,1.3660747115037786,1.827532508070091
2020-07-06,1.0,1.0,1.3871630054410953,1.872461862430596
2020-07-07,1.0,1.0,1.3728559241332379,1.8595627572463764
2020-07-08,1.0,1.0,1.3833567923186783,1.884056113750668
2020-07-09,1.0,1.0,1.3754813586609207,1.8999264961309759
2020-07-10,1.0,1.0,1.3895254325558546,1.9128973431051657
2020-07-13,1.0,1.0,1.3774942207963206,1.8735487448276094
2020-07-14,1.0,1.0,1.395344942776317,1.8868096483210568
2020-07-15,1.0,1.0,1.4081640168742335,1.8906510950749182
2020-07-16,1.0,1.0,1.4035265901364418,1.8777516466285458
2020-07-17,1.0,1.0,1.4075953757091366,1.8799256402640077
2020-07-20,1.0,1.0,1.4189712437495892,1.9332606838056674
2020-07-21,1.0,1.0,1.4219898845087207,1.9131150857308648
2020-07-22,1.0,1.0,1.43008395938957,1.9198549236836677
2020-07-23,1.0,1.0,1.4130206647853107,1.8697082134394896
2020-07-24,1.0,1.0,1.4039202313305357,1.851953665101542
2020-07-27,1.0,1.0,1.4141583820781496,1.8849984827812822
2020-07-28,1.0,1.0,1.4051893073422879,1.8610118956354886
2020-07-29,1.0,1.0,1.4224712431696391,1.8824621187330037
2020-07-30,1.0,1.0,1.41739595403547,1.8923176328275766
2020-07-31,1.0,1.0,1.4285963871422749,1.9260869624915138
2020-08-03,1.0,1.0,1.4385286141626183,1.9521025722234995
2020-08-04,1.0,1.0,1.4440848269950604,1.9593486074312119
2020-08-05,1.0,1.0,1.4530540467184703,1.9642041650056576
2020-08-06,1.0,1.0,1.4627667625904313,1.990219774737643
2020-08-07,1.0,1.0,1.4638170523915432,1.9672479849367397
2020-08-10,1.0,1.0,1.4681920516666054,1.958842181334867
2020-08-11,1.0,1.0,1.4560726874776018,1.9217394329034607
2020-08-12,1.0,1.0,1.4763739890018268,1.9700737189799697
2020-08-13,1.0,1.0,1.4737050582096032,1.9745672494037523
2020-08-14,1.0,1.0,1.4737486994616926,1.9722479414568672
2020-08-17,1.0,1.0,1.4784300574266707,1.995147188522777
2020-08-18,1.0,1.0,1.4816241331194504,2.0143511040912716
2020-08-19,1.0,1.0,1.475455202907177,2.0007993431335427
2020-08-20,1.0,1.0,1.4800486984177827,2.0285541477738978
2020-08-21,1.0,1.0,1.4852994224855998,2.0426130213522775
2020-08-24,1.0,1.0,1.5003498549544594,2.055367269907945
2020-08-25,1.0,1.0,1.5056002890471794,2.0715264501796162
2020-08-26,1.0,1.0,1.5206946527432252,2.115731063714489
2020-08-27,1.0,1.0,1.5240200871549179,2.109137226597415
2020-08-28,1.0,1.0,1.533864451720889,2.119862566987608
2020-08-31,1.0,1.0,1.5283076589382532,2.1368918023963346
2020-09-01,1.0,1.0,1.5427023127253858,2.1734151243135313
2020-09-02,1.0,1.0,1.5650160414223655,2.1939957499568616
2020-09-03,1.0,1.0,1.5111567918547184,2.0827595897147657
2020-09-04,1.0,1.0,1.4988189314301716,2.05500432739154
2020-09-08,1.0,1.0,1.4578667634023619,1.956232931289442
2020-09-09,1.0,1.0,1.4866556360139822,2.013698906000633
2020-09-10,1.0,1.0,1.4608419078969528,1.9735523376381443
2020-09-11,1.0,1.0,1.461585549033052,1.9598561777347339
2020-09-14,1.0,1.0,1.4808365607561653,1.993988335494358
2020-09-15,1.0,1.0,1.488318498207377,2.022249795072493
2020-09-16,1.0,1.0,1.4824117054827362,1.9900021465326618
2020-09-17,1.0,1.0,1.4693735551990825,1.9589135798626847
2020-09-18,1.0,1.0,1.4524568430063256,1.9339133395791777
2020-09-21,1.0,1.0,1.436291891252382,1.9385514977900768
2020-09-22,1.0,1.0,1.4509195400299049,1.974567249403752
2020-09-23,1.0,1.0,1.4172715547188834,1.9142747397043078
2020-09-24,1.0,1.0,1.421048915319155,1.9231879991889842
2020-09-25,1.0,1.0,1.4440230622994124,1.9678997253445074
2020-09-28,1.0,1.0,1.4680076275049525,2.008771492215499
2020-09-29,1.0,1.0,1.4600124341321594,1.9997130328401171
2020-09-30,1.0,1.0,1.471082088470245,2.0134085062192217
2020-10-01,1.0,1.0,1.4805267223650862,2.0453666703433835
2020-10-02,1.0,1.0,1.466469889565887,1.9878286105800698
2020-10-05,1.0,1.0,1.4924748562593473,2.0302214864715786
2020-10-06,1.0,1.0,1.471257523403893,1.9939883354943573
2020-10-07,1.0,1.0,1.4968678339904198,2.0284822915632095
2020-10-08,1.0,1.0,1.5101337597127187,2.0392794881640905
2020-10-09,1.0,1.0,1.5236193415709485,2.070440139886191
2020-10-12,1.0,1.0,1.5481307915276263,2.1343557816102092
2020-10-13,1.0,1.0,1.538027479200089,2.13428301003378
2020-10-14,1.0,1.0,1.5283634791444136,2.116456491064427
2020-10-15,1.0,1.0,1.526474581362955,2.102252760857495
2020-10-16,1.0,1.0,1.5255523155671415,2.090731052272417
2020-10-19,1.0,1.0,1.5023582224758563,2.0565984368299226
2020-10-20,1.0,1.0,1.5083766556128186,2.0610187379944054
2020-10-21,1.0,1.0,1.5055212708332635,2.0594248573974587
2020-10-22,1.0,1.0,1.513779761594077,2.0593527723453358
2020-10-23,1.0,1.0,1.518918990237121,2.06341081751772
2020-10-26,1.0,1.0,1.4908495458410056,2.0324675651591657
2020-10-27,1.0,1.0,1.4857101722104131,2.0483379475394736
2020-10-28,1.0,1.0,1.4349303131847062,1.968479609541589
2020-10-29,1.0,1.0,1.4495144656976884,2.0029010228754474
2020-10-30,1.0,1.0,1.4344029934709233,1.952102572223501
2020-11-02,1.0,1.0,1.4504802277580426,1.9564498729701192
2020-11-03,1.0,1.0,1.4760899583943756,1.9902925463140737
2020-11-04,1.0,1.0,1.5090795552477978,2.079135885586605
2020-11-05,1.0,1.0,1.5385107226991372,2.1333413275274733
2020-11-06,1.0,1.0,1.5381595628567444,2.1349356658072907
2020-11-09,1.0,1.0,1.5574874179805465,2.0913107076280633
2020-11-10,1.0,1.0,1.5552032841419605,2.053844787838817
2020-11-11,1.0,1.0,1.5667560369915459,2.0997892828063653
2020-11-12,1.0,1.0,1.5515568472979566,2.089933539870357
2020-11-13,1.0,1.0,1.57303762252898,2.1082674003017963
2020-11-16,1.0,1.0,1.5926729962430852,2.1247172091963136
2020-11-17,1.0,1.0,1.5841071318795168,2.1179785154506874
2020-11-18,1.0,1.0,1.5650428641188319,2.1023248459096195
2020-11-19,1.0,1.0,1.5716322582216662,2.1187748836455724
2020-11-20,1.0,1.0,1.5608695425236905,2.1042814401815355
2020-11-23,1.0,1.0,1.5702257340139654,2.1043546694408355
2020-11-24,1.0,1.0,1.5955289609728343,2.1339200675173773
2020-11-25,1.0,1.0,1.593068667262858,2.1470374874308846
2020-11-27,1.0,1.0,1.5975052862460197,2.1668206006721538
2020-11-30,1.0,1.0,1.590432648644137,2.171240672995201
2020-12-01,1.0,1.0,1.6078281097219396,2.1990682492119853
2020-12-02,1.0,1.0,1.6112103792526322,2.2018942120966503
2020-12-03,1.0,1.0,1.6107709219932216,2.205010574762726
2020-12-04,1.0,1.0,1.6246521748712244,2.213996491403114
2020-12-07,1.0,1.0,1.621313836567718,2.2265331117538
2020-12-08,1.0,1.0,1.6260578291536347,2.2340693179014877
2020-12-09,1.0,1.0,1.611473821628201,2.1834878089302165
2020-12-10,1.0,1.0,1.6109469368770635,2.192256555048494
2020-12-11,1.0,1.0,1.6090578941080564,2.1874005397911773
2020-12-14,1.0,1.0,1.6018537527997119,2.203271608695791
2020-12-15,1.0,1.0,1.6235103979270282,2.226822825010904
2020-12-16,1.0,1.0,1.6260578291536345,2.2390695032630497
2020-12-17,1.0,1.0,1.6351510132309859,2.2537082610385095
2020-12-18,1.0,1.0,1.6286217889607661,2.246895880350713
2020-12-21,1.0,1.0,1.6227987990391406,2.2426927497083415
2020-12-22,1.0,1.0,1.620063463949718,2.248790458593659
2020-12-23,1.0,1.0,1.6215195738989956,2.237465324801514
2020-12-24,1.0,1.0,1.6278279821328963,2.2473386885280413
2020-12-28,1.0,1.0,1.6418123211578608,2.2699889561123316
2020-12-29,1.0,1.0,1.638680300135826,2.2720219834236417
2020-12-30,1.0,1.0,1.641018079367346,2.272094526158636
2020-12-31,1.0,1.0,1.6493555883420752,2.2776842070575616
2021-01-04,1.0,1.0,1.6269018016732744,2.2455235182631488
2021-01-05,1.0,1.0,1.6381062944314362,2.2640361038555668
2021-01-06,1.0,1.0,1.6478999133554428,2.2326738428289565
2021-01-07,1.0,1.0,1.672383380715266,2.286686142598422
2021-01-08,1.0,1.0,1.6819126873384131,2.3160890632558924
2021-01-11,1.0,1.0,1.6705749510232077,2.2826212321829784
2021-01-12,1.0,1.0,1.6709277057286336,2.2789913493360627
2021-01-13,1.0,1.0,1.6754276842704763,2.294382080067957
2021-01-14,1.0,1.0,1.6695603281590192,2.2821127465137154
2021-01-15,1.0,1.0,1.6573847088012097,2.2640361038555668
2021-01-19,1.0,1.0,1.6703985011767204,2.2970682208356474
2021-01-20,1.0,1.0,1.6935144459793805,2.350500178725162
2021-01-21,1.0,1.0,1.6950585633705788,2.36930270641612
2021-01-22,1.0,1.0,1.6890588336273693,2.362478883656558
2021-01-25,1.0,1.0,1.6957199965666963,2.382007754063195
2021-01-26,1.0,1.0,1.69307310388184,2.385492551440123
2021-01-27,1.0,1.0,1.651693947523788,2.318992832228564
2021-01-28,1.0,1.0,1.6658983776473288,2.3327141646898593
2021-01-29,1.0,1.0,1.6325480517733149,2.283637516997199
2021-02-01,1.0,1.0,1.6597227780078259,2.340699357733629
2021-02-02,1.0,1.0,1.6831913325283636,2.378885899202672
2021-02-03,1.0,1.0,1.6845149238583401,2.369448707251849
2021-02-04,1.0,1.0,1.703660819608813,2.3974710275300835
2021-02-05,1.0,1.0,1.7103662037504228,2.405601534885276
2021-02-08,1.0,1.0,1.722718417942268,2.4217181506499794
2021-02-09,1.0,1.0,1.7215712764587787,2.4212110380293286
2021-02-10,1.0,1.0,1.720821545845644,2.4156929844996555
2021-02-11,1.0,1.0,1.7236006671747042,2.4289781451852464
2021-02-12,1.0,1.0,1.7321147709834692,2.442554849859424
2021-02-16,1.0,1.0,1.7306144398319085,2.435947968780537
2021-02-17,1.0,1.0,1.73101214067736,2.4242598924719876
2021-02-18,1.0,1.0,1.723644743389439,2.4136601860297806
2021-02-19,1.0,1.0,1.7206007298093253,2.4031337088468736
2021-02-22,1.0,1.0,1.7073662663850442,2.3408446720450518
2021-02-23,1.0,1.0,1.7094398783032527,2.333875763815502
2021-02-24,1.0,1.0,1.728276950575486,2.353113776757858
2021-02-25,1.0,1.0,1.6866326119912836,2.271078241344417
2021-02-26,1.0,1.0,1.6779417683609343,2.2805886625545395
2021-03-01,1.0,1.0,1.7186151253330375,2.349193265288096
2021-03-02,1.0,1.0,1.7052049370000115,2.3115149806468804
2021-03-03,1.0,1.0,1.6826181967492642,2.244435148396806
2021-03-04,1.0,1.0,1.6617959549633887,2.2077006058348165
2021-03-05,1.0,1.0,1.6923674494834393,2.240950122178443
2021-03-08,1.0,1.0,1.6839414981041438,2.1774994862509787
2021-03-09,1.0,1.0,1.707983913341523,2.263382532716317
2021-03-10,1.0,1.0,1.7186151253330373,2.2569216524731592
2021-03-11,1.0,1.0,1.7360410337960186,2.3089018402970556
2021-03-12,1.0,1.0,1.738379103002635,2.290171626499656
2021-03-15,1.0,1.0,1.7487461476808381,2.3146370643488394
2021-03-16,1.0,1.0,1.7465400171433287,2.3273416543130443
2021-03-17,1.0,1.0,1.7524956706718036,2.3369239317338546
2021-03-18,1.0,1.0,1.7269977254353404,2.2653430172926328
2021-03-19,1.0,1.0,1.7238021998670763,2.273328896860708
2021-03-22,1.0,1.0,1.7375665927810127,2.3159611408935534
2021-03-23,1.0,1.0,1.7238904972840938,2.3058573338416672
2021-03-24,1.0,1.0,1.7151271598795101,2.266968249166217
2021-03-25,1.0,1.0,1.7247757912550477,2.2630427031848783
2021-03-26,1.0,1.0,1.752570339259265,2.296989041699029
2021-03-29,1.0,1.0,1.7516849003007628,2.2963354705597787
2021-03-30,1.0,1.0,1.7470380493723205,2.284777376186486
2021-03-31,1.0,1.0,1.7541192412395632,2.319740914880598
2021-04-01,1.0,1.0,1.773062154422179,2.359284028378169
2021-04-05,1.0,1.0,1.7985110938672595,2.406386918691265
2021-04-06,1.0,1.0,1.797448915087173,2.4047152320063128
2021-04-07,1.0,1.0,1.7995290514450626,2.4105303217190204
2021-04-08,1.0,1.0,1.8080707028880367,2.435680681984092
2021-04-09,1.0,1.0,1.8212161439575576,2.450437521940173
2021-04-12,1.0,1.0,1.821879606979353,2.4472385475159495
2021-04-13,1.0,1.0,1.8272799581971904,2.4758050527273556
2021-04-14,1.0,1.0,1.8210388241857793,2.4460758041831303
2021-04-15,1.0,1.0,1.8406015591381018,2.483146972496464
2021-04-16,1.0,1.0,1.8467536707947525,2.486055089456406
2021-04-19,1.0,1.0,1.83768049499909,2.4633027585919667
2021-04-20,1.0,1.0,1.8242257954886838,2.4453485461017097
2021-04-21,1.0,1.0,1.8414867081215067,2.4662829606040324
2021-04-22,1.0,1.0,1.8246684424741604,2.436553483218372
2021-04-23,1.0,1.0,1.8444519934628016,2.46722807573187
2021-04-26,1.0,1.0,1.8483024277875018,2.4832925156493224
2021-04-27,1.0,1.0,1.847904002004308,2.4725337644095737
2021-04-28,1.0,1.0,1.8473733475769103,2.4641753309848107
2021-04-29,1.0,1.0,1.8591461915250718,2.4730433942860133
2021-04-30,1.0,1.0,1.8469304106163362,2.456833640057138
2021-05-03,1.0,1.0,1.8509137985229829,2.4437494021517514
2021-05-04,1.0,1.0,1.8394948691806348,2.399772485845014
2021-05-05,1.0,1.0,1.8400698897978642,2.391704223360226
2021-05-06,1.0,1.0,1.85476452282278,2.409730749744042
2021-05-07,1.0,1.0,1.8682631535603722,2.429284335025693
2021-05-10,1.0,1.0,1.84976317733833,2.36793400579152
2021-05-11,1.0,1.0,1.8332543151194174,2.364663861680915
2021-05-12,1.0,1.0,1.794306599949196,2.3034590755996
2021-05-13,1.0,1.0,1.8158605938921963,2.321267744936999
2021-05-14,1.0,1.0,1.843743874276077,2.372513809436415
2021-05-17,1.0,1.0,1.8390523671827061,2.3581215138867857
2021-05-18,1.0,1.0,1.82320783791088,2.342202159439321
2021-05-19,1.0,1.0,1.818427888412943,2.3448915039871054
2021-05-20,1.0,1.0,1.8379903333901684,2.390249707197385
2021-05-21,1.0,1.0,1.8364855076246052,2.377020154980575
2021-05-24,1.0,1.0,1.8552073147958055,2.4169996690952855
2021-05-25,1.0,1.0,1.8510906833321155,2.4203428136237553
2021-05-26,1.0,1.0,1.8547645228227798,2.428775162832124
2021-05-27,1.0,1.0,1.8557382591982998,2.419689242484505
2021-05-28,1.0,1.0,1.8590577491205051,2.4273215620350235
2021-06-01,1.0,1.0,1.8574201147605438,2.4192530707088005
2021-06-02,1.0,1.0,1.8603410339120072,2.423978188665118
2021-06-03,1.0,1.0,1.853436871841446,2.3987543702993115
2021-06-04,1.0,1.0,1.8703882360582869,2.439461142495443
2021-06-07,1.0,1.0,1.8685732819265477,2.4467293753223807
2021-06-08,1.0,1.0,1.8689715627221928,2.4478930340209413
2021-06-09,1.0,1.0,1.8661833071775789,2.4484736047423272
2021-06-10,1.0,1.0,1.874857767214951,2.47398805173098
2021-06-11,1.0,1.0,1.8779562961132892,2.4804569414243733
2021-06-14,1.0,1.0,1.8821607900313517,2.5042269301516447
2021-06-15,1.0,1.0,1.878708636502297,2.4878718616113464
2021-06-16,1.0,1.0,1.868218932358089,2.4787857124222916
2021-06-17,1.0,1.0,1.867599545551028,2.5102601057522045
2021-06-18,1.0,1.0,1.8424052042410595,2.4905612061591302
2021-06-21,1.0,1.0,1.8687807591084076,2.5060398120021845
2021-06-22,1.0,1.0,1.8787717060858813,2.529400632243118
2021-06-23,1.0,1.0,1.8765072905538873,2.530637291359543
2021-06-24,1.0,1.0,1.8876081172148937,2.5462843244989872
2021-06-25,1.0,1.0,1.8943129214063097,2.5431549178710986
2021-06-28,1.0,1.0,1.8981318934329918,2.574083753219228
2021-06-29,1.0,1.0,1.89915318572441,2.5833987438435946
2021-06-30,1.0,1.0,1.900751528458736,2.5793237644049976
2021-07-01,1.0,1.0,1.9112753046768343,2.5803423376335703
2021-07-02,1.0,1.0,1.9258845400357016,2.609961284605975
2021-07-06,1.0,1.0,1.9223759863502923,2.6212411077939284
2021-07-07,1.0,1.0,1.9291701028715655,2.6267719764439788
2021-07-08,1.0,1.0,1.9134511328167139,2.610907543940989
2021-07-09,1.0,1.0,1.9338766886699774,2.6272083770611183
2021-07-12,1.0,1.0,1.9408034687981002,2.6374700847033696
2021-07-13,1.0,1.0,1.9341875419738959,2.6374700847033696
2021-07-14,1.0,1.0,1.9370739540888235,2.6421997794883936
2021-07-15,1.0,1.0,1.9304578822770708,2.623643256340396
2021-07-16,1.0,1.0,1.915315962665127,2.6023925829744727
2021-07-19,1.0,1.0,1.887030631809341,2.5810700533978617
2021-07-20,1.0,1.0,1.9140725494494542,2.6110530870938478
2021-07-21,1.0,1.0,1.9295695435675992,2.631211729130463
2021-07-22,1.0,1.0,1.933610056568343,2.648604364738465
2021-07-23,1.0,1.0,1.9535033631311751,2.6795325135622887
2021-07-26,1.0,1.0,1.9582988262967982,2.68164357580304
2021-07-27,1.0,1.0,1.9493736827881227,2.6520969427241936
2021-07-28,1.0,1.0,1.9485743664334114,2.6622863364728864
2021-07-29,1.0,1.0,1.9566561173726407,2.667016260099346
2021-07-30,1.0,1.0,1.9471536334459603,2.653116431318508
2021-08-02,1.0,1.0,1.9430684642802882,2.6533340595234893
2021-08-03,1.0,1.0,1.9588758767397065,2.669417950962943
2021-08-04,1.0,1.0,1.9492405842186282,2.6732750733551236
2021-08-05,1.0,1.0,1.961584969082856,2.6902308506631156
2021-08-06,1.0,1.0,1.9648264557039852,2.6784418552815934
2021-08-09,1.0,1.0,1.9632276780070137,2.683390551320211
2021-08-10,1.0,1.0,1.9656701382485282,2.669636036850796
2021-08-11,1.0,1.0,1.9705546237689118,2.665051198694324
2021-08-12,1.0,1.0,1.9764601116056164,2.674657046782972
2021-08-13,1.0,1.0,1.9800571076955924,2.6840452666666383
2021-08-16,1.0,1.0,1.984719182316624,2.6852093830480697
2021-08-17,1.0,1.0,1.9717090146298248,2.661557705342855
2021-08-18,1.0,1.0,1.9501289229281003,2.6359414239154884
2021-08-19,1.0,1.0,1.9531478536623288,2.648676678632025
2021-08-20,1.0,1.0,1.968689358957854,2.6761129359944262
2021-08-23,1.0,1.0,1.9860068167345803,2.7161382183961993
2021-08-24,1.0,1.0,1.9891597159635945,2.724434635791993
2021-08-25,1.0,1.0,1.9933336175089298,2.727564500102752
2021-08-26,1.0,1.0,1.9815665730627068,2.7102439495468738
2021-08-27,1.0,1.0,1.999283761510563,2.736588175579967
2021-08-30,1.0,1.0,2.008075661462195,2.767298467357374
2021-08-31,1.0,1.0,2.0051003719800558,2.765043006170941
2021-09-01,1.0,1.0,2.0061660304613054,2.7696269289616713
2021-09-02,1.0,1.0,2.0123385853622904,2.7683170405859463
2021-09-03,1.0,1.0,2.0118499773239487,2.7768322303938975
2021-09-07,1.0,1.0,2.0046567100817394,2.7807614378382013
2021-09-08,1.0,1.0,2.0022143948277735,2.771082131648819
2021-09-09,1.0,1.0,1.9936443258252994,2.761549283978036
2021-09-10,1.0,1.0,1.9779253557704477,2.740590383442135
2021-09-13,1.0,1.0,1.9829873060501575,2.7386985512964124
2021-09-14,1.0,1.0,1.9722862100602812,2.7309117637770584
2021-09-15,1.0,1.0,1.9887598403049158,2.7512154912836615
2021-09-16,1.0,1.0,1.985607376038547,2.7531080099536904
2021-09-17,1.0,1.0,1.9662654571225435,2.720504512981949
2021-09-20,1.0,1.0,1.9334795677747205,2.6642896143976076
2021-09-21,1.0,1.0,1.931653014639104,2.6675682256413196
2021-09-22,1.0,1.0,1.9504955964381792,2.6924847099595026
2021-09-23,1.0,1.0,1.9741945361732347,2.717328880384127
2021-09-24,1.0,1.0,1.9774466068854017,2.7198777162906302
2021-09-27,1.0,1.0,1.9717893377316766,2.6981679870054713
2021-09-28,1.0,1.0,1.932054340173267,2.6218157286379986
2021-09-29,1.0,1.0,1.9353058309352404,2.6175176287999724
2021-09-30,1.0,1.0,1.9116521273153073,2.6079005674809945
2021-10-01,1.0,1.0,1.9343702262849678,2.6240748512873964
2021-10-04,1.0,1.0,1.9094246836081727,2.5689970657951195
2021-10-05,1.0,1.0,1.9292920373998292,2.603674781536527
2021-10-06,1.0,1.0,1.9373105737679261,2.620359152902239
2021-10-07,1.0,1.0,1.9540602603048463,2.644400776413225
2021-10-08,1.0,1.0,1.9504955964381792,2.6312140175448184
2021-10-11,1.0,1.0,1.9363752590927503,2.6110338644132836
2021-10-12,1.0,1.0,1.9316087934368207,2.601927119495051
2021-10-13,1.0,1.0,1.938557756659859,2.6227631321801894
2021-10-14,1.0,1.0,1.9711657462857097,2.671066295821496
2021-10-15,1.0,1.0,1.9861776120666763,2.687895294974325
2021-10-18,1.0,1.0,1.992057437107302,2.7149239857404357
2021-10-19,1.0,1.0,2.0074262622326007,2.735469140961293
2021-10-20,1.0,1.0,2.0153106851183633,2.7318994434118644
2021-10-21,1.0,1.0,2.020566918713022,2.748582899411835
2021-10-22,1.0,1.0,2.018473298513125,2.7254879929187337
2021-10-25,1.0,1.0,2.029298068881846,2.7533913156506062
2021-10-26,1.0,1.0,2.031124187054817,2.7620609734273938
2021-10-27,1.0,1.0,2.0221265497719068,2.768472423920524
2021-10-28,1.0,1.0,2.0416375241694253,2.7992168130717925
2021-10-29,1.0,1.0,2.0457802533918397,2.8129862022345025
2021-11-01,1.0,1.0,2.049299246180739,2.8226025770291745
2021-11-02,1.0,1.0,2.0575849946006644,2.834405760579686
2021-11-03,1.0,1.0,2.070147150762693,2.864494747860222
2021-11-04,1.0,1.0,2.0799023479863554,2.901213958046046
2021-11-05,1.0,1.0,2.0871186682487712,2.9039813375232715
2021-11-08,1.0,1.0,2.088901000182105,2.900047553250262
2021-11-09,1.0,1.0,2.081996403148898,2.88008594368945
2021-11-10,1.0,1.0,2.065246861599526,2.8377571433998283
2021-11-11,1.0,1.0,2.065914964222873,2.8456253984701534
2021-11-12,1.0,1.0,2.0815064902226204,2.8755683849149603
2021-11-15,1.0,1.0,2.082218669060702,2.874912296519921
2021-11-16,1.0,1.0,2.090460051290796,2.8953846801643492
2021-11-17,1.0,1.0,2.0853818624056575,2.8969149428422796
2021-11-18,1.0,1.0,2.092464504148385,2.9269309297049504
2021-11-19,1.0,1.0,2.0887228104850366,2.943250070139905
2021-11-22,1.0,1.0,2.082842405494217,2.9090817554335016
2021-11-23,1.0,1.0,2.0856045632801066,2.8958219961472307
2021-11-24,1.0,1.0,2.091172665091523,2.905147742319057
2021-11-26,1.0,1.0,2.044532925512358,2.8500688126196034
2021-11-29,1.0,1.0,2.0696124366839386,2.911923050694333
2021-11-30,1.0,1.0,2.029342725046774,2.869157392104701
2021-12-01,1.0,1.0,2.00680209083644,2.8203448274283907
2021-12-02,1.0,1.0,2.0375391611368427,2.840671439078525
2021-12-03,1.0,1.0,2.019809793734915,2.79127624410791
2021-12-06,1.0,1.0,2.043731144369323,2.813642061788108
2021-12-07,1.0,1.0,2.086005598839173,2.898371747419475
2021-12-08,1.0,1.0,2.0915294794483064,2.911339733875723
2021-12-09,1.0,1.0,2.07740798220249,2.868501303709662
2021-12-10,1.0,1.0,2.096963902740034,2.899683466526682
2021-12-13,1.0,1.0,2.0783878080550457,2.857792439902812
2021-12-14,1.0,1.0,2.064088411087257,2.8282133113401513
2021-12-15,1.0,1.0,2.0963400213189702,2.892689156897813
2021-12-16,1.0,1.0,2.0778536739264846,2.818305163715457
2021-12-17,1.0,1.0,2.055739158121102,2.8042437728812883
2021-12-20,1.0,1.0,2.0338801103761224,2.777041620307211
2021-12-21,1.0,1.0,2.0699992634632554,2.8391931234064107
2021-12-22,1.0,1.0,2.0906968159574473,2.873770377757716
2021-12-23,1.0,1.0,2.1037049538185677,2.8954352541215536
2021-12-27,1.0,1.0,2.1334769869963583,2.943289202025343
2021-12-28,1.0,1.0,2.1317333667384664,2.929647506383537
2021-12-29,1.0,1.0,2.1344605825251746,2.9292104192420916
2021-12-30,1.0,1.0,2.1285595893024727,2.920456776658545
2021-12-31,1.0,1.0,2.1231953399842043,2.902219029629937
2022-01-03,1.0,1.0,2.1354885442438225,2.930158738150024
2022-01-04,1.0,1.0,2.1347734656547717,2.892152752573442
2022-01-05,1.0,1.0,2.093780846100939,2.803302776899286
2022-01-06,1.0,1.0,2.091814234993501,2.801332680982687
2022-01-07,1.0,1.0,2.08354414522881,2.7709869336117317
2022-01-10,1.0,1.0,2.0809511879119844,2.7728105710097313
2022-01-11,1.0,1.0,2.099905120148284,2.8144638313823127
2022-01-12,1.0,1.0,2.1055822525961494,2.825624657023904
2022-01-13,1.0,1.0,2.0765706791100804,2.7549387414361868
2022-01-14,1.0,1.0,2.0774200161690137,2.7720814821968283
2022-01-18,1.0,1.0,2.040629715720016,2.70307228780564
2022-01-19,1.0,1.0,2.0194406554365134,2.6733833153540294
2022-01-20,1.0,1.0,1.9970893749644802,2.638660060166995
2022-01-21,1.0,1.0,1.9578854667961136,2.565493045737627
2022-01-24,1.0,1.0,1.9661999227506364,2.577238103563569
2022-01-25,1.0,1.0,1.942194334350568,2.5174942412052848
2022-01-26,1.0,1.0,1.9373215928216108,2.513555193579263
2022-01-27,1.0,1.0,1.9277560393113462,2.4882421270536845
2022-01-28,1.0,1.0,1.9756319427287607,2.566296050334136
2022-01-31,1.0,1.0,2.0112152218367507,2.648361563975603
2022-02-01,1.0,1.0,2.0248047597672336,2.6663807674334885
2022-02-02,1.0,1.0,2.044473770592584,2.6880456437973264
2022-02-03,1.0,1.0,1.996418517577713,2.579061969803004
2022-02-04,1.0,1.0,2.0058064613411024,2.6115963566612814
2022-02-07,1.0,1.0,1.9993693041641607,2.5905875686924826
2022-02-08,1.0,1.0,2.0158198813885884,2.619693910849789
2022-02-09,1.0,1.0,2.0453238325892595,2.6752069527520295
2022-02-10,1.0,1.0,2.0085778983300937,2.6146600857972357
2022-02-11,1.0,1.0,1.968971359739628,2.531719024824266
2022-02-14,1.0,1.0,1.9625340575751378,2.534855525536649
2022-02-15,1.0,1.0,1.9941838244931547,2.597882575967352
2022-02-16,1.0,1.0,1.9964185175777127,2.5972260298894425
2022-02-17,1.0,1.0,1.953772315033587,2.519974195839759
2022-02-18,1.0,1.0,1.9411218614545402,2.49123308461321
2022-02-22,1.0,1.0,1.9202903404655627,2.466212248600525
2022-02-23,1.0,1.0,1.8862266758530797,2.4030391973340937
2022-02-24,1.0,1.0,1.9146129180426006,2.4837925341854827
2022-02-25,1.0,1.0,1.9568567801397236,2.5223088361628103
2022-02-28,1.0,1.0,1.9518500701159804,2.5298221581669673
2022-03-01,1.0,1.0,1.9221229830782152,2.491087083777482
2022-03-02,1.0,1.0,1.9574825463989172,2.5328858873029216
2022-03-03,1.0,1.0,1.9477374983036475,2.4967037679657746
2022-03-04,1.0,1.0,1.9319126873384134,2.460521877470063
2022-03-07,1.0,1.0,1.8749618682747546,2.369775263980043
2022-03-08,1.0,1.0,1.8607464190975298,2.358760210332745
2022-03-09,1.0,1.0,1.910634459712602,2.4436709095394433
2022-03-10,1.0,1.0,1.902006685665837,2.4165344344573008
2022-03-11,1.0,1.0,1.8778229075687,2.3664195331726305
2022-03-14,1.0,1.0,1.864098531218141,2.320972997168321
2022-03-15,1.0,1.0,1.9050911507719739,2.393774551825496
2022-03-16,1.0,1.0,1.9473354478317424,2.4825522136060933
2022-03-17,1.0,1.0,1.9716977056010452,2.5126068746713317
2022-03-18,1.0,1.0,1.99329389092065,2.5640346392703854
2022-03-21,1.0,1.0,1.992711040975803,2.556905999718988
2022-03-22,1.0,1.0,2.0160285184708355,2.607155917450492
2022-03-23,1.0,1.0,1.9900651632037858,2.569687938088328
2022-03-24,1.0,1.0,2.020064391870028,2.626803098879186
2022-03-25,1.0,1.0,2.029929344667882,2.624612399818946
2022-03-28,1.0,1.0,2.0443683646448463,2.6652214567221995
2022-03-29,1.0,1.0,2.069658687711901,2.7110888321260473
2022-03-30,1.0,1.0,2.0568793402022654,2.681143557266888
2022-03-31,1.0,1.0,2.0252207290437916,2.6479114328723448
2022-04-01,1.0,1.0,2.0309609310752412,2.6428718867839085
2022-04-04,1.0,1.0,2.048359001928916,2.6972844302237338
2022-04-05,1.0,1.0,2.022485393954369,2.6373943381882854
2022-04-06,1.0,1.0,2.002261950743672,2.580132718878828
2022-04-07,1.0,1.0,2.0123513442665564,2.5862665847109247
2022-04-08,1.0,1.0,2.006970276392665,2.550113985918933
2022-04-11,1.0,1.0,1.972666512399917,2.4897840606448147
2022-04-12,1.0,1.0,1.965357545094029,2.4792669659607554
2022-04-13,1.0,1.0,1.9878680218942815,2.529663342210859
2022-04-14,1.0,1.0,1.9631156026320478,2.4718174907170507
2022-04-18,1.0,1.0,1.963922603326828,2.4737161881058323
2022-04-19,1.0,1.0,1.9956255806751335,2.5290058807672082
2022-04-20,1.0,1.0,1.9941458377554555,2.4921216759065246
2022-04-21,1.0,1.0,1.9643261036742183,2.4405570641291545
2022-04-22,1.0,1.0,1.9104264025805482,2.3766489741725016
2022-04-25,1.0,1.0,1.921502436370766,2.4071784812160124
2022-04-26,1.0,1.0,1.8658541854425557,2.3163199642641255
2022-04-27,1.0,1.0,1.8711008498590156,2.3135443464952288
2022-04-28,1.0,1.0,1.9183633109588565,2.395711465733974
2022-04-29,1.0,1.0,1.8474693293339985,2.287908384704425
2022-05-02,1.0,1.0,1.858590309264242,2.326107283610975
2022-05-03,1.0,1.0,1.8671099225998486,2.3285904420255434
2022-05-04,1.0,1.0,1.9239688195577778,2.407324710893177
2022-05-05,1.0,1.0,1.8555857322973117,2.2860824588920727
2022-05-06,1.0,1.0,1.8445096985070935,2.258693114023911
2022-05-09,1.0,1.0,1.7854536602396598,2.1703175266451566
2022-05-10,1.0,1.0,1.789578990956258,2.1966841791389107
2022-05-11,1.0,1.0,1.7611492525021966,2.131534395554256
2022-05-12,1.0,1.0,1.7593109553751538,2.1264946206243844
2022-05-13,1.0,1.0,1.8013724231363026,2.205302347592753
2022-05-16,1.0,1.0,1.7940630208677695,2.179739386219814
2022-05-17,1.0,1.0,1.8309677164925093,2.236197543249892
2022-05-18,1.0,1.0,1.7571583252430296,2.126421391365085
2022-05-19,1.0,1.0,1.746396624457893,2.1150280628252167
2022-05-20,1.0,1.0,1.7471589689877447,2.10845436375445
2022-05-23,1.0,1.0,1.7798484416158356,2.1435128716442167
2022-05-24,1.0,1.0,1.766261368473677,2.0979365825460854
2022-05-25,1.0,1.0,1.7818660883403348,2.1272978540623293
2022-05-26,1.0,1.0,1.8174706806179501,2.1862393983484103
2022-05-27,1.0,1.0,1.8620875539208708,2.2575971923902034
2022-05-31,1.0,1.0,1.851639316215525,2.251608412028094
2022-06-01,1.0,1.0,1.8366626824088363,2.2349553919390197
2022-06-02,1.0,1.0,1.8716387536638368,2.2961613222275115
2022-06-03,1.0,1.0,1.8409224165828653,2.2364170021863563
2022-06-06,1.0,1.0,1.8465277801942381,2.2438660197471902
2022-06-07,1.0,1.0,1.8642397490903493,2.263221886028732
2022-06-08,1.0,1.0,1.8439713597396268,2.2469338680289797
2022-06-09,1.0,1.0,1.8001165409914608,2.186750858956332
2022-06-10,1.0,1.0,1.7479213135175962,2.1096232858060224
2022-06-13,1.0,1.0,1.6815558729816293,2.0115331506568475
2022-06-14,1.0,1.0,1.6764885581626259,2.0151852311229885
2022-06-15,1.0,1.0,1.7003893205651506,2.065508149272357
2022-06-16,1.0,1.0,1.644113273552068,1.982172107982039
2022-06-17,1.0,1.0,1.6476572041993043,2.006274603314818
2022-06-21,1.0,1.0,1.6891350970778638,2.056891582708562
2022-06-22,1.0,1.0,1.686072815066643,2.053891242650189
2022-06-23,1.0,1.0,1.7026006706544055,2.0844802484668805
2022-06-24,1.0,1.0,1.756732786788272,2.1559016604276904
2022-06-27,1.0,1.0,1.7500226180575627,2.140095582490705
2022-06-28,1.0,1.0,1.7142644839661183,2.0748938519002347
2022-06-29,1.0,1.0,1.712868398861907,2.0767964395934166
2022-06-30,1.0,1.0,1.6989524939598197,2.051037589951851
2022-07-01,1.0,1.0,1.716921525779367,2.064575391582026
2022-07-05,1.0,1.0,1.7201643172884322,2.099920866631673
2022-07-06,1.0,1.0,1.7259738233680502,2.1133852101611126
2022-07-07,1.0,1.0,1.7518237983721967,2.1586095411317343
2022-07-08,1.0,1.0,1.7503823321653145,2.1613176506772143
2022-07-11,1.0,1.0,1.7303875343185535,2.115141339335695
2022-07-12,1.0,1.0,1.71507510934961,2.0946522502664893
2022-07-13,1.0,1.0,1.7060679028885009,2.0903344700650264
2022-07-14,1.0,1.0,1.7019251736660865,2.0977983623191556
2022-07-15,1.0,1.0,1.7344402262733685,2.1358514892314115
2022-07-18,1.0,1.0,1.7201192261608582,2.1177759907804394
2022-07-19,1.0,1.0,1.7665954197853497,2.1829042632701747
2022-07-20,1.0,1.0,1.7778539928990906,2.217517903409695
2022-07-21,1.0,1.0,1.7959584430889084,2.249350204744436
2022-07-22,1.0,1.0,1.7792953141184245,2.209907323795531
2022-07-25,1.0,1.0,1.7814570784661024,2.1973203583290766
2022-07-26,1.0,1.0,1.7603805285202117,2.1541459889359778
2022-07-27,1.0,1.0,1.8060911878887849,2.2451791119030076
2022-07-28,1.0,1.0,1.8287437524865373,2.267132328475338
2022-07-29,1.0,1.0,1.8554044978617243,2.308478483641731
2022-08-01,1.0,1.0,1.8499103397000274,2.3070878142393414
2022-08-02,1.0,1.0,1.8377058678200724,2.3002092983767395
2022-08-03,1.0,1.0,1.8664835763904606,2.362850293306071
2022-08-04,1.0,1.0,1.8652227646689712,2.3738999020101006
2022-08-05,1.0,1.0,1.8620700104275054,2.354507649940344
2022-08-08,1.0,1.0,1.8599083910673762,2.3468968414847446
2022-08-09,1.0,1.0,1.8525224353732512,2.3203331565151872
2022-08-10,1.0,1.0,1.8914330337310643,2.38509596923273
2022-08-11,1.0,1.0,1.8914330337310643,2.3715577099196845
2022-08-12,1.0,1.0,1.9234529538603236,2.417733792419768
2022-08-15,1.0,1.0,1.9313791331600452,2.4372720453252534
2022-08-16,1.0,1.0,1.9351622932622559,2.4315642822457066
2022-08-17,1.0,1.0,1.9214264628953677,2.4038293868102234
2022-08-18,1.0,1.0,1.9270108033122126,2.4096108368319404
2022-08-19,1.0,1.0,1.901115447205395,2.362630376686736
2022-08-22,1.0,1.0,1.8615294968468117,2.300428757313203
2022-08-23,1.0,1.0,1.857025893616257,2.298526856144327
2022-08-24,1.0,1.0,1.862971108041242,2.3051854553875937
2022-08-25,1.0,1.0,1.889271269383386,2.3459455476381534
2022-08-26,1.0,1.0,1.8253213214049184,2.249789580300234
2022-08-29,1.0,1.0,1.8132519779201368,2.2276164471085687
2022-08-30,1.0,1.0,1.7933462024281361,2.202809348996465
2022-08-31,1.0,1.0,1.779700554316396,2.1900029245935464
2022-09-01,1.0,1.0,1.7852851847083377,2.1909542184401376
2022-09-02,1.0,1.0,1.766460291390176,2.159999752851253
2022-09-06,1.0,1.0,1.7597952137870405,2.144486134268596
2022-09-07,1.0,1.0,1.7914097487307796,2.1878071910217294
2022-09-08,1.0,1.0,1.8031190881327117,2.199150174445829
2022-09-09,1.0,1.0,1.8311309724720846,2.247228386956224
2022-09-12,1.0,1.0,1.8508112923262157,2.2739380727615104
2022-09-13,1.0,1.0,1.770333198784889,2.149243061184422
2022-09-14,1.0,1.0,1.7770888936058178,2.1662935788466333
2022-09-15,1.0,1.0,1.7569130063110185,2.130216268886859
2022-09-16,1.0,1.0,1.7435096323927708,2.1171908432303472
2022-09-19,1.0,1.0,1.757030156250182,2.1336786398031267
2022-09-20,1.0,1.0,1.736862098283,2.1166702289650132
2022-09-21,1.0,1.0,1.7065649202046536,2.078769052765804
2022-09-22,1.0,1.0,1.6922297113123932,2.0531841226150753
2022-09-23,1.0,1.0,1.6638769612465687,2.019754965744729
2022-09-26,1.0,1.0,1.6474165248688448,2.0113976765271424
2022-09-27,1.0,1.0,1.6432110160379432,2.012203884903746
2022-09-28,1.0,1.0,1.6755435293217025,2.052231226878437
2022-09-29,1.0,1.0,1.640543100158559,1.9930699948144563
2022-09-30,1.0,1.0,1.6151743388277822,1.959274462806176
2022-10-03,1.0,1.0,1.6578173516458414,2.005239324661467
2022-10-04,1.0,1.0,1.7091875999689154,2.0682855977727357
2022-10-05,1.0,1.0,1.7052081267260775,2.067186472358933
2022-10-06,1.0,1.0,1.6876176573955834,2.0509114983209935
2022-10-07,1.0,1.0,1.6405431001585589,1.9727637500520645
2022-10-10,1.0,1.0,1.6280173358711958,1.9530428816812004
2022-10-11,1.0,1.0,1.6177069813244442,1.9262119099151989
2022-10-12,1.0,1.0,1.6123710045781272,1.9255519312157596
2022-10-13,1.0,1.0,1.6549232551908446,1.9707110423773175
2022-10-14,1.0,1.0,1.6172095290456459,1.911476695474755
2022-10-17,1.0,1.0,1.6587670200883151,1.974596312266041
2022-10-18,1.0,1.0,1.678256681316209,1.9902110787631055
2022-10-19,1.0,1.0,1.6663637876779145,1.9829536014836273
2022-10-20,1.0,1.0,1.6523907576817305,1.9728362927870577
2022-10-21,1.0,1.0,1.6925465091057983,2.019095215886724
2022-10-24,1.0,1.0,1.7132571104793524,2.0413079386466984
2022-10-25,1.0,1.0,1.7406155359377742,2.083533989131865
2022-10-26,1.0,1.0,1.7275014121787224,2.0374961268587097
2022-10-27,1.0,1.0,1.7182767243949093,2.000401387877539
2022-10-28,1.0,1.0,1.759155673710742,2.0616146410919605
2022-10-31,1.0,1.0,1.7464489649628894,2.0376428142187444
2022-11-01,1.0,1.0,1.7388066712830705,2.0168219050683365
2022-11-02,1.0,1.0,1.6951688988949631,1.9476916535578683
2022-11-03,1.0,1.0,1.6777141379098366,1.9096441332607772
2022-11-04,1.0,1.0,1.7018616691198563,1.9403602604947845
2022-11-07,1.0,1.0,1.718141306024639,1.9616935456188556
2022-11-08,1.0,1.0,1.7274110849360262,1.9759890412413479
2022-11-09,1.0,1.0,1.691822876251388,1.930390325682556
2022-11-10,1.0,1.0,1.7847958517322535,2.072831532885203
2022-11-11,1.0,1.0,1.8020693782817936,2.111025397280176
2022-11-14,1.0,1.0,1.7867401347572276,2.0925510282074553
2022-11-15,1.0,1.0,1.8019791960266456,2.12150908111468
2022-11-16,1.0,1.0,1.7882323466060737,2.0925510282074553
2022-11-17,1.0,1.0,1.782760516526841,2.087932779201428
2022-11-18,1.0,1.0,1.7908547363952385,2.0880062373021633
2022-11-21,1.0,1.0,1.7843433455934807,2.0665262648180573
2022-11-22,1.0,1.0,1.8083554584332302,2.0962902972604502
2022-11-23,1.0,1.0,1.819750754805178,2.117329978823016
2022-11-25,1.0,1.0,1.8193437747566243,2.1034010871798934
2022-11-28,1.0,1.0,1.790312337976415,2.0725374716408274
2022-11-29,1.0,1.0,1.7872374420484773,2.0568492470430275
2022-11-30,1.0,1.0,1.8435363970942178,2.1506126771747627
2022-12-01,1.0,1.0,1.8421797486031903,2.153251676606778
2022-12-02,1.0,1.0,1.840054956080372,2.1446742419284215
2022-12-05,1.0,1.0,1.8069537188146285,2.1086800014096654
2022-12-06,1.0,1.0,1.7809064157570151,2.064987535007021
2022-12-07,1.0,1.0,1.7778770459192967,2.0565561011643934
2022-12-08,1.0,1.0,1.7918045498252615,2.0808949896998494
2022-12-09,1.0,1.0,1.7784194443381207,2.067626076756166
2022-12-12,1.0,1.0,1.8040596223596324,2.0935780685691348
2022-12-13,1.0,1.0,1.8177157095748622,2.116083708366308
2022-12-14,1.0,1.0,1.806094377614851,2.1003957126099437
2022-12-15,1.0,1.0,1.7619142068079199,2.0298715879169915
2022-12-16,1.0,1.0,1.7411126982414755,2.010518010049803
2022-12-19,1.0,1.0,1.7263489061559398,1.9822631868732916
2022-12-20,1.0,1.0,1.728710898308054,1.9807194225506783
2022-12-21,1.0,1.0,1.7545592784491675,2.0094525243269916
2022-12-22,1.0,1.0,1.7295284830938726,1.9602909764618304
2022-12-23,1.0,1.0,1.7394775286698387,1.9646998355545475
2022-12-27,1.0,1.0,1.7326175878015604,1.936922604453532
2022-12-28,1.0,1.0,1.7110847620406369,1.9113495740574393
2022-12-29,1.0,1.0,1.741885336887269,1.9579389441896962
2022-12-30,1.0,1.0,1.73729691594086,1.9567636145779348
2023-01-03,1.0,1.0,1.7299827290832273,1.9435365796169133
2023-01-04,1.0,1.0,1.7433389820482226,1.952795275248193
2023-01-05,1.0,1.0,1.7234414708464847,1.9222254921120674
2023-01-06,1.0,1.0,1.762963481696193,1.9752816923648
2023-01-09,1.0,1.0,1.7619639375370453,1.9880682075628464
2023-01-10,1.0,1.0,1.774320356367796,2.004896520191369
2023-01-11,1.0,1.0,1.7967616741074288,2.039581330017271
2023-01-12,1.0,1.0,1.8033036572819137,2.050603935431934
2023-01-13,1.0,1.0,1.8102994514831074,2.0647131541260824
2023-01-17,1.0,1.0,1.8069828613118712,2.068902096599465
2023-01-18,1.0,1.0,1.7784543863373021,2.042006133865835
2023-01-19,1.0,1.0,1.7655077231967327,2.021944749439227
2023-01-20,1.0,1.0,1.7983971336541624,2.0772790661804885
2023-01-23,1.0,1.0,1.819975340517757,2.1234276877083347
2023-01-24,1.0,1.0,1.8180219232772297,2.119091829033482
2023-01-25,1.0,1.0,1.8187036547301323,2.1143891375378248
2023-01-26,1.0,1.0,1.8386917831496634,2.155614006743502
2023-01-27,1.0,1.0,1.84291672031206,2.177072010449818
2023-01-30,1.0,1.0,1.8197935261319762,2.1330541315261597
2023-01-31,1.0,1.0,1.846550833214444,2.165020533941993
2023-02-01,1.0,1.0,1.8661753328624142,2.2113160716713094
2023-02-02,1.0,1.0,1.893341359844017,2.2906798833274853
2023-02-03,1.0,1.0,1.8732166531538275,2.2499689919855177
2023-02-06,1.0,1.0,1.861769161264431,2.2309367074935067
2023-02-07,1.0,1.0,1.8861182251668231,2.277158558280653
2023-02-08,1.0,1.0,1.8654940363721568,2.2366687277651964
2023-02-09,1.0,1.0,1.8493219802283385,2.216900718058658
2023-02-10,1.0,1.0,1.853637534608528,2.2023514372844053
2023-02-13,1.0,1.0,1.8753972658828062,2.2376243695990587
2023-02-14,1.0,1.0,1.8745342999943166,2.2541581633003354
2023-02-15,1.0,1.0,1.8806216022168016,2.2714267668503982
2023-02-16,1.0,1.0,1.8547274060103718,2.2288050495235776
2023-02-17,1.0,1.0,1.8500944738865825,2.2130797526132575
2023-02-21,1.0,1.0,1.8129798362916592,2.160684904108576
2023-02-22,1.0,1.0,1.8104811208813385,2.162301440007618
2023-02-23,1.0,1.0,1.8201119187884143,2.1811874948224648
2023-02-24,1.0,1.0,1.8006685085884822,2.144664859429574
2023-02-27,1.0,1.0,1.806801771863832,2.1600237812019603
2023-02-28,1.0,1.0,1.800123500393786,2.157231000325415
2023-03-01,1.0,1.0,1.793218468397934,2.1398887098331816
2023-03-02,1.0,1.0,1.8071648206851996,2.1575982908290907
2023-03-03,1.0,1.0,1.8361479766117683,2.2022038345586292
2023-03-06,1.0,1.0,1.8374196623993928,2.2047025541907987
2023-03-07,1.0,1.0,1.8092545262212878,2.1776601329385694
2023-03-08,1.0,1.0,1.8122073426334142,2.1885360509931977
2023-03-09,1.0,1.0,1.778772344031094,2.15061771168634
2023-03-10,1.0,1.0,1.7531056332882127,2.12041521905389
2023-03-13,1.0,1.0,1.750607207852989,2.1361407448056458
2023-03-14,1.0,1.0,1.7795448376893386,2.185228605728637
2023-03-15,1.0,1.0,1.7684150135186385,2.1966926462720164
2023-03-16,1.0,1.0,1.7994419139284314,2.254598683063312
2023-03-17,1.0,1.0,1.7784017558572067,2.243943139310889
2023-03-20,1.0,1.0,1.795502167273874,2.2519072789426096
2023-03-21,1.0,1.0,1.8190781575678276,2.28406956962707
2023-03-22,1.0,1.0,1.788069235614045,2.253010752343683
2023-03-23,1.0,1.0,1.7929029754924644,2.2797275322334642
2023-03-24,1.0,1.0,1.80466784512546,2.2881177746177355
2023-03-27,1.0,1.0,1.8080422853285356,2.2724409920917013
2023-03-28,1.0,1.0,1.803984083846879,2.2603707505861808
2023-03-29,1.0,1.0,1.8302049370000104,2.3015860084515753
2023-03-30,1.0,1.0,1.8409211116949276,2.3233717130932576
2023-03-31,1.0,1.0,1.8668680833690003,2.3620111317627828
2023-04-03,1.0,1.0,1.873982042422197,2.3562704155165513
2023-04-04,1.0,1.0,1.8635848403339124,2.348321379419561
2023-04-05,1.0,1.0,1.8587054293777254,2.325137682449559
2023-04-06,1.0,1.0,1.865956256676677,2.340814464975593
2023-04-10,1.0,1.0,1.867871542191957,2.3394899307480084
2023-04-11,1.0,1.0,1.8683730541221122,2.324475186494331
2023-04-12,1.0,1.0,1.8607574381512118,2.3039414733452395
2023-04-13,1.0,1.0,1.8854733205512313,2.349057791158394
2023-04-14,1.0,1.0,1.8808675010990057,2.3446416091397473
2023-04-17,1.0,1.0,1.887616526492705,2.3466286393225593
2023-04-18,1.0,1.0,1.8888479057418548,2.3467755555240295
2023-04-19,1.0,1.0,1.8885287881476738,2.345672310964391
2023-04-20,1.0,1.0,1.8782227832273763,2.327787208587598
2023-04-21,1.0,1.0,1.8796820829027203,2.330216360423433
2023-04-24,1.0,1.0,1.8816433294708648,2.3253587432760696
2023-04-25,1.0,1.0,1.8517740096480513,2.281493272748329
2023-04-26,1.0,1.0,1.843930763226054,2.2953303989758918
2023-04-27,1.0,1.0,1.8806397256603602,2.3577425524699116
2023-04-28,1.0,1.0,1.8966914421389491,2.3740074574846974
2023-05-01,1.0,1.0,1.8947760116361207,2.3712844732459226
2023-05-02,1.0,1.0,1.8734802405169444,2.3506029285296197
2023-05-03,1.0,1.0,1.8606208598805534,2.3352213514551377
2023-05-04,1.0,1.0,1.8474420716748845,2.326978254113772
2023-05-05,1.0,1.0,1.881643329470865,2.376436838161968
2023-05-08,1.0,1.0,1.8821444064383752,2.3823237840853637
2023-05-09,1.0,1.0,1.8738907002666614,2.3672362682552572
2023-05-10,1.0,1.0,1.8826459183685307,2.3929962621039995
2023-05-11,1.0,1.0,1.879362820320991,2.400797924316649
2023-05-12,1.0,1.0,1.8769000618226908,2.3921866211058664
2023-05-15,1.0,1.0,1.8833756406999769,2.4051401905516903
2023-05-16,1.0,1.0,1.8707898515675476,2.4078634036319
2023-05-17,1.0,1.0,1.8934991062967514,2.4370084199917743
2023-05-18,1.0,1.0,1.9117399897696787,2.4822718828478343
2023-05-19,1.0,1.0,1.9089581136771974,2.476678311644508
2023-05-22,1.0,1.0,1.9097335070864112,2.4849950959280447
2023-05-23,1.0,1.0,1.8883007227339312,2.453494385833071
2023-05-24,1.0,1.0,1.8746201326230099,2.440909251098099
2023-05-25,1.0,1.0,1.890854243437573,2.500303443743227
2023-05-26,1.0,1.0,1.9153420604238502,2.564187047666302
2023-05-30,1.0,1.0,1.9160714927801996,2.575816082884541
2023-05-31,1.0,1.0,1.9054468052283666,2.561170002183151
2023-06-01,1.0,1.0,1.9235506754679903,2.5907564536717422
2023-06-02,1.0,1.0,1.9513674065671234,2.6101866934197604
2023-06-05,1.0,1.0,1.9476277427294537,2.612026578559667
2023-06-06,1.0,1.0,1.9518690634848272,2.6115849145895154
2023-06-07,1.0,1.0,1.9451196031284828,2.567278237774494
2023-06-08,1.0,1.0,1.9568851976992208,2.599146696056014
2023-06-09,1.0,1.0,1.9603963611605029,2.6090829911772517
2023-06-12,1.0,1.0,1.9781808238308485,2.653168607165762
2023-06-13,1.0,1.0,1.991222598803214,2.673554946430513
2023-06-14,1.0,1.0,1.9935940151459783,2.692985186178531
2023-06-15,1.0,1.0,2.018309897545998,2.725074476445127
2023-06-16,1.0,1.0,2.011434877972679,2.7079264723314735
2023-06-20,1.0,1.0,2.000999399171598,2.7040494407344213
2023-06-21,1.0,1.0,1.990746894656686,2.6671995620890345
2023-06-22,1.0,1.0,1.9979326225463747,2.6986696074316767
2023-06-23,1.0,1.0,1.9828282547094844,2.671916441753681
2023-06-26,1.0,1.0,1.9747269304512116,2.63609818029868
2023-06-27,1.0,1.0,1.9963764711886534,2.681423888025145
2023-06-28,1.0,1.0,1.9973835547003214,2.686656347443549
2023-06-29,1.0,1.0,2.0052560886071094,2.681276285299369
2023-06-30,1.0,1.0,2.02891950639279,2.722621753941456
2023-07-03,1.0,1.0,2.031253660935598,2.729034119800328
2023-07-05,1.0,1.0,2.0282327003756904,2.728959975175287
2023-07-06,1.0,1.0,2.012350474341262,2.708175909495964
2023-07-07,1.0,1.0,2.007269675680251,2.6991851871854347
2023-07-10,1.0,1.0,2.012350474341262,2.7000696593329145
2023-07-11,1.0,1.0,2.0251659237504667,2.7134090554386736
2023-07-12,1.0,1.0,2.041460349385193,2.7476796622666613
2023-07-13,1.0,1.0,2.0576632878768355,2.794331506110758
2023-07-14,1.0,1.0,2.056381742935915,2.7937424682562653
2023-07-17,1.0,1.0,2.063522089722933,2.8198322226132917
2023-07-18,1.0,1.0,2.0788549579362106,2.842899668134155
2023-07-19,1.0,1.0,2.083477885919155,2.8422369433374923
2023-07-20,1.0,1.0,2.069655208010734,2.7767173519933737
2023-07-21,1.0,1.0,2.069655208010734,2.7683895833209426
2023-07-24,1.0,1.0,2.0789009189890755,2.7728114863754723
2023-07-25,1.0,1.0,2.0845766015614564,2.7916050892504534
2023-07-26,1.0,1.0,2.0848967340684768,2.7823184749640655
2023-07-27,1.0,1.0,2.0710740561600556,2.7756855059615533
2023-07-28,1.0,1.0,2.091350709801041,2.8262441307892927
2023-07-31,1.0,1.0,2.0953325028446543,2.827717640791265
2023-08-01,1.0,1.0,2.0893363977901567,2.821158587572359
2023-08-02,1.0,1.0,2.060272193823993,2.7592510294432016
2023-08-03,1.0,1.0,2.0543681558627735,2.7548288975472364
2023-08-04,1.0,1.0,2.0450761938564708,2.7419313942530636
2023-08-07,1.0,1.0,2.062926915836467,2.7651464424997036
2023-08-08,1.0,1.0,2.053956101250024,2.741636417642947
2023-08-09,1.0,1.0,2.0402247654971384,2.7114931949422427
2023-08-10,1.0,1.0,2.0409569526169085,2.7165045935341356
2023-08-11,1.0,1.0,2.0397668948190724,2.6991851871854333
2023-08-14,1.0,1.0,2.051026627833201,2.7294762414533493
2023-08-15,1.0,1.0,2.0271342747084877,2.7005120098273716
2023-08-16,1.0,1.0,2.0122589871981793,2.671916441753681
2023-08-17,1.0,1.0,1.9969255390347074,2.6427309204597567
2023-08-18,1.0,1.0,1.9978869514686073,2.639415008062089
2023-08-21,1.0,1.0,2.010885665139077,2.6819394677789026
2023-08-22,1.0,1.0,2.0054389179057295,2.6781072891031714
2023-08-23,1.0,1.0,2.027774829697625,2.7203370010513037
2023-08-24,1.0,1.0,1.9996720381653617,2.6621881634971425
2023-08-25,1.0,1.0,2.013769322490584,2.682823939926383
2023-08-28,1.0,1.0,2.0265395357846665,2.703017594702601
2023-08-29,1.0,1.0,2.0558325301023146,2.762051133245677
2023-08-30,1.0,1.0,2.0642999479204724,2.777454679097949
2023-08-31,1.0,1.0,2.0612792773356623,2.785782905453251
2023-09-01,1.0,1.0,2.065123622183327,2.782834741242129
2023-09-05,1.0,1.0,2.0561987686497485,2.7863726298320493
2023-09-06,1.0,1.0,2.0423760907413273,2.761830301260601
2023-09-07,1.0,1.0,2.036105524257577,2.7420789969788406
2023-09-08,1.0,1.0,2.0391720109077034,2.7459109468131366
2023-09-11,1.0,1.0,2.0525829241784717,2.778265006620388
2023-09-12,1.0,1.0,2.041323191164343,2.74745860144015
2023-09-13,1.0,1.0,2.043703451747564,2.757923977959829
2023-09-14,1.0,1.0,2.0613248034258818,2.780476301409806
2023-09-15,1.0,1.0,2.036489596273472,2.7328660696346234
2023-09-18,1.0,1.0,2.0376837137226653,2.735715145504255
2023-09-19,1.0,1.0,2.033457906634978,2.7298840368910757
2023-09-20,1.0,1.0,2.0147637920855357,2.690545507636673
2023-09-21,1.0,1.0,1.9814629069655498,2.641242078081618
2023-09-22,1.0,1.0,1.977007439601087,2.641611199316776
2023-09-25,1.0,1.0,1.9853210256303189,2.6541585752149217
2023-09-26,1.0,1.0,1.956154170479839,2.6143030931581497
2023-09-27,1.0,1.0,1.956935363390992,2.620429636064317
2023-09-28,1.0,1.0,1.968280349083621,2.642350128311398
2023-09-29,1.0,1.0,1.9635034443242017,2.644268734905052
2023-10-02,1.0,1.0,1.9627226863756944,2.666336601036474
2023-10-03,1.0,1.0,1.9364494927175657,2.6195437908682253
2023-10-04,1.0,1.0,1.950550546719048,2.6551922519782254
2023-10-05,1.0,1.0,1.9498158948109539,2.647368620987786
2023-10-06,1.0,1.0,1.9729653317373106,2.691726329442882
2023-10-09,1.0,1.0,1.9855967919475077,2.705454298305801
2023-10-10,1.0,1.0,1.9959316493899506,2.7204372335999696
2023-10-11,1.0,1.0,2.0041074972481367,2.739848021825986
2023-10-12,1.0,1.0,1.9918893965386255,2.730327073909839
2023-10-13,1.0,1.0,1.9819680435844174,2.6960072661732593
2023-10-16,1.0,1.0,2.0028211677181167,2.726489174198225
2023-10-17,1.0,1.0,2.0027292456123873,2.7175586371851823
2023-10-18,1.0,1.0,1.9760426924535726,2.681909947233747
2023-10-19,1.0,1.0,1.9586807234994663,2.656815881961762
2023-10-20,1.0,1.0,1.9346122105033623,2.6171812318900662
2023-10-23,1.0,1.0,1.931259083469912,2.625079007505547
2023-10-24,1.0,1.0,1.9458196030124937,2.650616567479166
2023-10-25,1.0,1.0,1.9178926813765238,2.5857400205682737
2023-10-26,1.0,1.0,1.8949267986865292,2.5364372775375252
2023-10-27,1.0,1.0,1.8863377363152056,2.5486153033590777
2023-10-30,1.0,1.0,1.9088904044920625,2.5773259786747302
2023-10-31,1.0,1.0,1.920878554949701,2.589651836063494
2023-11-01,1.0,1.0,1.9413642806355793,2.6345997265802588
2023-11-02,1.0,1.0,1.9785692454731991,2.6824266711946816
2023-11-03,1.0,1.0,1.9966207752078253,2.7139420271415156
2023-11-06,1.0,1.0,2.0012136907682367,2.7250131469404644
2023-11-07,1.0,1.0,2.0069089466596606,2.7507717677405945
2023-11-08,1.0,1.0,2.0083789754135912,2.7525430004499074
2023-11-09,1.0,1.0,1.9927162605275457,2.7313605218317067
2023-11-10,1.0,1.0,2.0238120300228615,2.792767603741837
2023-11-13,1.0,1.0,2.021882970690477,2.784058814079611
2023-11-14,1.0,1.0,2.0611090619537595,2.8439889533662392
2023-11-15,1.0,1.0,2.065472607212493,2.84612930731071
2023-11-16,1.0,1.0,2.0679987252694745,2.84856555323104
2023-11-17,1.0,1.0,2.0705710943544173,2.849229651076315
2023-11-20,1.0,1.0,2.0865098655327485,2.883918351206617
2023-11-21,1.0,1.0,2.081962041099911,2.8671644120445703
2023-11-22,1.0,1.0,2.090000440762148,2.878899629688794
2023-11-24,1.0,1.0,2.091286190341974,2.874840669150669
2023-11-27,1.0,1.0,2.087520138770483,2.8723309651296045
2023-11-28,1.0,1.0,2.089586791286365,2.879859848351362
2023-11-29,1.0,1.0,2.088117052507531,2.877054023513004
2023-11-30,1.0,1.0,2.0963387164310334,2.869821489949975
2023-12-01,1.0,1.0,2.1087406613520034,2.878014242175573
2023-12-04,1.0,1.0,2.0976711520014666,2.8512963180786155
2023-12-05,1.0,1.0,2.097257647513232,2.858455164699474
2023-12-06,1.0,1.0,2.088806323312954,2.841922744046809
2023-12-07,1.0,1.0,2.104744369553543,2.88163085221924
2023-12-08,1.0,1.0,2.1137928974659657,2.894472975886067
2023-12-11,1.0,1.0,2.1220148513645647,2.919198377605765
2023-12-12,1.0,1.0,2.131706689029546,2.9424470655433956
2023-12-13,1.0,1.0,2.161103059469253,2.979867445887015
2023-12-14,1.0,1.0,2.1680388288253805,2.9772840549237802
2023-12-15,1.0,1.0,2.164469090394517,2.991676121631974
2023-12-18,1.0,1.0,2.176644564764778,3.010519383098417
2023-12-19,1.0,1.0,2.1898803330769954,3.0259021043800756
2023-12-20,1.0,1.0,2.159534874145008,2.980938423804274
2023-12-21,1.0,1.0,2.1800110306526874,3.01562254710587
2023-12-22,1.0,1.0,2.1843924093798828,3.0201341560030417
2023-12-26,1.0,1.0,2.193615937263308,3.038622942086187
2023-12-27,1.0,1.0,2.1975822166392356,3.0448080683997945
2023-12-28,1.0,1.0,2.198412415341771,3.0433283796790684
2023-12-29,1.0,1.0,2.192048041914161,3.0301574108696983
2024-01-02,1.0,1.0,2.1797805004506214,2.9788806816179503
2024-01-03,1.0,1.0,2.161978929249556,2.947359604635234
2024-01-04,1.0,1.0,2.1550150323090254,2.932190850095592
2024-01-05,1.0,1.0,2.1579666888207645,2.935668553388025
2024-01-08,1.0,1.0,2.1887736431195295,2.996342885022287
2024-01-09,1.0,1.0,2.1854532832720333,3.002262555270932
2024-01-10,1.0,1.0,2.19781289182885,3.0226104491745502
2024-01-11,1.0,1.0,2.196844085029978,3.0288996983412244
2024-01-12,1.0,1.0,2.198366309301358,3.0304537605284265
2024-01-16,1.0,1.0,2.1902957224033606,3.030157410869698
2024-01-17,1.0,1.0,2.1781202480330997,3.0130654729076953
2024-01-18,1.0,1.0,2.1974900045584094,3.055832733387375
2024-01-19,1.0,1.0,2.2248840969537547,3.116433149238031
2024-01-22,1.0,1.0,2.229588362951391,3.1205033230064867
2024-01-23,1.0,1.0,2.236090909512692,3.133451400257863
2024-01-24,1.0,1.0,2.238535399579885,3.150839916720029
2024-01-25,1.0,1.0,2.250710438987501,3.154687885454797
2024-01-26,1.0,1.0,2.247851429519234,3.13589313837264
2024-01-29,1.0,1.0,2.2656527107452025,3.1680059993070726
2024-01-30,1.0,1.0,2.2639003912344022,3.1469182610430915
2024-01-31,1.0,1.0,2.2269595937100934,3.085282566539085
2024-02-01,1.0,1.0,2.2561064405788844,3.121612975126314
2024-02-02,1.0,1.0,2.2798571408687436,3.1743700796230945
2024-02-05,1.0,1.0,2.271556168756229,3.1702262189124686
2024-02-06,1.0,1.0,2.278151072385905,3.163862825120754
2024-02-07,1.0,1.0,2.2971516906128118,3.1964196384396915
2024-02-08,1.0,1.0,2.298166168489452,3.2023393086883365
2024-02-09,1.0,1.0,2.311448187829631,3.2338599279881826
2024-02-12,1.0,1.0,2.310433564965442,3.2212072850297937
2024-02-13,1.0,1.0,2.278611987802489,3.1709662921142665
2024-02-14,1.0,1.0,2.2993191094748795,3.2055208911634763
2024-02-15,1.0,1.0,2.315183792015943,3.215065867430331
2024-02-16,1.0,1.0,2.3036542371741127,3.1859126127787856
2024-02-20,1.0,1.0,2.290971596359306,3.1618650393904812
2024-02-21,1.0,1.0,2.293046948128096,3.149212167590657
2024-02-22,1.0,1.0,2.340502822617595,3.2414075762076355
2024-02-23,1.0,1.0,2.3421168240071557,3.231862599940781
2024-02-26,1.0,1.0,2.3335386357019674,3.2301602485034966
2024-02-27,1.0,1.0,2.3378739083887488,3.237929872915202
2024-02-28,1.0,1.0,2.334784223730867,3.220689188020247
2024-02-29,1.0,1.0,2.3431776978993057,3.2482886093260253
2024-03-01,1.0,1.0,2.3651760786783647,3.297197745088037
2024-03-04,1.0,1.0,2.3626393765303453,3.2854330068986584
2024-03-05,1.0,1.0,2.3390268493741773,3.22646056901881
2024-03-06,1.0,1.0,2.350879436473997,3.246734775980258
2024-03-07,1.0,1.0,2.3742154723752336,3.29601440602604
2024-03-08,1.0,1.0,2.359964501248634,3.2484366697346716
2024-03-11,1.0,1.0,2.3579354005078055,3.236375810727999
2024-03-12,1.0,1.0,2.383300682137419,3.282769063750194
2024-03-13,1.0,1.0,2.379564932963558,3.257537693617022
2024-03-14,1.0,1.0,2.374861246916116,3.2493248033451176
2024-03-15,1.0,1.0,2.3585536274144787,3.210700259368888
2024-03-18,1.0,1.0,2.372571023600494,3.2413222183522645
2024-03-19,1.0,1.0,2.3857559012831984,3.249397803762982
2024-03-20,1.0,1.0,2.4078221362349406,3.2879250901292045
2024-03-21,1.0,1.0,2.415779052894938,3.303484019316053
2024-03-22,1.0,1.0,2.411199621176534,3.3072633356202275
2024-03-25,1.0,1.0,2.404538023274562,3.295260602338124
2024-03-26,1.0,1.0,2.4000967646898492,3.2845910992581473
2024-03-27,1.0,1.0,2.4202667074951614,3.2957782416647996
2024-03-28,1.0,1.0,2.4198040522279958,3.289703416923013
2024-04-01,1.0,1.0,2.41559419377064,3.296668206006727
2024-04-02,1.0,1.0,2.4002355177737345,3.2682170368787182
2024-04-03,1.0,1.0,2.4028722613301974,3.2755520914047667
2024-04-04,1.0,1.0,2.3735425851627867,3.2254667106652515
2024-04-05,1.0,1.0,2.3983385006895612,3.263475442339057
2024-04-08,1.0,1.0,2.399680070475548,3.264438178257414
2024-04-09,1.0,1.0,2.402456002078542,3.2765152850059938
2024-04-10,1.0,1.0,2.3783998130240582,3.2479162843107736
2024-04-11,1.0,1.0,2.3963495614996595,3.2997797630026615
2024-04-12,1.0,1.0,2.363272247179413,3.2471752957432343
2024-04-15,1.0,1.0,2.3336652098317807,3.1937556952912267
2024-04-16,1.0,1.0,2.329408955358915,3.1940520449499554
2024-04-17,1.0,1.0,2.3156229593002564,3.1550808061992286
2024-04-18,1.0,1.0,2.3108579435198116,3.137076248593203
2024-04-19,1.0,1.0,2.2906880007144994,3.0721729272343787
2024-04-22,1.0,1.0,2.3117831090665937,3.103068809415823
2024-04-23,1.0,1.0,2.339216348100025,3.1493751026925993
2024-04-24,1.0,1.0,2.338106033453847,3.160044376931141
2024-04-25,1.0,1.0,2.3292238062595185,3.144781568561586
2024-04-26,1.0,1.0,2.351290766149003,3.1933115140652863
2024-04-29,1.0,1.0,2.3596175460451456,3.206277440948617
2024-04-30,1.0,1.0,2.322238596149363,3.1458191356292895
2024-05-01,1.0,1.0,2.3146977937534725,3.1230729834836035
2024-05-02,1.0,1.0,2.336347914441108,3.1629341865762584
2024-05-03,1.0,1.0,2.3653080173474703,3.226503820050085
2024-05-06,1.0,1.0,2.3897342146256477,3.261845404795332
2024-05-07,1.0,1.0,2.392370958182111,3.262363730646313
2024-05-08,1.0,1.0,2.3926023583094684,3.260437572285294
2024-05-09,1.0,1.0,2.406388354368127,3.2675499640947843
2024-05-10,1.0,1.0,2.409487753191756,3.2752557417460384
2024-05-13,1.0,1.0,2.409811220412391,3.2828130013057746
2024-05-14,1.0,1.0,2.4208676808835654,3.303928887066299
2024-05-15,1.0,1.0,2.450846031342828,3.3555699318830636
2024-05-16,1.0,1.0,2.4458030744319674,3.348753889732302
2024-05-17,1.0,1.0,2.449319022482349,3.347124081030011
2024-05-20,1.0,1.0,2.452141060125756,3.3704620171274136
2024-05-21,1.0,1.0,2.4581551436362643,3.3770565407687934
2024-05-22,1.0,1.0,2.4510771414950883,3.3763890103019887
2024-05-23,1.0,1.0,2.4331740790100946,3.361200804240345
2024-05-24,1.0,1.0,2.449272626466839,3.3929861930808465
2024-05-28,1.0,1.0,2.4509843494640684,3.40580360187266
2024-05-29,1.0,1.0,2.433821593401559,3.3817983641498888
2024-05-30,1.0,1.0,2.417675780004014,3.345567959269891
2024-05-31,1.0,1.0,2.439695908915343,3.3393441587537165
2024-06-03,1.0,1.0,2.441685428055439,3.3572741140518305
2024-06-04,1.0,1.0,2.4444146736678256,3.366460953472422
2024-06-05,1.0,1.0,2.4734672786301117,3.4343286867842746
2024-06-06,1.0,1.0,2.4734211725896986,3.433143059307924
2024-06-07,1.0,1.0,2.4704147107846386,3.430105418095595
2024-06-10,1.0,1.0,2.478047145311162,3.4439599362722415
2024-06-11,1.0,1.0,2.4840154127563534,3.467594908552678
2024-06-12,1.0,1.0,2.50441603075128,3.513012839377574
2024-06-13,1.0,1.0,2.509458697687044,3.532054277526997
2024-06-14,1.0,1.0,2.5109859965226202,3.5503547271088807
2024-06-17,1.0,1.0,2.530970210278343,3.5938455842070156
2024-06-18,1.0,1.0,2.537400988003152,3.5949572958997607
2024-06-20,1.0,1.0,2.530507989973823,3.5672475730221618
2024-06-21,1.0,1.0,2.5271155713147375,3.557689552793494
2024-06-24,1.0,1.0,2.5189002868433676,3.51718644947479
2024-06-25,1.0,1.0,2.52860053378616,3.55740762014519
2024-06-26,1.0,1.0,2.531756622741241,3.564754345584439
2024-06-27,1.0,1.0,2.535747839975505,3.573955830856891
2024-06-28,1.0,1.0,2.525769216939651,3.5554038845375993
2024-07-01,1.0,1.0,2.530967600502471,3.576256831488951
2024-07-02,1.0,1.0,2.548000447721552,3.6138062784020857
2024-07-03,1.0,1.0,2.559370951222711,3.6439350840923654
2024-07-05,1.0,1.0,2.5741295237565023,3.6819298564386167
2024-07-08,1.0,1.0,2.577100318624639,3.6906864739608225
2024-07-09,1.0,1.0,2.579606283412383,3.693877210093375
2024-07-10,1.0,1.0,2.6051322112457007,3.732391452497785
2024-07-11,1.0,1.0,2.5826690003862494,3.6505392190740285
2024-07-12,1.0,1.0,2.5989592213820703,3.671985551867143
2024-07-15,1.0,1.0,2.606106817546512,3.681855254130705
2024-07-16,1.0,1.0,2.6215613303129555,3.683265146213661
2024-07-17,1.0,1.0,2.584804087025009,3.5751432890647235
2024-07-18,1.0,1.0,2.564939922959419,3.5582238975449463
2024-07-19,1.0,1.0,2.547907655690532,3.526684970930275
2024-07-22,1.0,1.0,2.5741759197720127,3.579224676063509
2024-07-23,1.0,1.0,2.5701383065222387,3.566609334259076
2024-07-24,1.0,1.0,2.511892168700555,3.4386739279579728
2024-07-25,1.0,1.0,2.4988044326753247,3.400753300236762
2024-07-26,1.0,1.0,2.526790219255973,3.4356314810755024
2024-07-29,1.0,1.0,2.528275471702493,3.442532881081635
2024-07-30,1.0,1.0,2.515466111770324,3.3952617923135846
2024-07-31,1.0,1.0,2.556353760339065,3.495740345523109
2024-08-01,1.0,1.0,2.5201538491874347,3.411068556774876
2024-08-02,1.0,1.0,2.473232398801594,3.330107203058789
2024-08-05,1.0,1.0,2.401203309659769,3.2308158792156623
2024-08-06,1.0,1.0,2.4233407334978097,3.261686817680658
2024-08-07,1.0,1.0,2.407143304533009,3.2263635402502358
2024-08-08,1.0,1.0,2.4627898156106376,3.3250607917272927
2024-08-09,1.0,1.0,2.473650252916282,3.3424257375216215
2024-08-12,1.0,1.0,2.474949921300761,3.3496239448693537
2024-08-13,1.0,1.0,2.5156516958323643,3.432736865760243
2024-08-14,1.0,1.0,2.523588314235576,3.4338508658673406
2024-08-15,1.0,1.0,2.5668433194957245,3.5206003060067697
2024-08-16,1.0,1.0,2.5725981652695697,3.5251270184386723
2024-08-19,1.0,1.0,2.5971955928424895,3.5714330828740133
2024-08-20,1.0,1.0,2.5929723955306745,3.5639380681846813
2024-08-21,1.0,1.0,2.6018833302596,3.5805608812042946
2024-08-22,1.0,1.0,2.581462124032791,3.5237912709807575
2024-08-23,1.0,1.0,2.6088914484024137,3.5620087060435672
2024-08-26,1.0,1.0,2.60267235249837,3.5274275613878614
2024-08-27,1.0,1.0,2.6062460055930425,3.5379650229596638
2024-08-28,1.0,1.0,2.59111626493517,3.49781822575574
2024-08-29,1.0,1.0,2.5913476650625276,3.4926978986406385
2024-08-30,1.0,1.0,2.6160845706570752,3.5343289613939946
2024-09-03,1.0,1.0,2.5622483741096347,3.427023381644814
2024-09-04,1.0,1.0,2.5570044644565955,3.418118017189656
2024-09-05,1.0,1.0,2.550784788602358,3.4213094398465143
2024-09-06,1.0,1.0,2.5078551354009746,3.3296614199428016
2024-09-09,1.0,1.0,2.5359334240375464,3.3724799409039905
2024-09-10,1.0,1.0,2.5469791554301344,3.4036476867105856
2024-09-11,1.0,1.0,2.5731088114152785,3.477559122329023
2024-09-12,1.0,1.0,2.594782710060863,3.5116951703930472
2024-09-13,1.0,1.0,2.6083344062411946,3.5274275613878623
2024-09-16,1.0,1.0,2.6121867254040247,3.5118436884845647
2024-09-17,1.0,1.0,2.6132538337607594,3.5136986771592023
2024-09-18,1.0,1.0,2.6055039593199765,3.4984859850639807
2024-09-19,1.0,1.0,2.64996526098339,3.5869425823108356
2024-09-20,1.0,1.0,2.6453842344019525,3.580115555771179
2024-09-23,1.0,1.0,2.65199508666196,3.589604923569253
2024-09-24,1.0,1.0,2.6595825750484576,3.60692021077212
2024-09-25,1.0,1.0,2.653716958787582,3.610264041824896
2024-09-26,1.0,1.0,2.664238125229808,3.637388159469532
2024-09-27,1.0,1.0,2.6603742070631,3.6171752820127474
2024-09-30,1.0,1.0,2.671034851526953,3.626984341295952
2024-10-01,1.0,1.0,2.6471063965026707,3.576452033233273
2024-10-02,1.0,1.0,2.648224250501369,3.5815048521249575
2024-10-03,1.0,1.0,2.6433819563575898,3.5788296957461627
2024-10-04,1.0,1.0,2.6674034933879893,3.621411365821804
2024-10-07,1.0,1.0,2.643288874351472,3.5826197675977967
2024-10-08,1.0,1.0,2.6682879174336525,3.6361247259051757
2024-10-09,1.0,1.0,2.686769770212136,3.664735626355032
2024-10-10,1.0,1.0,2.682067824015275,3.660573916012452
2024-10-11,1.0,1.0,2.6981283847343205,3.6662956384195526
2024-10-14,1.0,1.0,2.7201949096611595,3.69706153866574
2024-10-15,1.0,1.0,2.6990600747207845,3.6476434595515945
2024-10-16,1.0,1.0,2.7107907272923413,3.6480894715090173
2024-10-17,1.0,1.0,2.711024157245377,3.6506161097962946
2024-10-18,1.0,1.0,2.7214516617312916,3.674544685638237
2024-10-21,1.0,1.0,2.716982565537273,3.6816044439176054
2024-10-22,1.0,1.0,2.715539649454906,3.685617407327233
2024-10-23,1.0,1.0,2.6907264804098636,3.629139341092283
2024-10-24,1.0,1.0,2.6965462806054226,3.6585676631490736
2024-10-25,1.0,1.0,2.6956145906189586,3.680861395777148
2024-10-28,1.0,1.0,2.703947604979685,3.6814556969846524
2024-10-29,1.0,1.0,2.708323909142683,3.7168286330065365
2024-10-30,1.0,1.0,2.7001306627786805,3.6887385756634496
2024-10-31,1.0,1.0,2.6471994785087856,3.5956245975251293
2024-11-01,1.0,1.0,2.658372508968929,3.6222283297458664
2024-11-04,1.0,1.0,2.652646080754584,3.61167645116364
2024-11-05,1.0,1.0,2.6847216761024555,3.657750012700704
2024-11-06,1.0,1.0,2.7514782930441926,3.757106327511459
2024-11-07,1.0,1.0,2.7727534759314865,3.816259778966639
2024-11-08,1.0,1.0,2.784764244446686,3.8207182966508184
2024-11-11,1.0,1.0,2.787417806558772,3.81848846570514
2024-11-12,1.0,1.0,2.778758860189086,3.8115772255172886
2024-11-13,1.0,1.0,2.7801086942653357,3.8066726958756862
2024-11-14,1.0,1.0,2.7622325994643573,3.780217252905031
2024-11-15,1.0,1.0,2.7268521579366753,3.690150756160758
2024-11-18,1.0,1.0,2.7380251883968194,3.7157883198416086
2024-11-19,1.0,1.0,2.748033678867658,3.7413519677388534
2024-11-20,1.0,1.0,2.748964788903928,3.7391967391010867
2024-11-21,1.0,1.0,2.7637224915124277,3.752647580985843
2024-11-22,1.0,1.0,2.7722880659008995,3.7586667972588494
2024-11-25,1.0,1.0,2.781691958294621,3.7646120977482496
2024-11-26,1.0,1.0,2.7962165209251824,3.7848245175221633
2024-11-27,1.0,1.0,2.787744028542828,3.7550250146572974
2024-11-29,1.0,1.0,2.8050616313071024,3.788020059324857
2024-12-02,1.0,1.0,2.8100892195378253,3.82926369352823
2024-12-03,1.0,1.0,2.8113926575985646,3.841004632208337
2024-12-04,1.0,1.0,2.8288500283595637,3.888491060767016
2024-12-05,1.0,1.0,2.82419476815331,3.877715832943925
2024-12-06,1.0,1.0,2.8295482883929917,3.912419636608958
2024-12-09,1.0,1.0,2.814977039771823,3.8819512302286756
2024-12-10,1.0,1.0,2.80622501139602,3.8687241952676543
2024-12-11,1.0,1.0,2.827919498273487,3.9379825979818968
2024-12-12,1.0,1.0,2.8133476697021247,3.9125683835419105
2024-12-13,1.0,1.0,2.812789177665421,3.942516862181164
2024-12-16,1.0,1.0,2.8247999461806206,3.9992910492334075
2024-12-17,1.0,1.0,2.8131612157147927,3.9816794123718124
2024-12-18,1.0,1.0,2.729319556036526,3.838032897329378
2024-12-19,1.0,1.0,2.728481238031276,3.8209402728430697
2024-12-20,1.0,1.0,2.7612527736118,3.854307184843011
2024-12-23,1.0,1.0,2.777788023564534,3.891858233646193
2024-12-24,1.0,1.0,2.808663411986176,3.944631814726316
2024-12-26,1.0,1.0,2.808850445923701,3.9419511661530735
2024-12-27,1.0,1.0,2.7792834251394463,3.88955105429538
2024-12-30,1.0,1.0,2.7475671089366815,3.8378200747945383
2024-12-31,1.0,1.0,2.7375710873950116,3.80521886623715
2025-01-02,1.0,1.0,2.730845115021519,3.797775798553634
2025-01-03,1.0,1.0,2.764989682686048,3.8599270728113986
2025-01-06,1.0,1.0,2.7809180147608896,3.904289358095201
2025-01-07,1.0,1.0,2.749481814501768,3.834619727321703
2025-01-08,1.0,1.0,2.7534991294947564,3.835290003885731
2025-01-10,1.0,1.0,2.711459989816072,3.775148415112875
2025-01-13,1.0,1.0,2.715664628721683,3.76301592873695
2025-01-14,1.0,1.0,2.7194009578457377,3.7594427985659915
2025-01-15,1.0,1.0,2.7688666497321184,3.845933876724953
2025-01-16,1.0,1.0,2.7635418370270335,3.8189889419241667
2025-01-17,1.0,1.0,2.7912878142025135,3.8834478532156154
2025-01-21,1.0,1.0,2.81683751999378,3.9062235259064564
2025-01-22,1.0,1.0,2.8326721901123104,3.9561686268461247
2025-01-23,1.0,1.0,2.848133082330887,3.964579922642445
2025-01-24,1.0,1.0,2.839818916351461,3.942174973076809
2025-01-27,1.0,1.0,2.7996486661725464,3.8274000088790516
2025-01-28,1.0,1.0,2.823704130289288,3.8839686963223845
2025-01-29,1.0,1.0,2.81104526743243,3.8766746044132563
2025-01-30,1.0,1.0,2.8261326717261492,3.8931978714085087
2025-01-31,1.0,1.0,2.811092533373231,3.8875413688104716
2025-02-03,1.0,1.0,2.7921751379991453,3.856429002631222
2025-02-04,1.0,1.0,2.8109057894108016,3.903767599622689
2025-02-05,1.0,1.0,2.8223023906706852,3.921482215130175
2025-02-06,1.0,1.0,2.8321116682499268,3.941951166153073
2025-02-07,1.0,1.0,2.8061881845587062,3.892231245185751
2025-02-10,1.0,1.0,2.825245347929516,3.9393464929363544
2025-02-11,1.0,1.0,2.8273943533729287,3.9299681132344064
2025-02-12,1.0,1.0,2.818285945602988,3.93227529258522
2025-02-13,1.0,1.0,2.8480397103496715,3.988844437711423
2025-02-14,1.0,1.0,2.847899362402753,4.005592426996151
2025-02-18,1.0,1.0,2.856261084298077,4.014672397466453
2025-02-19,1.0,1.0,2.862987056671569,4.015790059036516
2025-02-20,1.0,1.0,2.851076329564813,3.9987432028372702
2025-02-21,1.0,1.0,2.8023109275375395,3.915751567907096
2025-02-24,1.0,1.0,2.7895589826745644,3.8695283440713384
2025-02-25,1.0,1.0,2.775685994086824,3.8207757358510794
2025-02-26,1.0,1.0,2.7770880236805224,3.8300051397786397
2025-02-27,1.0,1.0,2.732759820586604,3.7236410136943316
2025-02-28,1.0,1.0,2.775406168118278,3.782442735863438
2025-03-03,1.0,1.0,2.726781114037922,3.699673534808387
2025-03-04,1.0,1.0,2.694504855922969,3.68850859002096
2025-03-05,1.0,1.0,2.7234646688542345,3.7365920658843677
2025-03-06,1.0,1.0,2.675120020692619,3.633800841129583
2025-03-07,1.0,1.0,2.6901137630300265,3.6605221978480698
2025-03-10,1.0,1.0,2.61846091657648,3.518653551916573
2025-03-11,1.0,1.0,2.5966939359247783,3.510242713803123
2025-03-12,1.0,1.0,2.610473552531304,3.5498405204037344
2025-03-13,1.0,1.0,2.5756748010480814,3.4859775122098378
2025-03-14,1.0,1.0,2.6288771120336136,3.570235326801592
2025-03-17,1.0,1.0,2.649149271060596,3.5933835533491205
2025-03-18,1.0,1.0,2.6205162600635807,3.532125904896249
2025-03-19,1.0,1.0,2.649055609104285,3.579390586104111
2025-03-20,1.0,1.0,2.641395626943553,3.567258099728186
2025-03-21,1.0,1.0,2.6422670021098535,3.5790184899302937
2025-03-24,1.0,1.0,2.689586008353597,3.657557557053606
2025-03-25,1.0,1.0,2.6960515830900387,3.678429726685524
2025-03-26,1.0,1.0,2.6638652172551365,3.6107443799976147
2025-03-27,1.0,1.0,2.6567909847902205,3.5901699330730374
2025-03-28,1.0,1.0,2.603286809728775,3.495648808948985
2025-03-31,1.0,1.0,2.620762738895978,3.495499604333162
2025-04-01,1.0,1.0,2.628164933195532,3.5236770791045378
2025-04-02,1.0,1.0,2.644796744855547,3.549394966129183
2025-04-03,1.0,1.0,2.514459318233745,3.3593826590367915
2025-04-04,1.0,1.0,2.3672553451109573,3.1507353361840904
2025-04-07,1.0,1.0,2.363038817226372,3.1583388217137602
2025-04-08,1.0,1.0,2.3260269758033134,3.101461884857062
2025-04-09,1.0,1.0,2.5703050422029703,3.47373289353061
2025-04-10,1.0,1.0,2.457676684726311,3.325987370698871
2025-04-11,1.0,1.0,2.501528458735959,3.3872621822593914
2025-04-14,1.0,1.0,2.5257967645738537,3.4102218434642233
2025-04-15,1.0,1.0,2.5187225321089377,3.414023357387623
2025-04-16,1.0,1.0,2.4627364601927937,3.3110785800297435
2025-04-17,1.0,1.0,2.466249798467303,3.310482219249321
2025-04-21,1.0,1.0,2.4075465149052953,3.2285585872977474
2025-04-22,1.0,1.0,2.4701856304580514,3.313315276218481
2025-04-23,1.0,1.0,2.5084623432539566,3.3884549038202367
2025-04-24,1.0,1.0,2.561262748755132,3.4837961956484467
2025-04-25,1.0,1.0,2.5797686694666613,3.522633333318081
2025-04-28,1.0,1.0,2.5807525549705743,3.521515214065148
2025-04-29,1.0,1.0,2.597009718805344,3.5447728268187557
2025-04-30,1.0,1.0,2.598040000324767,3.5443256706541564
2025-05-01,1.0,1.0,2.6164522590799852,3.5906170892376372
2025-05-02,1.0,1.0,2.6552915235639514,3.6439158614118003
2025-05-05,1.0,1.0,2.6400652211987983,3.6222981263836367
2025-05-06,1.0,1.0,2.617998406296862,3.5886046576555053
2025-05-07,1.0,1.0,2.6290084707525265,3.6026930517790405
2025-05-08,1.0,1.0,2.6473267775763363,3.639890311723231
2025-05-09,1.0,1.0,2.6439534972736487,3.6375050974429763
2025-05-12,1.0,1.0,2.7313296634085007,3.7856977764393145
2025-05-13,1.0,1.0,2.7493675643135713,3.843394652158735
2025-05-14,1.0,1.0,2.7528806126129837,3.8664284579886075
2025-05-15,1.0,1.0,2.766326467882933,3.870677585759477
2025-05-16,1.0,1.0,2.7838487930656464,3.887524892227131
2025-05-19,1.0,1.0,2.7868938215585994,3.8912518038426183
2025-05-20,1.0,1.0,2.77752385625122,3.878281071289146
2025-05-21,1.0,1.0,2.7307201357547366,3.8243859383345606
2025-05-22,1.0,1.0,2.7317982631651545,3.831542267699631
2025-05-23,0.998,0.998,2.71315170453161,3.796059487788797
2025-05-27,1.0177866291235733,1.0252613923370424,2.7695591102636055,3.8853623406634346
2025-05-28,0.9993035303262148,1.0077832468491492,2.753536536282259,3.8681424803390927
2025-05-29,0.999148036529143,1.0023020638454891,2.7644059628159083,3.8757464235516332
2025-05-30,0.9888361884448369,0.9873061469884619,2.7613139583572512,3.8696336111315843
2025-06-02,0.9853939486233351,0.980487896958363,2.776868512532139,3.9001972155489564
2025-06-03,1.0011044441582635,1.000046126423044,2.792703472625766,3.9306848446098046
2025-06-04,0.9947654985499117,0.9997801513567877,2.7919538870001794,3.9416431455811454
2025-06-05,0.9967202153242289,1.0002460406125189,2.778460475814332,3.911974768858713
2025-06-06,1.0079864545599004,1.0156693274962307,2.8069931554278065,3.950215088065055
2025-06-09,1.0191605583424546,1.033698554521047,2.8095226081984026,3.956030406619198
2025-06-10,1.0288820952219446,1.0423800902198104,2.825451810198535,3.982194763284136
2025-06-11,1.0199294341948173,1.0340054101696914,2.817393402254609,3.9687768745660645
2025-06-12,1.0153505452852247,1.0262705327228872,2.828590790622896,3.978094382446219
2025-06-13,0.9944545823648818,1.0018954588561568,2.796966686500958,3.928151112238033
2025-06-16,1.0077341044703345,1.0184880518148665,2.8235779911221175,3.9827911240645584
2025-06-17,0.9946421103261933,1.0027071213308392,2.7994503232062384,3.9439535287120533
2025-06-18,0.9994406875357773,1.0107490831211903,2.7990281194650954,3.9432830233065896
2025-06-20,0.9945024619554323,1.0090210542477878,2.7924546739925926,3.9271821976009225
2025-06-23,0.997740525053928,1.0106454281128965,2.820037105213399,3.9675626419103
2025-06-24,0.9996059008938692,1.0201717698234865,2.8511905797530055,4.0282349139716445
2025-06-25,0.9867827638715906,1.012089914019899,2.8527883425371376,4.0385327785606755
2025-06-26,1.002427992626028,1.0265163842572005,2.8751080157236046,4.076294819167215
2025-06-27,0.9958687769636441,1.0261848895595045,2.8893924789739005,4.090249569892528
2025-06-30,1.004546625653164,1.0420203949833375,2.903207182567156,4.1167425428585736
2025-07-01,1.0142076337924268,1.0460657378351073,2.902267663253075,4.082040569925023
2025-07-02,1.0325120031182589,1.0694808960478352,2.9154247033264733,4.110474118262513
2025-07-03,1.04117210378295,1.0772144696413106,2.938402040032797,4.150921841953871
2025-07-07,1.0275547918425243,1.072726480910002,2.916505440512764,4.119653405915739
2025-07-08,1.0392097714728203,1.0801159160097338,2.914907677728632,4.121966992826741
2025-07-09,1.046271183343588,1.0921219771362531,2.932387666547192,4.1511461065604776
2025-07-10,1.052774058736649,1.0996483890637219,2.9406577563118828,4.145175633513193
2025-07-11,1.0516275166614468,1.088078134762601,2.9303198541309223,4.1358471412441435
2025-07-14,1.0539451919393954,1.0951201148906422,2.935911733900288,4.150847239645961
2025-07-15,1.0327202274664384,1.0842146988068087,2.9233659613312364,4.154653330398066
2025-07-16,1.0506989085757958,1.1122272542872942,2.933139281998457,4.15890657731477
2025-07-17,1.0566494350958877,1.1137236429830601,2.9510887404989616,4.192563660254687
2025-07-18,1.0492361566713286,1.1141594441964273,2.9489278460765744,4.188534220261717
2025-07-21,1.039001255523258,1.0877131643978264,2.9545188559206492,4.210250814789935
2025-07-22,1.0642036330491407,1.0973736785106811,2.954941929587083,4.188459617953805
2025-07-23,1.0804928358618988,1.1068779399028887,2.980081030641085,4.207563758656504
2025-07-24,1.0745031637546079,1.0962602843768212,2.9810678158959676,4.2165196970688665
2025-07-25,1.080878372715263,1.0870637141514374,2.9936608544058205,4.226669272407816
2025-07-28,1.0805816154919332,1.0690250226921212,2.9929089489794585,4.239877542371142
2025-07-29,1.086340047007554,1.061118030314702,2.985015246890594,4.233310708543435
2025-07-30,1.0755856323431054,1.0688679497583342,2.981255719758784,4.238982772359073
2025-07-31,1.086766194361546,1.0557950579334812,2.9700722501951504,4.216519697068867
2025-08-01,1.032225649976189,1.0170859652398658,2.9213918108712797,4.133458952025229
2025-08-04,1.0429748006732775,1.0371599826715046,2.965796277415693,4.209728140951684
2025-08-05,1.0432155193232833,1.0252363050839688,2.9507599087390353,4.181145845681242
2025-08-06,1.0406944705842198,1.0426304015014223,2.97336201766992,4.233758322390905
2025-08-07,1.0363428809680986,1.0469330181132597,2.9708714215623138,4.248086542338647
2025-08-08,1.05464958052078,1.0548586453148343,2.9940366621314536,4.287713640642977
2025-08-11,1.0378937825811079,1.0479217068255429,2.9881159506021597,4.275026671469291
2025-08-12,1.0729726792036332,1.0742986185101657,3.019927668611817,4.328758640480499
2025-08-13,1.1088288579067636,1.1030890203086914,3.030265280817681,4.330923022775678
2025-08-14,1.1111396736527872,1.0917707096674731,3.0305471366119057,4.327565461236783
2025-08-15,1.1005930452989958,1.0875702445659987,3.0234520259400104,4.308535007476254
2025-08-18,1.1053595831080651,1.0897970039519227,3.022794072445057,4.306818239028545
2025-08-19,1.089271062714025,1.0815749791281568,3.006394820812787,4.248385409253162
2025-08-20,1.086655021470837,1.0746933052695813,2.99840658684232,4.223161590887355
2025-08-21,1.095131205076752,1.0720155358050951,2.98637783987111,4.203608920971446
2025-08-22,1.12679906398327,1.1052137584038506,3.032238561352349,4.268459837641584
2025-08-25,1.1268917030892704,1.092982459553727,3.018894197366328,4.2561463376903275
2025-08-26,1.1294490690377148,1.0977456443011382,3.0315336318916914,4.273236216079412
2025-08-27,1.132768153893179,1.1045145520178887,3.0384414186509647,4.27980350758999
2025-08-28,1.1270778359927072,1.103754854331434,3.049201814548165,4.306594432104812
2025-08-29,1.1234834281183699,1.102371522673194,3.0310171862440436,4.256743613836492
2025-09-02,1.1155281706297586,1.0954011382458433,3.0085562951853677,4.22107181090009
2025-09-03,1.109355500154781,1.0926370107254928,3.0248615948862296,4.254280822309667
2025-09-04,1.1240748692778317,1.1042655310399847,3.050141623837343,4.292788428312453
2025-09-05,1.1277188226823964,1.1065060792217059,3.0413075325091063,4.298982250600602
2025-09-08,1.131772381438966,1.1090093670844388,3.0487790308568283,4.3199528220497045
2025-09-09,1.1278819004151566,1.1026909801216653,3.0558274555381164,4.33219217737592
2025-09-10,1.1155063935749596,1.088160805365711,3.064661256891256,4.333609621226241
2025-09-11,1.140835185112179,1.1192918899365671,3.0901291897051855,4.358833439592048
2025-09-12,1.137516643824491,1.1072328989814753,3.089095138509502,4.37808678491057
2025-09-15,1.1323540307883686,1.09992563985201,3.105541076132379,4.415549958602592
2025-09-16,1.1386839688487724,1.1051848114458656,3.1012653933280188,4.411818927841269
2025-09-17,1.139123922684196,1.1080163490934383,3.0974122042398977,4.403013567093342
2025-09-18,1.1549961648463518,1.124123554345442,3.111884861328107,4.442714352339843
2025-09-19,1.138589330058663,1.1116076447826087,3.127297617680591,4.472789151451389
2025-09-22,1.1439697383076397,1.1127383304119292,3.1420930170516934,4.499268393931317
2025-09-23,1.1356423465169652,1.104460703949609,3.1249888359587654,4.469383075528209
2025-09-24,1.1376667150280741,1.1090633858733974,3.115046459810029,4.453692791357492
2025-09-25,1.1214115821752333,1.0927659832364736,3.1006752940057485,4.43449162188622
2025-09-26,1.132368177115664,1.1032861517327957,3.118438878469115,4.452721588306028
2025-09-29,1.1316955046967618,1.1040479487122543,3.1272033757740867,4.473342490041973
2025-09-30,1.1310786297190296,1.1107365298351988,3.13898274416193,4.485595575854307
2025-10-01,1.126979826355185,1.1095165788742372,3.1496790555627063,4.507113078333804
2025-10-02,1.1311067674676158,1.1148663439741795,3.153306934000506,4.525642369350999
2025-10-03,1.1412568461732842,1.1224260295001816,3.1532605379849956,4.506590404495551
2025-10-06,1.1603706998279828,1.1340212759728534,3.1645686968403135,4.540435595095294
2025-10-07,1.1490033235884554,1.1204755611191972,3.1528363044181744,4.516527614982531
2025-10-08,1.1549335512557581,1.1287937370909213,3.1716365498530963,4.568303905087564
2025-10-09,1.1443419426502206,1.1149785861879693,3.1624483989314975,4.562775096010431
2025-10-10,1.1064559546481785,1.0739453895673587,3.0769741794574657,4.404381581193634
2025-10-13,1.1226304495327224,1.0963639750481398,3.124187634765924,4.497848661666641
2025-10-14,1.1357242130044523,1.1032720488636756,3.120370982540017,4.467888740955621
2025-10-15,1.142654358324114,1.1037266933668348,3.134223962846068,4.499417598547138
2025-10-16,1.112622200422518,1.0795994094456165,3.1128791859355096,4.482756569007828
2025-10-17,1.1053436497067333,1.0804725232114702,3.1305488184674677,4.512193815880595
2025-10-20,1.1234953852043283,1.0914854800292286,3.163108092277033,4.56905038584955
2025-10-21,1.111074413132192,1.0949175325878906,3.1630608263362316,4.567855833557223
2025-10-22,1.112607914029599,1.0824217768412738,3.1466160486137427,4.5238491678638955
2025-10-23,1.1233872249064871,1.1140422161380297,3.1652756561266493,4.56187895294975
2025-10-24,1.1242516635073962,1.1274468538008557,3.1911440445494517,4.610591971601701
2025-10-27,1.1535571765363468,1.1374376181354378,3.228792091335194,4.692703024688795
2025-10-28,1.1438663286719886,1.1286681730863797,3.2373678148520586,4.728789030623111
2025-10-29,1.1219759880957345,1.1246770129407606,3.2389226613218436,4.750083183861744
2025-10-30,1.1265204981951444,1.1361007713608755,3.203300960513509,4.677461269731288
2025-10-31,1.1351832224525011,1.146982376547311,3.2138084981261787,4.70002457757016
2025-11-03,1.1148032287688194,1.140039909074049,3.2198396901674062,4.7225128254182485
2025-11-04,1.0861991982721528,1.1318800431250158,3.181672877933241,4.626655724994846
2025-11-05,1.096536684771367,1.140006242432834,3.1926988910192375,4.65676576568743
2025-11-06,1.0915206241781243,1.136129783570514,3.158443552867678,4.570022504266754
2025-11-07,1.1086168068682918,1.147776971939834,3.1615529558321516,4.5556022900620174
2025-11-10,1.1291910687167603,1.153181338024335,3.210886709049425,4.65639138109926
2025-11-11,1.141929992996317,1.1593323288737354,3.2182375777568204,4.643989090671102
2025-11-12,1.1557605968108775,1.1568127217499227,3.22002788400532,4.640328085388984
2025-11-13,1.1312915586848862,1.1368440235290753,3.166595042817721,4.5455913926328675
2025-11-14,1.1265602699712214,1.1365697160453279,3.1660762773692976,4.54902767562551
2025-11-17,1.1058004732420594,1.1031714792552427,3.1365800105086956,4.510176349786886
2025-11-18,1.1175758287555078,1.1129781943678303,3.110240412553368,4.455262185920858
2025-11-19,1.1099018692851612,1.1104943341323321,3.1222558206701194,4.481859968264276
2025-11-20,1.098116364732941,1.095827318796179,3.074665687710738,4.375766332756506
2025-11-21,1.1227809694295132,1.130868720512781,3.1052928574494008,4.408640320304786
2025-11-24,1.1345273419316455,1.1414491236952822,3.1509984422537776,4.521383630239845
2025-11-25,1.1623176822167298,1.1718041017255154,3.1806365069367826,4.549251940232114
2025-11-26,1.1712207330591387,1.176242669921607,3.2025940012271725,4.58944793834463
2025-11-28,1.1859460573419163,1.1834533875438134,3.220075149946121,4.626655724994844
2025-12-01,1.1685235181152287,1.1751690876006526,3.205373992481524,4.611114645439949
2025-12-02,1.1592036809730604,1.1692745202743233,3.2113109426162465,4.647202024422877
2025-12-03,1.1817778922851385,1.193083640590502,3.222431197608748,4.65855850949166
2025-12-04,1.1922409368627898,1.1979028864552483,3.2247872452713744,4.654225168072595
2025-12-05,1.2030050936752117,1.1924575403597528,3.23091238924401,4.6732020729372605
2025-12-08,1.200938935525919,1.190217051928147,3.2212060528241815,4.664236980867486
2025-12-09,1.2119682469803368,1.1947652277510215,3.21842606156983,4.669989596868353
2025-12-10,1.2237866581176053,1.2110042681296478,3.239770838480389,4.689116164031712
2025-12-11,1.2241060832727262,1.2250486135086915,3.247309901025698,4.673949469064988
2025-12-12,1.220220245232051,1.2118361604870254,3.212394869528603,4.58459146540444
2025-12-15,1.20046245793416,1.1998924408706668,3.2075415563311402,4.561579628352357
2025-12-16,1.1943921777055528,1.193619905146798,3.1987773490012654,4.570620238095785
2025-12-17,1.1858290973257555,1.1910991479763493,3.163579301809558,4.485893985085948
2025-12-18,1.1987033553750461,1.1973869117435065,3.1874683202206566,4.55089547942052
2025-12-19,1.2069318086175052,1.1999399048454238,3.2163579591784632,4.610218044696395
2025-12-22,1.2292625535560495,1.2119265302760172,3.236395238376926,4.632317262104454
2025-12-23,1.2197962846412855,1.203771948201396,3.251187158046865,4.654011887854883
2025-12-24,1.2234221134629781,1.2075849903379037,3.262623775870127,4.667627495573063
2025-12-26,1.2132842975714018,1.2037153555601063,3.2622929142845196,4.667328628658546
2025-12-29,1.2016091675690395,1.202753569532948,3.250667232698054,4.644735571433084
2025-12-30,1.1959832402246593,1.1978526633122673,3.2466974736209635,4.633962632024346
2025-12-31,1.1917305211042593,1.1910923916377054,3.2226431694046096,4.5956600679476
2026-01-02,1.1892063812842277,1.1847052571057246,3.228550252104347,4.586757678431101
2026-01-05,1.2068794271961674,1.1926655297116528,3.2500530654427373,4.62319015029848
2026-01-06,1.2200027109013263,1.2149184609437966,3.2693816455042817,4.663812251163546
2026-01-07,1.2247416810261953,1.2185469626909848,3.258843080556239,4.668301204758622
2026-01-08,1.2361920034162301,1.2257977977626693,3.2585122189706324,4.6417432408249475
2026-01-09,1.2396543429860494,1.2338180445495852,3.2800620082747267,4.6879760760009885
2026-01-12,1.2588363812912393,1.2346695238383412,3.285213125896745,4.691865922718418
2026-01-13,1.2638028605090266,1.2306577358499518,3.2786443200257933,4.6849086854020685
2026-01-14,1.2763145357524173,1.24390375143329,3.2625289540134266,4.63486060581651
2026-01-15,1.2725220496816958,1.2312904781755238,3.2714137909836274,4.651543604133609
2026-01-16,1.261288282069015,1.2179181556117045,3.268672656392266,4.647653299733308
2026-01-20,1.2699447080652142,1.1985156189900794,3.202132940823039,4.548904101250436
2026-01-21,1.2807750522301606,1.2172411818891422,3.239089107027485,4.61039791406455
2026-01-22,1.3044229734824868,1.2331028397573272,3.2560077040583724,4.643912657631702
2026-01-23,1.3084118863997614,1.2169793572631604,3.257188772628204,4.6585754437578695
2026-01-26,1.3056142614001343,1.217106211305597,3.2737295321077795,4.679073686484487
2026-01-27,1.3172331367731747,1.2127594792998753,3.286772611968081,4.721490819568139
2026-01-28,1.3040776703469965,1.1956786170871547,3.286441750382474,4.737125724111511
2026-01-29,1.2856710874549302,1.1886081252356364,3.279920210452323,4.708772727959251
2026-01-30,1.2569836571649997,1.194056912508865,3.270137900557097,4.652216397953424
2026-02-02,1.254400289713397,1.193755130577788,3.286394484441673,4.684160831591467
2026-02-03,1.2708479325572664,1.1887037119883155,3.2586067508522336,4.612193403966003
2026-02-04,1.26706080689413,1.2008282836655222,3.242822536400571,4.531622453738557
2026-02-05,1.2143139271939525,1.1778988577816578,3.202322004586243,4.466388456505708
2026-02-06,1.2651519918311207,1.2208989630170595,3.263757868474252,4.560798821375069
2026-02-09,1.2719770051757782,1.2190847779388951,3.279494816985114,4.595735127938379
2026-02-10,1.2722947220772303,1.2168466729682947,3.2708465996940146,4.57441397141038
2026-02-11,1.267164832144486,1.219497633121483,3.2700906346162957,4.586683076123187
2026-02-12,1.246658179657522,1.202787649338948,3.219571463202737,4.493394949652594
2026-02-13,1.2592088636419154,1.2008348582540427,3.221839648410991,4.50297013298891
2026-02-17,1.2591412022177206,1.2036977964878344,3.22703803197381,4.498331974778011
2026-02-18,1.2721057545348535,1.2148113944825574,3.243294905833483,4.531922236018816
2026-02-19,1.2786687735777755,1.2087871614085235,3.234741220423986,4.514565528516157
2026-02-20,1.2796897002126477,1.2118561581226381,3.2581343814193198,4.554514377878536
2026-02-23,1.2561025201087703,1.1762464768894523,3.224864378647158,4.49915488857939
2026-02-24,1.2765457787875432,1.1864218580527535,3.248304225633098,4.547482538254275
2026-02-25,1.2935455867888956,1.1943937409073972,3.2757144116463235,4.613390244672682
2026-02-26,1.3026646496138818,1.2050076237285732,3.2575196342138093,4.5577314307761485
2026-02-27,1.2872357198771809,1.182066192640165,3.2418772175845496,4.543143704640763
2026-03-02,1.299779195337268,1.1865408386391145,3.2437202993006915,4.549128365857037
2026-03-03,1.2794466840307313,1.1804766104352056,3.2151293346927323,4.500426789276852
2026-03-04,1.296236468148136,1.1920351964145874,3.2378132166009537,4.5690275017060085
2026-03-05,1.2859600784586391,1.18608378026566,3.219760236990843,4.555262689372005
2026-03-06,1.2688982953242314,1.1617429250420113,3.177558421282776,4.48673657925076
2026-03-09,1.2606169167209065,1.1567353481651408,3.2053937107881136,4.546659624452894
2026-03-10,1.2580685486359633,1.1434158047788034,3.200242593166095,4.546734684443677
2026-03-11,1.2521710059652562,1.134554827598478,3.1962258581233005,4.546135577566031
2026-03-12,1.2267521363502305,1.1098865258518387,3.14769127627319,4.468108886416382
2026-03-13,1.2228861099001007,1.1090241523435813,3.129874916342181,4.44162598247349
2026-03-16,1.2289304709995266,1.1099823834652036,3.1617272308654094,4.491449797452444
2026-03-17,1.2339350189392293,1.1210850920994184,3.1700442965958042,4.513369145492349
2026-03-18,1.2107591746755693,1.1102046202216063,3.125810625383488,4.450454227364949
2026-03-19,1.2025497897786757,1.1041743131633712,3.118107436933312,4.436389632750686
2026-03-20,1.1809011515077024,1.0861944877488352,3.0734071957900215,4.354397577209954
2026-03-23,1.2146562950444364,1.1116034284824148,3.1056779443781326,4.4043815811936255
2026-03-24,1.2024093444545276,1.1090929468040647,3.0952527596929933,4.3742697097695595
2026-03-25,1.2115290692669825,1.1115724377949918,3.1125016383592934,4.4030332474567695
2026-03-26,1.2141041798922096,1.1118386820587762,3.056916312027119,4.297941937435666
2026-03-27,1.1896997421077764,1.088495395673864,3.0047900986263256,4.213974522625323
2026-03-30,1.1858521777547515,1.086849758881946,2.9947439113928853,4.18176554828806
2026-03-31,1.218104161152864,1.1072781487038175,3.0817947254689724,4.323334640780734
2026-04-01,1.2230358714034968,1.1060681675605675,3.1050144813563367,4.3767416549538
2026-04-02,1.2462332453691,1.1190867775027162,3.107810421241019,4.381760147630187
2026-04-06,1.2595843255928838,1.1249502359906516,3.1225005596519324,4.408126800123941
2026-04-07,1.252024196958506,1.1172100261991367,3.123874461661228,4.408800966992369
2026-04-08,1.2559909128006583,1.1368285935190587,3.203438408709456,4.539883629553315
2026-04-09,1.246593877713548,1.1310324307903092,3.2219191015875515,4.5705946078550275
2026-04-10,1.239738227221263,1.1299083829871253,3.2197869146997613,4.577186156557748
2026-04-13,1.2672961781642307,1.1535642006370153,3.251252112468577,4.6245256689149565
2026-04-14,1.2750997207740546,1.1577753196036487,3.290868220237242,4.708493083725299
2026-04-15,1.2962427096445763,1.1726084930669105,3.3168363600933906,4.774409486118248
2026-04-16,1.2955111683324054,1.174043588825235,3.324986980118143,4.797404846586989
2026-04-17,1.327891262479952,1.2329181910628826,3.3651717290519043,4.860174679244401
2026-04-20,1.349904023359459,1.2476952075790368,3.3584422769772484,4.844744358944197
2026-04-21,1.3272371263129872,1.2277963191739267,3.336454915251873,4.826318046572892
2026-04-22,1.3459894044763576,1.242032886907878,3.3702422335969735,4.907065204705527
2026-04-23,1.3173469037689236,1.2170292836515304,3.3571631968246516,4.879425278465699
2026-04-24,1.310609096029864,1.2170841944185893,3.383178892596699,4.9727564271261295
2026-04-27,1.3195458236638793,1.235975959537962,3.3890073920451664,4.9753780346090615
2026-04-28,1.3173716487843778,1.2395069228234132,3.372516508282264,4.925341854778139
2026-04-29,1.3011188845006325,1.219236811288257,3.371995423033065,4.955453268519335
2026-04-30,1.3349886647199352,1.2248703067218398,3.4055455417488703,5.001669169429162
2026-05-01,1.3468528359117584,1.2336793000989827,3.414975821876413,5.04968330633767
2026-05-04,1.341350163385705,1.2161591703869936,3.4024654262691874,5.040170367871759
2026-05-05,1.3428678996163372,1.2026070916153249,3.429760782144025,5.105561808012102
2026-05-06,1.3446027530293703,1.208445016455925,3.4774323981056465,5.211626609499022
2026-05-07,1.3272654277799594,1.2119964352426,3.4667703037663085,5.205409445384471
2026-05-08,1.3264787010169872,1.2020100835289522,3.49539229570964,5.327428614058459
2026-05-11,1.3137001140520101,1.1702366801819308,3.5033532720209943,5.342858934358662
2026-05-12,1.3012670920517748,1.1638784283755141,3.498045857821726,5.297541922606739
2026-05-13,1.2943330868351313,1.148958744089691,3.517616857064311,5.353495941954825
2026-05-14,1.3023353450270343,1.1578804551329371,3.5453860322475457,5.391546780452728
2026-05-15,1.288597128638593,1.14669216409559,3.502737364915096,5.310200973125317
2026-05-18,1.2984987363803353,1.170860476519585,3.500273156541311,5.2873548172724005
2026-05-19,1.2893644199698948,1.1635901876574448,3.4769585787972477,5.254771916029838
2026-05-20,1.3107447843786917,1.1806164638744514,3.512593908435138,5.341810840584935
2026-05-21,1.3188242407424458,1.1868342139688337,3.519559690213799,5.351997488236403
2026-05-22,1.3260340401918647,1.192794778438984,3.5333970118646154,5.374693524107756
2026-05-26,1.3272835356871306,1.1961376986890622,3.556853967381276,5.470122233364255
2026-05-27,1.3350266616743731,1.2099947483580706,3.556237770300281,5.463905069249704
2026-05-28,1.3538160219178852,1.226361272017748,3.5758560354836675,5.509970850177967
2026-05-29,1.358118017199002,1.2339829327936251,3.5847649403869144,5.5302700008558645
2026-06-01,1.3698445306213285,1.2436605205441313,3.5945266620502583,5.5634529243418145
2026-06-02,1.3596616123166252,1.2307225832220006,3.599407812857027,5.589069892293487
2026-06-03,1.3306132105998099,1.203340268078908,3.5741501119883776,5.574463858843277
2026-06-04,1.352833132972039,1.2221620230428412,3.587655702128296,5.547498099471877
2026-06-05,1.326270011272719,1.2055473055355903,3.495060564198742,5.281212713148632
2026-06-08,1.32118440397248,1.2061970304652871,3.5029739845941985,5.363682589606295
2026-06-09,1.336529071867381,1.2225120058732875,3.4926911776816563,5.301961308405482
2026-06-10,1.3346072830789744,1.215429209381952,3.4376269365986807,5.196046626900126
2026-06-11,1.3590196948108153,1.244561463038705,3.4960557587314356,5.371547412055091
2026-06-12,1.3644089540130653,1.250209584663812,3.5149632949522247,5.403157279514708
2026-06-15,1.3604226946862654,1.247990308546682,3.57694605187306,5.572890802816945
2026-06-16,1.3578628429273119,1.2492208560201823,3.555621863194384,5.466975663628718
2026-06-17,1.3459637863303264,1.2238276368921066,3.5112197164507464,5.4119209911214075
2026-06-18,1.3508660701741793,1.238216950669554,3.5477258413047443,5.547573159462659
2026-06-22,1.3401415505426513,1.223316817325676,3.5365612201224117,5.5336481581239365
2026-06-23,1.3458684510954761,1.2315083422469326,3.485203440728506,5.3514304191597
2026-06-24,1.3464923334816863,1.2479722007091183,3.4835879894634605,5.328709210730463
2026-06-25,1.3388553810434394,1.2445144614017905,3.488623986971995,5.371901658596952
2026-06-26,1.3668380563865385,1.279777072973135,3.463396443513427,5.297964821579196
2026-06-29,1.3730841725768843,1.2779581322754603,3.520455423288244,5.429641556506212
2026-06-30,1.374015094655882,1.280380035584157,3.5478685090524382,5.522025301624452
2026-07-01,1.390296345795758,1.3030062614672377,3.543070001148297,5.4378148572098075
2026-07-02,1.402409306641555,1.3156116306440249,3.5384141609918496,5.343556443053493
2026-07-06,1.40738143757654,1.3100476281935665,3.5692953489154307,5.420193151325058
2026-07-07,1.3991252180535203,1.3055467712918827,3.5523344155203906,5.319785767801916
2026-07-08,1.3856959405840785,1.2855265010700136,3.5413597280265527,5.334858180097292
2026-07-09,1.3889337143615081,1.289941548368287,3.5713382234733637,5.4236427071209485
2026-07-10,1.3883445018216634,1.2863790255463685,3.5867312615192564,5.440364608482051
2026-07-13,1.3797993863740812,1.2869665616529886,3.5592706198391637,5.337107691406407
2026-07-14,1.3711890730033975,1.2772903406330607,3.5719083145139447,5.396722258353741
2026-07-15,1.373087336094231,1.2826693307943686,3.5860660586468787,5.382099748320188
2026-07-16,1.3700099587891723,1.303107187266188,3.566634537425921,5.2936154612596615
2026-07-17,1.3517727462977003,1.2887864253052732,3.5313349989502854,5.214054617127682
2026-07-20,1.3552129940685687,1.2963076010094565,3.525634088544471,5.2195285042603405
2026-07-21,1.323780181173021,1.2787185181846015,3.5550424929507005,5.3163362120060285
2026-07-22,1.3374169383749177,1.2616242764041574,3.5509088979438395,5.289191040949344
