Date,overnight,intraday
2004-01-02,,-0.001070536931015345
2004-01-05,0.006587984497759464,0.005191812268527274
2004-01-06,0.0009994385463341637,0.002014089207947739
2004-01-07,-0.0024514076473460406,0.005268957284638831
2004-01-08,0.003973428551775723,0.0008976551853194514
2004-01-09,0.0016571079078090134,-0.0009276078953676936
2004-01-12,0.0011842484000381126,0.004022907496958564
2004-01-13,-0.000311650251845319,-0.001753790093413865
2004-01-14,0.0018481116389341967,0.0026759602674159
2004-01-15,-0.00042504448603238043,-0.0008281550508460883
2004-01-16,0.0021729023561555677,-0.0015629748451083253
2004-01-20,0.004829849216094251,0.0010012267218289794
2004-01-21,0.0006824197201816401,0.0022445524608190326
2004-01-22,0.001966983532673855,-0.0018904239420431262
2004-01-23,0.001051474861505225,-0.00620476541743549
2004-01-26,0.0005831323140963046,0.0034025222432179647
2004-01-27,0.00038008375801137917,-0.0051323911051601445
2004-01-28,0.0028999061551904792,-0.014706401478687667
2004-01-29,-0.0005361976118710976,-0.0022871455476509567
2004-01-30,0.0004037007519081537,0.00044086338593332663
2004-02-02,0.0008410460220654448,-0.000990804533170575
2004-02-03,0.0014954090018936689,-0.0016326613767902454
2004-02-04,-0.00368937866824319,-0.0055094114243792736
2004-02-05,0.003035326355498247,-0.001695636923314467
2004-02-06,0.006150879705772258,0.008355048726551975
2004-02-09,0.005240146708275217,-0.001199256497974352
2004-02-10,-0.0003716880439610243,0.0014951838709303805
2004-02-11,-0.0002866532170721914,0.009426769243493782
2004-02-12,-5.44364640666789e-05,-0.00432560646897677
2004-02-13,0.005287447439091486,-0.006644223181221376
2004-02-17,0.007155285684825735,0.0023068012044470676
2004-02-18,0.002022039765893241,-0.0066915645792768735
2004-02-19,0.004142011437444415,-0.008235191351482277
2004-02-20,-0.0005475858469053824,-0.005276829694944668
2004-02-23,0.0034618022337822574,-0.0062311938074789824
2004-02-24,-0.002238181861453928,0.001128104476414718
2004-02-25,0.0018875665034072675,0.0020120156416466167
2004-02-26,-0.001116054210765216,0.0024325300039891307
2004-02-27,0.0040212624012931075,0.0010997724559288768
2004-03-01,0.004157806120031526,0.005249285539660337
2004-03-02,-0.0016133920961920872,-0.0063308287562390125
2004-03-03,-0.0026878715308700507,0.0009200601122438951
2004-03-04,-0.00039973663308912055,0.005877190995738774
2004-03-05,0.003915128833595682,0.00359804496578163
2004-03-08,0.002803124952687988,-0.009220702143062476
2004-03-09,0.0016183519591190937,-0.003680079895595184
2004-03-10,0.00015162403351202947,-0.011054117776204991
2004-03-11,-0.003253677450297393,-0.00586151612776975
2004-03-12,0.0034607982236049967,0.004657553809952683
2004-03-15,-0.0034909894195459396,-0.0075261315531049144
2004-03-16,0.003949100981635076,0.0019189921841496205
2004-03-17,0.0063467049298483735,0.00340384717378496
2004-03-18,-0.001782622917789356,-0.0003954767997701447
2004-03-19,-0.00035234085680133087,-0.0084100440190501
2004-03-22,-0.0013949451714986988,-0.006106170048916046
2004-03-23,0.004673684702934264,-0.0028208676368642743
2004-03-24,0.0014016719866103977,-0.0007042781081861987
2004-03-25,0.0032336462062117766,0.007201770872984181
2004-03-26,-0.0009594420888546784,-0.002930473129671013
2004-03-29,0.004413635693621729,0.0039844040558281585
2004-03-30,0.000297552855254235,0.0030210853024865564
2004-03-31,0.002559695556219266,0.0015645016366656883
2004-04-01,0.0009578473586493857,0.004185989151611835
2004-04-02,0.0004717325520701976,-0.0004666079932280909
2004-04-05,-0.002006115083631202,0.0028975198915973666
2004-04-06,-0.0013333845318400789,-0.00014689026599579158
2004-04-07,0.0009073839636834918,-0.0008844098691521279
2004-04-08,0.004364629758515176,-0.006341593331827988
2004-04-12,0.0013297275656228985,0.0004272255133779962
2004-04-13,-0.0017120125481027842,-0.010906696929367979
2004-04-14,-0.007740157487725621,0.0047135055991487235
2004-04-15,-0.0014747953755361448,-0.0055558253032678695
2004-04-16,0.0036274779507377564,0.00199078807914084
2004-04-19,-0.00017898647255527866,0.0021646266498847877
2004-04-20,0.0006889869368093549,-0.014107525226916176
2004-04-21,0.0018825455016832499,0.002964679318666119
2004-04-22,-0.0010286886460028205,0.010523445584240287
2004-04-23,-0.0003376528500712711,0.00016770211460021
2004-04-26,0.0013417110863543774,-0.0037624650683611566
2004-04-27,0.0007059093046374726,-0.0001225783156981186
2004-04-28,-0.003648092741013617,-0.011524505582440822
2004-04-29,-0.0023727703343702083,-0.010093521807174238
2004-04-30,0.001693976919571627,-0.01016857330282954
2004-05-03,0.0031087590266615645,0.003854638925987211
2004-05-04,0.005736783524388694,-0.002184139377891081
2004-05-05,0.0038032544208580765,-0.0005901075415493257
2004-05-06,-0.006811777473786029,-0.003333152853903884
2004-05-07,-0.008449497305530948,-0.009286111002644579
2004-05-10,-0.010882939350705001,-0.004229412416999825
2004-05-11,0.005439061636322254,0.005845754709830259
2004-05-12,0.001028745470612366,0.0008558766466609524
2004-05-13,-0.005871214988539639,-0.0004059615135278555
2004-05-14,0.0015274665780779378,-0.0038795891596987153
2004-05-17,-0.009069561969185333,0.0017885994432002422
2004-05-18,0.006771432973548333,0.0008911764211032708
2004-05-19,0.01225301408640582,-0.010156092007179596
2004-05-20,0.002293543295958822,0.0006170279411374519
2004-05-21,0.006949251152638669,-0.002825742852035698
2004-05-24,0.008768657027515475,-0.001968057270810647
2004-05-25,-0.0006868394955807794,0.012753826373534949
2004-05-26,0.0014537305886334062,0.0017860687488450294
2004-05-27,0.006988903242268002,0.0011269352502755459
2004-05-28,0.00011425793296750142,-0.0013443975213358883
2004-06-01,-0.002877780517418299,0.0007390190783763823
2004-06-02,0.0014191591200752723,-0.0021370753271779813
2004-06-03,-0.004367077198579414,-0.003909261946548601
2004-06-04,0.006137198740711447,-0.0012136517784375467
2004-06-07,0.005989942320144451,0.008524675469022691
2004-06-08,-0.003905550216391815,0.0019069101014509149
2004-06-09,-0.003404441429684338,-0.00823491768185021
2004-06-10,0.0020839386633935836,0.001992074569210356
2004-06-14,-0.008651051467355522,-0.00694135181492031
2004-06-15,0.009405017054192,0.005682957522076454
2004-06-16,-0.0013262740353382346,-0.0011199334880826473
2004-06-17,-0.001004087067048548,0.0021857410781803144
2004-06-18,0.00012215388347106004,-0.0004290122209036351
2004-06-21,0.003364850190681362,-0.004652100600296513
2004-06-22,0.0003085662400276329,0.0037791058753535584
2004-06-23,-0.0010936607851388808,0.008925983215763503
2004-06-24,0.004453126393405463,-0.00286563166815941
2004-06-25,-0.0006604711218126669,0.0035686503271440823
2004-06-28,0.003038088106894876,-0.008091963862613752
2004-06-29,0.0004089277589484075,0.005286724841339879
2004-06-30,0.002555171540699036,0.0049086970919236805
2004-07-01,-0.0019830314700108598,-0.006398333502492165
2004-07-02,0.004464969454251885,-0.0009295341834989063
2004-07-06,-0.002502773033449174,-0.007670885703176061
2004-07-07,0.0008928976997925192,0.002877155760509481
2004-07-08,-0.0031602306601432317,-0.0038047529761677384
2004-07-09,0.00306104338599536,0.0003800567556851986
2004-07-12,-0.0009482358448081596,0.0003782302086556971
2004-07-13,0.00022911903202814388,-0.0010732664512049656
2004-07-14,-0.00428889420907784,5.9529812718187025e-05
2004-07-15,0.0003113935199850204,-0.0036501597363942234
2004-07-16,0.008413696308337715,-0.004820847358164224
2004-07-19,0.0011671127881635046,-0.002056043513836814
2004-07-20,4.1954629109608454e-05,0.004797175189729039
2004-07-21,0.001512505157384103,-0.016100644225009758
2004-07-22,0.00017159733918541142,0.002809451576884614
2004-07-23,-0.0020775895158445523,-0.006356453210938182
2004-07-26,0.0008691776682186458,-0.005535466506048553
2004-07-27,0.0012248571426681787,0.003695335896586091
2004-07-28,-0.0023550524242459403,0.0020549884984075034
2004-07-29,0.0017593755300868152,0.00352115778938189
2004-07-30,0.0021101818694861246,0.0023447973697300617
2004-08-02,-0.002236869311145376,0.0028250864757545235
2004-08-03,-0.0006318308381868809,-0.004756800327799682
2004-08-04,-0.0025469664933189945,0.0029042465252271804
2004-08-05,0.0032085843021004146,-0.011547387975913023
2004-08-06,0.0035790004828450267,-0.007430973943657035
2004-08-09,0.0023626659871546496,-0.0021883480380972264
2004-08-10,0.002566229269972256,0.0036185314741734864
2004-08-11,-0.004920879508840154,0.0027259719758728485
2004-08-12,-0.0034144186652795977,-0.0036702533125645143
2004-08-13,0.004895449331077301,-0.002383876595351997
2004-08-16,0.0001419421299652529,0.006981316435786394
2004-08-17,0.0033248601894351193,0.0024739243753188894
2004-08-18,-0.002127910244705475,0.009416453483734974
2004-08-19,0.00038777238493815924,-0.001575400178045902
2004-08-20,-0.0007033990234437404,0.005461203881895305
2004-08-23,3.3668339428361005e-06,-0.0022044864816099935
2004-08-24,0.0013238022428394974,-0.0011434633430026375
2004-08-25,0.0013619113461707105,0.005772616240610096
2004-08-26,0.00031802991264846814,2.2681623459697153e-06
2004-08-27,0.0013396390891267929,0.0007692123401392414
2004-08-30,-0.001336585393942047,-0.002842988345801753
2004-08-31,0.0014138023622763118,0.002743162019966827
2004-09-01,0.0020846705398709503,0.0022783310707987087
2004-09-02,-0.0006415653592577591,0.006553944423445271
2004-09-03,-0.00504621634011207,-0.0034641840709844773
2004-09-07,0.0034860738579454986,0.0033202887160485584
2004-09-08,-0.003721269698019905,0.0044598326915768205
2004-09-09,-0.0004977082987174253,0.0020323654093477306
2004-09-10,0.003021772950804885,0.0031812654810268737
2004-09-13,0.002524621599604482,0.0030529858067821214
2004-09-14,-5.227352334370716e-05,0.0006932856425593131
2004-09-15,-0.002280242301323704,-0.0035279555575467164
2004-09-16,0.002576844617704438,0.004594388112071718
2004-09-17,-0.00048640799506133314,0.0009123316821914446
2004-09-20,-0.0011336883077447402,0.0013902519198370905
2004-09-21,0.002689176933141496,0.003043384948792388
2004-09-22,-0.0035600783080999288,-0.0039989839180869236
2004-09-23,2.1579955666178874e-05,-0.0021319035438657763
2004-09-24,0.000825307536382977,-0.0005449803233705669
2004-09-27,-0.0015638972086995384,-0.001692731390242841
2004-09-28,0.0016663956276892766,0.0027229263353437394
2004-09-29,-0.002710929553707303,0.004362402123348473
2004-09-30,-0.0018040396347507191,0.002917918694249893
2004-10-01,0.002766824813929067,0.009310500852467294
2004-10-04,0.0026103798201906952,0.001529611008725013
2004-10-05,-0.0012908744087432404,0.0010828527945721841
2004-10-06,-0.00045998907910822014,0.003855711473759244
2004-10-07,-0.0018050725040952534,-0.006266044733217655
2004-10-08,0.0036029398495508826,-0.003950206353184795
2004-10-11,0.0019710640435634716,0.0003482144428394883
2004-10-12,-0.005690852888460989,0.0025051654364034695
2004-10-13,0.0021867951759416814,-0.005759132654721857
2004-10-14,0.00048102552977889886,-0.0024659213812654704
2004-10-15,0.002057667759349741,0.0028949337221684988
2004-10-18,-0.0006851536651770987,0.005795662812481561
2004-10-19,0.0021383175358547935,-0.006090842778990117
2004-10-20,-0.00019173933380415656,0.0019069379698431908
2004-10-21,0.0013010246403664105,0.0057150033529438
2004-10-22,2.9301579325926833e-05,-0.0074811509240737045
2004-10-25,-0.00031200902306811114,0.0009620248461580753
2004-10-26,0.0011624620123550614,0.004006422080935625
2004-10-27,0.0017388305057433298,0.005437990716263151
2004-10-28,-0.0006758430588293827,0.0018364026001523254
2004-10-29,0.0009595324165554667,0.0002043159510789113
2004-11-01,0.001592053367231055,0.0004110173512192154
2004-11-02,0.001982856775834948,-0.0013712356009396329
2004-11-03,0.009113759244394344,-0.0012616433205693278
2004-11-04,0.0009480842670199404,0.007998742147441526
2004-11-05,-0.0004722339310984462,-0.0019065107910574757
2004-11-08,-0.0026580468691493144,-0.000523915038124619
2004-11-09,-3.249486190459727e-06,0.0007856459912343677
2004-11-10,0.0014077292454377993,-0.0009339796519698407
2004-11-11,0.0026316800317109676,0.003900705495486983
2004-11-12,0.0025947796603091383,0.008013463915900607
2004-11-15,0.0011920856341921774,0.0020112170621961033
2004-11-16,-0.001607062675771129,-0.003912498157529093
2004-11-17,0.005581565831003592,0.0006629346279850937
2004-11-18,-0.0005510525494432342,0.001181052997016352
2004-11-19,0.00029793938356810213,-0.008107661373290508
2004-11-22,-0.0007317868934643923,0.0055364650807062325
2004-11-23,-0.0008474175570183818,0.001974049534523581
2004-11-24,0.003372784569351084,0.002380925182895388
2004-11-26,0.0009885145579810683,-1.668503936801402e-05
2004-11-29,0.0008161584726777638,-0.0037903549352105935
2004-11-30,0.0014919136965132695,-0.001834879995894012
2004-12-01,0.002926156043051076,0.005934428926482693
2004-12-02,0.00022865220703937038,-0.0029506195504274356
2004-12-03,0.004197704124854584,0.0026507460059889687
2004-12-06,0.00022382612649469725,-0.0007865645350270456
2004-12-07,0.0017619007136163377,-0.009271485712124484
2004-12-08,-0.00202698487293399,0.004189370910240564
2004-12-09,-0.005634459112388801,0.0033573259566725524
2004-12-10,-0.0036789975242900396,0.00370263499436424
2004-12-13,0.004295696048164366,0.002838856769463061
2004-12-14,-0.0012259574712273126,0.003271163752679196
2004-12-15,0.00404689275717951,0.0014859169965738329
2004-12-16,-0.0008334830847201325,-0.006805430540821067
2004-12-17,-0.0008630112398690826,0.0011599203932685874
2004-12-20,0.00371263882520817,-0.002045682303752161
2004-12-21,0.0013949996051854318,0.004668764722535812
2004-12-22,6.817893423917143e-05,0.0005786749883627595
2004-12-23,0.0014380547357857431,-0.00016077447943294577
2004-12-27,0.0015356934848552606,-0.004096716411465295
2004-12-28,0.0011027129343376464,0.0030540568206864236
2004-12-29,-0.0014820270705261374,0.0003333527453655449
2004-12-30,0.0010375614028783064,0.00038261869476503564
2004-12-31,0.0029527109842247155,-0.0015848015298646101
2005-01-03,-0.00039262913550689447,-0.00604422970219497
2005-01-04,-0.00020213080885932432,-0.014362956614125155
2005-01-05,0.00012694927924858935,-0.007427005802505826
2005-01-06,0.0009516813973839189,-0.0006864427696482989
2005-01-07,0.0038193137731460823,-0.005641796838268797
2005-01-10,0.0015680455693099838,0.00037363909908648684
2005-01-11,0.0007550073960713166,-0.003117949736584924
2005-01-12,0.0021427353665666505,0.0022990592757130223
2005-01-13,0.00036383726685187414,-0.002431326311962523
2005-01-14,0.001637171036252294,0.003673951871106107
2005-01-18,-0.002603755777374961,0.006832300413110925
2005-01-19,0.0021767384210453654,-0.008252931236844207
2005-01-20,-0.0027815167046502777,-0.0023968843224083324
2005-01-21,0.002948596653406721,-0.0010339986127272161
2005-01-24,0.002742765123465851,-0.005199466383316487
2005-01-25,0.0021243684095902495,-0.004913688365046065
2005-01-26,0.005952593297530062,0.0005485865973863802
2005-01-27,-0.0011271932515739547,0.00027061686994412916
2005-01-28,0.0026847741934779455,-0.0009626666059821432
2005-01-31,0.002264524971641113,0.0017279915651500443
2005-02-01,0.0011613017286796201,0.0020372704669268217
2005-02-02,0.0014985980755127693,0.0015859277177937892
2005-02-03,-0.004011872018673335,0.00048789439993106586
2005-02-04,0.0028924826368493363,0.00620246329052584
2005-02-07,0.0008777674888895248,-0.001401312730312254
2005-02-08,0.00037101958796976754,0.0016139736889418054
2005-02-09,3.6164869193777704e-05,-0.0032809683627803123
2005-02-10,0.0010712894864741695,0.000588999843860638
2005-02-11,-0.0005104568040608881,0.0067530780419063465
2005-02-14,0.0024764316936105035,0.0010476900395425814
2005-02-15,-0.000347299351116015,0.0020804043084600267
2005-02-16,-0.001770542524811114,-0.00019197199273889297
2005-02-17,0.00019594958137266749,-0.003832889466918965
2005-02-18,-0.0015081894447331544,0.00040511413506564284
2005-02-22,-0.0006618305671610813,-0.006104081915394433
2005-02-23,0.00307797604330069,-0.0012705201960387825
2005-02-24,0.0020415986252692586,0.0018303134056337433
2005-02-25,0.0021282653495725114,0.0067215471747035125
2005-02-28,9.934509383010547e-05,-0.005335446029676549
2005-03-01,0.0003337120225112344,0.003151087542794939
2005-03-02,-0.004529885093938479,0.0011442275605896613
2005-03-03,0.002173421814527077,-0.002762976834218078
2005-03-04,0.006786513987932419,0.0038830069700725887
2005-03-07,0.000609913789505634,0.002253095143888606
2005-03-08,-0.00037001225722722576,-0.0035902055361930474
2005-03-09,-0.0021745940524441343,-0.007600246347257223
2005-03-10,0.0010090743333809548,3.348016792544817e-05
2005-03-11,0.0002409168626797964,-0.004449141086204622
2005-03-14,-0.00027733417343351886,0.0023410677066955654
2005-03-15,0.0029355507463000086,-0.009617501342854318
2005-03-16,4.662129073023103e-05,-0.0027657191804003277
2005-03-17,0.0008717491188772186,0.0017114379145284353
2005-03-18,0.00012521604385735686,-0.0035200559911391593
2005-03-21,-0.0015338481146213833,-0.003671233391830164
2005-03-22,0.0021157894751083206,-0.013258845273787966
2005-03-23,-0.003352708569101337,0.0014332989920443407
2005-03-24,0.003162402902773853,-0.0021359721961666024
2005-03-28,0.0021339334072062012,-0.002288011048743799
2005-03-29,-0.0005689987050232382,-0.004701270080127584
2005-03-30,0.002728809905968832,0.00754603968072326
2005-03-31,0.0023477140001818774,-0.00012663583299535875
2005-04-01,0.005168325563304188,-0.00641225336560205
2005-04-04,-0.0009326001269496676,0.000800946809817582
2005-04-05,0.0010245198158998826,0.0003602984517484864
2005-04-06,0.002865694631589921,0.0008165592976965841
2005-04-07,0.0008549439531766346,0.0017704595166097904
2005-04-08,-4.3931583559841945e-05,-0.003194321071240769
2005-04-11,0.0012087243611858312,-0.001226322125463719
2005-04-12,-0.0020163936115814352,0.008829866597413338
2005-04-13,-0.0015070248868480185,-0.0058642284178435315
2005-04-14,-0.0014739834585553945,-0.009717510482921066
2005-04-15,0.0008187985110037155,-0.005831734518724385
2005-04-18,-0.0003924347545110396,0.002460601145323593
2005-04-19,0.004407423385928944,0.00554614962833796
2005-04-20,-0.0017740617069279651,-0.005856700925932734
2005-04-21,0.004772431718390602,0.004096265666613119
2005-04-22,0.0008215815725271858,-0.0028008704989838764
2005-04-25,0.002757335291609153,0.0037983911520362177
2005-04-26,-0.001491729876942649,-0.0038777414296878644
2005-04-27,-0.0014992521405788218,0.0017386487133593143
2005-04-28,-0.002132766252177576,-0.004576664988681855
2005-04-29,0.005293059048741067,0.002891924741823004
2005-05-02,0.0012582289499810772,0.0003119032958654899
2005-05-03,-0.0011069480334939263,0.0027383684140344757
2005-05-04,-0.0011368510414176748,0.007442634709375761
2005-05-05,0.0013558230066045395,0.0013357127360675626
2005-05-06,-0.0018793622337106909,-0.0021215071781745753
2005-05-09,-0.0008194857989739623,0.004740882044091854
2005-05-10,-0.0029086859782811005,-0.002443928719147892
2005-05-11,0.002016116357500164,0.0006972960574272103
2005-05-12,-0.0008895142201854944,-0.007094061774952165
2005-05-13,0.002332134751565018,-0.0027324492057611005
2005-05-16,0.0001297014344655345,0.004643267947309593
2005-05-17,-0.0015504296837813626,0.00474410002423784
2005-05-18,0.0036273395731749813,0.006656788663726132
2005-05-19,0.0006024926524829333,0.0017853749927616235
2005-05-20,-0.0024439058518966107,0.0014106485412001101
2005-05-23,0.0007169681730681332,0.003967446943743747
2005-05-24,-0.0007607910312108391,-0.00048247655197983794
2005-05-25,-0.0004456205209607877,-0.003756785969684584
2005-05-26,0.0008953374041163808,0.0024481436096441046
2005-05-27,0.001795812333939939,0.0012467330951873245
2005-05-31,-0.0007537014180411417,8.126844613428607e-05
2005-06-01,0.00019102725381403562,0.00778325553175443
2005-06-02,0.0002709938038735427,0.0041495025075215745
2005-06-03,0.0015348626593298053,-0.007389878762035895
2005-06-06,0.0021996867644023753,0.0023299731949119385
2005-06-07,0.0026123287107782667,-0.0012588882606745732
2005-06-08,0.0015554723661203695,-0.0038698847102361378
2005-06-09,-0.0016823259773893872,0.00430909025474453
2005-06-10,0.002069937979144254,-0.0047758871772682785
2005-06-13,-0.0013619561057797603,0.0024020768207201003
2005-06-14,-0.0004828578406581463,0.0009870698124736844
2005-06-15,0.001687525504747245,0.0009411196510188402
2005-06-16,0.0012578105493518566,0.004424550849402231
2005-06-17,0.0038176993476159438,0.0005873292121179707
2005-06-20,-0.002868435602895891,0.00031484509306333174
2005-06-21,0.0006142790622919337,0.0008208431471225741
2005-06-22,0.0037205453322936123,-0.0005387412916344036
2005-06-23,-0.0004073757505194786,-0.006581951176384116
2005-06-24,0.0012659589970866914,-0.00403771621833845
2005-06-27,-0.00018335666453970224,0.0009116602385683126
2005-06-28,0.00020935799436752056,0.002478015592967808
2005-06-29,0.0026025880118387247,-0.0026840874857769425
2005-06-30,0.0025486671831110976,-0.003312991478754712
2005-07-01,0.0009490434761708633,-0.0035053245979604795
2005-07-05,-0.004245486430782175,0.006847653005718368
2005-07-06,-0.0004541879406845917,-0.0018671604092025062
2005-07-07,-0.004930079447712144,0.006849207376719968
2005-07-08,0.0007581563069882447,0.007336388675005201
2005-07-11,0.00011514493037469986,0.00607286951824434
2005-07-12,0.001066093728779527,0.000751853582825357
2005-07-13,-0.0006504759962631445,-0.001348572343871346
2005-07-14,0.004462036119391754,-0.005938236380698103
2005-07-15,-0.000977194244485624,0.0016331696826640484
2005-07-18,-0.000778504192398577,-0.0020201575832825337
2005-07-19,0.0011728176298976267,0.004344609969915103
2005-07-20,-0.0009697025511216095,0.006417048130227943
2005-07-21,0.00016415296803984347,-0.0044023151557249784
2005-07-22,0.001387673466779016,0.002832344402606135
2005-07-25,-0.00013951592161564051,-0.0027303568718765824
2005-07-26,0.0005892213572497807,0.0012277909164444601
2005-07-27,0.001127657841012364,0.0022601387572032004
2005-07-28,0.0018973531591147895,0.005994998469662116
2005-07-29,-0.000497860107392667,-0.003422175744766609
2005-08-01,0.0025980647435906667,-7.482731662912245e-05
2005-08-02,0.002171480750579757,0.0028794112215739355
2005-08-03,0.00048075115044731164,0.0013724189512156592
2005-08-04,-0.002291575231972176,-0.0044964405971444025
2005-08-05,-0.0020594923291030855,-0.007827390795533717
2005-08-08,-0.0002836134710728633,-0.005168444299150266
2005-08-09,0.003948641915547102,0.0020388271009216586
2005-08-10,0.00475393830707207,-0.0024333411245295753
2005-08-11,0.001667950420670672,0.006058198791669888
2005-08-12,-0.0018914357117176372,-0.0002645171077168884
2005-08-15,3.761119674994262e-06,0.0027674832226659784
2005-08-16,-0.00020774864999479893,-0.004322915469270982
2005-08-17,-0.0010467910899138676,-0.002230720369191441
2005-08-18,-0.0024962559375629858,-0.0005739936649497235
2005-08-19,0.0011678365953132208,-0.0013975362676492576
2005-08-22,0.0029989112827409348,0.00043513769554358593
2005-08-23,-0.00011504502381322057,-0.000450078447976443
2005-08-24,0.00025961698071851335,-0.004431376777370854
2005-08-25,0.002560950531862649,0.0010930228241086248
2005-08-26,0.000859124601241923,-0.005505173261433483
2005-08-29,-0.000647953748210528,0.0047420459854177425
2005-08-30,-0.00230974509775419,-7.277901612529059e-05
2005-08-31,0.0020477696500062702,0.011071278094598846
2005-09-01,0.002379679514325683,0.0019508571283919029
2005-09-02,0.0010000430672632231,-0.0009242176313504879
2005-09-06,0.0024255063903842024,0.005139518501298979
2005-09-07,-0.0003729261376089643,-0.0008362442155486982
2005-09-08,-0.0010468000515760577,-0.0006918232228748211
2005-09-09,0.0026890533242963643,0.003637032530723039
2005-09-12,-0.0007758103763604973,-0.0010696680674003646
2005-09-13,-0.001559301751765363,-0.002323289254880534
2005-09-14,0.00166306740017923,-0.004614189113049371
2005-09-15,0.0024718198326394215,-0.002671762609259376
2005-09-16,0.0032378200676992375,0.001671512525948693
2005-09-19,0.0007821749569065228,-0.002337053081579177
2005-09-20,0.00214513859133606,-0.005716226665926927
2005-09-21,0.002828155065545135,-0.004024665201653887
2005-09-22,0.0006656897669053196,-0.0015512563639225817
2005-09-23,-0.0026029241865468066,0.0014816500937482214
2005-09-26,0.0009330502176745581,0.002268922287043873
2005-09-27,-0.0012844947122167328,-0.0009983077162312615
2005-09-28,0.0023321773050791637,0.001125932154532583
2005-09-29,9.78413725152838e-05,0.007904649753186332
2005-09-30,-0.0006657884547674797,0.0011474269056758967
2005-10-03,0.0005584306572499531,-0.002138639716617918
2005-10-04,0.002691278148255272,-0.008677248781388602
2005-10-05,-0.0002710474265746221,-0.009823613579334867
2005-10-06,-0.0001645387301049017,-0.0054337424651062175
2005-10-07,0.0019728879001071455,0.0023161268333294236
2005-10-10,0.00043367767966076,-0.005137027679995865
2005-10-11,0.003805540211294878,-0.00620422770313952
2005-10-12,-0.0011225958439092909,-0.010723445720463232
2005-10-13,-0.0027120001943088056,0.0027012188506028156
2005-10-14,0.003153454179969706,0.0023623805063044067
2005-10-17,0.00029091854628348067,0.002227836282923101
2005-10-18,-0.001125219426332924,-0.00683956095181909
2005-10-19,-0.005578706550368262,0.01430303455714067
2005-10-20,-0.0022451006903831615,-0.01092840377507186
2005-10-21,0.005341596508486179,0.00389202088545878
2005-10-24,0.003145854733172848,0.00657469181205782
2005-10-25,-1.4432081339155189e-05,-0.004078182923294838
2005-10-26,-1.7646029489881698e-05,-0.003818964783211298
2005-10-27,0.001922207310384083,-0.009538989026883982
2005-10-28,0.003387913575055579,0.00666421823360438
2005-10-31,0.002648104045236943,0.0011699169659259434
2005-11-01,0.0010937103492930644,-0.0016349228524104142
2005-11-02,-0.0003635516047353571,0.00859088548751078
2005-11-03,0.00290250396879308,-0.0026012841976761347
2005-11-04,0.0005684003993867038,-0.0033725973504768027
2005-11-07,0.003183772340346147,-0.0002710836916540504
2005-11-08,-0.0017137103300469692,0.002296257852123773
2005-11-09,-0.0008107320067058388,0.0031994027032809513
2005-11-10,0.0005936918946520597,0.00637195516225002
2005-11-11,0.0004982429353063367,0.002786130442084378
2005-11-14,-0.0003191493104544918,-0.0031176461028929016
2005-11-15,-0.0003353312981914769,-0.0017666611599954196
2005-11-16,0.00260208153272361,0.0027153353085262013
2005-11-17,0.0027769439599589106,0.00808931470693972
2005-11-18,0.0015030319049806784,0.0003871666143681618
2005-11-21,0.0014355822109326176,0.002924814397552977
2005-11-22,-0.003552070094907511,0.007827589290723313
2005-11-23,-0.0009764067909748597,0.0028073778775573157
2005-11-25,0.00032569575904165535,0.0005488992416012972
2005-11-28,0.000735433866888735,-0.003453002622698198
2005-11-29,0.001170944486342529,-0.00440918295064141
2005-11-30,-0.0002863923399204826,-0.002953134986450878
2005-12-01,0.005829906348342595,0.006181957015177186
2005-12-02,-0.0007710980554240465,0.0017388348192102555
2005-12-05,0.0013454919975727786,-0.0022204017733064908
2005-12-06,0.0029206814883148023,0.0007414905341046385
2005-12-07,0.0007063488160034103,-0.003925335892708881
2005-12-08,0.00012050227002688985,0.001772013999480282
2005-12-09,0.0013052199490122707,0.0016691530518529562
2005-12-12,0.004481360186248395,-0.002133359386626221
2005-12-13,3.4092334741386843e-06,0.0023330249097246792
2005-12-14,-0.0007122713326161656,-0.0002335883691896745
2005-12-15,0.0009306554030815706,-0.0048291067705232725
2005-12-16,0.0031125561663353785,-0.003033597434895141
2005-12-19,0.002751663371130564,-0.007533837704708557
2005-12-20,0.0004367264629567047,-0.0018363082973010814
2005-12-21,0.0015622480634087776,0.00334940248081671
2005-12-22,0.0007670996926790741,0.004992596542364169
2005-12-23,0.0005623765136969384,0.0018197020904413773
2005-12-27,0.0019819758783890416,-0.0050553159678981
2005-12-28,0.0041011507134037,-0.0014135526364341456
2005-12-29,0.001590612029856575,-0.003620108450017967
2005-12-30,-0.001865607847714401,-0.0009659839660307257
2006-01-03,0.007276889781304585,0.011081012189767758
2006-01-04,0.0013336383998031498,0.003958020724669132
2006-01-05,-0.0025683759851151343,0.002564766456252021
2006-01-06,0.0058165915218784114,0.004514477655767779
2006-01-09,0.00044102989933817447,0.00453282762711169
2006-01-10,-0.005524992465861744,0.002654161460348048
2006-01-11,0.0014714267807797831,0.0019185494721748353
2006-01-12,-0.0006690258846920206,-0.0018915263114473225
2006-01-13,6.10700961799493e-06,0.002324740900306077
2006-01-17,-0.0048479372855085075,0.0002929043932684228
2006-01-18,-0.006498451235469649,0.0011690123020120624
2006-01-19,0.004039164194085743,0.006509504946823519
2006-01-20,0.001762251101793555,-0.013349667384963283
2006-01-23,0.0029117953871577117,0.0037179276226784186
2006-01-24,-0.0004943548863466152,0.004039511204107759
2006-01-25,0.0030034710886855166,-0.004153784376194858
2006-01-26,0.0016614446190021503,0.0036542691318313556
2006-01-27,0.003962013343827553,0.0013719541294846317
2006-01-30,-0.00038268380346967446,0.0009394652794291302
2006-01-31,-0.0004463024879938882,0.00022920976790059556
2006-02-01,0.00036564467003401545,0.0018267979528361678
2006-02-02,-0.0012976638654602969,-0.006898750492737848
2006-02-03,-0.004078751895304389,-0.00011785826045600523
2006-02-06,0.002231152176364282,0.00039844267101699337
2006-02-07,-0.003400417375297797,-0.009905374003753657
2006-02-08,0.0005722274280545674,0.0018225620519440877
2006-02-09,0.0036270588442822212,-0.0005300562038114535
2006-02-10,0.0010154902346818373,-0.005570677792649203
2006-02-13,-0.0022529545189389007,-0.005359966324603015
2006-02-14,0.0007072788289380325,0.00601979814317154
2006-02-15,-0.0009799550867902538,9.977011618158357e-05
2006-02-16,0.0012952624520808113,0.00735042372445003
2006-02-17,0.001346754477790535,0.0014315409052111775
2006-02-21,0.0038503147933824015,-0.004891899319620449
2006-02-22,0.001564399620373035,0.003110832801708258
2006-02-23,-0.00017918009457238627,-0.002321780755341951
2006-02-24,0.003341767281108223,0.001676589072689951
2006-02-27,0.000713161235244917,-0.0011000125631345932
2006-02-28,-0.0005314954165640036,-0.0029101814263158884
2006-03-01,0.0031734042872919384,0.0032616444709291873
2006-03-02,-0.002478872331813037,0.003209832136742782
2006-03-03,-0.0036047370704611714,-0.0010032828258887154
2006-03-06,0.0016870332351429248,-0.008374601814875008
2006-03-07,-0.003948608600278458,-0.005466083503120237
2006-03-08,-0.0031627237955893102,0.0020088805900628985
2006-03-09,0.0028403927981883233,-0.003809481694483252
2006-03-10,-0.00029957998868811555,0.0054161369546835
2006-03-13,0.002096513825896616,0.0003283115180404391
2006-03-14,0.00025854890024054356,0.011695459623951354
2006-03-15,0.0008508095204074927,0.002869348310063287
2006-03-16,0.0011722212409083525,0.0015190594773891628
2006-03-17,0.0014731544856314157,-0.00022977174404643035
2006-03-20,0.001961895989358011,-0.004127089083065119
2006-03-21,-0.002784335323498048,-0.00527402222447845
2006-03-22,-0.00020320200606769513,0.0044579946858471576
2006-03-23,-0.0013868409949484067,0.0005267214927249746
2006-03-24,0.0018424342199227254,0.0035992019368266126
2006-03-27,7.626599754045389e-05,0.000295477618178517
2006-03-28,-0.001320694424310497,-0.002707312956993103
2006-03-29,0.002315199112165772,0.007907664508879092
2006-03-30,0.0018753446696257296,0.0006087289207552728
2006-03-31,-0.0003154731703524094,-0.0017721507009978885
2006-04-03,0.0037058144341959812,-0.0014207103723916344
2006-04-04,0.0009643676829445911,0.00045248912377987056
2006-04-05,0.0030735737441846493,0.0020232510715786052
2006-04-06,-6.149647614099458e-06,0.0009009324849310506
2006-04-07,-0.0013683930811249987,-0.008790043855738864
2006-04-10,0.003747495035145669,-0.001673797271899859
2006-04-11,0.002163210944946962,-0.006047922395632427
2006-04-12,0.0006507163233756644,-0.0005077879780419717
2006-04-13,-0.0022866680437920637,0.00290958990200584
2006-04-17,0.0032322228012968877,0.0019430096935453371
2006-04-18,0.004085309153351702,0.011638582615264634
2006-04-19,-0.0006220739075286549,0.007735941055710692
2006-04-20,-0.00012668479247399111,-0.0067629721890519745
2006-04-21,0.005916875460850383,0.0018141625243150623
2006-04-24,-0.0036866238042389623,-0.0038306404438104105
2006-04-25,0.0033068439517154233,-0.006145681524804288
2006-04-26,0.001331897508758173,-0.00024836195306377856
2006-04-27,-0.004919343903576494,0.002101056347371825
2006-04-28,0.0021701440330404906,0.01002839949033111
2006-05-01,0.003520931159846803,-0.004880002587065267
2006-05-02,0.006830427299478905,0.003343742721244927
2006-05-03,0.0013654950937474187,-0.008458263651972945
2006-05-04,7.483506871885925e-05,0.002559693604457027
2006-05-05,0.00517788691644775,0.0017134051006574536
2006-05-08,-0.00326310735402314,0.003599484051503036
2006-05-09,0.0020458981993546855,0.0050661445712614555
2006-05-10,-0.0018839416949598333,0.003971457714261841
2006-05-11,0.00675696437170914,-0.012035665551616153
2006-05-12,-0.0017220989498690092,-0.010785934981121383
2006-05-15,-0.015428150586216126,-0.001600609753984999
2006-05-16,0.00415064968127889,-0.0001124029069996535
2006-05-17,-0.0036493285259913476,-0.012333944811927827
2006-05-18,0.00478302209925147,-0.008959972491415993
2006-05-19,-0.00458202634456822,0.0035702854203308963
2006-05-22,-0.010793644336982643,0.004045364234643061
2006-05-23,0.008797095884172434,-0.005386743095083084
2006-05-24,-0.0033324502455076652,-0.0047114963891810024
2006-05-25,0.0052940322628047135,0.008382150303808452
2006-05-26,0.003679296588803923,-0.00016155002999648996
2006-05-30,0.0027454580204989013,-0.010438238118595745
2006-05-31,0.0017694210006115297,-0.0036820929536277667
2006-06-01,-0.009593831556584229,0.010296169381449104
2006-06-02,0.00859790219469215,0.0017291377048704016
2006-06-05,0.00046593257641508885,-0.011717295096262702
2006-06-06,-0.0033862345599321784,-0.0021649568936306864
2006-06-07,-0.004896021516720673,-0.0017439264184767257
2006-06-08,-0.0077092772382406725,-0.0019811135423245104
2006-06-09,0.005752188548658503,-0.006661357390278886
2006-06-12,0.0029066784825630197,-0.015965626061567713
2006-06-13,-0.012592263996967735,-0.013880549847343259
2006-06-14,0.005110378849736163,-0.0010845895489637325
2006-06-15,0.011704269523005672,0.010789727556007668
2006-06-16,-0.002572178189526324,-0.0001394401751527377
2006-06-19,-0.002757010983559661,-0.010616987705514131
2006-06-20,0.003605533145219224,0.0016577592988648625
2006-06-21,-0.0009506322631022648,0.013756176834422224
2006-06-22,-0.0017889459620215042,-0.004875795612034243
2006-06-23,-0.002724250873704639,0.002615438884273402
2006-06-26,0.0015541116118268873,0.003074062557687957
2006-06-27,0.003213856434265903,-0.009939282702914802
2006-06-28,0.004096725458248283,2.1939259281844592e-05
2006-06-29,0.006105837721512306,0.020418446721720877
2006-06-30,0.005904204564160811,0.0026692139329847187
2006-07-03,0.0040200810067365905,0.00613889863413205
2006-07-05,-0.004764055702245405,-0.0022670162532438384
2006-07-06,0.0012051158682065623,0.004338147351168596
2006-07-07,-0.00027628313129142326,-0.007175845005297785
2006-07-10,-0.0005481987617566105,-0.0011269179331227636
2006-07-11,0.003617329275363077,0.006947350244275798
2006-07-12,0.00036468666077597964,-0.0035741872916488482
2006-07-13,-0.0025591746672343806,-0.0033869457303531583
2006-07-14,0.0020375965825291365,-0.005189722871730098
2006-07-17,-0.005225179040352152,-0.006673731687000524
2006-07-18,0.0053024295289262596,-0.008113360196822576
2006-07-19,0.0020246869586475736,0.01583676230675376
2006-07-20,0.000429026231221763,-0.011633181715514272
2006-07-21,0.004761811886098622,-0.011307017218965081
2006-07-24,0.0012825463791191589,0.011071863799993595
2006-07-25,0.00025951736958334653,-1.919758160373597e-05
2006-07-26,-0.0024016585553820855,0.00443964369412692
2006-07-27,0.010345916433644763,-0.005518267570081243
2006-07-28,0.0020787831948706993,0.005990340366010529
2006-07-31,-0.0010745233115631025,0.002019151888216416
2006-08-01,-0.0024580043106439643,0.002311734463175734
2006-08-02,0.004576572256006213,0.00529127321737302
2006-08-03,-0.007512439448226429,0.00710401799470997
2006-08-04,0.009054784303596169,-0.006458818297557567
2006-08-07,0.0011516188810292661,-0.0005501119909465155
2006-08-08,-0.0014515615585339186,-0.004679156650462727
2006-08-09,0.006564308551410137,-0.0051651049965002385
2006-08-10,-0.004181660229535282,-0.00024544638249382255
2006-08-11,-0.000439836464130261,-0.006422922487133233
2006-08-14,0.0007575110916042341,-0.0004964862936914611
2006-08-15,0.006648445596084001,0.003398404188411257
2006-08-16,0.005651506262642991,0.0005692803789339409
2006-08-17,-0.0030417906661434836,-0.003180033278202257
2006-08-18,0.002909397656564249,-0.00026145627780581007
2006-08-21,0.002104569193154997,0.0023404542510464957
2006-08-22,-0.0027616093163686474,0.001696951545514388
2006-08-23,0.002418506391062336,-0.0073961346243917375
2006-08-24,0.002540713401302831,-0.0013812479451470717
2006-08-25,0.0011773238040389843,-0.00022331931620104357
2006-08-28,-0.0016535537518240517,-0.0008940183179464434
2006-08-29,-0.0004271458347153786,0.00339373814314878
2006-08-30,0.0027077912655537775,0.003449945356733759
2006-08-31,0.002072590240506835,0.0016569821589265037
2006-09-01,0.0006941706251049404,7.871607517516101e-07
2006-09-05,0.002813443679371701,0.0003755988274178804
2006-09-06,-0.0043581091550389806,-0.005839363986704311
2006-09-07,-0.004642086158197569,-0.004008584447174155
2006-09-08,-0.0023851574561564257,-0.0003483921341853175
2006-09-11,-0.010630541934901752,-0.003484421625940819
2006-09-12,0.0012227920771000938,0.0031892479375885685
2006-09-13,0.0018421189798994986,0.003067502070334247
2006-09-14,-0.00045067371719371865,-0.00796722099955438
2006-09-15,0.0021316084801413014,-0.00011453771345975711
2006-09-18,-7.344250977095243e-05,0.005645774699612847
2006-09-19,0.0007752799420615703,-0.009765605130716653
2006-09-20,0.005127984755396886,-0.0010891829664556767
2006-09-21,0.0007629713866832677,0.0022763183136854915
2006-09-22,0.0016828528892593837,-0.006110847208075096
2006-09-25,-0.00041150481736161273,0.007408177052568628
2006-09-26,-0.0005229991643412782,0.003571147544625303
2006-09-27,0.003266958407027979,0.004593776572842511
2006-09-28,0.0013178163552509071,-0.0015656710290996322
2006-09-29,-0.001025577321057014,-0.0014564038209932896
2006-10-02,-0.0031998411839705677,-0.0016875116952403957
2006-10-03,-0.006045404633534714,-0.004974321836411692
2006-10-04,0.001024506509353066,0.009283257990342634
2006-10-05,0.004946066534473962,0.0010751768222293596
2006-10-06,-0.0037725327607650914,0.0002939236742780857
2006-10-09,0.002378914678186047,0.003155315464703985
2006-10-10,-0.005306279594092211,0.00023605376493897643
2006-10-11,-0.0005649276793793234,-0.003497730875788709
2006-10-12,0.0012166856409793374,0.009521850590084924
2006-10-13,0.0033015560332059213,0.004356985415834547
2006-10-16,0.002331059246278684,0.003992433702629839
2006-10-17,0.00019230634751925374,-0.00575233734369202
2006-10-18,0.00379236157944682,-0.0051113954000141
2006-10-19,0.0019358126753225612,0.005174292773772835
2006-10-20,0.00035209433878869735,-0.005953669987714294
2006-10-23,-0.006325168637852878,0.004135358336962709
2006-10-24,-0.0035291751963214377,0.006521063907292892
2006-10-25,-0.0002830662237590653,0.010170037465773283
2006-10-26,0.003911910252391835,0.0002667759985127779
2006-10-27,0.0010128587393807885,-0.004711226102041692
2006-10-30,-0.0010531208809429098,-0.0002970060007794975
2006-10-31,-0.000185897607566479,0.004239650570317584
2006-11-01,0.004544743549765939,-0.004754186525167194
2006-11-02,-0.0018520568223027167,-0.00013441037133475289
2006-11-03,0.000949656548644309,-0.0004449295470790102
2006-11-06,0.001991483196153575,0.007249568215542559
2006-11-07,0.002129003585589685,-0.00230212035159955
2006-11-08,-0.0024873446515856126,0.003282772435839435
2006-11-09,0.0064284569612024995,0.0007686696297269155
2006-11-10,-0.0005541722195032683,-0.0012215989293430118
2006-11-13,-0.003912327748287288,0.0019347394923135974
2006-11-14,0.0038437918154539887,0.0013494187485109965
2006-11-15,-0.0019697351859736703,0.004538286193865042
2006-11-16,0.00418528273268279,-0.01073772588749984
2006-11-17,-0.0024508148897676076,0.004932911729795264
2006-11-20,0.0003838368235675567,0.0013179104233177817
2006-11-21,0.004220389541929552,0.00416458858182349
2006-11-22,0.003110277578999134,-0.0008308545932166173
2006-11-24,0.003105610142535682,0.001613445551042959
2006-11-27,0.00048543753950762544,-0.0071089303870152795
2006-11-28,0.0007121957296582792,0.003913082179394473
2006-11-29,0.002364952190316832,0.004444932484927526
2006-11-30,0.005175262087709926,0.00255909582859695
2006-12-01,0.00021381008303081957,-0.0011592006232910867
2006-12-04,-0.00043892132509489783,0.006052798516669212
2006-12-05,0.002350863699372054,-0.0024426766322301983
2006-12-06,-0.004560012226890662,-0.00196254727304491
2006-12-07,0.0013974683517727904,-0.002041181902411281
2006-12-08,0.001017277075238226,-0.0049477631316094525
2006-12-11,-4.187007515771706e-05,0.0027032150246549046
2006-12-12,-0.00011873162516095305,-0.0021598948167554834
2006-12-13,-0.0009391510331718982,0.00024394440741695508
2006-12-14,0.0018482233313542767,0.0026986758316850123
2006-12-15,0.004214516225528888,-0.009837651224836211
2006-12-18,-0.0022746821514312288,-0.0058730518626749755
2006-12-19,-0.0033109107687184867,0.006595085663389118
2006-12-20,0.0003800925918482442,0.00013933892920501802
2006-12-21,-0.00031276225056433915,-0.0035814264050559874
2006-12-22,0.001489943830037891,-0.003218215099495227
2006-12-26,0.0024938673053564496,-0.0014161062161386095
2006-12-27,0.0033286034218541058,0.0008053205214868092
2006-12-28,0.002624478196562803,-0.002428748614219959
2006-12-29,-0.000803720620345616,0.0013471527560315632
2007-01-03,0.005146794821252841,-0.011976020489599363
2007-01-04,-0.002566925462289307,-0.0012914121604822647
2007-01-05,-0.006255765062821037,-0.00572625919910857
2007-01-08,0.004533264623431493,-0.002902596629162411
2007-01-09,-0.0036805081810338943,0.004931626685608297
2007-01-10,-0.005921410686767863,0.0023868754216191004
2007-01-11,8.019356288234948e-05,0.000793001987808833
2007-01-12,0.0018617855345737832,0.00921863121121568
2007-01-16,0.00044208607574128895,-0.0051727709170341215
2007-01-17,-0.001976999427008839,0.004536977005551574
2007-01-18,0.002406359281504942,-0.009112549831900147
2007-01-19,0.0017365953796872635,0.006991502494279079
2007-01-22,0.002372966351374961,-0.0055936701563810655
2007-01-23,0.004374277781796878,0.007890361812691581
2007-01-24,-0.0013551580715579577,0.006273137743517027
2007-01-25,0.001498301153880448,-0.010730938110853768
2007-01-26,0.0028981447346001585,0.0011979016006015654
2007-01-29,-0.002464688298172659,-0.003339357674468639
2007-01-30,0.002699798757598327,0.008427442877988911
2007-01-31,-0.0027196634499415074,0.01102586076883827
2007-02-01,0.005108417871094506,-0.002178628002733308
2007-02-02,-0.00044048894207128806,0.001938038292202353
2007-02-05,0.001624244196620499,-0.0018760467820742117
2007-02-06,0.005078617156236595,-0.00027165365566589756
2007-02-07,0.0015236905577314598,-0.0006445903467906266
2007-02-08,-0.0015010141991642976,0.006253118414746269
2007-02-09,0.001371509413820804,-0.004877690632868666
2007-02-12,-0.0027258110806935767,-0.00619829305383234
2007-02-13,0.0043344586786333746,0.004909355581151431
2007-02-14,0.0026465339283258714,0.0024073951753942847
2007-02-15,0.00043484843885926565,0.0008751053135648365
2007-02-16,-0.0014152925642723763,0.0043934320302484115
2007-02-20,-0.004631311712571217,0.00369975793646845
2007-02-21,-0.0020863862407194144,0.009963256650507662
2007-02-22,0.0011288346352265226,5.471195394614646e-05
2007-02-23,0.0035415803382312905,-0.001869137532801029
2007-02-26,0.004375821764877821,-0.0019565174460818716
2007-02-27,-0.013217578864943484,-0.016106347276759022
2007-02-28,0.005420574075870804,0.003443479867165772
2007-03-01,-0.008467411766296925,0.0006183598597834318
2007-03-02,-0.006271118069278936,-0.005977053830546831
2007-03-05,-0.00978797828415902,-0.0043517554378413315
2007-03-06,0.008798142585479183,0.00782705022292453
2007-03-07,-0.0008768224440450381,0.0016064360038231212
2007-03-08,0.006126012645912353,9.354243767267789e-05
2007-03-09,0.0024636726546792115,-0.0051185065399630015
2007-03-12,-0.0012291683630354616,0.002465154441920755
2007-03-13,-0.0017811584369651515,-0.010998009134057216
2007-03-14,-0.0010263660598703714,0.004985825101683859
2007-03-15,0.00017962352791825058,0.0014425359282859468
2007-03-16,0.0017084017281950462,-0.0029074935041971672
2007-03-19,0.003639817474543846,0.003161463374286141
2007-03-20,0.0005940339022133455,0.0033080634373556872
2007-03-21,0.00020384578808013698,0.009857130000180498
2007-03-22,0.0008162092725716283,0.0008451382736565807
2007-03-23,0.0011005002436842517,-0.002142736910164676
2007-03-26,0.00231071745199124,-0.00030781776953023706
2007-03-27,-0.0018694236391271926,-0.0013812165007653127
2007-03-28,0.000827501918385947,-0.0022324514400084267
2007-03-29,0.004301915116792502,0.0006765046642076873
2007-03-30,0.0003332764073647624,-0.00034705544392622204
2007-04-02,-0.0010641261187110315,0.0020911962452494176
2007-04-03,0.001758497377753822,0.0017204442361335131
2007-04-04,0.0012056092583617253,0.0026551654783693907
2007-04-05,-2.8485645589184016e-05,0.0001731553891750694
2007-04-09,0.0015672219943145033,-0.004774137921344941
2007-04-10,0.0026346295846121598,0.002302901854727154
2007-04-11,0.0006572068416294144,-0.0049123439100027255
2007-04-12,0.00023985459727421016,0.004009812699337334
2007-04-13,0.0024732321777819993,0.0010233386433185906
2007-04-16,0.0028229911148435426,0.0006811636140913698
2007-04-17,0.001264290475709721,-0.002586596893094225
2007-04-18,-0.0018071079212180392,0.0011969475463103378
2007-04-19,-0.005125698266906313,0.00013863524321476491
2007-04-20,0.006363471923627702,0.0016550112384993154
2007-04-23,-0.0007459448570672193,0.0031891516619723557
2007-04-24,0.0007500186974998065,-0.0035515322405383688
2007-04-25,0.0027487211043010734,0.0028383360735058983
2007-04-26,-0.0025904648014290527,-0.001824259583514872
2007-04-27,-0.0027483659445009636,0.004925241353764931
2007-04-30,-0.001124111862969109,-0.005768860347147283
2007-05-01,5.475759760296868e-05,-0.0017688467624820791
2007-05-02,-0.000882297065693575,0.00347806761432119
2007-05-03,0.0007294222120372452,0.0020646415350263976
2007-05-04,0.0026691243540872896,-0.0018994792103898058
2007-05-07,-0.00019621365406263062,0.0009907175562197852
2007-05-08,-0.003085838994686278,0.0008576614202162972
2007-05-09,-0.0018069447906466105,0.0018806928892833937
2007-05-10,-0.0019039099484876958,-0.007083079786142984
2007-05-11,0.0031513793617565494,0.005253490939254068
2007-05-14,0.00014078120652005014,-0.00392106150273855
2007-05-15,-0.0007442403954486106,0.00035201332567385744
2007-05-16,-0.00028296755671263586,-0.0010381207962281368
2007-05-17,-0.002551642722088284,0.0011101835769104988
2007-05-18,0.0012299142446440406,0.0009016920717258792
2007-05-21,-0.000792168994273316,0.005002414868269134
2007-05-22,-0.0002813195358962221,-0.0021439979463869258
2007-05-23,0.002616512338737986,-0.0025300061129131563
2007-05-24,-0.0006065933306325396,-0.008592449689530702
2007-05-25,0.003210167766282135,0.0018797021515562543
2007-05-29,-0.0002886135728241701,0.0016588110380879077
2007-05-30,-0.0036762358971713428,0.008594987761279012
2007-05-31,0.0028467540341305794,0.0015179705269256236
2007-06-01,0.0021648019941932733,0.0032087736672342586
2007-06-04,-0.0009780787009800859,0.0036720027042239645
2007-06-05,-0.0024851831684285695,-0.0014194741477947378
2007-06-06,-0.0024664809440681835,-0.0026284265847008824
2007-06-07,-0.004072544608690746,-0.008008763497025758
2007-06-08,-0.0022871867434084057,0.0016503849203871898
2007-06-11,0.00022264427843645684,0.002487381950564734
2007-06-12,-0.005160329855007288,-0.004902624958046749
2007-06-13,0.0022457532964623495,0.008289599963876489
2007-06-14,0.0010607583222011312,0.0032681887113397293
2007-06-15,0.0042866922457588975,0.002597339344282575
2007-06-18,0.001968868315985306,-0.0020585908999178892
2007-06-19,-0.001687630220158572,0.004167498976382659
2007-06-20,-0.00013310858765022509,-0.012472156479912778
2007-06-21,0.004505360365048583,0.00033438540550853417
2007-06-22,-0.0009097137051337819,-0.0019660492939871303
2007-06-25,-0.0033459573974170763,-0.00014597735806733957
2007-06-26,-0.0005999057006884338,-0.008277135977677881
2007-06-27,-0.0009985098167127153,0.00876794866295405
2007-06-28,0.0013932304341802038,1.1807773834656329e-05
2007-06-29,0.0028647370062442187,-0.0014849872195183966
2007-07-02,0.0035313291902506834,0.0059857130703488744
2007-07-03,0.0006025942544526449,-0.0003030245458371864
2007-07-05,0.0008824141648988334,-0.00017026291400875268
2007-07-06,0.0012077063987812498,0.0034847573833297987
2007-07-09,0.001949037666796379,-0.00042966211886297234
2007-07-10,-0.001622775989262415,-0.0012486728687583603
2007-07-11,-0.0006018213629830349,0.0009552338089330684
2007-07-12,0.003551074965590528,0.00364356991193735
2007-07-13,0.0015894860711622419,0.0023800403388797298
2007-07-16,-0.0007036424295013684,-0.001469906857615233
2007-07-17,0.0009513203301808677,-0.0023115523954573797
2007-07-18,-0.0013905831619514196,0.00424138711773067
2007-07-19,0.0026146692254635766,0.0006921527957775527
2007-07-20,0.0009570354948261528,-0.0036856952895567563
2007-07-23,0.0017140658651318827,-0.001998415877844669
2007-07-24,-0.0029225257572924007,-0.008001492841350218
2007-07-25,0.0030600776136625596,-0.0014876853346687054
2007-07-26,-0.004086582647261509,-0.012074624130753797
2007-07-27,-3.633144026634986e-05,-0.006986100153603037
2007-07-30,0.005143209762433099,0.003173350021844956
2007-07-31,0.006386171359924312,-0.008232522756927445
2007-08-01,-0.0011022369923586294,0.002454265309514159
2007-08-02,0.00158022506806715,0.002777686573983399
2007-08-03,-0.00075995715162455,-0.011419109206725524
2007-08-06,0.0018626329532024737,-0.0006314324061998795
2007-08-07,-0.0009653831650980733,0.006429641545436711
2007-08-08,0.0034284315995467773,0.0057162196522618555
2007-08-09,-0.011426422278047592,-0.002985002059271273
2007-08-10,-0.007251082803719474,0.0038522696850324945
2007-08-13,0.006401260513786097,-0.005099173551412265
2007-08-14,0.00395534880666429,-0.01046789000886834
2007-08-15,-0.002763621228237027,-0.005181568169653672
2007-08-16,-0.007709302385348704,0.0027049594482876213
2007-08-17,0.007412550178641708,0.0013803700358472708
2007-08-20,0.001705673018080859,0.00047635286677514264
2007-08-21,-0.0013956929756897773,8.344701099886424e-05
2007-08-22,0.005697166422956804,0.002908769955986353
2007-08-23,0.004105856501645078,-0.004298521808990544
2007-08-24,0.0011143704437618584,0.00944109264483722
2007-08-27,-0.002309751616551529,-0.0011435248143458828
2007-08-28,-0.0020415184385242256,-0.009788669166071129
2007-08-29,0.004726783886729927,0.010220004430484859
2007-08-30,-0.002739224153794491,0.0026750110440914763
2007-08-31,0.009453839899071092,0.00017516293517450728
2007-09-04,0.0010470994087730557,0.008433733044785393
2007-09-05,-0.0039038745113857483,8.507665804037649e-05
2007-09-06,0.002235995033171475,0.0011718008863181935
2007-09-07,-0.0040852575521649484,-0.0007153449327201263
2007-09-10,0.0031392642503141593,-0.001941659398147159
2007-09-11,0.0028006218427473416,0.006101391295720811
2007-09-12,-0.0018072377311305992,0.0022459254000251655
2007-09-13,0.0013865368217897893,-0.00026321836191369743
2007-09-14,-0.0022549683501507027,0.003626414221392634
2007-09-17,-0.0014932566964694618,0.002477896842936807
2007-09-18,0.00199674693906217,0.015332723324057758
2007-09-19,0.0019224245088250416,0.0017890699361218824
2007-09-20,0.0009601699233660943,-0.003101313152511039
2007-09-21,0.005540811712122025,-0.0016023416511523985
2007-09-24,0.001779911535319556,0.0007070296890245927
2007-09-25,-0.006230526134998267,0.0028537933154730855
2007-09-26,0.004078736544673064,-0.00010321507033269986
2007-09-27,0.007331571573977724,0.0014551481925044667
2007-09-28,0.002514112989948436,-0.004391654894825477
2007-10-01,0.0046974054729912226,0.00208670387698738
2007-10-02,-0.003636355575245124,0.0015927814705576952
2007-10-03,0.000910587546582072,-0.005205158846187433
2007-10-04,0.00028082206400634744,0.006396551237897248
2007-10-05,0.00045594979575787803,0.00620265260435903
2007-10-08,-0.00409919810659695,-0.0021281560456988553
2007-10-09,0.0011140627614345754,0.00481574053913881
2007-10-10,0.0005302342836219553,0.0016201528899790615
2007-10-11,0.007006536665419905,-0.006059838124969308
2007-10-12,0.00036595987625642014,0.0033935715594929435
2007-10-15,0.002989197395947185,-0.0035687246539458355
2007-10-16,-0.0030519012026255805,-0.001266095454922541
2007-10-17,0.006200814401026311,-0.003237319479515525
2007-10-18,0.00017642730903275617,0.00537838798188112
2007-10-19,-0.0015425103837096129,-0.01254001808764092
2007-10-22,-0.005626485279013689,0.00797505478604692
2007-10-23,0.004897970848202996,0.0006358526141510963
2007-10-24,-0.0025630686890851647,0.003678275753382813
2007-10-25,0.005238799523363916,0.00018415143628191337
2007-10-26,0.008145166837845252,0.0036458405578656686
2007-10-29,0.004001153301990809,0.0018067669545625443
2007-10-30,-0.005326360493497987,-0.002557711470102612
2007-10-31,0.005139945712491434,0.00750831556066421
2007-11-01,-0.008446683325726378,-0.006641625168443355
2007-11-02,0.004130511332308077,0.0033189432777777678
2007-11-05,-0.0031239954799151316,-0.0033842766778711046
2007-11-06,0.00907220158298511,0.005657389470582053
2007-11-07,0.0003078764744497568,-0.012451703136203125
2007-11-08,0.00487147552749192,-0.006920811520707855
2007-11-09,-0.0030877572944899936,-0.0021610630952709395
2007-11-12,-0.0033148634430447835,-0.013045596777053503
2007-11-13,0.009655214947235572,0.0028147572571143088
2007-11-14,0.015526208150883302,-0.011779680968150297
2007-11-15,-0.005073689864251785,-0.0038031487007022485
2007-11-16,0.006606456404447688,-0.005056913471741642
2007-11-19,-0.0006153077831688725,-0.008260450532185456
2007-11-20,0.0074977728713022515,0.002528074090241576
2007-11-21,-0.00656617401884189,-0.004783700736044438
2007-11-23,0.007662242894793899,0.004516651585509202
2007-11-26,0.003254794902308866,-0.012060507828980212
2007-11-27,0.001030384081546032,0.0009560281016455526
2007-11-28,0.004434732580099158,0.006696826554359325
2007-11-29,0.0008738377096959497,-0.0036091493900086108
2007-11-30,0.006852533514009488,-0.00664045868535037
2007-12-03,0.003346227976692632,-0.002694468115106526
2007-12-04,-0.001966893771098488,-0.0016432579153716764
2007-12-05,0.005538554022296342,0.0005909430997978804
2007-12-06,-0.001607774650418259,0.01338260178799809
2007-12-07,-5.6165985955680674e-05,-0.00546742205613453
2007-12-10,0.0014389474194871873,0.0033509863703342414
2007-12-11,0.0023484452833491876,-0.01392282749891376
2007-12-12,0.014982142231130908,-0.003175457299528513
2007-12-13,-0.007794419041699966,-0.003916419831266656
2007-12-14,-0.006186914701694657,-0.004637694748873515
2007-12-17,-0.0005392439844067231,-0.00864623101245737
2007-12-18,0.01017813691218008,-0.0035783575487866076
2007-12-19,0.0021253198513930148,0.0033590392590295095
2007-12-20,0.002223622764701612,0.0002144424590550272
2007-12-21,0.007562873347834239,0.003484067205258934
2007-12-24,-0.0005863970234298706,0.005978270259564226
2007-12-26,0.0011505964678368028,0.0019504094123344862
2007-12-27,0.0005011970468798532,-0.005182930491814937
2007-12-28,0.005165453653853384,-0.004528111140170502
2007-12-31,0.0012164829957902912,-0.002570734372027979
2008-01-02,0.005676211663698686,-0.00036855874518024005
2008-01-03,0.0016632611688709368,-0.002173740570794136
2008-01-04,-0.004595166005111199,-0.010453114019563977
2008-01-07,0.001653978482124711,-0.0036645620101682414
2008-01-08,0.006988464559000899,-0.010481842452831125
2008-01-09,0.0011415924637090623,0.0033001290524644843
2008-01-10,-0.004471727097800489,0.008544449074051533
2008-01-11,-0.0037304799631054262,-0.0007277459379372371
2008-01-14,0.006891267425180995,1.4583843855042743e-05
2008-01-15,-0.007196741457654847,-0.007424678517115442
2008-01-16,-0.0039814073194509355,-0.0037801635337933125
2008-01-17,0.005363970421097352,-0.013733679651101734
2008-01-18,0.007353869833023877,-0.004862621562430566
2008-01-22,-0.02436555103706978,0.02054121183008591
2008-01-23,-0.013112152062272927,0.020902636395562172
2008-01-24,0.004739840084567537,0.0032980948002125253
2008-01-25,0.008355010268260459,-0.008050173370308104
2008-01-28,-0.001436800846156383,0.010718840856491966
2008-01-29,-0.0004645861173632193,0.00042210573758053965
2008-01-30,-0.0025909630519056776,-0.0016162912056567095
2008-01-31,-0.006490829427095431,0.015532821508152488
2008-02-01,0.0051122444526769655,-0.000559585697150881
2008-02-04,-0.0036321972575789952,3.4263303140757986e-05
2008-02-05,-0.008923117679977865,-0.008399148902651091
2008-02-06,0.005140386456052918,-0.010422193531938406
2008-02-07,-0.002403036672914157,0.007637162427403444
2008-02-08,0.0008640438131937082,0.004169274857244565
2008-02-11,0.0006895177089950577,0.003845592599312453
2008-02-12,0.0003637863044822091,-0.0008892053646930945
2008-02-13,0.0024123199705071634,0.003486435067846775
2008-02-14,0.0035872460569673194,-0.007834517897529477
2008-02-15,0.0013494480167049053,-0.0009884739282413216
2008-02-19,0.012763060256023822,-0.00451933920891184
2008-02-20,-0.007844834948233381,0.013160711565375594
2008-02-21,0.0039209932544294725,-0.009635628366261868
2008-02-22,0.004766658948671417,0.0009590630659254436
2008-02-25,0.0012145525923513108,0.005154028806552528
2008-02-26,-0.0016142093710431145,0.011043666087446143
2008-02-27,-0.000810487676323975,0.002854968966344133
2008-02-28,-0.00015184451614687068,0.00295550165146418
2008-02-29,-0.003456551280926945,-0.006418397886787205
2008-03-03,0.004684877347441333,-0.0012039058000251326
2008-03-04,-0.003752048360166612,-0.005884240297901222
2008-03-05,0.004415173890792852,0.008238570905366002
2008-03-06,-0.0016433554910475416,-0.011068032467504341
2008-03-07,-0.0025513412927955356,-6.0711110038225156e-05
2008-03-10,-0.0018573673181502715,-0.0023306443475312076
2008-03-11,0.011842218366041594,0.007083968511945319
2008-03-12,0.0014941610702931282,-0.0006078593093929922
2008-03-13,-0.0028125264737561386,0.005642192628264857
2008-03-14,0.00437538326980016,-0.01267089282076678
2008-03-17,-0.01468815659890063,0.0037839219157194495
2008-03-18,0.01121141899791107,0.006443282846209837
2008-03-19,-0.003596333427554321,-0.01819171308486587
2008-03-20,-0.009745537321229588,0.00808512848414861
2008-03-24,0.0046359244770846,0.006550603757143359
2008-03-25,0.006214048120737521,0.0036037053611286543
2008-03-26,-0.0006994452975983556,0.0032219052967132383
2008-03-27,0.0022754494269021652,-0.00488475314711001
2008-03-28,-0.00037170975674792514,-0.006748042629883155
2008-03-31,0.004964863676210866,-0.010004782751239972
2008-04-01,0.0010290565776535827,0.009523550497860238
2008-04-02,0.0004862653041199483,0.007570360812635661
2008-04-03,-0.0035585714515807237,0.0072645126686479745
2008-04-04,0.003411288729059033,0.0008864744986854559
2008-04-07,0.0078034955265214945,-0.0027342787684662734
2008-04-08,-0.004470836129414591,0.0006838767482672055
2008-04-09,0.0005790117182185102,-0.0005097432115083104
2008-04-10,0.0013030607064072294,7.602649058435773e-06
2008-04-11,-0.00483726608214076,-0.004072267573422442
2008-04-14,-0.0013343017672171535,0.0004307177653137003
2008-04-15,0.004599630869759304,-1.6998490872947394e-05
2008-04-16,0.008393985200859743,0.006371478180928395
2008-04-17,-0.001606465917702815,-0.0005176927932825537
2008-04-18,0.000663892180468532,0.003550670068090563
2008-04-21,-0.0014822914361393971,0.000524402721938233
2008-04-22,-0.0023281239942265497,6.35002524053944e-05
2008-04-23,-0.0016443531108363792,0.002072371065060071
2008-04-24,-0.004489296708557067,-0.000131796879823128
2008-04-25,0.006683554024997429,-0.0005779236937020427
2008-04-28,0.002293295784629386,0.0005330368428891527
2008-04-29,-0.004769807008655828,-0.004184400216703655
2008-04-30,0.0030543277669423294,-0.0012829859165528405
2008-05-01,-0.003922987089018518,0.005410398129406269
2008-05-02,0.0033170084613319754,0.0010598091932158512
2008-05-05,0.003474813052018688,0.0017769599395652813
2008-05-06,-0.00012092719824592368,0.004460338864147466
2008-05-07,-0.002859489123794449,-0.004929939961516191
2008-05-08,0.004240167353440831,0.0018330554754802868
2008-05-09,0.0003851813078647792,-0.00036948291664973265
2008-05-12,0.001369982889132467,0.003269128316107676
2008-05-13,-0.0031166269063412984,0.0011219542571119826
2008-05-14,0.003694796383914034,-0.006110042326294122
2008-05-15,0.0065758197949564575,0.0034239812581260557
2008-05-16,0.005249757408321757,0.00015648611929752754
2008-05-19,0.0018977975743558787,-0.0005201420285076086
2008-05-20,-0.0005479800282593391,0.002047399717029467
2008-05-21,-0.0001975122917335333,-0.000775785751230725
2008-05-22,-0.0013657365211828957,-0.002777501926164135
2008-05-23,0.0016399004302320626,-0.003688598647773859
2008-05-27,-0.004579809119228336,-0.0002053442129715662
2008-05-28,-0.001753812671448681,0.0041521035315237095
2008-05-29,-0.006569711240423485,-0.0009519073680446688
2008-05-30,0.004422059353891032,3.4392015768291985e-05
2008-06-02,-0.001744262681665069,-0.0015591341756885071
2008-06-03,-0.0014350591903265375,-0.0030243116645659
2008-06-04,-0.0018411185374918185,-0.0005336325790992487
2008-06-05,0.0018614258508037032,0.012839338394804585
2008-06-06,0.003929371722834555,-0.0058702452144973865
2008-06-09,0.00032132110792721194,-0.005772487987795239
2008-06-10,-0.00417008070087963,-0.005390198543973942
2008-06-11,0.003867374736615418,-0.003945158678350576
2008-06-12,-0.003975077115851322,0.00164774093248381
2008-06-13,-0.00041443003706596036,0.004406756989876722
2008-06-16,0.006951792611608335,-0.001976940841875289
2008-06-17,0.0020898946955223725,-0.003160274986130681
2008-06-18,0.00014940143387559928,0.0016161289739343055
2008-06-19,0.00012932383506330709,-0.0023669343859780887
2008-06-20,-0.00012277016796113187,-0.00653756874775168
2008-06-23,-0.0018027176467512766,-0.0026362858756844893
2008-06-24,-0.0019660899860584726,-9.295813355127228e-05
2008-06-25,0.0017177825308354766,0.002302494264859926
2008-06-26,0.00230202225635332,-0.005809546242142427
2008-06-27,0.003094600792505342,-6.793216040086314e-05
2008-06-30,0.003186919334316333,-0.004872588230093237
2008-07-01,-0.0010997292103128498,0.005034144014755193
2008-07-02,1.919031333307656e-05,-0.004169607766427067
2008-07-03,0.0013051680451388861,-0.003329399958226379
2008-07-07,-0.0018316182594418251,-0.004693928757618412
2008-07-08,-0.005308006093162583,0.012307487891385612
2008-07-09,0.0035271038718898214,-0.013661920246165719
2008-07-10,0.002543722206772836,0.008634011342275587
2008-07-11,0.0011429241379976288,-0.001187833905292616
2008-07-14,0.005894414299354156,-0.00818711371163369
2008-07-15,-0.004393470955028896,-0.006177713917682537
2008-07-16,-0.0010866364056285383,0.008396857795709438
2008-07-17,0.0032408929292180827,-0.005287568076345058
2008-07-18,-0.00034985280291861544,-0.003005659132225406
2008-07-21,0.004185741253586847,0.003094978214290271
2008-07-22,-0.0052585325505950225,0.0037229998591779222
2008-07-23,-0.0028894673389056563,-0.0011720893605723889
2008-07-24,0.0023191104534983076,-0.01071662310163135
2008-07-25,-7.117927651524673e-05,-8.22929417308993e-05
2008-07-28,0.0014343544985758367,-0.005411866309680499
2008-07-29,-0.0005472569146453221,0.008475806335984689
2008-07-30,-0.0012913310595460267,0.0075114246904187665
2008-07-31,-0.0008289637683887981,-0.002566968029536983
2008-08-01,-0.0030430678368191058,-0.0009455272480691705
2008-08-04,-0.0036310141868190595,-0.010267873142076719
2008-08-05,0.000269010700694583,0.00480044299214899
2008-08-06,0.00022690585326830734,0.002290204317520354
2008-08-07,-0.002151770022207574,-0.0038058414014505047
2008-08-08,-0.006670496265301259,0.0055212901766625855
2008-08-11,0.0016290093892313692,-0.004702239041412389
2008-08-12,0.0011066637404960093,-0.004947977820056322
2008-08-13,-0.0021276517024894897,0.005712992647012379
2008-08-14,-0.004101945751947889,0.0024969783754813513
2008-08-15,-0.006661500665084855,-0.002858460516045295
2008-08-18,0.0045879916928559085,-0.00717414625443571
2008-08-19,-0.005608642803151261,0.003719125549453106
2008-08-20,0.0030075775398465954,0.0018336274651495899
2008-08-21,0.003493185840282879,0.0032534919456681743
2008-08-22,-0.0013986677483358208,-0.0020163533802203407
2008-08-25,0.00038598037737638997,-0.006951049883098552
2008-08-26,0.00040099840139550625,0.002725982906857542
2008-08-27,0.003381557914233498,0.0026929410445959644
2008-08-28,0.00624755105191012,-0.0014469105794811495
2008-08-29,0.0005009165274810545,-0.006841252599890953
2008-09-02,-0.012079536522835266,0.0019811348209585558
2008-09-03,-0.004040889392031185,0.0018903197340542392
2008-09-04,-0.0022965875437799266,-0.013207046245990206
2008-09-05,-0.00020812342266683567,-0.003392118852626447
2008-09-08,0.016471364647294928,-0.009082987610769304
2008-09-09,-0.005522246389682676,-0.018092859911297974
2008-09-10,0.0060411446562075605,-0.008017254232993072
2008-09-11,-0.007537591888019546,0.005192223075906248
2008-09-12,-8.47511656239123e-05,0.006258119577180491
2008-09-15,-0.015443701896408741,-0.008968806612941223
2008-09-16,-0.016161424848249013,0.012028903093634129
2008-09-17,-0.0038763621113451735,-0.0034461494106435694
2008-09-18,0.014023921185518474,0.012399472583648678
2008-09-19,0.04019312211679722,-0.006580095718309753
2008-09-22,0.0003597483467094209,-0.008059621816713181
2008-09-23,0.0017499132031935983,-0.011636706625436744
2008-09-24,0.009046821371606957,-0.010201840148341268
2008-09-25,0.004497584028707998,0.003990918207314853
2008-09-26,-0.014147936096953617,0.011217849363169326
2008-09-29,-0.02008398440372045,-0.0350452676649078
2008-09-30,0.016301815908213748,0.010171163050783265
2008-10-01,-0.0006657640070146797,0.002697507013547118
2008-10-02,-0.012213943355855846,-0.029124512118482587
2008-10-03,0.005198158995393968,-0.013107774088016015
2008-10-06,-0.011933946133595663,-0.014763723947163476
2008-10-07,0.014193395029890225,-0.03204935747112589
2008-10-08,-0.008532920244919568,0.00045507803424925294
2008-10-09,0.0072150205151381595,-0.0393879997041181
2008-10-10,-0.035431090283547025,0.010002614623254786
2008-10-13,0.03492904826374728,0.03660985449153543
2008-10-14,0.018319136807862367,-0.03574740023971763
2008-10-15,-0.021005505963045363,-0.03626288188499314
2008-10-16,0.007850957944109475,0.001536494157387717
2008-10-17,-0.02033644218216019,0.009462410255204461
2008-10-20,0.015130816779442243,0.016578213233142465
2008-10-21,-0.015474489868871462,-0.007325820036162134
2008-10-22,-0.01675807001194469,-0.022847982043954603
2008-10-23,-0.002189578694662305,0.0049259264309642415
2008-10-24,-0.05354596833014165,0.024700542730622787
2008-10-27,-0.012263182568858418,-0.013459630525416589
2008-10-28,0.024296967416000202,0.034181926038678374
2008-10-29,0.003875674427089574,0.006058009325234289
2008-10-30,0.020258905043675498,-0.003062744382905051
2008-10-31,-0.0052882710607862725,0.013595978658890787
2008-11-03,-0.00011808969593170015,-0.0049876040664278195
2008-11-04,0.02135666798645759,0.016117870942542578
2008-11-05,-0.008691785024747434,-0.025775397479038054
2008-11-06,-0.004605837392746892,-0.02482999701040444
2008-11-07,0.009588811588550931,0.008425271874046387
2008-11-10,0.0194382047237999,-0.02412452259248515
2008-11-11,-0.011028048774653028,-0.00933911878053985
2008-11-12,-0.011988513011246609,-0.0219553822833626
2008-11-13,0.0042332710767367145,0.03629179660600024
2008-11-14,-0.011539104968561682,-0.0192314157704465
2008-11-17,-0.004590111314970898,-0.007919516979732092
2008-11-18,-0.000804957185606218,0.000915275290958865
2008-11-19,-0.0031811311271686088,-0.034894687155302126
2008-11-20,-0.005454595114387521,-0.028969848703881012
2008-11-21,0.024714981161433662,0.016992903584324207
2008-11-24,0.0159122293651372,0.03057226672327566
2008-11-25,0.008401989046430658,-0.01071681051840078
2008-11-26,-0.00036683873782934474,0.028651489662909698
2008-11-28,-0.009207828546232144,0.0027513060429927997
2008-12-01,-0.01881032280894423,-0.038332564286503557
2008-12-02,0.01601600257245782,0.011244686692422179
2008-12-03,-0.01528509137975395,0.025560606819014894
2008-12-04,-0.012222949973128302,-0.00873022032337741
2008-12-05,-0.010427995162087715,0.024008120570377763
2008-12-08,0.02046984999618308,0.012422778712748534
2008-12-09,-0.007155872310779743,-0.007274716075618685
2008-12-10,0.01343121903644522,0.009658923276364632
2008-12-11,0.0003706014978763772,-0.011552082723567928
2008-12-12,-0.01734604559922941,0.03287359201680951
2008-12-15,0.0052986406448267765,-0.01280226800661127
2008-12-16,0.020871096443187277,0.015448273477171318
2008-12-17,-0.002004800698824146,0.003620250801259887
2008-12-18,0.0004819099639191397,-0.01283630134346912
2008-12-19,-0.0023907574048852944,0.004574600022767624
2008-12-22,0.002014504666015893,-0.014087121310580052
2008-12-23,0.000374330529915771,-0.00808139240242541
2008-12-24,-0.0010031726888839539,0.001089666246434658
2008-12-26,-0.0017359499358280777,0.011164266690918138
2008-12-29,0.008449753394280564,-0.00677647825705634
2008-12-30,0.0005792377230453116,0.010675606236164644
2008-12-31,-0.00455260509215493,0.024079417918521927
2009-01-02,0.003109848250520001,0.010513903650361148
2009-01-05,-0.009127131035562472,0.011336409338212465
2009-01-06,0.005582222546763038,0.005655855681157133
2009-01-07,-0.010873854589097806,-0.019603281267397743
2009-01-08,-0.002220511999439904,0.005013645443630403
2009-01-09,-0.0034990004304599124,-0.007993949873193077
2009-01-12,-0.009983910213349418,-0.01636509630879613
2009-01-13,-0.0014675620308883068,0.008452526371282198
2009-01-14,-0.009731320056561825,-0.010410992147964164
2009-01-15,-0.0009321710997697148,0.005013630164164051
2009-01-16,0.012421469968091577,-0.002858634427482576
2009-01-20,-0.009679054710096573,-0.023098514176934915
2009-01-21,0.007059572846083969,0.017885837487068713
2009-01-22,-0.014009670427660896,-0.0012260543190303786
2009-01-23,-0.011860157485364975,0.028126105869184476
2009-01-26,0.0028928960488945926,-0.0012099278192093813
2009-01-27,0.0006410739861466415,0.0003354166599136491
2009-01-28,0.012797950456097574,0.007944148742336562
2009-01-29,-0.015030325979664132,-0.005927121601470102
2009-01-30,0.009015200811224488,-0.013293074815361343
2009-02-02,-0.011768886310024988,0.006695904948730306
2009-02-03,0.0015816927985055666,0.0016594235446607244
2009-02-04,0.004598970067862118,-0.006652824360939539
2009-02-05,-0.0001464604936700716,0.00893164354408776
2009-02-06,-0.0018806656521761945,0.017514056315657205
2009-02-09,0.0014187765821831455,-0.0025257168105437583
2009-02-10,0.003996545170856547,-0.02405093950444214
2009-02-11,0.006531472214830236,0.0002615498481941314
2009-02-12,-0.009700750525030196,0.009853987427519521
2009-02-13,-0.0024154983465159317,-0.008478123159571312
2009-02-17,-0.014392792147675052,-0.008498556874486545
2009-02-18,0.004442897277813248,-0.006737846902288203
2009-02-19,0.004376057004947105,-0.00891062696156725
2009-02-20,-0.010269501069325115,0.012130234255194172
2009-02-23,0.004853830798756956,-0.024631009587084203
2009-02-24,0.008787561012352193,0.0092904515865515
2009-02-25,-0.00036323847857983407,-0.004774587355900691
2009-02-26,0.006419258190797998,-0.015769057076182695
2009-02-27,-0.007927092689350546,-0.00017952020262749593
2009-03-02,-0.011440861060291244,-0.02036490397761158
2009-03-03,0.007152297691222979,-0.006919235836843337
2009-03-04,0.01555806652198608,0.004707882922374673
2009-03-05,-0.007292049741515479,-0.010048064171857381
2009-03-06,0.006857255632014669,-0.0025294839406816206
2009-03-09,-0.004963768769081918,-0.004590924527310381
2009-03-10,0.010984944395185773,0.01665426331365473
2009-03-11,0.0031196464602725924,-0.004954756476070155
2009-03-12,0.0007610875322916784,0.029460554481527446
2009-03-13,0.005878152111169806,-0.005068225639933847
2009-03-16,-0.0009184296732075214,-0.005782684685320764
2009-03-17,0.0012060330138443727,0.016199313237054303
2009-03-18,-0.006696222481165111,0.02851571018160132
2009-03-19,0.013446472399882607,-0.013364348995649726
2009-03-20,0.001047525693498108,-0.011768676028682841
2009-03-23,0.015122222968563566,0.022434935698248296
2009-03-24,-0.012111101235407255,-0.005001775830608872
2009-03-25,0.0008910655271900713,0.002745977325500637
2009-03-26,0.009735833733000946,0.006010508582005203
2009-03-27,-0.011658479249770889,-0.005218257241155418
2009-03-30,-0.015576498874953226,-0.01125426382827713
2009-03-31,0.009160475346509841,0.00343604728477962
2009-04-01,-0.0042800074699342145,0.011865619643962022
2009-04-02,0.016092510301580557,0.009039104773657776
2009-04-03,-0.0016480040392953994,0.008881428389876727
2009-04-06,-0.011646346864806145,-0.001126997070753255
2009-04-07,-0.008141039253987325,-0.007732375837313144
2009-04-08,0.002603177809511736,0.007593469973243372
2009-04-09,0.014095661517718646,0.0127771642901229
2009-04-13,-0.005124109386027431,0.008748989241480628
2009-04-14,-0.004418439876281788,-0.009074963809254396
2009-04-15,-0.0004523200093700996,0.010756064311989937
2009-04-16,0.002105505690540784,0.002262040194377849
2009-04-17,0.0014033910518840805,-0.0016344980410105754
2009-04-20,-0.012087550247078785,-0.0153645573213906
2009-04-21,-0.004516956592130717,0.018477331778317792
2009-04-22,-0.005305339217081946,0.003105244548372828
2009-04-23,0.004823433944945643,0.006632303234521449
2009-04-24,0.007236239612251616,0.006129575594782444
2009-04-27,-0.011986819435360507,0.0004556662766841265
2009-04-28,-0.010700739997079196,0.004484617372275516
2009-04-29,0.010113254440864512,0.007902243747467603
2009-04-30,0.0017941254420643278,-0.002915756360948992
2009-05-01,0.001024554606356635,0.0033021207403396277
2009-05-04,0.008544618975354797,0.017281914070046964
2009-05-05,0.00037709221335565274,-0.004349216017503073
2009-05-06,0.011800462990789703,0.002895870222039313
2009-05-07,0.0089395196598701,-0.022631536019715126
2009-05-08,0.010893308359812186,0.008199617838166006
2009-05-11,-0.008544641514694428,0.0011124221115132115
2009-05-12,0.0064856245831894565,-0.00360269647168916
2009-05-13,-0.009135913740513443,-0.008727057108540144
2009-05-14,-0.002207195087456141,0.008214005331805082
2009-05-15,-0.0023184259046389174,-0.0066361536477049935
2009-05-18,0.008444928360052248,0.011344125589853411
2009-05-19,0.0013042442195059973,0.001512962243633035
2009-05-20,0.007477381079715287,-0.002353838950084815
2009-05-21,-0.007487325247409308,-0.0006457364018433775
2009-05-22,0.003099467442330702,-0.003281682847724432
2009-05-26,-0.008480071710402874,0.021062033317573295
2009-05-27,0.001907553207982963,-0.009624677914220578
2009-05-28,0.009732725874901371,0.0023865324253766677
2009-05-29,0.009011330564086066,0.00893826255016065
2009-06-01,0.009606737443633126,0.005434924526858713
2009-06-02,-0.0024886487306715536,0.0047334810917553614
2009-06-03,-0.0049403396962131915,-0.007689374683767277
2009-06-04,0.004488316079508755,0.0077011470654910616
2009-06-05,-0.00031356356857784967,-0.005810929993316642
2009-06-08,-0.004215594192319723,-0.0010324959571237802
2009-06-09,0.005867446988478164,-0.0004970991242868076
2009-06-10,0.006914311502205961,-0.007822915344512855
2009-06-11,0.000742992782576161,0.003947133030063695
2009-06-12,-0.005782843802985061,0.0046536044590384336
2009-06-15,-0.008623968852133146,-0.010276991225038187
2009-06-16,0.005605621420298027,-0.01009454341764023
2009-06-17,-0.0016861710362178059,0.0010018563792694613
2009-06-18,-0.002275573252087093,0.0004570051068166695
2009-06-19,0.005496609192861753,-0.0023201039988096045
2009-06-22,-0.009510794337919244,-0.012661944070241548
2009-06-23,0.004198612338817109,0.0017944797816760172
2009-06-24,0.00838619348015519,-0.0031650880451103685
2009-06-25,0.0006858905871345448,0.015058561321248535
2009-06-26,-0.00039291400507199075,0.00015772093889565575
2009-06-29,0.003149845520670443,0.0009336220388630763
2009-06-30,-0.0004395831201893093,-0.005679257749577397
2009-07-01,0.006215415601694562,-0.0011185339349168914
2009-07-02,-0.011561764277385726,-0.008564064884376547
2009-07-06,-0.010324706623771199,0.005116832714471135
2009-07-07,-0.001331256816959551,-0.012938693820696375
2009-07-08,0.0007475031823858114,-0.00501574098859261
2009-07-09,0.0030113901845581826,-0.0021270937096019866
2009-07-10,-0.00637177352540664,0.004005171000304789
2009-07-13,-0.0008424936211003153,0.010556663243810297
2009-07-14,0.0026775597066515853,-0.0008880227215196287
2009-07-15,0.0117815000637437,0.008149991392842944
2009-07-16,-0.002625635854531964,0.0077032910518907444
2009-07-17,0.001033066877157392,-0.0003272560210650699
2009-07-20,0.00906015206602883,0.005092813355358524
2009-07-21,0.004541415245947008,-0.0011700921212666564
2009-07-22,-0.006432004877280202,0.007431013835536896
2009-07-23,-1.9243710300472413e-05,0.012934202962918421
2009-07-24,-0.0019278305224665893,0.005227413795531229
2009-07-27,0.0007940818895693091,0.0022574300157063003
2009-07-28,-0.00528929706915174,0.0007193717721891628
2009-07-29,-0.003208700322742941,-0.006905326211401371
2009-07-30,0.010480807865127388,0.006126811449958391
2009-07-31,0.0010224084808557225,0.0102787432859386
2009-08-03,0.011327273199104338,0.00026700814223843403
2009-08-04,-0.001467589202872599,0.006297580559194057
2009-08-05,0.0005725247698862217,7.709913710811645e-05
2009-08-06,0.0033323795363916276,-0.009222106705861247
2009-08-07,0.005916876163298968,0.0002474002900605769
2009-08-10,-0.0020687231140428474,-0.0006271292237591893
2009-08-11,-0.00269740724294593,-0.004801602333922572
2009-08-12,-0.0009491573916065402,0.006141845593724519
2009-08-13,0.007928652503984631,0.0013035745995223205
2009-08-14,-0.0009000323618261566,-0.010862056055954094
2009-08-17,-0.016566561023323788,-0.0030541132919869856
2009-08-18,0.002272981546290002,0.007568799185876014
2009-08-19,-0.007974027986633107,0.013473579712991538
2009-08-20,0.00014321433836331405,0.006079249951417872
2009-08-21,0.008180453794979144,0.0016143334211303317
2009-08-24,0.004961870487838804,-0.0039643070157616995
2009-08-25,0.004517136987636931,-0.0039079879881208646
2009-08-26,-0.0019674474314956467,0.0027872594167699825
2009-08-27,-0.00224831638111224,0.004246064985934961
2009-08-28,0.0063556249296659265,-0.0029371964130534777
2009-08-31,-0.00932420518818955,0.00028211094450878436
2009-09-01,-0.0021262346096403207,-0.01059312153735111
2009-09-02,-0.0013014632865693857,0.004545282492074265
2009-09-03,0.005474365788778986,0.0030261301945902373
2009-09-04,-0.0009802384397276764,0.005957931723356117
2009-09-08,0.011005881076285359,0.0007023547238736328
2009-09-09,0.0011282007583898043,0.002355517151635748
2009-09-10,0.00026300372019008773,0.010411844880763084
2009-09-11,0.004971489044328203,-0.005903654650139156
2009-09-14,-0.007023205111807636,0.0070009019041828765
2009-09-15,0.0006139852848483507,0.007965718705105857
2009-09-16,0.006325127350494049,0.007912656082256154
2009-09-17,-0.0011233517950395436,0.0005349930016573949
2009-09-18,0.0018625358199322614,-0.00496928169056879
2009-09-21,-0.007713835911150039,0.0012031660298340945
2009-09-22,0.008821241165759412,0.0013396852441214173
2009-09-23,-0.0006251037808278293,-0.010723847368939972
2009-09-24,0.001709507060481615,-0.014090109913620164
2009-09-25,-0.0027401211347743465,0.0006928615372244984
2009-09-28,0.002645943464613487,0.009713688523172765
2009-09-29,-0.0009583960654060346,-0.0019204536865156626
2009-09-30,0.0043178079552437095,0.002501530248951278
2009-10-01,-0.0013816185475594414,-0.013754721562304055
2009-10-02,-0.007742508112931312,0.0026531655470822518
2009-10-05,0.002640999362904887,0.011346228116009235
2009-10-06,0.006328384137686208,0.0018555083477707957
2009-10-07,0.0005582754834861037,0.0019310739653880748
2009-10-08,0.004220697967580593,0.0034455148426945676
2009-10-09,-0.001260679723754025,0.0016260886554763396
2009-10-12,0.005232676970810675,-0.0008106569051257691
2009-10-13,0.00045760368281552537,0.0006458515902000528
2009-10-14,0.006583439746610931,0.002452798720925505
2009-10-15,-0.004695547263357244,0.0037543246427302742
2009-10-16,-0.0036086604592707144,0.00114220839498446
2009-10-19,0.0019565127377598004,0.007385560042941079
2009-10-20,0.0020478842555433714,-0.006855270253558158
2009-10-21,-0.0025641166194486347,0.0021875298850807965
2009-10-22,-0.0013808780071216183,0.007291006105268242
2009-10-23,0.002602901447504813,-0.009444533747270396
2009-10-26,0.0015006157360458,-0.011912134763653996
2009-10-27,0.0007930079443592586,-0.005372081070959774
2009-10-28,-0.004709558759579139,-0.014847569171270761
2009-10-29,0.008424700539226438,0.010820154032698233
2009-10-30,-0.003039444582155215,-0.013011015943906657
2009-11-02,0.003948356450682907,0.0015902494890411992
2009-11-03,-0.006296827209765632,0.015030571339761859
2009-11-04,0.0063697612789110165,-0.005927750412315791
2009-11-05,0.0036327240293799303,0.0056260165137163995
2009-11-06,-0.005138357861553722,0.0021483270860568116
2009-11-09,0.008621111315280362,0.0064051930390428115
2009-11-10,-0.001700634953285777,-0.0014709912245080374
2009-11-11,0.007365017820959678,-0.0007838531994178425
2009-11-12,-0.002889820308629476,-0.0070153338434665235
2009-11-13,-0.0001386867076323665,0.0052113044965573264
2009-11-16,0.007149770548463611,0.010388386170743965
2009-11-17,-0.0028497882815911924,0.003606422227488215
2009-11-18,0.0019214343905123185,-0.0022550262097133177
2009-11-19,-0.004378671908909104,-0.005088669730530097
2009-11-20,-0.005412850107609154,0.00334872672350243
2009-11-23,0.009752793878091174,-0.002711233994640712
2009-11-24,-0.00040536251897237786,-0.0024784116360397086
2009-11-25,0.00271651438924038,0.0050226379489754685
2009-11-27,-0.02459600818715661,0.009863105755923966
2009-11-30,-0.0012509037632735625,0.009010029749647479
2009-12-01,0.008436232123823613,0.0019725070447578876
2009-12-02,0.001536554546825819,0.000642604176711877
2009-12-03,-0.0005124447998405908,-0.005328906551439501
2009-12-04,0.006467782239354662,-0.007260951830242431
2009-12-07,-0.005866438514228219,-8.783943466027881e-05
2009-12-08,-0.0037344847857406255,-0.004742244109873783
2009-12-09,0.0010031045434567786,-0.004428659806441685
2009-12-10,0.0008254397929937059,-0.001519629686762558
2009-12-11,0.001565874012055472,-0.001593948739060854
2009-12-14,0.004030463707808714,0.003145931489166568
2009-12-15,-0.003247716930091841,7.265354946496642e-05
2009-12-16,0.004450233863107626,0.0026215807250963654
2009-12-17,-0.005438155586102789,-0.004689371837530317
2009-12-18,0.005095278194108132,-0.0005177709985851357
2009-12-21,0.0022989781995556902,-0.0045477587421576555
2009-12-22,0.0008709761316548621,0.002138197048242348
2009-12-23,0.004091310712721974,0.003649944751080077
2009-12-24,0.0029008380081168533,0.0029268492844126987
2009-12-28,0.0041400570032413,-0.0011870202997945685
2009-12-29,0.0014216725212726322,-0.004699574421640078
2009-12-30,-0.0020202290126261585,0.002187027413769645
2009-12-31,0.0025795626892751427,-0.006154677820239906
2010-01-04,0.01186568950458183,0.003442663859130864
2010-01-05,0.0009618817121759863,0.0021131236564250052
2010-01-06,0.0013887497813185323,0.00166499753324989
2010-01-07,-0.0008593617985049132,0.0011143984722608172
2010-01-08,0.0006209848549325307,0.002514901007399469
2010-01-11,0.0043949039638370236,-0.0044098563963346805
2010-01-12,-0.003805441562889807,-0.005392175862293473
2010-01-13,0.0006190031440859981,0.0037669117746780057
2010-01-14,0.0001869403134520109,0.0018003454803460143
2010-01-15,-0.0009572087411469236,-0.006600122312593334
2010-01-19,-0.0005094504204414226,0.010232928127131577
2010-01-20,-0.007793409828294144,-0.005125417576689066
2010-01-21,0.00011181531417071936,-0.013605920959855874
2010-01-22,-0.0033217061637538384,-0.010278485100233192
2010-01-25,0.004465879565064168,-0.0009038439949119459
2010-01-26,-0.006695810078000456,0.001003869442246345
2010-01-27,-0.0015924420828498764,0.00025773187068139545
2010-01-28,0.0020407397429491603,-0.009615662756167076
2010-01-29,0.00320097406264368,-0.008501652735770578
2010-02-01,0.004826198017929302,0.007865021652708653
2010-02-02,0.0027944021991119635,0.005728345295997838
2010-02-03,-0.0021242558823345507,-0.002920552847166169
2010-02-04,-0.007631398512109196,-0.018375234883274135
2010-02-05,-0.001634614532631192,0.000640383956560379
2010-02-08,-0.001837747401398541,-0.0047355844911540395
2010-02-09,0.009011178958894991,0.0018477583135493155
2010-02-10,-9.944030423498784e-05,-0.002627333864008441
2010-02-11,0.0010522691731512657,0.00909209193640422
2010-02-12,-0.00808883581371552,0.006975941436805799
2010-02-16,0.00835891099759795,0.009175626756446764
2010-02-17,0.0021243178756748487,-0.0008365184483057748
2010-02-18,0.0010093519386362123,0.005025026302646229
2010-02-19,-0.0029428932205976645,0.004581403340805146
2010-02-22,0.0020941884623283096,-0.0029434993958050346
2010-02-23,-0.002890757882538897,-0.005392409149152836
2010-02-24,0.0015419512923909122,0.004224366966938531
2010-02-25,-0.010145277157030945,0.008513702719486127
2010-02-26,0.0023087093064780182,0.004245880456290759
2010-03-01,0.004451826991994075,5.820309245364215e-05
2010-03-02,0.003542159712561769,0.0032761903340232656
2010-03-03,0.0034544924478550065,0.0004336215823430356
2010-03-04,-0.00015858367396342682,-3.32410930882728e-05
2010-03-05,0.004687883803652385,0.005369664897790612
2010-03-08,0.001091956296746958,-0.0017361074407201693
2010-03-09,-0.003626504232430531,0.00416584547290643
2010-03-10,0.0005061830904285951,0.0009483585251582142
2010-03-11,-0.0025156963820537484,0.004646673713688283
2010-03-12,0.0021366829413584404,-0.003022637138307638
2010-03-15,-0.0023211309706266353,-0.0007411754722824367
2010-03-16,0.005540243675659329,0.005148814406395644
2010-03-17,0.0031063398248336077,0.001522783992955971
2010-03-18,-0.0001797064064132418,-0.0012688601205540124
2010-03-19,-0.008130797623380714,-0.0005982143946980564
2010-03-22,-0.007180568889539529,0.011128812749799695
2010-03-23,-0.0006192772357491716,0.003654455249354231
2010-03-24,-0.00763610742648159,-0.0020097680630412063
2010-03-25,0.004985852636536237,-0.006167145080054063
2010-03-26,0.0031015465764437553,-0.00010266904871130874
2010-03-29,0.005357265971814888,0.0022947210854655786
2010-03-30,0.0005603564358623118,-0.0001328867752487343
2010-03-31,0.0014813080371626653,-0.0012208377534835317
2010-04-01,0.007434982776804448,0.0014009082041509969
2010-04-05,0.0013753259301256297,0.004710685793311161
2010-04-06,-0.0011256492799157265,0.003939523517544267
2010-04-07,-0.00015040670455352217,-0.0008438439415047479
2010-04-08,-0.0031212985388115936,0.0032570571405186044
2010-04-09,0.002194592843372119,0.0025162823455458392
2010-04-12,0.0006617072121950211,-0.002098212648570389
2010-04-13,0.001017913250256064,0.0018716384674709004
2010-04-14,0.004766624982293884,0.002546598908371663
2010-04-15,-0.0012929009483926132,0.0008773943382127373
2010-04-16,-0.0044512721334489655,-0.009433700879579376
2010-04-19,-0.005270948266674158,0.002711061226959425
2010-04-20,0.004812305398020119,0.00200904525940957
2010-04-21,0.0016527574630311663,0.0026121435170506726
2010-04-22,-0.005920087348635753,0.007040830938077902
2010-04-23,-0.001768040555567311,0.008162107000414427
2010-04-26,0.0013528538063761234,-0.002763645451413077
2010-04-27,-0.0031157454600002706,-0.008806444213768387
2010-04-28,0.002349117878873752,-0.0010995654190748402
2010-04-29,0.005372634328479556,0.00757844425542135
2010-04-30,0.002179888779186164,-0.006665940442974357
2010-05-03,0.0027606039017113635,0.005072186800136584
2010-05-04,-0.007372429702045835,-0.012012455836351459
2010-05-05,-0.012315225459823376,0.001834836562185697
2010-05-06,-0.003119330755122681,-0.012686851438897525
2010-05-07,-0.0007125988202737465,-0.0049131322379895115
2010-05-10,0.023867947682818937,0.0023200734661701803
2010-05-11,-0.0036798729393342426,0.0060844925509972265
2010-05-12,0.004274088817141457,0.004462737148385284
2010-05-13,-0.0004979106934639359,-0.006477862831708503
2010-05-14,-0.0020967213082207837,-0.009773128108875161
2010-05-17,0.00040577291923996246,-0.0062696000791309546
2010-05-18,0.00705048677999048,-0.01286524856035453
2010-05-19,-0.006176098544874132,-0.0018926908604671425
2010-05-20,-0.01573729972493317,-0.008696551981009248
2010-05-21,-0.007383372762208965,0.017663014316866708
2010-05-24,0.0010712409236427393,-0.004395948860647662
2010-05-25,-0.01495635531681879,0.014461462006763015
2010-05-26,0.006161833353644782,-0.005233239456199956
2010-05-27,0.01293853452041147,0.01060083989881031
2010-05-28,-0.001024929490186303,-0.004630409922827305
2010-06-01,-0.003097719759517011,-0.006153399647397724
2010-06-02,0.0028035430801378602,0.009130002118073658
2010-06-03,0.00033973187093994106,-0.0006522363454439054
2010-06-04,-0.010314388990242987,-0.01005495486514761
2010-06-07,0.0011447466273896516,-0.002132580132492157
2010-06-08,0.003060309025023322,0.002427488412287186
2010-06-09,0.0037767792365946146,-0.003864403704040398
2010-06-10,0.007677568860069621,0.00648264861399354
2010-06-11,-0.004206592316728293,0.008827798775608183
2010-06-14,0.0049233559304093415,-0.0041385477376051066
2010-06-15,0.005489384827506686,0.009420240591872697
2010-06-16,-0.0031624071270767383,0.002981923733558589
2010-06-17,0.0045560776425556705,-0.0015559065641641704
2010-06-18,0.00238649959862877,0.00020093044574061766
2010-06-21,0.00827214633654539,-0.011748369311543327
2010-06-22,0.002280300048252237,-0.008063872390001245
2010-06-23,-0.0009511588221364183,-0.001961493128341574
2010-06-24,-0.002374455588086503,-0.004816947736199451
2010-06-25,0.004716756575974997,0.0059262016237954015
2010-06-28,0.0005989129917548519,-0.004698204770497331
2010-06-29,-0.010010529775474512,-0.00844000068538499
2010-06-30,4.3878769595136664e-05,-0.003050732408678932
2010-07-01,-0.0008420900768004502,-0.008227249204202702
2010-07-02,0.0022520561335624893,-0.0053281280824121055
2010-07-06,0.009877639992159766,-0.008705869427967671
2010-07-07,0.0018018306125467806,0.016425522103154813
2010-07-08,0.003370255773832535,0.0011948678074943672
2010-07-09,-0.0004234337890483368,0.005138077006814708
2010-07-12,-0.0022612415191793395,-0.0013674561692767373
2010-07-13,0.00851550181553465,0.0024500056643152355
2010-07-14,-0.001165468111048636,0.002286963285948921
2010-07-15,0.0007332407352349672,-0.0006197753258051719
2010-07-16,-0.0060563451809039805,-0.010125343337551003
2010-07-19,0.0013520696369259343,0.0008547068142923609
2010-07-20,-0.005688548294001953,0.014689047418323315
2010-07-21,0.004514615808470938,-0.0103035499288193
2010-07-22,0.008578702015713986,0.008248434233093701
2010-07-23,-0.0009957369506200372,0.004444050659452111
2010-07-26,-6.250650489440327e-06,0.004712356447205904
2010-07-27,0.0014249446923426964,-0.007650416090021957
2010-07-28,-0.001988151999903905,-0.0010340748815000985
2010-07-29,0.003902569798955239,-0.0021677760855441856
2010-07-30,-0.0032059703814765936,0.008994601262489122
2010-08-02,0.010952521157681668,0.0024536416365187773
2010-08-03,-8.739359133712229e-05,-3.739786752878042e-05
2010-08-04,0.003392241871022879,-0.0009500363446659721
2010-08-05,-0.0019072478395578758,-0.00018127327344295008
2010-08-06,-0.003380392143609967,0.003003217405234948
2010-08-09,0.002453266087040862,0.0006359573949814864
2010-08-10,-0.00815531805715337,0.002729604449783
2010-08-11,-0.009686872902127457,-0.007445007613441179
2010-08-12,-0.0060804942709164365,0.0028288701727289477
2010-08-13,0.0003574348944256789,0.0001416375263002016
2010-08-16,0.0011265014432844038,0.004135126649531566
2010-08-17,0.00570497909408941,0.0011928280818999475
2010-08-18,-0.0021567254829216584,0.002389599269033852
2010-08-19,-0.00046266574998992115,-0.00722497999150468
2010-08-20,-0.003065899460889369,-0.00012216669180031836
2010-08-23,0.00146729191151956,-0.005488410342050372
2010-08-24,-0.006640986467625906,0.0025583555075208374
2010-08-25,-0.0005480606944494889,0.007006179967248875
2010-08-26,0.0030278893822423807,-0.0038782203658835742
2010-08-27,0.00394562347984572,0.003817088702909229
2010-08-30,-0.001680750014767048,-0.0030290597278278763
2010-08-31,0.0009656471203878543,-0.00042653586962719076
2010-09-01,0.007416141813087888,0.007110401704860111
2010-09-02,-4.913912910239719e-05,0.005288423950049937
2010-09-03,0.001739500994465278,0.001963408820150899
2010-09-07,4.5715197498415644e-05,-0.0025040739549042476
2010-09-08,0.0019447336506959105,0.0014212759813477434
2010-09-09,0.004825318000219969,-0.007959559163423325
2010-09-10,0.0016411308448941897,0.002635997511750528
2010-09-13,0.005880297666855576,0.0030026481561238032
2010-09-14,0.000869993616181497,0.00292839719818266
2010-09-15,-0.0036115227491900696,0.0037262789222449744
2010-09-16,-0.00208010309658971,-0.0007159601217769559
2010-09-17,0.0037618592546173465,-0.0032051939945878885
2010-09-20,0.0035086338890213545,0.00691566828413126
2010-09-21,3.6005284397429745e-05,-0.000811662130472679
2010-09-22,0.001547591177128904,-0.003142106122375443
2010-09-23,-0.003564514673209566,-0.00010323050951658679
2010-09-24,0.006272590517013639,0.005568231532391262
2010-09-27,0.002122255241722093,-0.0028451759871844858
2010-09-28,0.00044483377919153356,0.003563188134827914
2010-09-29,-0.00030306164160625037,0.0021814458042380986
2010-09-30,0.004001789591730846,-0.0023110612432561367
2010-10-01,0.004338681573948507,0.0003564443295623887
2010-10-04,-0.0010573254912320973,-0.002011663873031185
2010-10-05,0.007180941405755004,0.0073543198745996685
2010-10-06,0.0014714475629434324,0.001037790968587197
2010-10-07,0.003884561234514424,-0.009640875966964325
2010-10-08,0.0028489643565102456,0.006200004184147848
2010-10-11,-0.0007365699697572762,0.00042652936435791193
2010-10-12,-0.0013606325213536626,0.0014707878916342177
2010-10-13,0.004186769400154559,0.004684198304653616
2010-10-14,0.0003490215333005272,-0.0018215424608594229
2010-10-15,0.001601909822889495,-0.004656178652166402
2010-10-18,0.0008709532157854009,0.005062157780275952
2010-10-19,-0.012712642390774527,-0.003021417219247572
2010-10-20,0.002335682479639667,0.008236788894467766
2010-10-21,0.0012808494946724795,-0.008222471774238146
2010-10-22,0.002068997520896983,0.0025022298790487044
2010-10-25,0.007509533936397683,-0.0030171924559693124
2010-10-26,-0.0051901868940177785,0.004211388541265208
2010-10-27,-0.005694430814730659,0.0004710087939235515
2010-10-28,0.004948049527025685,-0.0022773915378543636
2010-10-29,-7.862550764684192e-05,0.003548425618283731
2010-11-01,0.006417305439993985,-0.005101948012479421
2010-11-02,0.006929274129849902,0.0017514743501101308
2010-11-03,0.0018977198551133926,-0.0011061212194299675
2010-11-04,0.011798070514650679,0.007478252302956933
2010-11-05,-0.001875274703653355,0.003949830925570211
2010-11-08,-0.0018081489929463678,0.004300847982205225
2010-11-09,0.004648192729276516,-0.01733262100282632
2010-11-10,0.005633142409602451,0.0015109571189583892
2010-11-11,-0.003527169827286477,0.0009338440904673136
2010-11-12,-0.00788060555231956,-0.010770418365473204
2010-11-15,0.0026139435691453715,-0.008237653961979322
2010-11-16,-0.0035732376236572217,-0.008027060436460303
2010-11-17,0.0009708746868828758,-0.0016097929401963937
2010-11-18,0.011507017125343336,0.003920520754224806
2010-11-19,-0.003926901259543195,0.004918032874994416
2010-11-22,-0.0022672498761854287,0.004729101608130685
2010-11-23,-0.0067340723200065645,-0.0007419419231528002
2010-11-24,0.0029367161388284507,0.006222509787176481
2010-11-26,-0.006951756943039304,0.0014236229867390445
2010-11-29,0.0005048679797274192,0.0038949275742496143
2010-11-30,-0.0024336069759969565,0.001281359777191519
2010-12-01,0.008578053889035157,0.002388812704859607
2010-12-02,0.0005006466086177422,0.006250244351337689
2010-12-03,0.0001757240952499961,0.00495401719177917
2010-12-06,0.0011800607891204221,0.003340822921336898
2010-12-07,0.005606578842933548,-0.01332215348269395
2010-12-08,0.00047346959602201366,-0.00400270123414012
2010-12-09,0.004097146346914929,-0.002766374547505168
2010-12-10,-0.0004880530844159736,0.0010973728792140018
2010-12-13,0.005874271429536241,-0.0019755404254355956
2010-12-14,-0.0005335493965538341,-0.00163734813633567
2010-12-15,-0.0029627679740500995,-0.004000795597161547
2010-12-16,0.00041555537104128365,0.0024490999894123916
2010-12-17,0.0004984326451279886,0.0042150784974175496
2010-12-20,0.002936554261646836,0.00027235122207836714
2010-12-21,0.002444180983224061,0.0031673594521824055
2010-12-22,0.0005007628028198392,0.0006155179799571586
2010-12-23,-0.0014718439528924895,0.0009809630318594164
2010-12-27,-0.0021047907162270083,0.003289555655840415
2010-12-28,0.0033443067740377935,-0.0013271023948864555
2010-12-29,0.002146256093702322,0.0027673328407492076
2010-12-30,-0.0012481624214276232,-0.0018409288555171802
2010-12-31,0.0007774809754416357,0.0045875275622878926
2011-01-03,0.0037576561506046527,0.0010736022449627052
2011-01-04,-0.0003896205151208587,-0.007195817824284616
2011-01-05,-0.006231239311340138,0.006136832706489392
2011-01-06,0.00011993685794126444,-0.004170947297991249
2011-01-07,-5.8210541873012405e-06,-0.0014707378973347692
2011-01-10,-6.326577591754626e-05,0.002611772730940746
2011-01-11,0.004597514950121728,0.00038088104494994705
2011-01-12,0.0033465071877316547,0.0012479224134067657
2011-01-13,-9.139965275229607e-05,-0.003245297866541878
2011-01-14,-0.0009526909686115026,0.002063642936188555
2011-01-18,-0.0010302277434992642,0.0026901434073877276
2011-01-19,0.002568298943281115,-0.0079237153919785
2011-01-20,-0.007682654513570072,-0.003083206477081742
2011-01-21,0.0009443478152718102,-0.0010239315464131223
2011-01-24,-0.0013329482743692426,0.0015858942378534542
2011-01-25,-0.0033813309556050886,0.0027442548119929484
2011-01-26,0.0012482694655988392,0.004539803499445605
2011-01-27,0.0002744637327879144,-0.003261814203954165
2011-01-28,-0.000755719265904986,-4.883725516272956e-06
2011-01-31,0.0003554013447800264,0.005018219456975085
2011-02-01,0.003967536943417834,0.003158742794200505
2011-02-02,-0.00031280858969927973,-0.0005677785393579733
2011-02-03,-0.0009107217172022934,0.0027197549842046106
2011-02-04,0.0004256022482508189,-0.0027428380066684133
2011-02-07,0.0002633245642967556,0.0018058465376996032
2011-02-08,0.000656979115896846,0.003424938437227428
2011-02-09,-0.0014208984973151483,-0.00034743444574091654
2011-02-10,-0.005093338158641658,0.0034569040182939196
2011-02-11,-0.0007854897957205582,0.003708141026398041
2011-02-14,0.0015629299532751014,0.0011888387228244702
2011-02-15,-0.0001900466232587809,-0.0014444132167320248
2011-02-16,0.002264746828837194,0.0006096121626188334
2011-02-17,0.0006721485519183649,0.004996679230927355
2011-02-18,0.00013926522029242456,0.0028730645255903966
2011-02-22,0.0033427493164239616,-0.006204030745262679
2011-02-23,0.002443584145482151,-2.892862711925126e-05
2011-02-24,0.0017068772761087425,-0.006325987717762057
2011-02-25,0.006209214920551102,0.007087746933483471
2011-02-28,0.002083041242231842,0.002000109057760402
2011-03-01,0.0027330603417929106,-0.0037098338973842924
2011-03-02,-1.923019512393894e-05,0.0010587082016335254
2011-03-03,0.0014065850735340908,0.002376205493402561
2011-03-04,0.00221809067926139,0.0018293155350182684
2011-03-07,0.0034460823795405974,-0.0076825086044591
2011-03-08,0.0011664210881747886,0.001471577324702215
2011-03-09,0.0019492629674651965,-0.0015471100952335467
2011-03-10,-0.007369935436786368,-0.0038292851348128653
2011-03-11,-0.007104639841814967,0.008561370631976883
2011-03-14,-0.0030871867955094777,0.0010456601168200427
2011-03-15,-0.021316086310453296,0.008634737741089893
2011-03-16,0.0011126269035901081,-0.007143117431540613
2011-03-17,0.008616461749303616,0.0003704330835354153
2011-03-18,0.005789881545489361,0.0001451346857651063
2011-03-21,0.007985529797189457,0.0016859160375554498
2011-03-22,-0.0008774649996633835,0.0024138693416200377
2011-03-23,0.0009436024632072233,0.002915666639545648
2011-03-24,0.0026945215423512434,-0.0006749354333012824
2011-03-25,0.0024941797704259193,-0.0008809548644856946
2011-03-28,-0.003025443844597168,-0.0007925275047679925
2011-03-29,-0.0006908557623236981,0.0036139965670351605
2011-03-30,0.0038504588576417326,0.001950577403409115
2011-03-31,0.0035671803109521487,0.00034252891448049994
2011-04-01,0.0015228270915241223,0.0027424495755329643
2011-04-04,0.003441408608171977,0.0002943929096965873
2011-04-05,-0.001811131325821876,0.003380500884649858
2011-04-06,0.003688089093973742,-0.002685558379274792
2011-04-07,0.00019001897937174957,-0.0007333423094438629
2011-04-08,0.0038684882128079854,-0.00028481739649636556
2011-04-11,0.00010108813840628747,-0.006832121551131761
2011-04-12,-0.0014046636543946001,-0.005565376147449142
2011-04-13,0.005382881457994067,-0.0007004688343904775
2011-04-14,-0.001345107605077045,0.006521310223940003
2011-04-15,0.0016156687562170664,0.004842306704556631
2011-04-18,-0.006384690850435663,0.000871442033811672
2011-04-19,0.0003744323771615266,0.0038077428489021884
2011-04-20,0.008643595056205208,0.003107115294817242
2011-04-21,0.004018473366788237,0.0020320198651713195
2011-04-25,0.003342769201826212,-0.0027470229018130934
2011-04-26,-0.0003715064017905408,0.0019273164582705633
2011-04-27,0.0016820775846400145,0.006375164405735726
2011-04-28,-0.0005249089072662046,0.0024461373196042356
2011-04-29,0.0008293189139300698,0.0015864901285454517
2011-05-02,-0.003100197713281605,-0.0048090374057051894
2011-05-03,-0.0014040710281411812,-0.007769541124255608
2011-05-04,-0.0011020355704496035,-0.008935568514769161
2011-05-05,-0.008949072858506553,-0.01324816278272709
2011-05-06,0.005000599091918123,-0.0018242534752112905
2011-05-09,0.006014666671616238,0.007835907969720838
2011-05-10,0.0001941942469137592,0.005616311678766935
2011-05-11,-0.004463707717918272,-0.011499295129340477
2011-05-12,-0.006487140902449314,0.005497299027392888
2011-05-13,0.0026807868088535598,-0.004781088072692841
2011-05-16,-0.0032798093302615146,-0.004344052221624639
2011-05-17,-0.0031323687787919497,0.0049121296215025295
2011-05-18,0.0039360808455309575,0.004633978666584378
2011-05-19,0.000653485916298191,-0.0012263079127549758
2011-05-20,-0.0021502549466258553,0.0008841954741196053
2011-05-23,-0.01014772724185804,0.0016812769159451808
2011-05-24,0.005893509026768861,0.00022276941550463853
2011-05-25,-1.4507718888142247e-05,0.006170565826632513
2011-05-26,-0.000867289873564651,0.004525697226915508
2011-05-27,0.0026142391395289105,0.0018689089470447376
2011-05-31,0.007398684674024373,0.001670921780997836
2011-06-01,-0.001359118401785094,-0.01254030515550936
2011-06-02,0.0012050565413172767,-0.003601066987379268
2011-06-03,-0.0062727938017366576,0.004343030633864246
2011-06-06,-0.0005113082735886213,-0.006440623572676666
2011-06-07,0.004150549278652786,-0.0006141782788621949
2011-06-08,-0.0015105355061910686,0.0006727475893998432
2011-06-09,0.002594324823771917,0.0008043769639423992
2011-06-10,-0.005613652468399466,-0.006939795626779147
2011-06-13,-0.001424903196306097,-0.004572307681879706
2011-06-14,0.003650827385895587,0.005138372748028212
2011-06-15,-0.0055304266467685785,-0.0035472125894034255
2011-06-16,-0.0013586233150740072,-0.0007235601652229399
2011-06-17,0.002007707746621527,-0.0013240813510055015
2011-06-20,-0.0016603877830758081,0.004169576972127728
2011-06-21,0.003255783729497493,0.004598664916377341
2011-06-22,-0.0006149715068292908,-0.0014805293281337617
2011-06-23,-0.010498865438425065,0.004304526191531003
2011-06-24,-0.0009434969188431674,-0.0060216491993400146
2011-06-27,-0.0020845827483680097,0.0021223585818808937
2011-06-28,0.0025533052832069783,0.004615514054820532
2011-06-29,0.003298945415204028,0.004729096799603553
2011-06-30,0.0019056802667076693,0.0003097217425003832
2011-07-01,-0.0016027182016413214,0.005101698242019855
2011-07-05,0.005387651465018576,0.0031215993285347078
2011-07-06,-0.00011729602251476419,0.002693229423899949
2011-07-07,0.005793163384018451,0.002374094427138666
2011-07-08,-0.003475031786751215,0.002313757048930872
2011-07-11,-0.005793921329540375,-0.0035504357698699753
2011-07-12,-0.0026187461594814627,0.003571542994881901
2011-07-13,0.005279517370174099,0.0035414273317563747
2011-07-14,0.0026132487880750435,-0.009804935456250089
2011-07-15,0.003062330517229491,0.00381332981721408
2011-07-18,-0.001541598133175115,-0.0021649045403562273
2011-07-19,0.004483645562441778,0.0030881329599175443
2011-07-20,0.000798510050887254,0.001770337017561796
2011-07-21,0.0009350942604428406,0.0010857732308320175
2011-07-22,0.001883954884636078,0.0031868212103122037
2011-07-25,-0.004843573634352216,0.0008891600545536985
2011-07-26,0.00032061764506555364,0.0023814965586780386
2011-07-27,-0.0023176708133841946,-0.01111087546041425
2011-07-28,0.001601490447540388,-0.00203320570979076
2011-07-29,-0.003336341632333051,0.004712638092276252
2011-08-01,0.006181032083225313,-0.008934961295640293
2011-08-02,-0.0006653977680616559,-0.005576328672693383
2011-08-03,0.0007606088574516612,-0.0006754270435009942
2011-08-04,-0.005649819479160641,-0.02537041832192842
2011-08-05,0.005753657163642423,-0.011746530396125528
2011-08-08,-0.01512153529587612,-0.020201676862000015
2011-08-09,0.010473451917759568,0.015643417839290026
2011-08-10,-0.004684963885226679,-0.0038330595812269496
2011-08-11,0.0006520657104768235,0.01617694378759439
2011-08-12,0.004513966804417299,-4.3622923454359845e-05
2011-08-15,0.004677869820567829,0.009129694138293816
2011-08-16,-0.006239669438353087,0.0040980491567495095
2011-08-17,0.0048172000850261595,-5.066070456759923e-05
2011-08-18,-0.012374658815936615,-0.01015336517247792
2011-08-19,-0.0029470756945285744,0.0022748821467193075
2011-08-22,0.011984084042574606,-0.007016918360516337
2011-08-23,-0.00044332033044125474,0.00935300907152096
2011-08-24,-0.004283366177882097,-0.0031674721399919483
2011-08-25,0.0008895195977883723,-0.005126975395342482
2011-08-26,-0.00034020835370717574,0.012565360898177376
2011-08-29,0.0048573398589347285,0.0067964558805030904
2011-08-30,0.0021730105314762198,0.005962780636169151
2011-08-31,0.0045172254995773965,-0.0011167806400607105
2011-09-01,0.0007932658373582739,-0.0038095350682646246
2011-09-02,-0.0047813485517261166,0.0002618320527756346
2011-09-06,-0.016153699427152078,0.011919302627720896
2011-09-07,0.0015146532615576266,0.0092799045914711
2011-09-08,0.0003539066088748211,-0.002116815353903756
2011-09-09,-0.008612638628485632,-0.005780977054529557
2011-09-12,-0.009900091955283482,0.0077846123522484845
2011-09-13,0.0018986721451453488,0.003349519575455188
2011-09-14,2.433928631163281e-05,0.0028747869868303837
2011-09-15,0.0026670792610270794,0.0005626578258861666
2011-09-16,0.0016672109980679398,0.001526253160233811
2011-09-19,-0.008949047085657276,-0.0007267712238420599
2011-09-20,0.0009951716040705217,-0.0007064983893911932
2011-09-21,9.061344695532695e-05,-0.01436656596717989
2011-09-22,-0.021065934511255283,-0.0048489821722701295
2011-09-23,-0.01096954973184349,-0.0011288779739500562
2011-09-26,-0.006099453333159932,0.011851353544174215
2011-09-27,0.016399581546103104,-0.003442987491307011
2011-09-28,-0.000984486261466196,-0.02043837615867487
2011-09-29,0.015064601386585533,-0.0052356421290105535
2011-09-30,-0.009585410984726673,-0.00918184867605092
2011-10-03,-0.0004001449804825012,-0.010047246075164577
2011-10-04,-0.005814221544320364,0.013537242307013616
2011-10-05,9.081043810085601e-05,0.011000265750158474
2011-10-06,0.000653140620158014,0.01534488571535538
2011-10-07,0.002047916145685476,-0.011066189883594712
2011-10-10,0.012752459421905275,0.010182533839823852
2011-10-11,-0.004927304944093406,0.0037517268492879285
2011-10-12,0.0058684496489705236,0.0011910970679957166
2011-10-13,-0.00415067233190843,0.0017157686205106677
2011-10-14,0.007566442492075261,0.0038811495924821284
2011-10-17,-0.003580461106993867,-0.007230954874362805
2011-10-18,-0.0025646150940352498,0.013741812356675702
2011-10-19,-0.0033273538092317033,-0.009328438582086644
2011-10-20,-0.0018342725440639344,-0.0007950926039290262
2011-10-21,0.009497784363957354,0.0031110231575120608
2011-10-24,0.004111165827035279,0.013058827894285592
2011-10-25,-0.0023209429845842955,0.002005293930912148
2011-10-26,0.006866136959459634,-0.004774476942988448
2011-10-27,0.01724393561680387,0.005982814494829499
2011-10-28,-0.004013039756367006,0.003925325503718683
2011-10-31,-0.00803113145369816,-0.0030166765939139734
2011-11-01,-0.019136401606919245,0.006416065539065211
2011-11-02,0.008484863095241442,0.0023197638599651736
2011-11-03,0.007049645960467096,0.003435419056007216
2011-11-04,-0.004813587415695367,0.0017603379950694128
2011-11-07,0.0022618147413386042,0.004780143008489879
2011-11-08,0.001896614102433595,0.0016523562450537247
2011-11-09,-0.011221110746634308,-0.010353984395941426
2011-11-10,0.006640358670238941,-0.005111947195650157
2011-11-11,0.005355042061401878,0.0071065803174314175
2011-11-14,-0.0024954348469550616,-0.0037962111300256394
2011-11-15,0.00043838696655014165,0.004399287171524135
2011-11-16,-0.004130042513886919,-0.0036139771106540614
2011-11-17,-0.0030921718069175505,-0.013861538450749718
2011-11-18,0.0036583651042371157,-0.0026680231219220548
2011-11-21,-0.009900605925616916,-0.0039950619068414165
2011-11-22,0.0008032271291741184,0.002582620175598175
2011-11-23,-0.008838799000109495,-0.006574322889627234
2011-11-25,-0.003907013093380803,-0.0018271829927220206
2011-11-28,0.019895358250413744,0.002049076618905595
2011-11-29,0.0002089815772886879,0.0005294691533170414
2011-11-30,0.01723470278590881,0.006331800032180265
2011-12-01,-0.0018959620298997153,-0.00040505009759797723
2011-12-02,0.006544001197103958,-0.0033864421115913
2011-12-05,0.007022778415760977,-0.0038788467500473194
2011-12-06,-0.0027768773846176117,0.003006506027664857
2011-12-07,-0.001196066073329501,0.002355816424780392
2011-12-08,-0.006700174927730229,-0.009165822132504452
2011-12-09,0.002929437201164742,0.007044312408041131
2011-12-12,-0.010162232785586041,-0.002357084638617494
2011-12-13,0.0026547761911759706,-0.007449434806109504
2011-12-14,-0.00855444177039096,-0.005817964948450985
2011-12-15,0.007172838636463896,-0.005864824552929471
2011-12-16,0.005262884884635052,0.0017895109572835615
2011-12-19,0.00024633192930264186,-0.006868447448617676
2011-12-20,0.012240347298782627,0.006276297755865179
2011-12-21,-0.0017841897722360297,0.0009627043598770054
2011-12-22,0.001810627283774746,0.0025118286423881178
2011-12-23,0.0013501426638330353,0.000818044389954357
2011-12-27,-0.002357409153486049,0.002659199739728102
2011-12-28,-0.0011794282482552913,-0.010275189710849796
2011-12-29,-0.0003946829889488912,0.007366848379086314
2011-12-30,0.0004351866761097408,-0.0007730289560438604
2012-01-03,0.014075784211897006,0.0030053197658164834
2012-01-04,-0.0033326832065739462,0.0007065419061650295
2012-01-05,-0.004125938264630961,0.0034566511645924836
2012-01-06,0.0016234498108415338,-0.0038965388831679287
2012-01-09,0.002594700057762804,-0.001864561316741812
2012-01-10,0.010463739599840023,-0.0010545452134493871
2012-01-11,-0.0012079242293057937,0.003163106287719904
2012-01-12,0.0030387972944319126,-0.004659408975825545
2012-01-13,-0.0029236005281924643,0.0009185518349042576
2012-01-17,0.008337068431178162,-0.0014442985187277898
2012-01-18,0.0010475983993855742,0.005061920448397491
2012-01-19,0.0019381030886581755,-0.000593021224685016
2012-01-20,-0.002669062588774403,0.004097908853963173
2012-01-23,8.417410783433018e-05,0.002739905634460064
2012-01-24,-0.0041373443731413054,0.0037763152463052545
2012-01-25,-0.0015811994142158317,0.012141104999157675
2012-01-26,0.006537506478210135,-0.004360259504941359
2012-01-27,-0.0013862055767631294,0.004170501217317265
2012-01-30,-0.0051561822591254195,0.0007736295290699561
2012-01-31,0.006567127626369292,-0.004206288119671009
2012-02-01,0.005594166653121394,-0.00021525334142428557
2012-02-02,0.0010497087879237717,0.0019011833052660966
2012-02-03,0.002200880061084217,0.001230719999893326
2012-02-06,-0.0035354083018166375,0.002871471528326682
2012-02-07,-0.0025035464258480467,0.004712113470863118
2012-02-08,0.0018790525621712535,-0.0005298208443011838
2012-02-09,0.0027628220973796064,-0.003271197635421985
2012-02-10,-0.007209729136552638,0.0007151240615500912
2012-02-13,0.0054479528984927505,0.001401895482291097
2012-02-14,-0.00026091222814364674,-0.0011474841984838503
2012-02-15,0.004491276821750545,-0.005056479887962451
2012-02-16,-0.002428543217737178,0.007484480101621586
2012-02-17,0.0017601999781670097,-0.001703661358206543
2012-02-21,0.003665788225814359,-0.00016742167458811964
2012-02-22,-0.0005301500075672723,0.002170321551819347
2012-02-23,3.6593501899432707e-05,0.006291526360885539
2012-02-24,0.0016671633208424168,0.0012741751543295266
2012-02-27,-0.003510423204926923,0.0017155783708010593
2012-02-28,0.0036102785514945685,0.0009559685574222377
2012-02-29,0.0016913925408018468,-0.01218965351001801
2012-03-01,0.001975725436134749,0.005233237459995754
2012-03-02,-0.002571413583763523,-0.0021424960946779
2012-03-05,-0.0017800682598754372,-0.0028672658268951083
2012-03-06,-0.011233550911463311,-0.002174471905957291
2012-03-07,0.0019618801491718017,0.0034656119181191085
2012-03-08,0.004730518986329664,0.0016666884418619669
2012-03-09,-0.0012611542822448991,0.005382222421520311
2012-03-12,-0.0027684598375766313,-0.0004239979787734975
2012-03-13,0.0010466103501876637,0.004417634283482815
2012-03-14,-0.00415993362108212,-0.005437289142904259
2012-03-15,0.0006654452003726386,0.0020009910454395746
2012-03-16,0.0007352003633597448,0.001828879432090876
2012-03-19,-0.0009211601384421453,0.0026197619833040475
2012-03-20,-0.0066604010204524295,-0.0002648653983098178
2012-03-21,0.0011608856334702619,-8.882249847109354e-05
2012-03-22,-0.006874372004753974,0.0005980451560069507
2012-03-23,0.002318357343267774,0.004210039066221963
2012-03-26,0.005204406270516652,0.0038592016258514566
2012-03-27,0.0011430781052886344,-0.0023214449800808
2012-03-28,-0.002711944418595628,-0.003676941437549915
2012-03-29,-0.0030824444312590018,0.0008516792902140801
2012-03-30,0.0037534135154561944,-0.002960111318548009
2012-04-02,-0.00014732644002923105,0.008983854020026017
2012-04-03,-2.895204642781035e-05,-0.007356910809148132
2012-04-04,-0.007796521806533289,-0.003149812659257785
2012-04-05,0.00028709983454694075,0.002752750165014787
2012-04-09,-0.003788289086319193,0.0009849936732090263
2012-04-10,-0.0002754767635776497,-0.007391610590087772
2012-04-11,0.0042108275785150235,1.2477880452999024e-05
2012-04-12,0.0015379027512390693,0.008601585769313854
2012-04-13,-0.0012999919907391133,-0.005617941183076525
2012-04-16,0.0022545696878411756,-0.0028922571769614733
2012-04-17,0.004655303021075552,0.0027963639156378377
2012-04-18,-0.0029073366436781784,-0.001179912066897145
2012-04-19,0.0013043125199657002,-0.0032658056986955377
2012-04-20,0.0030397001876784663,-0.0001285903840548386
2012-04-23,-0.00864236584674801,0.001363668781167567
2012-04-24,0.001599831246982982,-5.803135054759008e-05
2012-04-25,0.004910560885728277,0.0018728329750287746
2012-04-26,0.0005504325532738718,0.004278056104316538
2012-04-27,0.002179123438382972,0.0006813994932412267
2012-04-30,-0.0023951958795749295,0.0003838120406337057
2012-05-01,0.0007983776440249649,0.0012070833904990494
2012-05-02,-0.0031755640907992653,0.0016782480758924152
2012-05-03,-0.0026429787827393285,-0.005089694202480777
2012-05-04,-0.004799565586799903,-0.004368572188252417
2012-05-07,-0.0025192196282668444,0.0031348367081807773
2012-05-08,-0.00594967207619701,0.000858121909462047
2012-05-09,-0.008914241557149816,0.003742224542711285
2012-05-10,0.0037577415661946166,-0.003259012593167602
2012-05-11,-0.004959726628883709,0.0026840694073495468
2012-05-14,-0.007137197004498641,-0.0023351948913634237
2012-05-15,0.0003512984374512825,-0.004981227019072665
2012-05-16,-0.0008437457454949208,-0.0047578183675999345
2012-05-17,0.0025914097883751913,-0.006719546355910263
2012-05-18,0.0022171940722370315,-0.005850547623577507
2012-05-21,0.0010527781279183448,0.010325804090885675
2012-05-22,-0.0015764171772494487,-0.004151021856136428
2012-05-23,-0.0048981872538298886,0.0031831138896767364
2012-05-24,0.0029938239063952874,-0.0025005740733600327
2012-05-25,0.00021067621731087893,0.0002583809943439134
2012-05-29,0.006545455924516889,-0.0019720507120097727
2012-05-30,-0.0062836755771746855,-0.0014120661914672834
2012-05-31,0.001350685671192083,-0.0019068664070053698
2012-06-01,-0.006513571414042259,-0.00195820921329144
2012-06-04,-0.0005190297501732314,0.00019540083327132713
2012-06-05,-0.001956091371046435,0.005364016592449827
2012-06-06,0.008393292271430678,0.0037130197583616167
2012-06-07,0.008368795875980014,-0.01227584705107075
2012-06-08,-0.003889516913790299,0.007332357043902885
2012-06-11,0.0035386766792487646,-0.01302267671680956
2012-06-12,0.004593763695141506,0.003157234688414734
2012-06-13,-0.001786882964057046,-0.001303351672261388
2012-06-14,0.000688552079626259,0.004800372052891877
2012-06-15,0.002071475443088026,0.0033663038806801254
2012-06-18,-0.004174880653142214,0.005764940511949224
2012-06-19,0.003692369616910988,0.0004967287931187133
2012-06-20,-0.001644922649889439,-0.0028307923210905733
2012-06-21,-0.002904923462941548,-0.014610315865154887
2012-06-22,0.0021332039060466767,0.0021596288636985222
2012-06-25,-0.005176918079901993,0.0022615737874058794
2012-06-26,0.00023048485645628484,0.00042052050403803924
2012-06-27,0.003964848479583531,0.0012512486814695374
2012-06-28,-0.0037552563943562397,-0.0004978010643346501
2012-06-29,0.016471027827090097,0.007265193872164762
2012-07-02,0.0007047605692475682,0.0023934993305751552
2012-07-03,0.00737144619320275,0.004324074051680034
2012-07-05,-0.004255238756201604,0.0006665931637624671
2012-07-06,-0.007490197777662037,-0.0009772103659439295
2012-07-09,0.00037092107842889486,0.002629961343127955
2012-07-10,0.0027875292894832854,-0.010755553033799714
2012-07-11,0.0029402488500645716,0.0008011494992311426
2012-07-12,-0.006812404849644538,0.005046337992210303
2012-07-13,0.002639066080351841,0.005768875076558425
2012-07-16,0.0007261969791899562,0.0006792960565587795
2012-07-17,0.0026718315024110003,-0.00013238016074169264
2012-07-18,-0.001549154107431335,0.004927880661787939
2012-07-19,0.003876814710127204,0.00014888495199447683
2012-07-20,-0.004540466806299981,4.0165558991467344e-05
2012-07-23,-0.012528572139768065,0.0019822117659005285
2012-07-24,0.0008730582929876422,-0.003305691200488507
2012-07-25,0.002877058213927371,-0.00032715831404418104
2012-07-26,0.008500212644361398,-0.001050203509112476
2012-07-27,0.0030700319014739835,0.005655489058144821
2012-07-30,-0.000724018937789032,0.0021648616197075033
2012-07-31,0.0006254889946886685,-0.005574709199140315
2012-08-01,0.0010912668980577781,-0.003316100371585673
2012-08-02,-0.004895179513987428,0.00014395423530114322
2012-08-03,0.008456814601135313,0.004755212280966499
2012-08-06,0.0009913775439846987,0.002777674080512593
2012-08-07,0.0017311690766109425,-0.00013164273204337255
2012-08-08,-0.0007201091002713378,-0.0001013887772965516
2012-08-09,4.055610912142941e-05,0.001819659143875348
2012-08-10,-0.002784917000173944,0.0032957888171573674
2012-08-13,-0.001062583267332388,-0.00245013179761621
2012-08-14,0.0007558580996575322,-0.0019678508648984126
2012-08-15,-0.001328278060651611,0.0017781692331082807
2012-08-16,0.0016713663679800428,0.003683492852885369
2012-08-17,0.0011375058204833681,0.0006614949082406933
2012-08-20,-0.0010632670332184698,0.003149280055587752
2012-08-21,0.004244885950692886,-0.0015830704255726635
2012-08-22,0.00013321331710273535,0.004174302315427466
2012-08-23,0.001971233095585845,-0.0034467398742203206
2012-08-24,-4.8969626171158075e-05,0.0015778800050574157
2012-08-27,0.0011690750182789423,-0.0013185716161254228
2012-08-28,-4.356272051700601e-05,0.001194792258173627
2012-08-29,0.00031092944605447904,-0.0023403093535781776
2012-08-30,-0.00044312190389683703,-0.0035582269700725976
2012-08-31,0.005105153937499796,0.005410714610996433
2012-09-04,0.0009314522024594855,-0.00011794025005926004
2012-09-05,-0.0008465384016920652,-0.0007397719972306167
2012-09-06,0.0035696751949814364,0.002974973542852233
2012-09-07,0.0066630261113671835,0.001346587254027831
2012-09-10,-0.00200213223298434,-0.002281374387743836
2012-09-11,0.002164884929040885,0.0003791218702817956
2012-09-12,0.0019818481484090117,-0.0016807922179178148
2012-09-13,0.00150844296804337,0.010794194706946491
2012-09-14,0.001845894876857357,-0.0002032887263025899
2012-09-17,-0.0009388178082293604,-0.005215322621062916
2012-09-18,0.0010422340110270915,-3.853572683923575e-05
2012-09-19,-0.00015997660343095946,-0.0034754664248366706
2012-09-20,-0.0021810429478793672,0.0012278480841723856
2012-09-21,0.0038522554068255886,-0.0027922999873908486
2012-09-24,-0.004961432724073189,0.0016409099773580626
2012-09-25,0.0030716770243120286,-0.008721393573491361
2012-09-26,-0.0014990610768172172,-0.001126997042193804
2012-09-27,0.004711381997475798,0.004443214314297468
2012-09-28,-0.0012067306345021622,-0.0018175567926569677
2012-10-01,0.00471893136227044,-0.0025651068918917997
2012-10-02,0.0019948849583244278,-0.0019009787777880835
2012-10-03,-0.0005637902598660889,-0.0028260332603081027
2012-10-04,0.0030849295876623625,0.0036610708570482984
2012-10-05,-0.00018914943273236803,-0.004207413474011886
2012-10-08,-0.003973634833167209,0.0009877086423985214
2012-10-09,-0.0005867077325751424,-0.0018623515777128322
2012-10-10,-0.0003515940798768232,-0.0009884414005136473
2012-10-11,0.004367111466474542,-0.0005558329586556147
2012-10-12,-0.0008839446762510065,-0.003044836949751395
2012-10-15,-0.0008363093852076527,0.0015823764330284466
2012-10-16,0.0018473821039738973,0.0024368306681860296
2012-10-17,-0.0005665739391733279,0.001446365068591023
2012-10-18,-0.002860954627683654,0.00020112857477367908
2012-10-19,-0.0006985986256308641,-0.009101112715383148
2012-10-22,0.00046779861206155775,-0.0004734598915565898
2012-10-23,-0.007732349078345117,-0.0012886982713558258
2012-10-24,0.0017866782622032748,-0.00442916190588818
2012-10-25,0.005369174181203248,-0.0026945625780339768
2012-10-26,0.00011411121766342624,0.00014862260425103636
2012-10-31,0.001718019650365384,0.0003072226091932843
2012-11-01,0.0018524261603661755,0.0020558862379949304
2012-11-02,-0.00035765865154281006,-0.009029273146697733
2012-11-05,0.0007775561233377711,0.0024391328246989494
2012-11-06,0.002611269184209375,0.005007880642032318
2012-11-07,-0.0032491765360963764,-0.006600035418171957
2012-11-08,-0.0001991757016715612,-0.0017342354311700614
2012-11-09,-0.0008247241754219351,0.0029690715591256245
2012-11-12,0.0011844511278306176,-0.0021916807864486984
2012-11-13,-0.0039018218447824642,0.0015212194105681234
2012-11-14,0.0016411910020143565,-0.006203372226954314
2012-11-15,0.0003380835033102529,-0.002698428972079481
2012-11-16,0.00045906174927619797,0.002060309336297032
2012-11-19,0.008061313704552793,0.005309004835488995
2012-11-20,-0.002016603696627957,-0.0005156445406848898
2012-11-21,-0.00024165478359921,0.0017307002865708447
2012-11-23,0.002870773842820255,0.005116935985706439
2012-11-26,-0.0012292916882740367,0.001805537226353134
2012-11-27,-0.001153730739666877,-0.0010244142779654317
2012-11-28,-0.0065809249661843506,0.0069028826430205395
2012-11-29,0.004941441217951777,0.0008329070866957888
2012-11-30,0.0007695698339390618,-0.002118006121945178
2012-12-03,0.0038101216438453027,-0.003140211099261044
2012-12-04,-0.002933143379408739,0.0007423630199445252
2012-12-05,0.0012841496328548881,-0.0016924138586022004
2012-12-06,-0.0013357619138162802,0.0026446239979964832
2012-12-07,0.0008273950905147339,-0.0013082548297794613
2012-12-10,0.001550780600506633,-0.00018326217148056194
2012-12-11,0.00047821827024224404,0.0008831434008641207
2012-12-12,0.003313929761092327,-0.002762533339263788
2012-12-13,-0.004391509923613894,-0.0016428420181987683
2012-12-14,-0.00023297291565772167,0.00018071944327593403
2012-12-17,0.000711280598723274,0.001939035296071867
2012-12-18,0.0013392408400916933,0.0002785982387727574
2012-12-19,0.00043961534707321893,-0.0005637396926392757
2012-12-20,-0.0026135419707146983,0.0018758711605551426
2012-12-21,-0.005966539097344111,0.0036936149633954936
2012-12-24,-0.001348303815735082,-0.000496984662452397
2012-12-26,0.004982957430190134,-0.0030209901440542584
2012-12-27,0.00042492708569897474,0.0017431584928038276
2012-12-28,-0.002185235172534883,-0.0010592219139255047
2012-12-31,-0.0006941840262338017,0.008180547778734167
2013-01-02,0.01158168859262656,-0.00012659635082621357
2013-01-03,-0.0016655091531753226,-0.004581224132822744
2013-01-04,-0.001746835497516693,0.003224592870247589
2013-01-07,-0.003239374866582434,0.0018547518510795946
2013-01-08,0.0012335351475105819,-0.0008201933608913045
2013-01-09,0.001455927271785673,4.451588254869391e-05
2013-01-10,0.003955832623890424,0.00013904693229634577
2013-01-11,-0.0021461492146692017,0.0010121964190125047
2013-01-14,0.0021498937274900152,-9.137017879039533e-05
2013-01-15,-0.00024655508482067655,0.0010855429920152426
2013-01-16,-0.0011248862288311494,0.0017841669407080577
2013-01-17,0.0011864424697698513,0.002163450881758977
2013-01-18,0.0017138319908136376,0.000834003071083315
2013-01-22,-0.0001070749433653558,0.0030548654206820664
2013-01-23,0.00025931286168846915,-0.0011387424979009057
2013-01-24,-0.002042944976741031,-0.0003608606523389124
2013-01-25,-0.00036332374970638647,-0.0007856912893005201
2013-01-28,-0.001565608895331853,-4.2262437946116725e-05
2013-01-29,0.0015537631049623135,0.0016138690957311797
2013-01-30,0.0015776284073327318,-0.0017674197031031236
2013-01-31,-0.0016004471238017625,-0.0004625704563056591
2013-02-01,0.004981160644229858,-0.0014053762819113155
2013-02-04,-0.0034847555397281645,-0.0012381107244513394
2013-02-05,0.00271852768987737,-0.0002106418408213943
2013-02-06,-0.00246274540367634,0.0039930456735838135
2013-02-07,-0.0014329650566024274,-0.00201313203129904
2013-02-08,0.0017293173381980034,0.0019420014494977507
2013-02-11,-0.0027125114385743907,0.0014087420241793325
2013-02-12,-0.0006483387776545483,0.0022728898959117894
2013-02-13,0.00040508802802823317,-0.001384728326702341
2013-02-14,-0.00048335759589932523,0.0003311961818405281
2013-02-15,-0.0030473320350479596,-0.0016498967814789027
2013-02-19,0.0013437075220438391,0.0004578133383969248
2013-02-20,-0.0012715360456901175,-0.00858391751026771
2013-02-21,-0.0026348180563602478,-0.0019418722621802702
2013-02-22,0.002253931414579206,0.0028828283513544347
2013-02-25,0.002516977620289292,-0.007398257464155181
2013-02-26,0.0019997180434179864,0.0018807125334359724
2013-02-27,-0.0005369874043182825,0.002500940331267317
2013-02-28,-8.16229306304835e-05,-0.0027074309489835283
2013-03-01,-0.0020216415283014137,0.0029382037092033834
2013-03-04,-0.0019557932529792837,0.0013134224619736345
2013-03-05,0.00431157470214707,0.0013302346210809723
2013-03-06,0.00015712105658833114,-9.573154047015642e-06
2013-03-07,0.00018612494513681928,-0.00011999604176947306
2013-03-08,-0.00023321309119651208,0.0020510132976292376
2013-03-11,-0.0012669349237198091,0.0017204771300231903
2013-03-12,0.0018037769663741413,-0.001385655464008321
2013-03-13,0.0004069951319450131,-0.0020411747495603814
2013-03-14,0.00028658122341544966,0.0027738553504204214
2013-03-15,0.00021500002658675726,0.0001358087772697821
2013-03-18,-0.0035041996069153257,0.0027998368993294403
2013-03-19,0.0007299252943055852,-0.0028111189388172328
2013-03-20,0.002146700273093457,-7.691074609788018e-05
2013-03-21,-0.001159547845324549,-0.0013044702429765
2013-03-22,0.0005748372970952357,0.0015448376446480856
2013-03-25,0.0014612574390033902,-0.0018463112835849374
2013-03-26,0.0021300272001576028,0.0025567092516193047
2013-03-27,-0.003038620889868238,0.0052517799310794365
2013-03-28,-0.0015678961871691637,0.0007693494814490812
2013-04-01,-0.00234854306073972,-0.0010518632398851314
2013-04-02,-0.00036303301172901925,-0.0017229007649505411
2013-04-03,0.0007493318393578511,-0.007668321363925768
2013-04-04,-0.0010698589398869362,0.003476189752529842
2013-04-05,-0.0036371376731354414,0.006187722210480576
2013-04-08,-1.1352407793574493e-05,0.0020199856295236647
2013-04-09,0.0009530470508739712,0.0033084912348135304
2013-04-10,0.00040973996702965053,0.002071167321441044
2013-04-11,0.0002375013780373081,0.00026585462183490447
2013-04-12,-0.005270374277438697,-0.004057572953003071
2013-04-15,-0.014356480697637322,-0.01362705694010135
2013-04-16,0.008124266697798931,0.0012066013334801914
2013-04-17,-0.0037821267150215093,-0.0047644055309413
2013-04-18,0.002192313240013699,-0.0014214344002944745
2013-04-19,0.003139414958634094,0.0015617099438388997
2013-04-22,0.004116319287157655,0.0007758828047071583
2013-04-23,7.187992039427992e-05,0.0021302062166177914
2013-04-24,0.0022659356991359568,0.003362976833378347
2013-04-25,0.0026288735292112546,0.0055827802605069735
2013-04-26,-0.0003615594192845295,-0.0025207595801669536
2013-04-29,0.004439951885190537,0.0025716518321229564
2013-04-30,0.0005221159390077723,0.0007038234277902806
2013-05-01,-0.0057958885660137705,-0.0025634046160445696
2013-05-02,0.0031728897093060483,0.005266149159057572
2013-05-03,0.003932210002584991,0.0001828155110293291
2013-05-06,-0.00017489039849327703,0.0013572827310618153
2013-05-07,-0.0017932532701015877,0.0016117263423850818
2013-05-08,0.0012912474185196032,0.0030746352938597916
2013-05-09,-0.0021123855429198072,-0.0017632858938349649
2013-05-10,-0.00426598280122051,0.003149476843560032
2013-05-13,-0.002924711588067219,-0.00011800119839465347
2013-05-14,-0.0005678118698456247,0.0004313076006516351
2013-05-15,-0.002561197588871744,0.0011981087106954559
2013-05-16,-0.0008712990299278782,0.0014908048219881194
2013-05-17,0.0015472251237874436,-0.0016605653135000878
2013-05-20,-0.002068079605099449,0.008034018675345374
2013-05-21,-0.004124472688209731,0.0017089662238197227
2013-05-22,0.0015970783192550187,-0.011195033469074422
2013-05-23,-0.004797648520961946,0.004693645550148551
2013-05-24,-0.004936783106509897,0.001539390250754491
2013-05-28,0.006401327938427596,-0.00652282126634928
2013-05-29,-0.002245240572033354,-0.0023780457217715155
2013-05-30,0.0012146941034564263,0.001171750710913607
2013-05-31,-0.0050315175643849425,-0.0072274005313612095
2013-06-03,0.0026093551831126863,0.004766304034836414
2013-06-04,-0.0018874975156151145,-0.0029194543655226115
2013-06-05,-0.00045960176584417905,-0.005005341694125668
2013-06-06,-0.0003091185660191842,0.0058677289304325695
2013-06-07,-0.0038000682987304967,0.0011376092390557406
2013-06-10,-0.00011382562449389067,-0.0009360656273522745
2013-06-11,-0.010222359192071892,0.0028311779532348646
2013-06-12,0.0032766262772487916,-0.00671769702793413
2013-06-13,-0.0006008897275452322,0.011459903717523227
2013-06-14,0.0016339698044633014,-0.002301533221109301
2013-06-17,0.003630590693790377,-0.0018556219145986486
2013-06-18,-0.000563860033304168,0.0026094987781423015
2013-06-19,-3.036622276993602e-06,-0.012681133597129472
2013-06-20,-0.017902663457092318,-0.011337445764267807
2013-06-21,0.00499025497695004,-0.004173562308706654
2013-06-24,-0.010015359321187163,0.0023739104584024656
2013-06-25,0.006399754802572185,-0.0008354401175009111
2013-06-26,0.0012324743622029659,-0.0017560377461199946
2013-06-27,0.0065648283413906345,0.00012925995127807492
2013-06-28,-0.0024720264763759955,0.0070104886281815515
2013-07-01,0.004167781312058646,0.0013250892110984254
2013-07-02,0.001243486302212582,-0.0015732104005162562
2013-07-03,0.00043750365977851904,0.0017376664005292585
2013-07-05,-0.004373596850109126,-0.0010262796573928367
2013-07-08,0.0036061192306783654,0.0016406509430259156
2013-07-09,0.004462274635565048,0.0019997824335528545
2013-07-10,0.0010354997859743254,-0.0007219923770478051
2013-07-11,0.013558733388201637,0.0030392431496987895
2013-07-12,-0.0009488249120295963,-0.00013127740271026144
2013-07-15,0.0008720059383651465,0.003112121462093039
2013-07-16,0.0007171912833135859,-0.0012984923880262325
2013-07-17,0.003785066769049328,-0.003456202321381352
2013-07-18,0.00159941306590435,0.00027785460888239596
2013-07-19,0.0010114234214511667,0.001195947167478099
2013-07-22,0.004438544164701168,0.0013790063641271554
2013-07-23,-0.00034590308917718343,0.0004933245070812165
2013-07-24,-0.001454751083173056,-0.007034634848602006
2013-07-25,-0.0021751724398475945,0.004364672507990515
2013-07-26,-0.003446427535261661,0.00198739194604803
2013-07-29,-0.002751819103534148,-0.0018480969642186225
2013-07-30,0.0006323296153187903,-0.0019834439414089687
2013-07-31,-0.0024232967934551502,0.0037411227614862225
2013-08-01,0.004069194023170712,-0.0018616970673066557
2013-08-02,0.0013285650604840215,0.0006637691049992196
2013-08-05,-0.00251334329905144,-0.0005826620243466843
2013-08-06,-0.0020127343213185655,-0.0033518233431109935
2013-08-07,-0.00211916043101578,-0.0006256259302663233
2013-08-08,0.0037284522477340153,0.0035644791500485237
2013-08-09,-0.0004171739484519099,0.0033140845712470814
2013-08-12,0.0033167574036576516,0.0017918023240916404
2013-08-13,-0.00030136668884882164,-0.001215513399136481
2013-08-14,0.00011027583347940813,0.0016671695297336918
2013-08-15,-0.005928769640216529,0.0031922747977083388
2013-08-16,0.0014341852268824043,-0.0036499367932410747
2013-08-19,-0.0014715989708180628,-0.004828924380730585
2013-08-20,-0.0006911117530912817,0.003670293963239753
2013-08-21,-0.003468405729465903,-0.0025804690650603535
2013-08-22,0.0033443605867442844,0.0039050628884214214
2013-08-23,0.0016985215087090611,0.007846018917627514
2013-08-26,0.0012451931894555067,-0.0006907728449783231
2013-08-27,-0.0007137931580576184,-0.0021932221967053247
2013-08-28,-4.945838336930889e-05,5.082788772778901e-05
2013-08-29,-0.0011152416082150785,0.0010963472639982394
2013-08-30,-0.0008462353209613749,-0.004021621176444934
2013-09-03,0.0069654184970584735,-0.0023214934410400456
2013-09-04,-0.0033424056319347677,0.002792660057135188
2013-09-05,-0.000934708583920559,-0.0022922777426621485
2013-09-06,0.007309051120941926,0.00029034879835801626
2013-09-09,0.0020466677972380554,0.0029633684495029124
2013-09-10,-0.003065844189283107,0.00012120334493537221
2013-09-11,0.0002952475239421511,0.0025342444790438456
2013-09-12,-0.0038963702244009025,-0.003378818316122819
2013-09-13,-0.0003393992858189643,0.003113692958875232
2013-09-16,0.004810186342785139,-0.006809871161503437
2013-09-17,0.0009065525417670879,6.435749113635758e-05
2013-09-18,-0.0012669229371336855,0.023218787830452857
2013-09-19,0.0008683134462741827,-0.004511440329422182
2013-09-20,-0.0019659005564965546,-0.008342009675415318
2013-09-23,-0.0008670727683664984,-0.0009363883297760352
2013-09-24,-0.0013357670296670824,0.00163672440154193
2013-09-25,0.0005092790267545499,-0.0007000367664853198
2013-09-26,0.0011950145629642621,0.0004211359008006399
2013-09-27,-0.0020070041759883066,9.639819533252177e-05
2013-09-30,-0.006791334899135844,0.002950100265180211
2013-10-01,-0.004545208208035175,0.004816773890612273
2013-10-02,-0.0011506429411264044,0.006301043887719408
2013-10-03,-6.296804682084378e-05,-0.004399742009656108
2013-10-04,0.001133730463154688,0.001616931783621293
2013-10-07,-0.0036590841343575376,0.00354398477041263
2013-10-08,0.0012745236126379493,-0.006027522241489569
2013-10-09,-0.00130092009882418,-0.002649538124901222
2013-10-10,0.004020341499991916,0.005518298389240176
2013-10-11,-0.004016115288054345,0.004578675796548137
2013-10-14,-0.0016942802099969123,0.0027287493542982617
2013-10-15,-0.001251505316182929,-0.0014179647844248188
2013-10-16,0.002152819127430372,0.005638858131141259
2013-10-17,0.00182818921619885,0.005498201381477319
2013-10-18,0.0030611562514327876,0.00039397071636279406
2013-10-21,0.0011492024423908212,-0.0021263911624728182
2013-10-22,0.004564665234435957,0.0010562207866312123
2013-10-23,-0.00503287739141746,-0.00013998539788880512
2013-10-24,0.001479685456476417,0.00026447006016960074
2013-10-25,-1.623302370497015e-05,0.002853547051858681
2013-10-28,-0.00024792120874287765,0.0006741969480155744
2013-10-29,-0.00042013343399420754,0.0007997697724588581
2013-10-30,0.0021641544584124336,-0.005822222573261379
2013-10-31,-0.002521007472383996,-0.0034027447495256213
2013-11-01,-0.0009170368651511292,-0.0025431000721231204
2013-11-04,0.001266169605744246,-0.00043566820389329873
2013-11-05,-0.003325667516201247,-0.0023528801906804436
2013-11-06,0.003708136902709443,-0.0009429606780134122
2013-11-07,-0.000533352703585092,-0.0065264469461809565
2013-11-08,-0.004519341719216871,0.003152740585804777
2013-11-11,-0.0008439410893125684,0.00015579076460225198
2013-11-12,-0.0018123265971794922,-0.0031864993749457283
2013-11-13,-0.0012829765865500478,0.005124688047617328
2013-11-14,0.0014404110314076032,0.004203919934592275
2013-11-15,0.0013584275741362376,0.0010796911739962372
2013-11-18,0.001148529055774931,-0.0044806717664316546
2013-11-19,-0.0006577623185699395,-0.0022668017060021974
2013-11-20,-0.000392136762110562,-0.007000569208676562
2013-11-21,0.0013213332306886594,0.004647897110518858
2013-11-22,0.0008061958278476,0.001008973174655566
2013-11-25,-0.000972984810704447,0.0006231652402690339
2013-11-26,-0.0005466367480181885,0.0006413143602637487
2013-11-27,0.00048468798649391095,-0.0003027470459331531
2013-11-29,0.002132253005941694,0.0005917376730278849
2013-12-02,-0.002882975327672943,-0.005429654081183936
2013-12-03,-0.001123288424874458,0.001992385607095596
2013-12-04,-0.002565245410625986,0.004965837910565271
2013-12-05,-0.0033210610405178735,-0.00042004225126994753
2013-12-06,0.005363735635359442,0.0007239784151122993
2013-12-09,0.0024410009158312893,0.0002789754929889643
2013-12-10,0.004062346877377165,-0.0003350932984924245
2013-12-11,-0.0013855333527008776,-0.007667192662075191
2013-12-12,-0.004276848275826061,-0.0022357433318801467
2013-12-13,0.0015962743595975863,-0.00022114286700954575
2013-12-16,0.002838089541820921,0.001502609351938755
2013-12-17,-0.0010522875356334597,-0.0005367497874085562
2013-12-18,0.0017752744552775202,0.004087892416051001
2013-12-19,-0.004790233042282403,-0.0014576318863555927
2013-12-20,0.002664177074593736,0.003677271200147943
2013-12-23,0.0022429384232902343,3.078540652785566e-05
2013-12-24,0.00024094994463552677,0.0008896160513613157
2013-12-26,0.0009229106800857645,0.0009157926184410951
2013-12-27,0.0014409960378270062,0.0011240061421310102
2013-12-30,-0.002323445052215763,-5.3618642984543105e-05
2013-12-31,-0.002813522464209169,0.0028475331889528405
2014-01-02,-0.0009136685341373018,-0.0037225776188310354
2014-01-03,0.000926845298460884,-0.00041070828019967496
2014-01-06,0.001087676254339335,-0.0020235852802755897
2014-01-07,-0.0005838042625478786,0.0021337414627139377
2014-01-08,-0.002728865539916181,-0.001200955383632533
2014-01-09,0.0010686821567148805,-0.0013421706028643972
2014-01-10,0.005081809411209629,0.003578012913710745
2014-01-13,-0.001074185012774076,-0.002438529202411388
2014-01-14,0.0010704361742299717,0.0019057917171873293
2014-01-15,-0.00017001779518959942,0.0041342562249537885
2014-01-16,-0.00010554072868462032,8.937442572314325e-05
2014-01-17,0.0011122262602115019,-0.0008089965775129141
2014-01-21,0.000561768067245135,0.00014275242065275862
2014-01-22,0.0010869823251321502,0.0007850977769980375
2014-01-23,0.0008637505737177846,-0.0009376356324846273
2014-01-24,-0.0023176399220793398,-0.006580938106398171
2014-01-27,-0.0006352432334444898,-0.006006699776000294
2014-01-28,0.002497905753631217,0.0020985746805290972
2014-01-29,-0.0024505093018952094,0.00032935772546796767
2014-01-30,0.0007378694030777992,0.0013211701964571147
2014-01-31,-0.00409454999289837,0.0031492999701824803
2014-02-03,-0.0005081367061461043,-0.007021304135359285
2014-02-04,0.001979577849677187,0.0025610403396433205
2014-02-05,0.00022624913029572664,-0.0010006187094982132
2014-02-06,0.003216636090168727,0.002724076350233188
2014-02-07,0.0025900535920593344,0.005523548288140967
2014-02-10,0.00039816180934736746,0.00026935382907136154
2014-02-11,0.0004985189476501543,0.005327994324329303
2014-02-12,0.002048660714104981,-0.001798790693907004
2014-02-13,-0.00258213047987658,0.00775934696074619
2014-02-14,0.0023901803712997587,0.003869543507194447
2014-02-18,0.003130050344424277,0.0026747489611911165
2014-02-19,-0.0007368665187847215,-0.003821613252101123
2014-02-20,0.0008490126814169866,0.0028611102990545516
2014-02-21,0.0005932319059778128,7.833688693893078e-05
2014-02-24,0.002164179781490194,0.0015715440495649583
2014-02-25,-0.0009995516756077386,0.00028266583329860463
2014-02-26,-7.419914821737983e-05,-0.0008356625810871968
2014-02-27,0.0004422210542791349,0.002437945481705994
2014-02-28,-0.0006166563344340774,-3.611850326544393e-05
2014-03-03,0.0005471115411008309,0.0013260672352894964
2014-03-04,0.0014805667843066288,0.001110817092542941
2014-03-05,-0.00029056851668601467,-0.0015240692640968352
2014-03-06,0.0015642359495994832,0.0008433270173471804
2014-03-07,-0.004151320336901465,-0.0015756014350208976
2014-03-10,-0.002754896738043455,-0.000202723112524709
2014-03-11,0.0019029697731864617,-0.004211258488885224
2014-03-12,-0.0013612159019117758,0.004190353144576475
2014-03-13,-0.0001805780444014952,-0.0040882529675576006
2014-03-14,0.0026008667441793864,-0.000783098443718111
2014-03-17,0.001476285608658534,-0.0021522878530236675
2014-03-18,-0.0010878439957603774,0.0053046343295204785
2014-03-19,-0.0017479537917518624,-0.006173564553608898
2014-03-20,-0.0027408785716207308,0.0024196384460196895
2014-03-21,0.0036499396054974725,-0.002309675154581107
2014-03-24,0.001446120218742782,-0.0045147321863451126
2014-03-25,0.003538465436899448,-0.0005179542255474419
2014-03-26,0.002867167180661497,-0.005663979697799978
2014-03-27,0.0011188174130397411,0.0011679353882912747
2014-03-28,0.002195306531576735,-0.00047475692705919076
2014-03-31,0.002009026739841121,0.0007364198362777241
2014-04-01,0.0009095552394672006,7.456538448203561e-05
2014-04-02,0.0009439311058040263,0.00010375338091152356
2014-04-03,-0.0001650027242992902,-0.0005226183581459394
2014-04-04,0.005724580125161919,-0.006639808779993491
2014-04-07,-0.001906157665503083,-0.0007137838237807337
2014-04-08,0.002434244639949501,0.003102304516957366
2014-04-09,-9.099503700268722e-05,0.00413371456322779
2014-04-10,0.0012660345757786442,-0.007474094233915511
2014-04-11,-0.0018386628699428235,-0.0014565210642547937
2014-04-14,0.004113208232855059,-0.0005482826421355706
2014-04-15,-0.003191613646188903,0.002114000463785981
2014-04-16,0.0028301404379990664,0.001992467275248281
2014-04-17,-0.0007860883454012294,0.0002784829455408996
2014-04-21,-0.0006716685713659354,0.0005798252943612544
2014-04-22,-0.00044418966126367196,0.0011854934949944533
2014-04-23,-0.00023107423935200266,-0.0014116977000691107
2014-04-24,0.0013423228335045574,0.0015664456125171384
2014-04-25,-0.002009099808995233,-0.0026640110769824937
2014-04-28,0.0009819231255893642,-0.0010997752267472164
2014-04-29,0.0014967822077510758,0.000642903775571398
2014-04-30,-0.003862620006002667,0.003020986181309356
2014-05-01,-0.0023816437786925216,0.0027902782310723186
2014-05-02,-0.00038359185944188595,0.0036093238694717552
2014-05-05,-0.0013329358162347113,0.0015221012283199275
2014-05-06,-0.0003424923522112433,-0.002202980961127758
2014-05-07,0.00042244257492098927,0.00016471745650379344
2014-05-08,-0.0005688046788310697,-0.0011534359778012575
2014-05-09,0.0005324500302032946,-0.00020610591394224867
2014-05-12,0.004826860007159373,0.0019725651594714845
2014-05-13,0.0015575953115695004,6.703096745347784e-05
2014-05-14,0.0030100706121548655,-0.001004381673692404
2014-05-15,-0.0013722857685137442,-0.002500368890444493
2014-05-16,-0.00025421133250328094,0.002519877941579692
2014-05-19,0.0008149887499890651,1.5906403887533393e-05
2014-05-20,-0.0014294884912762504,-0.0006229453635974528
2014-05-21,0.0010027277310056038,0.0012384011737313738
2014-05-22,0.002597779071536273,-0.0004459372141051817
2014-05-23,0.0005073359874890808,0.0024400179065391307
2014-05-27,-0.0010546314880652756,0.0011730920325876194
2014-05-28,-0.00012323214698026775,-0.00044473875776248245
2014-05-29,0.0008403384888546158,0.0006453529253490261
2014-05-30,-0.002020940668563842,-0.0009151666338071444
2014-06-02,-0.0003060862590896996,-0.0016019958284549274
2014-06-03,-0.0014157786548455453,0.00046560050139297834
2014-06-04,-0.0003213944412670644,-1.987110156824734e-05
2014-06-05,0.0018452399944074735,0.004477048683530345
2014-06-06,0.0027529443783101738,8.241247133739341e-05
2014-06-09,0.0009616662224241734,0.00047178307020343533
2014-06-10,-0.00020238790320289783,0.00042079241627170175
2014-06-11,-0.0015165849030376766,0.0002571208787563339
2014-06-12,0.0020124232803566382,0.0010420138903928233
2014-06-13,-0.0003464749436669153,0.0018260761650186863
2014-06-16,-0.0008151177239376898,0.00031159644785276147
2014-06-17,-0.0012565025284693313,0.0012056769184402164
2014-06-18,0.0006742823238645353,0.004664344749507765
2014-06-19,0.002991401024539157,0.0024066959890837623
2014-06-20,-4.157060688009621e-05,0.001846859491288096
2014-06-23,0.00017451885878415249,-0.001558008435658668
2014-06-24,0.0009125154640650557,-0.001106070881326208
2014-06-25,-0.00044359441565609744,0.002879641571519905
2014-06-26,-0.0001248098914440036,-0.00014654367546658166
2014-06-27,-0.00021537427508943423,0.0010935014811088496
2014-06-30,-0.0009609291881966279,0.001298656872483924
2014-07-01,0.0011933827416210259,0.0007023360399135574
2014-07-02,-0.0003129853644099049,-0.001096383446454996
2014-07-03,-0.001149819773220173,0.0014594198853173776
2014-07-07,-0.0016726210963597203,-0.0006593255107399869
2014-07-08,0.0005753393702843261,-0.0021453186030780725
2014-07-09,0.0002946853136507258,0.0005376611308126462
2014-07-10,-0.002768972399892733,0.0025090972917910367
2014-07-11,-0.0006657698930968866,0.00034740482356524123
2014-07-14,-0.0010425178196885377,0.00027900908226347423
2014-07-15,-0.0010728554748443994,-0.0030250989355843434
2014-07-16,0.003427800769650717,-0.000427803391773122
2014-07-17,0.0005990519572681781,-0.0012641175613294401
2014-07-18,0.0003262199095627712,0.0024810366056078853
2014-07-21,-0.00039653290930546556,0.0012304596627288407
2014-07-22,0.002691024119681562,-0.0005730331667190095
2014-07-23,0.0014959397176702361,4.555080723489535e-05
2014-07-24,-0.00039581965127347314,-0.003270629674422687
2014-07-25,-0.0008370283161718135,0.0019024895778940953
2014-07-28,-0.0007655132186566919,0.0002990157993880397
2014-07-29,0.0008082650680856599,-0.0024101065188633012
2014-07-30,0.0010130413834755104,-0.004180028481939887
2014-07-31,-0.005491395431538996,-0.005722390374855639
2014-08-01,-0.00011228906826862653,-0.00017785055372376846
2014-08-04,0.0016909312794226583,0.0019050716384117965
2014-08-05,-0.003640545903687246,-0.00208250122880164
2014-08-06,0.0004974988388867378,0.0007349269356500117
2014-08-07,0.0013567679439254817,-0.001189446861452681
2014-08-08,0.0007082248964521698,0.0020966808185338176
2014-08-11,0.0018719748098188068,0.0015175430611833463
2014-08-12,-0.000995519243775663,-0.001216601967818942
2014-08-13,0.0025217319315792223,0.0015603622758880275
2014-08-14,0.0006594262362473217,-0.0008650290369552671
2014-08-15,0.0003093329868837591,0.00042801218766032415
2014-08-18,3.525484728310602e-05,0.0015047977385256614
2014-08-19,0.0012682213462638092,-0.0010820492792745847
2014-08-20,-0.00021109217553945127,0.00026954795094162874
2014-08-21,-0.000994291281984198,0.0017945279976249026
2014-08-22,-0.0007432333943768447,-1.8596635751455538e-05
2014-08-25,0.001726493610364462,3.862811512655995e-05
2014-08-26,0.002674815909582799,-0.0006920912377989344
2014-08-27,0.0012983355678091316,-0.00013800336868710072
2014-08-28,0.0005630896453750441,-0.00023056635530149805
2014-08-29,0.0011711553856092126,0.0009444751277450037
2014-09-02,-0.00390066462834735,-0.002191458289503608
2014-09-03,0.003115270707873393,-4.491893691063176e-05
2014-09-04,0.000597877060788791,-0.004300857352923737
2014-09-05,0.0006747955154529602,0.001109261242487558
2014-09-08,-0.0023091232777785317,-0.0010233052622941644
2014-09-09,-0.0014432593953747446,-0.002999337782868531
2014-09-10,-0.002268626964936349,0.00021416137283476467
2014-09-11,-0.004295549967962878,0.002757077399872713
2014-09-12,-0.0032204668636795757,-0.0044780882433788525
2014-09-15,-1.5534624262743733e-05,-0.0013925843705351623
2014-09-16,0.00011660313110711436,0.004847532945955583
2014-09-17,0.000717720828211917,-0.003471057373696233
2014-09-18,0.0011378774365119915,-0.0010771097728110135
2014-09-19,0.0007734301188919564,-0.003417525919130767
2014-09-22,-0.0030632506183310964,-0.002595347987701106
2014-09-23,-0.0006192226176662041,-0.0007839379564018293
2014-09-24,-0.00032580800365674306,0.003403547136505436
2014-09-25,-0.0026539538624210436,-0.003609816219137785
2014-09-26,-6.931009124668818e-05,0.003943221277417471
2014-09-29,-0.005013779114934991,0.003836051694803892
2014-09-30,-0.0011697364689973104,-0.005383282325374594
2014-10-01,0.0008970868797652631,-0.003534262358602014
2014-10-02,-0.0024691502916286707,0.0016761088287989834
2014-10-03,-0.0002087571922397317,0.00043704729035769495
2014-10-06,0.003937746828692657,0.0004310249319469032
2014-10-07,-0.0018706221404633182,-0.004038647425130759
2014-10-08,0.00039807048448459913,0.007759659343607783
2014-10-09,-0.0019248725039670825,-0.009047061136727375
2014-10-10,-0.0009006500781458001,-0.004024387029895967
2014-10-13,0.0019132332072317201,-0.0029465027440297884
2014-10-14,0.002860865711250408,-0.0026495455325085794
2014-10-15,-0.0022313049031108018,-2.4199127160621595e-05
2014-10-16,-0.007928122495260233,0.008448705268670231
2014-10-17,0.0054231250473319855,-0.0016234828378856334
2014-10-20,0.00048751985356911833,0.004621323158522617
2014-10-21,0.003242397860005982,0.00405334252648748
2014-10-22,-0.00014286369885453768,-0.006834536240799268
2014-10-23,0.0034428225378589027,0.001274751624567109
2014-10-24,0.0004896935652569508,0.0007967471561611002
2014-10-27,-0.004645035635953058,0.0028375402017541147
2014-10-28,0.0030847365357762483,0.003644547964438035
2014-10-29,0.0017588266440856722,-0.0025271009397650553
2014-10-30,-0.003252603805650045,0.0016797912377585877
2014-10-31,-0.0008566340994227669,0.003066172845494797
2014-11-03,-0.0012603043135825203,-0.0017506765219088413
2014-11-04,-0.003222566188103933,-0.0003033003377665618
2014-11-05,-0.0033335713754601834,0.0005607546665250836
2014-11-06,-0.0018484030286601985,0.000785213429311297
2014-11-07,0.0018795422502716115,0.003659634983883072
2014-11-10,0.001071242402475788,-0.004088891929478492
2014-11-11,8.603542560819596e-05,0.0025694687096759075
2014-11-12,-0.001983175867251726,-0.0004564691039517029
2014-11-13,0.0003416207649310721,-0.0035252553114607657
2014-11-14,-0.0014811426436307136,0.008391216346437498
2014-11-17,-0.0033057949833948273,0.00044531567987515043
2014-11-18,0.0007320092244177919,0.0011187280559006086
2014-11-19,-0.0009699729057345655,-0.0031503981227527142
2014-11-20,0.000871806065486358,0.0035562095852399445
2014-11-21,0.008717146954100722,-0.0006004605752663853
2014-11-24,-0.0007996806024433978,0.0008175807521601926
2014-11-25,0.0024530296195613755,-0.0025010660933297625
2014-11-26,0.000654375789383536,0.0012744408446816087
2014-11-28,-0.009895003153495726,-0.006729301612480324
2014-12-01,0.0006830565349530046,0.0040893383317850045
2014-12-02,-0.0030812635922126057,0.0004284894850269394
2014-12-03,0.0006947213390760802,0.00122929935153712
2014-12-04,-0.0012508542611551654,0.0005945052441692855
2014-12-05,-0.0015334995353481892,-0.0014319491441356616
2014-12-08,-0.0028891529028682787,-0.001926427605924963
2014-12-09,-0.002314999645024381,0.00849937024382128
2014-12-10,-0.003336569613556565,-0.0059953979886434436
2014-12-11,-0.0019474435754465835,-0.00019718935595465227
2014-12-12,-0.003416439795474628,-0.004802746801809158
2014-12-15,0.00023683978850558656,-0.013931464557813482
2014-12-16,-0.0019215436997811993,2.3942296733066767e-05
2014-12-17,6.447092298830595e-05,0.009724737545824718
2014-12-18,0.009170912886172422,-0.003975530304266006
2014-12-19,0.0026918264759227726,0.005837865712209234
2014-12-22,-0.0014648242384049123,-0.0024943949887414516
2014-12-23,0.0007904980067648948,-0.0006289682305073097
2014-12-24,-0.00114641043179405,0.0001313444047566466
2014-12-26,0.006126552615852014,-0.002389313814417604
2014-12-29,0.0008220426805728654,-0.003794421817611693
2014-12-30,0.0009503518622751376,0.00018950054273968083
2014-12-31,-0.0011689261609413896,-0.005191087327436347
2015-01-02,-0.0006717116688441068,3.028383048515604e-05
2015-01-05,-0.002776865172137636,-0.0034547085382343598
2015-01-06,0.0013282120438625534,-0.0036840437531528696
2015-01-07,0.0033826254703214578,0.003389156001068638
2015-01-08,0.002634925338327876,0.002384224417887652
2015-01-09,0.00044491931519311895,-0.001065337478198473
2015-01-12,-0.0018609244057947209,-0.0026302852697276985
2015-01-13,0.004971491401136323,-0.0018725657305864582
2015-01-14,-0.0030500967817110943,0.00516293143748967
2015-01-15,0.006693875391301788,-0.008833996580962252
2015-01-16,0.0025481320252426515,0.009775640040346886
2015-01-20,0.00018752781428610366,-0.0010614021103487821
2015-01-21,0.00346908207363336,0.00031410252994733175
2015-01-22,0.004329851692902964,0.002632362024332635
2015-01-23,-0.0010226158782699131,-0.0008877544613421791
2015-01-26,-0.0009257384100651578,0.00011798340119987631
2015-01-27,-0.002589738667617965,0.00221579667609703
2015-01-28,-9.351471062789182e-05,-0.00645404052958077
2015-01-29,-0.0012441950472904455,-0.0011331994280865325
2015-01-30,-0.0011949875744001822,0.005174091566635286
2015-02-02,0.002275858845699815,0.004461433868940623
2015-02-03,0.0025110698586654195,0.00520750428489644
2015-02-04,-0.00361974179093781,-0.0031400836018251684
2015-02-05,-0.0001860776847287952,0.006666417004421084
2015-02-06,-0.004330136424900144,-0.0042546326832870515
2015-02-09,0.0017482103025677025,-0.0007888583010536262
2015-02-10,-0.00014112004153545853,-0.002194249173273821
2015-02-11,-0.0026944665212661257,-0.0010736672122222254
2015-02-12,0.005182601113583374,0.0034093257291196053
2015-02-13,0.005575919969876778,-0.00042848757660129966
2015-02-17,-0.00595656107126139,0.0009357831718529515
2015-02-18,-0.0014498276769666714,0.0010825877227112145
2015-02-19,-0.0045257629308044665,0.0015486936289936506
2015-02-20,0.0006873090882956401,-0.0004396355445238124
2015-02-23,-0.0016544403152166283,0.0010322942347329963
2015-02-24,0.0007035060469933408,0.0007718742941895895
2015-02-25,0.0016126494932258448,0.003333091329325999
2015-02-26,-0.0004642770229822476,-0.0034379638421914087
2015-02-27,0.0020731351456925247,-0.00027611836866615983
2015-03-02,-0.00019597624415514935,-0.0014138142059129924
2015-03-03,-0.000535905540465742,-0.0015583502475473205
2015-03-04,-0.0003797516380616761,-0.0010731677889459057
2015-03-05,0.0014513533928834773,-0.0015423708512984394
2015-03-06,-0.007743671751591385,-0.007257225214168287
2015-03-09,0.0017967601493228847,0.0002831057200248048
2015-03-10,-0.004031468036875382,-0.0035224892898791864
2015-03-11,0.001135326044127094,-4.156717348483182e-05
2015-03-12,0.004371562705932893,-0.0010411229133485836
2015-03-13,-0.0027692786387895074,-0.0032584803805006577
2015-03-16,0.002314934988674263,0.0009163415012286273
2015-03-17,-0.004182845471121755,0.0025267905544952953
2015-03-18,-0.0014173237167187437,0.018634353079511033
2015-03-19,-0.006772153028374113,0.000742944289530989
2015-03-20,0.006932344348107781,0.004757614358283576
2015-03-23,0.00084546054127832,0.002630949477088618
2015-03-24,0.0005863698906028558,-0.0008112242421035736
2015-03-25,0.002299393058077137,-0.007961695530300468
2015-03-26,0.0014283831293421183,-0.0003220131246393754
2015-03-27,-0.000779961835173193,-0.0023424753727577944
2015-03-30,0.0020562432149719904,0.002121641479310347
2015-03-31,-0.003941921663178223,-0.001424349389435394
2015-04-01,0.0035419260838840615,0.005157863288036091
2015-04-02,-0.0015057606837254249,0.0010642615887772081
2015-04-06,0.00489553577917176,0.004081723711653051
2015-04-07,-0.0011082335554932247,0.002585906261697235
2015-04-08,0.0003449180982375566,-0.003770879526945044
2015-04-09,-0.0011458599427398946,-0.001733201383929887
2015-04-10,0.0044720461953439376,0.0010773586945813948
2015-04-13,0.0003180501854252116,-0.0027108332661682777
2015-04-14,0.0019520463327328485,7.608740008150742e-06
2015-04-15,0.002954479481428137,0.004027606981212636
2015-04-16,7.962738950607987e-05,0.0006791153617981512
2015-04-17,-0.004659983255297558,-1.7173347769768495e-05
2015-04-20,-0.0010716278435250507,0.0013158158665738254
2015-04-21,0.0020602560225738403,-0.002606533801451401
2015-04-22,0.0002593808136505116,-0.0022880466807512065
2015-04-23,-0.00016858887415794517,0.0050868373016877445
2015-04-24,0.000199987558389636,9.285206723506819e-05
2015-04-27,0.003375353902431081,-0.000930420025395895
2015-04-28,-0.0004303116205893298,0.0006409522611217522
2015-04-29,-0.0046652976978085086,-0.00035136091489188875
2015-04-30,-0.00596290841847836,-0.0012185969265188223
2015-05-01,-0.001380423638152754,0.0034198034925192098
2015-05-04,0.0030206941095003437,-0.0017092170030840478
2015-05-05,0.0028693749891228154,-0.006538371264763102
2015-05-06,0.001984638563380751,-0.0059434236966475025
2015-05-07,-0.0003856345022155002,-0.0005096908882602058
2015-05-08,0.007992929690130716,0.0010590943641752984
2015-05-11,-0.0012538084681238625,-0.006156523179443366
2015-05-12,-0.0018374366191062771,0.004379217991219579
2015-05-13,0.007435825809973966,-0.005505557893375435
2015-05-14,0.005577190653587994,0.0020107143707358186
2015-05-15,-0.0002916931607215364,0.004430490624459178
2015-05-18,-0.0017665640410464035,0.0005134793690865669
2015-05-19,-0.004677375650934764,-0.003490041903405124
2015-05-20,0.0018493199240930144,-0.0006825823812987168
2015-05-21,0.0017073794816489702,0.0030705586245607743
2015-05-22,-0.0023352000489603062,0.00023131364647324126
2015-05-26,-0.005402570533773162,-0.00248789284504749
2015-05-27,-0.0012519613320311818,0.0035692746921890542
2015-05-28,-0.002856315267180931,0.0017525756693804666
2015-05-29,0.0004360250323186691,2.0446720826061692e-05
2015-06-01,0.0030160086309614087,-0.0029316805710619454
2015-06-02,-0.0014092945957603798,0.0007286048775887529
2015-06-03,-0.002551047316447996,-0.004216421416003646
2015-06-04,-0.004136214447404544,-0.0023174794286329923
2015-06-05,-0.006880841288969456,0.0044620632557294425
2015-06-08,-0.0006345990809883665,-0.002486424452434129
2015-06-09,0.0017965044295779275,-0.0018375504520183365
2015-06-10,0.0055003060889284635,0.0009713719857370758
2015-06-11,0.0019712567522365944,0.00026062706330908604
2015-06-12,-0.0038316785266353,-0.00022285941303041106
2015-06-15,-0.0030895252280884597,0.0009171496090489025
2015-06-16,-0.0010363241104010582,0.004197059220905431
2015-06-17,0.0013594902802259205,-0.0005511640173242238
2015-06-18,0.0029236640347167996,0.0027061949265278756
2015-06-19,-0.0009391009913746492,-0.0012121187499100517
2015-06-22,0.0008484479471481713,-5.233505450206917e-05
2015-06-23,-0.002457735503830105,0.002850627619451562
2015-06-24,-0.0008967693059558135,-0.002516849216279741
2015-06-25,-0.0004960483546982752,-0.0024805823154309273
2015-06-26,-0.0020743255860023865,-6.033476166122931e-06
2015-06-29,-0.004366356842787308,-0.004561389572307754
2015-06-30,0.0033477449677445925,0.0003698464184884657
2015-07-01,-0.0003413030615798303,-0.0020899043953010415
2015-07-02,0.0028329498372259435,-0.002600591461047452
2015-07-06,-0.006819898653030602,-0.0005617222241130075
2015-07-07,-0.002475429885521474,0.0010063969793117596
2015-07-08,-0.00459633526834126,-0.003908816321191955
2015-07-09,0.009666670899511454,-0.005463657363792832
2015-07-10,0.004079858826802211,0.0018660574452151449
2015-07-13,-0.0008693971058361857,0.0033463814968439126
2015-07-14,-0.0010945190970848007,0.003216518685751583
2015-07-15,-0.0034963675000388326,-0.00043222094983228485
2015-07-16,0.0028147687088654707,0.000409764505420999
2015-07-17,-0.00020045902014082333,-0.0009395419314113029
2015-07-20,-0.003319652424066281,-0.0027263138955126998
2015-07-21,0.000861990896259468,-0.00036647676640425193
2015-07-22,-0.005184397151598759,0.0001111662777303346
2015-07-23,0.00072453033385295,-0.005072098465152257
2015-07-24,-0.001266594598049949,-0.0026592226776404565
2015-07-27,-0.004447995034288573,-0.002565868265233758
2015-07-28,0.002724563410206926,0.0024556009046858246
2015-07-29,-0.00013438433191926465,0.005281847922783715
2015-07-30,-0.0023871768314491187,0.0012742199400735954
2015-07-31,0.004280346737762593,-0.004166667720347091
2015-08-03,-0.0028299314286345024,-0.002462093501871913
2015-08-04,0.0019327127854045002,-0.002080106446227847
2015-08-05,0.002248385685032635,-0.003739883507720432
2015-08-06,-0.0009052844441049738,-0.0020914983257872997
2015-08-07,-0.0004914743478473464,5.9090506302972304e-05
2015-08-10,0.002151815971729724,0.00607466086820192
2015-08-11,-0.004766000278355424,0.0002825324868033663
2015-08-12,-0.0029402084677446613,0.0018584358349119348
2015-08-13,-0.0024074872828892496,-0.0016555724387239993
2015-08-14,9.10469980050325e-06,7.950513056437606e-05
2015-08-17,0.00012790576222677282,0.0017793072514587912
2015-08-18,-0.004688537564911758,0.00031681474627942574
2015-08-19,-0.001745145511737071,-0.0019911646582974805
2015-08-20,-0.00046400324072178495,-0.0054418658260736
2015-08-21,-0.004371212798184243,-0.008759223139554203
2015-08-24,-0.029818401967847633,0.004273488737502247
2015-08-25,0.017921000573063266,-0.020260857204488083
2015-08-26,0.005994999311838897,0.003569431445890436
2015-08-27,0.007042560817556083,0.013128348438246595
2015-08-28,-0.000900119965983448,0.008516835345868883
2015-08-31,-0.003779505885020355,0.0059441353632170586
2015-09-01,-0.010828072159332725,-0.007576382647089745
2015-09-02,0.008136223545665804,0.0004623263943233017
2015-09-03,0.002334496993848393,0.00016298761948925212
2015-09-04,-0.007055440875366566,-0.0018645451100477736
2015-09-08,0.006740523803176453,0.0031005027346780343
2015-09-09,0.002791644570225545,-0.010959580885021232
2015-09-10,0.0011489055875518739,0.0036309573167683314
2015-09-11,-0.004493523027241775,0.005696699794148056
2015-09-14,-0.002298382411645772,-0.0016927859715638593
2015-09-15,-0.0006099562162464655,0.003423938570839062
2015-09-16,0.005121078332638899,0.006889434494546472
2015-09-17,-0.0014445798454930585,0.0040893464225839095
2015-09-18,-0.005565434518649437,-0.0013737365361882637
2015-09-21,0.001929717518378101,-0.00022920625194754093
2015-09-22,-0.009106035518006187,0.0008970604319532856
2015-09-23,0.002401822245307798,-0.006319139052708874
2015-09-24,-0.0019171044357745378,0.00423128250839521
2015-09-25,0.004434549150753852,-0.0058682154835438295
2015-09-28,-0.006489031898550472,-0.007670727570626265
2015-09-29,0.0010960173839738093,0.0008248400053599244
2015-09-30,0.00421761663358744,0.0033937047740142685
2015-10-01,0.005380109986739708,-0.004983311353479662
2015-10-02,-0.0011592440841741232,0.014590846202383342
2015-10-05,0.006662203402865555,0.003636382055336185
2015-10-06,0.001924498115244792,0.003397912512923895
2015-10-07,0.005624103748313613,0.0005279969744254412
2015-10-08,-0.003158301781834146,0.006235753311398222
2015-10-09,0.002616747211556425,-0.00023620373168179812
2015-10-12,0.0023582415605839734,-0.00513967306190665
2015-10-13,-0.003648905688447557,-0.0017685699976938288
2015-10-14,0.002070587908024894,1.6792956010639828e-05
2015-10-15,0.000466076268367425,0.00667744148807381
2015-10-16,0.0011432279942427718,-0.0002440448122579708
2015-10-19,-0.004095471401845334,0.0008634589005225068
2015-10-20,-0.001918779568462566,0.0007844497835214866
2015-10-21,-0.0008651783114205743,-0.004382454257216129
2015-10-22,0.004877256577445599,0.003301965244716398
2015-10-23,0.002194149466759776,-0.0005048206008786342
2015-10-26,9.109945799753068e-06,-0.002483694796156651
2015-10-27,-0.0031785508254296526,0.0003065740995783865
2015-10-28,0.0031500215373855794,0.005015422552465476
2015-10-29,-0.004966383547374827,-0.002466959271113504
2015-10-30,0.0006514844561002745,-0.0006627663721379055
2015-11-02,-0.0014512203409624558,0.005696647028848127
2015-11-03,-0.0003690072081272922,0.0028077780350264166
2015-11-04,0.0010621683436283853,-0.006750760971726674
2015-11-05,-0.001320092124189213,-0.0018053273285900894
2015-11-06,-0.007534395322440505,-0.00024903036502360956
2015-11-09,-0.004367397105668321,-0.004259025272794818
2015-11-10,-0.0026002470196859456,0.002893948808755516
2015-11-11,0.0009037827317075549,-0.004827665921437833
2015-11-12,-0.005221190767799907,-0.002947376085486453
2015-11-13,-0.0020036347275208533,-0.004307055127924316
2015-11-16,6.500601780841848e-05,0.00826783913806463
2015-11-17,-0.001569943979254244,-0.0024482674552231964
2015-11-18,0.001337333690107904,0.004695410127466415
2015-11-19,0.0010567928632915003,0.00028874239779438
2015-11-20,0.0023159155258827132,-0.0008324629408641575
2015-11-23,-0.0018834156123862967,0.0016126831214380891
2015-11-24,0.0012031043137291344,0.002732499176900127
2015-11-25,-0.0019302170592875015,0.0028886136590513534
2015-11-27,-0.003987699550360572,-0.00012345016255969435
2015-11-30,0.0019478411544571047,-0.0032677322082244648
2015-12-01,0.0028982284863141657,0.00433448525322652
2015-12-02,-0.003799674608795778,-0.00676242539581197
2015-12-03,0.00011969689742106216,-0.0067722571648138
2015-12-04,-0.0003439793286302321,0.00944055375520972
2015-12-07,-0.005088774722866404,-0.005655906857997542
2015-12-08,-0.006346122400144819,0.0017538387871168127
2015-12-09,7.444250225738803e-05,-0.004767816436415551
2015-12-10,-0.0006578296222565709,-0.0012811473877716898
2015-12-11,-0.006687848511062419,-0.003635870466473882
2015-12-14,-0.0019295032880344213,-0.0004715235405888363
2015-12-15,0.004348153819339336,0.002048033919100134
2015-12-16,0.003879051953467627,0.0032258704334844714
2015-12-17,-0.0014200796886040036,-0.00804757446778174
2015-12-18,0.0011248901513956967,-0.0037515840219323046
2015-12-21,0.0042688681848543535,-0.0005424483519734346
2015-12-22,0.0011647339393437317,0.0017746535203601772
2015-12-23,0.004103986508117837,0.004881630413195189
2015-12-24,0.0006713738813405978,0.0007448568588709274
2015-12-28,-0.005962608570979514,-0.0007431386808785337
2015-12-29,0.004655074031831289,0.0009730910982843473
2015-12-30,-0.00464072080270926,-0.002185460315288427
2015-12-31,-0.0014078383401119185,-0.0010278925317299089
2016-01-04,-0.0019847502638610163,-0.004718227549048966
2016-01-05,0.0006239607249171275,-0.0007030546402177078
2016-01-06,-0.007295981862446185,0.0003077936129573263
2016-01-07,-0.008891634679254927,-0.001616932670968311
2016-01-08,0.0015201895367828492,-0.0086863190760707
2016-01-11,0.0014403488844831744,-0.008336713373576006
2016-01-12,0.004769447287239063,-0.0032137706668094418
2016-01-13,0.003867983031205687,-0.011322177490296055
2016-01-14,-0.0011374373721565096,0.004127757118970621
2016-01-15,-0.013476824146436923,1.8958331075665432e-05
2016-01-19,0.006135223339338543,-0.007769160456047356
2016-01-20,-0.006835002189843357,0.0010399707863311422
2016-01-21,-0.0016451989228807972,0.006170142009519827
2016-01-22,0.013611015394253986,0.005119107240240857
2016-01-25,-0.0037252452763272196,-0.007709939837160211
2016-01-26,0.005563463058107843,0.008114346267928663
2016-01-27,-0.002443552464608641,-0.0005369137236187038
2016-01-28,0.007963643948384372,-0.0029329469414177836
2016-01-29,0.004859580763768216,0.007848078368954455
2016-02-01,-0.00639217593710643,-0.00034049344739694266
2016-02-02,-0.006827658109651987,-0.00506832116708121
2016-02-03,0.005510246350427398,0.005785941635468409
2016-02-04,0.0029821072862423895,-0.0018890887808584056
2016-02-05,-0.003779636880884385,-0.004858195109240482
2016-02-08,-0.003820836921978114,-0.0022217604325695047
2016-02-09,-0.007431030483732977,-0.0027922565312772226
2016-02-10,0.001873977259512379,-0.0013091041411865678
2016-02-11,-0.002670968085642178,0.00394625174930919
2016-02-12,0.004222653620270308,0.005357384558137953
2016-02-16,0.0043451545005041,-0.0017506370696804532
2016-02-17,0.00454655844023093,0.00770950845992057
2016-02-18,0.003786278608036849,-0.0019996119447311055
2016-02-19,-0.004764160445038105,0.0028602911012865755
2016-02-22,0.005857647283982762,0.002756989136273195
2016-02-23,-0.0034315234481590387,-0.004035362257005825
2016-02-24,-0.0048167792470620455,0.008102836441799426
2016-02-25,-0.00010882532824731949,0.0069505652807493766
2016-02-26,0.004073115328459087,-0.007555903749618083
2016-02-29,0.001978364811507401,0.002044575355182506
2016-03-01,0.004490991108029278,0.006140013795233168
2016-03-02,-0.001844382349540452,0.00686563921551433
2016-03-03,-0.0012941340093012214,0.006665984146288436
2016-03-04,0.0022468459855396953,0.004765412478797286
2016-03-07,-0.0017379401706549317,0.00733520150305463
2016-03-08,-0.0012815016016956302,-0.008570499044587353
2016-03-09,0.0019299252740326252,0.0031097120046456187
2016-03-10,0.0026225406713723826,-0.002295988850548995
2016-03-11,0.007321475964911669,0.0006716529596371664
2016-03-14,-0.0009920955693542455,-0.0032249745655748376
2016-03-15,-0.004424428771319018,-0.0007310316238860803
2016-03-16,-0.000998965887273906,0.0132393426934965
2016-03-17,0.003674310665153328,0.005221985108564309
2016-03-18,0.0020116933867545097,-0.0015914862937007241
2016-03-21,-0.001560942621715311,0.0011134589952501198
2016-03-22,-0.00223199582348866,0.0024471515362534555
2016-03-23,-0.006346938721381975,-0.005005875359948623
2016-03-24,-0.005061485443077111,0.0031764593839265147
2016-03-28,0.0013244429058532291,-0.00011683373459914215
2016-03-29,-0.0021595240247306896,0.01025144629765738
2016-03-30,0.003481320755034682,-0.0047655452878808385
2016-03-31,0.0010571963390856606,0.00040337834411490934
2016-04-01,-0.010036291766451332,0.0053130355970539755
2016-04-04,-0.000513491101468233,-0.005451100350533215
2016-04-05,-0.001752076947135824,-0.00025022077961129875
2016-04-06,0.0006041973216706002,0.007100701939507078
2016-04-07,-0.001141844678399669,-0.0023799064394414
2016-04-08,0.008554178229968156,-0.00019465191617872672
2016-04-11,0.0052130856748924485,0.00017810317307089077
2016-04-12,0.0021543154908691816,0.006592347532826123
2016-04-13,0.0035307728769077063,0.0017801515151511997
2016-04-14,-0.00021069471406832315,-0.0028098926309924797
2016-04-15,-0.0014612990027833782,0.0013796112801994036
2016-04-18,-0.004657350639869717,0.0067622827155778605
2016-04-19,0.007482369879173042,0.001585945650873947
2016-04-20,-0.0011973674865934333,0.0024532471840351456
2016-04-21,0.0008447788458433673,-0.004489730115726168
2016-04-22,-0.00019876258130577067,-0.0006013707148290341
2016-04-25,-0.001072327576161943,-0.001726070476278648
2016-04-26,0.0028065026154171354,0.0016421737461343345
2016-04-27,0.0015868322726371841,0.003614857791759718
2016-04-28,-0.0017984358614838343,0.0014861218710012188
2016-04-29,0.0015235554782613737,-0.0008985402369199905
2016-05-02,-0.00020915135969582868,-0.001686087779054768
2016-05-03,-0.003251929131231461,-0.004155857620790375
2016-05-04,-0.0010967874291239058,-0.0011285723131046735
2016-05-05,0.0064928507198288654,-0.005578383256803206
2016-05-06,-0.0021189608893537938,0.005493254249182322
2016-05-09,-0.0035812350854872222,-0.0025200201129491617
2016-05-10,0.003791281271077063,0.00595506180899091
2016-05-11,0.00030453908570906576,0.0011219175605743667
2016-05-12,0.0023993289789514317,-0.004256035945489386
2016-05-13,-0.0023554538154445526,-0.00037592623967844425
2016-05-16,0.004743004886639146,0.002362141136988368
2016-05-17,-0.0010661442572941437,-0.0016134559102518376
2016-05-18,-0.003912452967857479,-0.0033174422366405
2016-05-19,-0.006058594613147069,0.0023973640050164078
2016-05-20,0.003112985346067883,0.0013314769987149422
2016-05-23,-0.003336015587071269,0.0014620443547228652
2016-05-24,0.0010987158271449063,0.0040579050638717366
2016-05-25,0.0027118816482684326,0.0019777121746787623
2016-05-26,0.0031141922642619574,-0.002339396480881602
2016-05-27,-0.0004195554358835748,0.0014985134129455642
2016-05-31,-0.00048382967941679547,-0.000727335818099369
2016-06-01,-0.0032210188687420353,0.004714741876616305
2016-06-02,-0.0024725999961878148,0.0049716457366148015
2016-06-03,0.005917176228977509,-0.00016850859537631546
2016-06-06,0.002572361042825366,0.0011175138253875394
2016-06-07,0.001555763965316507,0.0018651037318739628
2016-06-08,0.005609106781305195,0.00283079966388875
2016-06-09,-0.003160964936652026,0.002126741451033265
2016-06-10,-0.005868191682584908,-0.002189431935057673
2016-06-13,-0.0026339836360813164,-0.0010907298132791566
2016-06-14,-0.0009897967277608573,-0.0015180933956449778
2016-06-15,0.0014989336237235308,-0.00010963042043066196
2016-06-16,-0.001181745328065542,-0.0028961846028498976
2016-06-17,0.0042120887611404164,0.000769378204347689
2016-06-20,0.0050136007756097795,0.00028968271698435186
2016-06-21,-0.0012604374082442193,-8.777512143988512e-05
2016-06-22,0.0017820990562291768,-0.003177562472803445
2016-06-23,0.004574563492808048,0.0030507589614770106
2016-06-24,-0.013053837411334169,-0.0009586761982839216
2016-06-27,-0.001836910999122184,-0.00396276755127886
2016-06-28,0.007758628556193573,0.0041936634215698895
2016-06-29,0.00772377438701571,0.004513378001006981
2016-06-30,0.000977003756066693,0.006063918940718183
2016-07-01,0.00407390284428939,0.004977364064600076
2016-07-05,-0.0033565611280858593,-0.002918757148657399
2016-07-06,-0.003081305454434095,0.006290168908995971
2016-07-07,0.0007582452917119417,-0.007863677490046905
2016-07-08,0.005555561545231654,0.006377125205621622
2016-07-11,0.0025129599169172677,-0.0016661039371229794
2016-07-12,0.005155297387185653,-0.0005758295794995761
2016-07-13,0.0026071399498648782,-0.0038105881157240265
2016-07-14,0.00016492381142586924,0.0002782687800603497
2016-07-15,-0.0002973822532756909,-0.0014117470670401997
2016-07-18,-0.0016149234006895164,0.0023310950192555985
2016-07-19,-0.0017809963624889253,-0.0006182219372126744
2016-07-20,-0.003170618030027657,0.0023369796453577953
2016-07-21,-0.0017611731545400448,0.0016933267640698727
2016-07-22,-0.0014113945682589686,0.002529112318498098
2016-07-25,-0.0033197788040505807,-0.0019179135989366343
2016-07-26,0.0015521547559648851,-0.000791619561547859
2016-07-27,0.0037816703230502346,-0.00023369944910596186
2016-07-28,-0.001777335580897669,-0.0004580984462769185
2016-07-29,0.00032291980360847167,0.0046171074178375186
2016-08-01,-0.002313630677387287,-0.002453054751070205
2016-08-02,0.0006029094780502915,-0.005613902631851671
2016-08-03,-0.0009342559137546373,0.0049341176993204835
2016-08-04,0.00023647857538970917,0.003397321632737153
2016-08-05,-0.0007043511426180574,7.977258998246307e-05
2016-08-08,0.0021689506676001004,0.000911227439245262
2016-08-09,0.0027513675227087476,0.0005964712891664077
2016-08-10,0.0036744009453521186,-0.005570291230763624
2016-08-11,0.0026844951353347155,0.0008701182080728047
2016-08-12,0.0020502247157739776,0.00033900274938828784
2016-08-15,0.002014124069777671,0.0024277876780915827
2016-08-16,-0.0009836879689173017,-0.0007922780291345522
2016-08-17,-0.0011639887880945017,0.0020918156337898695
2016-08-18,0.0018733880091100108,0.0030063112706508375
2016-08-19,-0.004214327055216227,1.8919329884551733e-05
2016-08-22,-0.0035088800575081938,-0.0001292974001882478
2016-08-23,0.001393727533702512,0.000567381472042198
2016-08-24,-0.0019801229502492226,-0.00415408349272642
2016-08-25,-0.0014188473774654116,0.0022306924754076584
2016-08-26,0.0017095928695774142,-0.003910209497151477
2016-08-29,0.00018381887916321115,0.003813843871898374
2016-08-30,0.00016451456747413514,-0.0036152874957689892
2016-08-31,-0.002002914763355575,-0.003278453856787008
2016-09-01,-0.0016685969600238086,0.0011802615825940554
2016-09-02,0.005842282499619178,0.001847871131548858
2016-09-06,0.002580124347799358,0.005559857694362965
2016-09-07,0.0008863295626915753,-0.00013198165273428468
2016-09-08,-5.249898338257619e-05,-0.00046230682739285546
2016-09-09,-0.007504117273210919,-0.01205918758716326
2016-09-12,-0.005564811997803861,0.01120568864436564
2016-09-13,-0.004815732347666716,-0.008104696445257605
2016-09-14,0.00030163918369443545,-0.0013126356957050703
2016-09-15,0.000542285707281424,0.004361294425091004
2016-09-16,-0.0037907555730016585,0.001725410743097481
2016-09-19,0.004290315211658576,-0.0018755966197781637
2016-09-20,0.001822487255060312,-1.5116933275531133e-08
2016-09-21,0.0055115816832550955,0.008032247070111364
2016-09-22,0.0062515870490354635,0.0006774244560132943
2016-09-23,-0.002014159536230705,-0.004259221401772595
2016-09-26,-0.0011170222351124008,-0.0007926106099631329
2016-09-27,-0.0020195860688683176,0.0011531891118286306
2016-09-28,0.001508988006623979,0.0061795972709285975
2016-09-29,-0.0009533135739266211,-0.002675928393319234
2016-09-30,0.0045440272341946775,-0.00233260467007154
2016-10-03,-0.0005806275515090202,-0.0010959209797477333
2016-10-04,-0.000777369558945562,-0.00894124113534008
2016-10-05,0.0043342514817777955,-0.002288144120951004
2016-10-06,-0.0025990594724987657,0.000967030417922062
2016-10-07,0.002227148087912726,-0.004051301648334034
2016-10-10,0.0019185723028254684,0.004358901670610179
2016-10-11,-0.0023665552238192407,-0.005952733511024374
2016-10-12,-0.0008091445340894528,0.000711010938609887
2016-10-13,-0.0034484979725324235,0.003075941827749773
2016-10-14,0.0007740576708957632,-0.0027661682269113806
2016-10-17,5.2518218447909305e-05,-0.00023084292095355193
2016-10-18,0.005907452757691807,0.00020950337922597632
2016-10-19,0.0017290603981938491,0.0021642628960852226
2016-10-20,-0.0014222146345087708,-0.0017360728569707495
2016-10-21,-0.00127555137515869,0.00222532595400012
2016-10-24,0.0032172300714950735,-0.0019061228211103417
2016-10-25,-0.0006110033226767102,-0.0006421549563492353
2016-10-26,-0.005124425039436243,-0.0014603071709116788
2016-10-27,0.0013637333146270321,-0.005056463208263718
2016-10-28,-0.0010194737889339888,-0.0016065054566744453
2016-10-31,0.0005794769969524734,-0.001753019071537835
2016-11-01,0.0032581490353785028,-0.005271887743715757
2016-11-02,-0.0012808011096769433,-0.004244099165376425
2016-11-03,-0.001549138483258202,-0.003045387618860618
2016-11-04,-0.0011503683891994632,0.0004135026824062897
2016-11-07,0.004900281520080529,0.004458359876430892
2016-11-08,-0.001554887164929597,0.002484089125328507
2016-11-09,-0.004796423147079953,0.001610041924493714
2016-11-10,-0.000500986588346238,-0.007411560834824171
2016-11-11,-0.0038283741690190737,-0.006071940189595885
2016-11-14,-0.0028071661905393268,0.0019476267662202821
2016-11-15,0.004403925385964332,0.005819873962851263
2016-11-16,-0.0028930375797206437,0.0002518788066059837
2016-11-17,0.0019725053559647896,-0.004172714493866255
2016-11-18,0.0009923900397579067,-0.0017652815544902426
2016-11-21,0.005209075208304159,0.0028240417086141225
2016-11-22,0.003507594886278431,-5.6676530289223595e-05
2016-11-23,-0.0069049326671392,0.003306270058034929
2016-11-25,0.0008031039518159385,-0.0017329048152407397
2016-11-28,0.0025231358415170437,-0.0004893915650228416
2016-11-29,-0.004820402842240679,0.002480789649772719
2016-11-30,-0.00040447867561579367,0.0033896749223689534
2016-12-01,0.0006468373554054126,-0.002848605659158099
2016-12-02,0.0017617468347382351,0.003044392517599796
2016-12-05,0.001378833554000251,0.0016258862795972106
2016-12-06,0.00015138089174361694,0.0019039384095645244
2016-12-07,0.002033494631074917,0.0051082821756697795
2016-12-08,-0.0009398722362297256,0.0031611407220432913
2016-12-09,0.0009333165037495409,-0.0014263827468620797
2016-12-12,0.0031215360116049343,-0.002176876503569695
2016-12-13,0.004269494863232018,-0.0009206281865407432
2016-12-14,0.00012490271873599005,-0.012051807433329401
2016-12-15,-0.003769115620008982,0.001278716821448008
2016-12-16,0.00204506771282833,0.00015949874697303025
2016-12-19,0.0016262655296075549,0.00032731890230703145
2016-12-20,-0.00035693251783834866,0.0026012476261509637
2016-12-21,0.00046994848180367625,-0.0037775401992318066
2016-12-22,-0.0014701632734188822,-0.0011342111178740102
2016-12-23,0.0004893379840354169,0.0017325864257218123
2016-12-27,0.0015969909946594123,0.002416417032073685
2016-12-28,0.0016029190968116502,-0.0017925371661160186
2016-12-29,0.0016994549005311759,0.0020591353298756426
2016-12-30,0.0006234606724654664,-0.002171422113883999
2017-01-03,0.0057480099957223805,-0.002018108647861383
2017-01-04,0.0020809782467684943,0.004610100752461503
2017-01-05,0.002458165235491072,0.0024571264537203595
2017-01-06,-0.0020377964708065003,0.00013263512556321483
2017-01-09,-3.1507490847363746e-05,-0.0027755513436586556
2017-01-10,0.0016309480245035276,-0.0016228261779618188
2017-01-11,0.00123677170609382,0.0028398241561758742
2017-01-12,0.0019074262843026934,7.75138973199807e-05
2017-01-13,-0.0019002231533699879,0.0016353987084627728
2017-01-17,0.004082732659705846,-0.0020754833784746
2017-01-18,-0.0022312204948285713,-0.0019031362513743267
2017-01-19,-0.0013168513774283704,-0.002293043128872285
2017-01-20,0.003100365684367897,0.0010907541378222104
2017-01-23,-0.0006151824011389066,0.0033371348242869246
2017-01-24,0.0006462723180687672,0.0008852883229123327
2017-01-25,-0.0014638124409168674,0.001100062760836377
2017-01-26,0.00014341130826453312,-2.2675376054973977e-05
2017-01-27,-0.0005221895273112009,0.0001568860764589693
2017-01-30,-0.002516478309540863,-0.0019970823938386525
2017-01-31,0.002589241855099507,0.0018362988075334577
2017-02-01,0.0011453551985437813,-0.00013395113095343952
2017-02-02,0.002766746784010521,-0.0013201234598500867
2017-02-03,0.001913248407188739,0.0013217811813508525
2017-02-06,0.000970807105342016,-0.0007643563140150726
2017-02-07,-0.0014468272170875985,6.041134544808961e-05
2017-02-08,0.0009589521225551974,0.002654369315309298
2017-02-09,0.00016929088634825746,0.0012494356432015833
2017-02-10,0.001615967865181774,0.003492443064584842
2017-02-13,-0.0013166990711845831,-0.000115556227637111
2017-02-14,0.0018666195767556828,-0.0012136286458019083
2017-02-15,-0.0028173467061932468,0.004334814544168975
2017-02-16,0.0011783365784809577,-9.094622231364073e-05
2017-02-17,-0.0017069193406830478,0.002073497551679182
2017-02-21,0.0013289019738723206,0.0028595666150350364
2017-02-22,-0.000970792341174594,-0.0001961991820857693
2017-02-23,0.004717627822255096,-0.0020424893661500207
2017-02-24,-0.0014772940222099221,0.002777156004848965
2017-02-27,-0.0003277131316841079,-0.00028059753580017186
2017-02-28,-0.0004413381786107987,-0.0014235838151203033
2017-03-01,0.0012951659483984245,0.002018763552305828
2017-03-02,-0.004248768946702808,-0.005412583561365632
2017-03-03,0.0002731733444126805,0.001975455035837026
2017-03-06,-0.001095051912554834,-0.001796264374293292
2017-03-07,-0.0013873651331513268,-0.0028266024023744524
2017-03-08,-0.003498709309036944,-0.006490466713772891
2017-03-09,-0.0021458045204152103,-0.0034990039696184637
2017-03-10,0.003327903891622815,-0.002970176849704013
2017-03-13,0.00012275570975797863,0.0004928632576867968
2017-03-14,-0.0029520343464767285,0.0002499077532978585
2017-03-15,0.0035062893478179516,0.009533529239670324
2017-03-16,0.0016665475593560315,-0.0022540057710799624
2017-03-17,0.0021590110515955865,-0.00040440233751442753
2017-03-20,-1.0915788254769095e-05,0.0007700056283953834
2017-03-21,0.002327790721472837,-0.007679089862397477
2017-03-22,-0.0003014354705902056,0.0021259840725557683
2017-03-23,-0.0002459586481967498,0.0002001777520602784
2017-03-24,0.0013068760909264638,0.0010810833278643405
2017-03-27,-0.001953893603724599,0.0030233096775389213
2017-03-28,0.0011842752577713314,0.0019226162607097086
2017-03-29,0.0005210097246982626,0.00412986132600431
2017-03-30,-0.0003391945223407763,0.0012261766954519897
2017-03-31,-0.0009372319887620181,0.002127868978591274
2017-04-03,0.0002967904715580468,7.03666453402955e-05
2017-04-04,0.00033879517776456145,0.0013789026684899305
2017-04-05,0.0015344043880465507,-0.002937914154170699
2017-04-06,0.0007025898218820418,0.0013638431164259815
2017-04-07,0.0020521639180095972,-0.0025324112676398188
2017-04-10,0.0005964965150780192,0.0016959724924022386
2017-04-11,0.0011100744547462237,0.003072869248919252
2017-04-12,0.0009864923709280641,-0.001120536489040728
2017-04-13,0.0013628008464403004,-0.002048242258458107
2017-04-17,0.0010813709198821111,0.0009532568406739179
2017-04-18,-0.0021872021122643598,0.0015933247095070823
2017-04-19,-0.0001430571818553883,-0.0058887556978024875
2017-04-20,0.0009973262376356282,0.0009500148023354822
2017-04-21,0.00010361451380634564,-0.0026644706378884018
2017-04-24,0.002184227518795286,-4.5684351834977356e-05
2017-04-25,-0.0003723218963440041,0.0009198915629374139
2017-04-26,-0.0016350391882684909,0.0006011848134970688
2017-04-27,-0.0012476756419153023,0.00019241444592723588
2017-04-28,-5.646432478770465e-05,-0.0015873539293235503
2017-05-01,0.00016431460276725336,-0.0011264387947438263
2017-05-02,0.0005582082397015927,-0.0019416816197839637
2017-05-03,-0.0008440940763993673,-0.003704266834322582
2017-05-04,-0.004358823927659968,-0.003605722265734168
2017-05-05,0.001264542675958961,0.004463508771835656
2017-05-08,-0.0008455883771395056,-0.0012262103832535454
2017-05-09,0.00011389281544497513,-0.001317984686256087
2017-05-10,0.002645823685670449,0.0025849834744374597
2017-05-11,-7.141116600090462e-05,0.0007041645617740159
2017-05-12,0.0016442652914574253,1.3050029294747745e-05
2017-05-15,0.005333407689379458,-0.0004598654144535382
2017-05-16,0.0016477008994502328,-0.0005807866188137704
2017-05-17,0.0007295492417906724,-0.0034047715914245157
2017-05-18,-0.0032557486625030144,0.002626750506227575
2017-05-19,0.004521481705735956,0.0029162287655332057
2017-05-22,0.001901030206666454,0.0019469497106866665
2017-05-23,0.0018567606560967232,-0.002166732340730482
2017-05-24,0.00013817112258591725,0.0021433041639878692
2017-05-25,0.0003779325985826902,-0.004291710357576339
2017-05-26,0.00204202154915456,0.0013863777521195017
2017-05-30,-0.0019289173441109882,0.0004747549459385233
2017-05-31,-0.0018304062716239856,-0.001166952884049784
2017-06-01,-0.0004330989363724299,0.00335553727159373
2017-06-02,0.0021056708985775457,0.00285374980032953
2017-06-05,-0.002072396650082505,-0.00040126984844852666
2017-06-06,0.00047538936398753656,0.0019146666018052668
2017-06-07,-0.0013051001166872597,-0.0035807610788750168
2017-06-08,-4.164500836570569e-05,-0.00021408797388820696
2017-06-09,-0.0010945548382038724,-0.0012428843137038737
2017-06-12,-0.0014649208989776286,-0.0004993630600196753
2017-06-13,9.877172626165572e-05,0.002783026687084204
2017-06-14,0.004517235429512086,-0.007541168461314363
2017-06-15,-0.005119148597390147,0.002448097222179461
2017-06-16,0.0009771342173144606,-0.0006822520634874133
2017-06-19,0.0012587473224134596,-0.0005871166257182869
2017-06-20,-0.002584216515486097,-0.0018446747566300307
2017-06-21,0.00037772661576722654,-0.002846316748984812
2017-06-22,0.0025334457042594997,-1.3858692046545922e-06
2017-06-23,0.001083660794896731,0.002180144473830281
2017-06-26,0.001400990575837202,-0.00011905620854092783
2017-06-27,-0.0007761908364801655,-0.0024947250833831387
2017-06-28,0.0022960172614047663,0.0031348561656330486
2017-06-29,-0.0028462389595131404,-0.003820228301463735
2017-06-30,0.0023796036485218405,0.0011067768354113162
2017-07-03,0.00018064098741639168,-0.0005980016261646793
2017-07-05,-0.0017332250782790214,-0.002461201355128188
2017-07-06,-0.002186946183107293,-0.0032298275347761936
2017-07-07,-0.0022958191752940377,-0.000614718934814255
2017-07-10,-0.0014995619819193025,0.0034041679438391683
2017-07-11,-0.00019057752977809096,0.003577047855138771
2017-07-12,0.0068738069607179614,-0.0004178828386348643
2017-07-13,0.0004007719072039414,4.7080566853918707e-05
2017-07-14,0.004657111401778217,0.0014280317071104997
2017-07-17,0.0004634456400478844,-0.00012195667931543437
2017-07-18,0.002565781889310559,0.0007376737595444993
2017-07-19,0.0014497748141170553,0.0033025083556475895
2017-07-20,0.0018043013664906127,-0.0023045692858044476
2017-07-21,0.0003115998023087263,-0.0022100708870852028
2017-07-24,0.0010537894138607173,0.00014203526947914973
2017-07-25,0.0018169429561647318,1.2810114699668418e-05
2017-07-26,0.0009129863052596665,0.0034943402823930823
2017-07-27,0.0018388602000010653,-0.0028352073398432596
2017-07-28,-0.0003963642275322495,0.0023628088026315624
2017-07-31,0.00043780974365881985,0.0006990061383451411
2017-08-01,-0.00026541198247719645,0.00011099606668573496
2017-08-02,-0.00011739904198399357,-0.0012912152148959245
2017-08-03,0.0008659477724208461,-0.0021901241903933945
2017-08-04,-0.0006273952739995018,0.0002356128690360171
2017-08-07,-0.0010052081385539887,0.001795207898406533
2017-08-08,-0.00014494905880373387,-0.0008188787442369394
2017-08-09,0.0014265658424861642,0.0008204176298514184
2017-08-10,0.0007426490800244083,-0.008337571191563302
2017-08-11,-0.0007636992891367766,0.0022286891504009827
2017-08-14,0.0021349644174818144,-0.00028345343807348506
2017-08-15,-0.003749113332701944,0.0006114179125765655
2017-08-16,0.0016515020763677353,0.001101504070621462
2017-08-17,-0.0010764679279030502,-0.0032555740660643743
2017-08-18,0.001671629547076514,0.0015032697278732244
2017-08-21,-0.0007075296084818679,-0.000689722328163304
2017-08-22,0.00213449282187345,0.0015585672209945222
2017-08-23,-0.0004899693338060063,0.003510497203127557
2017-08-24,-0.0005721211601554514,-0.0018595090293516876
2017-08-25,0.00250973702914646,-0.0003805009885665826
2017-08-28,0.0011055869325486004,-0.00033065112326447675
2017-08-29,-0.0004459408227670547,-0.00016166447003485758
2017-08-30,-0.0007687766439213058,0.002333558402835156
2017-08-31,0.0026652947879046854,0.00567354770773368
2017-09-01,0.0003775064082779315,0.00086278449092471
2017-09-05,0.0029190144584678797,-0.0014116932735985354
2017-09-06,0.002598624908212092,-0.0009487928419442459
2017-09-07,0.0016705707320478675,0.0020270677142960086
2017-09-08,-0.0011688947836966908,-0.0037213925998851316
2017-09-11,0.0002659975917172005,0.0020530687159517075
2017-09-12,0.0007425314760834005,5.602452550053094e-05
2017-09-13,-0.0004639530521853989,0.0004847889355270289
2017-09-14,0.00011506176220840528,0.0013885174416858436
2017-09-15,0.00015494750645895413,0.0008522237143380407
2017-09-18,-0.0014013937448529375,-0.0010142862185009407
2017-09-19,0.0011200237539251553,-0.0012584834297013328
2017-09-20,0.0010538681997909046,-0.0011036978329583096
2017-09-21,-0.002282501133630199,-0.00039086494497612517
2017-09-22,9.633745756962853e-05,0.0004869199594084384
2017-09-25,-0.0006258590668839492,0.004540480344440064
2017-09-26,-0.0016647928603682471,-0.0009637630302600009
2017-09-27,-0.0015794086873296494,0.0006709105725738093
2017-09-28,-0.00027600247020784783,0.0007432751608244711
2017-09-29,0.0002259948452934646,0.0006689028857948198
2017-10-02,-0.0019085604043902026,0.00045058834344180454
2017-10-03,0.0005635002428732161,0.0014995005033793178
2017-10-04,-9.831029057360367e-05,-0.0004408923190511486
2017-10-05,0.0020639166269212474,0.0013902729920393024
2017-10-06,-0.00519869649822385,0.0021308123682200514
2017-10-09,0.0014855267584451622,-6.952310045522658e-05
2017-10-10,0.004903829631412404,0.0002380819627020229
2017-10-11,0.0009030740533551314,0.0012253595900690935
2017-10-12,-0.0017676501370441115,0.0014467275654869974
2017-10-13,0.004909247007169615,0.00011458425885192043
2017-10-16,0.0017206179852415238,-0.002280539325331958
2017-10-17,-0.0016888382056273817,0.0004987504676580971
2017-10-18,-0.00033084048798478853,-0.00028904248978598444
2017-10-19,-0.0024547001629069715,0.001508611166026112
2017-10-20,-0.0008563943021268875,0.0004078584880933859
2017-10-23,0.00016920825570931886,-0.001739380514023292
2017-10-24,-0.00040591694995059473,0.0005067191139014992
2017-10-25,-0.00176955397870134,-0.001009866910610809
2017-10-26,0.0007285962434487055,-0.0017676419540904856
2017-10-27,0.0015241252465052627,0.006645612131694071
2017-10-30,-0.003475485849668118,0.0036489841377538228
2017-10-31,0.0006572706459203234,0.000795779391106725
2017-11-01,0.004339945298479016,-0.001703390297858894
2017-11-02,0.00042544361093212283,0.001825448724205255
2017-11-03,0.0002509220150317922,0.0007086341252999118
2017-11-06,0.0008599208024193227,0.00630003514935944
2017-11-07,-0.0008790419330882833,-0.0017191503862924377
2017-11-08,0.0005839403102027833,-2.7375315359449517e-05
2017-11-09,-0.0033257806904662514,0.0015205762062738678
2017-11-10,-0.0020013089311752127,-0.0015045542132358905
2017-11-13,-0.0004326608014911878,0.0008933458069038854
2017-11-14,-0.0021661783730947035,-0.0015025297718645359
2017-11-15,-0.001012357584714659,-0.0006256925329820362
2017-11-16,0.002097237674235671,0.00271304399822662
2017-11-17,0.0014760863748839448,0.0029428946711789936
2017-11-20,-0.0018968510208182243,-0.00019435272949158328
2017-11-21,0.00376269718519077,0.0018761157029755448
2017-11-22,0.0023379829745643565,0.0008859421308346234
2017-11-24,0.0008341710887805368,0.0002601286034918715
2017-11-27,-0.0003760874078811612,-0.002684576849396869
2017-11-28,0.0012181792435380424,0.0008386230181436952
2017-11-29,-0.002416270236117746,-0.00374785043779687
2017-11-30,0.0004489491860711607,-0.0017549769121168346
2017-12-01,0.0008112272557649014,0.0013786409174548467
2017-12-04,0.0005497979169112544,-0.004212087160162829
2017-12-05,-0.0025027897906383084,0.0003887791879239192
2017-12-06,-0.0027816913745344414,-0.001518591420364368
2017-12-07,0.0008130787179268628,-0.0008985330496525353
2017-12-08,0.004265544936219164,-0.00033933339415910996
2017-12-11,0.0008823666132930914,0.00023921379852390363
2017-12-12,-0.00010964207749846189,-0.0015283462791810512
2017-12-13,0.0014772923761981434,0.0017257697854590785
2017-12-14,-0.0015917034455717794,6.436711558936252e-05
2017-12-15,0.00247910537820842,0.0018262531099515478
2017-12-18,0.0034885538761791827,0.00017623451126458356
2017-12-19,-0.0002501232008598716,-0.0038193881850704086
2017-12-20,0.0009219196167306265,-0.001570334077124147
2017-12-21,0.0007065607587458667,0.0009882323966746338
2017-12-22,0.0008572624754712359,0.0019169364688092828
2017-12-26,0.0008612274665445341,0.003266025816469139
2017-12-27,0.0015358216253569554,0.0012133913285363137
2017-12-28,0.00173714190491836,0.0007653043697502785
2017-12-29,0.0025799763113752688,-0.001958151993006766
2018-01-02,0.0031886882876070556,0.0013491965443917693
2018-01-03,0.0018048599303050953,0.002719501072453734
2018-01-04,0.0011073976895284554,-0.00011924637031324181
2018-01-05,7.047286282168367e-05,0.0012935260251556743
2018-01-08,6.791754500641289e-05,0.0009582466345995355
2018-01-09,-0.0009470821746599152,-0.0007446535819952028
2018-01-10,-0.0017010885259976035,0.000737263512821477
2018-01-11,0.0008894259478236928,0.002510869186657764
2018-01-12,5.158570719407211e-05,0.00439907362538526
2018-01-16,0.000978204873831586,-0.003309081016349806
2018-01-17,0.0012583308330878988,0.001028425251804214
2018-01-18,-0.0018404109520574919,-0.0014469381818387416
2018-01-19,0.0010632169518007975,0.0013557173660155779
2018-01-22,-3.34941358112036e-05,0.003349417662464223
2018-01-23,0.0008968625339116132,0.004224583533438405
2018-01-24,0.001556673913486195,0.0014003729081039455
2018-01-25,0.0012398072840808406,-0.0031811379237846643
2018-01-26,0.002227254123850586,0.0023308452462027507
2018-01-29,-0.0041535782906526745,-0.002422506436736227
2018-01-30,-0.0037886323891490234,-0.003216867196875883
2018-01-31,0.003740263158765574,0.0002556833427968641
2018-02-01,-0.0024302587282415485,-0.0004208238642937179
2018-02-02,-0.005972461588899621,-0.008392268265838713
2018-02-05,-0.0020448860225722675,-0.013486373259051583
2018-02-06,-0.005180605261938309,0.010543590998193226
2018-02-07,-0.0018526324945354444,-0.006988436631259543
2018-02-08,0.00044085566555582083,-0.016399626967645905
2018-02-09,0.003056870954111009,-0.000837646074556712
2018-02-12,0.005464143150245682,0.001600821480617946
2018-02-13,-0.0025497930550804813,0.004405541379461645
2018-02-14,-0.0037518526125390676,0.012896814458577769
2018-02-15,0.00314843520134002,0.003926534499837782
2018-02-16,-0.0002160179060789099,0.0014963990913468969
2018-02-20,-0.0033010535032899375,-0.0017582687643142932
2018-02-21,0.0017225284544843808,-0.006201155434135774
2018-02-22,0.0036560819762492774,0.000744527343751759
2018-02-23,0.003439230318143127,0.005361063039519931
2018-02-26,0.002780998354661309,0.002331323882512108
2018-02-27,-0.0011598352361839037,-0.009606208523526501
2018-02-28,0.0026298731906111354,-0.007931656435711682
2018-03-01,-0.0021394768036310167,-0.0010443759884455042
2018-03-02,-0.0041721852084027605,0.006473179655387903
2018-03-05,-0.0026097259595322755,0.0068504577701496315
2018-03-06,0.004768325006273511,-0.000129625164731532
2018-03-07,-0.0036027024235746924,0.0011148419495617735
2018-03-08,0.0012543338963377042,-0.000820609546964753
2018-03-09,0.0018321218285599036,0.006019284328037422
2018-03-12,-0.00035484336208989976,0.000965697851205675
2018-03-13,0.0013415083219942003,-0.00465569601077509
2018-03-14,0.0021981158805255124,-0.0015316873989701088
2018-03-15,0.0004582208026463993,-0.0016963815950953754
2018-03-16,-0.0006155448773567181,0.0021585247236521814
2018-03-19,-0.003041057803693392,-0.0031220569699893065
2018-03-20,0.0013804792370981792,0.00037516788327517737
2018-03-21,0.0018118937735614202,0.003601525687136838
2018-03-22,-0.0054078620843155695,-0.005368871447312314
2018-03-23,0.002957626943827522,-0.00765168237264778
2018-03-26,0.007275717937531419,0.0030952086917688543
2018-03-27,0.0013397783595259745,-0.0077274982167395475
2018-03-28,-0.0005192538947113542,-0.00014733107000230265
2018-03-29,0.0018227517920911263,0.004867157292732075
2018-04-02,-0.001570482961722397,-0.00746933012435372
2018-04-03,0.0017458128994057114,0.0012604411059487324
2018-04-04,-0.007499777385651788,0.010724911248742397
2018-04-05,0.0008403362239287393,0.0012036930388439337
2018-04-06,-0.001807350256932283,-0.006047980302563927
2018-04-09,0.003718579466201947,0.0008129763836907407
2018-04-10,0.006781696773563336,0.0028191803738723655
2018-04-11,-6.698507072005662e-05,0.0020356859250317606
2018-04-12,-0.0005979566000134866,-6.410971634103202e-05
2018-04-13,0.0018942679778432448,-0.0014411588042797297
2018-04-16,0.0009662995965524187,0.0003693330840903212
2018-04-17,0.0007041662567729497,0.004235877344359314
2018-04-18,0.005068469963175781,0.0002146989982056017
2018-04-19,-0.0009721420382322747,-0.0036594298103004297
2018-04-20,-0.0029762639740906244,-0.0027004515449904937
2018-04-23,-0.002615555686356541,0.00019203969103132786
2018-04-24,0.0009370347806096468,-0.005526587744927232
2018-04-25,-0.0024110886547278406,0.0005337928176591067
2018-04-26,0.0038116728856333547,0.0023545483849734578
2018-04-27,0.0013563721409919497,0.0009898229157269344
2018-04-30,-0.0013154826212047035,-0.0014857653310129078
2018-05-01,-0.0023336001935665724,0.0011719975519957218
2018-05-02,0.001059039175134746,-0.001226114353584958
2018-05-03,0.000401563829401345,0.0009766956255095123
2018-05-04,-0.0015767514081904909,0.008413357308711178
2018-05-07,0.0009775968763570564,0.00036494196600946884
2018-05-08,-6.351085100826381e-05,0.00029908791779929
2018-05-09,0.0011131665927868037,0.0029103989858388023
2018-05-10,0.0037398315864323184,0.0030470812418643095
2018-05-11,0.0009478655417568389,-0.0020936619440886724
2018-05-14,0.0006575950896134201,-0.001425252775362044
2018-05-15,-0.006017405639173264,-0.0015626366767415394
2018-05-16,0.0008479312598526301,0.002122045047316871
2018-05-17,-0.00013999373467596943,-0.0009902759457041629
2018-05-18,-0.0009611219152020863,0.0008267038541457753
2018-05-21,0.002557666699975621,0.002451450795981406
2018-05-22,0.0017956468310171465,-0.002773067755107239
2018-05-23,-0.0028456156339276895,0.004874059426345208
2018-05-24,-0.0003113610753783395,0.00026173520169966064
2018-05-25,-0.0020627098153394104,-0.0017359430580075497
2018-05-29,-0.0035302458129870353,0.0006150694819200941
2018-05-30,0.0008811296920169391,0.005691027890391117
2018-05-31,-0.0017484984422326303,-0.002268905736713293
2018-06-01,-6.012258986604439e-05,0.0011874458735503894
2018-06-04,0.0021517365590822735,-0.0016585046201184359
2018-06-05,0.00048408778484075506,0.0009553590072235737
2018-06-06,0.0007192050963897338,0.0021223666746774746
2018-06-07,0.00047941968705096373,-0.00047214008775506116
2018-06-08,-0.0007024912804776203,0.0007816396104977012
2018-06-11,-0.0006002750294777481,0.002439357932554579
2018-06-12,-0.0010800517194656503,0.0014456501022903855
2018-06-13,0.0006942358125402744,-0.0013905757655794826
2018-06-14,0.002950109552615358,0.0003853080719054658
2018-06-15,-0.003585628351949636,-0.0051229130848831515
2018-06-18,-0.0022509651264311257,0.002315042749912144
2018-06-19,-0.006059800301620662,0.0026740700502660975
2018-06-20,0.002902256423130378,-0.0014913123151167884
2018-06-21,-0.0011144636214182268,-0.001827564717436525
2018-06-22,0.005622533609671362,0.0015153597366482179
2018-06-25,-0.0038675982393533057,-0.0044928092483224715
2018-06-26,0.0014141873589507581,0.0026913547070223087
2018-06-27,0.00238571318949851,-0.004889427638443992
2018-06-28,7.646616012767874e-05,0.002667110704440782
2018-06-29,0.0028410414344117877,0.00024294334941533287
2018-07-02,-0.004602750439591899,0.000769289285244897
2018-07-03,0.004385151719486479,-0.0028220632909973973
2018-07-05,0.0029472233628650367,0.0012035136234015865
2018-07-06,-0.0003046833848019181,0.005361155614848645
2018-07-09,0.0029972539475700815,0.0007204202468708602
2018-07-10,0.0005443278918913386,-0.0010132010489339797
2018-07-11,-0.005108764090679818,-0.005648661849960786
2018-07-12,0.0038728450561229975,0.0018362134476970807
2018-07-13,-0.0003104767477838018,0.00018388969367349645
2018-07-16,-0.0032162028956756647,-0.002712422159141359
2018-07-17,-0.0029771647530759744,0.002841483459919525
2018-07-18,-0.001275349645296031,0.0020599296252901207
2018-07-19,-0.003673898855924677,0.0030315036763755615
2018-07-20,0.0008225668103632418,-0.0005301046758317884
2018-07-23,-0.0004844492193524008,-0.001912303877833336
2018-07-24,0.003988274710676554,-0.0008508624356162657
2018-07-25,0.002184689374818379,0.004012312798100104
2018-07-26,-0.002522466196128385,6.639048730963104e-05
2018-07-27,0.0024699869723367055,-0.005754204185594492
2018-07-30,0.0013552863455368622,-0.0024096609975052512
2018-07-31,0.0010775237633729561,0.0016864202329748132
2018-08-01,-0.004188115756229112,9.656717033399432e-05
2018-08-02,-0.003575330609777934,0.005532575690495434
2018-08-03,0.0012911247401165375,0.0014354371931673067
2018-08-06,-0.00026692076065826985,0.00026351689678780763
2018-08-07,0.003553613704536218,-0.0015495971182200622
2018-08-08,-0.0009389704150404965,-0.0021502764435917883
2018-08-09,0.001414172889348908,-0.0009578208718545274
2018-08-10,-0.0027700444846954814,2.925164234614345e-05
2018-08-13,-0.0021920217484101335,-0.0033183356127550077
2018-08-14,0.0029741789205076125,-6.1000412395650905e-05
2018-08-15,-0.006812221902933254,-0.0048746366275175335
2018-08-16,0.004167440947858947,0.0007748026095487045
2018-08-17,0.0013129998392892898,0.0027694045416006767
2018-08-20,0.0014709206818498484,0.0008087672403080356
2018-08-21,0.002349815426924384,-0.000395982525106627
2018-08-22,0.002707032869630632,0.0014600484557119263
2018-08-23,-0.0018989934239867093,-0.0015313046036619983
2018-08-24,0.004715759057999451,0.002501234869624162
2018-08-27,0.0018926985266142374,0.0012725284004581282
2018-08-28,0.0004881071995473496,-0.002363179422489048
2018-08-29,0.0014074030657406978,0.002799751223478671
2018-08-30,-0.0017630808346810781,-0.0020109586290885033
2018-08-31,0.00017128081785877658,-3.459540044121005e-05
2018-09-04,-0.004603957960500245,-0.0022071931033242082
2018-09-05,-0.001300806625081489,-0.0018890633164055926
2018-09-06,0.0008406790402595657,-0.002741498043622692
2018-09-07,-0.004038791964928571,0.0009350584418843584
2018-09-10,0.0028444146014766193,-0.0020481185595608484
2018-09-11,-0.0027764152884281134,0.005376861334939102
2018-09-12,0.0006033598287426075,0.002394934010285373
2018-09-13,0.0027673461624599643,-0.0022217038800037706
2018-09-14,-0.0002754626899084789,-0.0016446841211387323
2018-09-17,0.0007221229258627485,-0.0029185408324425475
2018-09-18,0.0023559642456647545,0.00023881160231407813
2018-09-19,0.001320858993150568,0.0003362955553445494
2018-09-20,0.0026389673891970443,0.0013987515652007436
2018-09-21,0.0003695369478216026,-0.00017615622183221694
2018-09-24,-0.0003337455034715164,-0.000507484842424614
2018-09-25,0.0018552032080359677,-1.3987088014729328e-05
2018-09-26,-0.0004378673550991789,-0.0017743129963795937
2018-09-27,0.000894878845228549,0.0010833866835687175
2018-09-28,0.0002553919786686324,0.00368704310517541
2018-10-01,5.59628931699585e-05,0.0009334649704396903
2018-10-02,0.0014088879349276014,-0.0014651953403917116
2018-10-03,0.0012875062730090426,-0.002793723052451469
2018-10-04,-0.002386436727870563,-0.0069451351023194444
2018-10-05,-9.235823899000166e-05,-0.003716217103712527
2018-10-08,-0.004651496128136771,0.002501446859765144
2018-10-09,-0.0003732505950636641,0.002086397185979768
2018-10-10,-0.0030047489257411407,-0.012659723405815988
2018-10-11,-0.00048183705561736606,-0.00565604715737961
2018-10-12,0.00890570965741076,-0.0024875400830570936
2018-10-15,-0.00025149287637415974,-0.0004913923287543254
2018-10-16,0.004030639012177247,0.006365346127598774
2018-10-17,-0.0012631675295311728,-0.0035730045168423856
2018-10-18,-0.004050254859598675,-0.00462114814535246
2018-10-19,0.003989306300810624,-0.0022375996207176117
2018-10-22,0.0013880735946430504,-0.0021584290796810308
2018-10-23,-0.0058533094443786364,0.00044379469640096756
2018-10-24,0.0015162284480036315,-0.012005056917934749
2018-10-25,0.0038249109661311342,0.004493735897825897
2018-10-26,-0.005779272047558962,0.001336083830464189
2018-10-29,0.0035834114252665766,-0.009254277709431102
2018-10-30,-0.0018892178799118458,0.007288967215494502
2018-10-31,0.0015291858915885913,-0.0027949722206892513
2018-11-01,0.004730811986190675,0.002980663300764149
2018-11-02,0.0021359727896227863,-0.005456743066117727
2018-11-05,0.0014875897769367338,-0.00043353747090363695
2018-11-06,0.0002243660493812601,-4.807894065892437e-05
2018-11-07,0.0055194519905419496,0.0019589492990042573
2018-11-08,-0.002891654323998057,-0.002451264794825218
2018-11-09,-0.005951457122683901,-0.0015758653397230926
2018-11-12,0.00027287553618601617,-0.008484257281718274
2018-11-13,0.0004523795477693252,-0.006319200877736031
2018-11-14,0.005067355029810875,-0.0032561712198660997
2018-11-15,6.982554608010449e-05,0.004857550527218205
2018-11-16,9.058717465951402e-05,0.0029567901293203005
2018-11-19,-0.0031054350664394695,-0.002444002919190602
2018-11-20,-0.007925939948037563,-0.006489943677987749
2018-11-21,0.006712538663615808,0.000511588796193944
2018-11-23,-0.009065496085053597,-0.0002638194229891126
2018-11-26,0.005254098012318894,0.0011937146335480042
2018-11-27,-0.0019413683707326212,0.001450050511308243
2018-11-28,0.0009215977116304878,0.006541401494512396
2018-11-29,0.0005018276577482069,0.0001682901191483325
2018-11-30,-0.003205178539491079,0.003381215280778201
2018-12-03,0.013745904853550888,-0.0008401365147654068
2018-12-04,0.0012181375149570221,-0.011474362575492902
2018-12-06,-0.00928832966154908,0.00831226577179304
2018-12-07,0.0035884523491051274,-0.008515314873191645
2018-12-10,-0.002917331204204602,-0.0009576472239376447
2018-12-11,0.008296090721693062,-0.005466469769272941
2018-12-12,0.006830310599371699,-0.0047179975359017265
2018-12-13,0.0011457905585052404,0.0017177473338838346
2018-12-14,-0.005819559744855795,-0.004202624434056923
2018-12-17,0.0002373877275532029,-0.010402851698673476
2018-12-18,0.0030248713323295373,-0.006460811662524531
2018-12-19,0.0026704297034115514,-0.007546893667298682
2018-12-20,0.00044063921921149904,-0.006812661240730818
2018-12-21,-0.00012941575787117632,-0.009904301613870792
2018-12-24,-0.0015084673517511342,-0.008799986448760145
2018-12-26,0.0034468681029665347,0.01952112361410563
2018-12-27,-0.00592734627288772,0.0059060015206718
2018-12-28,0.0026485146217218648,-0.0005517331703178622
2018-12-31,0.0031056134718014717,0.0008117117925398857
2019-01-02,-0.008183941629361476,0.01048985132767927
2019-01-03,-0.0007753454147503207,-0.0018800310999390242
2019-01-04,0.006256947509183019,0.007667099885704584
2019-01-07,0.002672834739294716,0.0020288236084035813
2019-01-08,0.004086599476081084,0.002598760700423634
2019-01-09,0.00447733065681355,0.003996579041251976
2019-01-10,-0.003959710016010424,0.005362393109436662
2019-01-11,-0.0025433612944228226,0.0010530677841387689
2019-01-14,-0.0038004357434458106,-0.0012241753444428942
2019-01-15,0.003363410890483435,0.002960328804348341
2019-01-16,0.0008381464741551955,0.002684541513725732
2019-01-17,-0.0038462720131574664,0.006086511114463677
2019-01-18,0.0021768667485096613,0.0020863239380334666
2019-01-22,-0.004035298542441697,-0.002569016177044947
2019-01-23,0.0018445599467307764,-0.0011645359471247785
2019-01-24,0.000568404470382311,0.0030519329400234755
2019-01-25,0.004318591562635824,0.003108656796666698
2019-01-28,-0.007064393947463987,0.002659644969549513
2019-01-29,0.0031097763296318672,0.00017021107726866713
2019-01-30,0.003785833514596071,0.006032268673374778
2019-01-31,0.002559611181712862,0.0019325813901693559
2019-02-01,-0.0005441841502668835,-4.30460611653342e-05
2019-02-04,-0.0030963186580899842,0.004696850492081595
2019-02-05,0.00027158263036577426,0.002207428196990165
2019-02-06,-0.0012514368264768224,-0.00168025898340071
2019-02-07,-0.0026947413322957396,-0.001370571257270603
2019-02-08,-0.0014548663456976844,0.002432852312067017
2019-02-11,-0.0024897839722183585,0.0010898670363995203
2019-02-12,0.005465663197750215,-0.0004515750831491768
2019-02-13,0.001868948070236794,-0.0012955155293229584
2019-02-14,-0.0006023440292448242,0.0034082165203044154
2019-02-15,0.003960247688988639,0.0033567445138825923
2019-02-19,-0.0006719545818149634,0.004441208484367302
2019-02-20,0.0002690225034495342,0.001333749958499745
2019-02-21,-0.002660039391461607,-0.0011725555126095744
2019-02-22,0.003734926178256955,0.0014367255830755488
2019-02-25,0.0009285954398397559,-0.0038976444192200697
2019-02-26,0.0004995521085031355,0.0003375381150104421
2019-02-27,-0.0013397181195021904,-0.0004167333991983361
2019-02-28,-0.0006654134404928828,-0.0018555916593462932
2019-03-01,0.0011263432019811281,-0.005373483082905373
2019-03-04,0.0035196306734824063,-0.0027345978372847134
2019-03-05,0.0010054264690973296,0.0006741810937289946
2019-03-06,-0.0008988384699210484,-0.0027156506067890886
2019-03-07,-6.669268554249097e-05,-0.002872644727819155
2019-03-08,-0.0038745766066473177,0.005174975954096143
2019-03-11,0.0018651197937548842,0.004643869537052499
2019-03-12,0.002042143724560515,0.0015470289531225904
2019-03-13,0.0021608628102493866,0.002325540048667074
2019-03-14,-0.0020251980769272777,-0.0013571615138948815
2019-03-15,0.002364014111212883,0.0017222745597377908
2019-03-18,0.0014181819127655408,0.0010405932635128457
2019-03-19,0.0022383071957194764,-0.0023470785955909718
2019-03-20,0.00017982560424307053,0.003952936831513654
2019-03-21,-0.001310676882775974,0.004775581425972601
2019-03-22,-0.002776976510491891,-0.006121813213743706
2019-03-25,-0.00043859152447180973,0.0026599895996793836
2019-03-26,0.00342122944976558,3.0490572768885707e-05
2019-03-27,0.00030996503979995683,-0.003315851766328226
2019-03-28,-0.0020763046519300275,0.002437205301601512
2019-03-29,0.004358638871509802,-0.0008406872750501929
2019-04-01,0.004010284864171113,0.0004969435674635703
2019-04-02,0.00039763010624329633,0.0018724662085884748
2019-04-03,0.0010360846916751024,-0.00023034618767007556
2019-04-04,-0.00122354507007126,0.002369185223576357
2019-04-05,0.0007014115346303029,0.003249417189056743
2019-04-08,0.0005156880668517753,0.0010163451995092536
2019-04-09,-0.00014926046730464975,-0.00196340669531645
2019-04-10,0.0018677205760610604,0.002818588609850514
2019-04-11,-0.0021547573404708514,-0.002416631434303314
2019-04-12,0.0023931462629011766,-0.0005820556910392849
2019-04-15,-0.0010991114984677086,-0.00022345406691883784
2019-04-16,-0.00046683907769417367,-0.0009123828261405453
2019-04-17,0.002201180273057705,-0.004051468964541679
2019-04-18,0.0012507750626465474,0.0006533392836264085
2019-04-22,-6.551615842071978e-05,0.00024181632437689782
2019-04-23,-7.443878106147364e-05,0.004412422429206645
2019-04-24,0.00043517864623880226,-0.00035350484292251405
2019-04-25,-0.000291960568005741,-0.0011613612856345619
2019-04-26,0.0008219825551076513,-6.701078497977816e-05
2019-04-29,-0.0005429104195019481,-0.00022298406117802206
2019-04-30,-0.00031546391482712246,0.001306897351725985
2019-05-01,0.0003104777333821529,-0.004682986996998458
2019-05-02,-0.0025605109905791974,-0.0012169804393769542
2019-05-03,0.004413717797749669,0.0030343695503461427
2019-05-06,-0.007987363637780572,0.007101462378230254
2019-05-07,-0.005002196755128348,-0.004417897420937937
2019-05-08,0.0003347262902661482,-0.001264052457017728
2019-05-09,-0.0045542380169053915,0.001991342357153029
2019-05-10,-0.0006699684578656736,0.003407041693032986
2019-05-13,-0.005138819076832735,-0.005012184798918384
2019-05-14,0.00398219126725133,0.0020474476226186294
2019-05-15,-0.0015928768503167268,0.005914773474425224
2019-05-16,0.0010657132045981028,0.0008360457610012399
2019-05-17,-0.004005482428976174,-0.0015306789052480063
2019-05-20,-0.0020133246339941588,-0.0012608477529435131
2019-05-21,0.0019460658780218484,0.001974022025614445
2019-05-22,-0.0019776811788202674,-0.0016833836311856384
2019-05-23,-0.005264970589044678,-0.002072335731993983
2019-05-24,0.003443611052127286,-0.00024706299947575193
2019-05-28,0.0021749763044988544,-0.004227945614362712
2019-05-29,-0.001717246784358776,-0.00039655814503716986
2019-05-30,0.0018942222208827501,-0.0017978933783012667
2019-05-31,-0.00536644241068589,-0.0012737633574267419
2019-06-03,0.004225587876933419,-0.002567052485235299
2019-06-04,0.001912240372222914,0.004870026770748459
2019-06-05,0.0019163454151241025,-0.003617503356540023
2019-06-06,0.0017033473629982272,0.003135859256488923
2019-06-07,0.003593378411296529,0.0037739499533473737
2019-06-10,-0.0004538117219269629,-0.0013164327025134333
2019-06-11,0.004017474446656677,-0.0021244016220390407
2019-06-12,-0.0024103861208257878,-0.0019398306220646643
2019-06-13,0.00574666655835346,1.3494931298666894e-05
2019-06-14,-0.00020362566724431522,-0.0010001768055466708
2019-06-17,0.00028614489757465095,0.0004964562418805347
2019-06-18,0.007257034892975792,0.003608661196021057
2019-06-19,-0.0017119843499490805,0.005729326564777914
2019-06-20,0.010613086476491647,0.0008080245869785433
2019-06-21,-0.001831412233775594,-0.001307919625428755
2019-06-24,0.0017807600594184736,-8.870581331708779e-05
2019-06-25,0.0009413650403633807,-0.005316309738349593
2019-06-26,0.0028834323650470377,-0.0031635354654145614
2019-06-27,0.0013293510576104432,0.002890544095736695
2019-06-28,0.0012884711129247828,-0.0010535040911562542
2019-07-01,0.007556096321493788,-0.004965290199485336
2019-07-02,-0.00012065962504329194,2.9900651131079906e-05
2019-07-03,0.0023017680710927246,0.002664547085334686
2019-07-05,-0.00579947807191199,0.0019521387602883318
2019-07-08,-0.0005616653547540448,-0.0021950007572069997
2019-07-09,-0.0015328223351087336,0.0030392146043904202
2019-07-10,0.006043911980105624,0.0017047621837273633
2019-07-11,0.00021412948843812322,-0.004023300397305436
2019-07-12,0.0001958503066240495,0.0020841219114515236
2019-07-15,0.0015548353201263539,-0.0017436191313430955
2019-07-16,-0.0005656705794824246,-0.0028175743854418124
2019-07-17,0.002465152461642754,-0.0025050163974717006
2019-07-18,-0.0009289254513986433,0.003073641926198641
2019-07-19,0.0010156209482423905,-0.0045106432284174845
2019-07-22,0.001752788256903933,0.00024405731788201083
2019-07-23,0.0017528648875080766,0.0015854448441613655
2019-07-24,0.0009867819571666011,0.0013293534255759262
2019-07-25,-0.00048628575030552993,-0.004896650690990323
2019-07-26,0.0027420426518462845,0.0005075371771286956
2019-07-29,0.001848860726823265,-0.0003929599450976706
2019-07-30,-0.0018777641814737252,0.004112570911390019
2019-07-31,0.0003558358305898457,-0.005783885579424212
2019-08-01,-0.0013830318964628274,-0.003338288591154674
2019-08-02,-0.0008752844796862779,-0.0014910826739930642
2019-08-05,-0.005791003630483053,-0.005001436652916502
2019-08-06,0.004540035688473195,0.000709269591445838
2019-08-07,-0.0013505428932770144,0.0038785027887241474
2019-08-08,0.0005733479420340378,0.007993636450244994
2019-08-09,0.0003222163104703579,-0.0017650915430645231
2019-08-12,-0.000762987550874102,-0.0002470210293095428
2019-08-13,0.0005337430957942517,0.008086468146275146
2019-08-14,-0.005990052948930128,-0.005069541743253788
2019-08-15,0.0010310550301435573,0.001474854200667397
2019-08-16,0.0014136936287797441,0.0035253443970632015
2019-08-19,0.0027306556018820076,-8.111474719919946e-05
2019-08-20,0.0016053573667144402,-0.0007335011671410375
2019-08-21,0.004198217959473446,-0.0013399544369678902
2019-08-22,-0.0006214290635384885,-0.0024866676037097837
2019-08-23,-0.003464347526334377,-0.003660647431899733
2019-08-26,0.006720839328089978,-0.0018343173851653367
2019-08-27,0.005088648170698703,-0.00043571711813879716
2019-08-28,0.0027484407282619325,0.001810658917561351
2019-08-29,0.004374598015287915,0.0003361181784414876
2019-08-30,0.0014643780549269995,-0.003456236416456456
2019-09-03,-0.0029834480056409873,0.003268029999855397
2019-09-04,0.006428888032554651,0.0050217628705105264
2019-09-05,0.0006472282795156436,-0.003835067183134718
2019-09-06,6.926524491720857e-05,-0.0008926466642788325
2019-09-09,0.0011880799256188087,-0.0005050550234469764
2019-09-10,-0.000648506554498803,-0.002288792798442585
2019-09-11,0.0008287882090947699,0.001147888684589704
2019-09-12,0.0008367617163962319,-0.0013117072469842838
2019-09-13,4.0694717392097957e-05,-0.006157489453534811
2019-09-16,0.010732246288309348,0.0036747444108032657
2019-09-17,5.6167777805341916e-05,-0.0017816636782059432
2019-09-18,-0.0005977597081341824,-0.002805566211481203
2019-09-19,0.0039059940678078347,-0.0023312388846607876
2019-09-20,0.00235729796630173,2.5423945350685113e-05
2019-09-23,0.0009521045802956726,0.0025108372324920357
2019-09-24,-0.0006019684926347413,-0.004274309210453982
2019-09-25,-0.0037745716733353697,-0.0007808880504290035
2019-09-26,0.0007597781774931829,-0.00042759631858082516
2019-09-27,-0.003575294846943596,-0.002101745174803534
2019-09-30,-0.0024212920263114207,-0.00042136824962061653
2019-10-01,-0.0003568489144161635,-0.00352017094587432
2019-10-02,-0.00102264878328903,-0.003948698358634103
2019-10-03,-0.0012282726686720185,0.005827887449885613
2019-10-04,0.001630888785570117,0.00428829857949901
2019-10-07,-0.0019212109496686465,-0.001608629170199453
2019-10-08,-0.000799629832442661,-0.0027614949646588135
2019-10-09,0.005891031856533309,-0.0026938439656716867
2019-10-10,-0.0004204959148547571,0.0010672031599920178
2019-10-11,0.0037287019440996067,0.0015900004320719733
2019-10-14,-0.0011164541098489893,0.00044406541156380246
2019-10-15,5.75860229066046e-05,5.339190716910173e-05
2019-10-16,-0.0008275142104026504,0.0018984884204195456
2019-10-17,0.0017560087233644106,0.0017870132302119388
2019-10-18,-0.00018833540602309907,-0.001444656213524113
2019-10-21,0.001203598797160484,0.0006757749443517665
2019-10-22,0.0026508518570639073,-0.0019101358298762028
2019-10-23,0.0004290961967272337,0.0035714595621873326
2019-10-24,0.003425542750797028,-0.00019964512860225862
2019-10-25,0.0017029712439325347,0.0010772595618842769
2019-10-28,-0.00013555859398657334,-0.0017638675412129897
2019-10-29,-0.0031542513972212453,0.0018526838768690545
2019-10-30,0.00033930291315891945,0.0017051848967133039
2019-10-31,0.0009891410319399737,-0.0009105613234721958
2019-11-01,0.0031095362731948352,0.0043720126869230954
2019-11-04,0.0034975366631767074,-0.0023982513518955675
2019-11-05,-0.0015360236836901686,-0.002476298445762974
2019-11-06,0.0007747126566050699,-0.0014804218629519935
2019-11-07,0.0016476331953069708,-0.005710505748004986
2019-11-08,-0.003920634178451291,0.0026132426860318173
2019-11-11,-0.0033696800221400575,0.0017054121827451585
2019-11-12,0.0005532971907792487,-0.0006031167780039092
2019-11-13,-0.0010279528378399775,0.0027066317413493007
2019-11-14,0.0015215240370410517,0.0002539765304487851
2019-11-15,0.0005632631134079376,0.0029252983759116965
2019-11-18,-0.0005913404012425498,-0.00027247659773511993
2019-11-19,-6.999081158730973e-05,-0.0007972418876619332
2019-11-20,0.00017394783807775927,0.001942185503718267
2019-11-21,-0.0002784100821229707,-0.0003983732884249876
2019-11-22,0.0017901369364508627,-0.0017729804575204937
2019-11-25,0.0007728879460525991,0.003208825507707151
2019-11-26,0.0008690102847006923,0.002819872375190983
2019-11-27,-0.0010837040442140066,0.0011022898480562704
2019-11-29,-0.0037983907943828295,-0.003026408012998057
2019-12-02,-0.001050223360214512,-0.004276748493363347
2019-12-03,-0.0006324145588263515,0.003885004330355901
2019-12-04,0.003017809037439134,0.0008548802141316702
2019-12-05,0.0006365495845013743,-0.0001565645620140721
2019-12-06,-0.00020141389117077265,0.002084125415533015
2019-12-09,-0.0001663129556058666,-0.0008037843228220654
2019-12-10,0.0010161592318730743,-0.00010077159316489078
2019-12-11,0.0011033051713685478,0.0014588240045816233
2019-12-12,0.0011253159752746618,0.0007141086120073581
2019-12-13,0.000963327077978556,0.002390421457178005
2019-12-16,0.0034309004549376134,0.00014767460573973749
2019-12-17,0.0014712381090817405,-0.00045704748578595153
2019-12-18,-4.56443487670081e-06,0.0009849100545824404
2019-12-19,-0.0003121617880777879,0.0029411336862226484
2019-12-20,0.0011303624965717906,-0.00011116305874760238
2019-12-23,0.0015829810724026301,0.00014845125701007006
2019-12-24,0.0009302711160259714,0.0021581885909190746
2019-12-26,0.0024800988502775493,0.0021492761878911656
2019-12-27,0.0016033899964718935,-0.001897959183335914
2019-12-30,0.0004624069771119658,-0.0020794278008691527
2019-12-31,-0.002158205727045933,0.001253328653843755
2020-01-02,0.005426937278839013,0.00039406045196462475
2020-01-03,0.0009202760664128137,0.001518527059147412
2020-01-06,0.0016183537929624755,-0.00038881181086679225
2020-01-07,-0.0006159050398205634,-0.0002264929461881504
2020-01-08,4.344611851960778e-05,-0.003462881270029509
2020-01-09,-0.0010100450336861578,0.001188527063941036
2020-01-10,0.001368630337891267,0.0001792345963818868
2020-01-13,-0.0005790519876190207,0.0014083646435582241
2020-01-14,-0.0010467569899915263,0.000988285928060136
2020-01-15,0.00033736577140379697,0.0011758108988744334
2020-01-16,0.0014862559165461197,0.0019171205802079353
2020-01-17,0.0009165359092288883,0.0003766699772751236
2020-01-21,-0.0042931450000072814,0.0015821771821847113
2020-01-22,0.0009758089286310279,-0.002897838897245079
2020-01-23,-0.0034550980969447385,0.0021684828592149746
2020-01-24,0.0002639486749687651,-0.003298082506151408
2020-01-27,-0.009012244122340822,0.0003164919650162782
2020-01-28,0.0009765400352214885,0.0008793642389033278
2020-01-29,0.0023106356449796787,-0.001409663055946031
2020-01-30,-0.004242448153436832,0.0037677576811966968
2020-01-31,-0.0030595573270316106,-0.004375256562244897
2020-02-03,-0.0009162147805357401,-0.0006797291591701393
2020-02-04,0.006040409077931567,-0.0012005854319126967
2020-02-05,0.006447774444700645,-0.0010701779318139722
2020-02-06,0.002281080666218105,0.000911583656135447
2020-02-07,-0.0017510384407403083,-0.0013730957033320167
2020-02-10,-0.0005069737203864019,0.0029500000193574127
2020-02-11,0.0038923873223192093,-0.0020857280405912246
2020-02-12,0.003981690724575726,0.0011249167750515098
2020-02-13,-0.0011543509338525807,0.00174368746629218
2020-02-14,0.0031837692862882665,-0.0006314867099361502
2020-02-18,-0.00074410422928608,0.00349732813945914
2020-02-19,0.003038197374595053,0.0013939045046924337
2020-02-20,-0.0003189722780440718,0.0004475974790583444
2020-02-21,-0.0007515054382981094,-0.0012574976138674274
2020-02-24,-0.013319737489350069,-0.0013355456243379896
2020-02-25,0.001330004637130703,-0.018164348002745224
2020-02-26,0.0017846101343555799,-0.0048942881988319606
2020-02-27,-0.009659901314348648,-0.011508633052460741
2020-02-28,-0.01632213230220312,0.006179560112682733
2020-03-02,0.005867316050930975,0.01251463449147141
2020-03-03,0.003314249706961096,-0.003852634446403558
2020-03-04,0.010052285665348281,0.003689859607094189
2020-03-05,-0.0066298876622956195,-0.0036353751394986606
2020-03-06,-0.01018961645736794,-0.0021724925156493785
2020-03-09,-0.047976933142283566,-0.009772839878151297
2020-03-10,0.021834720401469963,-0.0009969082274157899
2020-03-11,-0.010928138209128227,-0.02148337857731731
2020-03-12,-0.04084840556486392,-0.018681823204682833
2020-03-13,0.034779835796221174,-0.0002787051696924688
2020-03-16,-0.07034143989023152,-0.0039697178995961035
2020-03-17,0.005402245693858624,0.006079702766751131
2020-03-18,-0.042121584363670965,-0.014007113589069682
2020-03-19,0.001915061372049968,0.011937297289960921
2020-03-20,0.01902030643232661,-0.02654608549378447
2020-03-23,0.0020342953062659837,0.003971763210352367
2020-03-24,0.03393230361321007,0.012503700703695405
2020-03-25,0.003343943062683604,0.013031142390132611
2020-03-26,0.0032594190796399803,0.01823554341024299
2020-03-27,-0.020314007247576357,0.003744760195942313
2020-03-30,-0.0020591701625018925,0.008446746563393052
2020-03-31,-0.00010459015724783398,-0.008500640906337982
2020-04-01,-0.015062183906507614,-0.005649554777568847
2020-04-02,0.006921703016687634,0.01759742794934208
2020-04-03,0.00679010926562144,-0.003880881360793957
2020-04-06,0.014883386810314788,0.013818096563808509
2020-04-07,0.013730311476145066,-0.018065898332037526
2020-04-08,0.004099592048957675,0.013528850963426117
2020-04-09,0.015263600136474298,0.00019687352043573636
2020-04-13,-0.002876306246448294,-0.0027394277096260892
2020-04-14,0.008429612120989716,-0.0005980068878308783
2020-04-15,-0.015197259965141326,0.0007859306449540471
2020-04-16,0.002151648558051633,-0.001940951821873719
2020-04-17,0.006293809740830913,-0.001163484141092752
2020-04-20,-0.014268193663840393,-0.0006886538128113573
2020-04-21,-0.02276881667022339,-0.011270835762975207
2020-04-22,0.012722003246253617,-0.008137688450085882
2020-04-23,0.008835021062917506,-0.004071109440518613
2020-04-24,0.0031652469486626034,-0.0025852051163219574
2020-04-27,-0.004764016788949562,-0.0005575367760819979
2020-04-28,0.006962378526496334,-0.007491691152312755
2020-04-29,0.014820546486733203,0.004254133990747307
2020-04-30,-0.0025504814460022064,-0.003183647417157598
2020-05-01,-0.009952646824226866,-0.004843097025517618
2020-05-04,-0.004081551137776818,0.009052812660952585
2020-05-05,0.009184436377496715,0.0024738631603311873
2020-05-06,-0.0007147845862634024,-0.008031813866358161
2020-05-07,0.011002669816008082,-0.002183640959897056
2020-05-08,0.007406466560880857,0.005495817230271853
2020-05-11,-0.003483444794147269,-0.0012640532228673487
2020-05-12,0.004391911854658592,-0.013236252500774974
2020-05-13,0.0012016476411972122,-0.007782133343795783
2020-05-14,-0.005232367391662574,0.013824758819021935
2020-05-15,0.0020211069491907247,0.005943160272524284
2020-05-18,0.019909513058951885,0.003918586525839044
2020-05-19,0.000966154107746231,-0.0025420446411228794
2020-05-20,0.009072530733808863,0.00421462072372536
2020-05-21,0.0013006266812635836,-0.003152737314628995
2020-05-22,-0.0028440207744102534,0.001350759921704244
2020-05-26,0.012817026511060285,-0.0057636277353595
2020-05-27,0.001628150444484729,0.0027782376620942703
2020-05-28,0.0021966235905729547,-0.003175562741747536
2020-05-29,-7.31905404957119e-05,0.008388345160825888
2020-06-01,-0.00010853893580962856,0.008732979655976332
2020-06-02,0.003425222821058475,0.0027353338026272858
2020-06-03,0.0012928190726319677,0.00278403351245798
2020-06-04,-0.0018528404760708827,-0.00023430445376234992
2020-06-05,0.010616591373788032,0.0026137999394619657
2020-06-08,0.002981275397544862,0.0037323231728719837
2020-06-09,-0.005290043915626944,0.0020713868782567795
2020-06-10,0.0018492317799022903,0.0004957202659908288
2020-06-11,-0.01821001742532617,-0.015690896125700463
2020-06-12,0.013997351328798535,-0.005721952059113899
2020-06-15,-0.015125961528835904,0.022257054388303648
2020-06-16,0.013711037986280579,-0.0055428932020015345
2020-06-17,0.0021145749860149205,-0.004241897521319833
2020-06-18,-0.0025673447061725176,0.004194475704842889
2020-06-19,0.008677426654399396,-0.007365031707355371
2020-06-22,0.002567355567947412,0.003306950778429189
2020-06-23,0.005528761040269684,-0.003640671622377223
2020-06-24,-0.006302419474798756,-0.01046625593197464
2020-06-25,0.0002773612699619621,0.008103116680386125
2020-06-26,-0.0027619575154273377,-0.0065956203143032665
2020-06-29,0.0034071081550402097,0.005813872472560496
2020-06-30,-0.0012666468060424263,0.006681724789838409
2020-07-01,0.001392473423628219,0.002025323345904336
2020-07-02,0.007222165761019291,-0.0022456695574884166
2020-07-06,0.009419696728634882,0.0003713280137419709
2020-07-07,-0.004244251060482096,-0.0006395970223485259
2020-07-08,0.0036106394095900404,0.00383060866584725
2020-07-09,0.0020581823743043366,-0.005794347727527331
2020-07-10,0.0007966889047190303,0.003338627186754839
2020-07-13,0.005416299358919437,-0.010798736721999647
2020-07-14,-0.0021849263593838914,0.009648834107757217
2020-07-15,0.005030531826385591,0.002306886431424286
2020-07-16,-0.0045329252233926,-0.0007403363768342608
2020-07-17,0.002944589768311482,0.0004589673823086911
2020-07-20,0.0016215077559599204,0.003820786772189318
2020-07-21,0.010903105114924976,-0.002269225918642633
2020-07-22,0.002873776682701923,0.006455896888310623
2020-07-23,-0.0011488949027802806,-0.0035666032617443313
2020-07-24,-0.002347357363984385,0.0003085590166303461
2020-07-27,0.0073255585064677,0.004292806456063862
2020-07-28,-0.0032487524578816316,0.0013659342710556689
2020-07-29,0.0029520921946288043,0.004315189739270186
2020-07-30,-0.010534231756336936,0.0034092588316029385
2020-07-31,0.0028248602168465514,0.0008348873354231179
2020-08-03,0.001994394431997996,0.0026880816940402304
2020-08-04,-0.0006993844197542638,0.011987847030306443
2020-08-05,0.008075162460498064,-0.0021793620699313305
2020-08-06,0.005475655039751226,0.0031870227233142517
2020-08-07,-0.004915868566339247,-0.00037706878707823856
2020-08-10,0.0035473834934407183,3.8822841613472824e-05
2020-08-11,-0.004164108773073886,-0.015631999019926245
2020-08-12,0.009076877202126472,-0.0019261412259633736
2020-08-13,0.003562193767413491,0.0005918216307435017
2020-08-14,-0.0024639070286910075,-0.0016555253827727082
2020-08-17,0.005751924769019697,0.004301774215362478
2020-08-18,0.0029856005141547883,-0.0016485889681745172
2020-08-19,0.000733467284018996,-0.008819156759144346
2020-08-20,-0.004420352319079201,0.008632175027243456
2020-08-21,-0.0047951971498880605,0.002228512844040901
2020-08-24,0.005567221759750721,-0.0020693993410970226
2020-08-25,0.001979476422159358,0.0009298214837677158
2020-08-26,-0.00026787729252112,0.004700783895849588
2020-08-27,0.002966931855327156,-0.007644921575305223
2020-08-28,0.004427521089485801,0.0013769728059771131
2020-08-31,0.0006912990047777123,-0.001734320281568517
2020-09-01,0.0031774015313467572,0.002556596220163554
2020-09-02,0.0004517099096938907,2.2327869739561616e-05
2020-09-03,-0.004383139962212334,-0.01088242792157655
2020-09-04,3.7172056027120114e-05,-0.006648014534452991
2020-09-08,-0.013869573021720842,-0.0013538007491315765
2020-09-09,0.006900591777778849,0.00456639881303691
2020-09-10,0.0021357991288864396,-0.011036340493270609
2020-09-11,0.004379994661955111,-0.0028041500578653475
2020-09-14,0.004527099454135016,0.0035611215453620337
2020-09-15,0.00476253943153222,0.00017830931043163467
2020-09-16,0.005323486220592074,-0.001607680314726349
2020-09-17,-0.007800715666364066,0.0058568015379638705
2020-09-18,0.00010338851978572242,-0.005719452308889062
2020-09-21,-0.011296221181510724,-0.005537373385888252
2020-09-22,0.0010843066034513422,0.00046382814068791266
2020-09-23,-0.002421296179081748,-0.014811977724008352
2020-09-24,-0.0035662059408608413,0.007107963163776768
2020-09-25,-0.003726696605948125,0.007833171390203564
2020-09-28,0.008066155413120227,0.0037900528375614936
2020-09-29,-0.0008565987012826293,-0.002004948877110994
2020-09-30,0.000611843794131565,0.00016038856127245093
2020-10-01,0.0029059759507459315,0.0017426030682857752
2020-10-02,-0.010349344836668776,0.0047506365806558645
2020-10-05,0.0066521418837791535,0.0057757730827982705
2020-10-06,0.0034534623335498245,-0.0083351801930354
2020-10-07,0.0036431316800434803,0.0023371847661734614
2020-10-08,0.0066460170444374205,0.000874085547323511
2020-10-09,0.0042353185415218595,0.0023197072716664973
2020-10-12,0.0018715072785347416,0.0013222459351256803
2020-10-13,-0.002257744549739978,-0.0025187326922523493
2020-10-14,0.003462692206545988,-0.004517188382305725
2020-10-15,-0.0096001420204767,0.009529986485511828
2020-10-16,0.00047122895207141934,-0.0031344515429807982
2020-10-19,0.003919921759000444,-0.008902291935986113
2020-10-20,0.002453026458216567,0.0021984887031395745
2020-10-21,-0.0005518479231569154,-0.0027693368003236887
2020-10-22,-0.0003661681795865235,0.0007831307428231238
2020-10-23,0.001674255838399774,-0.0012129785345773728
2020-10-26,-0.006203754253260252,-0.0037316036159761165
2020-10-27,0.0016880952474497132,-9.638971258743023e-05
2020-10-28,-0.015166549588496872,-0.006489302746468639
2020-10-29,-0.006288788809435286,0.007176980511806582
2020-10-30,-0.0016293393806544746,-0.00393401346091915
2020-11-02,0.006566525280224603,0.0057354141528678905
2020-11-03,0.007043184951424249,0.0022707110879231457
2020-11-04,0.008170542171506463,0.004680767387118216
2020-11-05,0.010371205872708168,0.0027204058101569562
2020-11-06,-0.000580764262192964,-0.002973399779566943
2020-11-09,0.018930778034181188,-0.01487079475039114
2020-11-10,0.0021496920505094256,0.0010596579024415946
2020-11-11,0.0037570632908399348,0.00025673834907712724
2020-11-12,0.0007634931725599999,-0.004683424295673603
2020-11-13,0.00478048475185194,0.001784656339659237
2020-11-16,0.007735319606769098,0.0002831580559877681
2020-11-17,-0.003156218321270569,0.002868038431369224
2020-11-18,0.00163406517283952,-0.006057601192980311
2020-11-19,-0.002303532383347447,0.005083880317865152
2020-11-20,0.0007231190073631489,0.0004294187471358013
2020-11-23,0.002696544006915021,-0.0031897853670526406
2020-11-24,0.0034028463177773562,0.0034000829425342954
2020-11-25,0.0011820763345985993,0.0002500041097695046
2020-11-27,-0.0018798278643127702,0.0016368449304409542
2020-11-30,-0.0036126679744458157,-0.0028127937651410083
2020-12-01,0.00842911054605499,-0.00014508935691134688
2020-12-02,-0.0023967701465886114,0.003164136055580206
2020-12-03,0.001712006630325654,0.0023598172588421267
2020-12-04,0.0006857951433567377,0.003626116549320746
2020-12-07,-0.00116429995022016,0.0029714472089607574
2020-12-08,-0.0006609513647461615,0.002660202011594522
2020-12-09,-0.0002027591405132127,-0.006884519949782453
2020-12-10,0.00035721589419687543,0.0049847054605592685
2020-12-11,-0.0026252150868940247,0.0012783300144798857
2020-12-14,0.0022379859775098375,-0.002990201786176461
2020-12-15,0.004948002800453289,0.0050306337015786125
2020-12-16,0.0012309510552584928,0.0027129781551221105
2020-12-17,0.0060295786627613925,0.0005671643842239875
2020-12-18,0.0007183476312002964,-0.0032051483752942125
2020-12-21,-0.009647054891113416,0.0058371219055192896
2020-12-22,-0.0011917090392914813,-0.002146206946672454
2020-12-23,0.0029887667379445036,0.001375714563106826
2020-12-24,0.00019067660956413325,0.002665436285593133
2020-12-28,0.004734488409744686,-0.0024258843340931795
2020-12-29,0.0024401782328338302,-0.0025919720912531254
2020-12-30,0.0012653797752458858,0.003197119436050218
2020-12-31,-0.0005942140889390638,0.0016943885455152536
2021-01-04,0.007449569545788074,-0.009990457371291495
2021-01-05,0.003405668680279946,0.0058640182592554655
2021-01-06,-0.0038109643839585815,0.0022764120381019233
2021-01-07,0.0015852943366665207,0.0032681919093881405
2021-01-08,0.0015080785791649362,-0.0023725681639067114
2021-01-11,-0.008511986874800941,0.0021766603902422465
2021-01-12,0.0027758423228461558,0.003609083686097418
2021-01-13,-4.457548027791229e-05,0.0015464408742638176
2021-01-14,0.002197749668063594,0.0010325363417299283
2021-01-15,-0.005316553994887182,-0.002629269510086633
2021-01-19,0.0070698201012564296,-0.00012911158483818556
2021-01-20,0.0052336404169142465,0.003577084801225568
2021-01-21,-0.0003425242240565914,-0.000705397648579013
2021-01-22,-0.00800995784589787,0.003946104390754291
2021-01-25,0.0023512521661397095,0.0019132205590591366
2021-01-26,0.0005831928486182007,-0.0014172200570082025
2021-01-27,-0.006055248086630324,-0.004048141465243579
2021-01-28,0.006303175303713234,-0.0019147035288703614
2021-01-29,6.1094802207499e-05,-0.007644754676058822
2021-02-01,0.015512332551176107,0.00246656013848258
2021-02-02,0.0014890189576141151,-0.0017598507446507706
2021-02-03,0.0028777888945289284,-0.000891081697447323
2021-02-04,-0.002175993953603143,0.004341523069902054
2021-02-05,0.004534010208508891,-0.00011658790785173216
2021-02-08,0.00539203803591329,0.003157504869530999
2021-02-09,0.00022795511475471504,0.0014386872770929537
2021-02-10,0.0035398133333904847,-0.0032908765782934408
2021-02-11,0.002712458887384058,-0.0027693227802072506
2021-02-12,-0.0021242355571034896,0.005223794143920069
2021-02-16,0.0003243276968158367,-0.0022546738174712496
2021-02-17,-0.00270397771674377,0.0030352302695384617
2021-02-18,-0.004125923222257881,-0.0018651284567905435
2021-02-19,0.0024700182544847554,-0.0024802407258968096
2021-02-22,-0.0011627128906611364,0.003263927704604782
2021-02-23,-0.0047473359815632795,0.004260476368436872
2021-02-24,-0.004406234381117535,0.010114756721729228
2021-02-25,-0.004306875995593318,-0.01275246196568942
2021-02-26,0.000538436301592841,-0.0063381872599185115
2021-03-01,0.007058560273686054,0.0001687162119297018
2021-03-02,0.00011823262322601854,-0.004316421697255272
2021-03-03,-0.0016630220936421894,-0.004361613733675029
2021-03-04,0.0007121054938354244,-0.0070879653551449906
2021-03-05,0.006734061021835321,0.0021303520357514633
2021-03-08,-0.0016803035231211924,-0.006348516474800022
2021-03-09,0.010971540565201028,0.0011436360333650993
2021-03-10,0.0038398435967223884,0.0013777477680682567
2021-03-11,0.004323460994442881,0.0040742933083593265
2021-03-12,-0.008112995348184356,0.004268836000469012
2021-03-15,0.00021973922223859818,0.003938708404628029
2021-03-16,-0.001006959417251189,-0.0016596796839974948
2021-03-17,-0.004062439019400939,0.00622693382938615
2021-03-18,-0.009476560724109887,-0.009292348260500686
2021-03-19,0.0015258040563167485,0.004381660968215424
2021-03-22,-0.0002521136657826902,0.001857984143394583
2021-03-23,-0.006262451648259234,-0.005864379585278678
2021-03-24,0.004692668401930678,-0.0035311138270142464
2021-03-25,-0.004228636634572773,0.0030563055337085774
2021-03-26,0.004930748511355665,0.006319712419642561
2021-03-29,-0.0033613144577447165,-0.0014435117085230672
2021-03-30,-0.005700091822932763,0.0018171321955876415
2021-03-31,0.0006235626920673587,0.002829131551384297
2021-04-01,0.00789264138725337,0.0046100530450903085
2021-04-05,0.00029779215295110036,-0.0008438875781693185
2021-04-06,0.0025528653832652087,0.00038614999441234
2021-04-07,-0.0019992037104537824,3.495148888851644e-05
2021-04-08,0.003792555790435914,0.0010546234160615582
2021-04-09,-0.0036757898548652377,0.0019721429068913017
2021-04-12,-0.0003118453906966412,-0.0015518114865514577
2021-04-13,0.0027947257464131367,0.003233922005893497
2021-04-14,0.0018427286156935303,0.0014055870053182836
2021-04-15,0.0054762682095105784,0.00416595402898956
2021-04-16,0.00113473415908536,-0.000977121302289737
2021-04-19,-0.0021000571955238265,-0.0010549605819732595
2021-04-20,-0.0017884675127912326,-0.0019450060193438794
2021-04-21,-0.0020175163379237008,0.007863021463199896
2021-04-22,0.00053498256662264,-0.0032726127817374346
2021-04-23,0.0015581532595927872,0.003573996370670655
2021-04-26,6.388864737890317e-05,0.002194539706738959
2021-04-27,0.0013080123442750003,-0.0011155873459582244
2021-04-28,-0.00017955907467053961,0.001597638828393418
2021-04-29,0.0028655089962345967,-0.001389918581753243
2021-04-30,-0.005135150740456051,-0.00046638898833707053
2021-05-03,0.005796415104799379,0.0002849715057366383
2021-05-04,0.00012258294263392717,-0.0030288493937183246
2021-05-05,0.0023532364722926857,-0.0021007734138246046
2021-05-06,0.0017496048018420382,0.004030196368094696
2021-05-07,0.0015261880156265692,0.003477021301401047
2021-05-10,0.0019527387138687032,-0.009364511934853829
2021-05-11,-0.009286627615122304,0.007890674595559876
2021-05-12,-0.004785097041471009,-0.008112294554822335
2021-05-13,-0.0011756747036517116,0.002211801765609763
2021-05-14,0.0069423777380111336,0.004648065483552366
2021-05-17,-0.0007642264932426146,0.004201303501090344
2021-05-18,0.0015229356109876487,-0.003948974940153271
2021-05-19,-0.00926793727505814,0.002860780168531433
2021-05-20,0.0015071153181782351,0.0024794455460586265
2021-05-21,0.005044823907160286,-0.003522818421531741
2021-05-24,0.003974801781589969,0.004051183311968979
2021-05-25,0.0016197129229613546,0.00025073550606768226
2021-05-26,0.00028507727706235847,0.0017005079314491357
2021-05-27,0.0006953827314628791,0.0011465738901278962
2021-05-28,0.0017559562535977532,-0.0005168602447515935
2021-06-01,0.007700227126223528,-0.0021105834273565938
2021-06-02,0.0022000015991751128,0.0019356650943965843
2021-06-03,-0.005389804848184913,-0.001331553544826621
2021-06-04,0.00536555393002683,0.002217886788777538
2021-06-07,6.637307678807325e-05,0.0019309931414630333
2021-06-08,0.0008872881975566127,0.0016763651643513678
2021-06-09,0.002390039727580384,-0.0024599395108796237
2021-06-10,0.001100847398854284,0.002990444463889608
2021-06-11,0.0002627115035370942,-0.00028886985701604605
2021-06-14,-0.0019099721836111454,0.0014949497893470257
2021-06-15,-0.0006981964925054207,-0.0012252013765328214
2021-06-16,5.516076271100771e-05,-0.005647663210536861
2021-06-17,-0.0038580333056150496,-0.002063150219984644
2021-06-18,-0.002633775872087818,-0.0008469904829859765
2021-06-21,0.001344222528091817,0.005626624541102054
2021-06-22,-0.002276918095206441,0.0025259408495793187
2021-06-23,0.0023314532111616084,-0.0016452549291576062
2021-06-24,0.0028798095502873414,0.001034900909514939
2021-06-25,0.0026789491150809677,-0.0012878234268482631
2021-06-28,0.0008623357779404817,-0.0007114771655465738
2021-06-29,-0.0012138307650341703,0.0006479750528276689
2021-06-30,-0.0007785751256828676,0.001975323185480778
2021-07-01,0.004297847023767402,-0.001828541997756883
2021-07-02,0.002340459606620275,0.002009975114784505
2021-07-06,0.00019485604255228643,-0.004244870973235759
2021-07-07,0.0024102621636796625,-0.0031689457880454963
2021-07-08,-0.005808053639295848,0.002980402165359545
2021-07-09,0.002478685363689707,0.004500957602952149
2021-07-12,-0.0009597385488457603,0.002485816553299084
2021-07-13,-9.525319303857286e-05,-0.0021676969008554386
2021-07-14,0.004585947164045678,-0.004468561445054172
2021-07-15,-0.0011401237733972428,-8.780646254929655e-05
2021-07-16,0.0007234549670929032,-0.00606141505675574
2021-07-19,-0.007606560700649075,-0.004823592893827885
2021-07-20,0.0016982476120421142,0.005420061405196693
2021-07-21,0.0011042056362084403,0.005449258358496175
2021-07-22,0.0001843718244501691,0.0024315820977313476
2021-07-23,-0.0007757708872105103,0.0021096154129742824
2021-07-26,-0.0017128021664802133,0.0009121202760017673
2021-07-27,-0.001491292430050891,-0.002162984989318158
2021-07-28,0.0013416348309304013,0.0033634416105826847
2021-07-29,0.004098175434006464,0.001476687996517708
2021-07-30,-0.0025302387551604595,5.537845643045862e-05
2021-08-02,0.0014912438829037071,-0.003480376269138463
2021-08-03,-0.0012275055239198438,0.0031613109960200317
2021-08-04,-0.0006999013647844905,-0.0039975399955012834
2021-08-05,0.001347255885820268,0.0022975117488520658
2021-08-06,-0.0037231849781209267,-0.0039312868471263656
2021-08-09,-0.004066397826684624,-0.002877485240537873
2021-08-10,0.0014289078616047002,-0.00026365970318965225
2021-08-11,0.0014527732773985742,0.003141002932389599
2021-08-12,-0.002165786734713289,0.000518340241530324
2021-08-13,0.0018475094065369439,0.001295729691152022
2021-08-16,-0.0031678407814325587,0.002157289020826584
2021-08-17,-0.004905890171780277,-0.0008742786751432401
2021-08-18,0.000323561958334991,-0.005877702012972929
2021-08-19,-0.006135749938596646,0.002606569542646427
2021-08-20,-0.002679129836470051,0.0016350581160973876
2021-08-23,0.009006507170920552,0.0037180565986856483
2021-08-24,0.00363228680875957,0.0020331074890547122
2021-08-25,-0.00023545544546450526,0.0005562690245322891
2021-08-26,-0.002710586684111127,-0.0010904162271847984
2021-08-27,0.0018890587236823464,0.008546519278437399
2021-08-30,0.0002807897289293981,0.0018326472405852797
2021-08-31,6.810803240340225e-05,-0.0006393810105050986
2021-09-01,0.0012746317751325769,0.0022329113515735153
2021-09-02,0.0033611830386074256,-0.000668315287168042
2021-09-03,0.00040461356401230535,0.0016076744769819647
2021-09-07,-0.003324721827231181,-0.002589472415734506
2021-09-08,0.0015283789329377424,-0.0026195447293317392
2021-09-09,-0.0011071997641891966,-0.0007490562547010378
2021-09-10,0.004292313412940429,-0.006961357021391379
2021-09-13,0.00420566933656122,-5.396229910851572e-05
2021-09-14,0.0023103952583353403,-0.002919169346025437
2021-09-15,0.0019504465879215096,0.0021082395504297504
2021-09-16,-0.006251736223911079,0.0006492808739552307
2021-09-17,-0.0032302712196503455,-0.0031425066387035907
2021-09-20,-0.00853749807382953,0.0004404317373958522
2021-09-21,0.0041595080894333055,-0.001588639389385101
2021-09-22,0.004884896009653176,0.0023865247152717872
2021-09-23,0.0005535789698745353,0.001520166906381563
2021-09-24,-0.004626447673549524,0.0016077603181482065
2021-09-27,0.0017414345026503409,0.0007875086776302516
2021-09-28,-0.004344506709681065,-0.007584502269102862
2021-09-29,0.00039150210149572204,-0.0030486375687056957
2021-09-30,0.001956926558584993,-0.0008966114382960467
2021-10-01,0.003082524545157946,0.004505112215650301
2021-10-04,-0.0012045136927706442,-0.0007445896596932622
2021-10-05,0.001322770058532193,0.001661740888873875
2021-10-06,-0.006214143688379499,0.004420265901657805
2021-10-07,0.0014210137803095139,0.00328514182353686
2021-10-08,0.003379391666754139,-0.0053037265153330106
2021-10-11,0.0016161235157952018,-0.0026924253309167294
2021-10-12,0.0024867459523889726,0.0004944508675306085
2021-10-13,0.002080785734002781,0.004888455953376125
2021-10-14,0.005922748795186372,0.003259856816953133
2021-10-15,0.0010517436821035676,-0.0009421201517519832
2021-10-18,-0.0015043116404422018,0.001173984449852461
2021-10-19,0.003556860452118634,-0.00042425288122356354
2021-10-20,0.0007201950304391858,0.004527102403489154
2021-10-21,-0.0031652755463682514,0.0004407472129685619
2021-10-22,0.002800072553032118,-0.00013155037065653018
2021-10-25,0.0023976774790845034,0.0010976905120228789
2021-10-26,0.0009159744731907986,-0.0008783181071769194
2021-10-27,-0.0007983033038523768,-0.0031056083324184636
2021-10-28,0.0013904781400388459,0.003086638957703558
2021-10-29,-0.005809171657172977,0.002985006313699016
2021-11-01,0.0019803091831922083,0.0024178716879429333
2021-11-02,-0.0016196478178844029,0.0016713560991640896
2021-11-03,-0.004284864994833692,0.0018133809755267905
2021-11-04,0.006537075705257841,-0.0037359843482650977
2021-11-05,0.005659497494045958,0.002767779096060711
2021-11-08,0.0019580150623697595,0.00016540320552311806
2021-11-09,0.0014429150533305994,6.116261349107255e-05
2021-11-10,0.0009048172843285111,-0.007993579971356576
2021-11-11,0.004499296568452034,-0.0005977409953940397
2021-11-12,-9.919945073206075e-05,0.0015417881161324217
2021-11-15,-0.0010679317116823646,-0.0008389823139112703
2021-11-16,-0.0005536685621189141,-0.00035550906663516603
2021-11-17,-3.1534696676649435e-05,-0.0011557059349158146
2021-11-18,-2.3709471414982513e-06,0.00017563593304599964
2021-11-19,-0.0008052538309566352,-0.0035336746045361153
2021-11-22,-0.0007500249655657247,-0.004912932630240337
2021-11-23,-0.0017790293975136504,0.001533319332218408
2021-11-24,-0.003740864059707268,0.005250562837639206
2021-11-26,-0.012210237739531938,-0.01002090264746025
2021-11-29,0.007456884679867004,-0.004101916575528208
2021-11-30,-0.0033751512213236134,-0.006860329390600883
2021-12-01,0.008267233324679794,-0.014967280179345158
2021-12-02,0.0014353704817584578,0.008575935450140888
2021-12-03,0.0037075463362944944,-0.005688041124948739
2021-12-06,0.002108242035820259,0.005676351286145283
2021-12-07,0.006894777293270778,0.0040179345863098495
2021-12-08,-0.0002834982656170363,0.0017822347481476115
2021-12-09,-0.0032131276120164493,-0.005858288690820746
2021-12-10,0.0050613503653037,-0.0004591244977547963
2021-12-13,-0.00013800408226386136,-0.002203910090128813
2021-12-14,-0.007074967240757794,0.000590872921228991
2021-12-15,-0.001981790550320343,0.008623748361869122
2021-12-16,0.0030051555251750703,-0.003913100661741191
2021-12-17,-0.002301264181407725,-0.0006088505343387081
2021-12-20,-0.008292822575382323,0.0010897409655048187
2021-12-21,0.005131738190573813,0.006171824486013537
2021-12-22,0.0009669120260968297,0.006821930247573531
2021-12-23,0.0007939623138494056,0.0021646983888780873
2021-12-27,0.0005852925972143596,0.007785982200581821
2021-12-28,0.0015726419158526238,-0.0030154025047516297
2021-12-29,-0.0032652800859276133,0.0021252921472710777
2021-12-30,0.001186245923099157,0.0013209782192636762
2021-12-31,5.976004385462493e-06,-0.001512183107106213
2022-01-03,-0.0026820869440003616,0.001043643190169578
2022-01-04,0.0021154565834759385,-0.0007561098397222669
2022-01-05,0.0011517360872381754,-0.013614354822920224
2022-01-06,-0.0008025739391502788,0.0010552133275756918
2022-01-07,-8.244611167840254e-05,-0.0023063484781795577
2022-01-10,-0.0037082973017137366,0.002525055502758078
2022-01-11,0.002242738425463771,0.008640212856815096
2022-01-12,0.003481230035702709,0.0004989859872047475
2022-01-13,0.0007036388174157526,-0.006729505719014843
2022-01-14,-0.002161098939703058,0.0022747122768205378
2022-01-18,-0.003953151925582424,-0.0027347269484358466
2022-01-19,0.004627144761715766,-0.0036943535389080645
2022-01-20,0.004389953458113312,-0.007432697902001221
2022-01-21,0.0006872759959943557,-0.006433825608312811
2022-01-24,-0.007546295688504275,0.006309124890512933
2022-01-25,-0.006016686275148368,0.0029476294501120733
2022-01-26,0.005945083838835829,-0.011869163434762697
2022-01-27,0.00360133651145745,-0.008784832311403123
2022-01-28,-0.0005610739916703208,0.007727495147113025
2022-01-31,0.00036363909895602563,0.009696158783380185
2022-02-01,0.0017915720085485809,0.0013440207418000524
2022-02-02,0.0032241603755558995,-0.0007792176747116001
2022-02-03,-0.009616930968596178,-0.00027716567449749264
2022-02-04,-0.0014036001299184994,0.002389863040488812
2022-02-07,0.0007812082589911285,0.0007794814666372145
2022-02-08,-0.0024643137650534647,0.0037903129148301406
2022-02-09,0.005402663683031868,0.004292824822295664
2022-02-10,-0.007499105827053879,-0.0036322294607542254
2022-02-11,0.0018867537163105815,-0.0009947833947639318
2022-02-14,-0.0021946815597246355,0.0005282375720898106
2022-02-15,-0.001688501667249313,0.0028791728647784196
2022-02-16,0.0010451808640879652,0.0019125952707885233
2022-02-17,-0.0013078135289823563,-0.0031202965577674362
2022-02-18,-0.0006442196195421227,-3.694267871249638e-05
2022-02-22,0.00075298005373714,-0.00255325269927984
2022-02-23,0.0032115123248649623,-0.00872949483040546
2022-02-24,-0.0003386870657175356,0.005444190830328026
2022-02-25,-0.0005821092335161223,0.00791299650246946
2022-02-28,0.0003410972954867253,0.004125882846431354
2022-03-01,0.005514682979787899,0.0012421366343888574
2022-03-02,0.0024455284442240397,0.0037503819273842685
2022-03-03,0.0017254033953696846,-0.004123991551688988
2022-03-04,0.0021364619150527823,0.003468672718544082
2022-03-07,-0.0018252571136479008,-0.0068871592134859124
2022-03-08,0.005263517224219516,0.0004233690117216785
2022-03-09,-0.0028056370142429234,-0.0037254253541309994
2022-03-10,-0.0032950810879299147,-0.003139170040893391
2022-03-11,0.0023125463634762495,-0.005752622324311692
2022-03-14,-0.007948701706594608,-0.008990994605311971
2022-03-15,-0.004391020166883937,0.003755317519760674
2022-03-16,0.010300318003742478,0.0056310049795089984
2022-03-17,0.006023365322473258,0.0076227815233501865
2022-03-18,-0.0019808394396683806,0.007560180056233971
2022-03-21,0.0006578631636636818,0.0008715567074527956
2022-03-22,-0.0009751998210830652,0.0020620919832529264
2022-03-23,0.0024771430636895426,0.000904533517175173
2022-03-24,0.0006489182221737592,0.0024340444048315925
2022-03-25,-0.0030291816462891365,0.0018338721027218786
2022-03-28,-0.006223248943419176,-0.0007645461048242005
2022-03-29,-5.800273666249911e-05,0.012044075030007683
2022-03-30,0.0007046456656030357,-0.00038766667272255675
2022-03-31,-0.001787011527404044,-0.008188436834857201
2022-04-01,-0.00109728614471755,0.004754671761214527
2022-04-04,0.004683679651193932,0.0026932959261329807
2022-04-05,-0.0002842931497670268,-0.013584086281150072
2022-04-06,-0.0035948857623255763,-0.0032100468449776914
2022-04-07,-0.002008479101218648,0.001207317721729395
2022-04-08,-0.002647678437781124,0.00173696959407074
2022-04-11,-0.00450314721401747,-0.004114712349620952
2022-04-12,0.009693129171772622,-0.0029997439952759164
2022-04-13,0.0034966717826591183,0.007394944684164521
2022-04-14,-0.0017591217419649825,-0.004577016976434793
2022-04-18,0.0023066600757693624,-0.0020937192921843964
2022-04-19,-0.0065154536569399435,0.002995410524828531
2022-04-20,0.003119450014898669,0.00040875181212030786
2022-04-21,0.0018971168001127377,-0.010963641251466738
2022-04-22,-0.004587790835641736,-0.008936624132817105
2022-04-25,-0.008999095832322227,0.007977736231088646
2022-04-26,0.0004586799802801522,-0.008299473826766183
2022-04-27,-0.00033688038868260326,-0.0015584006422507532
2022-04-28,0.0029088071034908476,0.008640100084729574
2022-04-29,-0.002091483481636369,-0.014454635866868081
2022-05-02,-0.00660841799648948,0.00563323248463002
2022-05-03,0.0014055576328667607,0.00022680539184023464
2022-05-04,0.0030995493472939064,0.014410468697139451
2022-05-05,-0.004313971534624346,-0.016685200869037346
2022-05-06,-0.0038212701285047354,-0.0018827951720151725
2022-05-09,-0.011792332934779222,-0.012758384393630832
2022-05-10,0.010782413348756115,-0.012736574542443858
2022-05-11,0.005491676784973546,-0.0029540387667586895
2022-05-12,-0.004192070798727891,0.003014543358708825
2022-05-13,0.005331232874651248,0.0075587887517212385
2022-05-16,-0.0009026673366419195,0.0038361298956765062
2022-05-17,0.005720945628605893,-0.001910563830643889
2022-05-18,-0.003215740999106398,-0.011882221761197161
2022-05-19,0.0005895908524596057,0.005258707791265574
2022-05-20,0.004956781660967965,-0.0022471294913424403
2022-05-23,0.002877431958370476,0.0017622450144473723
2022-05-24,-0.002104930901224892,0.0028836851965090412
2022-05-25,-0.0013481973758515972,0.007647628717361281
2022-05-26,0.00019840233109247318,0.008926471482858618
2022-05-27,0.004658511370937424,0.007017066217661472
2022-05-31,0.00026793827684531795,-0.0077149728285225375
2022-06-01,0.00620918691265313,-0.008085134172653574
2022-06-02,0.002813890679765481,0.010390772496036083
2022-06-03,-0.006835723058028376,0.0002623941383710508
2022-06-06,0.005489843832836394,-0.00720233597420646
2022-06-07,-0.0026762987083523092,0.010386767561245628
2022-06-08,-0.002497330541078006,-0.002042047086061453
2022-06-09,-0.004377536125405627,-0.0073024780009417626
2022-06-10,-0.00885640539621182,-0.0031521307259087567
2022-06-13,-0.01882171549745611,-0.009057323784210996
2022-06-14,0.003472691876197535,-0.008317517153540514
2022-06-15,0.008640080133513769,0.0043877034244590146
2022-06-16,-0.014738066412486059,0.003356684969532912
2022-06-17,6.469279295193698e-05,-0.0039707468513957645
2022-06-21,0.006025274143839776,-0.000741664096621634
2022-06-22,-0.008551536021167665,0.006464979061008698
2022-06-23,0.003520101251090435,-0.002473476476599575
2022-06-24,0.004664791929927429,0.008934756897099935
2022-06-27,5.607072938196289e-06,-0.0017965983581646656
2022-06-28,0.003571962638691898,-0.008718569917838762
2022-06-29,0.0019528897410495904,-0.004017912832560995
2022-06-30,-0.006032480676965239,-0.0019091509712910958
2022-07-01,0.00016516614782177512,0.006073317784160078
2022-07-05,-0.011362447501030274,-0.0010452953535204626
2022-07-06,-0.0007299071808733349,-0.004718815569549125
2022-07-07,0.008720579626005845,0.00350542080780681
2022-07-08,0.0001518896040437608,0.0014352002740734523
2022-07-11,-0.003131229963388445,-0.0027057707179499956
2022-07-12,-0.004446029594856612,-0.005179332770974184
2022-07-13,-0.007803935561003073,0.010201717193835513
2022-07-14,-0.014970385705724546,0.006906492524739524
2022-07-15,0.006280506914061553,0.0039869655951306985
2022-07-18,0.009344699475760998,-0.008459597076914838
2022-07-19,0.003777357579122927,0.008777439247324917
2022-07-20,0.0012824997375353512,-0.0005039105942493978
2022-07-21,-0.0031663450357338084,0.009353752982309723
2022-07-22,0.001969823104652546,-0.005573312512378751
2022-07-25,0.000597643912345669,0.000656805072522452
2022-07-26,0.002871816352031205,-0.006776963584863223
2022-07-27,0.0061404760646938785,0.009746347233389652
2022-07-28,0.006865754615915898,0.0040398689022390485
2022-07-29,0.0026202334471700987,0.003249800851945935
2022-08-01,-0.006089519983391534,0.0035719558674529215
2022-08-02,-0.0011811934037601797,-0.0061626308046510555
2022-08-03,0.0033424905221810667,0.002224205595204139
2022-08-04,-9.752836799625057e-05,0.00020543970958392482
2022-08-05,-0.011827194634047149,0.006227746508226558
2022-08-08,0.005236339613857248,0.0034656626307678186
2022-08-09,-0.00029244244127761093,-0.002868545706969039
2022-08-10,0.007530051616353117,0.0030699287304569722
2022-08-11,0.005190132770235345,-0.00630652016229225
2022-08-12,0.002634215624858283,0.006957879103266766
2022-08-15,-0.009009153335815851,0.0050730809686709765
2022-08-16,-0.002635841576478863,-0.0007746923287475764
2022-08-17,-0.0055888169261077095,-0.0009160551938032076
2022-08-18,0.0028586174067990245,-2.7906777181881578e-05
2022-08-19,-0.006906878691791363,-0.0044443754931538775
2022-08-22,-0.007304907108738597,-0.0010393476968640532
2022-08-23,0.0007030847969006956,0.002074689885268414
2022-08-24,-0.0016438495942865615,0.0042181463594299865
2022-08-25,0.003795891918456906,0.003393641857587659
2022-08-26,-0.0013013797078040032,-0.013575527111918333
2022-08-29,-0.0034923973079655705,0.0021823233024109785
2022-08-30,-0.00174498827026149,-0.0095781479036216
2022-08-31,-0.0019968198951675936,-0.007350985577338753
2022-09-01,-0.008467316725510442,0.0005015974778358171
2022-09-02,0.00874549440171078,-0.00971819839675896
2022-09-06,0.0017189891008513166,-0.007450470924172622
2022-09-07,-0.0021607717625975096,0.008865460562086673
2022-09-08,-0.002099837867014953,0.0031414768101851584
2022-09-09,0.007929742935401763,0.005663793290220353
2022-09-12,0.009258872286729666,0.0003447612848117713
2022-09-13,-0.012699114516353801,-0.007644443709780857
2022-09-14,0.002335985476487908,0.00037199898320180075
2022-09-15,-0.006311161118547652,-0.006884014797255156
2022-09-16,-0.004995527728438135,0.003319450077936592
2022-09-19,-0.009177825793905676,0.012005497846572292
2022-09-20,-0.00812818548199626,-0.0015275904811385744
2022-09-21,0.0054331187671123,-0.009068408859401123
2022-09-22,-0.00042698280788775465,-0.007202981711971068
2022-09-23,-0.013222354648441155,-0.004593707695066174
2022-09-26,-0.003109162659488411,-0.01220764644655176
2022-09-27,0.007142778068351293,-0.009690008000808251
2022-09-28,0.006854464469488978,0.01497686325956072
2022-09-29,-0.008451777951829704,-0.0037490720946129043
2022-09-30,-0.0009191700347676098,-0.004791230458193748
2022-10-03,0.016512714204021856,0.007564559056630508
2022-10-04,0.013351066412984499,0.006313686914272839
2022-10-05,-0.007962254519342234,0.005080826333428901
2022-10-06,-0.0027157861929627326,-0.0012317037232984754
2022-10-07,-0.00699433199455944,-0.005700569440078389
2022-10-10,-0.0014995009151661965,-0.008951580991783569
2022-10-11,-0.004064527202248583,-0.0022663105350823423
2022-10-12,-0.001100064281567977,-0.00032166092496136817
2022-10-13,-0.016769945289282957,0.025139368024517172
2022-10-14,0.0020860477552126387,-0.018828283817732397
2022-10-17,0.014186416850352076,-0.0007439920541825629
2022-10-18,0.008616833797862534,-0.005568463157629792
2022-10-19,-0.007588851115338062,-0.001433347862302381
2022-10-20,0.0014457076992791713,-0.005034297955141735
2022-10-21,-0.002460010495372663,0.013004289781069645
2022-10-24,-0.0026328134592459975,0.0008717561290736197
2022-10-25,0.004176021214758448,0.00968857441265567
2022-10-26,0.0004663157119336144,0.00497927564259942
2022-10-27,0.002324479321223357,-0.0018391789508051945
2022-10-28,-0.005289265554870607,0.00906310091312362
2022-10-31,-0.0074899246779674,0.0011942240324415451
2022-11-01,0.015511378383086723,-0.008235789514017496
2022-11-02,0.00040340625045896713,-0.011132652861717185
2022-11-03,-0.009509518633679711,0.005834508581263857
2022-11-04,0.016988898964477344,0.0026924950075978282
2022-11-07,0.0020672031780851236,-0.0031223212343702176
2022-11-08,0.0026683753857559057,0.001539138809405527
2022-11-09,-0.005136002020176056,-0.007991915247978664
2022-11-10,0.02399992400704506,0.01144146864293026
2022-11-11,0.003681579810710393,0.004555487018406571
2022-11-14,-0.003741919543910425,-0.0038601449056831234
2022-11-15,0.009150499141404289,-1.1755609383379273e-05
2022-11-16,-0.0026053259240559567,-0.0020615513155251603
2022-11-17,-0.011278948408889603,0.003587997115206683
2022-11-18,0.00014821992611775415,-0.001241854604643892
2022-11-21,-0.004593666876817282,0.0023344009889440407
2022-11-22,0.004836371136630868,0.0036465445893860914
2022-11-23,-0.002283471669867391,0.005078587787747368
2022-11-25,-0.0006873998539859594,-0.0007408791762171537
2022-11-28,-0.0052275508371586454,-0.004122365278982672
2022-11-29,0.00415441215860195,0.0008500478813257957
2022-11-30,0.006832577314097129,0.014249835840354204
2022-12-01,0.005940280643451882,0.0002510279457773897
2022-12-02,-0.008124859458823479,0.009011160233408748
2022-12-05,-0.0030043185635269492,-0.013783932853249962
2022-12-06,0.0014334574026930059,-0.00787833725546369
2022-12-07,0.001465456674242819,0.0009516944630831636
2022-12-08,0.0037875145721657805,-0.0013865430943943583
2022-12-09,-0.0005105722774276344,-0.002789645453723392
2022-12-12,0.002410873300568439,0.002536570236392658
2022-12-13,0.02082360438487684,-0.009292190874881763
2022-12-14,0.00102420576231513,-0.0006688353154309009
2022-12-15,-0.007624108157112926,-0.006685898774200405
2022-12-16,-0.007507312241594014,0.0009384141386305759
2022-12-19,-0.00022735913721980694,-0.005688190440236599
2022-12-20,-0.00113869888870759,0.003572582043605895
2022-12-21,0.005236872446132194,0.003276795465673795
2022-12-22,-0.004554448289819353,-0.00385146139879479
2022-12-23,-0.0005038704193178237,0.004240969165153271
2022-12-27,-0.0020496568933152806,0.00019264920333923464
2022-12-28,-0.0011243851504059452,-0.009362521195832156
2022-12-29,0.0044493530504323255,0.007069807398872618
2022-12-30,-0.004897097641342171,0.0034265166714068022
2023-01-03,0.008049655016449504,-0.00807629544175533
2023-01-04,0.005016902539894397,-0.0009031768846755902
2023-01-05,-0.006384215375462232,-0.00038006530352356166
2023-01-06,0.005990346893197781,0.010298600383303184
2023-01-09,0.005466913940623626,-0.0020205605140793874
2023-01-10,-0.0011186250138471633,0.002418520795182366
2023-01-11,0.005531588427908899,0.005721643752412605
2023-01-12,0.005296319418587303,0.003854787488959303
2023-01-13,-0.003049002477631335,0.007606179862403076
2023-01-17,-0.0011447186919105513,2.3406834313943747e-05
2023-01-18,0.007908270470325326,-0.012599174688850242
2023-01-19,-0.000782958416029141,0.0017527052850220936
2023-01-20,0.0005582239458094441,0.005414888310408875
2023-01-23,-0.002987331983620008,0.005470271386393088
2023-01-24,-0.0015632070684837333,0.0022494807133803586
2023-01-25,-0.003984234631720862,0.005701855979476226
2023-01-26,0.00454836339763444,-0.0007688411096067031
2023-01-27,-0.002340147330962076,0.00017216057080395863
2023-01-30,-0.005283624354926449,-0.003741295152899175
2023-01-31,0.00037705540433015107,0.00969037938983924
2023-02-01,-0.000472813974971209,0.005962803989337891
2023-02-02,0.0064092055208753605,-0.003906038284891948
2023-02-03,-0.011240157140703595,-0.005106796528574731
2023-02-06,-0.004584696753544315,5.9604785159776226e-05
2023-02-07,-0.0012180713514281516,0.007151294059995424
2023-02-08,0.00045957605387803024,-0.002207696326615586
2023-02-09,0.00496863311603087,-0.012066748962249078
2023-02-10,0.00011372009053588853,0.00037895241815186036
2023-02-13,-0.0001786766395888965,0.004620591854877117
2023-02-14,-0.005105490298559075,0.004317113032026598
2023-02-15,-0.0069418162525265075,0.004565949792793537
2023-02-16,-0.00694597074490139,7.854628447742465e-05
2023-02-17,-0.007323996414638042,0.006171705089405773
2023-02-21,-0.004937574260403991,-0.006980136171119618
2023-02-22,0.0007307144473425545,-0.004401832070382828
2023-02-23,0.006290518722181441,-1.9734700521130874e-05
2023-02-24,-0.011009342148779045,0.0013009497569024919
2023-02-27,0.004395915297979899,-0.0027845834538799963
2023-02-28,0.00033187489375781826,0.0012946240035406045
2023-03-01,0.0011830472638722537,-0.0005218886915533405
2023-03-02,-0.0047707695272814895,0.006598529564971356
2023-03-03,0.003299658159242876,0.010361871666340927
2023-03-06,-0.000554478384903967,-0.0027013735970887595
2023-03-07,-0.002093424374281431,-0.011820742810456746
2023-03-08,0.0001953992683206618,-2.6498036022119345e-05
2023-03-09,0.0016244444074968796,-0.01023605815341159
2023-03-10,0.004527764176936929,-0.0030204377622020367
2023-03-13,-0.0008804407754807582,0.004077503409556342
2023-03-14,0.003646733115109457,-0.0036340426085838874
2023-03-15,-0.006550835168257171,0.0018812401316955867
2023-03-16,-0.0023624102287509146,0.007487528240491
2023-03-17,0.0010792964726783927,-0.0028260585180882075
2023-03-20,0.0016403905423478433,0.0023025366072900585
2023-03-21,0.004362019105139418,-4.084302244693472e-05
2023-03-22,2.280109027275046e-06,-0.0011414296574976982
2023-03-23,0.004772745740156981,-0.0025575169084535534
2023-03-24,-0.001253905306631912,0.004054768295631073
2023-03-27,-0.0003484544076221156,0.0014627768478839768
2023-03-28,-0.001636309589202763,0.0034960075384609397
2023-03-29,0.0031242726922899124,0.0022084643041456447
2023-03-30,0.00528817712704086,0.0023851500725189526
2023-03-31,0.0032193234697585134,0.006600578478663614
2023-04-03,0.003713139375589939,0.0024404074018789484
2023-04-04,0.0004671024346321421,0.002002859386794646
2023-04-05,-0.0008011046874081865,-0.0009364382052085969
2023-04-06,-0.0009651835277751708,0.0025071193942483028
2023-04-10,-0.0043672749605340256,0.002741418393998359
2023-04-11,0.0018842283111030866,0.0016332306355746266
2023-04-12,0.00572737532803987,-0.004555113194065171
2023-04-13,0.004213005950203197,0.0011297354215651294
2023-04-14,-0.001466287548878394,-0.004030114010463811
2023-04-17,-0.0015042573244366567,0.00016804885532522017
2023-04-18,0.0014567016013057174,-0.0005137956696960044
2023-04-19,-0.0059909260954176405,0.0025403382580460637
2023-04-20,-0.003061734344105231,0.0001018861124925774
2023-04-21,0.0010270584965784999,-0.002198194379567675
2023-04-24,-7.096080834945913e-05,0.0029978961765991944
2023-04-25,-0.0032401607318116293,-0.0038995228518731383
2023-04-26,0.0011487212547413102,-0.007769268954494457
2023-04-27,0.0014591464809434519,0.00542481766706752
2023-04-28,0.0011027753153063516,0.006800636034565511
2023-05-01,-0.0008784448036686617,-0.005861191549145313
2023-05-02,-0.0023680817822284337,-0.0021265204420084136
2023-05-03,-0.00137101188020472,-0.0019260250398787167
2023-05-04,-0.0015246429425945119,0.002658904254862726
2023-05-05,0.0025953309399195266,0.006001912538051757
2023-05-08,0.0011273280714848863,-0.0018508984107938073
2023-05-09,-0.0031928571739460844,0.0023151323208226104
2023-05-10,0.003918787046020082,-0.0013799871759293462
2023-05-11,-0.004237979196704078,-0.001880706136833791
2023-05-12,-3.981904684102015e-05,-0.004937428372071732
2023-05-15,0.00187961060144853,0.0018710016089147723
2023-05-16,-0.0034134584723214696,-0.004678730568424679
2023-05-17,0.004163236109891844,0.003101113381414226
2023-05-18,-0.0037095129454520165,0.0017115582842092433
2023-05-19,0.0024888646347608788,-0.0023585172986542538
2023-05-22,0.00013119214187075438,0.0011979204608607648
2023-05-23,-0.0019928374785681178,-0.0014364433356488218
2023-05-24,-0.0008567960332095244,-0.005364091937669764
2023-05-25,0.0006914441100454397,-0.004038319831733454
2023-05-26,0.004358284120547662,0.00661064699922865
2023-05-30,-0.0011481000435209201,-0.002031854835534704
2023-05-31,-0.0031970284566773164,0.00029434783986657107
2023-06-01,0.0015834105747062491,0.007751414855228826
2023-06-02,0.007046698642171763,0.0008348320509307782
2023-06-05,-0.0004525840870043633,-0.0018658998459909334
2023-06-06,-0.000984630532313006,0.005502116203004848
2023-06-07,0.0011711731910741521,-0.0033680910893886546
2023-06-08,0.0024045888354354396,0.0030362718227284315
2023-06-09,-1.502790578959227e-05,-0.0018536094684752221
2023-06-12,-0.0022741714408327065,0.0007712644765668279
2023-06-13,0.00558953064873667,-0.002226573931767802
2023-06-14,0.003844134699109543,-0.0018967092710419594
2023-06-15,0.0006730435444751049,0.008355978330806701
2023-06-16,0.001380714410409826,-0.001237401065347495
2023-06-20,-0.006284431618673691,-0.0010271477425339035
2023-06-21,-0.0036770991479232536,0.002057901878035088
2023-06-22,-0.006419926476536471,-0.0016388496272634909
2023-06-23,-0.004216606224478733,6.305634369322781e-05
2023-06-26,0.0014062963648590943,0.0011867297735042989
2023-06-27,0.0018042815365719351,3.709041443120675e-05
2023-06-28,-0.0014123092006555,0.0037013389535981286
2023-06-29,-0.004258678946449882,0.003215649138875598
2023-06-30,0.004757708679094056,0.002725321593934371
2023-07-03,0.0020130199778332376,-0.0009126545954017
2023-07-05,0.001390352546826823,-0.002360246130707888
2023-07-06,-0.008239900968286603,-0.0014506619177011497
2023-07-07,-0.0003729321600927316,0.004379075877971594
2023-07-10,-0.0014090527715381032,0.0042963757783131586
2023-07-11,0.003124687707221,0.003935744140079475
2023-07-12,0.010253169465835921,0.001866981460931109
2023-07-13,0.00446417855039057,0.005815243333940767
2023-07-14,-0.001230742391366187,-0.003959425241734523
2023-07-17,-0.0022514242259637977,0.002122128355128994
2023-07-18,0.0013985867222173099,0.004432221968853474
2023-07-19,0.002875551553169305,0.00023310018068124124
2023-07-20,-0.0014352967052637445,-0.004879155615853459
2023-07-21,0.0027478228361117463,-0.0014965576437352486
2023-07-24,0.0015590232410437332,0.0017701783183898738
2023-07-25,0.00012956320387742527,0.002110384690901338
2023-07-26,-0.0012917510553394666,0.0035533243709741607
2023-07-27,0.0012313218100101035,-0.010660314732262425
2023-07-28,0.005964904948750793,0.002269221883773468
2023-07-31,0.0017381040265549727,0.0029330860493551898
2023-08-01,-0.006043187765308033,-0.000979530381681452
2023-08-02,-0.006443814871218738,-0.005703203386058216
2023-08-03,-0.004685333897792488,0.0024500460689438563
2023-08-04,0.002336018278946909,0.00016417529210399628
2023-08-07,0.0011934480986415105,-0.0010031211743932215
2023-08-08,-0.005532514578925644,0.0032344828469089925
2023-08-09,0.0013666177116690085,-0.001658287199084422
2023-08-10,0.0022989890141484524,-0.005409699635132803
2023-08-11,-0.0035604915461426856,0.0010168205100080873
2023-08-14,-0.003647117130496302,0.0023701205973289136
2023-08-15,-0.004174940029766994,-0.0038291918854072757
2023-08-16,-0.0003836489787118961,-0.0068520394555297015
2023-08-17,0.005031687859675819,-0.007288474978128782
2023-08-18,-0.002479465254612423,0.004811260386602526
2023-08-21,0.0015268026140915047,-0.0007218243636971951
2023-08-22,0.00266877113844853,-0.0020118998128483352
2023-08-23,0.004037999487764791,0.007429420044284396
2023-08-24,-0.0005644844560514469,-0.005307223685850267
2023-08-25,0.0024581135554596917,0.0018633547410854471
2023-08-28,0.0029749772165790817,0.0011671019209872273
2023-08-29,-6.236943031605602e-05,0.0108571608706216
2023-08-30,0.0007754586075613116,-4.746891474790201e-05
2023-08-31,0.001284915935432259,-0.0011593700133011827
2023-09-01,0.005428939461692813,-0.003275120014142178
2023-09-05,-0.0019492314228496102,-0.004718228700577713
2023-09-06,-0.0016059800236524647,-0.0011060855818040135
2023-09-07,-0.0030855308639986386,0.0011296170405203255
2023-09-08,0.001283579472534287,-0.0007632651562590187
2023-09-11,0.004033161989159358,-0.0009826291825909847
2023-09-12,-0.0013618650111399807,0.001079960095289915
2023-09-13,-0.0005614051858933082,-0.0007198849017124642
2023-09-14,0.00277941361420427,0.0026892694772759312
2023-09-15,-0.0003124380131596031,-0.002340420520616922
2023-09-18,2.950431823102543e-05,0.0003270420380508806
2023-09-19,-0.00040094196755171565,-0.001956595129558584
2023-09-20,0.001591595635406362,-0.0053439401291462294
2023-09-21,-0.006610835760677158,-0.00475919831423753
2023-09-22,0.004940803229327291,-0.0025027110830112553
2023-09-25,-0.0049368562195310165,0.0005264266172256245
2023-09-26,-0.004159495099756216,-0.003199515936097308
2023-09-27,0.0033560072318707577,-0.003360684329246818
2023-09-28,-0.002299649545349447,0.004326808208634307
2023-09-29,0.007908583133561693,-0.011561996926817237
2023-10-02,-0.004379333728494187,-0.006267324656692626
2023-10-03,-0.004401983996428157,-0.005160692919629913
2023-10-04,-0.0008151197605587024,-0.0009478652610744135
2023-10-05,-0.0019401132189079092,0.0004014592362105477
2023-10-06,-0.002248077163648706,0.0077041414217321694
2023-10-09,0.0026794774012592892,0.00889886093125612
2023-10-10,-0.0007218008321042913,0.003110803050639636
2023-10-11,0.0039542618022629554,0.0005451211710354084
2023-10-12,0.0013000975893310877,-0.0098226881037545
2023-10-13,0.009532792547943043,-0.0005831176354535783
2023-10-16,-0.0012332288114592638,0.001925352702466491
2023-10-17,-0.005536456802390174,0.00508782570761254
2023-10-18,-0.0008280375926026003,-0.0048960014391766634
2023-10-19,-0.0022821516206014652,-0.0016700938389313303
2023-10-20,-0.00021487646961770857,-0.0033267880644571573
2023-10-23,-0.004252820854972102,0.0014526032034688126
2023-10-24,0.0007155976419970752,0.002702833590731113
2023-10-25,-0.004401166223648301,-0.0031321469324330073
2023-10-26,-0.0024689863104723282,0.001353117098947143
2023-10-27,0.0028171551920278316,-0.001383544375817869
2023-10-30,0.002338245262180938,-0.0023320983713099133
2023-10-31,0.0004993183392502913,-0.0008141703973577016
2023-11-01,0.0034818141817954357,0.0039038499007732525
2023-11-02,0.008680565620676673,0.005279567328213227
2023-11-03,0.006672051192602472,0.0013460750541140895
2023-11-06,0.0011381525978007825,-0.00451572649402084
2023-11-07,-0.003981883436585653,8.737533196286525e-06
2023-11-08,-0.0002598224887208363,-0.0020887540934189245
2023-11-09,0.0017596673333776754,-0.008198095568805701
2023-11-10,0.003176175432766256,0.0024840190108841383
2023-11-13,-0.0037077230262571852,0.005431085374040134
2023-11-14,0.014455499405907454,0.004835912635888059
2023-11-15,-0.0006669573717572523,-0.0011229847312047125
2023-11-16,-0.0005400015984555602,-0.00221582410762217
2023-11-17,0.0038093885172744367,0.002017400200155291
2023-11-20,-0.00014482463242854554,0.005426905882249766
2023-11-21,0.0003487557830738952,-0.00043089061071968084
2023-11-22,-0.0018058852349461289,0.00204695875850797
2023-11-24,-0.001051728682216139,0.0013455397568926664
2023-11-27,0.000682079408170555,0.0008409566424744553
2023-11-28,0.0008301208292399887,0.0049178339367465405
2023-11-29,0.004148425745241125,9.501982816844853e-05
2023-11-30,0.0012822587315763172,-0.004277193486451643
2023-12-01,-0.0001454635757307828,0.00893710242144196
2023-12-04,-0.0073122557361254914,0.0004153060159469183
2023-12-05,-0.0010954799867879616,-0.0007131057242206973
2023-12-06,0.0017748422167830939,-0.005796078815457088
2023-12-07,0.001831358739957915,0.0003710252666685454
2023-12-08,-0.0032065638057290347,0.0016117566503366968
2023-12-11,-0.002288766763884172,0.0025961745461903366
2023-12-12,-0.00302902919182854,0.0007377443493191545
2023-12-13,0.001005739549434163,0.017689651700355493
2023-12-14,0.008901538669781658,0.0036515293768682863
2023-12-15,-0.0011558701558331903,-0.0024390319782626514
2023-12-18,0.003370211905681527,-0.0018456856320226312
2023-12-19,0.0025985468212855003,0.004439385369209322
2023-12-20,0.0013647401777684939,-0.007648728265763246
2023-12-21,0.004660442179484063,0.001754231575237027
2023-12-22,0.0031742052011584383,-0.003595774473312955
2023-12-26,0.0032549026051633826,0.0028645793547892985
2023-12-27,0.0015229323079730462,0.0011492779990177836
2023-12-28,-0.0010258198781633845,-0.0026930791496457235
2023-12-29,-0.0018454615954078084,-0.0032406664411105623
2024-01-02,-0.0023280375752236923,-0.003211075765271931
2024-01-03,-0.005725180389456537,0.0014637498175053517
2024-01-04,-0.003118886385330503,-0.0006400270047853373
2024-01-05,0.0002533294825375565,0.0008076761324481948
2024-01-08,-0.005397570098242666,0.008168129883756637
2024-01-09,-0.002577570340860369,0.0011183464668371205
2024-01-10,0.0020976263484049056,-0.002969671503278189
2024-01-11,0.0037122054052754444,-0.0017309448545231273
2024-01-12,0.008717158388677704,-0.004965942802072365
2024-01-16,-0.004202658817464947,-0.005032750813461861
2024-01-17,-0.007477044999623384,0.0016117560698329628
2024-01-18,0.0025430696183785053,0.0020697695369752338
2024-01-19,0.0015070695483870484,0.0026357622533933847
2024-01-22,-0.00027002679402639745,0.002216231561873716
2024-01-23,0.0006984183973820575,0.0002837179965273033
2024-01-24,0.007630376878163621,-0.006843764158721692
2024-01-25,0.006562384674473476,0.0005380420041643408
2024-01-26,-0.000711188637694941,0.0007110961270850573
2024-01-29,0.0014379133859867333,0.003451604646253929
2024-01-30,-0.0003460917166738057,-5.724890517133652e-06
2024-01-31,-0.0003714012599012421,-0.007013936047264013
2024-02-01,0.004254078039919255,0.0021883113653399827
2024-02-02,-0.009301046879714676,0.0022544039222490635
2024-02-05,-0.005346764886766783,-0.00042897001365092
2024-02-06,0.002294839308777156,0.003955399098742088
2024-02-07,0.00025812372676651635,0.0004751093818984161
2024-02-08,-0.00012483085611660893,0.003785683662855151
2024-02-09,4.496067318776239e-05,0.002609184723864348
2024-02-12,-0.0002108390648875913,0.0023803024970644017
2024-02-13,-0.010751318684753423,-0.002877899089034271
2024-02-14,0.004152017146554591,0.0010977607524425151
2024-02-15,0.004920077818662838,0.004290967993585304
2024-02-16,-0.0022469327597346655,0.0013944387509826554
2024-02-20,-0.001041971212711812,-0.0019117384073949583
2024-02-21,-0.0005728646373764986,0.0001997259151645503
2024-02-22,0.0038403528211209035,0.002421013554295426
2024-02-23,-0.0012755618427360061,0.0012112774947274473
2024-02-26,-0.0020203866720796587,0.0003002876864174405
2024-02-27,0.0023093330545143286,-1.4906468271980166e-05
2024-02-28,-0.0018912291851914083,0.0005981728779329787
2024-02-29,0.004499508605811105,-0.0009066519425841912
2024-03-01,0.002741837865814493,0.007558932770766565
2024-03-04,0.0010958190921943759,0.000894856731742677
2024-03-05,-6.398015564753241e-05,-0.0035629217982440157
2024-03-06,0.0069343975835354675,0.00029279638590800814
2024-03-07,0.0027070655929420854,0.001548230964232126
2024-03-08,0.0018480732386650415,-0.003155633201865219
2024-03-11,-0.0010533285001292025,0.0009188816434224571
2024-03-12,-0.0007171677018093255,0.0005432422375013586
2024-03-13,0.001576895346502923,0.002007043200889417
2024-03-14,-0.00012263415004680014,-0.00434847702920799
2024-03-15,-0.0013804095251658487,0.0005721775641993313
2024-03-18,0.0036249942169614153,-0.0011208954324761395
2024-03-19,-0.0013111871649112686,0.002841800132261259
2024-03-20,-0.001885499447112234,0.007787408111426538
2024-03-21,0.0031072312144392765,-0.0029654313267953943
2024-03-22,0.0011286118142384597,-0.0034581673480138446
2024-03-25,-0.00025040737429196105,0.0002363403888739235
2024-03-26,0.0024599326063281745,-0.004330864606656785
2024-03-27,0.002397840167616224,0.00495947018575155
2024-03-28,0.001061965762597487,0.002847603565967886
2024-04-01,0.00230988405574896,-0.00456199389532778
2024-04-02,-0.0014464226368718469,0.0026600895353197317
2024-04-03,-0.000613389417867564,0.005867774275347874
2024-04-04,0.00341745664971916,-0.006386633028720393
2024-04-05,-0.0004951562921915305,0.0043000305453055965
2024-04-08,0.00261668955845434,0.00039331205843338155
2024-04-09,0.003954475864601389,-0.0007059783918517803
2024-04-10,-0.010169404869242811,-0.0008161540442034025
2024-04-11,0.0029729810662133906,0.0015034402187313297
2024-04-12,0.0029623576720002893,-0.009924201738990652
2024-04-15,0.0027505383786183093,-0.006383725310502139
2024-04-16,-0.004988401922940781,-0.0007381163905064787
2024-04-17,0.0023534058173914443,-0.006730837629495726
2024-04-18,0.0025033348592889376,-0.003363786355224977
2024-04-19,0.0004211883247030516,-0.00022013367936464246
2024-04-22,-0.00422796849798075,0.003862119912879088
2024-04-23,-0.0016380364236064705,0.007962604085157653
2024-04-24,-0.0006508609187623267,-0.0009682466663650283
2024-04-25,-0.006971559179435949,0.00616918228606748
2024-04-26,0.004475681343979739,0.0002367505599636166
2024-04-29,0.0020598691868369897,0.0005736044934257907
2024-04-30,-0.0067905427867482,-0.006353300083343679
2024-05-01,0.00013747072990775896,-0.0013020605786933982
2024-05-02,0.00264405122392386,0.004800087195479507
2024-05-03,0.006683178308294302,-0.00157345595679248
2024-05-06,0.005513989127822031,0.0022436833562919406
2024-05-07,0.0007451601029190143,-0.0001763148480329324
2024-05-08,-0.004784336272335788,0.0030283867927676975
2024-05-09,0.0014851323198316058,0.006298598703864318
2024-05-10,0.0021568777292004645,-0.0040053974601618565
2024-05-13,0.0026602849808277465,-0.0009065394945481531
2024-05-14,0.0016912573488880275,0.00215437508879656
2024-05-15,0.005610281453761116,0.005586813235638211
2024-05-16,0.0005710851943792061,-0.0017887687760228459
2024-05-17,0.0028318916238951664,0.003588741387496926
2024-05-20,-0.0006894043944473276,0.0016813327069054992
2024-05-21,-0.0011838024381923902,0.0012472696616896946
2024-05-22,-0.0036763627378683995,-0.004304087459385249
2024-05-23,0.0032844801468950636,-0.012059775373918483
2024-05-24,0.003450796182800094,0.0014179103316579826
2024-05-28,0.008219343216057455,-0.0031164648982949126
2024-05-29,-0.006518938521320913,-0.0018326645358994309
2024-05-30,-0.0002659644785139618,-0.0008504033454525069
2024-05-31,0.0031354045702685074,-0.002456932628203782
2024-06-03,0.0030285480194864136,-0.003137260653015228
2024-06-04,-0.0042493900824948526,0.0004912688432720118
2024-06-05,0.00395614818666156,0.004611643432868506
2024-06-06,0.0010657467081873096,0.004101091225982701
2024-06-07,-0.009219944988247327,-0.003930892805926356
2024-06-10,0.000833252973140904,0.0048610884891086
2024-06-11,-0.00290608149190917,0.0027293607126495016
2024-06-12,0.01292633234851163,-0.005446940909077166
2024-06-13,0.0010950179820981157,-0.002223128067354822
2024-06-14,0.0006807298092367242,0.001150993227653744
2024-06-17,-0.002400293723459453,0.004494972851532397
2024-06-18,0.0001481073726481874,0.004365235087249072
2024-06-20,0.001034988125884495,0.0012874191224626482
2024-06-21,-0.0014012426197880013,-0.003643272403923407
2024-06-24,0.0009840656351280655,0.0012204047850005618
2024-06-25,-0.0010797549651070382,-0.0017559589819441611
2024-06-26,-0.004375505594746517,0.0011922498994317262
2024-06-27,0.0037478861814146244,0.0009292857226888662
2024-06-28,0.003812141711345392,-0.005822104468076894
2024-07-01,0.0012393046683739787,-0.00029922482514971684
2024-07-02,0.001186185240068993,0.0021978677278634046
2024-07-03,0.003981175969540396,0.003690160845012887
2024-07-05,0.0037924251586814563,0.001820501667359172
2024-07-08,-0.000924489629413768,-0.0014974611534330625
2024-07-09,-7.839880165051808e-05,-0.0014958161340547394
2024-07-10,0.002469171706753855,0.0028028125613574965
2024-07-11,0.006839081276753715,0.000346021042710983
2024-07-12,0.00017438843099858067,0.0013546820711092034
2024-07-15,-0.0006683039670179063,-0.00036812200480208134
2024-07-16,0.0009407166549282753,0.0067872504822761226
2024-07-17,-0.004374202904865624,-0.001697712024685686
2024-07-18,0.00016273309617443517,-0.007608347017767144
2024-07-19,-0.004735302503110169,-0.0034518850945448004
2024-07-22,0.0019580539858468082,0.0023746117720712407
2024-07-23,-0.0021803421634220294,0.0004523447833177707
2024-07-24,-0.0018559086007842321,-0.008539083512446513
2024-07-25,-0.004455360377969097,0.0013921899896657635
2024-07-26,0.004644175110841764,0.0009858676622788683
2024-07-29,0.0028414590530320806,-0.004129090694149173
2024-07-30,0.001375208673122493,-0.0006406412229953195
2024-07-31,0.00998209200511122,0.004118410370308689
2024-08-01,0.0014164521245166575,-0.010419187278493832
2024-08-02,-0.006316861542143785,-0.001915030581992605
2024-08-05,-0.024536791681841714,0.008951815876234392
2024-08-06,-0.0034573760438861624,0.0028265749359140204
2024-08-07,0.008186411981766633,-0.00871683821386063
2024-08-08,0.005243970253726538,0.007087329296256795
2024-08-09,0.002846475050850213,0.0010794396594427417
2024-08-12,0.0028891543030541865,0.002432361976286468
2024-08-13,0.002434801414384517,0.003297928001754006
2024-08-14,-2.747736851487955e-05,-0.0017273952096162966
2024-08-15,0.005405420074191921,0.0031641307152561636
2024-08-16,-0.00045225200215712007,0.004018157317641716
2024-08-19,0.00027438243058949634,0.003218566499448909
2024-08-20,0.0022445580291031867,-0.003792341710622386
2024-08-21,0.0020139350502371553,-0.000434993157902593
2024-08-22,-0.00028679427877122224,-0.005263299124500631
2024-08-23,0.007081694018169834,0.006920785187914628
2024-08-26,0.004702439888653776,-0.0034790088358710226
2024-08-27,-0.0031415919242556343,0.0018561565250429328
2024-08-28,-0.0034799799298051476,-0.002722421352029018
2024-08-29,0.002663396479993296,0.00019314950974211876
2024-08-30,0.0001688177309468649,-0.0028937675521551504
2024-09-03,-0.0057453617978085346,-0.007049383975663962
2024-09-04,-0.0020762363648547,0.0015296382931842803
2024-09-05,0.005118032394912538,-0.002222870618903339
2024-09-06,0.0006778193372301234,-0.011522097886515497
2024-09-09,0.0026665379794421997,0.0038305779061027206
2024-09-10,0.0010374229899910178,-0.00163675933023264
2024-09-11,0.00028846147918011323,0.004749840508447267
2024-09-12,0.0040922766979710834,0.0060424810611769
2024-09-13,0.004530634600386599,0.0020846716901457008
2024-09-16,0.002566992636131286,0.0010901765130839477
2024-09-17,0.0015878275208318267,-0.0013171290964528219
2024-09-18,-0.001014372612024387,-0.004890093215140416
2024-09-19,0.01244335026629016,0.0004779478340382874
2024-09-20,-0.0006054341367845995,0.00033487927050364813
2024-09-23,0.0009011799901382048,-0.001140308766013646
2024-09-24,0.004735062385109301,0.004761950435431387
2024-09-25,-0.0027180366538002375,-0.0035705611357285264
2024-09-26,0.004825487843543767,-0.0025805932646184877
2024-09-27,0.0020358143986191884,-0.001366290973817493
2024-09-30,-0.00267556853140023,2.539553643221559e-06
2024-10-01,0.0023553861440913427,0.0004486758691076546
2024-10-02,0.0025140168839617337,4.771716531385787e-05
2024-10-03,-0.0028489118360523293,0.003011029031455618
2024-10-04,0.001559211366309706,0.000810295317513976
2024-10-07,-0.0013417688160287508,-5.770918494992413e-05
2024-10-08,-0.005848179249099469,-0.0007285316800862788
2024-10-09,-0.00548441210153355,0.0041150352945996
2024-10-10,-0.0005547787577922255,0.004311350995870729
2024-10-11,-0.0007249963516431072,0.005657278928814691
2024-10-14,-0.004018837952881604,0.003038090353525676
2024-10-15,-0.004498973731825706,-0.0004917049834719522
2024-10-16,0.00304163524150598,0.000962143932065529
2024-10-17,-0.0004827987211077023,-0.0014047384217161932
2024-10-18,0.003222800288513709,0.002159291650983741
2024-10-21,0.00012196816087211016,-0.004564057635086057
2024-10-22,0.0017236232577135062,0.0029744013865724193
2024-10-23,-0.004871700445507806,-0.0022379275666498445
2024-10-24,0.004172596138386334,-0.0021848624917508276
2024-10-25,0.0030946534747327372,-0.0028314321880961984
2024-10-28,-0.0032153528216129156,0.0004014414395181169
2024-10-29,-0.001284861051605346,0.0024501490011703763
2024-10-30,-0.0005977751909610178,0.00035056402984462074
2024-10-31,-0.003687018529166767,-0.0038672859450611828
2024-11-01,0.004452099703324696,-0.007778960844984706
2024-11-04,0.006383897846750019,0.00012200950427898594
2024-11-05,0.0020737987172944356,0.005153142459066343
2024-11-06,-0.0067373513750119685,0.0030435674408260485
2024-11-07,0.004902440401162936,0.0050369094138827805
2024-11-08,-0.0024431524842247086,-0.0008028339927371212
2024-11-11,-0.004376886899622767,-0.0015860431670337608
2024-11-12,-0.002317762059178263,-0.005544155819205014
2024-11-13,0.002448349726788431,-0.0060434737243600855
2024-11-14,0.0029376067605586973,-0.004272351295610617
2024-11-15,-0.0014848959751597353,-0.004821241460416048
2024-11-18,0.004217874447006009,0.005376852625929263
2024-11-19,-0.0005365655706666953,0.003965052119083534
2024-11-20,-0.0007546823756789871,-0.0005221432512045358
2024-11-21,0.0033521649665809432,0.0006923460649985502
2024-11-22,0.0012827042530760538,0.004407798140605538
2024-11-25,0.0002407273847885305,-0.0013597937737922876
2024-11-26,0.000325037792676793,-0.0010181921810353675
2024-11-27,0.0019809330766740554,-0.0020797186480013756
2024-11-29,0.0041593600955176875,0.0008842812338409963
2024-12-02,3.283357775352158e-05,-0.0010149832647115516
2024-12-03,0.0031465221365164866,-0.0002942861058638021
2024-12-04,0.0015398290723612317,0.0007882187386638373
2024-12-05,-0.000772460310718411,-0.0008874607417292439
2024-12-06,0.00046540899335196785,-0.0013289989614701995
2024-12-09,0.006565386962824315,-0.003298260699659113
2024-12-10,0.00033769011344356354,-0.002782956312652337
2024-12-11,0.004041008264411982,0.0011126033073117843
2024-12-12,-0.004571214274447747,-0.0027967948958936097
2024-12-13,-0.0005510864431162333,-0.002258430860464955
2024-12-16,0.0011506765236490857,-0.0005447943385973097
2024-12-17,-0.003494854171165085,0.000631128962109743
2024-12-18,-0.0005048838113618966,-0.019389584856000196
2024-12-19,0.00269922639519636,-0.006920076568860208
2024-12-20,-0.0007754793379879239,0.007576867261188313
2024-12-23,-0.00017855676135552684,0.0009877643692852267
2024-12-24,0.0009141335948870492,0.004259922095177108
2024-12-26,-0.001288192722638056,0.002406490745778744
2024-12-27,-0.0025754389235241354,-0.0028166016145307077
2024-12-30,-0.0006964143427954372,-0.0009499471323053621
2024-12-31,0.002160792382232124,-0.0017194143391505564
2025-01-02,0.005845735971493182,-0.0017517698543269085
2025-01-03,0.0028815154360327814,0.001354550696151217
2025-01-06,0.0031191700293752805,-0.002602215731504824
2025-01-07,0.004051854854370067,-0.0073318104717620645
2025-01-08,-0.0002562440513008246,0.00013260980046800875
2025-01-10,0.002071989452633671,-0.004843725822767664
2025-01-13,-0.004397063113060421,0.0040309102230448035
2025-01-14,0.0021468013052922713,0.00035019603418977584
2025-01-15,0.012309510879079248,0.0026001175164284645
2025-01-16,0.00037158902761544874,0.0006401359907456161
2025-01-17,0.0019870784373296367,-0.0006194353137245109
2025-01-21,0.0030851129985276136,0.0036225831992312846
2025-01-22,0.0005525493940994108,-0.0019967196602555712
2025-01-23,-0.0033461728602010095,0.002638461999275051
2025-01-24,0.0017117379303866365,-8.048413740503098e-05
2025-01-27,-0.006879318465458647,0.0006178423817738699
2025-01-28,0.001116649648857256,0.0020752583272480567
2025-01-29,0.0010286996744915658,-0.0028371323451409284
2025-01-30,0.00618955832342698,0.0012559657900215182
2025-01-31,0.0008456719556585816,-0.004281421472845367
2025-02-03,-0.003785584308117366,0.002658819734438341
2025-02-04,-0.001403535475892359,0.007620207472610918
2025-02-05,0.0013392109533856278,0.002448023044836482
2025-02-06,0.0013149132487198696,-0.001199704967089151
2025-02-07,0.0019595406408495033,-0.00620747678558482
2025-02-10,0.00565940392913733,0.0010922083231281743
2025-02-11,-0.002607733390970653,0.002029331376193218
2025-02-12,-0.007009925427706302,0.0028751821638126175
2025-02-13,0.0009691410456731386,0.006549987565087252
2025-02-14,0.004623380726630991,-0.005037872213892617
2025-02-18,0.0033318573665178505,0.0016775287430436992
2025-02-19,-0.0008100604470093383,0.0011425598784882288
2025-02-20,0.0011593845833402913,-0.0003543352994837878
2025-02-21,0.0007790072536251487,-0.008796860015491677
2025-02-24,0.0007726660611051909,-0.0021663174300749154
2025-02-25,0.0016406166984653506,-0.004129590525486411
2025-02-26,0.0009293508075352896,0.00031205141589920606
2025-02-27,0.00013520824880481898,-0.007196991025841985
2025-02-28,-0.002252654828895902,0.0056211821410794205
2025-03-03,0.003313800125507556,-0.007449607303125464
2025-03-04,-0.0016514658743567389,-0.0008023249776416848
2025-03-05,-0.000945844552075122,0.005616478719802561
2025-03-06,-0.005924286544693414,-0.002844245650699051
2025-03-07,0.0022086147381364272,0.0011169231907198244
2025-03-10,-0.003939015201620758,-0.00798265538766852
2025-03-11,0.0032996442584727705,-0.002621488962807339
2025-03-12,0.004185026193535764,-0.0007364790979245435
2025-03-13,-0.0020778344129095774,-0.0011017158284678233
2025-03-14,0.004577743304129278,0.004321131634470335
2025-03-17,0.0013727465134169743,0.005304185371999289
2025-03-18,0.0006098253053145116,-0.003333628185828726
2025-03-19,0.00044951135037013166,0.004865299406241045
2025-03-20,-0.0036438618147397682,0.0024640328689405615
2025-03-21,-0.004634876568146784,0.0006495821177837202
2025-03-24,0.003874936606676297,0.0014784825386337703
2025-03-25,0.002427868081188563,-0.0010525976980576704
2025-03-26,0.0002649118418453981,-0.0045243593283690025
2025-03-27,-0.00020052519876515942,0.001804848992465032
2025-03-28,0.000681649980717484,-0.006472269230814587
2025-03-31,-0.0018182205689910727,0.007178356831841648
2025-04-01,0.000654017486218265,0.0006058408417964308
2025-04-02,-0.0026694686022946668,0.006669291926071153
2025-04-03,-0.02437445941796522,-0.004825907822172012
2025-04-04,-0.020717767699146402,-0.013087990218686134
2025-04-07,-0.01816687024523144,0.0033728596175565412
2025-04-08,0.015983577893608433,-0.029078361547007707
2025-04-09,-0.004567481907254326,0.054163770663703335
2025-04-10,-0.014277307208209486,-0.005154431869146799
2025-04-11,-0.00041801723955974256,0.013525258220572689
2025-04-14,0.007343467165255979,-0.0008955785995094464
2025-04-15,0.0007497731664916444,0.0013802358149194024
2025-04-16,0.00045283193801935647,-0.00026642041213002326
2025-04-17,0.0024693917318833044,0.0015790324537981644
2025-04-21,-0.0028713394792513705,-0.005553311160487236
2025-04-22,0.007493358307053274,0.0020161921718409173
2025-04-23,0.01143297026774175,-0.005647914648284172
2025-04-24,0.0035130578664782862,0.007013650887075995
2025-04-25,-0.0034481219933368092,0.004917003855815497
2025-04-28,-0.0003237781909165497,0.0017098688611291602
2025-04-29,-0.0026783645327446964,0.0017831518275116087
2025-04-30,-0.006079395024552444,0.0005981952714217827
2025-05-01,0.0016578521291250221,-0.0008147169744568749
2025-05-02,0.006511696706542828,-0.0009792235209427882
2025-05-05,-0.00034617171835266505,-0.0004890227538165259
2025-05-06,0.0025112021969753966,0.0017092890965920483
2025-05-07,-0.001093824992239097,-0.0024992641278376304
2025-05-08,0.004380399904425166,-0.0018948382166450303
2025-05-09,0.0038463727172117473,-0.00011144426168071171
2025-05-12,0.011661652770626882,-0.0024984903461172064
2025-05-13,0.0014196316063900187,0.0028542083671293443
2025-05-14,-0.002680052804526508,-0.003118864008675833
2025-05-15,-0.0013518528432889438,0.005685627133728458
2025-05-16,-0.0006416247076825569,0.002198082646566187
2025-05-19,-0.005414425935249034,0.006857827812282014
2025-05-20,-0.0016787026799971313,0.004010022731317394
2025-05-21,-0.002492083966808186,-0.006672703156113665
2025-05-22,-0.0034830954114169663,0.0019254082747352111
2025-05-23,-0.002138113367040321,0.004786080776824002
2025-05-27,0.0024463901766304643,0.0038248349320897973
2025-05-28,0.00017245901213537677,-0.0034647783356799374
2025-05-29,0.00425835844516648,-0.0015031341476035318
2025-05-30,-0.0023831412945446735,2.8396641879295064e-05
2025-06-02,0.005728409337147755,0.004223753212655712
2025-06-03,-0.0009674881070972437,0.002741372588796128
2025-06-04,0.0021062392597984776,0.0005162341347492161
2025-06-05,0.005573797294924509,-0.0037325457410142334
2025-06-06,0.0034799078424558203,-0.00023932038518294322
2025-06-09,0.001686368421310469,0.002259077182058015
2025-06-10,0.002509411657464633,-0.0003063990295469591
2025-06-11,0.002582268251221357,0.0008136770326278242
2025-06-12,-0.0002500841037781957,0.0036673229057522534
2025-06-13,0.002066344017607613,-0.0013973520521214885
2025-06-16,0.0015516875120210605,-0.0012001083011822012
2025-06-17,0.00263008004332604,0.0012212171092979896
2025-06-18,0.0022856563963499963,-0.0023220566357717706
2025-06-20,-0.00016011882490998274,-0.001406089098555774
2025-06-23,0.0007349389070380926,-0.003187617932888176
2025-06-24,-0.003496953740463467,0.003323221170126482
2025-06-25,-0.0012188764087737835,-0.00020589718938675007
2025-06-26,0.0021076971593651035,0.003069545578587207
2025-06-27,-0.0026702766087876697,-0.00011313386989630174
2025-06-30,0.0022905724739438935,0.001491563530382741
2025-07-01,0.0006362495489733444,0.0015339497004682142
2025-07-02,-0.00021512278671080112,0.006037369054853785
2025-07-03,0.00031355139232856674,0.0010850501876715842
2025-07-07,-0.003750561641548959,-0.0007592038765226035
2025-07-08,-0.0004554365199111935,0.0009646614560426814
2025-07-09,0.0006681361213625466,0.002548104399670555
2025-07-10,-0.0009629896831354919,0.002144377347732392
2025-07-11,-0.0008489862896306895,0.002854005836528417
2025-07-14,-0.00022256313237412062,-0.0013982979246080238
2025-07-15,0.0019895001722330346,-0.0069247112969102135
2025-07-16,0.0007024611797269357,0.0024552329939668827
2025-07-17,-0.0007301478783764119,0.005244540712502614
2025-07-18,0.0037739470224630164,-0.004109919429713431
2025-07-21,0.0041379598880073,-0.00013286143291147597
2025-07-22,0.0003682942533983565,0.002924103313566473
2025-07-23,0.0007729257324508761,0.001661769833297607
2025-07-24,-0.0023449847968864514,0.0002737372271325607
2025-07-25,-0.0012502829196559576,-0.001307301661577213
2025-07-28,0.0013120244045348912,-0.0015021390658569742
2025-07-29,0.0025413146289510412,0.003283876360419358
2025-07-30,-0.0018943041879804668,-0.00316293629880684
2025-07-31,-0.0002808750272380441,-0.004385161678889486
2025-08-01,0.0011133717861287066,-0.005159021296333432
2025-08-04,0.0024099023369639427,0.003924204224013931
2025-08-05,-0.00015709423445779228,-0.00038622387583691075
2025-08-06,0.001552049454728007,-0.0021719025668781515
2025-08-07,0.005336998806011772,-0.003119336688760114
2025-08-08,0.001093327574876842,-0.00041510327871121524
2025-08-11,-0.0012045881961383713,-0.0013364896538138327
2025-08-12,0.000544303141020815,0.0038312937114913124
2025-08-13,0.0037466647959528477,0.001577907105753192
2025-08-14,-0.003094756764869544,0.00010517709654753738
2025-08-15,-0.0012607867438570563,-0.0005401945637216002
2025-08-18,-0.00012520640898054934,0.0002223571591409031
2025-08-19,-0.0003308643260585849,-0.003026318861474938
2025-08-20,0.0022304428221527747,0.0011285441313372798
2025-08-21,-0.0022131644089870375,0.001542850457265669
2025-08-22,0.002291822614700519,0.010098546060939583
2025-08-25,-0.0015425480170955389,-0.0008356201032056958
2025-08-26,-0.0019772916082326786,0.0012890719754921139
2025-08-27,-0.002605730707145019,0.004092763522731032
2025-08-28,0.0018219141678926724,0.002145748133175148
2025-08-29,-0.001473315907796032,0.0003605679132828573
2025-09-02,-0.0026281879319497953,0.004975981836080545
2025-09-03,0.0003748431696154908,0.0008416890978621675
2025-09-04,-0.0006855361056676983,0.002906433095016577
2025-09-05,0.004639468954369678,-0.0016178894953535453
2025-09-08,0.0039751385055804295,0.0007734013344993018
2025-09-09,0.0010681527162310115,-0.001815463786667526
2025-09-10,0.0032929875570172572,0.00028969456136755206
2025-09-11,-0.0005669037874735716,0.004972503301835807
2025-09-12,0.0018386715731261753,-0.001638659589151888
2025-09-15,0.0034226988945289527,0.0019048514546063414
2025-09-16,0.0018640457519613148,-0.0006802602822039964
2025-09-17,-0.00046499184672885716,-0.0031446686783024092
2025-09-18,0.0004668532611339297,0.0013008925236396593
2025-09-19,0.00013060772751539347,0.00027049046105923996
2025-09-22,-0.00028448513278539846,0.0040375275836611975
2025-09-23,0.0030658986154012227,-0.00078463806304457
2025-09-24,0.0011987153727348525,-0.0030343230687728336
2025-09-25,-0.0017055627614060913,0.0027043440744947875
2025-09-26,0.0010076034922823496,0.0029345324461355587
2025-09-29,0.0024887104105016564,-0.0006503934351834717
2025-09-30,-0.0024194749603288898,0.002738236845896728
2025-10-01,-0.0002637774886359893,0.003204325014452891
2025-10-02,0.0020058004725294733,-0.003425959969034505
2025-10-03,0.003515732730690265,-0.00038613130025682007
2025-10-06,0.003936755379684816,0.00013400473149067043
2025-10-07,0.0009456575515580805,-0.002705900623297623
2025-10-08,0.004210722414581787,0.0013350792347204858
2025-10-09,0.0032641164694410846,-0.007980908933369068
2025-10-10,0.0008295304894374726,-0.013097380853849417
2025-10-13,0.01064616958553164,0.003388455802487885
2025-10-14,-0.007669990838885798,0.006916361350212371
2025-10-15,0.007000902745030994,0.00015975074014730565
2025-10-16,0.0020966605543960054,-0.0016872104915541437
2025-10-17,-0.00265467417405331,-0.0006541296117990628
2025-10-20,0.0048010594622065845,0.004967768466825066
2025-10-21,-0.0066919922546264665,-0.004641600837190747
2025-10-22,0.0009657589645889401,0.000655660679059437
2025-10-23,0.005611064474454512,0.0008306713643703686
2025-10-24,0.0038092665320889805,-0.0011908233349120427
2025-10-27,0.0002888406383897868,-0.0007647839155065542
2025-10-28,-0.0028186114104310784,-0.00028288247976964906
2025-10-29,0.004021612898249745,-0.005925683605254125
2025-10-30,-0.0027730232148653,0.002061907621096363
2025-10-31,0.0025311591909294327,-0.001581998500948097
2025-11-03,0.001135714936282047,-0.0006735381864475383
2025-11-04,-0.007641217026813944,-0.0008514270937381847
2025-11-05,0.0017172582804754273,0.00098390061686775
2025-11-06,0.0002000601942342713,-0.00363303047636568
2025-11-07,-0.000816417971074738,0.003368571998904879
2025-11-10,0.007678639985175025,0.003275604002300551
2025-11-11,0.002193996433958715,0.0025195286109543913
2025-11-12,-0.00029018875271582536,0.0002561567498700956
2025-11-13,-0.0012925125079395806,-0.008974790506392886
2025-11-14,-0.005486393439692772,0.0035713655331699825
2025-11-17,-0.00163522062512557,-0.004395656865361378
2025-11-18,-0.0009207012739412379,0.0021141204573326576
2025-11-19,-0.00030178410222640267,-0.0012474849970690667
2025-11-20,0.005871382761151126,-0.013445403537298306
2025-11-21,-0.000596786892441418,0.004533670028859523
2025-11-24,0.0015770673141679125,0.008592583413599275
2025-11-25,-0.0013742964383080278,0.004663581044398664
2025-11-26,0.0020191522930529467,0.006035661213763666
2025-11-28,0.003396126802258722,0.004375932709539317
2025-12-01,-0.003622872432130183,0.0016104798865928045
2025-12-02,0.0009523290586035849,-0.0009386279518717474
2025-12-03,0.000576026526357154,0.0024296131721015155
2025-12-04,-0.0009382404745943578,0.0002758378458910767
2025-12-05,0.002751511616415159,-0.00047494656028221154
2025-12-08,-0.0005114849965378587,-0.003856368598460702
2025-12-09,0.0009055311069461336,0.0013999934444975863
2025-12-10,-0.0006073252970860625,0.007041959359680298
2025-12-11,-0.002047964196184826,0.004014431324376614
2025-12-12,0.0006036714610945533,-0.008388059088526533
2025-12-15,0.005248264536294774,-0.004353343350229226
2025-12-16,-0.0035321976610144614,-0.00016817196959473997
2025-12-17,0.004066692318502866,-0.0015236489777373278
2025-12-18,0.003945660781926108,-0.0026168097391506386
2025-12-19,0.0021415404541033373,0.0035156071982228956
2025-12-22,0.006626518366831465,0.0010163312542869581
2025-12-23,0.0010136713269775091,0.004595749473914116
2025-12-24,0.0008274525549188283,0.001401479508700354
2025-12-26,0.0035534843685361456,0.001842784365972768
2025-12-29,-0.007241563452490289,-0.0006779608848386391
2025-12-30,0.00533687177973925,-0.0019786982856209536
2025-12-31,-0.0035704863217962918,-0.006434549738930776
2026-01-02,0.007243881740128585,-0.0022112418712920984
2026-01-05,0.008751193987167246,0.003317743821020813
2026-01-06,0.0032361531375000824,0.003243657683264415
2026-01-07,-0.003951627425704999,-0.0014896126387242321
2026-01-08,-0.004517463411903999,0.007853021472332362
2026-01-09,0.0033658330817858627,0.0035402727430776733
2026-01-12,0.0037404400688857494,0.005054227258982413
2026-01-13,0.004672788704126233,-0.0015919528095482249
2026-01-14,0.00558676365741686,0.0006170058430465882
2026-01-15,-0.002041512478669157,0.0006971867548282828
2026-01-16,-0.0012151330472432997,-0.0006363538728573722
2026-01-20,0.0008149775549384896,-0.002251343743299746
2026-01-21,0.006047084083899312,0.0024185217248727576
2026-01-22,0.0020299949166519373,0.0018905058144891888
2026-01-23,0.004627954908686949,0.003480766734119611
2026-01-26,0.007000529160895908,-0.0012313052210490985
2026-01-27,0.0016960765610939843,0.007096815429759492
2026-01-28,0.0037278858206810134,0.0020646587852300707
2026-01-29,0.010200571789732719,-0.006151742613196457
2026-01-30,-0.017603711343942504,-0.01578859110578273
2026-02-02,-0.009427335424057137,-0.0004944440998571646
2026-02-03,0.012623893549143816,-0.001616670158659798
2026-02-04,0.0069112777908773015,-0.00623063412957973
2026-02-05,-0.01465622407998745,-0.002861013670691996
2026-02-06,0.006118591449249969,0.00980537185675275
2026-02-09,0.0020860449627664018,0.00911991881852748
2026-02-10,0.0007259128818577487,-0.002343386216195379
2026-02-11,0.007987144995948532,-0.0025148021455506948
2026-02-12,5.404990144920093e-05,-0.01738901475878043
2026-02-13,0.0055065090798871305,0.001522270169949961
2026-02-17,-0.005725823699969709,-5.81015588634252e-05
2026-02-18,0.00761785805097582,0.003291488246005795
2026-02-19,-0.00045563816829079505,0.0031610133204134304
2026-02-20,0.001028850673286826,0.008957459636104791
2026-02-23,0.0022176160739816393,0.00032556631800035875
2026-02-24,-0.0029018562616107985,0.0039372851612906375
2026-02-25,0.004131440265872407,-0.0012246006245798377
2026-02-26,-0.0022732311661182686,0.0027231218265545273
2026-02-27,0.002905396964405734,0.0030993558968937557
2026-03-02,-0.002392005167406689,0.004558943747752809
2026-03-03,-0.014677834764627688,0.0007456025228952538
2026-03-04,0.0040234199463976255,0.0023214221049212705
2026-03-05,-0.0030377745431047357,-0.0007651147014689682
2026-03-06,0.002620148037081016,0.004897497950438279
2026-03-09,0.0034504134091981756,0.0015585588988744033
2026-03-10,0.005479391674828997,-0.0023832750750303407
2026-03-11,-0.003804399711647551,0.0019234721325678643
2026-03-12,0.0019164989015490648,-0.00452524532961589
2026-03-13,0.0005927639779879609,-0.00627574965848409
2026-03-16,0.005109080636177551,-0.0016727839469667567
2026-03-17,0.005107500115165905,-0.000764514802000571
2026-03-18,-0.0042838482309067285,-0.0052559273141265924
2026-03-19,-0.01689731193611599,0.008395037024038527
2026-03-20,-0.002279382894127598,-0.01462535993972008
2026-03-23,-0.00012150873746576973,-0.0009406393243053849
2026-03-24,-0.0027059695948196644,0.004139723809080342
2026-03-25,0.007655282100063935,0.0012809396985900001
2026-03-26,-0.006877245588797979,-0.006853998504446753
2026-03-27,0.002168545031850518,0.0027701157481498186
2026-03-30,0.00958682079281754,-0.0056840546826583795
2026-03-31,0.008233238200808258,0.009775811277177304
2026-04-01,0.0013656981061699696,0.0010168828585612522
2026-04-02,-0.003759720686055205,0.011200519803361253
2026-04-06,5.848233324178646e-05,0.0025057111207182755
2026-04-07,-0.0010328562421748992,0.00139344045899501
2026-04-08,0.008473650674998997,-0.0005743282090323006
2026-04-09,-0.0003504855697833579,0.004551521958910983
2026-04-10,0.0010740940633218695,-0.0024566872269882706
2026-04-13,0.002158852532448437,0.004302948536035374
2026-04-14,0.0037448167792360895,0.004888637269948689
2026-04-15,-0.0015338187881628182,0.0009411724984204506
2026-04-16,0.0027398431287544303,-0.0005221844246117454
2026-04-17,0.000550732740577975,0.0034516978737271294
2026-04-20,-0.00010464302263653764,0.0013799569086345054
2026-04-21,-0.0013702501088870426,-0.004616876199260478
2026-04-22,0.0069401711068522555,0.0006767123934909784
2026-04-23,-0.0013863760323981364,0.0002503570359541666
2026-04-24,0.0007225808535588962,0.0028324201763569572
2026-04-27,-0.00025721522785503067,-0.0002061208337699331
2026-04-28,-0.004142025210967877,0.0018262615185279385
2026-04-29,0.000942736216252323,0.0009569838401996581
2026-04-30,0.003073322318745553,0.004724992452959217
2026-05-01,-0.0007063336701625955,0.0012333948648399022
2026-05-04,-0.0026951481108379305,-0.0006801856499864644
2026-05-05,0.0032644775887363067,0.0012815506735742574
2026-05-06,0.005768496039155798,0.0027451391162990704
2026-05-07,0.0008164436860699083,-0.0033305946602696663
2026-05-08,0.003808090151091174,0.0028832972976961784
2026-05-11,0.005896548362741131,0.0024938526968447156
2026-05-12,-0.0021126128718403545,0.0019210653241828876
2026-05-13,0.0001541490565482621,0.0008892435950620392
2026-05-14,-0.0018361837398739014,-0.0007624337914789041
2026-05-15,-0.01286383780659924,-0.0016851376725677343
2026-05-18,0.00248900762866775,-0.00027865064241328806
2026-05-19,-0.006060479710303472,0.0006496442225826311
2026-05-20,0.0005878591048493531,0.005404515039270108
2026-05-21,-0.0010061856461811422,0.0030420230401910107
2026-05-22,0.0004246626945367519,-0.0014931341858313463
2026-05-26,0.004096784614829733,0.001795068499055678
2026-05-27,-0.007579539019028932,0.0001777655691633647
2026-05-28,-0.0009765116552953164,0.004867579835887948
2026-05-29,-0.0001541917820118958,-0.0009214203716326234
2026-06-01,0.0010849748956164751,0.0022438359456703103
2026-06-02,0.0017155508038939542,0.0024975372741607325
2026-06-03,-0.0017982233446055761,-0.0021102793147065907
2026-06-04,-0.0013280784760942115,0.002164538903182045
2026-06-05,-0.011331300382098057,-0.013932845450057515
2026-06-08,0.007601835642188674,-0.0036787926766829997
2026-06-09,0.0030543451074387606,-0.007990586585940488
2026-06-10,-0.0036112355177819744,-0.004531788307368778
2026-06-11,0.003024910562289869,0.011586894199131859
2026-06-12,-0.001607104401916056,0.0018881005285501815
2026-06-15,0.008471160380280026,-0.0011624385182378665
2026-06-16,-0.0022214214634924236,-0.004097240070209344
2026-06-17,0.0022276557954555632,-0.012001472646243723
2026-06-18,0.006569496082426881,-0.00035281215544972583
2026-06-22,-0.0006659677834594276,-0.0016531645402160752
2026-06-23,-0.014965311675881205,0.0008741338481333294
2026-06-24,-0.007687474567258335,-0.001978560317741544
2026-06-25,0.007514035351356211,-0.00043382594640667036
2026-06-26,-0.005842867632308369,0.0033071376368101943
2026-06-29,0.0006253249304644326,0.0018820317589668548
2026-06-30,0.0010672394447335254,0.00036106566524030846
2026-07-01,-0.004611756412921175,-0.0014814706676609187
2026-07-02,0.004478325840993066,-0.0013594174181535523
2026-07-06,0.005287075093710032,0.0020297082580123045
2026-07-07,-0.002610058144881607,-0.0018750873872228698
2026-07-08,-0.0033813788950210516,0.0016826191142165806
2026-07-09,0.003346410562194572,0.0005056895613778645
2026-07-10,-0.0008786738974235023,0.0006778699452071398
2026-07-13,-0.0026110161152178126,8.582238940280096e-05
2026-07-14,0.008990650724167345,-0.00168529095135986
2026-07-15,0.0018854638574661445,-0.0008034790856044231
2026-07-16,-0.0059301347194345546,-0.0015014260000962398
2026-07-17,-0.0031307279753984693,0.005086459022409532
2026-07-20,0.0021125261656807837,-0.002570498140969413
2026-07-21,0.009571164966481879,0.0024783714149453056
2026-07-22,0.002229463355133262,-0.0005121653610655974
2026-07-23,-0.0040635850632348754,0.0007615377349327046
