Date,pairs_cointegration
2007-01-03,0.0
2007-01-04,0.0
2007-01-05,0.0
2007-01-08,0.0
2007-01-09,0.0
2007-01-10,0.0
2007-01-11,0.0
2007-01-12,0.0
2007-01-16,0.0
2007-01-17,0.0
2007-01-18,0.0
2007-01-19,0.0
2007-01-22,0.0
2007-01-23,0.0
2007-01-24,0.0
2007-01-25,0.0
2007-01-26,0.0
2007-01-29,0.0
2007-01-30,0.0
2007-01-31,0.0
2007-02-01,0.0
2007-02-02,0.0
2007-02-05,0.0
2007-02-06,0.0
2007-02-07,0.0
2007-02-08,0.0
2007-02-09,0.0
2007-02-12,0.0
2007-02-13,0.0
2007-02-14,0.0
2007-02-15,0.0
2007-02-16,0.0
2007-02-20,0.0
2007-02-21,0.0
2007-02-22,0.0
2007-02-23,0.0
2007-02-26,0.0
2007-02-27,0.0
2007-02-28,0.0
2007-03-01,0.0
2007-03-02,0.0
2007-03-05,0.0
2007-03-06,0.0
2007-03-07,0.0
2007-03-08,0.0
2007-03-09,0.0
2007-03-12,0.0
2007-03-13,0.0
2007-03-14,0.0
2007-03-15,0.0
2007-03-16,0.0
2007-03-19,0.0
2007-03-20,0.0
2007-03-21,0.0
2007-03-22,0.0
2007-03-23,0.0
2007-03-26,0.0
2007-03-27,0.0
2007-03-28,0.0
2007-03-29,0.0
2007-03-30,0.0
2007-04-02,0.0
2007-04-03,0.0
2007-04-04,0.0
2007-04-05,0.0
2007-04-09,0.0
2007-04-10,0.0
2007-04-11,0.0
2007-04-12,0.0
2007-04-13,0.0
2007-04-16,0.0
2007-04-17,0.0
2007-04-18,0.0
2007-04-19,0.0
2007-04-20,0.0
2007-04-23,0.0
2007-04-24,0.0
2007-04-25,0.0
2007-04-26,0.0
2007-04-27,0.0
2007-04-30,0.0
2007-05-01,0.0
2007-05-02,0.0
2007-05-03,0.0
2007-05-04,0.0
2007-05-07,0.0
2007-05-08,0.0
2007-05-09,0.0
2007-05-10,0.0
2007-05-11,0.0
2007-05-14,0.0
2007-05-15,0.0
2007-05-16,0.0
2007-05-17,0.0
2007-05-18,0.0
2007-05-21,0.0
2007-05-22,0.0
2007-05-23,0.0
2007-05-24,0.0
2007-05-25,0.0
2007-05-29,0.0
2007-05-30,0.0
2007-05-31,0.0
2007-06-01,0.0
2007-06-04,0.0
2007-06-05,0.0
2007-06-06,0.0
2007-06-07,0.0
2007-06-08,0.0
2007-06-11,0.0
2007-06-12,0.0
2007-06-13,0.0
2007-06-14,0.0
2007-06-15,0.0
2007-06-18,0.0
2007-06-19,0.0
2007-06-20,0.0
2007-06-21,0.0
2007-06-22,0.0
2007-06-25,0.0
2007-06-26,0.0
2007-06-27,0.0
2007-06-28,0.0
2007-06-29,0.0
2007-07-02,0.0
2007-07-03,0.0
2007-07-05,0.0
2007-07-06,0.0
2007-07-09,0.0
2007-07-10,0.0
2007-07-11,0.0
2007-07-12,0.0
2007-07-13,0.0
2007-07-16,0.0
2007-07-17,0.0
2007-07-18,0.0
2007-07-19,0.0
2007-07-20,0.0
2007-07-23,0.0
2007-07-24,0.0
2007-07-25,-0.011253826604317858
2007-07-26,-0.011497622025843935
2007-07-27,-0.010610732917536673
2007-07-30,0.005647598514022558
2007-07-31,0.0028749332581696823
2007-08-01,-0.004693655234554712
2007-08-02,0.005362225263215249
2007-08-03,-0.004917609300180703
2007-08-06,0.0018630683484932371
2007-08-07,0.0023615765534200747
2007-08-08,0.007000053428262949
2007-08-09,0.00016008215209771753
2007-08-10,0.0029552080471925467
2007-08-13,0.0013847999187543856
2007-08-14,-0.010839431403923912
2007-08-15,0.005924062681388786
2007-08-16,0.00812185324407225
2007-08-17,0.004652515783449001
2007-08-20,-0.011859024839115762
2007-08-21,-0.004697798622803098
2007-08-22,0.0027550320126769187
2007-08-23,0.0030140803853167014
2007-08-24,-0.0004445126960179313
2007-08-27,0.0058637727688358714
2007-08-28,-0.009080930468807182
2007-08-29,0.005855294961731042
2007-08-30,-0.0012341712136880957
2007-08-31,0.0012046014711103352
2007-09-04,0.005569229072550758
2007-09-05,-0.0006893579181960342
2007-09-06,0.0
2007-09-07,0.0
2007-09-10,0.0
2007-09-11,0.0
2007-09-12,0.0
2007-09-13,0.0
2007-09-14,0.0
2007-09-17,0.0
2007-09-18,0.0
2007-09-19,0.0
2007-09-20,0.009335084451542236
2007-09-21,0.0028435168026235565
2007-09-24,0.0012420891369068897
2007-09-25,-0.001483081902320931
2007-09-26,0.003583642168752305
2007-09-27,0.00343359399233812
2007-09-28,-0.0005506785095712259
2007-10-01,-0.007135349397753025
2007-10-02,-0.0016287428209106802
2007-10-03,0.006001013489707165
2007-10-04,0.0048744806305537096
2007-10-05,-0.0036313650985918817
2007-10-08,0.0014702706181575857
2007-10-09,-0.003952922642138389
2007-10-10,0.0032590206932873013
2007-10-11,0.001095585815850134
2007-10-12,-0.004972848169030735
2007-10-15,0.0004594373168816307
2007-10-16,0.0030296081899337628
2007-10-17,0.009158404509320074
2007-10-18,0.0002731422906085281
2007-10-19,0.00713093100419308
2007-10-22,-0.000616136102659845
2007-10-23,0.0
2007-10-24,0.0
2007-10-25,0.0
2007-10-26,0.0
2007-10-29,0.0
2007-10-30,0.0
2007-10-31,0.0
2007-11-01,0.0
2007-11-02,0.0
2007-11-05,0.0
2007-11-06,0.0
2007-11-07,0.0
2007-11-08,0.0
2007-11-09,0.0
2007-11-12,0.0
2007-11-13,0.0
2007-11-14,0.0
2007-11-15,0.0
2007-11-16,0.0
2007-11-19,0.0
2007-11-20,0.0
2007-11-21,0.0
2007-11-23,0.002268320682633943
2007-11-26,-0.007376722000589563
2007-11-27,0.0063739442739998405
2007-11-28,0.008814802842585274
2007-11-29,-0.00022840744675287132
2007-11-30,-0.001356617269078089
2007-12-03,0.004258751199504886
2007-12-04,-0.0020174470557054267
2007-12-05,-0.0028320363860094996
2007-12-06,0.00874982283245814
2007-12-07,0.005291343817562202
2007-12-10,-0.0005406092828463523
2007-12-11,0.0
2007-12-12,0.0
2007-12-13,0.0
2007-12-14,0.0
2007-12-17,0.0
2007-12-18,0.0
2007-12-19,0.0
2007-12-20,0.0
2007-12-21,0.0
2007-12-24,0.0
2007-12-26,0.0
2007-12-27,0.0
2007-12-28,0.0
2007-12-31,0.0
2008-01-02,0.0
2008-01-03,0.00030923193660490093
2008-01-04,-0.005138263076597653
2008-01-07,-0.00241540670220926
2008-01-08,-0.0019439843635640657
2008-01-09,-0.004453853312873014
2008-01-10,0.005333214908057335
2008-01-11,-0.002962871794433748
2008-01-14,0.0005275360089610001
2008-01-15,-0.0016333757293491584
2008-01-16,0.00023839727348819932
2008-01-17,-0.006192051598578744
2008-01-18,0.004954946261522035
2008-01-22,-0.004781915707950516
2008-01-23,0.000271857022727445
2008-01-24,0.011134583916172672
2008-01-25,-0.005160337410311193
2008-01-28,-0.0021169824139325474
2008-01-29,0.00139215454336353
2008-01-30,0.002020451352236063
2008-01-31,-0.000758540424176653
2008-02-01,-0.002043310977598914
2008-02-04,0.0015696179190950869
2008-02-05,-0.005941910295048099
2008-02-06,0.0019340908327413668
2008-02-07,0.004077321965377492
2008-02-08,-0.00587737467458823
2008-02-11,-0.005625358091931404
2008-02-12,0.002651178843156791
2008-02-13,0.0040237034921167805
2008-02-14,0.003611385804683582
2008-02-15,-0.0029335169540417386
2008-02-19,0.002605539040377605
2008-02-20,0.0001859469416026885
2008-02-21,-0.0017221350265728666
2008-02-22,0.0029936533441385377
2008-02-25,0.005223799786680671
2008-02-26,-0.00038980066745906706
2008-02-27,0.00041007651208753627
2008-02-28,-0.004897931711765151
2008-02-29,-0.005750913894009656
2008-03-03,0.00016057746108023605
2008-03-04,0.0025341433454385076
2008-03-05,0.005600573233510707
2008-03-06,-0.0009471527358202094
2008-03-07,-0.00016798955007812883
2008-03-10,-0.001369102004511165
2008-03-11,0.008147545696016948
2008-03-12,-0.000606254475067912
2008-03-13,0.0
2008-03-14,0.0
2008-03-17,0.0
2008-03-18,0.0
2008-03-19,0.0
2008-03-20,0.0
2008-03-24,0.0
2008-03-25,0.0
2008-03-26,0.0
2008-03-27,0.0
2008-03-28,0.0
2008-03-31,0.0
2008-04-01,0.0
2008-04-02,0.0
2008-04-03,0.0
2008-04-04,0.0
2008-04-07,0.0
2008-04-08,0.0
2008-04-09,0.0
2008-04-10,0.0
2008-04-11,0.0
2008-04-14,0.0
2008-04-15,0.0
2008-04-16,0.0
2008-04-17,0.00018754626970930396
2008-04-18,-0.0020000438122851774
2008-04-21,-0.0007574062533048839
2008-04-22,-0.0021869139843648513
2008-04-23,-0.0010126827521170889
2008-04-24,-0.0009963046430386702
2008-04-25,-0.003015162835871797
2008-04-28,-0.0012346727173762387
2008-04-29,0.0038133310499781593
2008-04-30,0.002589530352880696
2008-05-01,-0.010972688451364128
2008-05-02,0.002661341507873746
2008-05-05,0.0017405346248008597
2008-05-06,0.0002916723773806343
2008-05-07,0.0011664592529787303
2008-05-08,0.003916060740876787
2008-05-09,-0.0012745644036814446
2008-05-12,0.00020027108369159152
2008-05-13,-0.003293164362600601
2008-05-14,0.001199533309264406
2008-05-15,0.002556243654314503
2008-05-16,-0.0016870548171787712
2008-05-19,-0.0022931883089094963
2008-05-20,0.0014015997991811162
2008-05-21,-0.0016946503106590918
2008-05-22,-0.006213035756766146
2008-05-23,0.006505864536595745
2008-05-27,-0.00039607313716129007
2008-05-28,-0.00700463003141819
2008-05-29,-0.0023962806851153258
2008-05-30,0.0024184126060094097
2008-06-02,0.007110603984443923
2008-06-03,0.001998273613421179
2008-06-04,-0.001323880090610739
2008-06-05,-0.005880112719627443
2008-06-06,0.004826583427551726
2008-06-09,-0.002478762601790745
2008-06-10,-0.004318019393490588
2008-06-11,-0.00015767961694674562
2008-06-12,-0.005098551793148459
2008-06-13,-0.00654331361092588
2008-06-16,0.011426082079672406
2008-06-17,0.0011827042083254055
2008-06-18,0.002142767945592596
2008-06-19,0.00029378462543105336
2008-06-20,0.0028155989597187705
2008-06-23,0.0019502026212444357
2008-06-24,0.0021222855602432184
2008-06-25,-0.0006569211174447554
2008-06-26,0.0
2008-06-27,0.0
2008-06-30,0.0
2008-07-01,0.0
2008-07-02,0.0
2008-07-03,0.0
2008-07-07,0.0
2008-07-08,0.0
2008-07-09,-0.003424903898787012
2008-07-10,0.005163835772554155
2008-07-11,0.004952559451537858
2008-07-14,-0.0019175100721444806
2008-07-15,-0.009889030815510588
2008-07-16,0.007929694783832202
2008-07-17,0.004311531291047305
2008-07-18,0.011105764658784193
2008-07-21,-0.0006722322372696063
2008-07-22,0.0
2008-07-23,0.0
2008-07-24,0.0
2008-07-25,0.0
2008-07-28,0.0
2008-07-29,0.0
2008-07-30,0.0
2008-07-31,0.0
2008-08-01,0.0
2008-08-04,0.0
2008-08-05,0.0
2008-08-06,0.0
2008-08-07,0.0
2008-08-08,0.0
2008-08-11,0.0
2008-08-12,0.0
2008-08-13,0.0
2008-08-14,0.0
2008-08-15,0.0
2008-08-18,0.0
2008-08-19,0.0
2008-08-20,0.0
2008-08-21,0.0
2008-08-22,0.0
2008-08-25,0.0
2008-08-26,0.0
2008-08-27,0.0
2008-08-28,0.0
2008-08-29,0.0
2008-09-02,0.0
2008-09-03,0.0
2008-09-04,0.0
2008-09-05,0.0
2008-09-08,0.0
2008-09-09,0.0
2008-09-10,0.0
2008-09-11,0.0
2008-09-12,0.0
2008-09-15,0.0
2008-09-16,0.03671923742038538
2008-09-17,-0.0006298587086073587
2008-09-18,0.0
2008-09-19,0.0
2008-09-22,0.0015369658079782368
2008-09-23,-0.0006541120444524553
2008-09-24,-0.002600821713672784
2008-09-25,0.006549384669122309
2008-09-26,-0.0064410517596328876
2008-09-29,-0.006466928216951913
2008-09-30,0.012130966682453054
2008-10-01,-0.005874771846816315
2008-10-02,0.0019805404195035415
2008-10-03,0.0005003854685988409
2008-10-06,0.003973591378694984
2008-10-07,0.0053192794278655664
2008-10-08,-0.00014978415304270338
2008-10-09,0.0002976418142512905
2008-10-10,-0.0018619075756289565
2008-10-13,0.009263110498001327
2008-10-14,0.0027656879595630954
2008-10-15,-0.00012148501756517095
2008-10-16,0.0
2008-10-17,-0.0003163209930227133
2008-10-20,-0.0017980833120996216
2008-10-21,-0.0018996268383683636
2008-10-22,0.0005805919571436963
2008-10-23,0.0010233761842927654
2008-10-24,-0.0032057967017577018
2008-10-27,-0.004634280576061341
2008-10-28,0.002036805130571703
2008-10-29,0.002615518504301083
2008-10-30,0.0037627291625251403
2008-10-31,0.0005635270264788975
2008-11-03,-0.00021914646531052807
2008-11-04,0.00027566835611418487
2008-11-05,-0.003313647448756098
2008-11-06,-0.0008711293153601077
2008-11-07,0.0019483448189110354
2008-11-10,-4.236558674329839e-05
2008-11-11,-0.0005878275410360191
2008-11-12,-0.0014081352626454057
2008-11-13,0.0003300652708003526
2008-11-14,-0.001208017835443424
2008-11-17,-0.0024822456307530797
2008-11-18,-0.0022831790166418483
2008-11-19,-0.0036456047915418514
2008-11-20,-0.0019515987173359436
2008-11-21,-0.0004749094792061658
2008-11-24,0.0010054027815407116
2008-11-25,0.0004355195423608447
2008-11-26,0.002970474245035869
2008-11-28,-8.113043551912819e-06
2008-12-01,-0.004006079393248211
2008-12-02,0.00010647726744328394
2008-12-03,-0.0008601992353378953
2008-12-04,-0.0006976412412634858
2008-12-05,0.0008997227772014156
2008-12-08,-0.0001547713900585286
2008-12-09,-0.0015866062325519494
2008-12-10,-0.00037174189844530007
2008-12-11,-0.0012231874384818348
2008-12-12,0.0006643895705091667
2008-12-15,-0.0005257572251337478
2008-12-16,-0.0008543013504620747
2008-12-17,0.0007116500280188758
2008-12-18,0.0028715751475232192
2008-12-19,0.0013479808735807465
2008-12-22,0.0025234355972083766
2008-12-23,0.0010373218604224413
2008-12-24,-0.0021366740798779956
2008-12-26,0.0016650059594390284
2008-12-29,8.119250994425841e-05
2008-12-30,-0.0015662680077606814
2008-12-31,0.00032167407359426077
2009-01-02,0.0018852847891150301
2009-01-05,0.004011873647919194
2009-01-06,-0.00016745023721986181
2009-01-07,0.0
2009-01-08,0.0
2009-01-09,0.0
2009-01-12,0.0
2009-01-13,0.0
2009-01-14,0.0
2009-01-15,0.0
2009-01-16,0.0
2009-01-20,0.0
2009-01-21,0.0
2009-01-22,0.0
2009-01-23,0.0
2009-01-26,0.0
2009-01-27,0.0
2009-01-28,0.0
2009-01-29,0.0
2009-01-30,0.0
2009-02-02,0.0
2009-02-03,0.0
2009-02-04,0.0
2009-02-05,0.0
2009-02-06,0.0
2009-02-09,0.0
2009-02-10,0.0
2009-02-11,0.0
2009-02-12,0.0
2009-02-13,0.0
2009-02-17,0.0
2009-02-18,0.0
2009-02-19,0.0
2009-02-20,0.0
2009-02-23,0.0
2009-02-24,0.0
2009-02-25,0.0
2009-02-26,0.0
2009-02-27,0.0
2009-03-02,0.0
2009-03-03,0.0
2009-03-04,0.0
2009-03-05,0.0
2009-03-06,-0.0019125532100586432
2009-03-09,0.009529563766482002
2009-03-10,0.003373022164284498
2009-03-11,0.0024582469016704587
2009-03-12,0.002977979306294796
2009-03-13,-0.0002535134384771959
2009-03-16,0.0
2009-03-17,0.0
2009-03-18,0.0
2009-03-19,0.0
2009-03-20,0.0
2009-03-23,0.0
2009-03-24,0.0
2009-03-25,0.0
2009-03-26,0.0
2009-03-27,0.0
2009-03-30,0.0
2009-03-31,0.0
2009-04-01,0.0
2009-04-02,0.0
2009-04-03,0.0
2009-04-06,0.0
2009-04-07,0.0
2009-04-08,0.0
2009-04-09,0.0
2009-04-13,0.0
2009-04-14,0.0
2009-04-15,0.0
2009-04-16,0.0
2009-04-17,0.0
2009-04-20,0.0039812233208627625
2009-04-21,-0.0006909619385839661
2009-04-22,-0.001811651152684985
2009-04-23,-0.00015170135852262006
2009-04-24,-0.0017375402530949093
2009-04-27,0.0008495574147914527
2009-04-28,-0.0018047608633911397
2009-04-29,-0.0011994498688578626
2009-04-30,-0.0016752938919320534
2009-05-01,0.0013795251659260283
2009-05-04,0.001484636298257775
2009-05-05,-0.00011335088007625335
2009-05-06,0.0004944283432734473
2009-05-07,-0.0013120725224339495
2009-05-08,-0.0004152642040197446
2009-05-11,0.0022494247094754483
2009-05-12,0.0005223577811050357
2009-05-13,0.001506192001824727
2009-05-14,0.0029209973992588363
2009-05-15,0.0024398974285794487
2009-05-18,-0.004471348830075262
2009-05-19,0.0006332207482144495
2009-05-20,-9.103458126612827e-05
2009-05-21,-0.0022681224906691173
2009-05-22,-0.0031252090548374084
2009-05-26,0.0002818779537104647
2009-05-27,-0.0035755433411182483
2009-05-28,0.001069033083108985
2009-05-29,0.005430483285368126
2009-06-01,-0.004602052117414341
2009-06-02,0.0039115852483284546
2009-06-03,0.0034354586374938604
2009-06-04,-0.002963204890824053
2009-06-05,-0.0036029571235848207
2009-06-08,-0.0015004222611807968
2009-06-09,0.003669299204669377
2009-06-10,-0.001882476576440161
2009-06-11,0.0013691033336900608
2009-06-12,0.0028704932103160207
2009-06-15,0.0034955032444652753
2009-06-16,0.0017769823759793116
2009-06-17,0.002032509270373453
2009-06-18,-0.010090034383182017
2009-06-19,0.004374796220192478
2009-06-22,0.005273468492685859
2009-06-23,0.004559699271543851
2009-06-24,-0.0004175932145290142
2009-06-25,0.0
2009-06-26,0.0
2009-06-29,0.0
2009-06-30,0.0
2009-07-01,0.0
2009-07-02,0.0
2009-07-06,0.0
2009-07-07,0.0
2009-07-08,0.0
2009-07-09,0.0
2009-07-10,0.0
2009-07-13,0.0
2009-07-14,0.0
2009-07-15,0.0
2009-07-16,0.0
2009-07-17,0.0
2009-07-20,0.0
2009-07-21,0.0
2009-07-22,0.0
2009-07-23,0.0
2009-07-24,0.0
2009-07-27,0.0
2009-07-28,0.0
2009-07-29,0.0
2009-07-30,0.0
2009-07-31,0.0
2009-08-03,0.0
2009-08-04,0.0
2009-08-05,0.0
2009-08-06,0.0
2009-08-07,0.0
2009-08-10,0.0
2009-08-11,0.0
2009-08-12,0.0
2009-08-13,0.0
2009-08-14,0.0
2009-08-17,0.0
2009-08-18,0.0
2009-08-19,0.0
2009-08-20,0.0
2009-08-21,0.0
2009-08-24,0.0
2009-08-25,0.0
2009-08-26,0.0
2009-08-27,0.0
2009-08-28,0.0
2009-08-31,0.0
2009-09-01,0.0
2009-09-02,0.0
2009-09-03,0.0
2009-09-04,0.0
2009-09-08,0.0
2009-09-09,0.0
2009-09-10,0.0
2009-09-11,0.0
2009-09-14,0.0
2009-09-15,0.0
2009-09-16,0.0
2009-09-17,0.0
2009-09-18,0.0
2009-09-21,0.0
2009-09-22,0.0
2009-09-23,0.0
2009-09-24,0.0
2009-09-25,0.0
2009-09-28,0.0
2009-09-29,0.0
2009-09-30,0.0
2009-10-01,0.0
2009-10-02,0.0
2009-10-05,0.0
2009-10-06,0.0
2009-10-07,0.0
2009-10-08,0.0
2009-10-09,0.0
2009-10-12,0.0016678707842268446
2009-10-13,0.0012322639503381232
2009-10-14,-0.004378067609682799
2009-10-15,-4.7941376673694914e-05
2009-10-16,0.0005286517695030079
2009-10-19,0.0031297323934333164
2009-10-20,0.0033129100142809433
2009-10-21,-0.003280426431649369
2009-10-22,0.0007370610021672645
2009-10-23,-0.0027635954113509865
2009-10-26,-0.0028214977290347645
2009-10-27,0.00868163572611409
2009-10-28,0.0020252100181885726
2009-10-29,-0.0045065015840230725
2009-10-30,0.009334955528855932
2009-11-02,-0.0038536603908377143
2009-11-03,-0.0037357367758209708
2009-11-04,0.0019145341789084502
2009-11-05,0.00011928877128163729
2009-11-06,0.0013880450038861415
2009-11-09,-0.0011343691063310083
2009-11-10,-0.0003165172081634644
2009-11-11,0.002237208095361857
2009-11-12,-0.0005110152929968237
2009-11-13,0.0028367897429043454
2009-11-16,0.0011823316192389878
2009-11-17,0.001120992325415004
2009-11-18,-0.0011201139499067824
2009-11-19,-9.880982230991333e-05
2009-11-20,-0.0031591087920321602
2009-11-23,0.0004673882583403418
2009-11-24,0.0024404615848050695
2009-11-25,0.0023604749959063157
2009-11-27,-0.0005755033021867367
2009-11-30,0.0
2009-12-01,0.0
2009-12-02,0.0
2009-12-03,0.0
2009-12-04,0.0
2009-12-07,0.0
2009-12-08,0.0
2009-12-09,0.0
2009-12-10,0.0
2009-12-11,0.0
2009-12-14,0.0
2009-12-15,0.0
2009-12-16,0.0008692272417259399
2009-12-17,0.0033196193748557708
2009-12-18,-0.0008271051150071231
2009-12-21,-0.004962311628983117
2009-12-22,-0.004079088539925214
2009-12-23,0.0009031181584710686
2009-12-24,-0.005269641451341137
2009-12-28,-0.000274307930474832
2009-12-29,0.00571813232989867
2009-12-30,-0.0019840176833582196
2009-12-31,-0.0022134856706172226
2010-01-04,-0.001660299077927794
2010-01-05,0.00020413825824536336
2010-01-06,-0.004057963872693961
2010-01-07,-0.0019313905113019655
2010-01-08,0.0005961656785567174
2010-01-11,0.0014518458284167653
2010-01-12,0.0051603888694070395
2010-01-13,-0.004881318316670164
2010-01-14,0.002039291989438347
2010-01-15,0.0025261595242651834
2010-01-19,0.0003634054458944766
2010-01-20,0.0004703358831645848
2010-01-21,0.013236950889322783
2010-01-22,0.0047548955963721004
2010-01-25,-0.0007405913402159853
2010-01-26,0.0
2010-01-27,0.0
2010-01-28,0.0
2010-01-29,0.0
2010-02-01,0.0
2010-02-02,0.0
2010-02-03,0.0
2010-02-04,0.0
2010-02-05,0.0
2010-02-08,0.0
2010-02-09,0.0
2010-02-10,0.0
2010-02-11,0.0
2010-02-12,0.0
2010-02-16,0.0
2010-02-17,0.0
2010-02-18,0.0
2010-02-19,0.0
2010-02-22,0.0
2010-02-23,0.0
2010-02-24,0.0
2010-02-25,0.0
2010-02-26,0.0
2010-03-01,0.0
2010-03-02,0.0
2010-03-03,0.0
2010-03-04,0.0
2010-03-05,0.0
2010-03-08,0.0
2010-03-09,0.0
2010-03-10,0.0
2010-03-11,0.0
2010-03-12,0.0
2010-03-15,0.0
2010-03-16,0.0
2010-03-17,0.0
2010-03-18,0.0
2010-03-19,0.0
2010-03-22,0.0
2010-03-23,0.0
2010-03-24,0.0
2010-03-25,0.0
2010-03-26,0.0
2010-03-29,0.0
2010-03-30,0.0
2010-03-31,0.0
2010-04-01,0.0
2010-04-05,0.0
2010-04-06,0.0
2010-04-07,0.0
2010-04-08,0.0
2010-04-09,0.0
2010-04-12,0.0
2010-04-13,0.0
2010-04-14,0.0
2010-04-15,0.0
2010-04-16,0.0
2010-04-19,0.0
2010-04-20,0.0
2010-04-21,0.0
2010-04-22,0.0
2010-04-23,0.0
2010-04-26,0.0
2010-04-27,0.0
2010-04-28,0.0
2010-04-29,0.0
2010-04-30,0.0
2010-05-03,0.0
2010-05-04,0.0
2010-05-05,0.0
2010-05-06,0.0
2010-05-07,-0.003490492895875018
2010-05-10,0.004509993738960025
2010-05-11,-0.0015053573190123683
2010-05-12,0.006436464600949851
2010-05-13,-0.005622474219775931
2010-05-14,-0.002620641660003058
2010-05-17,-0.002125276927470034
2010-05-18,-0.0038712146101628005
2010-05-19,-0.003433497186203102
2010-05-20,-0.013108304012086324
2010-05-21,-0.0006913197581487499
2010-05-24,-0.0023336260241901283
2010-05-25,0.003808820175717462
2010-05-26,-0.005471089224778239
2010-05-27,0.010140110298882479
2010-05-28,0.001791918767497856
2010-06-01,-0.0011305421196012011
2010-06-02,-0.001050397298986232
2010-06-03,0.0029297517357680406
2010-06-04,-0.00743971772417843
2010-06-07,-0.006228702325791795
2010-06-08,0.0006046399692721763
2010-06-09,0.000524052006497717
2010-06-10,0.0074288934617899585
2010-06-11,-0.002542774533420825
2010-06-14,0.0020772200436767136
2010-06-15,0.0047526507729325
2010-06-16,-0.0005603550344397806
2010-06-17,-0.002676836643630203
2010-06-18,0.0016934207936751392
2010-06-21,-0.0008043609937182785
2010-06-22,-0.006846532287486856
2010-06-23,-0.003808117972417451
2010-06-24,0.0007713509153487523
2010-06-25,0.0003073126992975999
2010-06-28,-0.003720186892156673
2010-06-29,-0.0033517985303883886
2010-06-30,-0.004033973235710371
2010-07-01,0.0008071592114159644
2010-07-02,0.002580632334726265
2010-07-06,-0.0007094152230850514
2010-07-07,0.003856536650948216
2010-07-08,0.003816892935659975
2010-07-09,0.00021025651300192268
2010-07-12,-0.001330702388170565
2010-07-13,0.0023068518127265496
2010-07-14,-0.0006119537284761691
2010-07-15,0.0
2010-07-16,0.0
2010-07-19,0.0
2010-07-20,0.0
2010-07-21,0.0
2010-07-22,0.0
2010-07-23,0.0
2010-07-26,0.0
2010-07-27,0.0
2010-07-28,0.0
2010-07-29,0.0
2010-07-30,0.0
2010-08-02,0.0
2010-08-03,0.0
2010-08-04,0.0
2010-08-05,0.0
2010-08-06,0.0
2010-08-09,0.0
2010-08-10,0.0
2010-08-11,0.0
2010-08-12,0.0
2010-08-13,0.0
2010-08-16,0.0
2010-08-17,0.00281073750999629
2010-08-18,0.00010105877252429491
2010-08-19,-0.002233226221732641
2010-08-20,-0.00040766167870539015
2010-08-23,-0.0021515609886904406
2010-08-24,-0.0057070962233902005
2010-08-25,-0.0027407144591966234
2010-08-26,-0.0017723917048270324
2010-08-27,0.008958075749141819
2010-08-30,-0.0051712294063072425
2010-08-31,-0.0035000274761158613
2010-09-01,0.014517214687097373
2010-09-02,0.00214710358682431
2010-09-03,0.008807832077979255
2010-09-07,-0.0007807783006885931
2010-09-08,0.0
2010-09-09,0.0
2010-09-10,0.0
2010-09-13,0.0
2010-09-14,0.0
2010-09-15,0.0
2010-09-16,0.0
2010-09-17,0.0
2010-09-20,0.0
2010-09-21,0.0
2010-09-22,0.0
2010-09-23,0.0
2010-09-24,0.0
2010-09-27,0.0
2010-09-28,0.0
2010-09-29,0.0
2010-09-30,0.0
2010-10-01,0.0
2010-10-04,0.0
2010-10-05,0.0
2010-10-06,0.0
2010-10-07,0.0
2010-10-08,0.0
2010-10-11,0.0
2010-10-12,0.0
2010-10-13,0.0
2010-10-14,0.0
2010-10-15,0.0
2010-10-18,0.0
2010-10-19,0.0
2010-10-20,0.0
2010-10-21,0.0
2010-10-22,0.0
2010-10-25,0.0
2010-10-26,0.0
2010-10-27,0.0
2010-10-28,0.0
2010-10-29,0.0
2010-11-01,0.0
2010-11-02,0.0
2010-11-03,0.0
2010-11-04,0.0
2010-11-05,0.0
2010-11-08,0.0
2010-11-09,0.0
2010-11-10,0.0
2010-11-11,0.0
2010-11-12,0.0
2010-11-15,0.0
2010-11-16,0.012746547500906959
2010-11-17,-0.004187915605725352
2010-11-18,-0.009947651954066846
2010-11-19,0.0026349231548814167
2010-11-22,0.009193162656101117
2010-11-23,0.010591015925870364
2010-11-24,-0.000726386652996343
2010-11-26,0.0
2010-11-29,0.0
2010-11-30,0.0
2010-12-01,0.0
2010-12-02,0.0
2010-12-03,0.0
2010-12-06,0.004988771344236803
2010-12-07,-0.01045407670877007
2010-12-08,-0.002441637515568133
2010-12-09,0.003154229595967871
2010-12-10,-0.0035945237770923385
2010-12-13,0.006037722031272115
2010-12-14,-0.007637210796653357
2010-12-15,-0.0017601398346812527
2010-12-16,0.0009939346945936239
2010-12-17,0.005419675620036297
2010-12-20,-0.0016395427618384896
2010-12-21,1.6652656736063012e-05
2010-12-22,-0.0024276128179942613
2010-12-23,-0.0003525377401565321
2010-12-27,0.0008044662778218247
2010-12-28,-0.005885293601755037
2010-12-29,0.0028362715939921844
2010-12-30,-0.0004543808977243527
2010-12-31,0.0004451863957776062
2011-01-03,0.0020671544961370536
2011-01-04,-0.0022240010533519246
2011-01-05,-0.00659714918629842
2011-01-06,0.00014427440556432654
2011-01-07,0.005913972607142261
2011-01-10,0.0016415860914564314
2011-01-11,-0.0029377406208521027
2011-01-12,-0.0018502886219981056
2011-01-13,0.0030842036284216908
2011-01-14,-0.004334424562625584
2011-01-18,-0.00029837555014428584
2011-01-19,0.0015913524232125543
2011-01-20,-0.00156657358287511
2011-01-21,-0.0017879072975567202
2011-01-24,-0.0006598842955512816
2011-01-25,0.0023462093325836383
2011-01-26,-0.005211349449391623
2011-01-27,0.00022395428685459623
2011-01-28,0.00494480594994959
2011-01-31,-0.005500548299054957
2011-02-01,-0.002217104461051738
2011-02-02,-0.0021939860615106358
2011-02-03,-0.0017100969431438576
2011-02-04,-0.005321837059603754
2011-02-07,-0.0005286784528431902
2011-02-08,-0.003439126749525642
2011-02-09,0.008891444056675345
2011-02-10,-0.004369333679961222
2011-02-11,0.0022666908397504055
2011-02-14,-0.00014664701433406662
2011-02-15,0.003250839812350851
2011-02-16,-0.0012253284466964666
2011-02-17,-0.0006047154787332445
2011-02-18,-0.0016573394249575013
2011-02-22,0.01030309884333018
2011-02-23,-0.001936752615900096
2011-02-24,0.00010797311630451426
2011-02-25,0.0006510955553701867
2011-02-28,-0.0029301198602052518
2011-03-01,0.0015483361324875361
2011-03-02,-0.005032578465348582
2011-03-03,-0.006878007030660125
2011-03-04,0.0050391845915523995
2011-03-07,-0.002269053486166765
2011-03-08,-0.00022276768246578743
2011-03-09,0.007166778602478593
2011-03-10,0.008624050952840691
2011-03-11,-0.0009170683108420757
2011-03-14,0.0
2011-03-15,0.0
2011-03-16,0.0
2011-03-17,0.010432941177474665
2011-03-18,0.0039617152772155806
2011-03-21,0.008783523458371375
2011-03-22,-0.0011766443311277235
2011-03-23,-0.0005357210532987974
2011-03-24,0.0038176119471099537
2011-03-25,-0.0009218526662713728
2011-03-28,0.0
2011-03-29,0.0
2011-03-30,0.0
2011-03-31,0.0
2011-04-01,0.0
2011-04-04,0.0
2011-04-05,0.0
2011-04-06,0.0
2011-04-07,0.0
2011-04-08,0.0
2011-04-11,0.0
2011-04-12,0.0
2011-04-13,0.0
2011-04-14,0.0
2011-04-15,0.0
2011-04-18,0.0
2011-04-19,0.0
2011-04-20,0.0
2011-04-21,0.0
2011-04-25,0.0
2011-04-26,0.0
2011-04-27,0.0
2011-04-28,0.0
2011-04-29,0.0
2011-05-02,0.0
2011-05-03,0.0
2011-05-04,0.0
2011-05-05,0.0
2011-05-06,0.0038790527978269426
2011-05-09,0.00024751527404226514
2011-05-10,0.006129694839055349
2011-05-11,-0.003079092998527586
2011-05-12,0.0032792835402569937
2011-05-13,-0.006933000043935779
2011-05-16,-0.0010539133238931082
2011-05-17,0.00028796795716492477
2011-05-18,0.0036450625214338047
2011-05-19,-0.00217019176887209
2011-05-20,-3.5203446869136457e-05
2011-05-23,-0.0041241984912898655
2011-05-24,-0.0028810880173849108
2011-05-25,0.0019766003678277316
2011-05-26,-0.005199974439307531
2011-05-27,0.0019691118266953467
2011-05-31,0.0028035266380180834
2011-06-01,-0.010815003381192345
2011-06-02,0.0083991268915297
2011-06-03,-0.006039897414761843
2011-06-06,-0.0006469937022415291
2011-06-07,-0.004211340539218553
2011-06-08,-0.005340304936267058
2011-06-09,0.0033557316185405016
2011-06-10,-0.005372479122375827
2011-06-13,-0.0048786182352330565
2011-06-14,0.009252090504570765
2011-06-15,-0.009753894307910405
2011-06-16,-0.01588027823892435
2011-06-17,0.009124266585956976
2011-06-20,0.0053865681992637604
2011-06-21,0.005497256088373204
2011-06-22,-0.006869274906273296
2011-06-23,0.0013751824756975007
2011-06-24,-0.004057197707559374
2011-06-27,0.0030674353845723808
2011-06-28,0.009867484656947189
2011-06-29,0.009429156900543731
2011-06-30,0.003270567039752499
2011-07-01,-0.0008520241973423857
2011-07-05,0.0
2011-07-06,0.0
2011-07-07,0.0
2011-07-08,0.0
2011-07-11,0.0
2011-07-12,0.0
2011-07-13,0.0
2011-07-14,0.0
2011-07-15,0.0
2011-07-18,0.0
2011-07-19,0.0
2011-07-20,0.0
2011-07-21,0.0
2011-07-22,0.0
2011-07-25,0.0
2011-07-26,0.0
2011-07-27,0.0
2011-07-28,0.0
2011-07-29,0.0
2011-08-01,0.0
2011-08-02,0.0
2011-08-03,-0.0007766821576911964
2011-08-04,-0.02406894855334005
2011-08-05,-0.0007564244282822339
2011-08-08,-0.014118849975370568
2011-08-09,-0.0006503283221530498
2011-08-10,-0.012941811983225868
2011-08-11,0.020789413783843632
2011-08-12,-0.008542359999506756
2011-08-15,0.004098484480972691
2011-08-16,-0.004131110429785774
2011-08-17,0.0018154810650102104
2011-08-18,-0.0045297876273339005
2011-08-19,-0.0019340422047576672
2011-08-22,0.002536176386364252
2011-08-23,0.008989897705272962
2011-08-24,0.005304928126595816
2011-08-25,-0.005454270858704545
2011-08-26,0.0028045549343598563
2011-08-29,0.0012164886885894497
2011-08-30,-0.002395469807005399
2011-08-31,0.0021413692560104452
2011-09-01,-0.0006022470707850441
2011-09-02,-0.004779342825824617
2011-09-06,-0.006683289975867124
2011-09-07,0.00035797810844911883
2011-09-08,0.001387787439852445
2011-09-09,-0.0031985389384023392
2011-09-12,0.000844370119983054
2011-09-13,0.0023416955939168276
2011-09-14,0.002208727811621576
2011-09-15,0.0038733517339542825
2011-09-16,-0.00017157516073324132
2011-09-19,-0.003439294188662174
2011-09-20,0.00024076317949702338
2011-09-21,-0.0038177998833477406
2011-09-22,-0.005084402987212881
2011-09-23,0.0041735664360195435
2011-09-26,0.00211859262893634
2011-09-27,0.0020807111762598516
2011-09-28,-0.00116379540067763
2011-09-29,1.9781204090263054e-05
2011-09-30,-0.008569266904743562
2011-10-03,-0.004477053985028683
2011-10-04,0.0038532603774040033
2011-10-05,0.001300035365230745
2011-10-06,0.00652761397406171
2011-10-07,0.0007082085457620004
2011-10-10,0.00499527109377759
2011-10-11,-0.004434431428663141
2011-10-12,0.005445979587522197
2011-10-13,-0.00040227325520851396
2011-10-14,0.0
2011-10-17,0.0
2011-10-18,0.0
2011-10-19,0.0
2011-10-20,0.0
2011-10-21,0.0
2011-10-24,0.0
2011-10-25,0.006695674651419728
2011-10-26,-0.0014288109656162677
2011-10-27,-0.0036995277924593917
2011-10-28,0.0028802537628842377
2011-10-31,0.0036346651914785713
2011-11-01,0.007435658858340515
2011-11-02,-0.00042127212135836204
2011-11-03,0.0
2011-11-04,0.0
2011-11-07,0.0
2011-11-08,0.0
2011-11-09,0.0
2011-11-10,0.0
2011-11-11,0.0
2011-11-14,0.0
2011-11-15,0.0
2011-11-16,0.0
2011-11-17,0.0
2011-11-18,0.0
2011-11-21,0.0
2011-11-22,0.0
2011-11-23,0.0
2011-11-25,0.0
2011-11-28,0.0
2011-11-29,0.0
2011-11-30,0.0
2011-12-01,0.0
2011-12-02,0.0
2011-12-05,0.0
2011-12-06,0.0
2011-12-07,0.0
2011-12-08,0.0
2011-12-09,0.0
2011-12-12,0.0
2011-12-13,0.0
2011-12-14,0.0
2011-12-15,0.0
2011-12-16,0.0
2011-12-19,0.0
2011-12-20,0.0
2011-12-21,0.0
2011-12-22,0.0
2011-12-23,0.0
2011-12-27,0.0
2011-12-28,0.0
2011-12-29,0.0
2011-12-30,0.0
2012-01-03,0.0
2012-01-04,0.0
2012-01-05,0.0
2012-01-06,0.0
2012-01-09,0.0
2012-01-10,0.0
2012-01-11,0.0
2012-01-12,0.0
2012-01-13,0.0
2012-01-17,0.0
2012-01-18,0.0
2012-01-19,0.0
2012-01-20,0.0
2012-01-23,0.0
2012-01-24,0.0
2012-01-25,0.0
2012-01-26,0.0
2012-01-27,0.0
2012-01-30,0.0
2012-01-31,0.0
2012-02-01,0.0
2012-02-02,0.0
2012-02-03,0.0
2012-02-06,0.0
2012-02-07,0.0
2012-02-08,0.0
2012-02-09,0.0
2012-02-10,0.0
2012-02-13,0.0
2012-02-14,0.0
2012-02-15,0.0
2012-02-16,0.0
2012-02-17,0.0
2012-02-21,0.0
2012-02-22,0.0
2012-02-23,0.0
2012-02-24,0.0
2012-02-27,0.0
2012-02-28,0.0
2012-02-29,0.0
2012-03-01,0.0
2012-03-02,0.0
2012-03-05,0.0
2012-03-06,0.0
2012-03-07,0.0016304851345099532
2012-03-08,0.005749075522857795
2012-03-09,0.0013579653710538231
2012-03-12,0.0019651463396808413
2012-03-13,0.008500437331936976
2012-03-14,-0.0008953730403491051
2012-03-15,-0.00039696546887943744
2012-03-16,0.004287922737809946
2012-03-19,-0.004281249920650644
2012-03-20,-5.836747897154414e-06
2012-03-21,0.00717500243308547
2012-03-22,-0.0036506263957217446
2012-03-23,0.0025136592082869624
2012-03-26,-0.002862932516973959
2012-03-27,0.006283208055301099
2012-03-28,0.0008618967283487402
2012-03-29,0.0020762158613358075
2012-03-30,-0.00075872828835332
2012-04-02,0.0011387508831375095
2012-04-03,-0.008776281483631342
2012-04-04,0.0049197413903343205
2012-04-05,0.0036389891040287093
2012-04-09,0.01056046959262441
2012-04-10,-0.000899551845672586
2012-04-11,0.0
2012-04-12,0.0
2012-04-13,0.0
2012-04-16,0.0
2012-04-17,0.0
2012-04-18,0.0
2012-04-19,0.0
2012-04-20,0.0
2012-04-23,0.0
2012-04-24,0.0
2012-04-25,0.0
2012-04-26,0.0
2012-04-27,0.0
2012-04-30,0.0
2012-05-01,0.0
2012-05-02,0.0
2012-05-03,0.0
2012-05-04,0.0
2012-05-07,0.0
2012-05-08,0.0
2012-05-09,0.0
2012-05-10,0.0
2012-05-11,0.0
2012-05-14,0.0
2012-05-15,0.0
2012-05-16,0.0
2012-05-17,-0.003901905049413878
2012-05-18,0.003852254446622064
2012-05-21,0.006193080947933205
2012-05-22,0.0025568593367228595
2012-05-23,-0.0031012644193518504
2012-05-24,-2.263785548857357e-05
2012-05-25,-0.004648260498753315
2012-05-29,0.0059768694146861935
2012-05-30,-0.0037798002571806564
2012-05-31,-0.013931251361265594
2012-06-01,-0.011709405845174301
2012-06-04,0.007601232791455125
2012-06-05,0.006132426404259697
2012-06-06,0.009609446418492462
2012-06-07,0.0004995189090415843
2012-06-08,-0.0008570645916638692
2012-06-11,-0.00403449414832381
2012-06-12,0.007322491302231558
2012-06-13,-0.005395016349070949
2012-06-14,0.00581545164966604
2012-06-15,-0.0029493871756128324
2012-06-18,0.0006239250764233026
2012-06-19,0.005250567539441457
2012-06-20,-0.0007993202704226796
2012-06-21,0.0
2012-06-22,0.0
2012-06-25,0.0
2012-06-26,0.0
2012-06-27,0.0
2012-06-28,0.0
2012-06-29,0.0
2012-07-02,0.0
2012-07-03,0.0
2012-07-05,0.0
2012-07-06,0.0
2012-07-09,0.0
2012-07-10,0.0
2012-07-11,0.0
2012-07-12,0.0
2012-07-13,0.0
2012-07-16,0.0
2012-07-17,0.0
2012-07-18,0.0
2012-07-19,0.0
2012-07-20,0.0
2012-07-23,0.0
2012-07-24,0.0
2012-07-25,0.0
2012-07-26,0.0
2012-07-27,0.0
2012-07-30,0.0
2012-07-31,0.0
2012-08-01,0.0
2012-08-02,0.0
2012-08-03,0.0
2012-08-06,0.0
2012-08-07,0.0
2012-08-08,0.0
2012-08-09,0.0
2012-08-10,0.0
2012-08-13,0.0
2012-08-14,0.0
2012-08-15,0.0
2012-08-16,0.0
2012-08-17,0.0
2012-08-20,0.0
2012-08-21,0.0
2012-08-22,0.0
2012-08-23,0.0
2012-08-24,0.0
2012-08-27,0.0
2012-08-28,0.0
2012-08-29,0.0
2012-08-30,0.0
2012-08-31,0.0
2012-09-04,0.0
2012-09-05,0.0
2012-09-06,0.0
2012-09-07,0.0
2012-09-10,0.0
2012-09-11,0.0
2012-09-12,0.0
2012-09-13,-0.0009996300391428609
2012-09-14,-0.005890599917319065
2012-09-17,0.0041478595378289015
2012-09-18,0.00267531685668792
2012-09-19,0.002823372404988546
2012-09-20,0.0034837068277121966
2012-09-21,0.003074263210623013
2012-09-24,0.002662725168511348
2012-09-25,0.01013491368076959
2012-09-26,-0.0009568675628507049
2012-09-27,0.0
2012-09-28,0.0
2012-10-01,0.0
2012-10-02,0.0
2012-10-03,0.0
2012-10-04,0.0
2012-10-05,0.0
2012-10-08,0.0
2012-10-09,0.0
2012-10-10,0.0
2012-10-11,0.0
2012-10-12,0.0
2012-10-15,0.0
2012-10-16,0.0
2012-10-17,0.0
2012-10-18,0.0
2012-10-19,0.0
2012-10-22,0.0
2012-10-23,0.0
2012-10-24,0.0
2012-10-25,0.0
2012-10-26,0.0
2012-10-31,0.0
2012-11-01,0.0
2012-11-02,0.0
2012-11-05,0.0
2012-11-06,0.0
2012-11-07,0.0
2012-11-08,0.0
2012-11-09,0.0
2012-11-12,0.0
2012-11-13,0.0
2012-11-14,0.0
2012-11-15,0.0
2012-11-16,0.0
2012-11-19,0.0
2012-11-20,0.0
2012-11-21,0.0
2012-11-23,0.0
2012-11-26,0.0
2012-11-27,0.0
2012-11-28,0.0
2012-11-29,0.0
2012-11-30,0.0
2012-12-03,0.0
2012-12-04,0.0
2012-12-05,0.0
2012-12-06,0.0
2012-12-07,0.0
2012-12-10,0.0
2012-12-11,0.0
2012-12-12,0.0
2012-12-13,0.000545862211508736
2012-12-14,0.001383783101262757
2012-12-17,-0.006529379988934435
2012-12-18,-0.0029426774636417317
2012-12-19,0.004817000664666086
2012-12-20,-0.00205625330048129
2012-12-21,0.004206998736611437
2012-12-24,0.002603498432171803
2012-12-26,-0.000795281571968417
2012-12-27,0.0011606210594713074
2012-12-28,0.004902379015104474
2012-12-31,-0.009564789137823437
2013-01-02,-0.007091881739997143
2013-01-03,-0.002581479498015628
2013-01-04,-0.0010985003079361174
2013-01-07,0.0008592288990462667
2013-01-08,0.0016111150314309338
2013-01-09,-0.0021528785119741163
2013-01-10,-0.0011282180989469531
2013-01-11,6.054852825352287e-05
2013-01-14,-0.0006454726748592424
2013-01-15,-0.001040689585513452
2013-01-16,0.0016746303772945132
2013-01-17,-0.00531159827283685
2013-01-18,-0.0003590226914048785
2013-01-22,-0.0006422181641970157
2013-01-23,0.0024035381745091122
2013-01-24,-0.0036249052699137696
2013-01-25,-0.004242264083023084
2013-01-28,-0.0003054983287328339
2013-01-29,-0.0005623610590244077
2013-01-30,0.003843845391157008
2013-01-31,0.0037466811753002946
2013-02-01,-0.005805642478595274
2013-02-04,0.0073875434719004535
2013-02-05,-0.004161187719346963
2013-02-06,0.004059740068788209
2013-02-07,0.002236851050466995
2013-02-08,0.001967401878964508
2013-02-11,-0.0003973165978417202
2013-02-12,-0.004419823743343148
2013-02-13,-0.00385018791480304
2013-02-14,0.003199963966226904
2013-02-15,-0.0005261396701331522
2013-02-19,-0.0012148362608433994
2013-02-20,0.002639095540859948
2013-02-21,0.0005194463568984897
2013-02-22,-0.0017912112692255455
2013-02-25,0.009021638775143392
2013-02-26,-0.006167298959746992
2013-02-27,-0.0020357932252982325
2013-02-28,0.0007574796836186115
2013-03-01,0.0002964370251108406
2013-03-04,-0.0008561426781913406
2013-03-05,-0.003691974171737389
2013-03-06,-0.0022787951036279397
2013-03-07,-0.004753110831258622
2013-03-08,-0.004693477331220941
2013-03-11,0.0013118434033425608
2013-03-12,0.002443893508782047
2013-03-13,-0.0011361973957917382
2013-03-14,-0.0034081473456171185
2013-03-15,0.001449523739764036
2013-03-18,0.0022209010890046343
2013-03-19,0.0033692105164752073
2013-03-20,-0.006214251958893802
2013-03-21,0.002803147032001796
2013-03-22,0.0008256216423917495
2013-03-25,0.0014851036315590704
2013-03-26,-0.0011354687469919966
2013-03-27,0.005208573560653074
2013-03-28,-0.00238782787943681
2013-04-01,-0.003229001757545036
2013-04-02,0.0006599021140529793
2013-04-03,0.0040222085509331595
2013-04-04,0.005660092990808274
2013-04-05,-0.001
2013-04-08,0.0
2013-04-09,0.0
2013-04-10,0.0
2013-04-11,0.0
2013-04-12,0.0
2013-04-15,0.0
2013-04-16,0.0
2013-04-17,0.0
2013-04-18,0.0
2013-04-19,0.0
2013-04-22,0.0
2013-04-23,0.0
2013-04-24,0.0
2013-04-25,0.0
2013-04-26,0.0
2013-04-29,0.0
2013-04-30,0.0
2013-05-01,0.0
2013-05-02,0.0
2013-05-03,0.0
2013-05-06,0.0
2013-05-07,0.0
2013-05-08,0.0
2013-05-09,0.0
2013-05-10,0.0
2013-05-13,0.0
2013-05-14,0.0
2013-05-15,0.002404497120816252
2013-05-16,0.0021668201754239114
2013-05-17,-0.0043121902866172235
2013-05-20,-0.002212583716958205
2013-05-21,0.0018670590960645495
2013-05-22,-0.0017277935315022086
2013-05-23,0.0037378008247309635
2013-05-24,0.0012272163278371773
2013-05-28,-0.005927800089845836
2013-05-29,0.0036045122949404096
2013-05-30,-0.0007538804933808763
2013-05-31,0.008292302219500391
2013-06-03,-0.0017671248595027328
2013-06-04,-0.0039262627904143475
2013-06-05,0.007140867386694611
2013-06-06,-0.003105432362705732
2013-06-07,-0.004495875078359317
2013-06-10,-0.0011833936007442107
2013-06-11,0.0037339557399289837
2013-06-12,-0.004034855635093634
2013-06-13,0.0003240528475180979
2013-06-14,-0.0016470720564501435
2013-06-17,-0.001217070385159275
2013-06-18,-0.0037912610955545896
2013-06-19,-0.00046865070819912774
2013-06-20,-0.003879173257131109
2013-06-21,-0.0014836792967256633
2013-06-24,0.0038329414495436964
2013-06-25,-0.00704624114856651
2013-06-26,0.0002521745096523014
2013-06-27,0.0032887302711756914
2013-06-28,0.0035901281808996223
2013-07-01,-0.0014340312555201293
2013-07-02,0.003922264178460279
2013-07-03,-0.003288169593723505
2013-07-05,-0.0023251988584695824
2013-07-08,-0.0025763235062923624
2013-07-09,0.00023247225178793995
2013-07-10,-0.003952042047022155
2013-07-11,0.0006349862404483319
2013-07-12,-0.001185755822657229
2013-07-15,0.001617043647647823
2013-07-16,0.00041442975338233835
2013-07-17,-0.0016123495228321748
2013-07-18,-0.004626061074115815
2013-07-19,0.0035468408566636032
2013-07-22,0.0009209074300947992
2013-07-23,0.00035814954732471305
2013-07-24,0.001507208830773536
2013-07-25,0.0004338441333997544
2013-07-26,0.00038601088036164816
2013-07-29,0.00012716146910203552
2013-07-30,-0.0005691810452169391
2013-07-31,-0.0014461595069903228
2013-08-01,0.00010345529674217551
2013-08-02,-0.00017952970161267106
2013-08-05,0.0003465278750587379
2013-08-06,0.0008441122245614499
2013-08-07,0.002863408357517687
2013-08-08,0.00013065020742016346
2013-08-09,-5.549650265642232e-05
2013-08-12,0.00012782254995733703
2013-08-13,-0.004189016231093342
2013-08-14,2.6231021192878943e-06
2013-08-15,-0.0015585659402591432
2013-08-16,-0.0012014705747732267
2013-08-19,0.00011401547333359789
2013-08-20,-0.001023873179709887
2013-08-21,-0.0016852025899669826
2013-08-22,3.030756682348115e-05
2013-08-23,0.0018550350509090536
2013-08-26,0.0011114058409649379
2013-08-27,0.005683523551386101
2013-08-28,-0.0017730509676886414
2013-08-29,-0.001466271092125058
2013-08-30,0.0004373677423793416
2013-09-03,0.00042872109418543464
2013-09-04,-0.004007724527455857
2013-09-05,-0.0021539454640775494
2013-09-06,-0.0008780302068346874
2013-09-09,0.0001890857462348936
2013-09-10,-0.0044233893827809465
2013-09-11,0.0020441109856071792
2013-09-12,0.0002084603724919333
2013-09-13,0.0007615438482931873
2013-09-16,-0.002332198482357528
2013-09-17,-0.0001103724852442184
2013-09-18,0.004318678901221104
2013-09-19,-0.002318633944260006
2013-09-20,0.0012589095362719475
2013-09-23,0.003807035837794287
2013-09-24,0.0029910106017292733
2013-09-25,-0.000634404903990428
2013-09-26,0.0
2013-09-27,0.0
2013-09-30,0.0
2013-10-01,0.0
2013-10-02,0.0
2013-10-03,0.0
2013-10-04,0.0
2013-10-07,0.0
2013-10-08,0.0
2013-10-09,0.0
2013-10-10,0.0
2013-10-11,0.0
2013-10-14,0.0
2013-10-15,0.0
2013-10-16,0.0
2013-10-17,0.0
2013-10-18,0.0
2013-10-21,0.0
2013-10-22,0.0
2013-10-23,0.0
2013-10-24,0.0
2013-10-25,0.0
2013-10-28,0.0
2013-10-29,0.0
2013-10-30,0.0
2013-10-31,0.0
2013-11-01,0.0
2013-11-04,0.0
2013-11-05,0.0
2013-11-06,0.0
2013-11-07,0.0
2013-11-08,0.0
2013-11-11,0.0
2013-11-12,0.0
2013-11-13,0.0
2013-11-14,0.0
2013-11-15,0.0
2013-11-18,0.0
2013-11-19,0.0
2013-11-20,0.0
2013-11-21,0.0
2013-11-22,0.0
2013-11-25,0.0
2013-11-26,0.0
2013-11-27,0.0
2013-11-29,0.0
2013-12-02,0.0
2013-12-03,0.0
2013-12-04,0.0
2013-12-05,0.0
2013-12-06,0.0
2013-12-09,0.0
2013-12-10,0.0
2013-12-11,0.0
2013-12-12,0.0
2013-12-13,0.0
2013-12-16,0.0
2013-12-17,0.0
2013-12-18,0.0
2013-12-19,0.0
2013-12-20,0.0
2013-12-23,0.0
2013-12-24,0.0
2013-12-26,0.0
2013-12-27,0.0
2013-12-30,0.0
2013-12-31,0.0
2014-01-02,0.0
2014-01-03,0.0
2014-01-06,0.0
2014-01-07,0.0
2014-01-08,0.0
2014-01-09,0.0
2014-01-10,0.0
2014-01-13,0.0
2014-01-14,0.0
2014-01-15,0.0
2014-01-16,0.0
2014-01-17,0.0
2014-01-21,0.0
2014-01-22,0.0
2014-01-23,0.0
2014-01-24,0.0
2014-01-27,0.0005844424307726035
2014-01-28,-0.00045505798928258123
2014-01-29,-0.004985397211029086
2014-01-30,0.0012004718011766613
2014-01-31,-0.003338920380087873
2014-02-03,-0.009444435968227527
2014-02-04,-0.001
2014-02-05,0.00218492602770426
2014-02-06,0.004512642855101778
2014-02-07,0.001944917563619919
2014-02-10,0.00021157471391086702
2014-02-11,0.0037787828098032605
2014-02-12,0.0014191715629624513
2014-02-13,-0.0012682284862139959
2014-02-14,-0.00029565268082176743
2014-02-18,-0.0006812107052682759
2014-02-19,-0.001435160140565106
2014-02-20,0.004379839924581352
2014-02-21,-0.00018249023131211572
2014-02-24,0.0017145017868258616
2014-02-25,-0.002701038846617987
2014-02-26,-0.0015609344015528048
2014-02-27,0.0001947038882537111
2014-02-28,0.001651006028437152
2014-03-03,-0.003535393432678613
2014-03-04,0.008972958739326575
2014-03-05,-0.001
2014-03-06,0.0
2014-03-07,0.0
2014-03-10,0.0
2014-03-11,0.0
2014-03-12,0.0
2014-03-13,0.0
2014-03-14,0.0
2014-03-17,0.0
2014-03-18,0.0
2014-03-19,0.0
2014-03-20,0.0
2014-03-21,0.0
2014-03-24,0.0
2014-03-25,0.0
2014-03-26,0.0
2014-03-27,0.0
2014-03-28,0.0
2014-03-31,0.0
2014-04-01,0.0
2014-04-02,0.0
2014-04-03,0.0
2014-04-04,0.0
2014-04-07,0.0
2014-04-08,0.0
2014-04-09,0.0
2014-04-10,0.0
2014-04-11,0.0
2014-04-14,0.0015186118237430222
2014-04-15,-0.0010577531658473305
2014-04-16,0.00010665403775589333
2014-04-17,0.004588683734594756
2014-04-21,-0.0013621966516983441
2014-04-22,0.000552761382358602
2014-04-23,-0.0018912399234556343
2014-04-24,4.248455238942128e-05
2014-04-25,-0.00014876829373378087
2014-04-28,0.0009750817761098318
2014-04-29,0.0013161513375616885
2014-04-30,-0.003013283990313753
2014-05-01,-0.005225855292880999
2014-05-02,0.00023169925701926886
2014-05-05,0.0021050022877613372
2014-05-06,-0.0014779048700714892
2014-05-07,0.0013194039091048992
2014-05-08,-0.00046579875640362367
2014-05-09,0.002053612581694897
2014-05-12,0.0035954948836400824
2014-05-13,-0.002136614869417519
2014-05-14,-0.004449272931621007
2014-05-15,-0.002715182640105729
2014-05-16,0.003185047081414538
2014-05-19,0.0024024023637972958
2014-05-20,-0.0012657956094821454
2014-05-21,0.001742138380893099
2014-05-22,0.001076487743975174
2014-05-23,-0.000778389102552346
2014-05-27,-0.002581482605186869
2014-05-28,-0.004458276043030063
2014-05-29,0.0038667708717480265
2014-05-30,0.0008860297726716038
2014-06-02,0.0023709699091520875
2014-06-03,0.004659054567187848
2014-06-04,0.0005081185616548911
2014-06-05,-0.001
2014-06-06,0.0
2014-06-09,0.0
2014-06-10,0.0
2014-06-11,0.0
2014-06-12,0.0
2014-06-13,0.0
2014-06-16,0.0
2014-06-17,0.0
2014-06-18,0.0
2014-06-19,0.0
2014-06-20,0.0
2014-06-23,0.0
2014-06-24,0.0
2014-06-25,0.0
2014-06-26,0.0
2014-06-27,0.0
2014-06-30,0.0
2014-07-01,0.0
2014-07-02,0.0
2014-07-03,0.0
2014-07-07,0.0
2014-07-08,0.0
2014-07-09,0.0
2014-07-10,0.0
2014-07-11,0.0
2014-07-14,0.0
2014-07-15,0.0
2014-07-16,0.0
2014-07-17,0.0
2014-07-18,0.004511287736093884
2014-07-21,-0.001704709407944871
2014-07-22,0.000632179775047037
2014-07-23,0.0007441978367501711
2014-07-24,0.0057434316317314105
2014-07-25,-0.005564944445648479
2014-07-28,-0.00180582910798599
2014-07-29,-0.0023079346746661678
2014-07-30,0.0004396091713851913
2014-07-31,-0.005374280250445063
2014-08-01,-0.005249942869897328
2014-08-04,0.005832132011346136
2014-08-05,-0.0029533402052046576
2014-08-06,0.004145346205011058
2014-08-07,-0.00196268108103137
2014-08-08,0.003380330444376245
2014-08-11,0.004311653033332696
2014-08-12,0.0002894139859264122
2014-08-13,0.0008742987701386706
2014-08-14,0.0008317835911546556
2014-08-15,-0.0014935455766131867
2014-08-18,0.0051251167594701386
2014-08-19,0.0003503650576216488
2014-08-20,0.003002294546014417
2014-08-21,-0.0034396270467771384
2014-08-22,-0.0036908800919908114
2014-08-25,0.0005380203985150267
2014-08-26,7.453212163621714e-05
2014-08-27,-0.0026195272140562276
2014-08-28,-0.0036465995227810133
2014-08-29,-3.7871742128992025e-06
2014-09-02,0.005929965260627723
2014-09-03,-0.00389338148865781
2014-09-04,0.0037841780573614203
2014-09-05,-0.001345175920764663
2014-09-08,0.0007152664629552774
2014-09-09,-0.001921707586052701
2014-09-10,0.0020353737612184286
2014-09-11,0.0007605292628192206
2014-09-12,0.0036372086067238962
2014-09-15,-0.001
2014-09-16,0.0
2014-09-17,0.0
2014-09-18,0.0
2014-09-19,0.0
2014-09-22,0.0
2014-09-23,0.0
2014-09-24,0.0
2014-09-25,0.0
2014-09-26,0.0
2014-09-29,0.0
2014-09-30,0.0
2014-10-01,0.0
2014-10-02,0.0
2014-10-03,0.0
2014-10-06,0.0
2014-10-07,0.0
2014-10-08,-0.001319347900344047
2014-10-09,-0.006447880509976578
2014-10-10,-0.0085295154214805
2014-10-13,-0.0072413632584493026
2014-10-14,0.0008596116251870265
2014-10-15,-0.0005489718268437143
2014-10-16,0.007475610542617339
2014-10-17,0.00809004614462948
2014-10-20,0.004366407415938871
2014-10-21,0.007372058367331469
2014-10-22,-0.0036607318952738927
2014-10-23,0.0015650902413637453
2014-10-24,0.0018292032160748194
2014-10-27,-0.0046646407669268
2014-10-28,0.004662565770654571
2014-10-29,0.0012016076904658073
2014-10-30,-0.0010346260658634693
2014-10-31,0.0008937262131982821
2014-11-03,0.003745221442017661
2014-11-04,-0.0009202879149816709
2014-11-05,0.0
2014-11-06,0.0
2014-11-07,0.0
2014-11-10,0.0
2014-11-11,0.0
2014-11-12,0.0
2014-11-13,0.0
2014-11-14,0.0
2014-11-17,0.0
2014-11-18,0.0
2014-11-19,0.0
2014-11-20,0.0
2014-11-21,0.0
2014-11-24,0.0
2014-11-25,0.0
2014-11-26,0.0
2014-11-28,0.0
2014-12-01,0.0
2014-12-02,0.00992459768050169
2014-12-03,0.00020911916346372497
2014-12-04,-0.0020972514154803204
2014-12-05,0.0035458055486666464
2014-12-08,-0.008522726629817037
2014-12-09,-0.0012545390298579736
2014-12-10,-0.008121116199450796
2014-12-11,-0.001534295950536722
2014-12-12,-0.011118810735922737
2014-12-15,-0.0027507928566143248
2014-12-16,-0.0020080691622571226
2014-12-17,0.013143226314250847
2014-12-18,0.0035469740535892004
2014-12-19,0.005922742232864006
2014-12-22,-0.004543108508595751
2014-12-23,0.009572710922349407
2014-12-24,-0.0013387551734531614
2014-12-26,-0.0024920007301929338
2014-12-29,-0.0016235485010754347
2014-12-30,-0.0019542665601788765
2014-12-31,-0.002164800308254582
2015-01-02,-0.0035176817193179545
2015-01-05,-0.0092821546860508
2015-01-06,-0.00619297254078552
2015-01-07,0.0021912635486973833
2015-01-08,0.007513519296184564
2015-01-09,0.0001785568536765153
2015-01-12,-0.002590525033975676
2015-01-13,-0.0009079258015063903
2015-01-14,-0.0030583894689746724
2015-01-15,-0.008734033358865993
2015-01-16,0.007784123379349247
2015-01-20,-0.0033671995992159733
2015-01-21,0.003615134422199476
2015-01-22,0.0012798215442300599
2015-01-23,-0.005840746399002976
2015-01-26,0.0029561548670151154
2015-01-27,-0.0011958590016174836
2015-01-28,-0.008029703108260459
2015-01-29,0.0044536596982532655
2015-01-30,-0.009830424321978299
2015-02-02,0.001349074796270432
2015-02-03,0.011073654154259238
2015-02-04,-0.003725326356257519
2015-02-05,0.00631454711640541
2015-02-06,0.01015244065147754
2015-02-09,-0.0007522207632574098
2015-02-10,0.0
2015-02-11,0.0
2015-02-12,0.0
2015-02-13,0.0
2015-02-17,0.0
2015-02-18,0.0
2015-02-19,0.0
2015-02-20,0.0
2015-02-23,0.0
2015-02-24,0.0
2015-02-25,0.0
2015-02-26,0.0
2015-02-27,0.0
2015-03-02,0.0
2015-03-03,0.0
2015-03-04,0.0
2015-03-05,0.0
2015-03-06,0.0
2015-03-09,0.0
2015-03-10,0.0
2015-03-11,0.0
2015-03-12,0.0
2015-03-13,0.0
2015-03-16,0.0
2015-03-17,0.0
2015-03-18,0.0
2015-03-19,0.0
2015-03-20,0.0
2015-03-23,0.0
2015-03-24,0.0
2015-03-25,0.0
2015-03-26,0.0
2015-03-27,0.0
2015-03-30,0.0
2015-03-31,0.0
2015-04-01,0.0
2015-04-02,0.0
2015-04-06,0.0
2015-04-07,0.0
2015-04-08,0.0
2015-04-09,0.0
2015-04-10,0.0
2015-04-13,0.0
2015-04-14,0.0
2015-04-15,0.0
2015-04-16,0.0
2015-04-17,0.0
2015-04-20,0.0
2015-04-21,0.0
2015-04-22,0.0
2015-04-23,0.0
2015-04-24,0.0
2015-04-27,0.0
2015-04-28,0.0
2015-04-29,0.0
2015-04-30,0.0002963548899087325
2015-05-01,-0.006430549106389665
2015-05-04,-0.0021832357706135976
2015-05-05,5.7551591933997225e-05
2015-05-06,-0.0004457718504540612
2015-05-07,0.00323288312197679
2015-05-08,-0.003384107262118689
2015-05-11,-0.001464023872094632
2015-05-12,-0.000969621751278364
2015-05-13,0.0007335292915656768
2015-05-14,-0.0022966824321060592
2015-05-15,0.0030087432914616585
2015-05-18,-0.0039598340399700825
2015-05-19,-0.0022881806826325303
2015-05-20,0.002034298845818798
2015-05-21,0.0020235921428115597
2015-05-22,-0.0012554097076509436
2015-05-26,0.005246810996737167
2015-05-27,-0.0014534851863722987
2015-05-28,-0.00113949866073616
2015-05-29,-0.0011078894555608522
2015-06-01,-0.005797451645194618
2015-06-02,-0.0018738609245388782
2015-06-03,0.000522472040901802
2015-06-04,0.007106472828054895
2015-06-05,-0.0007500430436092603
2015-06-08,-0.0005154074531773659
2015-06-09,-0.001664437726600066
2015-06-10,-0.0033369579079221756
2015-06-11,0.004550118069509351
2015-06-12,0.0024400862647707476
2015-06-15,0.004543823804535075
2015-06-16,-0.0036841330135833493
2015-06-17,0.0008272239863402382
2015-06-18,-0.005111766680998123
2015-06-19,0.0036310666042865935
2015-06-22,-0.008107410168994522
2015-06-23,-0.0010523182607761554
2015-06-24,0.004806781431865788
2015-06-25,0.001754193922672653
2015-06-26,-0.0006223199691718345
2015-06-29,0.013550242824978385
2015-06-30,-0.0061673250871490245
2015-07-01,-0.0025368503624055455
2015-07-02,-0.0008931442089915866
2015-07-06,0.00619478656735678
2015-07-07,0.0022493404576383203
2015-07-08,-0.0008672677143168748
2015-07-09,0.0
2015-07-10,0.0
2015-07-13,0.0
2015-07-14,0.0
2015-07-15,0.0
2015-07-16,0.0
2015-07-17,0.0
2015-07-20,0.0
2015-07-21,0.0
2015-07-22,0.0
2015-07-23,0.0
2015-07-24,0.0
2015-07-27,-0.005176481538028797
2015-07-28,0.0059737684631323805
2015-07-29,0.0063280737681922
2015-07-30,0.0023892130966294118
2015-07-31,-0.005521071626210856
2015-08-03,-0.0035183090552202323
2015-08-04,0.00437030597415439
2015-08-05,0.0015686079855089814
2015-08-06,-0.00565746742908515
2015-08-07,-0.00585042651585884
2015-08-10,0.006007181211883717
2015-08-11,-0.007873044517081835
2015-08-12,-0.00014969634051734937
2015-08-13,0.0015679890252130355
2015-08-14,-0.00021960726109842657
2015-08-17,-0.0026710024179379703
2015-08-18,0.0019138963651192343
2015-08-19,-0.004975915843511205
2015-08-20,-0.005376084427494474
2015-08-21,-0.0038293005097103884
2015-08-24,-0.005893493745013253
2015-08-25,0.006143805456927206
2015-08-26,0.008538434462755134
2015-08-27,0.005906070812305359
2015-08-28,-0.0007900253238241133
2015-08-31,0.0009801150950575555
2015-09-01,-0.008253470077659534
2015-09-02,0.004863898793287183
2015-09-03,-0.0030010149407594024
2015-09-04,-0.0028725925381619427
2015-09-08,0.009005954380496757
2015-09-09,-0.0030618148504315754
2015-09-10,0.00389736319192969
2015-09-11,-0.0009393248605249602
2015-09-14,-0.0014563375229940116
2015-09-15,0.006593981792478846
2015-09-16,-0.004841638068307777
2015-09-17,-0.006934722317322805
2015-09-18,-0.005177182624008877
2015-09-21,0.002834714621650164
2015-09-22,-0.010235119198482558
2015-09-23,-0.0010198051609409035
2015-09-24,-0.004604651061874065
2015-09-25,-0.0017931265495206381
2015-09-28,-0.015192086531076522
2015-09-29,-0.0013496196630829705
2015-09-30,0.005138667494862375
2015-10-01,-0.004764070451972552
2015-10-02,-0.0034529833339806216
2015-10-05,0.0118301901259289
2015-10-06,0.0019872276402014485
2015-10-07,0.0037937198088440747
2015-10-08,0.006724650348792928
2015-10-09,-0.00035353438006628
2015-10-12,-0.005265484965175133
2015-10-13,-0.0008463093911994689
2015-10-14,-0.004355780109950003
2015-10-15,0.0020197270670226385
2015-10-16,0.002829723345291524
2015-10-19,0.0019192800837833713
2015-10-20,0.0024781804652332174
2015-10-21,-0.0055682454052353
2015-10-22,-0.0018111480370490891
2015-10-23,0.00597246281133124
2015-10-26,-0.0024406237339368113
2015-10-27,-0.002557297134501224
2015-10-28,0.005671966865038542
2015-10-29,0.005021433574157301
2015-10-30,-0.0008372952390383834
2015-11-02,0.0
2015-11-03,0.0
2015-11-04,0.0
2015-11-05,0.0
2015-11-06,0.0
2015-11-09,0.0
2015-11-10,0.0
2015-11-11,0.0
2015-11-12,0.0
2015-11-13,0.0
2015-11-16,0.0
2015-11-17,0.0
2015-11-18,0.0
2015-11-19,0.0
2015-11-20,0.0
2015-11-23,0.0
2015-11-24,0.0
2015-11-25,0.0
2015-11-27,0.0
2015-11-30,0.0
2015-12-01,0.0
2015-12-02,0.0
2015-12-03,0.0
2015-12-04,0.0
2015-12-07,0.0
2015-12-08,0.0
2015-12-09,0.0029169220393927787
2015-12-10,-0.0006480908245086843
2015-12-11,-0.014712925346084163
2015-12-14,0.0018610673335315393
2015-12-15,0.009318944771978978
2015-12-16,0.004183995057687289
2015-12-17,-0.006977323806802455
2015-12-18,-0.001943979833255257
2015-12-21,-0.002285784760918748
2015-12-22,0.007515638381187473
2015-12-23,0.0025004711189000207
2015-12-24,-0.0020502909952227442
2015-12-28,-0.0019782135901240997
2015-12-29,0.007895297607002668
2015-12-30,0.0003845913318510317
2015-12-31,-0.0012563697662991205
2016-01-04,-0.0027491533046614873
2016-01-05,0.0005278638600204164
2016-01-06,-0.0038259058881509904
2016-01-07,-0.004384516324309473
2016-01-08,-0.0022310685580865957
2016-01-11,0.0022853938542868758
2016-01-12,-0.0016596812800111103
2016-01-13,-0.009118557875394675
2016-01-14,0.007189832881243536
2016-01-15,-0.005763743702153107
2016-01-19,0.0023924370039100718
2016-01-20,-0.004944090804513749
2016-01-21,0.006284356856982032
2016-01-22,0.007323404017570052
2016-01-25,-0.003818312871068294
2016-01-26,0.0015898513788823448
2016-01-27,0.0019004054904733073
2016-01-28,0.0012463903490079566
2016-01-29,-0.003653998807834856
2016-02-01,0.0003632585690057859
2016-02-02,-0.005159673776883199
2016-02-03,0.004677223070735751
2016-02-04,-0.001909923345935147
2016-02-05,-0.0033972849593342344
2016-02-08,-0.010553115585955649
2016-02-09,0.0016802528367163116
2016-02-10,-0.00186799690371396
2016-02-11,-0.006321917641327729
2016-02-12,0.012241643091601605
2016-02-16,0.004928418554599293
2016-02-17,0.003806152992051019
2016-02-18,-0.007292737555882218
2016-02-19,0.0014507387428224128
2016-02-22,0.0019096513420760884
2016-02-23,-0.00269172183116226
2016-02-24,-0.00015546219254962513
2016-02-25,-0.002731896065919648
2016-02-26,0.0031556997018315114
2016-02-29,0.003906261990656178
2016-03-01,-0.0006498247669700189
2016-03-02,0.0
2016-03-03,0.0
2016-03-04,0.0
2016-03-07,0.0
2016-03-08,0.0
2016-03-09,0.0
2016-03-10,0.0
2016-03-11,0.0
2016-03-14,0.0
2016-03-15,0.0
2016-03-16,0.0
2016-03-17,0.0
2016-03-18,0.0
2016-03-21,0.0
2016-03-22,0.0
2016-03-23,0.0
2016-03-24,0.0
2016-03-28,0.0
2016-03-29,0.0
2016-03-30,0.0
2016-03-31,0.0
2016-04-01,0.0
2016-04-04,0.0
2016-04-05,0.0
2016-04-06,0.0
2016-04-07,0.0
2016-04-08,0.0
2016-04-11,0.0
2016-04-12,0.0
2016-04-13,0.0
2016-04-14,0.0
2016-04-15,0.0
2016-04-18,0.0
2016-04-19,0.0
2016-04-20,0.0
2016-04-21,0.0
2016-04-22,0.0
2016-04-25,0.0
2016-04-26,0.0
2016-04-27,0.0
2016-04-28,0.0
2016-04-29,0.0
2016-05-02,0.0
2016-05-03,0.0
2016-05-04,0.0
2016-05-05,0.0
2016-05-06,0.0
2016-05-09,0.0
2016-05-10,0.0
2016-05-11,0.0
2016-05-12,0.0
2016-05-13,0.0
2016-05-16,0.0
2016-05-17,0.0
2016-05-18,0.0
2016-05-19,0.0
2016-05-20,0.0
2016-05-23,0.0
2016-05-24,0.0
2016-05-25,0.0
2016-05-26,0.0
2016-05-27,0.0
2016-05-31,0.0
2016-06-01,0.0
2016-06-02,0.0
2016-06-03,0.0
2016-06-06,0.0
2016-06-07,0.0
2016-06-08,0.0
2016-06-09,0.0
2016-06-10,0.0
2016-06-13,0.0
2016-06-14,0.0
2016-06-15,0.0
2016-06-16,0.0
2016-06-17,0.0
2016-06-20,0.0
2016-06-21,0.0
2016-06-22,0.0
2016-06-23,0.0
2016-06-24,0.0
2016-06-27,0.0
2016-06-28,0.0019441323970654544
2016-06-29,0.008249969877777808
2016-06-30,0.0005603279749175573
2016-07-01,-0.004034436135900721
2016-07-05,-0.006905836839117114
2016-07-06,0.0008956718980502381
2016-07-07,0.0006274214880195725
2016-07-08,0.002519468275142474
2016-07-11,0.002904781786315926
2016-07-12,0.007291380721776214
2016-07-13,-0.0007943156076870184
2016-07-14,0.0
2016-07-15,0.0
2016-07-18,0.0
2016-07-19,0.0
2016-07-20,0.0
2016-07-21,0.0
2016-07-22,0.0
2016-07-25,0.0
2016-07-26,0.0
2016-07-27,0.0
2016-07-28,0.0
2016-07-29,0.0
2016-08-01,0.0
2016-08-02,0.0
2016-08-03,0.0
2016-08-04,0.0
2016-08-05,0.0
2016-08-08,0.0
2016-08-09,0.0
2016-08-10,0.0
2016-08-11,0.0
2016-08-12,0.0
2016-08-15,0.0
2016-08-16,0.0
2016-08-17,0.0
2016-08-18,0.0
2016-08-19,0.0
2016-08-22,0.0
2016-08-23,0.0
2016-08-24,0.0
2016-08-25,0.0
2016-08-26,0.0
2016-08-29,0.0
2016-08-30,0.0
2016-08-31,0.0
2016-09-01,0.0
2016-09-02,0.0
2016-09-06,0.0
2016-09-07,0.0
2016-09-08,0.0
2016-09-09,0.0
2016-09-12,0.0
2016-09-13,0.0
2016-09-14,0.0
2016-09-15,0.0
2016-09-16,0.0
2016-09-19,0.0
2016-09-20,0.0
2016-09-21,0.0
2016-09-22,0.0
2016-09-23,0.0
2016-09-26,0.0
2016-09-27,0.0
2016-09-28,0.0
2016-09-29,0.0
2016-09-30,0.0
2016-10-03,0.0
2016-10-04,0.0
2016-10-05,-0.004258734985142195
2016-10-06,-0.0004143155671234679
2016-10-07,0.00039100030795756816
2016-10-10,-0.002476398618281418
2016-10-11,0.0017291019636969096
2016-10-12,0.0015989760350552428
2016-10-13,0.004619465909926704
2016-10-14,-0.006630387079432658
2016-10-17,0.004464446442576662
2016-10-18,-0.0010058881079703253
2016-10-19,-0.0011773133009108105
2016-10-20,-0.00043159981833593126
2016-10-21,0.0003699846182107499
2016-10-24,-0.003372888735256861
2016-10-25,-0.0002280428238756485
2016-10-26,-0.0005316985527093159
2016-10-27,-0.0012134646449986396
2016-10-28,0.0032030777573271827
2016-10-31,0.003634564350367428
2016-11-01,0.0022502016047838236
2016-11-02,0.005501607397201514
2016-11-03,-0.0022022084278373977
2016-11-04,0.0025654322519553523
2016-11-07,-0.013268801153087232
2016-11-08,-0.0005235908471731776
2016-11-09,-0.009106409335098412
2016-11-10,0.009417071624754246
2016-11-11,0.0025832873629815733
2016-11-14,-0.010180224163562016
2016-11-15,-0.006163657514470489
2016-11-16,0.003912325510744854
2016-11-17,-0.004299684088061731
2016-11-18,-0.005232895726943832
2016-11-21,-0.00423137643081832
2016-11-22,-0.002299411213819739
2016-11-23,-0.0011300971503531
2016-11-25,-0.0007202220926535184
2016-11-28,0.004291498995190753
2016-11-29,0.0020315424269316106
2016-11-30,-0.003700080450457454
2016-12-01,-0.0021875106568654424
2016-12-02,0.0003547773892681956
2016-12-05,0.0003465669871705172
2016-12-06,-0.003296717336403706
2016-12-07,0.000744743150216553
2016-12-08,-0.0037097648299509603
2016-12-09,-0.0038254401165917305
2016-12-12,3.540585687166267e-05
2016-12-13,0.00045826567730418677
2016-12-14,-0.00089098579223348
2016-12-15,0.0003032219183934312
2016-12-16,-0.0013277446731226428
2016-12-19,0.0027953847285536334
2016-12-20,-0.0014599539692532004
2016-12-21,0.001742988810631426
2016-12-22,-0.001355395791557196
2016-12-23,0.0001605341612793838
2016-12-27,-0.0010083038530789262
2016-12-28,0.004262039378647126
2016-12-29,0.0024953061173003067
2016-12-30,0.0011308858368324012
2017-01-03,-0.0020552401143529484
2017-01-04,-0.0006156759452436638
2017-01-05,0.005697065525707328
2017-01-06,-0.00437139038480957
2017-01-09,0.0018131124562932603
2017-01-10,-0.0005842960510718358
2017-01-11,0.0009159181907276714
2017-01-12,-0.00023248176660641036
2017-01-13,-0.0020094771454428942
2017-01-17,0.004486495523062236
2017-01-18,-0.006326715532009949
2017-01-19,-0.0006875259923866021
2017-01-20,0.00017329880124389286
2017-01-23,0.0038659610363343732
2017-01-24,-0.0029312531726504542
2017-01-25,-0.005620832015439439
2017-01-26,0.0013090318779273623
2017-01-27,0.00035522340349042054
2017-01-30,1.3427177797296067e-05
2017-01-31,0.0022111304632815606
2017-02-01,-0.003649584767424276
2017-02-02,-0.00019223174712555886
2017-02-03,-0.0002828595370711738
2017-02-06,0.0031377226299091616
2017-02-07,0.002557373674267301
2017-02-08,0.002723879632418911
2017-02-09,-0.005050047254939404
2017-02-10,-0.0009342714878448023
2017-02-13,-0.0019079608371610755
2017-02-14,-0.003029781116458476
2017-02-15,-0.00109258126036542
2017-02-16,0.0036029321509111764
2017-02-17,0.001528574929481108
2017-02-21,-0.002879610012352707
2017-02-22,0.0003096491168084192
2017-02-23,0.0016363172887086108
2017-02-24,0.004283326090930517
2017-02-27,-0.001
2017-02-28,0.0
2017-03-01,0.0
2017-03-02,0.0006427855913797584
2017-03-03,0.0005666720846100315
2017-03-06,0.0013951549624524606
2017-03-07,0.001553889077069659
2017-03-08,0.0035717304754138146
2017-03-09,-0.002757608592512728
2017-03-10,0.0028529879061427454
2017-03-13,-0.00417234641630293
2017-03-14,0.0038745366243727597
2017-03-15,-0.005177717796391201
2017-03-16,0.0014070793281762972
2017-03-17,0.0019726118275846805
2017-03-20,0.004263194480315868
2017-03-21,-0.001
2017-03-22,0.0
2017-03-23,0.0
2017-03-24,0.0
2017-03-27,0.0
2017-03-28,0.0
2017-03-29,0.0
2017-03-30,0.0
2017-03-31,0.0
2017-04-03,0.0
2017-04-04,0.0
2017-04-05,0.0
2017-04-06,0.0
2017-04-07,0.0
2017-04-10,0.0
2017-04-11,0.0
2017-04-12,0.0
2017-04-13,-0.004741463719191596
2017-04-17,0.004911204648372136
2017-04-18,-0.006114738537263631
2017-04-19,0.002094918281981717
2017-04-20,0.004744172962329207
2017-04-21,-0.0007986619481596957
2017-04-24,0.006024588289806454
2017-04-25,0.005769618537721954
2017-04-26,-0.001
2017-04-27,0.0
2017-04-28,0.0
2017-05-01,0.0
2017-05-02,0.0
2017-05-03,0.0
2017-05-04,0.0
2017-05-05,0.0
2017-05-08,0.0
2017-05-09,0.0
2017-05-10,0.0
2017-05-11,0.0
2017-05-12,0.0
2017-05-15,0.0
2017-05-16,0.0
2017-05-17,0.0
2017-05-18,0.0
2017-05-19,0.0
2017-05-22,0.0
2017-05-23,0.0
2017-05-24,0.0
2017-05-25,0.0
2017-05-26,0.0
2017-05-30,0.0
2017-05-31,0.0
2017-06-01,0.0
2017-06-02,0.0
2017-06-05,0.0
2017-06-06,0.0
2017-06-07,0.0
2017-06-08,0.0
2017-06-09,0.0
2017-06-12,0.0
2017-06-13,0.0
2017-06-14,0.0
2017-06-15,0.0
2017-06-16,0.0
2017-06-19,0.0033038739056475705
2017-06-20,-0.005743702085064029
2017-06-21,-0.006283603139420113
2017-06-22,0.001913958269983418
2017-06-23,0.003602720890280686
2017-06-26,-0.00045517855918109085
2017-06-27,0.0013603977953199342
2017-06-28,0.0030139851959818387
2017-06-29,0.0005690949179295579
2017-06-30,0.003210267632571928
2017-07-03,0.0016750865582983998
2017-07-05,-0.0024638778759770164
2017-07-06,7.823450666810672e-05
2017-07-07,-7.787089328459285e-05
2017-07-10,-0.0005290811161235975
2017-07-11,-0.0011016244809289866
2017-07-12,0.0020870048328380797
2017-07-13,0.0025360959441428355
2017-07-14,0.0005042696354800036
2017-07-17,-0.0005733617000827085
2017-07-18,-0.0038580169917015184
2017-07-19,0.002023906950084031
2017-07-20,-0.000344907740365219
2017-07-21,-0.003097430726117012
2017-07-24,0.0019409687390231634
2017-07-25,0.006380653998229735
2017-07-26,-0.001
2017-07-27,0.0
2017-07-28,0.0
2017-07-31,0.0
2017-08-01,0.0
2017-08-02,0.0
2017-08-03,0.0
2017-08-04,0.0
2017-08-07,0.0
2017-08-08,0.0
2017-08-09,0.0
2017-08-10,0.0
2017-08-11,0.0
2017-08-14,0.0
2017-08-15,0.0
2017-08-16,0.0
2017-08-17,0.0
2017-08-18,0.0011510988556802113
2017-08-21,-0.00038047369851890167
2017-08-22,0.005105619005334572
2017-08-23,-0.0036976753032502696
2017-08-24,0.003376381979613763
2017-08-25,-0.0004981698497894538
2017-08-28,0.0001132926030689152
2017-08-29,-0.001989770831495319
2017-08-30,0.0019001643035003735
2017-08-31,0.000985152456213667
2017-09-01,0.004978193858099722
2017-09-05,-0.001
2017-09-06,0.0
2017-09-07,0.0
2017-09-08,0.0
2017-09-11,0.0
2017-09-12,0.0
2017-09-13,0.0
2017-09-14,0.0
2017-09-15,0.0
2017-09-18,0.0
2017-09-19,0.0
2017-09-20,0.0
2017-09-21,0.0
2017-09-22,0.0
2017-09-25,0.0
2017-09-26,0.0
2017-09-27,0.0
2017-09-28,0.0
2017-09-29,0.0
2017-10-02,0.0
2017-10-03,0.0
2017-10-04,0.0
2017-10-05,0.0
2017-10-06,0.0
2017-10-09,0.0
2017-10-10,0.0
2017-10-11,0.0
2017-10-12,0.0
2017-10-13,0.0
2017-10-16,0.0
2017-10-17,0.0
2017-10-18,0.0
2017-10-19,0.0
2017-10-20,0.0
2017-10-23,0.0
2017-10-24,0.0
2017-10-25,0.0
2017-10-26,0.0
2017-10-27,0.0
2017-10-30,0.0
2017-10-31,0.0
2017-11-01,0.0
2017-11-02,0.0
2017-11-03,0.0
2017-11-06,0.0
2017-11-07,0.0
2017-11-08,0.0
2017-11-09,0.0
2017-11-10,0.006909144486715203
2017-11-13,-0.001
2017-11-14,0.0
2017-11-15,0.0
2017-11-16,0.00996874715312035
2017-11-17,-0.001
2017-11-20,0.0
2017-11-21,0.0
2017-11-22,0.0
2017-11-24,0.0
2017-11-27,0.0
2017-11-28,0.0
2017-11-29,0.0
2017-11-30,0.0
2017-12-01,0.0
2017-12-04,0.0
2017-12-05,0.0
2017-12-06,-0.003814149959978418
2017-12-07,0.0024356429392040635
2017-12-08,0.0022705132542820694
2017-12-11,-0.0005152549847389221
2017-12-12,0.0002854792927937666
2017-12-13,-0.002899549115394251
2017-12-14,-0.00387288151696763
2017-12-15,-0.0012822113793395928
2017-12-18,0.0039875124913022475
2017-12-19,0.0030446376466661818
2017-12-20,0.003452165451630629
2017-12-21,-0.001647271019005414
2017-12-22,0.00017504129803413981
2017-12-26,0.00016756278988716566
2017-12-27,-0.005086516981980038
2017-12-28,0.00019930135087908862
2017-12-29,0.0001737017408178776
2018-01-02,0.007580598944995187
2018-01-03,-0.001
2018-01-04,0.0
2018-01-05,0.0
2018-01-08,0.0
2018-01-09,0.0
2018-01-10,0.0
2018-01-11,0.0
2018-01-12,0.0
2018-01-16,0.0
2018-01-17,0.0
2018-01-18,0.0
2018-01-19,0.0
2018-01-22,-0.0028316991319639042
2018-01-23,0.0013778386692517852
2018-01-24,0.0008138279650207192
2018-01-25,0.005762880615167831
2018-01-26,-0.0021236534487977243
2018-01-29,0.0008776902897876804
2018-01-30,2.0705013238253578e-05
2018-01-31,0.0003652725842504534
2018-02-01,-0.0025306155768058947
2018-02-02,0.0012214489499662307
2018-02-05,0.0061569257451894455
2018-02-06,-0.008086099599706076
2018-02-07,0.0009229012825499039
2018-02-08,0.004409181196781575
2018-02-09,-0.00041410696395327573
2018-02-12,-0.006827503107277089
2018-02-13,0.002815457425464074
2018-02-14,-0.005428955620531695
2018-02-15,-0.003367868860566503
2018-02-16,-0.001080604246751271
2018-02-20,-0.0007805017418305304
2018-02-21,-0.0009352263352719881
2018-02-22,0.0006731862171664993
2018-02-23,-0.0020141171365795074
2018-02-26,-0.0004564454720539235
2018-02-27,-0.001687017084997855
2018-02-28,0.0033884015730824
2018-03-01,0.005600971069434135
2018-03-02,-0.008735299557330186
2018-03-05,-0.00035736486170167116
2018-03-06,-0.0004853780718739078
2018-03-07,0.002003868328789802
2018-03-08,0.0008600203294334076
2018-03-09,-0.006973744229163608
2018-03-12,0.002825302204395278
2018-03-13,0.00305198590262248
2018-03-14,0.003327740578077665
2018-03-15,0.00037013044106135734
2018-03-16,-0.0008598486765962531
2018-03-19,0.0004798271922314611
2018-03-20,-0.005374584199701552
2018-03-21,-0.0009292350954211528
2018-03-22,0.00724324164784055
2018-03-23,-0.0008577274881095072
2018-03-26,-0.002311784897409025
2018-03-27,0.004422781211436518
2018-03-28,0.0030707763856583645
2018-03-29,0.0015497712517177247
2018-04-02,-0.0009392045005684702
2018-04-03,0.0
2018-04-04,0.0
2018-04-05,0.0
2018-04-06,0.0
2018-04-09,0.0
2018-04-10,0.0
2018-04-11,0.0
2018-04-12,0.0
2018-04-13,0.0
2018-04-16,0.0
2018-04-17,0.0
2018-04-18,0.0
2018-04-19,0.0
2018-04-20,0.0
2018-04-23,0.0009353552811322008
2018-04-24,-0.0012506338595839163
2018-04-25,-0.003228579309620415
2018-04-26,-5.5199321698598734e-05
2018-04-27,0.002658632208388226
2018-04-30,-0.0002658812931531363
2018-05-01,-0.003342962794205607
2018-05-02,-0.00048718022456396376
2018-05-03,0.0002705960167057332
2018-05-04,0.0007352206944534862
2018-05-07,-0.0020156475546119087
2018-05-08,0.001135839863372703
2018-05-09,-0.001815289318872215
2018-05-10,0.0021421557444243344
2018-05-11,0.0020881899862961184
2018-05-14,-0.0020547389319178766
2018-05-15,-0.002664164009745562
2018-05-16,-0.002603033904852947
2018-05-17,-0.002513869891040965
2018-05-18,0.005182482530136645
2018-05-21,-0.0007938639362234934
2018-05-22,-0.0017493706560702815
2018-05-23,0.003470067428560375
2018-05-24,0.002205895293524218
2018-05-25,0.004589340597863756
2018-05-29,0.009494589253715824
2018-05-30,-0.001
2018-05-31,0.0
2018-06-01,0.0
2018-06-04,0.0
2018-06-05,0.0
2018-06-06,0.0
2018-06-07,0.0
2018-06-08,0.0
2018-06-11,0.0
2018-06-12,0.0
2018-06-13,0.0
2018-06-14,0.0
2018-06-15,0.0
2018-06-18,0.0
2018-06-19,0.0
2018-06-20,0.0
2018-06-21,0.0
2018-06-22,0.0
2018-06-25,0.0
2018-06-26,0.0
2018-06-27,0.0
2018-06-28,0.0
2018-06-29,0.0
2018-07-02,0.0
2018-07-03,0.0
2018-07-05,0.0
2018-07-06,0.0
2018-07-09,0.0
2018-07-10,0.0
2018-07-11,0.0
2018-07-12,0.0
2018-07-13,0.0
2018-07-16,0.0
2018-07-17,0.0
2018-07-18,0.0
2018-07-19,0.0
2018-07-20,0.0
2018-07-23,0.0
2018-07-24,0.0
2018-07-25,0.0
2018-07-26,0.0
2018-07-27,0.0
2018-07-30,0.0
2018-07-31,0.0
2018-08-01,0.0
2018-08-02,0.0
2018-08-03,0.0
2018-08-06,0.0
2018-08-07,0.0
2018-08-08,0.0
2018-08-09,0.0
2018-08-10,0.0
2018-08-13,0.0
2018-08-14,0.0
2018-08-15,0.0
2018-08-16,0.0
2018-08-17,0.0
2018-08-20,0.0
2018-08-21,0.0
2018-08-22,0.0
2018-08-23,0.0
2018-08-24,0.0
2018-08-27,0.0
2018-08-28,0.0
2018-08-29,0.0
2018-08-30,0.0
2018-08-31,0.0
2018-09-04,0.0
2018-09-05,0.0
2018-09-06,0.0
2018-09-07,0.0
2018-09-10,0.0
2018-09-11,0.0
2018-09-12,0.0
2018-09-13,0.0
2018-09-14,0.0
2018-09-17,0.0
2018-09-18,0.0
2018-09-19,-0.000628554158639715
2018-09-20,0.0012284456123516918
2018-09-21,-5.712571789362464e-05
2018-09-24,-0.0018035167183202416
2018-09-25,0.0008117758132233366
2018-09-26,0.002537527142721707
2018-09-27,-0.0005492146790553321
2018-09-28,-0.0013900632077757935
2018-10-01,-0.004272676705635692
2018-10-02,0.0016847567018632992
2018-10-03,-0.003182971725916528
2018-10-04,-0.00040712908141304904
2018-10-05,0.0005541680893230705
2018-10-08,0.0011650174101734967
2018-10-09,0.0013092364702262937
2018-10-10,0.004416526462414638
2018-10-11,0.0033379288401051976
2018-10-12,-0.005136705211513215
2018-10-15,-0.0011480929359286574
2018-10-16,-0.0008445389600941766
2018-10-17,-0.0029469247168851798
2018-10-18,0.00422477129677612
2018-10-19,-0.0018298791935329461
2018-10-22,-0.0017130299523099302
2018-10-23,0.0023623379360018237
2018-10-24,0.006369519858360095
2018-10-25,-0.00325361532180124
2018-10-26,0.006176292849733533
2018-10-29,-0.001
2018-10-30,0.0
2018-10-31,0.0
2018-11-01,0.0
2018-11-02,0.0
2018-11-05,0.0
2018-11-06,0.0
2018-11-07,0.0
2018-11-08,0.0
2018-11-09,0.0
2018-11-12,0.0
2018-11-13,0.0
2018-11-14,0.0
2018-11-15,0.0
2018-11-16,0.0
2018-11-19,0.0
2018-11-20,0.0
2018-11-21,0.0
2018-11-23,0.0
2018-11-26,0.0
2018-11-27,0.0
2018-11-28,0.0
2018-11-29,0.0
2018-11-30,0.0
2018-12-03,0.0
2018-12-04,0.0
2018-12-06,0.0
2018-12-07,0.0
2018-12-10,-0.0033275624031875225
2018-12-11,-7.644720037630422e-05
2018-12-12,0.001990441842566761
2018-12-13,-0.0004331669317450681
2018-12-14,-0.0028228834949611784
2018-12-17,-0.007031550931755089
2018-12-18,-0.005208666269662817
2018-12-19,-0.007280381731662557
2018-12-20,-0.004204517796250373
2018-12-21,-0.0031194954452725345
2018-12-24,-0.003794252384194123
2018-12-26,0.014270404449537406
2018-12-27,-0.0004811931462684415
2018-12-28,-0.0037042901463526026
2018-12-31,-0.0022425001353323032
2019-01-02,-0.004043707353292295
2019-01-03,-9.934995966300306e-05
2019-01-04,0.012371851332498128
2019-01-07,0.005966831188723608
2019-01-08,0.001729159521345119
2019-01-09,-0.0030652517067640194
2019-01-10,0.005035170942131275
2019-01-11,-0.0038140752041200482
2019-01-14,0.0006731098969685513
2019-01-15,0.0014267019464995298
2019-01-16,-0.0009947431559906184
2019-01-17,-0.00034907890122143044
2019-01-18,-1.7231519091048816e-05
2019-01-22,-0.005701635639652411
2019-01-23,-0.0013232728144233824
2019-01-24,-0.001971711760600268
2019-01-25,0.0006403654572291747
2019-01-28,-0.0007653041623597999
2019-01-29,-0.0025347270543928206
2019-01-30,0.0002482297637691092
2019-01-31,-0.005520667637330016
2019-02-01,0.0020905961291256474
2019-02-04,0.0027980963461731196
2019-02-05,-0.0019374213931744248
2019-02-06,0.0013281353974241676
2019-02-07,-0.0018900918278605713
2019-02-08,-0.0026414008917541414
2019-02-11,0.002519769451912812
2019-02-12,0.0016059270054225915
2019-02-13,0.001712708484419371
2019-02-14,-0.0010496616517762282
2019-02-15,0.000748292556571709
2019-02-19,-0.00038573861179591287
2019-02-20,0.0013664834558418655
2019-02-21,0.0022552592960311843
2019-02-22,-0.0008116894518925699
2019-02-25,0.0
2019-02-26,0.0
2019-02-27,0.0
2019-02-28,0.0
2019-03-01,0.0
2019-03-04,0.0
2019-03-05,0.0
2019-03-06,0.0
2019-03-07,0.0
2019-03-08,0.0
2019-03-11,0.0
2019-03-12,0.0
2019-03-13,0.0
2019-03-14,0.0
2019-03-15,0.0
2019-03-18,0.0
2019-03-19,0.0
2019-03-20,0.0
2019-03-21,0.0
2019-03-22,0.0
2019-03-25,-0.0031995455027386006
2019-03-26,0.0017725806648404248
2019-03-27,-0.0007023175110644758
2019-03-28,0.0005635459608899131
2019-03-29,0.0031098717991818736
2019-04-01,0.0034956478000550332
2019-04-02,-0.0009226869316053204
2019-04-03,0.0024215440154480273
2019-04-04,-9.848688838198782e-05
2019-04-05,0.00024852568865552094
2019-04-08,0.0008562633157119803
2019-04-09,-0.002807155534172323
2019-04-10,-0.0004867674723614268
2019-04-11,0.002506283980625912
2019-04-12,0.0020852942906293137
2019-04-15,0.0009062578236987973
2019-04-16,0.002201575542815082
2019-04-17,-0.0022488578584196617
2019-04-18,-0.00038322171937199556
2019-04-22,-0.00012787379993328685
2019-04-23,-0.0006715897524933734
2019-04-24,-0.004746647416752792
2019-04-25,0.0009645027041751408
2019-04-26,-0.0009872400536652393
2019-04-29,0.003468638622365461
2019-04-30,-0.00030416237303265703
2019-05-01,-0.00296074358347731
2019-05-02,0.004314219857856072
2019-05-03,-0.0019296423373211802
2019-05-06,-0.0008831734176182326
2019-05-07,-0.005919953684837886
2019-05-08,0.0037076918707651396
2019-05-09,-0.002436357355789953
2019-05-10,0.002202191301924117
2019-05-13,-0.009750782102246336
2019-05-14,0.0007945366286872257
2019-05-15,-0.0018364188568920081
2019-05-16,0.004623734394843093
2019-05-17,-0.0004322077588841955
2019-05-20,0.0014164658291955234
2019-05-21,0.0023042514065256814
2019-05-22,-0.00044693203816925653
2019-05-23,-0.007169191366989014
2019-05-24,-0.0034915178471074393
2019-05-28,-0.0016020264167269094
2019-05-29,-0.0031057383037594866
2019-05-30,-0.0036468949697929798
2019-05-31,-0.00957211290999338
2019-06-03,-0.001470752463466285
2019-06-04,0.009710281118050057
2019-06-05,0.0030002907369576226
2019-06-06,0.00019651713870016962
2019-06-07,-0.0019007074399983725
2019-06-10,0.0051296583657263195
2019-06-11,0.0004839783419561261
2019-06-12,-0.0038009454675771437
2019-06-13,-0.00023160004327182904
2019-06-14,-0.0011060430553121448
2019-06-17,-0.001999463184137684
2019-06-18,0.0003153697473814443
2019-06-19,-0.0016345758684779277
2019-06-20,-0.0003809934115976965
2019-06-21,0.00043071040941322636
2019-06-24,-0.0026223031304779543
2019-06-25,-0.0012525037322119736
2019-06-26,0.0015635801707359898
2019-06-27,-0.003076754801939474
2019-06-28,-0.0022386892168717513
2019-07-01,-0.0015968774908372181
2019-07-02,-0.0005552602640142249
2019-07-03,0.001047930609091733
2019-07-05,0.004845971594214597
2019-07-08,-0.0005359462183095318
2019-07-09,0.0009677613927473727
2019-07-10,0.0004475349089473763
2019-07-11,0.003988479341228241
2019-07-12,0.0005943424425521444
2019-07-15,-0.0010337271955911161
2019-07-16,7.947232330064441e-05
2019-07-17,-0.006521084728399758
2019-07-18,-0.001895646464142959
2019-07-19,-0.00017294546592775537
2019-07-22,0.00022226827176779245
2019-07-23,0.0011169550680405482
2019-07-24,-0.0020318847479113113
2019-07-25,0.00186311534884752
2019-07-26,0.0007620233238957948
2019-07-29,-0.0008265334223533823
2019-07-30,0.000770996530939975
2019-07-31,-0.002584376208698986
2019-08-01,-0.008619868145247001
2019-08-02,-0.0025513579935702267
2019-08-05,-0.011136904761863686
2019-08-06,-0.00030326579358216146
2019-08-07,4.2717904623968146e-05
2019-08-08,0.0010946421140525715
2019-08-09,0.0015909681526183536
2019-08-12,-0.009607362380919842
2019-08-13,0.004989392781718068
2019-08-14,-0.011288360571457028
2019-08-15,-0.002296972442580532
2019-08-16,0.0012220632582690414
2019-08-19,0.005793896365853494
2019-08-20,-0.004913910311047665
2019-08-21,0.0021187407867274484
2019-08-22,0.005125296542644937
2019-08-23,-0.007563651227028435
2019-08-26,0.004286565693642396
2019-08-27,-0.005517223482000014
2019-08-28,0.0021797533559914433
2019-08-29,0.002997254627657729
2019-08-30,-0.0007464800348522761
2019-09-03,-0.0019027555470688363
2019-09-04,0.0002511926214232383
2019-09-05,0.010719375270567467
2019-09-06,-0.002407138174484546
2019-09-09,0.007583731635929991
2019-09-10,0.007772765765298571
2019-09-11,-0.0009111749426379538
2019-09-12,0.0
2019-09-13,0.0
2019-09-16,0.0
2019-09-17,0.0
2019-09-18,0.0
2019-09-19,0.0
2019-09-20,0.0
2019-09-23,0.0
2019-09-24,0.0
2019-09-25,0.0
2019-09-26,0.0
2019-09-27,0.0
2019-09-30,0.0
2019-10-01,0.0
2019-10-02,0.0
2019-10-03,0.0
2019-10-04,0.0
2019-10-07,0.0
2019-10-08,0.0
2019-10-09,0.0
2019-10-10,0.0
2019-10-11,0.0
2019-10-14,0.0
2019-10-15,0.0
2019-10-16,0.0
2019-10-17,0.0
2019-10-18,0.0
2019-10-21,0.0
2019-10-22,0.0
2019-10-23,0.0
2019-10-24,0.0
2019-10-25,0.0
2019-10-28,0.0
2019-10-29,0.0
2019-10-30,0.0
2019-10-31,0.0
2019-11-01,0.0
2019-11-04,0.0
2019-11-05,0.0
2019-11-06,0.0
2019-11-07,0.0
2019-11-08,0.0
2019-11-11,0.0
2019-11-12,0.0
2019-11-13,0.0
2019-11-14,0.0
2019-11-15,0.0
2019-11-18,0.0
2019-11-19,0.0
2019-11-20,0.0
2019-11-21,0.0
2019-11-22,0.0
2019-11-25,0.0
2019-11-26,0.0
2019-11-27,0.0
2019-11-29,0.0
2019-12-02,0.0
2019-12-03,0.0
2019-12-04,0.0
2019-12-05,0.0
2019-12-06,0.0
2019-12-09,0.0
2019-12-10,0.0
2019-12-11,0.0
2019-12-12,0.0
2019-12-13,0.0
2019-12-16,0.0
2019-12-17,0.0
2019-12-18,0.0
2019-12-19,0.0
2019-12-20,0.0
2019-12-23,0.0
2019-12-24,0.0
2019-12-26,0.0
2019-12-27,0.0
2019-12-30,0.0
2019-12-31,0.0
2020-01-02,0.0
2020-01-03,0.0
2020-01-06,0.0
2020-01-07,0.0
2020-01-08,0.0
2020-01-09,0.0
2020-01-10,0.0
2020-01-13,0.0
2020-01-14,0.0
2020-01-15,0.0
2020-01-16,0.0
2020-01-17,0.0
2020-01-21,0.0
2020-01-22,0.0
2020-01-23,0.0
2020-01-24,0.0
2020-01-27,-0.009650276905702637
2020-01-28,0.009147894806804224
2020-01-29,-0.0037933360802956395
2020-01-30,0.00041300322845216897
2020-01-31,-0.006696579935747793
2020-02-03,0.0006266204660834163
2020-02-04,0.008416127335591939
2020-02-05,0.004719712594035141
2020-02-06,0.0012560456050155766
2020-02-07,-0.005315691592883365
2020-02-10,-0.0010079607772131016
2020-02-11,0.0021314585352832927
2020-02-12,0.003068053091238032
2020-02-13,0.001027713657950735
2020-02-14,-0.0025621096234357266
2020-02-18,-0.003944840722101439
2020-02-19,0.0018248508436148336
2020-02-20,-0.0016573663761931812
2020-02-21,-0.002882914219771715
2020-02-24,-0.010906654637192648
2020-02-25,-0.007967799062893577
2020-02-26,0.004752936995714663
2020-02-27,-0.008143908879045925
2020-02-28,-0.007482203826516096
2020-03-02,0.007962787559527071
2020-03-03,-0.015202494474719174
2020-03-04,0.01063847152900375
2020-03-05,-0.009634994766909629
2020-03-06,-0.015223442835886782
2020-03-09,-0.005635246401711569
2020-03-10,0.022069770996931266
2020-03-11,0.009846312987783311
2020-03-12,0.005919636017793495
2020-03-13,-0.004444585430590692
2020-03-16,-0.012705668710446268
2020-03-17,0.014145668350051264
2020-03-18,0.0018454951090681568
2020-03-19,-0.0002561870720624636
2020-03-20,0.008278797738005057
2020-03-23,0.018981131742847473
2020-03-24,-0.0002161911458692179
2020-03-25,-0.002623257931431016
2020-03-26,0.008982637181263202
2020-03-27,0.0008072667076464123
2020-03-30,-0.00039109617648350626
2020-03-31,-0.0009406733753464806
2020-04-01,-0.002717685643245224
2020-04-02,0.0009836894579894368
2020-04-03,-0.0030412820140769286
2020-04-06,0.0011765891402305353
2020-04-07,-0.0002484906613621179
2020-04-08,0.0016913688857361337
2020-04-09,0.003811244740711823
2020-04-13,-0.0007672208838542659
2020-04-14,0.0013924285941445927
2020-04-15,-0.002460116143439983
2020-04-16,0.0005991494081195757
2020-04-17,0.00028641267036395797
2020-04-20,-0.0014699054825604272
2020-04-21,-0.0022815103174429158
2020-04-22,0.0012545861945836088
2020-04-23,-0.0007199822985016676
2020-04-24,-0.0013306753925358638
2020-04-27,0.0018476942273102138
2020-04-28,5.679790445938154e-05
2020-04-29,0.001703013067700315
2020-04-30,0.001323270703294964
2020-05-01,-0.002026636231670854
2020-05-04,-0.00044679615264624803
2020-05-05,0.0015096717104534885
2020-05-06,0.0008327822966863847
2020-05-07,-1.9648900207675996e-05
2020-05-08,0.002154774542843231
2020-05-11,0.0006366408023550314
2020-05-12,-0.00015053329951150807
2020-05-13,0.0
2020-05-14,0.0
2020-05-15,0.0
2020-05-18,0.0
2020-05-19,0.0
2020-05-20,0.0
2020-05-21,0.0
2020-05-22,0.0
2020-05-26,0.0
2020-05-27,0.0
2020-05-28,0.0
2020-05-29,0.0
2020-06-01,0.0
2020-06-02,0.0
2020-06-03,0.0
2020-06-04,0.0
2020-06-05,0.0
2020-06-08,0.0
2020-06-09,0.0
2020-06-10,0.0
2020-06-11,0.0
2020-06-12,0.0
2020-06-15,0.0
2020-06-16,0.0
2020-06-17,0.0
2020-06-18,0.0
2020-06-19,0.0
2020-06-22,0.0
2020-06-23,0.0
2020-06-24,0.0
2020-06-25,0.0
2020-06-26,0.0
2020-06-29,0.0
2020-06-30,0.0008899543709413227
2020-07-01,-0.0006789648717074974
2020-07-02,0.0009449746300463595
2020-07-06,0.000853257563215693
2020-07-07,-0.0023017161863458247
2020-07-08,0.001820737785664388
2020-07-09,-0.0043472957992572265
2020-07-10,0.0024524759895638015
2020-07-13,-0.00045228913264489266
2020-07-14,-0.00040711584889630676
2020-07-15,0.000930101875835936
2020-07-16,-0.0014103286879539434
2020-07-17,-0.0006007736627923071
2020-07-20,0.0007353313017753026
2020-07-21,0.0011022158595334188
2020-07-22,-0.0012534685556625843
2020-07-23,-0.0007936795258258873
2020-07-24,0.0018948954497215848
2020-07-27,0.003079788927170543
2020-07-28,-0.0004674474933830573
2020-07-29,-0.0011456057750340184
2020-07-30,0.0017361877922050576
2020-07-31,-4.9169159111133e-05
2020-08-03,-0.0008889888061837512
2020-08-04,-0.00287290928865775
2020-08-05,0.0018699459636223683
2020-08-06,-0.0022627185623203656
2020-08-07,0.0010433228450772354
2020-08-10,0.0019534340009719642
2020-08-11,0.0006149887621933521
2020-08-12,0.002049375247877916
2020-08-13,0.005747104032914018
2020-08-14,-0.0006532843979064753
2020-08-17,0.0
2020-08-18,0.0
2020-08-19,0.0
2020-08-20,0.0
2020-08-21,0.0
2020-08-24,0.0
2020-08-25,0.0
2020-08-26,0.0
2020-08-27,0.0
2020-08-28,0.0
2020-08-31,0.0
2020-09-01,0.0
2020-09-02,0.0
2020-09-03,0.0
2020-09-04,0.0
2020-09-08,0.0
2020-09-09,0.0
2020-09-10,0.0
2020-09-11,0.0
2020-09-14,0.0
2020-09-15,0.0
2020-09-16,0.0
2020-09-17,0.0
2020-09-18,0.0
2020-09-21,0.0
2020-09-22,0.0
2020-09-23,0.0
2020-09-24,0.0
2020-09-25,0.0
2020-09-28,0.0
2020-09-29,0.0
2020-09-30,0.0
2020-10-01,0.0
2020-10-02,0.0
2020-10-05,0.0
2020-10-06,0.0
2020-10-07,0.0
2020-10-08,0.0
2020-10-09,0.0
2020-10-12,0.0
2020-10-13,0.0
2020-10-14,0.0
2020-10-15,0.0
2020-10-16,0.0
2020-10-19,0.0
2020-10-20,0.0
2020-10-21,0.0
2020-10-22,0.0
2020-10-23,0.0
2020-10-26,0.0
2020-10-27,0.0
2020-10-28,0.0
2020-10-29,0.0
2020-10-30,0.0
2020-11-02,0.0
2020-11-03,0.0
2020-11-04,0.0
2020-11-05,0.0
2020-11-06,0.0
2020-11-09,0.0
2020-11-10,-0.0018150707381498765
2020-11-11,0.0017305297772896228
2020-11-12,0.008168350900494812
2020-11-13,-0.001528248373437333
2020-11-16,-0.0014630400934316232
2020-11-17,0.002320545636581981
2020-11-18,0.0030201523698015205
2020-11-19,0.002021683646682201
2020-11-20,-0.00075961389367499
2020-11-23,0.0
2020-11-24,0.0
2020-11-25,0.0
2020-11-27,0.0
2020-11-30,0.0
2020-12-01,0.0
2020-12-02,0.0
2020-12-03,0.0
2020-12-04,0.0
2020-12-07,0.0
2020-12-08,0.0
2020-12-09,0.0
2020-12-10,0.0
2020-12-11,0.0
2020-12-14,0.0
2020-12-15,0.0
2020-12-16,0.0
2020-12-17,0.0
2020-12-18,0.0
2020-12-21,0.0
2020-12-22,0.0
2020-12-23,0.0
2020-12-24,0.0
2020-12-28,0.0
2020-12-29,0.0
2020-12-30,0.0
2020-12-31,0.0
2021-01-04,0.0
2021-01-05,0.0
2021-01-06,0.0
2021-01-07,-0.003618216568409421
2021-01-08,-0.0020178963895643768
2021-01-11,0.0013631023609095732
2021-01-12,0.0006453599870631243
2021-01-13,0.0038239221746816203
2021-01-14,-0.003354243572117254
2021-01-15,0.002742291504846118
2021-01-19,-0.0012408516505696774
2021-01-20,-0.0019437902724022435
2021-01-21,-0.002715973668557496
2021-01-22,0.0012028177925669627
2021-01-25,0.00322048713682568
2021-01-26,0.0014179697910569767
2021-01-27,0.0014022101521504267
2021-01-28,-0.004331064412954225
2021-01-29,0.001329653259183918
2021-02-01,-0.0015405906352253021
2021-02-02,-0.0046606232716973825
2021-02-03,-0.0031964873011080487
2021-02-04,-0.0003799950393752628
2021-02-05,-0.004141876582174251
2021-02-08,0.0013300118755386026
2021-02-09,0.0002718726371279123
2021-02-10,0.002595229413530409
2021-02-11,-0.0031131334291154555
2021-02-12,-0.004854169273096454
2021-02-16,-0.005458601053123235
2021-02-17,0.005352471516573809
2021-02-18,-0.0005423253653524655
2021-02-19,-0.0073528990660138545
2021-02-22,-0.002984091613500247
2021-02-23,-0.0017022806456265993
2021-02-24,0.0004051774814624613
2021-02-25,-0.005524071722209962
2021-02-26,0.013843784601176102
2021-03-01,-0.010531071288095523
2021-03-02,0.000636574299761523
2021-03-03,-0.0023873336436217108
2021-03-04,-0.0022893970154700327
2021-03-05,-0.0039775944013303935
2021-03-08,0.00041510589038412307
2021-03-09,0.003968385260597019
2021-03-10,0.00012271947108416793
2021-03-11,-0.0032781893939845324
2021-03-12,-0.005238703336058928
2021-03-15,0.0021410786832819014
2021-03-16,0.0018501462285889264
2021-03-17,-0.0007755963028600833
2021-03-18,0.0038441618114720367
2021-03-19,-0.002781572617425081
2021-03-22,-0.0011474459038953626
2021-03-23,0.0009201330703159178
2021-03-24,0.0013880469128840175
2021-03-25,-0.002451203314014788
2021-03-26,-0.003384355772783418
2021-03-29,-0.0021238133791565356
2021-03-30,0.004373734774601543
2021-03-31,-0.002997417577535409
2021-04-01,0.0020496000558792517
2021-04-05,-0.003585570031258598
2021-04-06,0.0026956963170941903
2021-04-07,-0.000945311411251423
2021-04-08,0.0020114469595444895
2021-04-09,-0.0006463321215894218
2021-04-12,0.0008705486977716993
2021-04-13,0.0022045025936152846
2021-04-14,-0.0004385381828068367
2021-04-15,3.102091263473377e-05
2021-04-16,-0.002357685693760978
2021-04-19,-6.79376819469025e-05
2021-04-20,0.0029051692342183895
2021-04-21,-0.0011032248971406561
2021-04-22,0.0024130710878932054
2021-04-23,-0.0020433781330580305
2021-04-26,0.0001565593999449371
2021-04-27,-0.0014998476791489614
2021-04-28,-0.0018339670688893156
2021-04-29,-0.0019129955802467844
2021-04-30,0.0017616337095117465
2021-05-03,0.0011367536648369577
2021-05-04,0.0009564219809767621
2021-05-05,-0.0011788455543726075
2021-05-06,0.0015554418086085578
2021-05-07,-0.0008190898603315807
2021-05-10,0.0
2021-05-11,0.0
2021-05-12,0.0
2021-05-13,0.0
2021-05-14,0.0
2021-05-17,0.0
2021-05-18,0.0
2021-05-19,0.0
2021-05-20,0.0
2021-05-21,0.0
2021-05-24,0.0
2021-05-25,0.0
2021-05-26,0.0
2021-05-27,0.0
2021-05-28,0.0
2021-06-01,0.0
2021-06-02,0.0
2021-06-03,0.0
2021-06-04,0.0
2021-06-07,0.0
2021-06-08,0.0
2021-06-09,-0.003545098384266796
2021-06-10,-0.002374919088944878
2021-06-11,-0.0004222631264327589
2021-06-14,0.002469548154435378
2021-06-15,-0.0008270077746591855
2021-06-16,0.0013059044339656717
2021-06-17,-0.0045267389746812756
2021-06-18,-0.005298505894345078
2021-06-21,0.007239027311775224
2021-06-22,-0.0007916771333376198
2021-06-23,0.0003694899106545738
2021-06-24,0.0013457558235744098
2021-06-25,0.0033623884591607207
2021-06-28,-0.0039197722246229
2021-06-29,0.0001693382825964435
2021-06-30,-0.0009260802670473844
2021-07-01,0.0027732169060913758
2021-07-02,-0.0011048652033056473
2021-07-06,-0.004047965472428606
2021-07-07,-0.002908156182274524
2021-07-08,-0.002650202886873306
2021-07-09,0.005733888488791304
2021-07-12,0.00014171624429294924
2021-07-13,0.0006201343098583803
2021-07-14,-0.0030158761018765725
2021-07-15,-0.0028148300660231352
2021-07-16,2.457939392869164e-05
2021-07-19,-0.01386882110564854
2021-07-20,0.006375566175715993
2021-07-21,0.005777521719240619
2021-07-22,-0.003344872336038013
2021-07-23,0.0023540821512845972
2021-07-26,0.000627794975418305
2021-07-27,-0.005434973006420802
2021-07-28,-0.0008671309346362471
2021-07-29,0.004863402960237938
2021-07-30,-0.00212533271203478
2021-08-02,-0.005183993152104496
2021-08-03,0.00018566100872746382
2021-08-04,-0.002034980584377858
2021-08-05,0.00621618348195921
2021-08-06,0.006668682298177199
2021-08-09,0.0016864538660931107
2021-08-10,-0.0002482460876539809
2021-08-11,0.00014749244887629227
2021-08-12,0.0004043104387265658
2021-08-13,-0.004121441295557535
2021-08-16,-0.0002118225463050767
2021-08-17,-0.0006236440839164331
2021-08-18,-0.00166563018289039
2021-08-19,-0.002282624704662121
2021-08-20,0.0017786309197891329
2021-08-23,0.002392483445654093
2021-08-24,0.0035572987039698433
2021-08-25,0.003489939571346362
2021-08-26,-0.000975615808101604
2021-08-27,0.0
2021-08-30,0.0
2021-08-31,0.0
2021-09-01,0.0
2021-09-02,0.0
2021-09-03,0.0
2021-09-07,0.0
2021-09-08,0.0
2021-09-09,0.0
2021-09-10,0.0
2021-09-13,0.0
2021-09-14,0.0
2021-09-15,0.0
2021-09-16,0.0
2021-09-17,0.0
2021-09-20,0.0
2021-09-21,0.0
2021-09-22,0.0
2021-09-23,0.0
2021-09-24,0.0
2021-09-27,0.0
2021-09-28,0.0
2021-09-29,-0.0029746302797499756
2021-09-30,-0.0012191636704708452
2021-10-01,0.004158413279723597
2021-10-04,0.002100003553667337
2021-10-05,-0.003161960096811972
2021-10-06,0.0008312562481717694
2021-10-07,-0.004005225468725995
2021-10-08,-0.00106052703300386
2021-10-11,0.0014565511663099297
2021-10-12,0.003706385950902213
2021-10-13,0.0017798967583445987
2021-10-14,-0.0015687618020122206
2021-10-15,-0.0013551916228451194
2021-10-18,-0.00025176378679183314
2021-10-19,-0.005394558557404293
2021-10-20,-0.002394382152947596
2021-10-21,0.0007043197859601719
2021-10-22,0.00585355781019923
2021-10-25,-0.0013463192231634336
2021-10-26,0.0034256301980845286
2021-10-27,0.005939478868214355
2021-10-28,-0.0009215884180652351
2021-10-29,0.0
2021-11-01,0.0
2021-11-02,0.0
2021-11-03,0.0
2021-11-04,0.0
2021-11-05,0.0
2021-11-08,0.0
2021-11-09,0.0
2021-11-10,0.0
2021-11-11,0.0
2021-11-12,0.0
2021-11-15,0.0
2021-11-16,0.0
2021-11-17,0.0
2021-11-18,0.0
2021-11-19,0.0
2021-11-22,0.0
2021-11-23,0.0
2021-11-24,0.0
2021-11-26,0.0
2021-11-29,0.0
2021-11-30,0.0
2021-12-01,0.0
2021-12-02,0.0
2021-12-03,0.0
2021-12-06,0.007132454540966802
2021-12-07,0.0050083785293468215
2021-12-08,0.0044361509645464885
2021-12-09,-0.0008504226560315579
2021-12-10,0.0
2021-12-13,0.0
2021-12-14,0.0
2021-12-15,0.0
2021-12-16,0.0
2021-12-17,0.0
2021-12-20,0.0
2021-12-21,0.0
2021-12-22,0.0
2021-12-23,0.0
2021-12-27,0.0
2021-12-28,0.0
2021-12-29,0.0
2021-12-30,0.0
2021-12-31,0.0
2022-01-03,0.0
2022-01-04,0.0022676275329695304
2022-01-05,0.003561455363785613
2022-01-06,-0.0010316597140762303
2022-01-07,-0.0005106849822501203
2022-01-10,-0.0014783343485616851
2022-01-11,-0.0024815286066012525
2022-01-12,-0.0021223366813227012
2022-01-13,0.005867541961311007
2022-01-14,-0.005503181080212194
2022-01-18,-0.0018626724558573966
2022-01-19,0.0019906624001723825
2022-01-20,0.0014915946860824551
2022-01-21,0.00439497888937782
2022-01-24,-0.0010627298010469515
2022-01-25,0.0009892234698300278
2022-01-26,-0.0012743338589644548
2022-01-27,0.005904475547576583
2022-01-28,-0.002099409822883111
2022-01-31,8.171156481641057e-05
2022-02-01,-0.0028351046523829985
2022-02-02,-0.0014848025652217294
2022-02-03,0.0032268248782841317
2022-02-04,-0.00316763204351809
2022-02-07,0.001909870169106182
2022-02-08,-0.0015847972999015543
2022-02-09,-0.002786825159639251
2022-02-10,0.0031132952837762116
2022-02-11,0.0078087090680781564
2022-02-14,-0.004307456241981961
2022-02-15,-0.004623001218843118
2022-02-16,-0.003762920459484046
2022-02-17,0.003924602499676698
2022-02-18,0.0003834243385209985
2022-02-22,0.001028438177497801
2022-02-23,-0.0045518177251029045
2022-02-24,-0.0028469483702338576
2022-02-25,-0.002029750924266914
2022-02-28,0.006445386357091529
2022-03-01,0.004435942982261501
2022-03-02,-0.011580791649200842
2022-03-03,0.004738645682814735
2022-03-04,0.006139758611561131
2022-03-07,0.00014957871425229488
2022-03-08,-0.0006120238708593526
2022-03-09,-0.005884135052207941
2022-03-10,-1.6440593385427388e-05
2022-03-11,0.0053137554391419
2022-03-14,0.0006425438777855141
2022-03-15,-0.0011307099939399283
2022-03-16,-0.005237058732994714
2022-03-17,0.000720540707284511
2022-03-18,-0.0010694813380910015
2022-03-21,0.0001947249626819897
2022-03-22,-0.004372169694142496
2022-03-23,0.0033353424031437712
2022-03-24,-0.001059293928285182
2022-03-25,0.00045116336322631375
2022-03-28,-0.0010346049700983983
2022-03-29,-0.0031519769495086353
2022-03-30,0.002792488237379059
2022-03-31,0.0009057743726168826
2022-04-01,0.0016814180674187846
2022-04-04,-0.0026047006166617925
2022-04-05,-0.0013132317806793506
2022-04-06,0.0014779857944649745
2022-04-07,-0.001290357285958963
2022-04-08,-0.00039767835017572294
2022-04-11,-0.0008212308798418802
2022-04-12,-0.003736721276255579
2022-04-13,-0.0007377788196967066
2022-04-14,-0.0019256788327870677
2022-04-18,-0.0026350508125022017
2022-04-19,-0.0031363575541953938
2022-04-20,0.0031097316067116975
2022-04-21,-0.001210089036054239
2022-04-22,0.002545474221981778
2022-04-25,0.000601280724084885
2022-04-26,0.0026875483959524103
2022-04-27,-0.0016804388755557696
2022-04-28,-0.0014784079156445339
2022-04-29,0.0013709228240111834
2022-05-02,-0.0025215107997955196
2022-05-03,0.0001582517418747984
2022-05-04,-0.0008061878231102061
2022-05-05,0.0020422586019941693
2022-05-06,-0.0009080129872679526
2022-05-09,0.006161585062401197
2022-05-10,-0.0008858464776241968
2022-05-11,0.004593923059388035
2022-05-12,0.00035747268718715013
2022-05-13,-0.0026915295547939896
2022-05-16,0.0011989802018794408
2022-05-17,-0.0019395305548559655
2022-05-18,0.00524688672873727
2022-05-19,-0.0019220437001442473
2022-05-20,0.0023118432912529797
2022-05-23,-0.003235577789875074
2022-05-24,0.002709923608289283
2022-05-25,-0.0004326757110338745
2022-05-26,0.0
2022-05-27,0.0
2022-05-31,0.0
2022-06-01,0.0
2022-06-02,0.0
2022-06-03,0.0
2022-06-06,0.0
2022-06-07,0.0
2022-06-08,0.0
2022-06-09,0.0
2022-06-10,0.0
2022-06-13,0.0
2022-06-14,0.0
2022-06-15,0.0
2022-06-16,0.0
2022-06-17,0.0
2022-06-21,0.0
2022-06-22,0.0
2022-06-23,0.0
2022-06-24,0.0
2022-06-27,0.0
2022-06-28,0.0
2022-06-29,0.0
2022-06-30,0.0
2022-07-01,-0.0020533157265058303
2022-07-05,-0.00022673815269429464
2022-07-06,0.0006556663398461572
2022-07-07,0.005798993648874644
2022-07-08,0.0009302622510685219
2022-07-11,-0.003089654896021918
2022-07-12,0.0008016690401194122
2022-07-13,-0.00345754676214259
2022-07-14,0.001985668476357519
2022-07-15,0.0010994291844145868
2022-07-18,-0.00040936144678447044
2022-07-19,0.003324067434405895
2022-07-20,0.0019112736022523977
2022-07-21,-0.0003805379323682758
2022-07-22,0.0
2022-07-25,0.0
2022-07-26,0.0
2022-07-27,0.0
2022-07-28,0.0
2022-07-29,0.0
2022-08-01,0.0
2022-08-02,0.0
2022-08-03,0.0
2022-08-04,0.0
2022-08-05,0.0
2022-08-08,0.0
2022-08-09,0.0
2022-08-10,0.0
2022-08-11,0.0
2022-08-12,0.0
2022-08-15,0.0
2022-08-16,0.0
2022-08-17,0.0
2022-08-18,0.0
2022-08-19,0.0
2022-08-22,0.0
2022-08-23,0.0
2022-08-24,0.0
2022-08-25,0.0
2022-08-26,0.0
2022-08-29,0.0
2022-08-30,0.0
2022-08-31,0.0
2022-09-01,0.0
2022-09-02,0.0
2022-09-06,0.0
2022-09-07,0.00011472888814689997
2022-09-08,-0.0024149689324435707
2022-09-09,-0.0006231412397053494
2022-09-12,-0.0021291432290901574
2022-09-13,0.006206675444881731
2022-09-14,0.0014671614667794393
2022-09-15,0.0004205046564495058
2022-09-16,-0.0023617049122906593
2022-09-19,-0.0007479408803509911
2022-09-20,-0.0004128040007823905
2022-09-21,0.0028268828372991018
2022-09-22,-0.0038939502104226574
2022-09-23,0.0038474177186071075
2022-09-26,-0.0029254476096457096
2022-09-27,-0.0054710448807568255
2022-09-28,0.0014224021431036825
2022-09-29,0.0005793780946608364
2022-09-30,0.0007161212475246801
2022-10-03,0.002189338796544112
2022-10-04,-0.006350251603988972
2022-10-05,-0.0014122778479020142
2022-10-06,0.00021301083621204183
2022-10-07,0.0006225439073174078
2022-10-10,0.0009427909738643683
2022-10-11,-0.0018551176097172408
2022-10-12,-0.0010380661468752592
2022-10-13,-0.00014722240175908972
2022-10-14,-0.0024101922253211227
2022-10-17,-0.0027207786000857967
2022-10-18,-0.000271829797488251
2022-10-19,-0.0017933710327655312
2022-10-20,-0.0012912736497895565
2022-10-21,-0.0024176302356009333
2022-10-24,-0.0004436899669259508
2022-10-25,0.0016022082618681083
2022-10-26,0.0007095563147731881
2022-10-27,-0.0009006396971175155
2022-10-28,-0.001990285652505695
2022-10-31,0.003318725320548546
2022-11-01,0.0006614811431997091
2022-11-02,0.0013273666939660523
2022-11-03,0.0011175631615530789
2022-11-04,-0.0016931210382992057
2022-11-07,-0.0013873195480833705
2022-11-08,0.002010256791271574
2022-11-09,0.003251569551092799
2022-11-10,0.002357128946238909
2022-11-11,-0.0002389122601831428
2022-11-14,0.0006204761765932754
2022-11-15,0.0020505532483891436
2022-11-16,0.0036418894920630398
2022-11-17,-0.0003354728434434211
2022-11-18,0.0
2022-11-21,0.0
2022-11-22,0.0
2022-11-23,0.0
2022-11-25,0.0
2022-11-28,0.0
2022-11-29,0.0
2022-11-30,0.0
2022-12-01,0.0
2022-12-02,0.0
2022-12-05,0.0
2022-12-06,0.0
2022-12-07,0.0
2022-12-08,0.0
2022-12-09,0.0
2022-12-12,0.0
2022-12-13,0.0
2022-12-14,0.0
2022-12-15,0.0
2022-12-16,0.0
2022-12-19,0.0
2022-12-20,0.0
2022-12-21,0.0
2022-12-22,0.0
2022-12-23,0.0
2022-12-27,0.0
2022-12-28,0.0
2022-12-29,0.0
2022-12-30,0.0
2023-01-03,0.0
2023-01-04,0.0
2023-01-05,0.0
2023-01-06,0.0
2023-01-09,0.0
2023-01-10,0.0
2023-01-11,0.0
2023-01-12,0.0
2023-01-13,0.0
2023-01-17,0.0
2023-01-18,0.0
2023-01-19,0.0
2023-01-20,0.0
2023-01-23,0.0
2023-01-24,0.0
2023-01-25,0.0
2023-01-26,0.0
2023-01-27,0.0
2023-01-30,0.0
2023-01-31,0.0
2023-02-01,0.0
2023-02-02,0.0
2023-02-03,0.0
2023-02-06,0.0
2023-02-07,0.0
2023-02-08,0.0
2023-02-09,0.0
2023-02-10,0.0
2023-02-13,0.0
2023-02-14,0.0
2023-02-15,0.0
2023-02-16,0.0
2023-02-17,0.0
2023-02-21,0.0
2023-02-22,0.0
2023-02-23,0.0
2023-02-24,0.0
2023-02-27,0.0
2023-02-28,0.0005822025571444299
2023-03-01,-0.0014537454252654164
2023-03-02,-0.0001983702576560197
2023-03-03,0.0002957849490445914
2023-03-06,-0.0012537639990485027
2023-03-07,0.0021256938282207677
2023-03-08,0.0015049681563998395
2023-03-09,0.002208888908382107
2023-03-10,0.006725239761746662
2023-03-13,-0.00047463065318835396
2023-03-14,0.0
2023-03-15,0.0
2023-03-16,0.0
2023-03-17,0.0
2023-03-20,0.0
2023-03-21,0.0
2023-03-22,0.0
2023-03-23,0.0
2023-03-24,-0.00292191244194201
2023-03-27,0.004650310082851686
2023-03-28,0.0004983444721711468
2023-03-29,0.004370841616509115
2023-03-30,0.002335095497645956
2023-03-31,0.0010907602629766724
2023-04-03,-0.003312708515251849
2023-04-04,-0.00210018458465437
2023-04-05,-0.004648320553420192
2023-04-06,0.0027919556696386376
2023-04-10,0.0018570857829739898
2023-04-11,0.001269477571426551
2023-04-12,0.000955041355455151
2023-04-13,0.0027161101853607527
2023-04-14,0.000754977839216581
2023-04-17,0.00203935923628427
2023-04-18,-0.0005382078655854477
2023-04-19,0.0
2023-04-20,0.0
2023-04-21,0.0
2023-04-24,0.0
2023-04-25,0.0
2023-04-26,0.0
2023-04-27,0.0
2023-04-28,0.0
2023-05-01,0.0
2023-05-02,0.0
2023-05-03,0.0
2023-05-04,0.0
2023-05-05,0.0
2023-05-08,0.0
2023-05-09,0.0
2023-05-10,0.0
2023-05-11,0.0
2023-05-12,0.0
2023-05-15,0.0
2023-05-16,0.0
2023-05-17,0.0
2023-05-18,0.0
2023-05-19,0.0
2023-05-22,0.0
2023-05-23,0.0
2023-05-24,0.0
2023-05-25,0.0
2023-05-26,0.0
2023-05-30,0.0
2023-05-31,0.0
2023-06-01,0.0
2023-06-02,0.0
2023-06-05,0.0
2023-06-06,0.0
2023-06-07,0.0
2023-06-08,0.0
2023-06-09,0.0
2023-06-12,0.0
2023-06-13,0.0
2023-06-14,0.0
2023-06-15,0.0
2023-06-16,0.0
2023-06-20,0.0
2023-06-21,0.0
2023-06-22,0.0
2023-06-23,0.0
2023-06-26,0.0
2023-06-27,0.0
2023-06-28,0.0
2023-06-29,0.0
2023-06-30,0.0
2023-07-03,0.0
2023-07-05,0.0
2023-07-06,0.0
2023-07-07,0.0
2023-07-10,0.0
2023-07-11,0.0
2023-07-12,0.0
2023-07-13,0.0
2023-07-14,0.0
2023-07-17,0.0
2023-07-18,0.0
2023-07-19,0.0
2023-07-20,0.0
2023-07-21,0.0
2023-07-24,0.0
2023-07-25,0.0
2023-07-26,0.0
2023-07-27,0.0
2023-07-28,0.0
2023-07-31,0.0
2023-08-01,0.0
2023-08-02,0.0
2023-08-03,-0.0035720878174717603
2023-08-04,0.0016440058176239165
2023-08-07,-0.002813162011804992
2023-08-08,0.000674795574380269
2023-08-09,0.00044519805862399797
2023-08-10,-0.0039384202323933465
2023-08-11,-0.000868952440249785
2023-08-14,-0.00012927331037300088
2023-08-15,-0.000540773293649304
2023-08-16,-0.00021857249192901453
2023-08-17,0.0016705682936981468
2023-08-18,0.0016521294901992213
2023-08-21,-0.003230737259746204
2023-08-22,0.0013239709438920657
2023-08-23,0.0015027657330215724
2023-08-24,0.002496524911860336
2023-08-25,-0.002992578049641169
2023-08-28,-0.001221611568700448
2023-08-29,-0.0005918891290797172
2023-08-30,-0.00046299426041474586
2023-08-31,0.0014544417289000112
2023-09-01,-0.00538547334963315
2023-09-05,0.0013324108625560691
2023-09-06,0.0014078075457876382
2023-09-07,-0.00025705461675814043
2023-09-08,0.000737960944405014
2023-09-11,-0.002444092481313869
2023-09-12,0.0011175489248525375
2023-09-13,-0.0009190054369574148
2023-09-14,-0.00199268065832173
2023-09-15,0.0021484496821984863
2023-09-18,0.0005451883917374812
2023-09-19,0.0005798052942808008
2023-09-20,0.0008663750405976108
2023-09-21,-6.215765317095189e-06
2023-09-22,0.0019932331670310557
2023-09-25,-0.004307149598729203
2023-09-26,0.0019194647223280668
2023-09-27,-0.0015184977521266972
2023-09-28,-0.0028490677191458525
2023-09-29,-2.2482357374933353e-05
2023-10-02,-0.0002974406068124243
2023-10-03,0.001665955681904911
2023-10-04,0.0008293542404214957
2023-10-05,-0.0013991096819304704
2023-10-06,-0.0027831423874741515
2023-10-09,0.0009218550974607708
2023-10-10,0.00042521107246292427
2023-10-11,0.003452193027138628
2023-10-12,-0.00127448356427873
2023-10-13,0.0036252887621904374
2023-10-16,-0.003463522073951116
2023-10-17,-0.0003889847882889656
2023-10-18,-0.000284378219248169
2023-10-19,-0.0012970656748678392
2023-10-20,0.00036281097545619426
2023-10-23,0.0007604832544147206
2023-10-24,-0.0013409238661662045
2023-10-25,-0.0003129720654345719
2023-10-26,0.0009453329208780297
2023-10-27,-1.5908751621884775e-05
2023-10-30,-0.001821708442349732
2023-10-31,-0.003009811072394456
2023-11-01,-0.0003025673344466328
2023-11-02,-0.0029401717152655847
2023-11-03,-0.0049159131271874325
2023-11-06,0.00023033578149406984
2023-11-07,0.003890103833522842
2023-11-08,0.0021147703760875463
2023-11-09,-0.0005266506163801439
2023-11-10,-0.0010453439060537954
2023-11-13,0.0007154172173660684
2023-11-14,0.0003936916279202251
2023-11-15,-0.0005956667706103145
2023-11-16,0.0
2023-11-17,0.0
2023-11-20,0.0
2023-11-21,0.0
2023-11-22,0.0
2023-11-24,0.0
2023-11-27,0.0
2023-11-28,0.0
2023-11-29,0.0
2023-11-30,0.0
2023-12-01,0.0
2023-12-04,0.0
2023-12-05,0.0
2023-12-06,-0.0021792762032230104
2023-12-07,0.001166519854044205
2023-12-08,0.0010462828240249253
2023-12-11,-0.0003409463194564993
2023-12-12,-0.0009804371145568306
2023-12-13,0.0032737888748921172
2023-12-14,-0.0017472678223223262
2023-12-15,-0.0008264712522939726
2023-12-18,0.0022379733494193627
2023-12-19,0.0013524342187560994
2023-12-20,-0.001088065147618278
2023-12-21,0.0032181038149988366
2023-12-22,-1.299857940613223e-05
2023-12-26,0.00037370090184799703
2023-12-27,-0.001390937474274006
2023-12-28,-0.0010431738593385173
2023-12-29,-0.001099843845776584
2024-01-02,0.0007470954622060074
2024-01-03,-0.0008966026472618674
2024-01-04,-0.00019185199693499516
2024-01-05,0.0022268346971666846
2024-01-08,0.000438776592892686
2024-01-09,0.00029100496315795
2024-01-10,0.0019022769136242796
2024-01-11,-0.0005484254717425761
2024-01-12,-0.0003112623457191148
2024-01-16,0.0003570914946940114
2024-01-17,-0.0020854497307216616
2024-01-18,0.0024568738996176257
2024-01-19,0.0007217752789207568
2024-01-22,-0.0008111830885151202
2024-01-23,0.0009760205654231226
2024-01-24,0.0005858918338468165
2024-01-25,0.002307012136326043
2024-01-26,0.0008745677572620927
2024-01-29,-0.0005051006224050943
2024-01-30,-0.002576801169517244
2024-01-31,-0.0035059737042700025
2024-02-01,0.0003053833737090946
2024-02-02,0.00125695250281281
2024-02-05,0.0013120651819359332
2024-02-06,-4.420718831299669e-05
2024-02-07,0.0028640637561552686
2024-02-08,-0.0006573429565281528
2024-02-09,0.0
2024-02-12,0.0
2024-02-13,0.0
2024-02-14,0.0
2024-02-15,0.0
2024-02-16,0.0
2024-02-20,0.0
2024-02-21,0.0
2024-02-22,0.0
2024-02-23,0.0
2024-02-26,0.0
2024-02-27,0.0
2024-02-28,0.0
2024-02-29,0.0
2024-03-01,0.0
2024-03-04,0.0
2024-03-05,0.0
2024-03-06,0.0
2024-03-07,0.0
2024-03-08,0.0
2024-03-11,0.0
2024-03-12,0.0
2024-03-13,0.0
2024-03-14,0.0
2024-03-15,0.0
2024-03-18,0.0
2024-03-19,0.0
2024-03-20,0.0
2024-03-21,0.0
2024-03-22,0.0
2024-03-25,0.0
2024-03-26,0.0
2024-03-27,0.0
2024-03-28,0.0
2024-04-01,0.0
2024-04-02,0.0
2024-04-03,0.0
2024-04-04,0.0
2024-04-05,0.0
2024-04-08,0.0
2024-04-09,0.0
2024-04-10,0.0
2024-04-11,0.0
2024-04-12,0.0012517767916569403
2024-04-15,-0.0018880918095616401
2024-04-16,0.001056670815899333
2024-04-17,0.002295493761766258
2024-04-18,-0.0020985353100549044
2024-04-19,-0.0011408947322761086
2024-04-22,-0.0038363852224726704
2024-04-23,-0.00292555436918434
2024-04-24,-0.00038676542523106527
2024-04-25,0.0001057734820788823
2024-04-26,-0.0005618966250712536
2024-04-29,-0.0001821286115692883
2024-04-30,0.0035262384004324707
2024-05-01,-0.002320458764922739
2024-05-02,-0.0016458017646898675
2024-05-03,0.0009592664351075303
2024-05-06,0.0008444534697498112
2024-05-07,0.0002034204988481707
2024-05-08,0.0004493052005621652
2024-05-09,0.000871969709030377
2024-05-10,-0.0008452342105326695
2024-05-13,0.0005390137104285701
2024-05-14,0.0006204185642014613
2024-05-15,0.0008443272693928913
2024-05-16,0.00116231979451715
2024-05-17,-0.0008639610327453243
2024-05-20,0.0
2024-05-21,0.0
2024-05-22,0.0
2024-05-23,0.0
2024-05-24,0.0
2024-05-28,0.0
2024-05-29,0.0
2024-05-30,0.0
2024-05-31,0.0
2024-06-03,0.0
2024-06-04,0.0
2024-06-05,0.0
2024-06-06,0.0
2024-06-07,0.0
2024-06-10,0.0
2024-06-11,0.0
2024-06-12,0.0
2024-06-13,0.0
2024-06-14,0.0
2024-06-17,0.002958531254573053
2024-06-18,-2.2173283305923232e-05
2024-06-20,0.001560265549229381
2024-06-21,0.0009530489274962508
2024-06-24,-0.0016841012179509766
2024-06-25,0.0015240082948805242
2024-06-26,0.001473390233102867
2024-06-27,-0.0001901742761775896
2024-06-28,0.0019600725385520604
2024-07-01,0.0038278871550773154
2024-07-02,-0.000839208295097754
2024-07-03,0.0
2024-07-05,0.0
2024-07-08,0.0
2024-07-09,0.0
2024-07-10,0.0
2024-07-11,0.0
2024-07-12,0.0
2024-07-15,0.0
2024-07-16,0.0
2024-07-17,0.0
2024-07-18,0.0
2024-07-19,0.0
2024-07-22,0.0
2024-07-23,0.0
2024-07-24,0.0
2024-07-25,0.0
2024-07-26,0.0
2024-07-29,0.0
2024-07-30,0.0
2024-07-31,0.0
2024-08-01,0.0
2024-08-02,0.0
2024-08-05,-0.005220075365794126
2024-08-06,0.008438104600202967
2024-08-07,0.005128175884959689
2024-08-08,0.003799023499581607
2024-08-09,-0.003709673798215718
2024-08-12,-0.0008153841594573519
2024-08-13,-0.00039351961478335985
2024-08-14,-0.0013296380682913422
2024-08-15,0.00303612305708715
2024-08-16,0.0011022782314325818
2024-08-19,1.9494367025447252e-05
2024-08-20,-0.0027009308016667176
2024-08-21,0.0007008868095223088
2024-08-22,0.0016313945980071859
2024-08-23,0.0012286371863321362
2024-08-26,-0.0011217253734995248
2024-08-27,0.0012100562017110445
2024-08-28,0.0009880792758380588
2024-08-29,0.002257977779915619
2024-08-30,0.002176239010818543
2024-09-03,-0.0057727884775353915
2024-09-04,-0.0008771029524332235
2024-09-05,-0.000323645248161222
2024-09-06,-0.0009265488514192214
2024-09-09,0.0007089452750015319
2024-09-10,-0.0040140882154847115
2024-09-11,0.0011702917072062813
2024-09-12,0.0019353738901734246
2024-09-13,0.00032915800219108214
2024-09-16,-0.0009750671070279794
2024-09-17,0.00017941249530625366
2024-09-18,0.004148255750790438
2024-09-19,0.002308326225184509
2024-09-20,0.0005580815038405749
2024-09-23,-0.0007512610350723796
2024-09-24,-0.001212484979580767
2024-09-25,0.003717657181739908
2024-09-26,0.0016241420075131742
2024-09-27,-0.0008439941991626417
2024-09-30,0.0013511877250116865
2024-10-01,-0.004613591379349568
2024-10-02,0.001995144007309873
2024-10-03,0.003098496778813495
2024-10-04,0.0033261842495662906
2024-10-07,-0.0009106846071009749
2024-10-08,0.0
2024-10-09,0.0
2024-10-10,0.0
2024-10-11,0.0
2024-10-14,0.0
2024-10-15,0.0
2024-10-16,0.0
2024-10-17,0.0
2024-10-18,0.0
2024-10-21,0.0
2024-10-22,0.0004158239800773954
2024-10-23,0.00034583127511282483
2024-10-24,-0.000529765087044019
2024-10-25,-0.0008897128673962624
2024-10-28,-0.003181364671422302
2024-10-29,0.0007307200646555601
2024-10-30,0.0006760227700177475
2024-10-31,0.0010117216130784061
2024-11-01,-0.004880562896258188
2024-11-04,0.0035759766510942152
2024-11-05,0.0012502261504117713
2024-11-06,-0.010498828541271956
2024-11-07,0.005275426352541708
2024-11-08,0.0009772892791284136
2024-11-11,-0.0003215412750726059
2024-11-12,-0.0028473644183320363
2024-11-13,-0.003034534643349503
2024-11-14,0.0019369503450691109
2024-11-15,0.00046444703291403656
2024-11-18,-0.0005289352897448142
2024-11-19,7.50596507290173e-05
2024-11-20,-0.001541317709010508
2024-11-21,-0.0012743227289797121
2024-11-22,0.0009420127608544199
2024-11-25,0.00554840898587176
2024-11-26,7.086330678458335e-05
2024-11-27,-0.00045499650718807083
2024-11-29,0.0023759128741875227
2024-12-02,0.001466742443683472
2024-12-03,-0.002484932841793535
2024-12-04,0.0009940301457491813
2024-12-05,0.0006850893656548465
2024-12-06,-5.318179870319231e-05
2024-12-09,-0.0005072664781253009
2024-12-10,-0.0015737885302495906
2024-12-11,-0.0021648875733846587
2024-12-12,-0.0011980799245433402
2024-12-13,-0.0010019253341994618
2024-12-16,-0.0010040699678629213
2024-12-17,0.0022000702842385864
2024-12-18,0.0017170509426364538
2024-12-19,-0.002539067006434845
2024-12-20,-0.0036896432281332756
2024-12-23,0.0007834709068044514
2024-12-24,-0.0011655078086772537
2024-12-26,-0.0019352795132183134
2024-12-27,0.0006530817269563107
2024-12-30,0.0014307145494215337
2024-12-31,-0.0015346003845251768
2025-01-02,-0.0023562268010462427
2025-01-03,-0.003090401787264582
2025-01-06,-0.003469809427688025
2025-01-07,0.000202331651003768
2025-01-08,-0.00020230249790469454
2025-01-10,0.0013723521095961378
2025-01-13,-0.0016204147854642745
2025-01-14,-0.000518825832333142
2025-01-15,-0.0007894567116772206
2025-01-16,0.00011394128466346599
2025-01-17,-0.0003433860387058882
2025-01-21,0.0011862475359620196
2025-01-22,-0.000689807237733051
2025-01-23,-0.0021716873528012394
2025-01-24,0.0001558658736331536
2025-01-27,0.0037731328723739966
2025-01-28,-0.0005252686340418213
2025-01-29,-0.0002099157788098273
2025-01-30,-0.00044505186209330263
2025-01-31,-8.634985299352779e-05
2025-02-03,0.002280941291829379
2025-02-04,-0.0018669121067396612
2025-02-05,0.0020002365574112104
2025-02-06,0.0002376511258326067
2025-02-07,-1.631744704121393e-05
2025-02-10,-0.0018163509606832322
2025-02-11,-0.0012303331878845095
2025-02-12,-0.001903128457221857
2025-02-13,0.0012150690627444022
2025-02-14,0.0016730929772583302
2025-02-18,-0.0020414428521822467
2025-02-19,-0.00035816741913947145
2025-02-20,0.001094476573493712
2025-02-21,0.004390567009482189
2025-02-24,-0.0008564179800931145
2025-02-25,0.0
2025-02-26,0.0
2025-02-27,0.0
2025-02-28,0.0
2025-03-03,0.0
2025-03-04,0.0
2025-03-05,0.0
2025-03-06,0.0
2025-03-07,0.0
2025-03-10,0.0
2025-03-11,0.0
2025-03-12,0.0
2025-03-13,0.0
2025-03-14,0.0
2025-03-17,0.0
2025-03-18,0.0
2025-03-19,0.0
2025-03-20,0.0
2025-03-21,0.0
2025-03-24,0.0
2025-03-25,0.0
2025-03-26,0.0
2025-03-27,0.0
2025-03-28,0.0
2025-03-31,0.0
2025-04-01,0.0
2025-04-02,0.0
2025-04-03,0.0
2025-04-04,-0.014269192614391947
2025-04-07,0.008382578066990592
2025-04-08,0.004655428200862717
2025-04-09,0.011636237671753877
2025-04-10,-5.047190054578192e-05
2025-04-11,0.0017604957364417086
2025-04-14,-0.00065552820165703
2025-04-15,-0.0014663696136975512
2025-04-16,-0.0024341511612775723
2025-04-17,0.004124775350603867
2025-04-21,0.002680450750615279
2025-04-22,-0.0005648922783251674
2025-04-23,0.0
2025-04-24,0.0
2025-04-25,0.0
2025-04-28,0.0
2025-04-29,0.0
2025-04-30,0.0
2025-05-01,0.0
2025-05-02,0.0
2025-05-05,0.0
2025-05-06,0.0
2025-05-07,0.0
2025-05-08,0.0
2025-05-09,0.0
2025-05-12,0.0
2025-05-13,-0.0010250277464363988
2025-05-14,-0.0008131620362620266
2025-05-15,0.0028902523799871423
2025-05-16,0.000398453161459344
2025-05-19,0.00031866252189698146
2025-05-20,-0.001043265820542884
2025-05-21,-0.002451725824524124
2025-05-22,0.0016424299332265869
2025-05-23,0.000531046511086988
2025-05-27,0.0015844139700546328
2025-05-28,-0.0009439208714858223
2025-05-29,0.001556298745072583
2025-05-30,0.0010442926886908908
2025-06-02,-0.001387377649811594
2025-06-03,-0.0007554484287889951
2025-06-04,0.002812994544479486
2025-06-05,-0.0004573524755998865
2025-06-06,-0.003092482479206076
2025-06-09,0.0012842491080770737
2025-06-10,-2.409172688078947e-05
2025-06-11,0.0017735747975974473
2025-06-12,0.00227293924753323
2025-06-13,-0.0005273463498669844
2025-06-16,0.0
2025-06-17,0.0
2025-06-18,0.0
2025-06-20,0.0
2025-06-23,0.0
2025-06-24,0.0
2025-06-25,0.0
2025-06-26,0.0
2025-06-27,0.0
2025-06-30,0.0
2025-07-01,0.0
2025-07-02,0.0
2025-07-03,0.0
2025-07-07,0.0
2025-07-08,0.0
2025-07-09,0.0
2025-07-10,0.0
2025-07-11,0.0
2025-07-14,0.0
2025-07-15,0.0
2025-07-16,0.0
2025-07-17,0.0
2025-07-18,0.0
2025-07-21,0.0
2025-07-22,0.0
2025-07-23,0.0
2025-07-24,0.0
2025-07-25,0.0
2025-07-28,0.0
2025-07-29,0.0
2025-07-30,0.0
2025-07-31,0.0
2025-08-01,0.0
2025-08-04,0.0011452952730309162
2025-08-05,-0.0010637731236887156
2025-08-06,0.0012061797714715303
2025-08-07,-0.00020702380616322694
2025-08-08,0.0026364971382969423
2025-08-11,-0.001217555590521085
2025-08-12,0.0015112951443168167
2025-08-13,-0.0017007539796075042
2025-08-14,0.00016383397558666164
2025-08-15,0.0017585963327725336
2025-08-18,0.0007112448288346383
2025-08-19,-0.001625694161724232
2025-08-20,-0.0007780473474484549
2025-08-21,0.0014864207987101638
2025-08-22,0.0009549138263114708
2025-08-25,0.00032501916092664306
2025-08-26,0.0015867694278584414
2025-08-27,0.0009129011256699451
2025-08-28,-0.0008897006030308656
2025-08-29,0.0013881383402798231
2025-09-02,0.0019554044435415516
2025-09-03,-0.0009552137781087417
2025-09-04,0.0
2025-09-05,0.0
2025-09-08,-0.004021531260263093
2025-09-09,0.00045984265613012166
2025-09-10,-0.0018935305543516447
2025-09-11,-0.0017876601065458934
2025-09-12,0.0006281483576458998
2025-09-15,5.120071661678053e-06
2025-09-16,6.399014069476837e-05
2025-09-17,0.0006206854332814525
2025-09-18,0.004066887964921732
2025-09-19,0.001095528156787476
2025-09-22,0.002765522839407162
2025-09-23,-0.002528543928089627
2025-09-24,0.0023074936126456077
2025-09-25,-0.0011963486198687283
2025-09-26,0.000747952131512692
2025-09-29,-0.001296803675302866
2025-09-30,0.0005264883210727349
2025-10-01,-0.0019015539960259408
2025-10-02,-0.0018819000687221887
2025-10-03,7.488341043031267e-05
2025-10-06,0.003316849067564091
2025-10-07,-0.0029648256180043733
2025-10-08,-0.0002618528683449291
2025-10-09,-0.0009082333740789542
2025-10-10,-0.008584778090600487
2025-10-13,0.002910592910074433
2025-10-14,-0.002111449163603003
2025-10-15,0.003226977163768062
2025-10-16,-0.006385461792930806
2025-10-17,0.004524953645467942
2025-10-20,-0.0009816638973786983
2025-10-21,-0.0016575853904614729
2025-10-22,-0.0019556609675126847
2025-10-23,0.003465753654378905
2025-10-24,0.0010323250234374193
2025-10-27,0.000780892154774282
2025-10-28,-0.00107295977696098
2025-10-29,0.0025891582329407026
2025-10-30,0.003490803070224424
2025-10-31,0.004029442649702841
2025-11-03,-0.001
2025-11-04,0.0
2025-11-05,0.0
2025-11-06,0.0
2025-11-07,0.0
2025-11-10,0.0
2025-11-11,0.0
2025-11-12,0.0
2025-11-13,0.0
2025-11-14,0.0
2025-11-17,0.0
2025-11-18,0.0
2025-11-19,0.0
2025-11-20,0.0
2025-11-21,0.0
2025-11-24,0.0
2025-11-25,0.0
2025-11-26,0.0
2025-11-28,0.0
2025-12-01,0.0
2025-12-02,0.0
2025-12-03,0.0
2025-12-04,0.0
2025-12-05,0.0
2025-12-08,0.0
2025-12-09,0.0
2025-12-10,0.0
2025-12-11,0.0
2025-12-12,0.0
2025-12-15,0.0
2025-12-16,0.0
2025-12-17,0.0
2025-12-18,0.0
2025-12-19,0.0
2025-12-22,0.0
2025-12-23,0.0
2025-12-24,0.0
2025-12-26,0.0
2025-12-29,0.0
2025-12-30,0.0
2025-12-31,0.0
2026-01-02,0.0
2026-01-05,0.0
2026-01-06,0.0
2026-01-07,0.0
2026-01-08,0.0
2026-01-09,0.0
2026-01-12,0.0
2026-01-13,0.0
2026-01-14,0.0
2026-01-15,0.0
2026-01-16,0.0
2026-01-20,0.0
2026-01-21,0.002037939106575127
2026-01-22,0.0011598947441615604
2026-01-23,0.0011245548355004464
2026-01-26,0.0003191076877901988
2026-01-27,-0.000958648663758277
2026-01-28,0.0001577697201430306
2026-01-29,0.0003944815681754532
2026-01-30,-0.0021046310583713312
2026-02-02,-0.0015329112348509977
2026-02-03,0.0010732685317981216
2026-02-04,-3.243843154643322e-05
2026-02-05,0.005935901924742026
2026-02-06,-0.001
2026-02-09,0.0
2026-02-10,0.0
2026-02-11,0.0
2026-02-12,0.0
2026-02-13,0.0
2026-02-17,0.0
2026-02-18,0.0
2026-02-19,0.0
2026-02-20,0.0
2026-02-23,0.0
2026-02-24,0.0
2026-02-25,0.0
2026-02-26,0.0
2026-02-27,0.0
2026-03-02,0.0018146081141743329
2026-03-03,-0.0015421115209551806
2026-03-04,0.002592702719386608
2026-03-05,-1.5096232517497477e-05
2026-03-06,-0.00152271120724623
2026-03-09,3.215905873377167e-05
2026-03-10,0.005236467410044132
2026-03-11,0.005928550865198834
2026-03-12,-0.001
2026-03-13,0.0
2026-03-16,0.0
2026-03-17,0.0
2026-03-18,0.0
2026-03-19,0.0
2026-03-20,0.0
2026-03-23,0.0
2026-03-24,0.0
2026-03-25,0.0
2026-03-26,0.0
2026-03-27,0.0
2026-03-30,0.0
2026-03-31,0.0
2026-04-01,0.0
2026-04-02,0.0
2026-04-06,0.0
2026-04-07,0.0
2026-04-08,0.0
2026-04-09,0.0
2026-04-10,0.0
2026-04-13,0.0
2026-04-14,0.0
2026-04-15,0.0
2026-04-16,0.0
2026-04-17,0.0
2026-04-20,0.0
2026-04-21,0.0
2026-04-22,0.0
2026-04-23,0.0
2026-04-24,0.0
2026-04-27,0.0
2026-04-28,0.0
2026-04-29,0.0
2026-04-30,0.0
2026-05-01,0.0
2026-05-04,0.0
2026-05-05,0.0
2026-05-06,0.0
2026-05-07,0.0
2026-05-08,0.0
2026-05-11,0.0
2026-05-12,0.0
2026-05-13,0.0
2026-05-14,0.0
2026-05-15,0.0
2026-05-18,0.0
2026-05-19,0.0
2026-05-20,-0.0007419689441282572
2026-05-21,0.0010224008914319527
2026-05-22,0.0012294750603499
2026-05-26,-0.0001998354962315216
2026-05-27,0.0015242582186569906
2026-05-28,0.0011025482361882932
2026-05-29,-0.00020984149360956216
2026-06-01,0.0005509810716357675
2026-06-02,-0.0007360020251147158
2026-06-03,0.00046192607431228526
2026-06-04,-0.00017374716564445548
2026-06-05,-0.00011781013633338856
2026-06-08,-0.0020308552686229492
2026-06-09,0.001546520164118999
2026-06-10,-3.399059275558092e-05
2026-06-11,0.0011121965865407157
2026-06-12,-0.0008561816702915124
2026-06-15,0.0
2026-06-16,0.0
2026-06-17,0.0
2026-06-18,0.0
2026-06-22,0.0
2026-06-23,0.0
2026-06-24,0.0
2026-06-25,0.0
2026-06-26,0.0
2026-06-29,0.0
2026-06-30,0.0
2026-07-01,0.0
2026-07-02,0.0
2026-07-06,0.0
2026-07-07,0.0
2026-07-08,-0.0014737766613866748
2026-07-09,-0.0007917712010265229
2026-07-10,-0.001644571908656579
2026-07-13,-0.001933139714218022
2026-07-14,0.00011820276108817144
2026-07-15,0.0015493998125628453
2026-07-16,-0.0005780816764528242
2026-07-17,0.0024022205560755216
2026-07-20,-0.003985379439814318
2026-07-21,-0.0022562016486402285
2026-07-22,5.037137734964736e-05
2026-07-23,4.069246019457352e-05
2026-07-24,-0.0002657911305755619
2026-07-27,0.001957180058810283
2026-07-28,0.0009509046748753714
2026-07-29,-0.0031197539399026386
2026-07-30,-0.0012596931037214658
2026-07-31,-0.0015219272778982337
