Date,piggyback_2a,piggyback_2b,piggyback_3,piggyback_4
2018-01-02,0.0019538763783229834,0.0019885759874532045,0.002334418287638043,0.0026378341500658316
2018-01-03,0.00354652776766954,0.0036977010847640806,0.0036861104298192217,0.003493958145993424
2018-01-04,0.0017765529523381183,0.0016482268022194454,0.0019403172413670951,0.0021875734777495608
2018-01-05,0.0028351829374566023,0.00286737443702391,0.0029119831329436963,0.0029945407659284808
2018-01-08,0.0007524427987284664,0.0009293243979488463,0.00073276563928842,0.0006589251032772863
2018-01-09,-0.0010179245467654581,-0.0009378822790924045,-0.0009993567022584088,-0.0008470687542646018
2018-01-10,-0.001160881038478363,-0.0012567311754238784,-0.001110258033208043,-0.0010048349948275205
2018-01-11,0.003901838344585131,0.0037417055379124053,0.004179202659646557,0.004239207021042307
2018-01-12,0.0028220845087039,0.002420065201780805,0.003351813244204381,0.003612434430974122
2018-01-16,-0.0013746188735919381,-0.00158586932149884,-0.001462674457428085,-0.0014494472204946212
2018-01-17,0.0038462248826508275,0.003944262618371571,0.003966713009515566,0.003981867469856546
2018-01-18,-0.002301421060281804,-0.002350315515684319,-0.0023471363242084436,-0.0021185689429170785
2018-01-19,0.001452511244951089,0.0015177904107720455,0.001648593111913114,0.0017589364243120707
2018-01-22,0.003941309882075234,0.0038109760949316136,0.004175652371042604,0.004144589426787296
2018-01-23,0.002596982747773869,0.0024989071467565026,0.002819432473526568,0.002489355784308912
2018-01-24,-0.0009402408172584324,-0.0013171747927213304,-0.000494087044254089,-0.0003616367355435932
2018-01-25,0.0009157143287048827,0.0009653573280367751,0.0007043247785971448,0.0006437423305756947
2018-01-26,0.004489349776899363,0.004406709114746935,0.004887129013890143,0.0049981653518477945
2018-01-29,-0.004655460337272716,-0.004556070067011083,-0.004959590228395233,-0.004760965357478549
2018-01-30,-0.006104533108951697,-0.006170620290735817,-0.006390924527485087,-0.006171968555472015
2018-01-31,0.0008331398986888894,0.0007834855739578922,0.0010475207547341967,0.0008345094373057703
2018-02-01,-0.0028149960990856305,-0.003013854575977459,-0.0026857258041390712,-0.0024427164728352425
2018-02-02,-0.011540749758289684,-0.012018689413243641,-0.012321838576040594,-0.012263378522981674
2018-02-05,-0.01726138868175112,-0.017184343088632256,-0.018222014463763717,-0.01863459476392788
2018-02-06,0.00811992068692876,0.007955232375100586,0.008484862173734248,0.008622059054329455
2018-02-07,-0.0036283679697909944,-0.0037206591269171945,-0.004140446929592442,-0.004171071793480924
2018-02-08,-0.017307511149243462,-0.017690301630209498,-0.01803911314660283,-0.018164214017976243
2018-02-09,0.005725941275242883,0.006029724383391149,0.005825782342467353,0.006024860594079807
2018-02-12,0.007121437261532781,0.007136698387014807,0.007528855495901088,0.0075231963954516794
2018-02-13,0.0013326961662440814,0.0013470979709892838,0.0014651022543829746,0.0015812733785932312
2018-02-14,0.004991579934009029,0.004581140690689203,0.005925548494692226,0.006315135546523949
2018-02-15,0.006343211459759276,0.006350919347268601,0.0067073431780038575,0.006633624545697857
2018-02-16,0.001173380856357426,0.001469674915516487,0.000931372386261997,0.0007398249333864144
2018-02-20,-0.003614330268676799,-0.0037585864665400206,-0.0038336677261223808,-0.003713724960436029
2018-02-21,-0.0033628490120752347,-0.0036540268732115355,-0.003344307250797648,-0.003135229895704226
2018-02-22,0.0010200365208464497,0.0012273100199326958,0.0012222943274875146,0.0012338908987373403
2018-02-23,0.008643479864135072,0.009075134542798898,0.008857159366090593,0.00876641941518767
2018-02-26,0.005833399274655296,0.0059498411588205374,0.006104951796861334,0.0061444538708539664
2018-02-27,-0.006834809647268687,-0.007254252669159507,-0.007393507805945855,-0.0074533719684721726
2018-02-28,-0.004105837481056685,-0.003929181537312096,-0.00457338832525691,-0.004806643594158605
2018-03-01,-0.0061819980414494595,-0.006054926554732329,-0.006320623201906505,-0.006269026846846359
2018-03-02,0.0011013426738056044,0.0008307112747231892,0.001369259032836166,0.0015260532083782434
2018-03-05,0.004427222555123355,0.004452676374536486,0.00469073488189524,0.004822491045281183
2018-03-06,0.0011475698778317437,0.0013397685733217072,0.0012203359127282314,0.0012567189301764755
2018-03-07,-0.00048361306188425,-0.0006275077273557258,-0.00039848727599324637,-0.00035592438304774454
2018-03-08,0.002654731775253167,0.0029746469265142556,0.00239129719825558,0.0022595799097567867
2018-03-09,0.00664724032780783,0.006644785700419218,0.007146848954339424,0.007396653267605221
2018-03-12,0.00016320360614745198,0.0002523475101097476,8.715450293270897e-05,4.912995132533746e-05
2018-03-13,-0.0022969578691073842,-0.002299829410905418,-0.0024559649746103314,-0.002535468527361805
2018-03-14,-0.0014198277218642331,-0.0013177114457622104,-0.0016058630651984871,-0.0016988807368656142
2018-03-15,-0.0005118245049474411,-0.0005317304518715709,-0.0006182101420644025,-0.0006714029606228831
2018-03-16,0.00016806482696819265,0.0002350386388858668,0.00017866176888382948,0.0001839602398416479
2018-03-19,-0.0062844475252874146,-0.006555266182032481,-0.006222450685535457,-0.006191452265659479
2018-03-20,0.00017795773988832922,0.00016239769254516845,0.00035032039998857947,0.00043650173003870473
2018-03-21,-0.00014101312747234648,-0.00016322938925489772,4.429584513364847e-05,0.00013695033143664586
2018-03-22,-0.009311197112641504,-0.009333015233899419,-0.009901347493887712,-0.010196422684510814
2018-03-23,-0.008301485552408894,-0.008450563859438891,-0.008410198118850814,-0.008464554402071774
2018-03-26,0.010930028153792515,0.010910720609432652,0.01128003870589273,0.011455043981942838
2018-03-27,-0.005373531946935688,-0.005068393836924503,-0.006080013738455967,-0.006433254634216107
2018-03-28,-0.0016344185773757036,-0.0012329134485152965,-0.0018706900998491003,-0.001988825861085798
2018-03-29,0.00648592920938176,0.0065658856475003255,0.006463549454067735,0.006452359576410722
2018-04-02,-0.008948558392206336,-0.008891403179913255,-0.009346594131618133,-0.00954561200132403
2018-04-03,0.0043156181411284945,0.004187725892026915,0.004639292801403486,0.004801130131540981
2018-04-04,0.004263655880204378,0.004282338899729822,0.004388866864388437,0.0044514723564804655
2018-04-05,0.002436147099128162,0.0024923057639023023,0.0026101371220354067,0.002697132133489029
2018-04-06,-0.007806141146328405,-0.007835486252074426,-0.00836286099267577,-0.008641220915849452
2018-04-09,0.002523626134139946,0.0025212731852929065,0.002555492013851458,0.0025714249537072144
2018-04-10,0.006591292777371825,0.0064813131204485164,0.006950657825405061,0.007130340349421678
2018-04-11,-0.0016216621033840668,-0.0015323626809805842,-0.0016958170998657633,-0.0017328945981066118
2018-04-12,0.0022817741404294457,0.0019529999658599098,0.0025081941606037894,0.0026214041706909613
2018-04-13,-0.0009507429750882552,-0.0007399299915367623,-0.0010744347180108656,-0.0011362805894721707
2018-04-16,0.003250505203148217,0.0032296342079358516,0.0032992081331504066,0.0033235595981515017
2018-04-17,0.004573812921907312,0.0047826091832927,0.004675647863241987,0.004726565333909325
2018-04-18,-0.0011093006857459918,-0.0009495783518305378,-0.0006461226233359993,-0.00041453359213100316
2018-04-19,-0.0035271855476381063,-0.0036512737410102007,-0.003354599337505864,-0.003268306232439743
2018-04-20,-0.004865772103644961,-0.005021082311066666,-0.004756213617388086,-0.004701434374259649
2018-04-23,-0.0002629795386207962,-0.00045867494925849023,-0.0002422256775008318,-0.00023184874694084966
2018-04-24,-0.0063736760877925345,-0.00634986939024351,-0.006358068349680092,-0.00635026448062387
2018-04-25,0.0002141089180381361,0.00011738555839364444,0.0003616419921006143,0.0004354085291318534
2018-04-26,0.005361175538251424,0.005726999028244619,0.005197060959050565,0.005115003669450137
2018-04-27,0.000983434693807676,0.001205019297716296,0.0008270297629166398,0.0007488272974711215
2018-04-30,-0.0028217202317847054,-0.0028422937523525163,-0.002951768276382856,-0.003016792298681931
2018-05-01,-6.68546144382779e-05,5.370752686784759e-05,-1.9274801473982402e-05,4.515105008165378e-06
2018-05-02,-0.0029404536906454267,-0.0026972324974566765,-0.002919086000056051,-0.0029569367368058163
2018-05-03,5.615814687057625e-05,6.259207720803834e-05,-7.564731843306868e-05,-7.549524300669611e-05
2018-05-04,0.005482963092911263,0.005770512550125928,0.00566344820997378,0.005721999127392208
2018-05-07,0.0012175097023462758,0.0012770993584828472,0.0013297171515775212,0.0013371691117625535
2018-05-08,-0.00042758885173141387,-0.00045815887608635533,-0.00032660988725433234,-0.0003068729282970411
2018-05-09,0.0033715778770549284,0.0033662111165916517,0.003637952400425514,0.003742142894590503
2018-05-10,0.004734577143711295,0.005136860022839961,0.004642693519005981,0.004615239198129836
2018-05-11,0.001294159312980001,0.0012457351781323882,0.0012072861096905244,0.0011956724303494675
2018-05-14,-0.00026019019387451604,-0.0005894357995679746,-9.168212709949515e-05,-3.0803069515031734e-05
2018-05-15,-0.004770934893999917,-0.005470631811535367,-0.004502091777529861,-0.004377252529840368
2018-05-16,0.001177254800297973,0.0011483228583802996,0.0014248304764408718,0.0014875918012491318
2018-05-17,-0.0005712588304627047,-0.0006425293252332069,-0.000480105110687903,-0.0004639450450228282
2018-05-18,0.0001764658517049916,0.0005836251617364398,-9.53962602766807e-05,-0.000244462895402282
2018-05-21,0.0033660719586691454,0.0035760494307638005,0.003479370008880218,0.0035238372025011727
2018-05-22,-0.001327655517033502,-0.0013499085333160208,-0.0013431462020247263,-0.0013569440118223015
2018-05-23,0.0026746590898121705,0.003205778644382902,0.002475696584679822,0.0022983107941206646
2018-05-24,-2.7368610948714944e-05,0.00027793777594967823,-0.00029731165740488744,-0.00042363996101570773
2018-05-25,-3.4113609245027966e-05,0.000306461645069905,-0.0003034093663109468,-0.00048509162283036204
2018-05-29,-0.0016326533554683895,-0.0007932746829357718,-0.002314815355289154,-0.002688523752717755
2018-05-30,0.004369089126262816,0.004048212770641031,0.004752974515918404,0.005009757679265121
2018-05-31,-0.0027526652469210254,-0.0029253872282079957,-0.002854162114742202,-0.002875754299294439
2018-06-01,0.002822771699557224,0.0026830113509809465,0.003094918360425222,0.003165405244631866
2018-06-04,0.0010693516208765811,0.0006891893957548434,0.0011802031144281732,0.0011936269010762903
2018-06-05,0.0010627859668265098,0.0012599041530204503,0.0010178076479382793,0.001013446124692371
2018-06-06,0.0024988763886979234,0.002088155581199287,0.0026661719635861702,0.0028152929943175012
2018-06-07,0.001027334045390518,0.001472696391795748,0.0009113166099583011,0.0007962216005578267
2018-06-08,0.0008280896692345917,0.0007116045627326927,0.0009070111690792071,0.0009266668657556681
2018-06-11,0.0003733218798085837,0.0004225153750003463,0.0004231455814798146,0.000426922101181311
2018-06-12,0.00028601155745898704,0.0002809327524186362,0.0004453093725162567,0.0003806315530434679
2018-06-13,-0.0017462734031924478,-0.0017193336062256662,-0.0018425430590191018,-0.0017267792387981595
2018-06-14,0.0019763168032861326,0.002968138397352675,0.0020230430641398726,0.0016770666842685523
2018-06-15,-0.0003036262485382375,-0.0008106256980204966,-0.0003048744919040179,-0.000490290745879599
2018-06-18,-0.0008206379234218595,-0.0009387886680550351,-0.00062688377526269,-0.0006129363275331015
2018-06-19,-0.0010111362913752182,-0.0008017687183108456,-0.00110642296822181,-0.0012506007853275583
2018-06-20,-0.00020920767459827586,-0.0007282404292221782,0.00016455892125936028,0.0002085889676059487
2018-06-21,-0.0021548568866807884,-0.0020523545641546914,-0.00228015942230614,-0.002380753623966425
2018-06-22,0.0009419287443856255,0.000997188316533207,0.001097743420446974,0.0012547342600519873
2018-06-25,-0.005639593258480132,-0.005745728485260374,-0.005901910533399909,-0.006048771687336673
2018-06-26,0.0010186880910261747,0.0013429912149371106,0.0013222812317737168,0.001287523148962011
2018-06-27,-0.0025991525878421326,-0.0021005063956812367,-0.0026061044652378146,-0.0028008090002260605
2018-06-28,0.0020642646996228363,0.0019335001868995656,0.0022485683992246796,0.002341945550112167
2018-06-29,0.000396494818920192,0.00011764967964155451,0.000356361008318929,0.0006162857186034158
2018-07-02,0.000584414561634739,0.0004974341891456754,0.0007170823128865027,0.0005669850556455484
2018-07-03,-0.0009608253308740907,-0.00021934658961496008,-0.0011722899425699557,-0.0012357412023237253
2018-07-05,0.003631757317388424,0.0039639432569113725,0.0036123231239631017,0.003707949790521973
2018-07-06,0.003914948677217018,0.00401816510263349,0.0039835575708747515,0.004177364859105754
2018-07-09,0.0032600121200749366,0.0031872649749217284,0.003107020376483982,0.0032989798973443916
2018-07-10,0.00134406110599375,0.0011784404559443678,0.0014019200673708173,0.0014063100060641078
2018-07-11,-0.002436401974971418,-0.002679788360046352,-0.0024694869329278126,-0.0029295120603924185
2018-07-12,0.0038849215711383015,0.0041767986015633345,0.0038062888023506205,0.003916434946517937
2018-07-13,0.000917353953317527,0.000857747243318797,0.0008911440813169498,0.0009065723573869836
2018-07-16,-0.0009049274043600986,-0.0011624027304147286,-0.0011035948318481104,-0.0011710027925122403
2018-07-17,0.0018868929297936768,0.0013752125371902478,0.0019678892859129205,0.0020171238462281583
2018-07-18,0.0007613287838662473,0.000610549108219386,0.0008024289993181888,0.0008391765776313015
2018-07-19,-0.0006271711755641522,-0.0006105097040614549,-0.00045096145206295206,-0.0005609776179713048
2018-07-20,-0.0017701755211405317,-0.0019762775312213263,-0.0020074317073152997,-0.0017259393437057584
2018-07-23,-0.00044418299149809445,-0.0012818484761608583,-0.0003064139899884063,-0.00017665320859184896
2018-07-24,0.002423131145479219,0.002753260031789049,0.0022060592790329914,0.002204690029672979
2018-07-25,0.003357954023862844,0.003572630186629728,0.0033622037262528333,0.0036378550722239627
2018-07-26,-0.0009816925608714584,-0.0013843313876110337,-0.0008496126745406798,-0.0009932061611690433
2018-07-27,-0.0024924879313772868,-0.0022594592808264148,-0.0028794568201545192,-0.0030290333357347278
2018-07-30,-0.0026708451844553887,-0.002879154788681388,-0.0027143197270692227,-0.002650365681744459
2018-07-31,0.0026073155637743256,0.003000732827650748,0.0026167443579073334,0.002576875675466841
2018-08-01,-0.0012736512373998621,-0.001974508572720359,-0.0011736673233087769,-0.0011645373811383771
2018-08-02,0.0029724189198990494,0.0029172891226852222,0.0032140810705968787,0.003223634683168635
2018-08-03,0.0026057053939418213,0.0030875489200476265,0.0024910635852115706,0.0023736242000476993
2018-08-06,0.0019820106992037984,0.0018300206840666617,0.0021272414963643183,0.0020905988554030656
2018-08-07,0.0008342321626548458,0.0006061332802897996,0.0008959552635022534,0.0010641801491502853
2018-08-08,-6.690138103154707e-05,6.243856898476389e-05,-0.0002386470790005055,-0.00027838866718185834
2018-08-09,0.00031652350827774344,0.0006119110873960994,0.0002479981094391643,0.00017962934259633848
2018-08-10,-0.001487151880369018,-0.001215714677504383,-0.0014741285474599022,-0.0016724166549853172
2018-08-13,-0.0014572532174245603,-0.0021901265652641373,-0.0013134568804409985,-0.0013388033980484416
2018-08-14,0.002680738262987793,0.002740461436166038,0.0027857495310618335,0.002794793659763739
2018-08-15,-0.0021060310416450116,-0.002800052735571919,-0.002139582019451016,-0.002487220795260677
2018-08-16,0.0033210618895950076,0.003542660013289056,0.003422959761196274,0.0034782841707008045
2018-08-17,0.0013960600073290696,0.0018502668298813842,0.001327285286897101,0.0013043729171381521
2018-08-20,0.0018014447559097928,0.0022497303011529664,0.0016248545708940243,0.0015967634072863938
2018-08-21,0.0005123212060051323,0.00037165970350204843,0.0005492100066420929,0.0007202123550917978
2018-08-22,0.0001878947423621587,0.0003836535257892125,0.00020437529808039773,0.000335868213903254
2018-08-23,-0.00018156629952424398,-0.0006012693079137053,-5.981115763559956e-05,-0.00013357821844350897
2018-08-24,0.002385611382789735,0.0032200883640960956,0.002265263614190527,0.002279821144760828
2018-08-27,0.0026817936961001337,0.0025760785157234,0.0026698304397249906,0.002893335542039916
2018-08-28,-0.00028435806394673047,-0.0009915414776746258,-1.6145182476121035e-05,-1.9069157492718225e-05
2018-08-29,0.002193644355248706,0.002310105293931039,0.0022711892281805446,0.0024048364686687545
2018-08-30,-0.00110945874182569,-0.0012432894804937907,-0.0010062827025882437,-0.0011207526943956385
2018-08-31,0.0003159584857071101,0.00013944517183101115,0.0004378980218553493,0.00039606421472505713
2018-09-04,-0.000998035027029769,-0.001750149567712485,-0.0008986182905247127,-0.0008940917827138899
2018-09-05,-0.0012755129611862444,-0.00141968269916414,-0.0013614420577045,-0.0014191162215399587
2018-09-06,-0.0007100238244738908,-0.0004031386575907932,-0.0008104708269993863,-0.00099321773960335
2018-09-07,-0.0020331057314399896,-0.0027032294590310095,-0.002127075992267493,-0.0020226123417162924
2018-09-10,0.001069547977398223,0.0011952845057152314,0.0010884006866450553,0.0010518707905512949
2018-09-11,0.0004888578143449239,6.416839472243283e-05,0.0005523854682233944,0.000760222547222294
2018-09-12,0.00027437518988156093,0.0007777085562857475,0.00023451849204930827,0.00015095515767613266
2018-09-13,0.002482816772570838,0.002641109952434295,0.002439899083152579,0.0024288097884769383
2018-09-14,-0.00018780314697268175,-0.0006765055120234398,-0.0002550902853979205,-0.00019372307685879372
2018-09-17,-0.0024511268612375054,-0.0023927246607568127,-0.0026120593329545666,-0.0026746124674697238
2018-09-18,0.0012023924935233876,0.0006706785762942866,0.0011751554475748656,0.0014768014398789454
2018-09-19,-0.000303979881275918,-0.0002882608094217733,-0.0004330096057338826,-0.00031687693243040465
2018-09-20,0.003308882046559217,0.0037670083658310617,0.0033668223880946387,0.0034146393538140468
2018-09-21,-0.00022688037046767409,-0.00031134094335974043,-0.00020855240534714678,-0.00020245729576088455
2018-09-24,-0.0016580085912440581,-0.002008354432789483,-0.0016413735497629825,-0.001608245428455237
2018-09-25,-0.0008876675779013823,-0.0007330694403825476,-0.0009199553193750835,-0.0008425029359840318
2018-09-26,-0.0003035062740377742,-8.880349153201912e-06,-0.00038093145753839686,-0.0005946197227540532
2018-09-27,0.0015586248024036411,0.001437792418691091,0.0017344349551012641,0.001758263924465769
2018-09-28,9.73184908337771e-05,0.00033728415097391174,0.00027733798592730714,0.0003059953190374696
2018-10-01,0.0010887518638536182,0.000619870344747039,0.0010349279995569148,0.0011078355443061199
2018-10-02,0.00046877478449852174,0.0010125843872782329,0.00020232015279530085,4.27364738644443e-05
2018-10-03,-0.0017305240993679828,-0.0028885688872053745,-0.0012829488965139164,-0.0009843684428909511
2018-10-04,-0.004036247154734118,-0.00480904777770142,-0.004178337127889068,-0.004286303091715887
2018-10-05,-0.0033979845218191154,-0.003816458705961764,-0.0033762777648688592,-0.0034166518774083237
2018-10-08,0.00023505936940710514,-0.00028001607244810894,0.00039872277164584055,0.0003120861884909331
2018-10-09,-3.416012362668426e-05,0.0003852906997307555,-0.00011379213154151482,-0.00018937122754900446
2018-10-10,-0.014009391199798254,-0.014512732317811017,-0.014539720581575582,-0.014874959658279278
2018-10-11,-0.00898169657437431,-0.007722102326586405,-0.009798381278145002,-0.010091225496447804
2018-10-12,0.005841631163554316,0.005995674026727491,0.006109013540681424,0.006298805617100152
2018-10-15,-0.0023992208888343356,-0.0023871811143868047,-0.002404495994881408,-0.0024865407335159643
2018-10-16,0.009681295985810318,0.010061301888816635,0.010046288130825564,0.010211608892977677
2018-10-17,-0.0004604306013398755,-0.0010958480038475796,-0.0004264719290629597,-0.00042955863037922286
2018-10-18,-0.005674873866347876,-0.005911645205670412,-0.005974125022065114,-0.0062571382768994415
2018-10-19,-0.0007616932637562952,-0.0007613095291286212,-0.0007218919650403443,-0.0007233041685475203
2018-10-22,-0.0018854269284114273,-0.0019466279512381668,-0.0018708169011728375,-0.0017848544492913593
2018-10-23,-0.0016586276652596405,-0.0012865307974419874,-0.002010590467270923,-0.0023121729853883702
2018-10-24,-0.011729594241745805,-0.011605055681261961,-0.012217599933790445,-0.012805375447125223
2018-10-25,0.007396259062479839,0.007267850415081986,0.00788502107629727,0.008136860461400741
2018-10-26,-0.006853644595137536,-0.006453575598637409,-0.007267412283465319,-0.0073317117567273556
2018-10-29,-0.002081325922107912,-0.0026485743169783233,-0.002173087517232111,-0.0023533539107062277
2018-10-30,0.006058008962593184,0.005894971838578777,0.00638832186394081,0.006548493068242983
2018-10-31,0.00414113316632221,0.0036285265953646634,0.004220606472821736,0.004429717748512094
2018-11-01,0.004211708714069275,0.005419586700213404,0.004142292923272617,0.004186096706440382
2018-11-02,-0.004065089597031435,-0.004726464235825206,-0.003899899989549767,-0.0038959161485735095
2018-11-05,0.0023597032392347556,0.002638135217663794,0.0024189840516848286,0.0024739293175012316
2018-11-06,0.002289502278574817,0.002268752108418069,0.0023868983260500382,0.002439202560990391
2018-11-07,0.008606306827676555,0.009251651164927955,0.008641519611281767,0.008850408689287746
2018-11-08,-0.0007001855262326198,-0.001344945532365143,-0.0005191850301193036,-0.0005682024371527997
2018-11-09,-0.0028822319620831214,-0.003168744745950767,-0.002735730674665462,-0.002956613389876221
2018-11-12,-0.006530416637265714,-0.006835344606584975,-0.006418759080760068,-0.006689400241914178
2018-11-13,-0.00127866405479365,-0.0011814685944432572,-0.0008166508238678511,-0.0010737889722166392
2018-11-14,-0.002496892574824488,-0.0022202028390023777,-0.002674366555740999,-0.0026961147496947003
2018-11-15,0.004366900639997309,0.004587111044995628,0.0042824233363204355,0.004388047786185367
2018-11-16,0.0014017517144623132,0.0021297453441977456,0.0012267451912779878,0.0012460953056331592
2018-11-19,-0.006641710651101503,-0.006749847675896864,-0.006619489237292615,-0.006813645683423755
2018-11-20,-0.007579998028035053,-0.008309629611639113,-0.007044418581398659,-0.007523194214048311
2018-11-21,0.001217944456737251,0.0017994792105362463,0.001005719142587722,0.00115265969263476
2018-11-23,-0.002855092166505902,-0.003162590748442965,-0.002432444644051904,-0.002727208339136361
2018-11-26,0.006571888142986023,0.0067977088504201375,0.006491385329272057,0.0067080509942701655
2018-11-27,0.00173168726820105,0.0016183417521263535,0.0018604031159642003,0.001875821599392734
2018-11-28,0.009121155837003663,0.009808562169184238,0.009180124730460775,0.009373104315246648
2018-11-29,-1.0359093190324883e-05,-1.522096832214578e-05,-0.00015957372805067605,-0.00013633394990238853
2018-11-30,0.003136596449144791,0.003210761475756256,0.0032356044343749175,0.0032701061331565128
2018-12-03,0.006235060106979519,0.0073299386906330545,0.0057011405352467015,0.005948723220285156
2018-12-04,-0.01210896955153143,-0.01181414499290988,-0.012410160310279816,-0.01279135593464401
2018-12-06,0.000345590773603399,0.00020590848910065015,0.0004452990031946828,0.0004231742629845005
2018-12-07,-0.00905179071385535,-0.008651541733093137,-0.009279877663013103,-0.009454804316891524
2018-12-10,0.0017879248315664077,0.0013167351257160798,0.0017879429437489113,0.001681052522730374
2018-12-11,-0.0007230907135790887,-0.0004933197520876906,-0.0007597445967222228,-0.0007299509580738343
2018-12-12,0.001115756626181373,0.0013690441652683362,0.0009751093349526707,0.0009173917836776396
2018-12-13,-0.00021784995893051469,0.00018253559410969539,-0.00015447208544762313,-8.870357531504457e-05
2018-12-14,-0.006675718106464419,-0.007477730261164087,-0.006678906963104666,-0.0068537770915940675
2018-12-17,-0.0072563747425896065,-0.00726285504918425,-0.0075646176818937065,-0.007925131221104971
2018-12-18,0.0006872365575560692,0.00055533886042945,0.0006760856866766311,0.00048381429330075516
2018-12-19,-0.005564541404976114,-0.005419583529377768,-0.005641199426630638,-0.005713870980488646
2018-12-20,-0.007535498723103614,-0.007592085051748351,-0.007746900878852873,-0.008018651171584082
2018-12-21,-0.007836711811470007,-0.008519170065152673,-0.00787182364017595,-0.008060044262507582
2018-12-24,-0.010315758597333533,-0.010364703752649973,-0.0106562197401043,-0.011004709914524543
2018-12-26,0.01962479576557312,0.02042979125572233,0.01992528159378025,0.02049766767312606
2018-12-27,0.0039979827968644,0.004195788558208611,0.003941036585548791,0.003851993889972014
2018-12-28,0.0009375181718519148,0.0017315184750689551,0.0008151735975366129,0.0007412268945896079
2018-12-31,0.004594882933032129,0.005161133999926802,0.004576411763797602,0.004644359092925458
2019-01-02,0.001107383043865994,0.0016265919703301417,0.000938750467210022,0.0009383658833338694
2019-01-03,-0.007346649087610632,-0.0070208560300868165,-0.007107158347585861,-0.00725230895964616
2019-01-04,0.009880962501061262,0.01142423256268451,0.0094815592333579,0.009790532568801143
2019-01-07,0.0017885439223968148,0.0025024035746982268,0.0016588654864527325,0.0018243734229389076
2019-01-08,0.0025440732546368984,0.0034228152622157704,0.0024625815708057804,0.0025689792108972913
2019-01-09,0.0009947029216277013,0.0021963463922587516,0.0010769315334424015,0.0011376385592517754
2019-01-10,0.0012338564210362616,0.0010987097031950224,0.0010129298099905465,0.0010611854713692805
2019-01-11,0.0013538905893598367,0.001290133724482351,0.0014695231314197873,0.0014551550953322474
2019-01-14,-0.002279072795659837,-0.0029606892517429046,-0.002273034395957527,-0.002375452161026504
2019-01-15,0.00402810729941031,0.004568008419140101,0.003908489686783772,0.004028023435604287
2019-01-16,0.0005112509876984038,0.0011074696647390807,0.0005617227685156192,0.0006043505671657816
2019-01-17,0.0023534801331763448,0.0026832012256081976,0.0023141848856738476,0.002414694937927859
2019-01-18,0.004059601082229928,0.004340239411053367,0.003874843290057219,0.003997671332348565
2019-01-22,-0.003820965761107912,-0.004431235523625998,-0.0036149098897948337,-0.0037289380069212416
2019-01-23,0.000559645414592736,0.0007938985329769353,0.000568523337205464,0.0005998500007817713
2019-01-24,0.0011811026401277488,0.0016347448408308715,0.0012145022538578476,0.0012952122508845126
2019-01-25,0.001928354791754166,0.0031893001707674106,0.002073242229148527,0.0020754555627847593
2019-01-28,-0.0026330187450119384,-0.003029821843246713,-0.002565182095576364,-0.0026434339598216134
2019-01-29,9.118974579527757e-05,0.000762775117993467,0.00024854675423291705,0.0002449637342611422
2019-01-30,0.006441513105324174,0.007874640211986566,0.006462350174457205,0.006649002568418787
2019-01-31,0.004996263440163809,0.005781841792482762,0.005106132760887367,0.0052764207154193535
2019-02-01,-0.0016158166430064694,-0.0019135181193102283,-0.0017329871663609912,-0.001751624131851225
2019-02-04,0.0019146724822580732,0.0020814849005531774,0.0019075745828555537,0.002039981496186161
2019-02-05,0.0025630561114801586,0.0028069114701623054,0.002685777420168315,0.0027044272942951084
2019-02-06,-6.94343168176735e-05,-0.0006123961108358991,-0.00029020883650504337,-0.00018246741254111752
2019-02-07,-0.0021186297697322297,-0.00267370024663412,-0.002104653960670179,-0.002207941832808445
2019-02-08,0.0012154014781955026,0.0013206194623133745,0.0012289062168125992,0.0012006034252464823
2019-02-11,-0.0002375517486175285,-0.0005278257746193226,-0.0003222765215612053,-0.00023960697915650087
2019-02-12,0.00431954902064268,0.005033200336192785,0.004369394445060974,0.004430022642408226
2019-02-13,0.00037849293438800064,0.00027969842130124345,0.0002760706163150894,0.00038833604317868223
2019-02-14,0.0006093434693471775,0.0009119353841386501,0.0006953116469979172,0.0006292442250919556
2019-02-15,0.0036613138645725223,0.004676988861155984,0.0037773038415614326,0.00375064922400292
2019-02-19,0.001026711714877409,0.0017985778319681513,0.0012573341914101023,0.0010761640068161274
2019-02-20,0.0004923326771463341,0.0007337980885359113,0.0005084615085277555,0.0004946919352169701
2019-02-21,-0.002652393749403205,-0.0032574015968501917,-0.0028259080730581947,-0.002684730099510174
2019-02-22,0.0035420440237848103,0.004111450283642732,0.003697852415255819,0.003675432857039193
2019-02-25,0.0001262271691578338,-7.818260693586533e-05,0.00014466759267645976,0.00015541721037722392
2019-02-26,0.000695847971658103,0.0008166350537786131,0.000689474938150505,0.0006640229590711099
2019-02-27,-0.0016934787624737868,-0.0020078157386916066,-0.0018795568807461606,-0.0017632230133361043
2019-02-28,-0.0015332983024922632,-0.001983098611953191,-0.0016878419342325392,-0.0015962548687580903
2019-03-01,0.0014553588595354486,0.0006551957442089799,0.0011799428430580888,0.001494527637575864
2019-03-04,-0.0003757385871026875,-0.0003929760891970723,-0.00043415543395331694,-0.0004651107243265338
2019-03-05,-0.0004448053977527091,-0.00017572544337834457,-0.0003776708837317369,-0.00042470689885455227
2019-03-06,-0.001379241160044634,-0.001643208239994767,-0.0015397626827699734,-0.001582841119824198
2019-03-07,-0.0015121745434863092,-0.0019628578360694027,-0.001836884086447076,-0.0018707530521194342
2019-03-08,-0.00026563043449203826,0.00013698731451512367,-0.00035136993848591076,-0.000491852609907118
2019-03-11,0.005441001376149558,0.005700814152855434,0.005834760695433912,0.005898275105153445
2019-03-12,0.0025653882838842013,0.0029336965202196846,0.0026477419328658886,0.002548674855109461
2019-03-13,0.002126734618144175,0.0026357457457446185,0.0023171190729798946,0.002311363677882047
2019-03-14,-0.0007664929435738522,-0.0013522480975003315,-0.000815007060144777,-0.0006529969371824978
2019-03-15,0.003044552143700804,0.003515975830318602,0.003285083806916707,0.003135336177839543
2019-03-18,0.0007338903750542477,0.001082975419737989,0.0008504831121495379,0.0008287794484340501
2019-03-19,-0.00022426895303596423,-0.00010850144894489435,-0.00020454564738347242,-0.0002415324492543462
2019-03-20,0.0011565913183761239,0.0016318313963531645,0.0011591015376787046,0.0009480063752424146
2019-03-21,0.005000209580365408,0.004800034029557005,0.005165989279116967,0.005248441978173613
2019-03-22,-0.004396802376726843,-0.005173033900661942,-0.004997711436131172,-0.005156200173630296
2019-03-25,0.0005004015427157486,0.0008579974448768418,0.0005579288268500836,0.000446915210293436
2019-03-26,0.002812427584412987,0.002848074628660784,0.002966992521677418,0.003036220836060295
2019-03-27,-0.0007188850149467549,-0.0012026618808461127,-0.0008369746766056802,-0.0008140537171458025
2019-03-28,0.0019106653125704949,0.00139701496428407,0.0019984425264413888,0.002139291882745729
2019-03-29,0.001953001736058676,0.00231654848360683,0.002081651469254982,0.0020674618056539347
2019-04-01,0.001690766824132325,0.002191302087868673,0.002008208825509207,0.0021056168473809343
2019-04-02,0.0008645520420321759,0.0010777216104593686,0.0008967230906773741,0.0008819247524136513
2019-04-03,-0.0009288219719934015,-0.0007018448541852389,-0.000788728103433788,-0.0008082880816604231
2019-04-04,0.0016152298868551207,0.001691082472114578,0.001650292268057417,0.0016235219145901336
2019-04-05,0.0022397604959454964,0.002500941159397565,0.0023303558318482987,0.002319884505746872
2019-04-08,-0.0009417942390988469,-0.0004958818105281099,-0.000885230451112797,-0.0009055714846167469
2019-04-09,-0.0013070415518740169,-0.001432736249612287,-0.0013501228689898346,-0.0013600276767629462
2019-04-10,0.0024008796297091115,0.002783453759789818,0.002485763108587799,0.002438131980834766
2019-04-11,-0.00027825817710386063,-0.0011096416073674725,-0.00047741215554200655,-0.00036782386273595904
2019-04-12,0.0009449918829237477,0.0012269221148230492,0.0011106184729459969,0.0011032363547699429
2019-04-15,0.00011512269254406913,-3.537130942149019e-05,7.695649995111696e-05,0.00010352288500869226
2019-04-16,-0.0015587834284556882,-0.001617635534601459,-0.001544168628502155,-0.0014968761435454339
2019-04-17,-0.0012015752664768496,-0.001297071825188175,-0.0011226963326405371,-0.0011047777990711798
2019-04-18,0.0020254499405337307,0.0021115021744524615,0.0020459402367436165,0.002057555915642549
2019-04-22,-0.0008333952574419625,-0.0006215266584248283,-0.0008760175560029801,-0.0008455588422169786
2019-04-23,0.00508733381412481,0.005034880974322677,0.005151191827130733,0.005174636222570964
2019-04-24,0.001180021866771714,0.0009233772644060112,0.0009811819892936791,0.0009886568000905933
2019-04-25,-0.0005088815920442159,-0.0006406156318984336,-0.0004763201428741488,-0.0004541145006718737
2019-04-26,0.00348253894861648,0.003356515738934074,0.0035918753566769827,0.00352345606553883
2019-04-29,-0.0006731958744318282,-0.0006796781498952889,-0.0006453303891491554,-0.0006322258754034697
2019-04-30,0.0009350140148184551,0.001116099610938979,0.0009451789092395384,0.0009198976794248269
2019-05-01,-0.0027543046074215713,-0.0034229118801578614,-0.002934831784684653,-0.0028678191483176583
2019-05-02,-0.001640550719079677,-0.002297579132574064,-0.0017952571753332529,-0.0017166272706984594
2019-05-03,0.004133781056262262,0.004956928893676243,0.004738606523482179,0.004629444797118834
2019-05-06,-0.0004980111338092825,-0.0007665949679280153,-0.0008121450748608208,-0.0007977240444588195
2019-05-07,-0.0055062978103383,-0.006617336782622271,-0.006287269035397569,-0.006124629564412109
2019-05-08,-0.0014026836812850792,-0.0013887009496740747,-0.0014069712066993047,-0.0014123705171882486
2019-05-09,-0.00010997548589889312,-0.0006142607590035921,-0.00032773745638219813,-0.0002456406626175768
2019-05-10,0.0017846289637740529,0.0021420270638796606,0.0020582578481348535,0.0020235693751934963
2019-05-13,-0.008804146728637175,-0.00979402425719466,-0.009718047750063902,-0.00951533362057347
2019-05-14,0.0033306121505083624,0.004170662756950774,0.0037256580993581413,0.0035754471393797775
2019-05-15,0.003752406062035948,0.004105547709742366,0.003940004656972901,0.003928219376961614
2019-05-16,0.003676935065878486,0.0036820773651841036,0.00380231718202109,0.0037822761242339888
2019-05-17,-0.0018601889503273952,-0.0027864730028620546,-0.0023209289084430746,-0.002161119183689351
2019-05-20,-0.003603337334458492,-0.003570987818841713,-0.00392320690569052,-0.003986722432765532
2019-05-21,0.0035706509800755566,0.0038240851840972527,0.003917193212859972,0.0038670784812216146
2019-05-22,0.00029151712453644846,-0.0004775150887779745,4.4358252185161626e-05,0.00020832929576341554
2019-05-23,-0.0028344767906363076,-0.00386059879651055,-0.0033227075500662233,-0.003072729134752195
2019-05-24,0.0004766215245044247,0.0011266850338841497,0.0006854779242175051,0.0005363250695713732
2019-05-28,-0.0019643967458057156,-0.0022099404969032283,-0.002304749479325162,-0.0023001961573211804
2019-05-29,-0.003049598295959341,-0.003103176991850607,-0.0032107717854535163,-0.0032181227160229245
2019-05-30,0.002876081156221802,0.002656101161827584,0.002940301570228297,0.0030288968781313876
2019-05-31,-0.003567276641188431,-0.004503743218306025,-0.003765782269921089,-0.0035681198032507257
2019-06-03,-0.00014384637323792043,0.00046356929609540416,8.157293660877426e-05,-5.9329620651594464e-05
2019-06-04,0.0074349482398617505,0.00821533445192602,0.007236137948321247,0.007226633104333874
2019-06-05,0.0044813125364750895,0.0037671938307667534,0.004512098338420893,0.004602977226072758
2019-06-06,0.0023234234246313733,0.0029068041542395407,0.0022876876349244585,0.0022894854761900674
2019-06-07,0.005395746203467692,0.006112817294623307,0.005352871992226146,0.005305645074892757
2019-06-10,0.00011189978553035853,-6.738510673673782e-05,3.631796267865577e-05,1.3271197969092537e-05
2019-06-11,-0.0002528970451634993,8.064183373753276e-05,-0.0002136633522588858,-0.0002396326680188265
2019-06-12,0.0009140223445443802,0.00015682534146505716,0.0009230425592496375,0.0009770583750574873
2019-06-13,0.0023455210238405525,0.002974844783711317,0.002325971023506565,0.00234293857087539
2019-06-14,0.00020407261341370554,-0.00010510056039966806,0.00018858167167980005,0.00023499022173378235
2019-06-17,0.00014876755137733933,0.00011363891509012813,0.00018322556805347995,0.00019739411639195975
2019-06-18,0.004747456664216781,0.006068525744153943,0.004700283415442411,0.004649162362626804
2019-06-19,0.001957725941250578,0.0023549858440545927,0.001994292944214633,0.001977892288587556
2019-06-20,0.004102393864839203,0.005462997715025012,0.004088074036769231,0.004085220942523388
2019-06-21,-0.0023772405442454665,-0.0025670485375980357,-0.002463182197605271,-0.0024813709863122126
2019-06-24,0.00106811115404308,0.0011509991698936562,0.001068804275663276,0.0010402853871424454
2019-06-25,-0.003479345564694859,-0.003813949560051608,-0.0034669952840508823,-0.0034915983116340474
2019-06-26,-0.0024221496188177073,-0.0021125456496731638,-0.0025358318509777506,-0.002611711419321573
2019-06-27,0.002669403031700993,0.002974258262516047,0.002716908164912741,0.002749170054633734
2019-06-28,0.002588989545743259,0.0025341749082071945,0.0026060331794217325,0.0026086868116084517
2019-07-01,0.0031562700466445633,0.0034057757755026914,0.0030743195965475824,0.0030687204382965558
2019-07-02,0.003473125880748997,0.0030114288538368597,0.0035903240921851473,0.0036354241883242407
2019-07-03,0.004252900696737108,0.004544270675056781,0.004456262681017157,0.004450467544679579
2019-07-05,-0.0033265530187664106,-0.0034532465111649785,-0.0035523159256179845,-0.0035378193902058062
2019-07-08,-0.002718556716526055,-0.002872378023030675,-0.002868519242602131,-0.002830471099555733
2019-07-09,-1.7114232100963434e-05,0.0001997672422983915,8.98388109671584e-05,0.00012693836485527034
2019-07-10,0.001731151301295812,0.0024378557177753635,0.0019615093532278603,0.0020005025538443375
2019-07-11,-0.001240522577388695,-0.0013782124280266625,-0.001405183430405555,-0.0013950570542321052
2019-07-12,0.00221073706282142,0.0024223698032655684,0.0023824857437314073,0.0023956917349133074
2019-07-15,0.0012683619481959605,0.0011217167712666443,0.0013678946593492065,0.001300825216511307
2019-07-16,-0.002196670845078846,-0.0023371700107130172,-0.0021690775749633245,-0.0022643466248650984
2019-07-17,-0.000799170354003207,-0.0007488174188679506,-0.0006596897508039991,-0.0006903093439975705
2019-07-18,0.002330224681087359,0.002538690351685819,0.0026517833357260342,0.0026507622630358193
2019-07-19,-0.0031712932380295695,-0.003221664402606271,-0.0034583631138465245,-0.003548734031897033
2019-07-22,0.00143792515013301,0.0015704383567777854,0.0015943538238350435,0.0015375752873878338
2019-07-23,0.0024020979817940486,0.002630939555470993,0.0025740886695488126,0.002471792842825111
2019-07-24,0.002590651022891053,0.002793588795406181,0.00290888181611019,0.0028608543833092332
2019-07-25,-0.0027338448896278454,-0.0030873526589012025,-0.0030663103870301224,-0.0029736120465010387
2019-07-26,0.002940827840494017,0.0030779850824009213,0.003111252837574945,0.0030893809179969923
2019-07-29,-0.0005158625908076298,-0.0003614265989503152,-0.0005273597633484426,-0.000560373133977535
2019-07-30,-0.0014125559732777893,-0.0009652325101755125,-0.0012828964485211943,-0.0011833310623723078
2019-07-31,-0.0032419741461987063,-0.003738437161746568,-0.003685400389647294,-0.0036992323441151906
2019-08-01,0.0018132050673347589,0.0010093537808284292,0.0016347842545193412,0.0017739810750564745
2019-08-02,-0.002430263493552834,-0.00273884293520344,-0.0026621084699710172,-0.0025498572659092764
2019-08-05,-0.009596124203519716,-0.011075589146647687,-0.010136443043965883,-0.009843599474971572
2019-08-06,0.007222708331680839,0.007473540222520454,0.007506482884039091,0.007378925426401915
2019-08-07,0.0004719544091866915,0.00029397699698355305,0.0008055879308484693,0.0006874773079156041
2019-08-08,0.008379142350260042,0.009116964058075244,0.008797995561505269,0.008738116389698193
2019-08-09,-0.003695334080794266,-0.003844810888231133,-0.0039014339812947774,-0.003834676976674379
2019-08-12,-0.0024296854336178673,-0.002946417771837735,-0.0025751984668704025,-0.00246241628323772
2019-08-13,0.005079845659837238,0.006092748165340394,0.005263422205460817,0.005158731673269843
2019-08-14,-0.009373494725738752,-0.010992728066915902,-0.009881933839886468,-0.009619847011174333
2019-08-15,0.00385268499022167,0.003813144665447382,0.00393317438018171,0.003887825602837222
2019-08-16,0.005214590267263462,0.005903717675756145,0.005525619136989015,0.005413989643815134
2019-08-19,0.003172625476208052,0.003648308830283098,0.0032773625203148635,0.0032478303255535036
2019-08-20,-0.0015184388288974893,-0.0016160775588625297,-0.0015523751586874494,-0.0016231123598825943
2019-08-21,0.0026055862457495266,0.002995306444356636,0.002759649723399342,0.002635127664553813
2019-08-22,-0.0007781557201089032,-0.0011090070295453381,-0.0008315821361574169,-0.0008302023971913627
2019-08-23,-0.008176360882107537,-0.009237539789721144,-0.008510642381333889,-0.008438229509815159
2019-08-26,0.004660202168568546,0.005006111349972125,0.004949014227510446,0.004781329861537938
2019-08-27,9.417534468008314e-05,0.00012008862488611081,0.00012327875497819443,4.258595010525113e-05
2019-08-28,0.003004508456407101,0.003400716538559572,0.003156242476435483,0.003056652776517762
2019-08-29,0.004483174629096005,0.005107465850903568,0.004724397799368707,0.0046743346837261794
2019-08-30,0.00026690070385122837,7.453643982234714e-05,0.00027931145442726656,0.00024781251914439894
2019-09-03,-0.0014420619164912424,-0.0019242376752596406,-0.0013063646045140265,-0.001357896770052823
2019-09-04,0.004427130831860838,0.005513055918129879,0.004716594007471182,0.004578323600835515
2019-09-05,0.00204622166821573,0.0024434372257227228,0.0019264436912901873,0.0016402027621352604
2019-09-06,0.0007755069666048634,0.0009014087970247483,0.0006539461352706962,0.0005667055015212689
2019-09-09,-0.0028550139464170402,-0.0023491334136338145,-0.002868078237400073,-0.0028907754294182804
2019-09-10,-0.0031877542310417657,-0.0030441397181588444,-0.003222534007628391,-0.003236812407015016
2019-09-11,0.0026881849568442524,0.0028401862269625366,0.002828869836438736,0.002756605996013303
2019-09-12,0.0006452390599874223,0.0006710565020078532,0.0007100547671145742,0.0006496538731448318
2019-09-13,-0.00419831571984401,-0.004035371146363887,-0.004338055208727886,-0.004430562232897983
2019-09-16,-0.00033746323496773443,0.000762092729010127,-0.00029279091339843037,-0.00015289370192519484
2019-09-17,0.002598316845332278,0.0021268573071278798,0.002677204995905884,0.0026466482978931365
2019-09-18,0.000890172594194724,0.000580241096407653,0.0007968317455458773,0.0007584770396213682
2019-09-19,0.00017320509350340498,0.0002411758403018055,0.00022857717117799907,0.00022022999696757892
2019-09-20,0.0004394828901439815,0.00041277350392209265,0.00045488332980112147,0.0005691920752465384
2019-09-23,0.0003470841330406758,0.00034715678837974077,0.0004973933590684364,0.0005929467026394169
2019-09-24,-0.0010559988078901474,-0.0017074770400924229,-0.0011494090234963946,-0.0010419021493401864
2019-09-25,0.0002888921970599563,0.00022283760109162584,0.00012107471893519771,-3.812464533347812e-05
2019-09-26,0.00030566249803954185,0.0002433697739751831,0.00029439009822329154,0.00029196092499747224
2019-09-27,-0.0015904560140805276,-0.0020043186332484916,-0.0017605772400816947,-0.0017158906699431193
2019-09-30,0.0027775624120288476,0.0026261380646587606,0.0026966153722221683,0.002544264350435953
2019-10-01,-0.004009625335280597,-0.004549792893587887,-0.00407313879713174,-0.0039027162889357543
2019-10-02,-0.006195922744442252,-0.00689888782982964,-0.006391538073069187,-0.006114406389339147
2019-10-03,0.005264947035172402,0.005533871781579424,0.0054148977120580255,0.0053236191512092915
2019-10-04,0.006325168523585124,0.006749888312896593,0.0065078868023343145,0.006368489786707343
2019-10-07,-0.002988053929193809,-0.003146266748120142,-0.003075075912548351,-0.0030643197177689734
2019-10-08,-0.005621443446828496,-0.006106591785459834,-0.005738149803348307,-0.005538985437811588
2019-10-09,0.003122859279513353,0.0034617148760914935,0.0032127845424445613,0.003084468492140573
2019-10-10,0.0001582040671448177,0.0006107366081574349,0.00015814302739129097,1.4951959950819165e-05
2019-10-11,0.0014907466295928473,0.0023993608633250886,0.001626595649434204,0.0014111366760474016
2019-10-14,0.0009586114554679529,0.000644075519934511,0.0009785578376652073,0.001030432929116679
2019-10-15,0.002320567899851994,0.0026611629880292087,0.002390267650943597,0.002197123708631968
2019-10-16,-0.0001813750375361759,-5.9277126465716705e-05,-0.00018489439675975085,-0.0001756553561668187
2019-10-17,0.0009301971337242871,0.0012457490735140995,0.0009748684658782242,0.000944053968541947
2019-10-18,-0.0013998294203248418,-0.001554990811539994,-0.0014537927567999944,-0.0013977410822877295
2019-10-21,0.0015457615917954057,0.001826277198401593,0.0016041210109864093,0.0014973756277725063
2019-10-22,-0.0005897072575115279,-0.0005380505143170445,-0.0006257117455017583,-0.0005604451663896497
2019-10-23,0.0011484451325011113,0.001529907997560424,0.0012048435103476991,0.0011590934412615353
2019-10-24,0.0008430588070560842,0.0009512436896731497,0.0009220237897560907,0.0008844739002995361
2019-10-25,0.0007099951968852358,0.0009790078126332043,0.0007736341476793529,0.0007279429598676764
2019-10-28,0.0008056702811162598,0.0009242327061121464,0.0008222000483111161,0.0007045782443891893
2019-10-29,0.00012578612612198803,3.8694006439188856e-05,9.420522893692829e-05,0.00012385012922751945
2019-10-30,0.003007749149377493,0.002978166384173586,0.0031348223955280337,0.003118328305163067
2019-10-31,0.0012467891800986759,0.0009111542959961519,0.0013076008009974625,0.0013724538197315557
2019-11-01,0.002759165019338979,0.003648374179276105,0.002867219592017126,0.002739365661859644
2019-11-04,-7.977897467245236e-05,7.35535799193771e-05,1.2573787364351821e-05,-0.000258589807545751
2019-11-05,-0.002930511476552298,-0.0028459909453348933,-0.0029864383438036584,-0.003116786334039146
2019-11-06,0.0014278793823346357,0.0012400101616257511,0.0013232496664780584,0.001420252163104299
2019-11-07,-0.0016163437355797704,-0.0015938292009745998,-0.0016935957009464875,-0.0018558939020545155
2019-11-08,0.00045687156630105745,0.0005370250462167007,0.00040888187889291465,0.00035997782400136935
2019-11-11,-0.0004262314121843743,-0.0005499683795753912,-0.0005240352567735155,-0.00041954468270082246
2019-11-12,0.0010259900539139268,0.001025426793983613,0.0010373353672902944,0.0010451625548906828
2019-11-13,0.0011294441024467335,0.001192930187396703,0.0011402002345532636,0.0012687303967939137
2019-11-14,0.002545928467383352,0.0024838483222802054,0.002579024058382455,0.0026619758802850124
2019-11-15,0.0028585310984728983,0.0029972215592293924,0.0030076682196411367,0.0028969465441463136
2019-11-18,0.0011225884375934737,0.0009163239661207598,0.0010440505222299899,0.0011478823104054347
2019-11-19,0.000712162624397189,0.00045465773737503735,0.0007141520604408242,0.0007966653739237073
2019-11-20,-0.0008722118394943346,-0.0005601201982880897,-0.0007902945922883621,-0.0006860673291247353
2019-11-21,-0.002096159387469315,-0.0018521116676996348,-0.0020980756730487526,-0.0021374021816824205
2019-11-22,0.001232414451643485,0.0011862682471142684,0.0012430382221148089,0.0010760298737545818
2019-11-25,0.0037666307764239737,0.0037666307764239737,0.003967280525824202,0.003745252742360068
2019-11-26,0.0018489916210588679,0.001955711008494146,0.001960067479160808,0.002000969018191657
2019-11-27,0.0013142299362053117,0.0012288782922285192,0.0013150631389092105,0.0012236276462442822
2019-11-29,-0.0016485582999177218,-0.0021196365806948414,-0.001945043595358257,-0.0016967713385604337
2019-12-02,-0.0054236539837484365,-0.005417895682586654,-0.005624071458513282,-0.005522626061467914
2019-12-03,2.908973362115877e-07,9.169440068859994e-06,0.00010147357429217597,0.00031540095114472106
2019-12-04,0.0018246401322290502,0.0018246401322290502,0.0016843203113226946,0.0013579169568585473
2019-12-05,-3.5278762304248286e-05,-3.5278762304248286e-05,-3.835301393640913e-06,-2.7048515918181334e-07
2019-12-06,0.0034945718317873605,0.0034945718317873605,0.003441920726480006,0.0030745647740869804
2019-12-09,-0.0012593490475685156,-0.0012593490475685156,-0.001301118350550994,-0.0011934434368334145
2019-12-10,-0.0009079872463017997,-0.0009079872463017997,-0.0008866878393117052,-0.0009426828283933875
2019-12-11,0.0025401086244584196,0.0025401086244584196,0.002803253398125076,0.0027826176939589366
2019-12-12,0.0012083149121615154,0.0012083149121615154,0.001265436658509825,0.0009249507753459078
2019-12-13,0.002525206994776399,0.002525206994776399,0.0025608726758085715,0.002516564432809001
2019-12-16,0.0018567199903784613,0.0018567199903784613,0.001922599663492996,0.0017100125405412959
2019-12-17,-6.0304202671633095e-06,-6.0304202671633095e-06,2.4448051273101467e-05,-0.00011725769035865863
2019-12-18,-0.0004960032846509735,-0.0004960032846509735,-0.0004898869214486507,-0.0006100511568006514
2019-12-19,0.002234342906736903,0.002234342906736903,0.00229872390723877,0.0023049133404359264
2019-12-20,0.0021196503346568936,0.0021196503346568936,0.0022198350997475135,0.002195272941387658
2019-12-23,0.00034161274940873194,0.00034161274940873194,0.0004195971767931963,0.00041597036705192926
2019-12-24,0.0006495808482170746,0.0006495808482170746,0.0007467329443031343,0.0007930845372821165
2019-12-26,0.0030395499018066137,0.0030395499018066137,0.0031666033255925512,0.0031199104683683663
2019-12-27,0.0002730718851418417,0.0002730718851418417,0.00023258598896803002,0.00030311695736947854
2019-12-30,-0.0028165567877577397,-0.0028165567877577397,-0.0028696635391766575,-0.002685080590593016
2019-12-31,-3.8103249028100784e-05,-3.8103249028100784e-05,-1.280768551829522e-05,-4.492454015604103e-05
2020-01-02,0.005951457595273672,0.005951457595273672,0.0062850688161403346,0.0060028676261152
2020-01-03,-0.0011584906486351906,-0.0011584906486351906,-0.001065936991950438,-0.0014847534234739177
2020-01-06,0.0014209416077616919,0.0014209416077616919,0.0014670367833870713,0.001632133622384032
2020-01-07,-0.00168374380569485,-0.00168374380569485,-0.001758844750394544,-0.0018095369068956415
2020-01-08,0.0016249918465378506,0.0016249918465378506,0.00145457130566863,0.001644524439487168
2020-01-09,0.0035487121695479363,0.0035487121695479363,0.003546835993172514,0.0034376891378243538
2020-01-10,-0.0004584552309935503,-0.0004584552309935503,-0.0003543602922689468,-0.0005184953859463623
2020-01-13,0.002555981166715195,0.002555981166715195,0.0026966581413577634,0.0029709509953633464
2020-01-14,9.630650258527323e-06,9.630650258527323e-06,-1.2394560989422928e-05,-0.00011257348941710535
2020-01-15,0.001966057929858561,0.001966057929858561,0.002033233721450352,0.0019322718177376573
2020-01-16,0.003250425713380782,0.003250425713380782,0.003475391878939396,0.003609926648269819
2020-01-17,0.0013434670900772064,0.0013434670900772064,0.001395304121462066,0.001403009195319758
2020-01-21,0.0002865686319685796,0.0002865686319685796,9.304081677567793e-05,-7.28203210559915e-05
2020-01-22,0.00022921402361449517,0.00022921402361449517,0.00010376052986614382,9.93496850123956e-05
2020-01-23,0.0013308183042361136,0.0013308183042361136,0.0012486772136345223,0.001189464572937217
2020-01-24,-0.0028468638098377965,-0.0028468638098377965,-0.003088645234408092,-0.003282258507671997
2020-01-27,-0.005479761808355584,-0.005479761808355584,-0.006048002675841961,-0.006321745701033261
2020-01-28,0.003956296821855891,0.003956296821855891,0.004076883025311669,0.004255960334992746
2020-01-29,0.001433373974688246,0.001433373974688246,0.0014315284948205119,0.0011984552032829156
2020-01-30,0.001677594416188574,0.001677594416188574,0.001609083642351281,0.0015675972941362366
2020-01-31,-0.007003292208400997,-0.007003292208400997,-0.007469197047501279,-0.007721368385081012
2020-02-03,0.0031120791443257547,0.0031120791443257547,0.0030722755932387803,0.0032861713576486963
2020-02-04,0.005146276691396492,0.005142358583184217,0.005461301674940363,0.005152481301586291
2020-02-05,0.003801266017102731,0.0042545534080244704,0.003891795728894556,0.0035918252400489684
2020-02-06,0.0018876101931658074,0.0019852787748078685,0.0020107343804293297,0.0019765899042749916
2020-02-07,-0.0005787187829876753,-0.0007894818776166027,-0.0006966913695853406,-0.000535650295336803
2020-02-10,0.00450081311212204,0.00423167464942471,0.004728419774798884,0.004672105764534246
2020-02-11,-0.00012064139678816447,-1.4311843965515833e-06,-3.226460837199684e-05,-8.37953207105873e-05
2020-02-12,0.0018151370111599353,0.002281509384042227,0.001948136336879423,0.0018098401266078198
2020-02-13,-0.00020959957520923878,-0.00017583180029062537,-0.0001700823234836116,-0.00016688968556309046
2020-02-14,0.0015629922942192369,0.0016347026281880541,0.0016639545329998646,0.0017241264509707055
2020-02-18,-0.0004508525841668534,-0.00032857019486724043,-0.00035783873992475273,-0.0004368315797363746
2020-02-19,0.0019762470774021016,0.0023021521042916175,0.0020660893923683116,0.0018966876911024678
2020-02-20,-0.0006104132867653723,-0.0006029921589147474,-0.0006237796134984526,-0.0006199157696372966
2020-02-21,-0.0030646608348822665,-0.0032173319535480213,-0.003170950380300113,-0.0030001196035930253
2020-02-24,-0.012626446987762954,-0.013242133467164019,-0.013180998163370598,-0.01276560312980459
2020-02-25,-0.013081460280573887,-0.013643090649539098,-0.013784280086309955,-0.013321537568309812
2020-02-26,-0.0014173488841934124,-0.0017423763835008872,-0.0015253407935523551,-0.0015437348055145385
2020-02-27,-0.019332884116988882,-0.019938675059915215,-0.0202596252857634,-0.019774089192835256
2020-02-28,0.0017671728618223687,0.0012095697905703153,0.0014023638226867696,0.001726959740845079
2020-03-02,0.018617926835632504,0.019394800069770214,0.01944123860727871,0.019350781633101954
2020-03-03,-0.007293877449077369,-0.007507627859026476,-0.007544374139085659,-0.007373287763141748
2020-03-04,0.01720879318731782,0.017515288939506504,0.017407153877695227,0.017214148590128237
2020-03-05,-0.01066074201661074,-0.011336492798428787,-0.01074842068868283,-0.010358789494407461
2020-03-06,-0.002426537575156016,-0.0037213869064707016,-0.002292548358002036,-0.0019440160661544814
2020-03-09,-0.029617850281479764,-0.033505334468020974,-0.0293960407782475,-0.02839043894327982
2020-03-10,0.01393277892313156,0.015472407792779053,0.01398127485379937,0.013396161539498866
2020-03-11,-0.02527813985355558,-0.026519475483630976,-0.025309993261950204,-0.024999146672812514
2020-03-12,-0.04183394945252793,-0.04400855923097426,-0.041611479695926386,-0.04129473564027175
2020-03-13,0.03617635966933855,0.037514389797600786,0.03667057902791477,0.035320907399214174
2020-03-16,-0.03822102435858401,-0.04142161659924367,-0.03807203856220404,-0.036932975701899934
2020-03-17,0.01322990202523928,0.01313954524367101,0.01350872546356246,0.013083434623832314
2020-03-18,-0.027721288494869302,-0.030242832958383776,-0.02746386261148156,-0.02710831143553696
2020-03-19,-0.0011825362124337887,0.0005076924655306701,-0.0013637875819104588,-0.0014865080708257978
2020-03-20,-0.008104121014345371,-0.009069153155384282,-0.008545053573615385,-0.008193282889350033
2020-03-23,-0.003077768512505884,-0.003165598850870294,-0.0034241665631604074,-0.003019731441812187
2020-03-24,0.03705949654791469,0.03851633439033162,0.036968433633429595,0.036776296201356556
2020-03-25,0.008474654862274002,0.008979731448934844,0.00830440081252932,0.007982987578211939
2020-03-26,0.026224709128566042,0.026532492549114058,0.026521852295795616,0.026188368947937253
2020-03-27,-0.0092584266773186,-0.010226171486931017,-0.009117618791141417,-0.008959700312666727
2020-03-30,0.015408078068452775,0.01524805414997834,0.015638735143306243,0.01541966558654646
2020-03-31,-0.00668090601711043,-0.00693647559455737,-0.00674560079785086,-0.006658977058417345
2020-04-01,-0.018066464850591615,-0.018934425185339145,-0.01810769134243542,-0.017779131674118466
2020-04-02,0.009023220351228099,0.010090224648481973,0.0089213840523569,0.009028066551826806
2020-04-03,-0.0057379008821797,-0.005739955022775438,-0.005704880173862533,-0.005819214328067774
2020-04-06,0.026078720499207054,0.027428884291271594,0.025838731792009476,0.026089849718621185
2020-04-07,-0.0010099854774840746,-0.0010547789698194308,-0.0010321501164028582,-0.0010452415655332167
2020-04-08,0.013140478894248735,0.013958634676260233,0.012980909714242771,0.013083363776064866
2020-04-09,0.0070349191543316435,0.007944200664649025,0.006666425735371306,0.006937126412799142
2020-04-13,-0.004182887797458857,-0.004450094137209818,-0.004158893019468798,-0.0042020068826782555
2020-04-14,0.012374727725968643,0.012704848304092542,0.012354116185226131,0.01245799338641377
2020-04-15,-0.0053334893539255706,-0.006242345719240869,-0.005278963274845525,-0.005308118149563768
2020-04-16,0.0024741648081367793,0.0023992068716909036,0.0024825523550748973,0.0025023002105934384
2020-04-17,0.009997711044957757,0.010396120032640881,0.009949851648462545,0.009917436004835307
2020-04-20,-0.005986839297730168,-0.0067361170049631625,-0.005873931222954034,-0.005894204588749692
2020-04-21,-0.010823597339362622,-0.012375564213353611,-0.010612434376783478,-0.010708217575706919
2020-04-22,0.008396404970915832,0.008710265158440157,0.008305397484258792,0.008379377047419832
2020-04-23,0.0001685228052194382,0.00028218600699990545,0.00016030388976864362,0.0001830160113219046
2020-04-24,0.005771055757252107,0.005713721664979375,0.005807833050227818,0.0058178256542370755
2020-04-27,0.004165250768711021,0.004140641906501323,0.004223673210188385,0.0042557984195154145
2020-04-28,-0.0006085353157053408,-0.000583017085744035,-0.00060765953950466,-0.0006375843575913545
2020-04-29,0.010169139006307861,0.01110548560848962,0.010014930778574953,0.010113588984770291
2020-04-30,-0.004650397685584798,-0.004808593285832195,-0.004668573697005148,-0.0047391211550911255
2020-05-01,-0.010037957950862549,-0.010838650220757556,-0.009916517319935604,-0.009990311875075517
2020-05-04,0.0011738075248871336,0.0013543617796867898,0.0011772855424557604,0.0011609036670898237
2020-05-05,0.003419285663583973,0.0038718126342368337,0.0033451676336682997,0.0033477881984793866
2020-05-06,-0.003949727607366689,-0.004280490583586926,-0.003890132099513474,-0.0038730294678346803
2020-05-07,0.006880966674005472,0.007106884566330136,0.006842555114541009,0.006894621188785997
2020-05-08,0.005389715320408211,0.006018333367512188,0.005325010726196152,0.005346503792485931
2020-05-11,-0.000731790682963943,-0.0009415448509146889,-0.0006855619195339072,-0.0006621087468592219
2020-05-12,-0.006911754469144674,-0.00733600930618176,-0.006913508531482207,-0.006950185871946651
2020-05-13,-0.006389834053971108,-0.006767262190396438,-0.006384955990240877,-0.006392741351615358
2020-05-14,0.005565969461415915,0.005755180431045225,0.0055244718486759554,0.005561045431774044
2020-05-15,0.0017166666815023456,0.0018649360662423297,0.0016343255554378021,0.0017001302195461534
2020-05-18,0.009875064407680701,0.011011796433102922,0.009775850546858823,0.009814464626068387
2020-05-19,-0.0032021270184952374,-0.0034070144895004743,-0.0032357787647319548,-0.0032189460230429277
2020-05-20,0.006914460569089808,0.007434160491351588,0.006862700084455247,0.006889558343439265
2020-05-21,-0.0027568036132632786,-0.0028011613726542034,-0.0027251528446482678,-0.002772131665993719
2020-05-22,0.0015571111877543636,0.0014386912921895366,0.0015647335899047256,0.0015822183557422094
2020-05-26,0.0037068606780062885,0.004225670018529456,0.003673558039852182,0.0036680593812535417
2020-05-27,0.006309103371992723,0.00644965242443802,0.006321438069807095,0.006375857449867978
2020-05-28,-0.001051905415953757,-0.001063567964661697,-0.0010694540590225673,-0.0010760643382164876
2020-05-29,0.0028603044330183037,0.0030621450769677525,0.0027920707044907012,0.00282635124079902
2020-06-01,0.0012180790828783261,0.0015841115670683483,0.0011568733685635337,0.0011884761221164178
2020-06-02,0.002770264575666261,0.0030477155633436516,0.0027095374322304144,0.0027094710125540795
2020-06-03,0.003241262123520592,0.003563348112173346,0.003266182585735146,0.0032927384070481373
2020-06-04,-0.0022891128392362237,-0.00231255039016879,-0.002265362519220931,-0.0022628423370886046
2020-06-05,0.008765006419979226,0.009319113215221542,0.008694938882040463,0.008688413422596174
2020-06-08,0.005333055761826753,0.00545778202287666,0.005421092657101484,0.005468685010021956
2020-06-09,-0.0018689511554388413,-0.0020142351724532965,-0.0018314858790978877,-0.0018363174330965797
2020-06-10,0.00015693833324820054,6.72203966830363e-05,0.00024768476300397724,0.00028873864884678606
2020-06-11,-0.022342318839721882,-0.02340120358774151,-0.022430823931311322,-0.0225525547573704
2020-06-12,0.004154543378959917,0.004480968718245447,0.004092172351159944,0.004090944510982989
2020-06-15,0.0036346483475538406,0.0038077977134345522,0.0036351157683962316,0.003664647099099049
2020-06-16,0.007212059097588291,0.0074848911466686655,0.007197153940981726,0.007202035382450631
2020-06-17,-0.0012083655198967904,-0.001301007278397544,-0.0011817742771644188,-0.001182567496059616
2020-06-18,0.0009376519101025811,0.0009574966216220684,0.0008876195850549107,0.0008615148060989781
2020-06-19,-0.002159338569095736,-0.0021649035720889965,-0.0021541656004191744,-0.0021617446731716887
2020-06-22,0.0022460069687730683,0.0024589048870594515,0.002297227054949574,0.0023206515290579988
2020-06-23,0.001778290991227887,0.0017901231125958899,0.0018492972937422245,0.0018891749423029318
2020-06-24,-0.0097565192692273,-0.010286620221659484,-0.00980036928333287,-0.009853237102908212
2020-06-25,0.00440866880270714,0.004643457821800452,0.0044261547296652005,0.0044360030371014625
2020-06-26,-0.008858641837141428,-0.009183458540753756,-0.008861029727459151,-0.008890902120838555
2020-06-29,0.006211116048459431,0.006548017534613391,0.006229405289485084,0.006221476050783873
2020-06-30,0.004863347169949957,0.004935801530061939,0.004898106054967911,0.004943109372373777
2020-07-01,0.0023449100714204294,0.002493683646787883,0.002342490748659432,0.0023506783693509467
2020-07-02,0.002470011012363999,0.0028731392611572844,0.002544479645419833,0.0025053117735905238
2020-07-06,0.005417704353078422,0.006053078831637105,0.005847821410788328,0.005819644367235711
2020-07-07,-0.0025325262571231225,-0.0030202614385483055,-0.002692101750659143,-0.0026739600247371554
2020-07-08,0.002237274836781501,0.0026899968375735735,0.002555751726590563,0.0025349457570061824
2020-07-09,-0.0007412448299009498,-0.0011356230194581552,-0.0007800631636692116,-0.000745273337601846
2020-07-10,0.003316250334195314,0.0035787915343933074,0.0033367970261300494,0.0033469303617862747
2020-07-13,-0.0030723147275544724,-0.0034728102205201943,-0.0030567435103576266,-0.003048123975770483
2020-07-14,0.005253561522616486,0.005652545707600557,0.005342270329909156,0.0053513447061089535
2020-07-15,0.0032962498702239144,0.0038153619904290974,0.0033697782028258862,0.003353111476620958
2020-07-16,-0.0008100824509423019,-0.0011171071008211262,-0.0010132124206815038,-0.0010078995106170803
2020-07-17,0.0009698998164540476,0.0011700216344618208,0.0011149806078655645,0.0011002920481272972
2020-07-20,0.0036328483822889186,0.003744769293838734,0.003877126846336467,0.003927360256641244
2020-07-21,0.001014982767173003,0.001393653129776758,0.0012660969494863873,0.0012604193187143442
2020-07-22,0.0026262737288420294,0.0027670076834561542,0.002886802866404146,0.002990489012917522
2020-07-23,-0.004328886614806325,-0.00451764552227801,-0.00446454788669765,-0.004533131719429235
2020-07-24,-0.002771205385788063,-0.0028981535220546505,-0.002712809899985238,-0.0027475841291360594
2020-07-27,0.0021638124895574135,0.0025992176305982204,0.0026185178706817926,0.0026713303363181955
2020-07-28,-0.0015890337735054957,-0.0017510904099601124,-0.0016938153708418316,-0.0016909232699517732
2020-07-29,0.00518240585225888,0.005698142263325085,0.005364924041775227,0.005322135199405552
2020-07-30,-0.0009054195675913914,-0.0012881859000969376,-0.0009448418622293156,-0.0009797073323848887
2020-07-31,0.003970275745062928,0.003781020722349693,0.003958304395021001,0.004071521663467545
2020-08-03,0.0025031880829722267,0.0028263116733360824,0.0025700280358574305,0.0025777422877603443
2020-08-04,0.003041573763452896,0.003210517473130047,0.0032807498666337044,0.0033572738000673067
2020-08-05,0.001395985226798421,0.0014943219938292108,0.0016106668569006073,0.0016320250914354899
2020-08-06,0.0036319691907108274,0.003716963257313218,0.0038031136123715063,0.0038636869571309776
2020-08-07,-0.0009751003240044418,-0.0008014660767509463,-0.0010777203037735318,-0.0011321515762872957
2020-08-10,0.0006226845308838836,0.0008546390191823191,0.000689860058142382,0.0006762853300525597
2020-08-11,-0.005763497871550824,-0.006063278270359552,-0.006063042003189002,-0.006125160348856364
2020-08-12,0.004429106027914472,0.004647034974987522,0.00466281481058316,0.004672550200722238
2020-08-13,-0.0014158366345494,-0.001481006059779489,-0.0013044728425451375,-0.0011981202052227526
2020-08-14,-0.00010473955476478073,-0.00017299504070191878,-0.00017502782491560687,-0.00016538767844930056
2020-08-17,0.002263274246536602,0.0024503601445729608,0.0024438437449879604,0.002430749982035049
2020-08-18,0.001930622541852374,0.0016559171739998389,0.0019994539712357593,0.0020481543424337853
2020-08-19,-0.002789864747795116,-0.0026457083491434313,-0.0030164725009459515,-0.003083950346626721
2020-08-20,0.002626422768974951,0.002527142206141614,0.0027344057680035194,0.0027814992407187997
2020-08-21,0.0018282793236271775,0.0017973614129181792,0.0017643909339634047,0.0017755372113782684
2020-08-24,0.0036103149193664075,0.003848763140558966,0.003705926065650184,0.003624766301954849
2020-08-25,0.00039270884652469276,0.0004766780917409881,0.0004806274343323357,0.0005088230320673227
2020-08-26,0.004303021874766515,0.0041983615098336625,0.004461284452137376,0.004534339536193517
2020-08-27,-0.0009741892715476667,-0.0009130274340639774,-0.0010468246649254613,-0.0010321993545670115
2020-08-28,0.0035104744697119447,0.0034086024623128748,0.0037287640816924357,0.0037766790223747663
2020-08-31,-0.000794823595611273,-0.0009879113619101238,-0.000842361480194945,-0.0007905627489625479
2020-09-01,0.005413019989901217,0.005571136038739616,0.005549202858185845,0.0055286911025767705
2020-09-02,0.006971285641481424,0.006894091104931098,0.006885442674582154,0.0068129844399629534
2020-09-03,-0.014413073636439903,-0.014668009942500193,-0.01488154457649022,-0.014898250657691516
2020-09-04,-0.005670452367039331,-0.006048577903747329,-0.0057522221807749544,-0.005598824097755512
2020-09-08,-0.010547083366187834,-0.011233194941004478,-0.011018687130611694,-0.01101141344883987
2020-09-09,0.008244989833092084,0.008570687712484239,0.008592170257593327,0.008531331116984108
2020-09-10,-0.006827546702541798,-0.0071537578561237675,-0.007100034087823639,-0.00708220669737008
2020-09-11,0.0007985353397055484,0.000847291811689282,0.0008796082307780557,0.0007689666415346208
2020-09-14,0.005264801044699843,0.005367918503612775,0.005523326000788921,0.005649551113821184
2020-09-15,0.0018244663623478473,0.002171551450144328,0.001929674825422999,0.0018930490523498278
2020-09-16,-0.002265498143000502,-0.0016358807120247342,-0.0022163499527629847,-0.002303272167107299
2020-09-17,-0.003623864155249936,-0.0036182988317205738,-0.0036253527106843183,-0.003703456999516384
2020-09-18,-0.0051845700506730555,-0.005308618948592458,-0.005283332121474755,-0.005275840803423844
2020-09-21,-0.003911713106735279,-0.004431684757971009,-0.0044514270609419745,-0.004375526718036132
2020-09-22,0.004401603167440536,0.004524730383163852,0.004363513804724414,0.004338369146600146
2020-09-23,-0.01012998183479418,-0.010379581054408638,-0.010640818930754158,-0.010665460016527701
2020-09-24,0.0011429366844554986,0.0013145618462306033,0.0012126522289480177,0.0012049561014175795
2020-09-25,0.007025763060168619,0.00724588170273712,0.007094216943546041,0.007114829506325492
2020-09-28,0.0071024662326790045,0.0073619860761583965,0.007456762213829615,0.0074319394202786255
2020-09-29,-0.0018100522974031715,-0.0024188689074784307,-0.0017838714427332448,-0.001712761344457164
2020-09-30,0.002159065240986928,0.002488081874347074,0.002203832731627204,0.00218298069627499
2020-10-01,0.0031646009751238025,0.002917366328560121,0.003317527720593461,0.0033965772106997138
2020-10-02,-0.004290309664948866,-0.004499219093827193,-0.0042973285902328665,-0.00439816502727026
2020-10-05,0.004899959218188535,0.005565456522117881,0.005174973641626732,0.004943950677643638
2020-10-06,-0.0054151545778141335,-0.005216756918749417,-0.005690754246560443,-0.005681030065471888
2020-10-07,0.006468720138598951,0.00649183753982895,0.0067142413499955925,0.0066200895840882725
2020-10-08,0.00430182606964521,0.004764844102655578,0.004502803750648181,0.004391154033770387
2020-10-09,0.003984271261858245,0.0036711883944575223,0.00425095471190112,0.004294965100134947
2020-10-12,0.007699032951101566,0.007413839450719803,0.007972629474228186,0.007939021424724867
2020-10-13,-0.0021417147815429656,-0.001973198001608532,-0.0024848027406004477,-0.0024015958847149214
2020-10-14,-0.002568182608898797,-0.002551450857355582,-0.0027394122609403267,-0.0026709647458032153
2020-10-15,-0.0011408115659806378,-0.0008954685403464058,-0.0011805582332964722,-0.0011868481095384264
2020-10-16,-0.0004052991882099322,-0.0006572204067645538,-0.0004373421534906692,-0.00041805099965607206
2020-10-19,-0.0070268107505833885,-0.00730955826983459,-0.007233734600666565,-0.0071275021633998605
2020-10-20,0.0007409404748192775,0.000961280333086742,0.0008832687094369042,0.0008217997352241073
2020-10-21,-0.0011449024805175738,-0.0016903363226063357,-0.0010552756656553918,-0.0009250820397327723
2020-10-22,0.0008851574985129669,0.0011645415195990609,0.0008503963968419556,0.000722134786936665
2020-10-23,0.0022953610449038646,0.0020174068920200687,0.002449460654719278,0.00241137607364144
2020-10-26,-0.006843045462508721,-0.007238667113987315,-0.007159713739235183,-0.006896447724067268
2020-10-27,-0.0005446445982309363,-0.0005286993750381131,-0.0006435032215113483,-0.0005346728415897357
2020-10-28,-0.014594868394777468,-0.015303187556205421,-0.015231587352556586,-0.014974203546950988
2020-10-29,0.002860262838135041,0.0027745702095526765,0.003099102277926643,0.003023796245410291
2020-10-30,-0.005613494635306617,-0.005732341292321448,-0.005831021501996719,-0.0058495933987201786
2020-11-02,0.00525901660709173,0.0060507417871796965,0.005527446072220413,0.005345059254810315
2020-11-03,0.006574934933458353,0.007058966115959099,0.007066432461398086,0.006809297506373294
2020-11-04,0.013370444642841615,0.01374135448605503,0.013433997417724938,0.013376196445678733
2020-11-05,0.008573225779293158,0.008574322148849681,0.00917130001816384,0.009127821067804007
2020-11-06,-0.0013104879126596214,-0.0016606552361931718,-0.0011547179855605461,-0.0010842844880956065
2020-11-09,0.0017870859251817518,0.0031831184212667966,0.0020569072647840447,0.0014706330047635611
2020-11-10,-0.002430627112352677,-0.0017884516395510284,-0.0021554807342876194,-0.002302446207008502
2020-11-11,0.0037745501529104363,0.003973116914720024,0.0038134985949883076,0.003824321705769398
2020-11-12,-0.0018209729237075273,-0.0022907214475458605,-0.002213145031949177,-0.0019462100034719674
2020-11-13,0.005585702988173513,0.005800350306194315,0.005827459144865872,0.005720408328139003
2020-11-16,0.005054140520736975,0.0054411497365773245,0.0053636648232817975,0.005184474528348048
2020-11-17,-0.0012585454662618414,-0.0012727806599352038,-0.0013370906064688894,-0.0013567331070289874
2020-11-18,-0.004994757514234543,-0.005185557383525818,-0.00517520910176052,-0.0051229743931886
2020-11-19,0.002472524399587407,0.002556086135601083,0.002502004381857633,0.0024312842465894543
2020-11-20,-0.0022269329202496716,-0.0021029783475683935,-0.0023144023630236234,-0.0023047745081405256
2020-11-23,0.001822602157278006,0.0019629825248404153,0.001852821128460124,0.0017091444696741226
2020-11-24,0.005723730968450552,0.006275787720573913,0.006200146917608536,0.006000612112215346
2020-11-25,-0.0008650389069305442,-0.0007292988615162742,-0.000745130977373122,-0.0007322642309916137
2020-11-27,0.0026834170428358096,0.002603847677568137,0.0025740043791378604,0.0025304379560561635
2020-11-30,-0.002108754561420429,-0.0025007939516398492,-0.0023456941665110113,-0.0022080253363359536
2020-12-01,0.0027889642200272426,0.0027894763471076555,0.003386381221493561,0.0033440856028460735
2020-12-02,0.00024701778878683195,0.0002492048219666549,0.0003767522371446527,0.00034442055532655255
2020-12-03,0.001008910825113698,0.0009612843694378182,0.0010381915992121978,0.001056549144813841
2020-12-04,0.0018307515883515541,0.0021055528304841135,0.00235833908003106,0.002305149621360172
2020-12-07,0.0005727295159611807,0.0005283005398288151,0.0003280262371590691,0.00036665353515649056
2020-12-08,0.0016313730221099905,0.001661355836261323,0.0015898334267278593,0.001608227935751945
2020-12-09,-0.004588971652314683,-0.0046318077415080355,-0.0047258348645155945,-0.004783640992987717
2020-12-10,0.0008559532066087186,0.0010161829530860433,0.0008581685202603312,0.0008295750171607812
2020-12-11,0.00026928404595124775,0.000286627717462833,6.922010581559552e-05,4.972845729691177e-05
2020-12-14,-0.002195129323199246,-0.0022630232265590257,-0.0021503907685006605,-0.002154552696716137
2020-12-15,0.005396912104869542,0.005609097705957558,0.005906585896163076,0.005900884323124156
2020-12-16,0.0003005506287658233,0.000363595255794519,0.0004932584692098523,0.0005321541735567232
2020-12-17,0.0021461486491918132,0.0022466233443193717,0.0025088497246428237,0.002499451142344492
2020-12-18,-0.0018901849510392422,-0.001933811144846436,-0.0020215370150042833,-0.0020288018973018615
2020-12-21,-0.001261820667238141,-0.0014842906848409095,-0.001507584709023953,-0.0013942926110209904
2020-12-22,-2.0682200684041463e-05,1.2436740911513268e-05,-0.00025659344593641773,-0.0003044381254165998
2020-12-23,-0.00023031435888318694,-0.00019343855317781956,7.885053190902127e-05,9.483986691257904e-06
2020-12-24,0.002283466765817001,0.002445936338139681,0.0022722615721908253,0.0022123161287675103
2020-12-28,0.0036583428960220116,0.0035882597409087995,0.0037758898630882633,0.0037866701105516067
2020-12-29,-0.0008087454632505403,-0.0009351470606469436,-0.0007715255622044872,-0.0007575097188299519
2020-12-30,0.0009797379885050862,0.0009769034579722251,0.0011528954610913451,0.0011597536859866704
2020-12-31,0.002347993302559863,0.0025945738348283993,0.00232920460730775,0.0022943606456225954
2021-01-04,-0.00525897441488442,-0.00567198603215468,-0.0054908324354936144,-0.00544082184572415
2021-01-05,0.0016680240766610266,0.0021896042021928705,0.002480247219241463,0.0023953251575272636
2021-01-06,-2.3065178536899088e-05,8.701402168600787e-08,0.00041469603123026044,0.00039809290216928476
2021-01-07,0.005195816405673683,0.005532164971386503,0.005536805360986627,0.005513085280106208
2021-01-08,0.00126208941176716,0.0016987822719852766,0.0014769609992533496,0.0012878239995545591
2021-01-11,-0.003752691466374736,-0.0037964702879844845,-0.004086213443618925,-0.00395894079562022
2021-01-12,8.364333787188674e-06,0.00023445360497157118,0.0004464896463422436,0.0004004496616371808
2021-01-13,0.002742550498041701,0.0029258345398670027,0.0025064786770188667,0.0024016645574927087
2021-01-14,-0.002695869062669087,-0.0025007568329073874,-0.002239077738141083,-0.002264388551939204
2021-01-15,-0.002183322296124357,-0.0021974762284656473,-0.002776173468339421,-0.0027942080963342017
2021-01-19,0.0037609042400188002,0.0037511490826633003,0.004041083657376639,0.004066311405803001
2021-01-20,0.006000097491368087,0.006190274413348205,0.006417180190608018,0.006458260851861459
2021-01-21,-0.00028791922719127727,-0.000512307251138776,-0.0001391747330396885,-8.554758110596974e-05
2021-01-22,-0.0010180928059300562,-0.0012622492835286773,-0.0013459065611877315,-0.001260914519614847
2021-01-25,0.0032150658631842246,0.0035539784284484306,0.0031517572188907205,0.003072170167484649
2021-01-26,-0.0009154539814083106,-0.0009455307888978393,-0.0008540706625316324,-0.0008569595906371859
2021-01-27,-0.01015858983913564,-0.010140023216620277,-0.010805017740124311,-0.010819786559410564
2021-01-28,0.00284160719236529,0.002694497993531962,0.0031577663181259073,0.0032080852623496857
2021-01-29,-0.00935108389927897,-0.00941376101580905,-0.00960593093014188,-0.009560371034087247
2021-02-01,0.007413209414166473,0.008264029056860911,0.008149123261269962,0.008061983265722002
2021-02-02,0.005123704795505248,0.00538156705365589,0.005383024478044945,0.005296801608193119
2021-02-03,-0.0006247826264165809,-0.0005409901391965246,-0.00035199533291639136,-0.00033232705164060183
2021-02-04,0.0048492574397526605,0.005152689418173004,0.0049297347975738705,0.004817874185706113
2021-02-05,0.0008301023392367996,0.0007442565147502678,0.0012913749407983894,0.0013989580625545102
2021-02-08,0.003629923107510505,0.003819717045345869,0.0039139259628206795,0.0037790703610465696
2021-02-09,-0.00018504783126010706,-0.0002889502976204184,-2.0958264898719244e-05,2.9632027071250884e-05
2021-02-10,0.0006944609836102902,0.0007587721823725975,0.0005836121248739293,0.000507025368231581
2021-02-11,0.0003081216817973331,0.0002579923148246587,0.00041462641550784544,0.0004902574628053141
2021-02-12,0.0008406511227702915,0.001056406267915798,0.001230431169334503,0.0012089181808357392
2021-02-16,-0.0030418142066158385,-0.0030295065567352343,-0.0027274315526894196,-0.0026432538175208777
2021-02-17,0.0005510817157647597,0.0007617645499387595,0.0003689669478632262,0.0002288627803306007
2021-02-18,-0.0019530263615166166,-0.0022254500287280194,-0.002126769728934209,-0.0020805835906910464
2021-02-19,-0.0024625659440291256,-0.0025953931153841455,-0.0021074760010558954,-0.0019042922531735387
2021-02-22,-0.004373404766740405,-0.004085523061998093,-0.004049538571930728,-0.004184137462773638
2021-02-23,0.0007923461920533409,0.0009490923092852639,0.0008155897369963646,0.0006803772855947973
2021-02-24,0.004316749104475761,0.004498011924297763,0.004703376266023666,0.004644468711211313
2021-02-25,-0.01580067162831182,-0.01589735543682189,-0.015930526046408735,-0.0156403468644677
2021-02-26,0.0015337816804997504,0.001435063670366317,0.00039276065087752964,0.0002150801990571762
2021-03-01,0.010390964945038574,0.010339430309795845,0.010860195883253872,0.010971603387387525
2021-03-02,-0.002934086841045322,-0.0030715404446836534,-0.003135202151794857,-0.003058949576890441
2021-03-03,-0.007919321166337815,-0.007967395355604884,-0.007656437063247465,-0.007603624627146491
2021-03-04,-0.007693503479003264,-0.007355668969463989,-0.007452055759156637,-0.007440332683593024
2021-03-05,0.0075103421119542685,0.007883991223165186,0.007950410520328568,0.007912769713563332
2021-03-08,-0.0037101005042017624,-0.003953421187213938,-0.0037805179608344343,-0.0036983431942647998
2021-03-09,0.008087001000295307,0.008202762120481304,0.008086837393490323,0.00818416592460206
2021-03-10,0.0034986885249297145,0.0036755920026518623,0.0035625629615226103,0.00343940528992929
2021-03-11,0.004387120721564097,0.004251320451677389,0.004948854040522656,0.00499538301921017
2021-03-12,-0.001814164744866965,-0.002349313375598049,-0.001487610912922733,-0.0013509497457790181
2021-03-15,0.003070669933463087,0.0032654686472961096,0.0030246803826798653,0.002942125728868545
2021-03-16,-0.0006036212112634693,-0.0007522525273607357,-0.0006922211252503204,-0.000618546204362967
2021-03-17,0.001188127195053593,0.0008291226722609809,0.0013258130176495814,0.0014057363315925285
2021-03-18,-0.008040180070911342,-0.00885780430110075,-0.008804990035308108,-0.008686648587454934
2021-03-19,-0.0010058930774383174,-0.0006539151391907942,-0.0007678467792352357,-0.0007500911665038635
2021-03-22,0.004661735931087655,0.004874528733609069,0.00454122776670615,0.0043620076711417995
2021-03-23,-0.0016433822118370482,-0.0015573312223438897,-0.0025399503123549683,-0.00280961255445556
2021-03-24,-0.002243285953080338,-0.001578967193807089,-0.002200411045112497,-0.0023558328375591466
2021-03-25,0.0025367978622984296,0.002153993445696447,0.0024084547907219644,0.002381731930287192
2021-03-26,0.0060141779384212,0.006128457439211751,0.006707646713356408,0.006705241988619539
2021-03-29,-0.0013669691813334435,-0.0014647145630139794,-0.0013079261122722892,-0.0013651626997027416
2021-03-30,-0.001272976973067143,-0.0012328052348342098,-0.0015025812817100013,-0.0016059454272162208
2021-03-31,0.001701906689413119,0.001402264902246935,0.0016997494469800708,0.0017966459768760208
2021-04-01,0.0061288577971523464,0.006664650231342117,0.006357967719360485,0.006258264918198467
2021-04-05,0.005361987985413248,0.005094363176485924,0.005477132101232422,0.005685662556864495
2021-04-06,0.0012303970832846756,0.001413600468443347,0.0010202601507991605,0.0008952911092633084
2021-04-07,0.0002894865716318832,0.000215629896400254,0.0003346512030791687,0.00033222600365828735
2021-04-08,0.003096755894492023,0.0031787225579882512,0.0029892176912973013,0.0030077299690026192
2021-04-09,0.002266531633270929,0.0021509776122813997,0.0023784177446129298,0.0024456388316631593
2021-04-12,-6.778340639163817e-05,-0.00010971749299604623,-7.627247273198425e-05,-7.140505176863625e-05
2021-04-13,0.002693611540932779,0.002817930967977275,0.002604509689030744,0.0025759105160373824
2021-04-14,-0.0018890141415240402,-0.0020176672955917493,-0.0016915809021373154,-0.0016716667762961053
2021-04-15,0.006969076463323872,0.0074240358639850535,0.006830261232624365,0.006669610869001664
2021-04-16,0.0005270644273060673,0.0002837593963948008,0.0006958130201661702,0.000846076785146971
2021-04-19,-0.0024848515757109743,-0.0027569433300968947,-0.0025541010471483968,-0.00246910946441439
2021-04-20,-0.002410665979142866,-0.00218543472485723,-0.0026489501731813974,-0.0027267328576507594
2021-04-21,0.004571980788684019,0.0045755954519436605,0.004581521390961628,0.004605933396258304
2021-04-22,-0.003779819169830215,-0.00359466760809476,-0.0038522982217208063,-0.003923775352201287
2021-04-23,0.004535036716865051,0.004260154142879018,0.004698857417562933,0.004804504755871576
2021-04-26,0.0006042850213614613,0.0005474296488920665,0.0007020599230187658,0.0007680578009898239
2021-04-27,-0.0014084038676571028,-0.001652774154683096,-0.0011746218604463607,-0.0010890278941140523
2021-04-28,0.00033480654941046997,0.00026403380665174486,0.00029795514098168594,0.00027909599943132224
2021-04-29,0.0023161843782987606,0.0022276234442178927,0.0024551819997670867,0.002449861836542497
2021-04-30,-0.0026081891704881786,-0.0022627513890158507,-0.0027679713547719923,-0.002919309332640144
2021-05-03,0.001594110492707663,0.0015091742590357979,0.001565476164527132,0.0015759379842913512
2021-05-04,-0.002772072206582485,-0.0024739594753609272,-0.002899775716480501,-0.002898697755867207
2021-05-05,0.0005285351658843077,0.0005792810990564377,0.000478215379638928,0.0005408268089193656
2021-05-06,0.0038235350569042277,0.003688011110368886,0.003912077730341417,0.003920509328351315
2021-05-07,0.0037490195649515267,0.0034324208560283734,0.003915431709578122,0.0038842199092290405
2021-05-10,-0.005048024229942696,-0.005256567293683402,-0.005178562590355552,-0.005195719894664204
2021-05-11,-0.004804933366555125,-0.004969480220230475,-0.0046535363961467185,-0.004460889226770364
2021-05-12,-0.011417107040163386,-0.011465243229539568,-0.011608948655845405,-0.011414919510883572
2021-05-13,0.006696285468654815,0.006775701198957228,0.006523229385461862,0.006265899400757381
2021-05-14,0.007879113550614958,0.00793803310904013,0.008047860270870033,0.00797702470166304
2021-05-17,-0.001464027483369331,-0.0015703039664182487,-0.0013494936155660716,-0.001263417747718579
2021-05-18,-0.00385451864831469,-0.004050416429227141,-0.0037909219089747445,-0.0037124558395059785
2021-05-19,-0.002280974343761385,-0.002256111584164995,-0.0024626266608687693,-0.0024761296000216895
2021-05-20,0.006448916541424847,0.006529804354845644,0.0063499487770964855,0.006129082347211214
2021-05-21,-0.00021858576367335574,-4.4934517105257946e-05,-0.0002682353846825406,-0.00031514568135555424
2021-05-24,0.005055658322504047,0.005052000009110213,0.005232448889821391,0.005202637835335006
2021-05-25,3.509147790057966e-05,0.0002455866725455875,-7.64651053095499e-05,-0.00013222461566590868
2021-05-26,0.0006276606849456457,0.0006970274124603044,0.0006800268416135762,0.0006653853446738009
2021-05-27,-0.0003058583614106716,-0.00045087003989212104,-0.00012838794556780671,-1.2815198823389995e-05
2021-05-28,0.000912449387563275,0.0009169909004428865,0.00089025171188824,0.0008398533100017075
2021-06-01,2.4460978968473038e-05,-4.358201017866815e-05,0.00022895487567276994,0.0001334110734265634
2021-06-02,0.0011472433030318696,0.0012329657130722299,0.0012490937146123445,0.0011556304318166002
2021-06-03,-0.0028663627788624254,-0.0028156473856855773,-0.0030326566262298795,-0.002885257500987225
2021-06-04,0.006033268720275136,0.0063624018552246985,0.0059959665597186995,0.00584023517152894
2021-06-07,-0.0005891231697125911,-0.0007317007976542238,-0.00040309419154259965,-0.0004329148106155399
2021-06-08,0.0009965989205099931,0.0012771999605720864,0.0008957243887311418,0.0007993939080453933
2021-06-09,0.0003419220129845088,0.0006494296201516343,0.00011903090490842906,-1.774367284246921e-06
2021-06-10,0.0033142975757614952,0.0035317810191375677,0.0032740016872319596,0.003131335422840856
2021-06-11,0.00016255238215457307,0.00024928233313698894,0.00012436691370455445,0.00022020367110706863
2021-06-14,-0.00014717147734197015,-0.00043358056303108457,7.390636928946155e-05,0.0002243602074914903
2021-06-15,-0.0007954539933182977,-0.0007806082545640688,-0.0009212931616114099,-0.0008754966788903963
2021-06-16,-0.00478463725610044,-0.004785814130927958,-0.004918955709273476,-0.004772120268431112
2021-06-17,0.0005515471160026097,0.0012260478260191518,-5.048954887637244e-05,-9.982861233492652e-05
2021-06-18,-0.004246583038916177,-0.0035802969356359274,-0.004854262305439746,-0.004983802048091542
2021-06-21,0.005447410443151274,0.004859054931511647,0.0061263939390553334,0.006180504122527821
2021-06-22,0.002854460780204346,0.0029130996970674005,0.002782796848167556,0.002804601801535516
2021-06-23,-0.0011868739071156623,-0.0012545272453905036,-0.0010990890485322968,-0.00101696418194495
2021-06-24,0.002709587879175268,0.0027021679979413768,0.0028291242862567034,0.0028473368451815617
2021-06-25,0.000978762357391668,0.0007291869166722911,0.0012084823585508404,0.0012280019477463083
2021-06-28,0.0018891482671638063,0.002207281122458911,0.001640616444402542,0.0015395089066463053
2021-06-29,0.0002937726765935894,0.00042875357239182185,0.000197526693721431,0.00023116994948818562
2021-06-30,0.0009259655174547421,0.0011648246725489194,0.0008002859685393016,0.0007315529763210028
2021-07-01,0.0023230415234368326,0.0023939892076260357,0.0023832406104423044,0.0023151819557993133
2021-07-02,0.0044607840519709134,0.004682405723744308,0.0044453039589252554,0.004420276219756686
2021-07-06,0.0006165083541447178,0.0012441055950602453,0.00021915917136387342,-0.00015473494952334603
2021-07-07,0.002539138883668095,0.002932145167810398,0.0023249244172260154,0.00209240101984577
2021-07-08,-0.003109998524440583,-0.003085085633227088,-0.0033216400831711937,-0.003303402466699488
2021-07-09,0.003391762548931419,0.0028961963169581934,0.003908302137932032,0.004133816603931131
2021-07-12,0.0014779243899416795,0.0014572933601764216,0.0015846456650713688,0.001570534496337266
2021-07-13,-0.002721596178767154,-0.0027552221113160556,-0.0026313658606838546,-0.0024597065559357335
2021-07-14,0.0019752745883668925,0.0023491370880046355,0.0016993872297104053,0.0014744750048439651
2021-07-15,-0.00041667630209053384,5.58807323622556e-05,-0.0005962376540726792,-0.0007744255243949524
2021-07-16,-0.0035645632935811526,-0.003708807932705094,-0.0037212025378242676,-0.0037616512455299934
2021-07-19,-0.004376711488653842,-0.003557281479123808,-0.005299892015343841,-0.0056575512464339065
2021-07-20,0.006208230987227268,0.006002581593450945,0.006681422217476098,0.006649008981534121
2021-07-21,0.0021881970169797637,0.0015846595727782814,0.0026765087988148174,0.00298258736921801
2021-07-22,0.0017204328459934225,0.00205792330620381,0.0016951757407621003,0.001629756103018141
2021-07-23,0.0042973200641754986,0.0040800675957819955,0.004417880604903451,0.0043798868196729505
2021-07-26,0.0007992844100404303,0.0005700011576735805,0.0007620233723280124,0.0008675071148932919
2021-07-27,-0.000782885961866017,-0.00044706579480434177,-0.001166388166030083,-0.0014257614217930996
2021-07-28,0.0001493044734116836,0.0001613659246599556,0.0003460776849591881,0.00046975251124523965
2021-07-29,0.0008823606603446003,0.0006967059288842335,0.001176085972183357,0.001396178507910623
2021-07-30,-0.001328041510006414,-0.0011475794545552623,-0.0014802437563052628,-0.0016037264532204336
2021-08-02,0.000416485714074851,0.000695314434091651,0.00014673164406464416,4.3493141909180016e-05
2021-08-03,0.0037934540858311815,0.003815128670105806,0.0037689161780871563,0.0037359833228675123
2021-08-04,-0.002366796120290733,-0.0022814653853146833,-0.002517032396046245,-0.0025701669959036924
2021-08-05,0.0018451267382913654,0.0015557071462202012,0.002043998131674181,0.00227743547189443
2021-08-06,-0.0010687362530203129,-0.001763799501415809,-0.0010353987142590025,-0.0007508277824810964
2021-08-09,-0.0011588220214488719,-0.001517617038354614,-0.0011368088001573635,-0.0009473066057560289
2021-08-10,-5.181264816497206e-05,-0.00016373889774454182,-4.384693556417444e-05,0.00011407637417096884
2021-08-11,0.0016387031447782537,0.0018268887201720544,0.0016007860047121878,0.0015555021885352628
2021-08-12,0.0011567430611965262,0.001138804930840784,0.0012204073907505046,0.0011510095256253884
2021-08-13,0.0025933410908717245,0.0031254167371691484,0.0025919884463442787,0.0022600670053433813
2021-08-16,0.0015691591388638866,0.0018072755662446715,0.0015596373847965323,0.0014059599861180722
2021-08-17,-0.0033090649151101283,-0.0031371252488118667,-0.0032846001708566387,-0.0033988893029927012
2021-08-18,-0.005160928436570033,-0.005116645280382195,-0.0053396191770734725,-0.0053771613380619926
2021-08-19,0.0011107829259263244,0.0014423499486362998,0.0013180663642817754,0.0010915968061671396
2021-08-20,0.0033919739653925462,0.0033295759788468642,0.003368187307924093,0.0033265798880442693
2021-08-23,0.004227562694793384,0.004207044445527957,0.004328672386850857,0.004502595163537601
2021-08-24,5.4856241002758336e-05,-0.0002116293051848494,-7.2266589469857775e-06,0.0002388151610400554
2021-08-25,-0.00010197372109917508,-0.0005312133860628591,-0.00015007635380558137,1.7960592371723042e-05
2021-08-26,-0.0027410493194601933,-0.002575621904782607,-0.002718596535694399,-0.002819415380913143
2021-08-27,0.0051778400079159235,0.005497803739208508,0.005298919514050383,0.005236886438108424
2021-08-30,0.00254305217653678,0.002580577334753304,0.0027347640238527217,0.0027269500755960512
2021-08-31,-0.001151743638267044,-0.001298786018907576,-0.0013040241943583924,-0.0011718360447777623
2021-09-01,0.0005497852175805145,0.0005193456509616809,0.0005451560733015723,0.0005920689773750759
2021-09-02,0.0019073862466195595,0.001796004109192595,0.0020642025872991054,0.0020704967589329345
2021-09-03,-0.001100335090576938,-0.0009501216286275404,-0.0011903906771334207,-0.0010582400904041158
2021-09-07,-0.002357795174381032,-0.002889019242280102,-0.0027985222261693392,-0.0026464589812131884
2021-09-08,0.00027009673110809426,0.00037222941038581205,0.00046812629282916036,0.00027347803995596753
2021-09-09,-0.0011939771156517524,-0.0008866700559150467,-0.0011837159087744447,-0.0014689046077239034
2021-09-10,-0.0043934404119382545,-0.0047786287138354006,-0.004569905172670004,-0.004443936890810896
2021-09-13,0.0016383450809553002,0.0018285777853160351,0.0018495070783119262,0.0017785146573564465
2021-09-14,-0.0016801480245925882,-0.0012041712197356617,-0.0014718767981112067,-0.0016837542643879742
2021-09-15,0.0035685593482817565,0.0032667690427281813,0.0035883032299433098,0.0037351414240240285
2021-09-16,-0.0009177285914050774,-0.0016128360966865382,-0.0011433226653626992,-0.0011119620397654541
2021-09-17,-0.005386587780862085,-0.005672466268900352,-0.005509471541657971,-0.0054947822595772374
2021-09-20,-0.00690414165914912,-0.0064568242360945015,-0.006710048073136582,-0.007022989559456813
2021-09-21,-0.0005230745961506252,-0.00038142365920190014,-0.0005033354995879634,-0.0004969148020286533
2021-09-22,0.004914461368903214,0.005163882676502777,0.005118735024006364,0.005113914029541904
2021-09-23,0.003490529569887566,0.002419985956438452,0.0030810411901569853,0.0035675749502507236
2021-09-24,-0.0001476774015746774,-0.00041020639276990556,-0.00025381562052961755,-0.00021987891417314496
2021-09-27,-0.002310322393989675,-0.0022924555444791194,-0.0023003074006343075,-0.0021859582057634336
2021-09-28,-0.011023894749217262,-0.011484194226439086,-0.011391402669828897,-0.01115883435576549
2021-09-29,0.00143204763708306,0.0013555087639055543,0.0015833817268055064,0.0014270588267341982
2021-09-30,-0.005864387381208037,-0.005351956112117542,-0.005811752306339884,-0.005789201967352511
2021-10-01,0.006626491185441962,0.007008501578763702,0.006969388114821952,0.0068226717751086385
2021-10-04,-0.00679178866278011,-0.006874333329999255,-0.006731059330669793,-0.006591453308385292
2021-10-05,0.004083458722026883,0.0038079443887826026,0.004093055558791966,0.00425097824399269
2021-10-06,0.0017362957120974748,0.0019956550831135883,0.0017634671424333656,0.001653742530866502
2021-10-07,0.0030455149339234755,0.002619903136803702,0.003066976097855107,0.00335104969276463
2021-10-08,-0.0016942372953612933,-0.001887040838232808,-0.0018146982408693408,-0.0016459931844954585
2021-10-11,-0.004127677826898297,-0.004203785945305477,-0.004034384372885391,-0.003940756964010991
2021-10-12,0.0001082942149852958,0.0006694205692766232,0.00033081079197294503,0.00011500399772326509
2021-10-13,0.00212075802566281,0.002537827177826952,0.002135040147719741,0.002120929826315967
2021-10-14,0.008600338441659498,0.008959744024104214,0.008760998014288281,0.008637152342151509
2021-10-15,0.0023960181117344942,0.0017521270172138714,0.002366255689556545,0.0025851029963172853
2021-10-18,0.000953533924746145,0.0009135142866648487,0.0010155259485488796,0.0010131408755599685
2021-10-19,0.0024343980119468605,0.0021966928546994224,0.0023017001207528472,0.0025434213497462993
2021-10-20,0.0012933342745171765,0.0014807928436230355,0.0013725021556742411,0.0015274885621731544
2021-10-21,0.0003471726916580377,0.000245832368086842,0.0003654324528109701,0.000385047095959486
2021-10-22,-5.633195690190652e-05,0.00028457906733842696,5.306105468015656e-05,3.268519753779533e-05
2021-10-25,0.0027564902665355544,0.003020445447810066,0.002783641245395168,0.0027643794268751042
2021-10-26,0.0011005054381248215,0.0011065330109352339,0.0012272247263295543,0.001080584029222018
2021-10-27,-0.0004945175886978445,-1.6614917364014912e-05,-0.0005821470072313883,-0.0008884717156387501
2021-10-28,0.003939087368972943,0.0035397610129401036,0.004025790077923492,0.004194073905201338
2021-10-29,0.0010195691476687385,0.00120781582845339,0.0011260838975415241,0.0009745105716764567
2021-11-01,0.0008149404105656005,0.0007089147312338495,0.0008225152453174119,0.0010408237960999333
2021-11-02,0.0026550654743975367,0.002887551693000491,0.002836368936975691,0.0026741216011958832
2021-11-03,0.0020531892972796943,0.001548157257531136,0.0019303948340982635,0.002030190591542338
2021-11-04,0.0036833733306037056,0.004439799835143033,0.003689444471973624,0.0033503212926186514
2021-11-05,0.003282477235324782,0.0038971976649221887,0.0034465235702265187,0.0032204367055209257
2021-11-08,-0.001022600892276285,-0.0012487431395275873,-0.001028175674425276,-0.0008539849624757669
2021-11-09,-0.00014742668246229537,0.00026320663475238335,-0.0001036650630119499,-0.00024441114782647615
2021-11-10,-0.00686958444421226,-0.00689822902359208,-0.007004021467348823,-0.006882941812714294
2021-11-11,-0.0009505870813648633,-0.0009229752876357587,-0.0009407978666368263,-0.0007791064163553108
2021-11-12,0.00393408333669234,0.003932514858767686,0.0038829783631193224,0.003942840585435184
2021-11-15,-0.0012660531984080214,-0.0014192460321265793,-0.0011442669084214896,-0.0009636621544870321
2021-11-16,0.0015188721631463468,0.0014910430304327152,0.001605790254851552,0.0016187708217974997
2021-11-17,-0.00011973560785505491,0.00020644183558507146,-0.0002756530447066209,-0.0004569183484444954
2021-11-18,0.0017695197197164796,0.001693824022976441,0.0018940080469912039,0.001881954612558231
2021-11-19,4.0247578125984364e-05,0.0003970217003079719,-2.1785532390747145e-05,-0.0002939002483335572
2021-11-22,-0.0034948321163959257,-0.004105472763796404,-0.0033440175712724273,-0.003104044868444239
2021-11-23,-0.0007612913378223624,-0.0012944197209522916,-0.0005662555878781048,-0.00020584206730392483
2021-11-24,0.0020865799766137767,0.0025958144383285606,0.0022530390513243173,0.0020489750065640815
2021-11-26,-0.0066000466681256755,-0.006029454491438496,-0.007436248754062909,-0.008101702347897189
2021-11-29,0.005118224619037184,0.004961676371488029,0.005311796311314291,0.005320238113031404
2021-11-30,-0.006980549873886001,-0.0067959722396464285,-0.007489037017038073,-0.007727130032759496
2021-12-01,-0.004483565192494586,-0.004144248643653131,-0.004721103745300719,-0.004923596499276778
2021-12-02,0.006439685385197537,0.006453117673314628,0.0061226614182955455,0.006292948130213828
2021-12-03,-0.0024387497476214717,-0.0016654079032128557,-0.00213796023187053,-0.002431605568788782
2021-12-06,0.004377416567429473,0.0038060319720370156,0.0039204616493210736,0.004259695740887945
2021-12-07,0.008565253869340057,0.008454741145219026,0.008124097309241227,0.008359562476269965
2021-12-08,0.0003418211691121841,-0.0001768140497698805,0.00010732048221283535,0.0003397064122096867
2021-12-09,-0.002293226730373567,-0.0024579496736165923,-0.002012105761892196,-0.0021957855546477978
2021-12-10,0.004306760012058358,0.004484367364022999,0.004262558667597289,0.004287412164356423
2021-12-13,-0.002789276208596866,-0.002238316031734186,-0.0023783846684121116,-0.0025889155765492456
2021-12-14,-0.0034056694869751465,-0.0038934439198961817,-0.0034044220977361684,-0.0034140454225025127
2021-12-15,0.006781990289597333,0.006763140496003957,0.006534632123491344,0.0067070847084201605
2021-12-16,-0.0033751714402033136,-0.002923768827787945,-0.0034199864092187243,-0.003581805133885534
2021-12-17,-0.004083971736559245,-0.003885641826798528,-0.0038081001857331203,-0.0039227270572362045
2021-12-20,-0.004878528979312157,-0.005236249049755113,-0.004849511706616396,-0.004853341359253003
2021-12-21,0.00693212268449025,0.006892715911236485,0.006593051513983691,0.006816553065516298
2021-12-22,0.00453797950737309,0.004958504644019535,0.0044285312596716924,0.004482804358116777
2021-12-23,0.0023914683157556468,0.0022353211707168523,0.0021017100391206305,0.0021895386708266464
2021-12-27,0.006338193483809491,0.006570786821481749,0.006350327819679621,0.006479939063714586
2021-12-28,-0.00030032660654571216,-0.0004838475650835309,-0.0002946735705942989,-0.00026745233958210316
2021-12-29,-0.0008431584407061592,-0.0013690954835846407,-0.0009446803255022517,-0.0007439697772631134
2021-12-30,-0.0004798493801198649,5.278964917198299e-05,-0.0003925921055707425,-0.0005323119619190352
2021-12-31,-0.0016867006736906098,-0.0015637471989575107,-0.0016916508675684182,-0.001723394395245691
2022-01-03,0.0006884080966544537,-0.0006140625358200947,0.0002196272878887685,0.0005920141552630874
2022-01-04,-0.0002557124032680496,-0.00014761985018535672,-0.00028976663569510165,-0.0002572497048746043
2022-01-05,-0.009572634961370438,-0.010368849884214536,-0.00989210785429495,-0.009839300500041765
2022-01-06,-0.0010061772621044406,-0.0014724816782914825,-0.0009225451909072619,-0.0007946729966077355
2022-01-07,-0.0029757812572751554,-0.0030259467747870295,-0.003037600169498205,-0.0030129155894203664
2022-01-10,-0.0007509221838418033,-0.0006345177087219866,-0.0007652630934793794,-0.0008292900724952269
2022-01-11,0.004296343069163902,0.005208213602827464,0.004586454126437212,0.004496089403635606
2022-01-12,0.0008339489188185758,0.0012465446425303577,0.0008680501927188088,0.0008532226679206832
2022-01-13,-0.005224017965331206,-0.005242337385188298,-0.005417943228627138,-0.005467645857692796
2022-01-14,-0.0014563178294007655,-0.00221864112384886,-0.0013549036432648214,-0.001170572120770074
2022-01-18,-0.009845600172648003,-0.0105591620629373,-0.009973861411383678,-0.009842014451336282
2022-01-19,-0.0044356648762020594,-0.0035818515112573815,-0.0044581570792929905,-0.004627004493185224
2022-01-20,-0.004526727989066857,-0.004246322538290538,-0.004690310883982333,-0.0047504979500015195
2022-01-21,-0.007055068765946873,-0.006913304587440253,-0.007264520049598405,-0.007415307855751985
2022-01-24,0.0019230360460815777,0.0014814980568821341,0.001996193496346595,0.0020564893999051263
2022-01-25,-0.005795009965413922,-0.005948500616471284,-0.005837918067348998,-0.005818244756761106
2022-01-26,-0.0026247559315252544,-0.0037751918503758546,-0.0027632879585284538,-0.0025546771104840212
2022-01-27,-0.0006491498634376887,-0.0009443617289216155,-0.0007967930653219624,-0.0007840363265766439
2022-01-28,0.011677351567793122,0.011651711731779204,0.011947325182683603,0.012048681426319392
2022-01-31,0.007391608812740402,0.007947539043769372,0.007670744061768383,0.0077863250683773
2022-02-01,0.002661903979985532,0.002795680412872574,0.002695864304540517,0.002646295939367165
2022-02-02,0.004777797218230606,0.004844037310563861,0.004703511159818435,0.00476359434769435
2022-02-03,-0.011453349079679667,-0.012294788547898979,-0.011112327980679236,-0.011239076476532571
2022-02-04,-0.0004201493901159586,-0.000978272628562333,-3.5134709553934034e-05,9.660603704756004e-05
2022-02-07,-0.0014966420630966332,-0.0010718401426540655,-0.0015979019027146536,-0.0016500971573062404
2022-02-08,0.0023063599593836875,0.0024039953803317443,0.002349838992857527,0.0023882968432416096
2022-02-09,0.006572821205573173,0.007153118106169381,0.0064502801001614825,0.006615125248557428
2022-02-10,-0.010537801816148638,-0.011692920336380083,-0.010001342249639627,-0.01009218384603297
2022-02-11,-0.00553119292286257,-0.004589844789457122,-0.005727892591067217,-0.00600888163547759
2022-02-14,-0.0033762460135298416,-0.003902958793821444,-0.003103403471952146,-0.0030491938691411427
2022-02-15,0.0058761127463582705,0.005626830715418612,0.005879558926932586,0.006052246358814465
2022-02-16,0.0010585965390169081,0.0016190455753546471,0.0007611690347328649,0.0007520333348521457
2022-02-17,-0.007603878545852302,-0.007369970573344587,-0.0076600831225042765,-0.007892863131518322
2022-02-18,-0.0015780882310067405,-0.0014471070146138438,-0.001718885321617121,-0.0017918805290275358
2022-02-22,-0.004591833108636733,-0.004757782286815493,-0.004438108781410876,-0.0044943548520405404
2022-02-23,-0.00896090512059378,-0.009565425052185095,-0.008817616181224817,-0.00884345194519927
2022-02-24,0.0075269164962589,0.007431089938631897,0.007669286153232132,0.007783259014462712
2022-02-25,0.009197133667270064,0.009684598436491818,0.008932291549537983,0.009099565248360175
2022-02-28,0.0019265477650028638,0.002978286936429404,0.0017857282491437654,0.001587617950522807
2022-03-01,-0.0039357943010209645,-0.00302438325872361,-0.0037938442340765314,-0.003941934489474106
2022-03-02,0.002943718635899854,0.0025509572974724113,0.003379298324141492,0.003660308339725993
2022-03-03,0.00012771549649594357,-0.0002750887513205193,-2.2325274133119647e-05,-5.011500546864267e-05
2022-03-04,0.0011995137521544545,0.0007278830734022091,0.0013211119856036582,0.0013543020104801603
2022-03-07,-0.011939942081466539,-0.013614620510895218,-0.01127409598802498,-0.011388759770540323
2022-03-08,-0.0049897642311692355,-0.004970841638548117,-0.0044187940521980395,-0.004422616623807321
2022-03-09,0.006779982382811035,0.007721627601117365,0.006140511260151454,0.006226718696030562
2022-03-10,-0.0030153872188229463,-0.0039951296933534225,-0.0026179502818779073,-0.002600429093295691
2022-03-11,-0.004560237248627074,-0.005355970137560325,-0.00433971609471212,-0.00436274930999017
2022-03-14,-0.00697368074545892,-0.00867000120913873,-0.006595368644094181,-0.00656665518086781
2022-03-15,0.008229971521255423,0.008860716082658527,0.007744956182150178,0.007783049118046206
2022-03-16,0.007220575553793816,0.009456965508767852,0.006730708027530958,0.0068352381090452325
2022-03-17,0.00497541675020544,0.005655842584142953,0.005017649012946818,0.00513715171415688
2022-03-18,0.005299061543957752,0.005774293445851959,0.004978555269901236,0.005085712659428764
2022-03-21,-0.00312493477818006,-0.00443510949750599,-0.002305954711743282,-0.0021389000099202235
2022-03-22,0.002823959509234663,0.003014555325362388,0.0027163401604252822,0.002802708958349558
2022-03-23,-0.0024446379795356023,-0.0025123067859352246,-0.0023649990562385347,-0.0024338831618312034
2022-03-24,0.004304279101336988,0.004633273921153404,0.00430141990319737,0.004367802782275184
2022-03-25,-0.0008435399961177939,-0.001691806371060031,-0.0005447133837850592,-0.0003704483160689613
2022-03-28,0.003192749919438145,0.0033936495285982896,0.0025574620696103534,0.0025485065350241984
2022-03-29,0.005886335475201239,0.0073076229996240786,0.005425508545218744,0.0055268476220636945
2022-03-30,-0.0009889652147774793,-0.0011471214640177405,-0.0009410741158907079,-0.0009826327615716853
2022-03-31,-0.005526617874548082,-0.006123645303777209,-0.005510886099846558,-0.005663648961174879
2022-04-01,-0.0008791200136618416,-0.0006575425700096871,-0.0009870458743670078,-0.000878336575806743
2022-04-04,0.0033883110692981325,0.003676684646376715,0.003379280377464829,0.0034412019436364048
2022-04-05,-0.008084296354609149,-0.009750465005345729,-0.00781231846072717,-0.007747888194419369
2022-04-06,-0.004786360348022068,-0.005469978152471084,-0.004613533793204304,-0.004597091448752915
2022-04-07,0.0014390968918817635,0.0011625293871078003,0.0015772173211324892,0.0016539403418821667
2022-04-08,-0.0024418280703046523,-0.0029676101364862466,-0.0021735276435358416,-0.0020844296430766467
2022-04-11,-0.008390902445127697,-0.009125115869033284,-0.008155155890110673,-0.008113525471814329
2022-04-12,-7.44510652769622e-05,0.0002527899295380271,3.524712430323719e-05,7.64834647894963e-05
2022-04-13,0.005007918222084473,0.005742382472918304,0.005050986117113602,0.005138029340046263
2022-04-14,-0.007457468570439083,-0.008493095806038456,-0.007172973271257778,-0.007104421590439572
2022-04-18,-0.0004733908506052689,-0.0008219592634625243,-0.0002813981882680123,-0.00018292571872215125
2022-04-19,0.0050983622975180115,0.004635604680893039,0.004977608138961542,0.004989262104843888
2022-04-20,0.0018306147229606483,0.0025525702580880888,0.0016568629216594682,0.0015229853362085926
2022-04-21,-0.007278338239774554,-0.008413804144203504,-0.00719616343510774,-0.007221759049915664
2022-04-22,-0.010931435042955935,-0.011720706798569902,-0.011074280998193234,-0.011230095283325602
2022-04-25,0.004359681036098985,0.004791819956492507,0.0039690456555105166,0.003815127800710544
2022-04-26,-0.009550402791253241,-0.010142534517197687,-0.009580913772643166,-0.009717813436876117
2022-04-27,-0.00038120906291372087,-0.0009104196380972099,-0.00021044310094695578,-0.00012892162052662633
2022-04-28,0.010291009133888548,0.010799207478295138,0.01026517250770523,0.010366713150897421
2022-04-29,-0.01715597572308374,-0.018347905098861556,-0.01705141563930762,-0.017144155759679376
2022-05-02,0.00014570368563731457,-0.00033926427996738953,0.00029202879759944813,0.0004189982391888694
2022-05-03,0.002161187655231025,0.0026388582356976606,0.0019107114497000231,0.0019148013537278624
2022-05-04,0.013741342654339538,0.015111919981378471,0.013520269873818408,0.013793198546644668
2022-05-05,-0.01640303997420512,-0.01884679605814234,-0.015785682772375145,-0.016074558470335846
2022-05-06,-0.003704375117909072,-0.0046543068615505275,-0.0034160523891819056,-0.003442106674325382
2022-05-09,-0.010645487954521594,-0.01183430107794583,-0.010493521614750173,-0.010974524300156245
2022-05-10,0.0017387275418906981,0.0020512258545204018,0.001683370865563403,0.0016759501164285596
2022-05-11,-0.004505457528676581,-0.004548410564347768,-0.004434124856579762,-0.004623891642876889
2022-05-12,0.0009641661839734147,0.0006935412878757745,0.0009298234180251352,0.0009324101247952241
2022-05-13,0.007590400880109968,0.008303808957450053,0.0075300810391194396,0.00784512060135706
2022-05-16,-0.0006951591855475132,-0.0005274349368783974,-0.000608704447754296,-0.0006603589775241731
2022-05-17,0.005588074778232573,0.005917134983013785,0.005527306511561307,0.005716029632788906
2022-05-18,-0.014006830554130566,-0.014762951198237739,-0.01387661265868199,-0.014343639405772986
2022-05-19,-0.0021704093565629895,-0.0014849371155535045,-0.0021722204188220815,-0.0021703699955585307
2022-05-20,0.0016520688482849328,0.001898709743910537,0.0015377835533674023,0.001495452496228505
2022-05-23,0.005630036912782279,0.005759445377152703,0.0056186909263934,0.005833891424765307
2022-05-24,-0.0004613063488611981,-2.8851542379704827e-06,-0.0007295628776350381,-0.0008645282075143601
2022-05-25,0.004157691937947317,0.004944404471066478,0.003919807711657745,0.004066578103413123
2022-05-26,0.007612178021201204,0.00836229542475303,0.00752779434460106,0.007795766147219809
2022-05-27,0.010283342029344975,0.011208321822368245,0.009983085525846775,0.010244750629512918
2022-05-31,-0.005172550680661739,-0.006171346563150456,-0.004856429740096803,-0.00486934161834298
2022-06-01,-0.0046265784826012525,-0.00502655579004525,-0.004444200025980104,-0.0044833152509376785
2022-06-02,0.007275178531659626,0.008611529113498632,0.007306840074358728,0.007560755332339023
2022-06-03,-0.006632456080929612,-0.00781420908175768,-0.006503710287497291,-0.006689075784964556
2022-06-06,-0.0009029496377996697,-0.0013777338206374659,-0.0007417265457058797,-0.0007152203391691221
2022-06-07,0.004707591696143725,0.005560287353096826,0.004654477368881503,0.0047631522469377225
2022-06-08,-0.005089108733725915,-0.006071662404298719,-0.004871977612923844,-0.004989015527560081
2022-06-09,-0.009070825335656544,-0.010494405603278826,-0.008956097158871364,-0.009225178764707059
2022-06-10,-0.013953771913790705,-0.015478835784571793,-0.013620366696937914,-0.013891688213651172
2022-06-13,-0.018885705619741178,-0.022929809770838416,-0.018373745841360572,-0.018869581934621314
2022-06-14,-0.0033821027476728218,-0.003907018806267329,-0.0033436246165062813,-0.0033075016979492826
2022-06-15,0.008820069549815112,0.011091214616052817,0.008443546996177817,0.00863512035839893
2022-06-16,-0.011225998703992006,-0.01239906335672517,-0.011087934934961513,-0.01149359767891005
2022-06-17,0.0011345173963384376,0.0012416229950236622,0.0009378938075422855,0.0009377762051751644
2022-06-21,0.00834927431190558,0.008646540263304876,0.008449354637359036,0.008715387275127759
2022-06-22,0.002883434390858259,0.0034015008903517606,0.002614570130594603,0.002518629257196149
2022-06-23,0.0054708264651037244,0.006091567263675225,0.005223432568708455,0.005314362788091274
2022-06-24,0.01127024031874482,0.012471358527930906,0.011260237512259534,0.011615542992679233
2022-06-27,-0.0031732905464837966,-0.0037432700746225962,-0.00299113534582077,-0.002991519082274981
2022-06-28,-0.007355474255746747,-0.008258616852338934,-0.007255298317955613,-0.007506920473167692
2022-06-29,0.002229200304812588,0.002425595490238422,0.002041124783971407,0.0019089715781497808
2022-06-30,-0.00090853409631219,-0.001173589939275937,-0.0011179766640302203,-0.0012997391528186257
2022-07-01,0.0073684508435337605,0.00824302426999068,0.007153134644577513,0.007255809700782058
2022-07-05,0.00201362846460193,0.0017856864174674734,0.001908632290278332,0.0017228257936151752
2022-07-06,-0.0010111984187527743,-0.0015342104060182596,-0.0007719647489759857,-0.0008711147982740971
2022-07-07,0.0040088363262728135,0.00474858329183951,0.004131657460239756,0.00431464429787295
2022-07-08,-0.002036087253512574,-0.0022849291113400255,-0.0018709303677763682,-0.0018590687237854044
2022-07-11,-0.0017419271159916391,-0.002250891710952209,-0.0017489976256436213,-0.0018031640966554542
2022-07-12,-0.002866765798239173,-0.0029409947540525614,-0.0031347964108381235,-0.0032896638641528634
2022-07-13,-0.0009877105531963554,-0.0006885072192330921,-0.0011083700123458503,-0.0011352680170290202
2022-07-14,-0.0021065598855139365,-0.003047645205491142,-0.0018566049662359547,-0.0019408677170315207
2022-07-15,0.008203249519175724,0.009380339967486336,0.00808979607418257,0.008266600342996174
2022-07-18,-0.004307710308113086,-0.00477421376730574,-0.004070382158748328,-0.00409432164387875
2022-07-19,0.009024367264751918,0.010279948788195051,0.008929113846259901,0.009133208529316312
2022-07-20,0.0022034621519021872,0.002323818889316831,0.0022866901027017903,0.0022943832218254305
2022-07-21,0.007179113795324365,0.00846867433914329,0.006659499756436304,0.006758379070180421
2022-07-22,-0.00026689930592887356,-0.0002208923870513888,-0.0005013792416111139,-0.0005137153877418867
2022-07-25,-0.000538302770376328,-0.0007922029030308066,-0.0003445833018874174,-0.00029336136709711444
2022-07-26,-0.004491879826685014,-0.004903314902954878,-0.004428907952097262,-0.004489032126281509
2022-07-27,0.010477181619180957,0.011875291214872068,0.010350984151861656,0.010570265003833573
2022-07-28,0.007347039600973305,0.008789493643721707,0.00701719731881793,0.007266025451343889
2022-07-29,0.005825922789189801,0.006360878151067556,0.0057707699220983545,0.0058575683056788196
2022-08-01,0.000502403111460442,0.0007789576824810641,0.00019514006316055305,0.00010230003590909416
2022-08-02,-0.006163486801505963,-0.007459306491126214,-0.005838670499613359,-0.005951212275786203
2022-08-03,0.007313231911016439,0.008412468431317629,0.007039054303211616,0.007086389806178972
2022-08-04,0.0008843482057071725,0.0014312641040438708,0.0006731921972511609,0.000743371635744162
2022-08-05,-0.004476722570624482,-0.005592956677258648,-0.004144681735092448,-0.004223783742293196
2022-08-08,0.000744451362202726,0.001616956125929931,0.0006528178524850871,0.0007581908916750864
2022-08-09,-0.0023182696873742244,-0.0027951271903103782,-0.0022108812522209824,-0.0022063967559887415
2022-08-10,0.008024353311037569,0.009210173291158086,0.00791861086987418,0.008088111282618427
2022-08-11,-0.0017470900100448727,-0.0024738842423680696,-0.00145208859773853,-0.0014326086235221754
2022-08-12,0.007537845031544666,0.00899643107068257,0.007269929636801541,0.007426398068086761
2022-08-15,0.002905689673724649,0.002595671394940901,0.0029082382748136615,0.002865024515340427
2022-08-16,0.0005562368802264452,0.0003529431431067405,0.0005422895066261232,0.0004777479915230837
2022-08-17,-0.004413402439109803,-0.005523986407070172,-0.004158079912964981,-0.004257557052928563
2022-08-18,0.0020337818305798624,0.001982256318396805,0.0020980709638664594,0.0021254249385115787
2022-08-19,-0.007188595660244608,-0.008793787165927736,-0.006900415613312595,-0.007046419469386769
2022-08-22,-0.009102749070962894,-0.010413117043266034,-0.008862978979976663,-0.009066555025701395
2022-08-23,-0.0017758126655562988,-0.0017338448477799528,-0.0017136587436206137,-0.0016957675257607133
2022-08-24,0.0002906529495688156,0.0003094523117291605,0.0003770713784965102,0.0004518172031408037
2022-08-25,0.0070496323358430705,0.008379461988233066,0.006755889789579121,0.006862100507814686
2022-08-26,-0.013314390859283268,-0.015132406206358494,-0.013094741656665033,-0.013413595086559827
2022-08-29,-0.004051093981879462,-0.004735962581852662,-0.0038355712111319902,-0.003860194778153315
2022-08-30,-0.004131459945814784,-0.004944474185124884,-0.004176466238901679,-0.004405921093002796
2022-08-31,-0.004081481142290379,-0.004962639314189145,-0.003980007738089544,-0.004105839759379804
2022-09-01,-0.0005312446930540234,-0.0013435118219716092,-0.0004147994065838501,-0.00045748389491144254
2022-09-02,-0.002527765481354947,-0.002670577069777543,-0.0025637783301980673,-0.0025751069703940886
2022-09-06,-0.004464029177593167,-0.005487690824049308,-0.004173798071737296,-0.004168473253665872
2022-09-07,0.008314292990095196,0.01015097202750798,0.007863629189988812,0.008031933490377278
2022-09-08,0.001561451748054318,0.0014628977922817481,0.0016794650016407132,0.0017294337015671872
2022-09-09,0.005507264027567167,0.006740684269587768,0.00552710415232925,0.005717198015940601
2022-09-12,0.002889534456570045,0.0038353075122931272,0.0029129516587011652,0.003048721292101752
2022-09-13,-0.01771155902877199,-0.020548017647558283,-0.017391931687802384,-0.017884327532873695
2022-09-14,0.0015830666978980939,0.0018323966647044022,0.0015641694142409773,0.0015073841681804887
2022-09-15,-0.005060937486297064,-0.006336229227501773,-0.0049864501129515135,-0.005290602512531271
2022-09-16,-0.0028571043784067214,-0.003049501431283231,-0.0028382102377765505,-0.00278913362142371
2022-09-19,0.0022467577698155406,0.002541551169495104,0.0022263139561047966,0.0022481478632545198
2022-09-20,-0.005721033252665298,-0.007102394549607368,-0.005524954786349755,-0.005748836184443489
2022-09-21,-0.005484987223127929,-0.005835791494293837,-0.0055624995950922,-0.005693155020278331
2022-09-22,-0.007274769848253773,-0.008612306448122806,-0.006963699987948694,-0.007080796175910797
2022-09-23,-0.0051965462192897546,-0.007005400600641786,-0.0051357354456597025,-0.00543740087639779
2022-09-26,-0.0077772734895549915,-0.0097902442529845,-0.007472617110121714,-0.007801440499567213
2022-09-27,-0.0027934638397798524,-0.0036128608523139983,-0.0025260206661964044,-0.0025219840381303297
2022-09-28,0.01309937195923229,0.0159849415556563,0.012661919447511934,0.013096940086409036
2022-09-29,-0.009232323278505537,-0.010783878715318546,-0.009049091970830479,-0.009280842681139833
2022-09-30,-0.007043835697697221,-0.007537681023981809,-0.007002700054014495,-0.007053208419061224
2022-10-03,0.012720846044444246,0.015687625219870632,0.012376480323573972,0.01277119103578348
2022-10-04,0.011856267756125107,0.01427611997191492,0.011397626658408516,0.011820633704806743
2022-10-05,-0.0029675523409471247,-0.003936013355440268,-0.002886300455170494,-0.0029330460455900213
2022-10-06,-0.005074687988000558,-0.005979655808967262,-0.005010583610913882,-0.005035663628111428
2022-10-07,-0.011734154703118064,-0.013909965937332524,-0.011508688408786225,-0.011700342854228971
2022-10-10,-0.004319394550608856,-0.005708166396246438,-0.003946121198437113,-0.0041957954375238405
2022-10-11,-0.0016431336760716314,-0.0020426816320348803,-0.0015241252634802505,-0.0016510339617141483
2022-10-12,-0.0002650312901260498,-0.0002689250703855686,-0.0003136655865530946,-0.00031521206853124854
2022-10-13,0.008881909374586425,0.009598743869429193,0.008865654028079045,0.008983698266063347
2022-10-14,-0.009815742908982019,-0.011706896689446727,-0.009471270572270903,-0.009816344414787213
2022-10-17,0.009492238395026097,0.011456352410362962,0.009306655831467826,0.009491399434833578
2022-10-18,0.005178832217988031,0.0059282024238409455,0.005142513747122322,0.005192327007996382
2022-10-19,-0.005121781424070313,-0.006857021261217472,-0.004784630719212108,-0.004897929722571581
2022-10-20,-0.005383948158922182,-0.006060042637264802,-0.005236512027167349,-0.0052846628779404815
2022-10-21,0.009673470073166972,0.011141406370526193,0.009501028178705757,0.009857549585008592
2022-10-24,0.004603522853250003,0.004225164424031471,0.004791687414300744,0.0049030178887887205
2022-10-25,0.008851773626189989,0.010938136926341895,0.008508685976205653,0.008666804835764307
2022-10-26,-0.0018903713835104435,-0.0013417672186261387,-0.0021992146798213174,-0.002100105037488977
2022-10-27,0.0001523983547945061,0.00019638693938797333,3.541711588483102e-05,8.794498242644912e-05
2022-10-28,0.007766275537930339,0.00836268894833334,0.007890567091542613,0.007886582029704313
2022-10-31,-0.003851836818829258,-0.004731022171524575,-0.003602937894152459,-0.0038125274505587513
2022-11-01,-0.0020038425973309664,-0.0012588173466794189,-0.0022928541483351003,-0.0021566793803349574
2022-11-02,-0.009838737471353883,-0.011392144366243652,-0.009737012306438234,-0.009893900326338932
2022-11-03,-0.005111698510088184,-0.005680912479804722,-0.004993331245093411,-0.005091207057071125
2022-11-04,0.00389757769046391,0.005827621874747047,0.003470965771795389,0.004042449438251875
2022-11-07,0.002743473159223715,0.002643525773015948,0.0028665096657015674,0.002841200057433534
2022-11-08,0.0036656175689032105,0.00472629654143405,0.0035221010224080053,0.003650296655861673
2022-11-09,-0.006743082173102237,-0.007892067279212864,-0.006499025975834024,-0.006793152189887846
2022-11-10,0.02634016460770809,0.031459708314552484,0.02545734681061581,0.02603486999502011
2022-11-11,0.002783040427893779,0.00356484916198452,0.002557736763412295,0.0026915903260972805
2022-11-14,-0.0037615360264627988,-0.004434861001677562,-0.0035683648797592915,-0.003674752124716449
2022-11-15,0.005291140452013291,0.006496930473411095,0.004924012658347448,0.004979967191773196
2022-11-16,-0.0007756758396293955,-0.0008982590745879168,-0.0008094512113883223,-0.0009285496258087472
2022-11-17,-0.002822835332799908,-0.003579236660020719,-0.0025740573844706153,-0.002815340810442821
2022-11-18,0.0007900343945113065,0.0007149386941795214,0.0009241137036204533,0.0008641781088121023
2022-11-21,-0.0013616584767885298,-0.0017306188762263247,-0.0012870688176013756,-0.0013352182535626787
2022-11-22,0.0066262127957101135,0.007667533834049894,0.006395744299497332,0.006564341494373974
2022-11-23,0.003605957066061037,0.004631756716974942,0.003484885839051875,0.0034851503492256703
2022-11-25,-0.00021516796088072784,-0.0002644872419673266,-0.0001502531390720611,-0.00019811657620099314
2022-11-28,-0.005630090748150968,-0.006820883628082377,-0.005486091195087252,-0.005699713625361012
2022-11-29,-0.002065280645772075,-0.001817851652451477,-0.002158232546363214,-0.0020295039724866804
2022-11-30,0.014260831587097865,0.016687223539442967,0.013784730546775745,0.014252376418060465
2022-12-01,0.0023072748984944635,0.00352019598598217,0.0019821380521373565,0.0021406163856499457
2022-12-02,-9.999280275449104e-05,0.00014042308970355836,-7.40910781271026e-05,-0.00014280611450950506
2022-12-05,-0.009972515742289438,-0.011231367886078583,-0.010014586406384373,-0.010138628016450393
2022-12-06,-0.0039974534852179975,-0.004213541993287459,-0.004103604521448404,-0.004274290110298292
2022-12-07,0.0018350777595636469,0.002336754209716609,0.0017786784852122611,0.001673341388890223
2022-12-08,0.0013044818716560667,0.0014987342345042108,0.0015190004823627768,0.0015554942779158732
2022-12-09,-0.004895545670178626,-0.0055910246397831214,-0.004810807689156734,-0.004716751998451964
2022-12-12,0.005359225701416672,0.0057017021670151624,0.005402975713876639,0.005500003653701268
2022-12-13,0.005450371700348915,0.00640367039757331,0.005413056709208202,0.005499133196990712
2022-12-14,-0.0017715318518805405,-0.0019283563969472702,-0.001966417062834924,-0.0019476571713671182
2022-12-15,-0.008883426037240455,-0.009846465550253664,-0.009240023476371872,-0.009436796256700658
2022-12-16,-0.005247458942905144,-0.00592250785123209,-0.005220233250269608,-0.005287641668755747
2022-12-19,-0.0055499567669472765,-0.006376073412177382,-0.005583652690846151,-0.005515562112158377
2022-12-20,-0.0013847469541939323,-0.0018148832438918672,-0.0011370755608961483,-0.0010047183457544654
2022-12-21,0.006247927740667017,0.00700887279169483,0.006303300151112524,0.006404798180711784
2022-12-22,-0.005813822527940484,-0.0063967287921616505,-0.005952294458018279,-0.006047610019488557
2022-12-23,0.001175940613018335,0.001116405216388135,0.0012016591640149606,0.0013427600356906463
2022-12-27,-0.003797966498400731,-0.004470461806695936,-0.0037544888335650363,-0.003663962730472705
2022-12-28,-0.005413925402935121,-0.006300711663325972,-0.0055593631721664325,-0.00566670096522454
2022-12-29,0.008067770984356997,0.00935199259913694,0.008345172334181555,0.008393541782364988
2022-12-30,-0.0019207051552891433,-0.002438054437366859,-0.0019959769211099305,-0.0019234926582435215
2023-01-03,0.0004522531654614626,0.0009093604576850148,0.0005287152122473215,0.0003869920418417017
2023-01-04,0.004536936396889336,0.005817138343804025,0.004657385052342206,0.004620547847301174
2023-01-05,-0.004652499529556172,-0.0052655766170018785,-0.004836651201860563,-0.0048792659960160325
2023-01-06,0.01215794198556051,0.014171789846438635,0.012179909290922395,0.012340800427085075
2023-01-09,0.00035767493554878026,0.000722781944133148,0.0002581468550353136,0.00031310570274459975
2023-01-10,0.0009207293157594712,0.0008982621008110254,0.0010429832283964948,0.0010398144874000427
2023-01-11,0.006614791935916009,0.0077860556323626415,0.006293259527002609,0.006431410737855868
2023-01-12,0.003623797476918385,0.004689105050062552,0.0035820511702740797,0.003671546290787714
2023-01-13,0.00019173928616511264,0.00013255102434868242,0.00024232265320320553,0.0003215142254302922
2023-01-17,-0.0015968451095331427,-0.0018335070442529835,-0.001632432617610733,-0.0016134722951757264
2023-01-18,-0.0024458332508986457,-0.0022841575496947513,-0.0026261021134971396,-0.0026816766522202917
2023-01-19,-0.003160958610663754,-0.003558373295347126,-0.003130468235884019,-0.00310545221986545
2023-01-20,0.00522687483494726,0.005638662090246958,0.00534506868388043,0.005410242654219152
2023-01-23,0.003749083228324201,0.0040552479161299225,0.0037540126410822087,0.003745958363934795
2023-01-24,0.0011580165912910693,0.0014681098970614312,0.001139785258665486,0.001103129827392046
2023-01-25,0.0003572464357667175,0.0004859855081991616,0.00044825810264365767,0.00047321810353960806
2023-01-26,0.0031581896850853396,0.003500992268784342,0.003121366815840416,0.0031477736916638516
2023-01-27,0.0002952054627512999,0.00029774964770097037,0.00039945765270292836,0.0003120031632655509
2023-01-30,-0.005590225717525254,-0.006477130877432015,-0.005469909802627944,-0.005573666996368154
2023-01-31,0.007190099390263629,0.008169035293425568,0.006983928491546711,0.007108598538342858
2023-02-01,0.005711023102492711,0.006842098596555805,0.0058894020119276734,0.00586976774700725
2023-02-02,0.005096125986105823,0.005877662516116603,0.005495706230059121,0.00543619821088944
2023-02-03,-0.007049457328644023,-0.008434224821273895,-0.007788488168383986,-0.007721204221015324
2023-02-06,-0.0043194116589494146,-0.005314746162627794,-0.004950839341094802,-0.004814798421900503
2023-02-07,0.004689759701986349,0.005013439012366082,0.004712713168172412,0.004841046659021869
2023-02-08,-0.00313381344240411,-0.0035325395123578297,-0.0034278237459288994,-0.003441822077834096
2023-02-09,-0.004711854778283417,-0.005410652236393626,-0.005014737224742114,-0.005004937977624423
2023-02-10,2.487750870780811e-05,-0.0005243766733970861,-0.00039785977310856385,-0.00022991474145618704
2023-02-13,0.004911718696541263,0.0057046935660669314,0.005413315829012608,0.005336288980824142
2023-02-14,-0.0013783981449807022,-0.0015371269151997103,-0.0014671946048176187,-0.0014177375205982575
2023-02-15,0.0003897403253966122,0.00023552985493243892,0.0003205594547900691,0.00036522312887801516
2023-02-16,-0.006179674949265066,-0.007096496852522828,-0.006654747931382615,-0.006589622909013845
2023-02-17,-0.0001987072323410007,-0.00010475025867501736,-8.941061846007853e-05,-0.00012894263930170947
2023-02-21,-0.010398997137505769,-0.012251163948993159,-0.011399055711809216,-0.011256375884119832
2023-02-22,-0.00019847455750624188,-8.283102729870664e-05,-0.00010313417419139634,-0.00018545712524035263
2023-02-23,0.0030292838378270176,0.0038079245949327652,0.003299925617145262,0.0032896979199759425
2023-02-24,-0.005401727952361964,-0.006665682144102274,-0.0062260375034950705,-0.006093410606334029
2023-02-27,0.0020426144495318634,0.0025357598166901064,0.0023408749449367037,0.002291467062285001
2023-02-28,-0.0008953550683191462,-0.0010423439335715764,-0.0010217185373426801,-0.000980329379361355
2023-03-01,-0.00363216542901827,-0.003956100964020573,-0.00382862210063682,-0.003685338450927221
2023-03-02,0.0020749474536718208,0.002284004833197683,0.0021389849990169963,0.0021823820049843403
2023-03-03,0.00796416147235152,0.010019215224697006,0.008319030162476154,0.008470172854875061
2023-03-06,0.00013623735866240285,-0.0004316205502643837,3.78829658128576e-05,-1.120061042664917e-05
2023-03-07,-0.005195260802280913,-0.006952461645854645,-0.005769085112749238,-0.005986731054085123
2023-03-08,0.00039328276024541665,0.0005511850238712051,0.0005173027437447092,0.0004648803760866734
2023-03-09,-0.005224866363794274,-0.006253463492399353,-0.005690578394380749,-0.005865759942107211
2023-03-10,-0.0008049087134084137,-0.0004199411351023845,-0.0012994433599700754,-0.0014337229329858844
2023-03-13,0.002049945216495302,0.0029458304159036166,0.0021754257169949967,0.001959563162872988
2023-03-14,0.004037367939749456,0.004486271982833495,0.004645723147063447,0.004667271161280063
2023-03-15,0.0017672032930072764,0.0017002431266836496,0.001246447948417266,0.0009204720952380192
2023-03-16,0.004425376708869318,0.005188991403301214,0.005051566682226651,0.005171425203045262
2023-03-17,-0.0015652717371093467,-0.001407382358283465,-0.0017797912757172322,-0.0019928513858698278
2023-03-20,0.002528508524840135,0.002917294559371135,0.0028429061837018893,0.002976692488367904
2023-03-21,0.0028506139760880542,0.003288201633326796,0.0031988478480719272,0.0033529276718158195
2023-03-22,-0.003292889675575344,-0.003264469775776004,-0.003548823357762165,-0.003701553927117001
2023-03-23,0.0025596220838822042,0.0030878873994973372,0.0026979424991770405,0.0026084918876102202
2023-03-24,0.0026315079891427637,0.0028912569454548663,0.00249787364293269,0.002531251449175776
2023-03-27,-0.0024767995990716556,-0.003245214885342448,-0.0024577510750816,-0.0021578038484317014
2023-03-28,-0.0013782696926711436,-0.0011606116512041815,-0.0012351761524436106,-0.001223056710898679
2023-03-29,0.005191268630775001,0.006247647006676029,0.0055393090963017115,0.005597174139242459
2023-03-30,0.0022422996903058504,0.0033044991855997264,0.002514116858150759,0.0025932314341139463
2023-03-31,0.006815583822201767,0.008198432886245808,0.006918725038306335,0.007059118730460081
2023-04-03,0.002844177923475926,0.0032596978812251434,0.0027546198081431217,0.0029248552963214206
2023-04-04,-0.0005079980991846988,-0.0003327989255312114,-0.00025531338233984215,-0.00015786173717655176
2023-04-05,0.00015902480398627595,-2.6886403665103486e-05,7.445744770529014e-05,0.00011991745847394583
2023-04-06,0.0015576269334289902,0.0018428845549026465,0.001666978558273764,0.001639309006701843
2023-04-10,-0.002217385647636167,-0.0025588188223075745,-0.0025098066597123033,-0.0025337453056008393
2023-04-11,-0.0002684246778939316,0.00014028520151832783,-0.0001626506102658285,-0.00011852287680102652
2023-04-12,-0.0009699813566997156,-0.0009650451214558553,-0.0009190907779739746,-0.0007890858709702554
2023-04-13,0.004479764718260748,0.005151649127808005,0.00488159937713925,0.004789210629925221
2023-04-14,-0.002082113461716438,-0.002787951496045856,-0.0024429173174547836,-0.002437966851380946
2023-04-17,-0.00020859322383756868,-0.00046689585686105937,-0.0004784891511493924,-0.0005939808867024637
2023-04-18,0.0007171976146347518,0.0008517089103751373,0.0008632119880477644,0.0008732471697698674
2023-04-19,-0.0005005193184778235,-0.001053750183244614,-0.0006423537928098764,-0.000677044488573514
2023-04-20,-0.0001756874054425875,-0.0004808587351053233,-0.0001714966988635232,-0.00021118036864984724
2023-04-21,-0.00037662385886893553,-0.0005199982264249057,-0.00045422137385985316,-0.0004009277953187806
2023-04-24,0.0015203632145300598,0.001993639670060297,0.0017233759267929508,0.0017984312340120412
2023-04-25,-0.003054236129646111,-0.003906158577531126,-0.003286469177027286,-0.003197539811674001
2023-04-26,-0.002317224557688866,-0.003184526609355365,-0.002423686337689345,-0.002598300780040874
2023-04-27,0.005940983276674383,0.006755407046916243,0.0062148138454431595,0.00610475057940394
2023-04-28,0.004896521561890934,0.006144775710308076,0.005261415769837363,0.005341089658046805
2023-05-01,-0.003072098966977283,-0.0043268005802669434,-0.0036094167307451274,-0.0036778251273018726
2023-05-02,-0.000508659444147133,-0.0011056322189333496,-0.000329158582380836,-0.0003348226616181664
2023-05-03,-0.0007285590436139967,-0.0011307173348996207,-0.0006259116339959868,-0.0006938685807651142
2023-05-04,-0.0029485392123583636,-0.003143906198955394,-0.0029456071169666207,-0.002980863883834585
2023-05-05,0.005337444489474638,0.0067864891537327944,0.005524361553280093,0.005560141894365319
2023-05-08,-0.0015374038434398257,-0.0018719823899486046,-0.0016529022613026429,-0.0016396764084745216
2023-05-09,-0.002073953613339726,-0.002374804137111434,-0.0022201501323617116,-0.002199990535722216
2023-05-10,0.00370861806158543,0.004469520810879376,0.00395335108420388,0.003987844085902174
2023-05-11,0.0008016051634972675,0.00048488935612061375,0.0005698847746713028,0.0005284787556302631
2023-05-12,-0.0017261712992118123,-0.0025728586754165533,-0.002053143173658618,-0.0020009515348081656
2023-05-15,0.0005752323052278844,0.0009888496385201903,0.0007232866256587124,0.0006595401071656631
2023-05-16,-0.003191744297326868,-0.004271503300869254,-0.0034785643207893816,-0.003513447658693112
2023-05-17,0.003514299292462608,0.004521685229963861,0.0036265789452838305,0.0037049886790591446
2023-05-18,0.0025303900854177267,0.002357317815699059,0.002400910523179701,0.0025246991037052367
2023-05-19,-0.0014597299279541895,-0.001741149176020618,-0.0013762477574968787,-0.0013421573325553974
2023-05-22,-0.000509073417390926,-0.0001532863149395574,-0.0004730849848130816,-0.0004829459746520377
2023-05-23,-0.004283717651518358,-0.004772819299940802,-0.004565150256423378,-0.004582156714448155
2023-05-24,-0.0035323914859168373,-0.004342629027991193,-0.003862423417785503,-0.003909144072990244
2023-05-25,0.002179688140952331,0.0018727447131031028,0.002155406141929076,0.002273243094349647
2023-05-26,0.005243862610815607,0.006743763754924468,0.005725143710564317,0.005828100584877909
2023-05-30,0.002565714019065621,0.00243835557306739,0.0027140653969576233,0.0027791179066433535
2023-05-31,-0.001045059401964776,-0.0014906119519764362,-0.0011141910805279147,-0.001099052007598553
2023-06-01,0.003994887864758429,0.005265313704795137,0.004555280655437253,0.00453860753681873
2023-06-02,0.003757846374953628,0.004684377230717959,0.003466579260447285,0.0034917418799103486
2023-06-05,-0.000789988986806279,-0.0011271235090714012,-0.0007759679076064235,-0.0007788030897735379
2023-06-06,0.0009175473058709373,0.0015406813479835776,0.000980183051660139,0.000957929678233764
2023-06-07,-0.00396787788655866,-0.004200330049166606,-0.004397267609371096,-0.004428306304609453
2023-06-08,0.0044748962285720405,0.0049706624231916005,0.005092298651766084,0.0051123300549981415
2023-06-09,0.00010505858643798709,-0.00021973122128413926,1.5327916667379953e-05,2.5399035722144432e-05
2023-06-12,0.004792489725679256,0.004570075842969493,0.004878693500629794,0.0048816739979235186
2023-06-13,0.0005178689643989847,0.0008464027468943339,0.0004398662650469953,0.00040893207786143386
2023-06-14,0.0007844478901698074,0.0010131292929180704,0.0010631709375141399,0.001025537451636046
2023-06-15,0.006910186771608915,0.008139797869715512,0.007358475725196529,0.007314574508991742
2023-06-16,-0.002771520304924868,-0.002900710549847454,-0.002913444057416348,-0.002874957652499374
2023-06-20,-0.0012937729804640653,-0.0017124642017193842,-0.0015184698373415218,-0.001524748459868225
2023-06-21,-0.002292930109697006,-0.002215204907401059,-0.0023434897099745946,-0.002424026490173589
2023-06-22,0.0007767895695168073,-0.0003521452428695727,0.0004668142017503971,0.000505121541334529
2023-06-23,-0.0018836907381733865,-0.002289599321865538,-0.001963677437925706,-0.0019235884816164663
2023-06-26,-0.0013776117200341924,-0.0009631491545477515,-0.0013084096923647438,-0.0013397601167221948
2023-06-27,0.003922662887277877,0.003968604880982412,0.004051206209222449,0.004058454967989565
2023-06-28,0.001304449012993971,0.0017339888115284036,0.00131274631606628,0.0013621390017360395
2023-06-29,-0.0011223947502926588,-0.0015710620632586416,-0.0015325970955417413,-0.0014470419467433816
2023-06-30,0.005397784637489514,0.006227308673424086,0.005820576895682467,0.005833265745966852
2023-07-03,-0.0007359406422069298,-0.0007369301270083226,-0.0007818957963704088,-0.0007934669076834345
2023-07-05,-0.0025392491365286885,-0.00252149683705212,-0.0026061891988338,-0.00245309720255463
2023-07-06,-0.006300720389409669,-0.006805546443853904,-0.006651554856416881,-0.006426838901504584
2023-07-07,-0.001580439162467377,-0.0014846470430048585,-0.0015136906321900421,-0.001493748653701511
2023-07-10,0.002780728592129227,0.0029654764857833214,0.0028590448283096143,0.0027949254158128383
2023-07-11,0.0033041226906208353,0.0038575496843181126,0.003538396473880834,0.0034124362961848445
2023-07-12,0.0065519608649149625,0.007146241013805225,0.0069372966781831875,0.006765127214192526
2023-07-13,0.005763509482746179,0.0064396534601452666,0.006078731536169357,0.005955017833189685
2023-07-14,-0.0018747355662741623,-0.0023083855782154673,-0.0019525140025156958,-0.0018075664404948943
2023-07-17,0.0022888615949033216,0.0020858132523971073,0.0023022835399604804,0.0023140863970869813
2023-07-18,0.0037652012739332647,0.004066179718099259,0.0038229084774741772,0.003872740714011881
2023-07-19,0.0018919765840597904,0.0022872100458368066,0.002068500383699531,0.00196209007129816
2023-07-20,-0.0053034302329903775,-0.005616317197831188,-0.005581806889764263,-0.005490093847535559
2023-07-21,0.00022824606897314586,0.0004516113392293575,0.00021555969715193765,0.0001686467833505588
2023-07-24,0.0007859428345724328,0.00113514288155187,0.0008820996975328526,0.0008281666009099235
2023-07-25,0.0007071704474347539,0.0006400119508590068,0.0007540652620738484,0.0007935962499197605
2023-07-26,0.001356839219406233,0.001402713228190643,0.0014528782334021276,0.001370984293354594
2023-07-27,-0.006081516553241156,-0.006799789095546602,-0.006545754415907156,-0.006291960640209532
2023-07-28,0.005571129335300942,0.0058311349536660645,0.005840748868411278,0.005700869913454829
2023-07-31,0.0011940884754646833,0.0014667267105097845,0.0013499474462618157,0.0013370324683494902
2023-08-01,-0.003232337665681757,-0.003677695276819176,-0.003475576869079542,-0.0032720992325861744
2023-08-02,-0.006434198821371274,-0.007171628155290757,-0.007067796729134948,-0.007165345210168931
2023-08-03,-0.0035892268794013617,-0.004195912710435962,-0.0034197447711968297,-0.003287599965260908
2023-08-04,0.0011188764953865738,0.001880328517598475,0.0009958503522527584,0.0008873708361618951
2023-08-07,0.003029987391662134,0.0029265553709421255,0.003208737437683988,0.003236176469841826
2023-08-08,-0.00034335543112625427,-1.952606168615582e-05,-0.0006348856711122217,-0.0008545436736971863
2023-08-09,-0.003001331488715871,-0.002706824073435617,-0.00298340799636633,-0.0030847618879424636
2023-08-10,-0.0017711555732626296,-0.0025728312810118126,-0.0017879233304223066,-0.0016390478938980086
2023-08-11,-0.0017265129860616953,-0.0019720253478341327,-0.0018125996546444294,-0.0018455842784684756
2023-08-14,0.002198955540480585,0.0019345895491808007,0.002088052745723611,0.002080467530306427
2023-08-15,-0.005394420202983367,-0.006053528615926862,-0.00585874396862374,-0.005835795554563501
2023-08-16,-0.004097079953027447,-0.004739680482597815,-0.004454925038040809,-0.00445750162990963
2023-08-17,-0.003859179155019734,-0.004030650470800732,-0.003940335589759571,-0.003938472265663023
2023-08-18,0.0008923460475197961,0.0013124951556319864,0.0010100594667406735,0.0009136489665160007
2023-08-21,0.0012998718616520544,0.0006377809511585902,0.0014107495577242006,0.0016336489755141078
2023-08-22,-0.0009420678551758011,-0.000730102605938468,-0.0009732333219856329,-0.001079581058293013
2023-08-23,0.008128247317274212,0.009242813730108424,0.008436124879723342,0.00840216593032705
2023-08-24,-0.007049981395017706,-0.007356778259015513,-0.007277944842104396,-0.007443922259335352
2023-08-25,0.002919320463970706,0.00320292722922013,0.003161004746395357,0.003141527939835662
2023-08-28,0.0035875547898827262,0.0038414612983759607,0.0038012735711567213,0.003847620588788798
2023-08-29,0.008278661083814164,0.009085771387697427,0.008728563705799448,0.008792979039756234
2023-08-30,0.0016734914117136177,0.0017131325756697755,0.0017346593366792285,0.0017600217311488644
2023-08-31,-8.539439844510852e-05,0.00016067777747201298,-0.0001358934370676645,-0.00029185715735681526
2023-09-01,-0.0009898147551541106,-0.0012134527098473236,-0.0006361306874708484,-0.0006259550901964821
2023-09-05,-0.003885904549421991,-0.004296322305517704,-0.00385099100850234,-0.0038928002986195385
2023-09-06,-0.003929811971496641,-0.003955526471048355,-0.003963532883508137,-0.00396872302649402
2023-09-07,-0.0002321251386693866,-5.1375376940156594e-05,-0.0005099289646336414,-0.0005968194148198107
2023-09-08,0.0007198628665184073,0.0007469637139580602,0.0007376843305311431,0.0007035178656574216
2023-09-11,0.0024803230710433266,0.002437521767117016,0.0027130227266714438,0.0027792565197685974
2023-09-12,-0.00232183685713543,-0.0021680068756972297,-0.0023141883551273663,-0.002343648877231738
2023-09-13,0.0010132630178048675,0.0009273258250290116,0.0009571763898444906,0.0009032384241687497
2023-09-14,0.003257961493628042,0.0034982242940007693,0.0035345343884442258,0.003477721293754806
2023-09-15,-0.00605539851471066,-0.0062990787734751,-0.006111512944995823,-0.006088235225758663
2023-09-18,0.0006809728875130261,0.0006415827128135299,0.0006378784851472352,0.0006526060940263348
2023-09-19,-0.00194417622499202,-0.0021823655123578206,-0.001910664652660636,-0.0018734577497055962
2023-09-20,-0.004165165467196531,-0.0042536158183620575,-0.004404342861201534,-0.004462500121545552
2023-09-21,-0.009314019672614443,-0.010367165554487866,-0.009333925572068712,-0.009223114117413504
2023-09-22,0.0004489906806372585,0.000548873551850472,0.00039875550595076326,0.00025878945410211934
2023-09-25,-0.0001419296727271282,-0.0007201512040356855,-1.859035167977777e-05,5.017288008393484e-05
2023-09-26,-0.006699921698127735,-0.0070358087654939,-0.006859951849882659,-0.006889088518193648
2023-09-27,-0.001303740434702201,-0.0014936083414678117,-0.001049633020381775,-0.001044478797963936
2023-09-28,0.003197821879536936,0.0034257751079246816,0.003187057658187919,0.003254296790293555
2023-09-29,-0.0012354759061978437,-0.0013459038574149271,-0.0014012830896459004,-0.001419316070932198
2023-10-02,-0.002471834685960022,-0.003265125453845062,-0.00257030725455066,-0.002647464517439214
2023-10-03,-0.008390904995572664,-0.00912657000013306,-0.007970732467604314,-0.007937745496339205
2023-10-04,0.004347881776509823,0.004851425156941557,0.004055614961921693,0.004196918322106578
2023-10-05,8.930068135039543e-05,0.00015098266445582153,-2.4307941981950554e-05,9.33524923613167e-05
2023-10-06,0.0037756733700470032,0.003508559538449499,0.0036404185460583985,0.0039093955065434335
2023-10-09,0.007258097582957655,0.008028048978381464,0.006806786815712675,0.006608570363208058
2023-10-10,0.0015200947198677748,0.0015151940669354883,0.0013832810302734882,0.0015477651655026717
2023-10-11,0.003024606365097348,0.0036581525235735357,0.0026934509315571804,0.002778130785050642
2023-10-12,-0.005034847148822234,-0.0058165888542963395,-0.004550890072461285,-0.004661464005530741
2023-10-13,0.0007543847985589669,0.0011097953011229606,0.0002489464401992177,0.0001457325777280048
2023-10-16,0.002518267218214672,0.002323097181963537,0.002633334441432479,0.0028287132206035923
2023-10-17,-0.0028348591014526717,-0.0032473172971288437,-0.0027259127095333536,-0.0026504057912035395
2023-10-18,-0.006483958037078742,-0.006998336726606333,-0.00629384589121716,-0.006421604094339634
2023-10-19,-0.004588141158402308,-0.005286370933436964,-0.004438729571019274,-0.0043598675338656695
2023-10-20,-0.0036476327519131603,-0.0035139246754707166,-0.0037768072409707617,-0.0038406451605767474
2023-10-23,0.0004788446928241857,0.0006196807820096267,0.00038848922538638425,0.00038645341137904425
2023-10-24,0.0037374042266933617,0.004118106840541546,0.0034730299966814863,0.0034740394065984714
2023-10-25,-0.008240763736956815,-0.009032278596131059,-0.007941522177508705,-0.008020197094172241
2023-10-26,-0.0033371406779297147,-0.0026927478529150395,-0.003621348423587854,-0.003810268976992165
2023-10-27,-0.0009008186975531527,-0.0011261787393130789,-0.0009386851951946771,-0.000904621898192404
2023-10-30,0.0036547341976346827,0.0035959921533025717,0.0035991587656732773,0.003931795263161383
2023-10-31,0.0020555846483836515,0.0021665774620870147,0.0021603449848203427,0.0020127122925024956
2023-11-01,0.008150970844111956,0.008803071224045042,0.007825307205367681,0.0077412432398733045
2023-11-02,0.0097578948303212,0.011005177768433277,0.009485732559288416,0.00963549576995568
2023-11-03,0.0058380113781410095,0.006613158900392959,0.005397259215426998,0.0056976618018217
2023-11-06,-0.0006797397225743489,-0.0011693437092689073,-0.00046980747412319766,-0.00042381193737241153
2023-11-07,0.003273767677175262,0.003101438683895038,0.002957903195743869,0.002764746870482607
2023-11-08,0.001459644794090374,0.0014633135575952173,0.0012504181406158606,0.0011594988182357753
2023-11-09,-0.005709814713161196,-0.006583536176663551,-0.005502873619240596,-0.005522876449016899
2023-11-10,0.006851772632517023,0.00725328277222126,0.0069321472371623016,0.0069598069018972355
2023-11-13,-0.0006197724490046982,-0.0005228384527538794,-0.0004822093465671604,-0.0004604548260345088
2023-11-14,0.011784068096664659,0.013643434219878778,0.011001597834649532,0.011471829280876849
2023-11-15,-0.0012096354962466444,-0.0015829201093145902,-0.0012493426734724862,-0.001181292070966962
2023-11-16,0.0035218099665289843,0.0032382981122614767,0.003008345021318653,0.002908145431111386
2023-11-17,0.00043849166841768606,0.0008826535957752478,0.0004903732622527708,0.0006222897448607661
2023-11-20,0.0033781226512475788,0.0038164914360261037,0.003474450189326601,0.003551148727153754
2023-11-21,-0.00021982824487558615,-0.00034479187436823537,-0.0001582828545538214,-0.0002072988474428763
2023-11-22,0.0017828910788805932,0.0018136924102007315,0.0016262429076623537,0.0015332006462454157
2023-11-24,-0.0011712343055446037,-0.001397853603026862,-0.0013232843988450465,-0.001081017943951701
2023-11-27,0.0014724262733354988,0.0017198285700870445,0.0012178918049546806,0.001179585808592583
2023-11-28,0.0017686687866162942,0.0021013092984982673,0.0017665224102302666,0.001871295161672882
2023-11-29,0.0012248363211544257,0.00172614774898134,0.001194164892210017,0.0010726276647994297
2023-11-30,0.0006041473014578312,0.00024275118842138836,0.00042112311640304733,0.00037980694030825753
2023-12-01,0.005326546720583725,0.006308508039214837,0.004861958844708759,0.00487390767675059
2023-12-04,-0.003810620925488604,-0.004017328222862618,-0.003998613956032794,-0.004040422241984826
2023-12-05,0.00211166928395992,0.002210669986844459,0.002020600489666671,0.0020319871858477485
2023-12-06,0.00011094932480283225,-0.00026501715763289956,6.364882109255758e-05,2.6103662714497297e-05
2023-12-07,0.0028647985183994588,0.0028604265534497896,0.0029516534187655156,0.0029321497578056847
2023-12-08,-0.00023792633205840628,-0.00027368069033946256,-0.0003641934418020929,-0.00035763321984737527
2023-12-11,0.0016203553072365931,0.0016084173152065612,0.0016773580680158346,0.0016433130695045603
2023-12-12,0.0030924850707992986,0.002733612753517285,0.0031239227414921987,0.003122700504941423
2023-12-13,0.010425393985957265,0.011525055876215076,0.011075378903548472,0.010859428916242912
2023-12-14,0.003102453493171025,0.004140744593017649,0.0035225798444434094,0.0032960992158305577
2023-12-15,-0.0010363862486770345,-0.0011423498713108912,-0.0011975473222954457,-0.0011306535505522658
2023-12-18,0.0017956463910753578,0.0018328443350152162,0.0017873342011392236,0.00181754480590508
2023-12-19,0.0030504705946399757,0.003413976514134396,0.003255571664537351,0.003159489698635341
2023-12-20,-0.004473426540867188,-0.004605410592011732,-0.0047070339939187765,-0.004611482019465002
2023-12-21,0.0039011694241567418,0.003929234951396953,0.004159834915274791,0.004061882535467274
2023-12-22,0.0006812255924300918,0.0005998642874800871,0.0006841840645711301,0.0006691778112434983
2023-12-26,0.0018750180008238265,0.0022368746497015385,0.00203159250078945,0.0019587613601118143
2023-12-27,0.003214972056106271,0.003413967477685768,0.003346188806836763,0.0032536417029572977
2023-12-28,-0.0008016243931222782,-0.0011504306654208391,-0.0007981399423460618,-0.0008219399845877432
2023-12-29,-0.0017867830701474852,-0.0021384022400801916,-0.0019682766080486185,-0.0019047241047541873
2024-01-02,-0.0034831680086909247,-0.0037249828351835807,-0.0036167509779502106,-0.0035738215169670772
2024-01-03,-0.003286709162484194,-0.0031138451727581195,-0.003485092269245432,-0.0036448613470829753
2024-01-04,-0.0032712722478275788,-0.0033818157563712866,-0.00336574510362114,-0.003258685191948351
2024-01-05,-0.0007705250864195066,-0.0005321945062894916,-0.0008052927102298313,-0.000748903805254651
2024-01-08,0.00797732179488787,0.007548258272199574,0.008200218115626837,0.008237426787989928
2024-01-09,-0.0008810915131001913,-0.0007554232658031385,-0.0009992155403993766,-0.0009753200043810999
2024-01-10,0.0022215727150773244,0.002044217592194003,0.0022306725461929753,0.002312748386735908
2024-01-11,0.001523477304612264,0.001661317875133639,0.0015190451175876943,0.0013990308115012385
2024-01-12,0.0011953092554976177,0.001415313333931347,0.001219774883111219,0.0011751506950949855
2024-01-16,-0.004301683959033894,-0.004559068476240318,-0.004519294336114291,-0.004421104685071574
2024-01-17,-0.0037678860918958982,-0.0038427554037657645,-0.003934986213264028,-0.003889574392489224
2024-01-18,0.0032861559682800558,0.0035233103357202944,0.0033546867113008337,0.0033862533248968057
2024-01-19,0.005676709084139786,0.00557980817616965,0.005878796253458772,0.005913946013889834
2024-01-22,0.0019717338580394514,0.0019188438825267359,0.0020343157545150287,0.002059960150333125
2024-01-23,0.0003082038296253354,0.000494320982137283,0.00031125009162933303,0.0002845034884519168
2024-01-24,-0.0007515187535499272,-0.0005036382585223267,-0.0007613739397079615,-0.0007448034079811822
2024-01-25,0.003868913153492881,0.004192229845550713,0.003960477651578828,0.0038840745753492205
2024-01-26,-0.0012015583582335814,-0.0011081629945891567,-0.0012374770992008535,-0.0012332755231073906
2024-01-29,0.00563674849797631,0.005588125713748319,0.005786729364209372,0.005743103673135491
2024-01-30,-6.105895186876794e-05,7.321747950679626e-05,-0.0001470822774267561,-0.00018425907994819643
2024-01-31,-0.004277444918627765,-0.004665465037766355,-0.004450407668417713,-0.004666495934198897
2024-02-01,0.00822523350553527,0.008043233585532075,0.008468349516832287,0.008439186064151463
2024-02-02,0.0011480405366789232,0.0002894720492965019,0.0009485593086207003,0.001198706150722461
2024-02-05,-0.004530277652898122,-0.0049389306407325185,-0.004846439443763738,-0.004683386003253638
2024-02-06,0.0025846486973839194,0.0032594289596330926,0.002970589576659955,0.0028220017636388195
2024-02-07,0.0030791838307630357,0.0030680710065469725,0.0030883700564750104,0.0031396129285319735
2024-02-08,-0.0012636209577098591,-0.0009389660116825163,-0.0012539298615251216,-0.0011776535059635433
2024-02-09,0.001898849534743686,0.0020107093401117576,0.002028115176024619,0.002088243612721963
2024-02-12,-0.00015357806183077558,4.700505014490959e-05,-3.6958498486978374e-05,-5.216925707297361e-05
2024-02-13,-0.009240493318131619,-0.010146866111111983,-0.009868900551343858,-0.009726209107905413
2024-02-14,0.0052749113053502175,0.005490493843415778,0.005615569388766146,0.005575590128137734
2024-02-15,0.0035601109030647567,0.004253849918615403,0.003883160072601166,0.003838044724614991
2024-02-16,-0.00375176014042298,-0.0035908154821635155,-0.003899920767752106,-0.0038731882034568673
2024-02-20,-0.0013697332914974372,-0.0016354973437133081,-0.0014370996867483256,-0.0014979438945828206
2024-02-21,-0.0007757623083022777,-0.0007026892770075319,-0.0008103807894766551,-0.0007882839855798771
2024-02-22,0.00928933864029186,0.009516607569141985,0.009595602071097317,0.009640150291656555
2024-02-23,0.0020363878506537785,0.001916739418135811,0.002121528117727041,0.002039569421736706
2024-02-26,-0.0021910956710892377,-0.002346271045221253,-0.002308613717400273,-0.002249629008848445
2024-02-27,7.071242406109049e-05,0.00019951703151723115,9.644300210261174e-05,0.00015625970311166908
2024-02-28,0.0005584833206316599,0.00046500866748130725,0.0004997537388935001,0.000433874592943568
2024-02-29,0.002259219231268101,0.002460938678794233,0.002432349979892035,0.002411066119464866
2024-03-01,0.0054481856313488,0.006180183633500515,0.005787681847343673,0.005725747162124863
2024-03-04,-0.0009874005895284515,-0.0009686629480997176,-0.0011378478529356223,-0.001042978187360058
2024-03-05,-0.0024108616483402845,-0.002355587869720104,-0.002480265449384997,-0.0026393611491078795
2024-03-06,0.003154842203784736,0.0033517514549747792,0.003306678669216017,0.00330507981333622
2024-03-07,0.005082321403602231,0.005112466930054566,0.005172182346766594,0.005241867501025869
2024-03-08,-0.0021899324485541547,-0.0022597959560154597,-0.002260357315037612,-0.002373506001694559
2024-03-11,-0.0009203042183261335,-0.0007950649259557939,-0.0009790129686281126,-0.0009749138427396411
2024-03-12,0.003531058837584042,0.0033882871584500415,0.0035918471914927154,0.0036354397916428627
2024-03-13,-0.0014372076183783275,-0.0012826679925551582,-0.0015693907899788243,-0.0013584387749868846
2024-03-14,-0.003354154952793968,-0.0034931750055653583,-0.0035734051113102006,-0.0033937213479516538
2024-03-15,-0.003610572791311076,-0.0035603327386939053,-0.0037348106573497405,-0.0036818987284448768
2024-03-18,0.0022755590850094733,0.0023806221472112356,0.0023530971146956113,0.0023719275477185105
2024-03-19,0.003588442427233031,0.003615846308075576,0.003640177925398348,0.003549053543553585
2024-03-20,0.0052234298517388165,0.005179385561245218,0.005306806049724442,0.005359611592423146
2024-03-21,0.001690226360624133,0.001696265292868442,0.0018622764432171183,0.0016344075835382328
2024-03-22,0.0006947126732393775,0.000703439915476551,0.0006667175387527289,0.0005019989207760499
2024-03-25,-0.0022829908291771023,-0.0022152870995406637,-0.002320719578548913,-0.002162300374846394
2024-03-26,-0.00021312709414594123,-0.00030003750080931347,-0.00021099940556963115,-0.000274585301820588
2024-03-27,0.005347375393632421,0.005454341417578185,0.005591252613684683,0.005394096277608151
2024-03-28,-0.0003574145668723997,-0.00018505540154783111,-0.00031527768681039034,-0.0003288478997877101
2024-04-01,-0.003504171191671706,-0.003657096116581327,-0.0037114616222643135,-0.0034377295949010326
2024-04-02,-0.0033739421689900455,-0.0034903135895132924,-0.003304795375172421,-0.003492140386499847
2024-04-03,0.0009541900441769233,0.0009841226764055234,0.0012094956776077604,0.0011152582806997118
2024-04-04,-0.004769413021719672,-0.004573542692621324,-0.004859440337450245,-0.00491916045617836
2024-04-05,0.003191035976631751,0.002811860926474859,0.003327061101820245,0.0033624219705813622
2024-04-08,-0.0001368235926683353,-0.00020142064681249943,-2.6455565188155273e-05,-2.3723149074149417e-05
2024-04-09,0.001804358048271234,0.002045520562601841,0.001926415893052915,0.001808886947546777
2024-04-10,-0.008567833819073438,-0.009243685334714164,-0.009020695827664921,-0.00897150350434134
2024-04-11,0.0033273465340578085,0.003224442752570322,0.0034887275971988135,0.003472403115286572
2024-04-12,-0.005171115026147912,-0.004980911217358373,-0.0054619128390744134,-0.005629382007769093
2024-04-15,-0.007244002854363503,-0.0076391422056871165,-0.0074194354218008775,-0.007402886936288241
2024-04-16,-0.0021453761739912928,-0.0023477805178944277,-0.002409226861717321,-0.002246718597888968
2024-04-17,-0.001018045986179603,-0.0006856031296928902,-0.0012565063932729954,-0.0013381824102180395
2024-04-18,-0.0017373199002673008,-0.0019050047542473409,-0.0017829465530064849,-0.0017991172304038584
2024-04-19,-0.0033425364562196525,-0.0032556384969006347,-0.003344310008080825,-0.0034517179792749736
2024-04-22,0.004163778415907432,0.004143352830181451,0.004184429763074205,0.0042939065445868315
2024-04-23,0.0057772264304581785,0.005818515520299787,0.0060662054416306035,0.006139629928875007
2024-04-24,-0.001190196273862825,-0.0013741791769283592,-0.0012250699366246807,-0.0011644780156926018
2024-04-25,-0.0028661878610017825,-0.0030709350371256965,-0.002872277204559796,-0.0028362560746180475
2024-04-26,0.005479065854183027,0.005628821153177942,0.005646267780652215,0.00548476684139594
2024-04-29,0.002717587077763466,0.002947723859723156,0.0028451011881609023,0.002802268908075202
2024-04-30,-0.008953234500215393,-0.009203342603029257,-0.009500026419747308,-0.009390576981977308
2024-05-01,-6.967282798158781e-06,0.0002066484439005768,-0.00014002241021224762,-0.0002149269116283155
2024-05-02,0.005749691248593985,0.005958737254172999,0.005877657530845201,0.005608624361649913
2024-05-03,0.007276269999746264,0.007602592041172817,0.007301073994659371,0.007153668550237002
2024-05-06,0.00520485334822759,0.005292247639814546,0.005442799069612415,0.005278087344678574
2024-05-07,0.0012720134112913025,0.001446121522154641,0.0011465964162541236,0.0011497779697820505
2024-05-08,-0.0008769180937184462,-0.0010567291668277111,-0.0008215057080133428,-0.0007142592212682619
2024-05-09,0.0034257174170529516,0.003593653896933282,0.0035575598934920625,0.0034072867982680873
2024-05-10,-0.00035017093947059416,-0.000536105727878915,-0.0003349471588658743,-0.0002685271851946433
2024-05-13,0.00046261974161610495,0.0005386046614485585,0.0004787962152465073,0.0003584083368061244
2024-05-14,0.002851966323928334,0.00302862484445112,0.002911465873885842,0.002853596516653114
2024-05-15,0.007809987325291441,0.008251799764846881,0.008022474397882593,0.007749755599192976
2024-05-16,-0.0015134214208800407,-0.0015867244733260694,-0.0015204363153068765,-0.0015335845370105516
2024-05-17,6.417048374924921e-05,-0.00013541538034684503,0.0003833368536584274,0.00021193213970164973
2024-05-20,0.00037495293697782894,0.0002831553617761534,0.0004538142737390834,0.0004180450073486158
2024-05-21,0.0016208247055084647,0.001779768263577142,0.001562370215122352,0.0015596059790180927
2024-05-22,-0.002094411052901595,-0.002114274931027068,-0.002323394897693819,-0.0021239898862826173
2024-05-23,-0.004457524271993254,-0.004665568115034505,-0.004621313327250478,-0.004448946964645616
2024-05-24,0.003585210092569724,0.003670819514335017,0.003719296940822635,0.0036352462252294193
2024-05-28,-0.0010828146125041885,-0.0014770842312946267,-0.0007144302819241314,-0.0008032345034622699
2024-05-29,-0.004781270911210574,-0.005118525112615336,-0.00494433103496979,-0.00472754639359348
2024-05-30,-0.0015329819741175341,-0.0012301065089563537,-0.0017632352479124832,-0.0017251101835256857
2024-05-31,0.0055008732112887485,0.005747952276035018,0.005239432500511883,0.005248712423062986
2024-06-03,0.0018303185295031118,0.002282190759758097,0.001749486901204272,0.0016506340711495854
2024-06-04,0.0017460366268949319,0.0020905896224398153,0.001855143701154784,0.001591042385312379
2024-06-05,0.006570443906377075,0.006792630178482874,0.00691518437993897,0.006901271926427093
2024-06-06,4.455393979936579e-05,8.649264394336805e-06,-6.74687452309186e-05,4.276280363092969e-05
2024-06-07,-0.0036859276518703766,-0.004285283859118266,-0.0042336045508989525,-0.004147595021683683
2024-06-10,0.001151326116188773,0.0009839366491151116,0.0009392377072188095,0.0010252264541174452
2024-06-11,0.002367979011793784,0.0026860843189649404,0.00250805333284884,0.002331383496945862
2024-06-12,0.005484021364325911,0.005767373382118051,0.005797828625171596,0.0057103871371693
2024-06-13,0.0025275065213451672,0.0029527197691696337,0.002659111163247122,0.0023417181758506062
2024-06-14,0.0005575466316327807,0.0007572725230066077,0.0007607644762463974,0.0007680217195257801
2024-06-17,0.0022756920428202952,0.001982929272479226,0.0020945894784536027,0.0023767755396285014
2024-06-18,0.0026402635474035594,0.00291248689025978,0.0027411110877513054,0.0025684645163926946
2024-06-20,-0.001717941345927279,-0.0018968250613665126,-0.0018070270754455577,-0.0017175048649547813
2024-06-21,-0.0006515218425953,-0.0006451628300307453,-0.0006775248549333143,-0.0008239726954511248
2024-06-24,-0.0011035600282715754,-0.0010157541133811998,-0.0011748901884393215,-0.0011648585224332455
2024-06-25,0.001862253673340905,0.0019138432642800433,0.0019411470737489345,0.0019357552486431989
2024-06-26,-0.0010899169681493558,-0.0014912786685772695,-0.0013800752405374024,-0.0012847066888614098
2024-06-27,0.0014067945254739203,0.0015351641687608066,0.001514030091492002,0.0014956861327804728
2024-06-28,-0.0032508155149610267,-0.003697114136671213,-0.0033920632334435456,-0.0031660414252792715
2024-07-01,-0.0008274859114849739,-0.0013171133146227328,-0.001300050722995583,-0.001041188426665498
2024-07-02,0.004194366278974154,0.004404009767546089,0.004303480102778952,0.004182064400662666
2024-07-03,0.004120272125410272,0.004482008916241904,0.004393118098206273,0.0043758754960257695
2024-07-05,0.004283985930523428,0.004549235601619856,0.004486917029265297,0.004486943038031121
2024-07-08,0.0003154280484664041,0.0003535246059070988,0.0002705950121241689,0.00025917338581005916
2024-07-09,-0.00012294404545744634,-0.00022093067986914868,-0.0001491252152883819,-5.97348690606927e-05
2024-07-10,0.0049311871353112735,0.005000152155880402,0.005129482530949085,0.00509637371329258
2024-07-11,-0.0019318547706598942,-0.001624561563292698,-0.0015620608979972645,-0.0018674885387037934
2024-07-12,0.0034978434687062193,0.0036139923061713343,0.0035802511524744276,0.0035182913447005778
2024-07-15,0.00013445433255813332,-0.00010857081130909033,0.0001726025427702402,0.0001770748074225901
2024-07-16,0.004005268422931605,0.004318903013372682,0.004338277881051665,0.004100267051485749
2024-07-17,-0.006214309071030784,-0.00618825839843989,-0.006451997314240715,-0.006482713271453105
2024-07-18,-0.004386397265084656,-0.004568265679782138,-0.0046778857623480125,-0.004575727304937915
2024-07-19,-0.00407395559863386,-0.004240868718756293,-0.004393363857591647,-0.004358607915195502
2024-07-22,0.0046329715173834005,0.004567334018962312,0.004823763491071958,0.004769197455648285
2024-07-23,-0.0006588186725064264,-0.0006574681095762856,-0.0006936805141124734,-0.0007295338857457928
2024-07-24,-0.010956988710365247,-0.01116483665795627,-0.011382679750822147,-0.011251035869591029
2024-07-25,-0.001735918049261686,-0.0015634099182552218,-0.0018478488819144846,-0.0020642576504875574
2024-07-26,0.006449201450605011,0.006686125270949932,0.006720624133742026,0.006603262085454227
2024-07-29,0.0006311011388538616,0.0007504320689537817,0.0005684447680405572,0.0005104063927152865
2024-07-30,-0.0016354162577513116,-0.0015252984691828295,-0.0016189318294115792,-0.00170794812832045
2024-07-31,0.00976818546150512,0.010109082290313107,0.010329880781793182,0.010330470567296864
2024-08-01,-0.00565627831685577,-0.005421655199565261,-0.006003134103570307,-0.006103139037269063
2024-08-02,-0.0038269733057910158,-0.004074998399572453,-0.004003085814860366,-0.004228240996065428
2024-08-05,-0.01373612501994979,-0.013763562527482853,-0.014203887939421695,-0.014113948841204108
2024-08-06,0.0015966243229852926,0.001472920352222208,0.001579593511027584,0.0019022183960167528
2024-08-07,-0.0040000542099008825,-0.0038614644918964513,-0.004083749101256374,-0.004173571643782461
2024-08-08,0.009902270460075125,0.010039593363592354,0.010254009790535491,0.010272248031994499
2024-08-09,0.0033532312289559158,0.0034416821800888455,0.003475582220316685,0.0032578728604285927
2024-08-12,0.0010145198513959132,0.0012242090574722726,0.0011662461161040015,0.0009811824049955448
2024-08-13,0.009344015679387042,0.009203923120384826,0.009521313184535803,0.009461502925403728
2024-08-14,0.0021111745699394844,0.0020169018119239345,0.002042831943146944,0.001955733773154513
2024-08-15,0.005887668883784803,0.006009643123077835,0.006124880521327696,0.00624173139138565
2024-08-16,0.001968505741963399,0.0018744003137904292,0.002081892004582665,0.0021081350157468835
2024-08-19,0.004947077236751214,0.004865907991855774,0.0050475606499944875,0.0051497324748832575
2024-08-20,0.00033044285240108474,0.00026923486414803945,0.00031059266281371174,0.00030540117183679356
2024-08-21,0.0024487157601493286,0.002373600271695524,0.002491170030556195,0.002548396351447731
2024-08-22,-0.0051241310633109785,-0.005137855370114223,-0.005292591794020134,-0.005229797498467714
2024-08-23,0.006404171921044951,0.006672072712325618,0.006863451250990856,0.006817478000987287
2024-08-26,-0.0018107087936712573,-0.001655483745849255,-0.0017542848265805972,-0.001777881337848502
2024-08-27,0.0005118254029413592,0.0004383464885302866,0.0004594121492220289,0.0005911100945122044
2024-08-28,-0.0025238135083865097,-0.0027050580760114933,-0.002722514699678635,-0.002785166057542659
2024-08-29,-0.0004762230212480676,-0.0003063529001647928,-0.0004105423460865452,-0.0004501821552836398
2024-08-30,0.003360346193328338,0.0031923753562708716,0.0032716227897709223,0.0034608980783685534
2024-09-03,-0.007199381810852877,-0.007498348934131746,-0.0075376817251696145,-0.007665794143674474
2024-09-04,0.00121833449605773,0.0009709598920915101,0.0012937838756988504,0.001163791950729846
2024-09-05,-0.00017215370682580454,-0.00011108571384076154,-8.52858871075814e-05,-0.0001677324293301095
2024-09-06,-0.006782815377358163,-0.007068648629925208,-0.00709818917602205,-0.007176405651170792
2024-09-09,0.0057153683109442055,0.0057898389245433285,0.005891451405816226,0.005774091023883002
2024-09-10,0.003655521524374361,0.0032156559436397484,0.0037658237712526518,0.0036946821500263684
2024-09-11,0.004214139926834788,0.004434972000906954,0.004305579865088758,0.0042948897557944545
2024-09-12,0.002887835021731524,0.003371724964555439,0.003072681311520064,0.00324719644281488
2024-09-13,0.0031603892074029455,0.0031812641414517115,0.003369881692053905,0.003379408756324393
2024-09-16,0.0015124578842093252,0.0017214528672785633,0.0015656867400946305,0.001465778939809311
2024-09-17,-0.0004422793911579037,-0.0002619931192835499,-0.0005203005709178889,-0.0005662228774451004
2024-09-18,-0.002584627483581914,-0.002778608650484278,-0.002732225637520554,-0.002601696871893701
2024-09-19,0.006936925822991949,0.007396817749434697,0.00727127396729614,0.007395534345369416
2024-09-20,-0.0007785648852630123,-0.0007620207854048798,-0.0008065149390773565,-0.000821909278715517
2024-09-23,0.0010310919090426335,0.0009723498168758356,0.001043595988328379,0.001019172253312532
2024-09-24,0.0013632130112382196,0.0016984811680905937,0.001631634352001423,0.0016073613347547672
2024-09-25,-0.002112721032898627,-0.0024054395613893843,-0.002235107315951166,-0.002148226869979514
2024-09-26,0.0015238373289983426,0.0011540609486940694,0.0018963587695496266,0.001923497359011468
2024-09-27,0.0006899965827489164,0.0008887024360381037,0.000596996323485873,0.0004216786939222184
2024-09-30,0.0010673795967544005,0.0010007090206212194,0.0009255273848554791,0.000995004631009838
2024-10-01,-0.002807520170833271,-0.00234023561049645,-0.002883948817603156,-0.0032072748855957447
2024-10-02,-0.0010122073474208865,-0.0008477898249636093,-0.0009523016891665676,-0.00083227590298152
2024-10-03,-0.0032937738403433494,-0.0028491895099226686,-0.0033306912878596777,-0.0031302622793756103
2024-10-04,0.0003965670698380351,0.0004818075015666026,0.00046360237367270934,0.0008448778495162474
2024-10-07,-0.005947450528070186,-0.00553371787008766,-0.005959460159128412,-0.005765658759849777
2024-10-08,0.004920729428972755,0.0043483737240641845,0.004647318877435851,0.004551673003043334
2024-10-09,0.0018119893698770842,0.001655711230293192,0.001663449613788976,0.0017942716470542523
2024-10-10,-0.0013836320852816458,-0.0009184288301098603,-0.0011917699282580356,-0.0011622670196084453
2024-10-11,0.002994446991123869,0.0029824367617021642,0.0031449132943859805,0.003189792726200433
2024-10-14,0.00340762733747096,0.0030820187057334462,0.003260963576358211,0.0032980438392565636
2024-10-15,-0.0005757219626068538,-0.0010868658574498822,-0.000947953268850404,-0.0012636244406495022
2024-10-16,0.0029334959450198774,0.002867896444955243,0.0029613028613728284,0.002846826634517188
2024-10-17,-0.002095334459474912,-0.002058884662563558,-0.0021649875827512008,-0.0018492989073468679
2024-10-18,0.0023738438431065937,0.002196742265344538,0.0026084702630231643,0.002707682171003236
2024-10-21,-0.004111455751803416,-0.003992823191941406,-0.0042855175091027625,-0.0038830101624640874
2024-10-22,-0.0007340709868605265,-0.0003602163411470476,-0.0005875576431241836,-0.0005878813427226475
2024-10-23,-0.004673354745549374,-0.004783167762620917,-0.0050331781646550085,-0.005001013318007963
2024-10-24,0.0019708313128996686,0.001922694396847495,0.0021053827724955877,0.001982174586169677
2024-10-25,-0.001219498439358646,-0.0010272538946292094,-0.0012518692607723391,-0.0011747597386688288
2024-10-28,0.0013177760509959237,0.0006501809066098051,0.001200856648794246,0.0013344876681897358
2024-10-29,0.0010374446073249635,0.0009447116841049311,0.0010599930946886338,0.0010392804563731824
2024-10-30,-0.002064136222158954,-0.0017473260696792073,-0.002038318635457915,-0.0020467319727386375
2024-10-31,-0.009262842345005818,-0.009023822340772173,-0.009501012611006322,-0.00957657048629808
2024-11-01,-0.00031536101615945274,-0.0005433619546107645,-0.00045363934183071156,-0.0001615439108057146
2024-11-04,0.0010333742474187236,0.0014000882021626831,0.0008835756064917545,0.0006102145318758686
2024-11-05,0.005778518824588647,0.005880603119958109,0.005951227353775179,0.005964131760807277
2024-11-06,0.007207265417657732,0.00707069887798485,0.007466857908392863,0.007637388976516522
2024-11-07,0.006495878402528984,0.00661868172591981,0.006685556191311192,0.006490300670597278
2024-11-08,0.0037440186592011737,0.003457883852097848,0.003389107565719234,0.0029568275144643864
2024-11-11,-0.00017943483621764406,-0.0005261313268412901,-0.00025740222879285364,-0.0002944693560097452
2024-11-12,-0.004061574492801362,-0.004141956926147483,-0.004156432809316449,-0.003932093728098242
2024-11-13,5.183968322613213e-05,1.9431491137342117e-05,-1.835410392272454e-05,-8.484645460221321e-05
2024-11-14,-0.002869799653704933,-0.0028356764879559028,-0.0030199680394759707,-0.003117875514462382
2024-11-15,-0.0053410251187532955,-0.005518084418065907,-0.005497361189672939,-0.005570808792166538
2024-11-18,0.0021653836303177493,0.0026080193623386023,0.002406723684061728,0.0025066580384692804
2024-11-19,0.0025075946039677865,0.0025613336883308848,0.0025476006499066915,0.0024676839491617176
2024-11-20,-0.00028454672890805983,-0.0003119953993717938,-0.0002623245783066566,-0.00026829317742849726
2024-11-21,0.0022021750510919647,0.0023739020293110286,0.0023122245443316838,0.002329997097917218
2024-11-22,0.0018107710597855386,0.0019009978648960432,0.0019963545929385616,0.001970570866658727
2024-11-25,0.006222566827908457,0.005901734367430594,0.0057961515635957216,0.005220361138905709
2024-11-26,0.00152995918755936,0.0014919153162046568,0.0015475462949269794,0.0016526145381468653
2024-11-27,0.00016234376253513745,0.00011055961784671905,7.510303349083237e-05,-9.577973803157449e-06
2024-11-29,0.004386580802945057,0.00438811223146514,0.004465734498138646,0.0043115304071594356
2024-12-02,0.0009453841940177891,0.0008199519474201501,0.0009286728305396468,0.0007930163648104845
2024-12-03,-0.0009931162146711782,-0.0008625312821859217,-0.0010301425993928415,-0.0008817989781850276
2024-12-04,0.0043597419702817615,0.004299093917524851,0.004483302303479397,0.004294691666355605
2024-12-05,-0.0008325906534743382,-0.0008478344304690261,-0.0008875223964167325,-0.0008287283619918143
2024-12-06,0.0021325564164311125,0.002046055536577625,0.002183423064661291,0.002042512223481203
2024-12-09,-0.003663063119338382,-0.003555379443792633,-0.0035586098287256045,-0.0033469027171968055
2024-12-10,-0.002109710260144468,-0.002084315452948822,-0.0022159026492463373,-0.0022281041964096306
2024-12-11,0.0023135366344416387,0.0024554299909310268,0.002397895730675487,0.0025413494858722387
2024-12-12,-0.003887042040826874,-0.00393208078001645,-0.004099989413372335,-0.003970505884529067
2024-12-13,-0.00199698868248129,-0.00200201417243239,-0.0021068624597095596,-0.001880071887442416
2024-12-16,0.0020877111490746753,0.0020273897657860237,0.0021602579188412696,0.002137997516342752
2024-12-17,-0.0017735210539969284,-0.0018493305951424995,-0.0018658427058413475,-0.0019023887873500997
2024-12-18,-0.01635899300137727,-0.016460758369417273,-0.01707691337561923,-0.01700733547408599
2024-12-19,-0.0019546570906749427,-0.0019546570906749427,-0.002059075986220467,-0.0018600637693857564
2024-12-20,0.006603711232682297,0.0066755987786648934,0.006825610145999213,0.006725172743182549
2024-12-23,0.0011174174789948493,0.0011260162216827157,0.0011771285454924183,0.0013866432063193127
2024-12-24,0.005386108778489226,0.005450553733758041,0.005510278367444157,0.005386142022303046
2024-12-26,0.0004322958874953087,0.0004002561353279381,0.0005143826813380851,0.0005126396123009387
2024-12-27,-0.005925096257241043,-0.005871545357401848,-0.0061700469948396935,-0.006038507528242493
2024-12-30,-0.0030453253383658273,-0.0029440610907001206,-0.003244448144149229,-0.003602103081628486
2024-12-31,-0.0022506147104621984,-0.0021925131135693693,-0.0022558974384870117,-0.0022165179483542175
2025-01-02,-0.0006849108352306081,-0.0005745581188069111,-0.0006704608001747622,-0.0008651155424940136
2025-01-03,0.00494481525524675,0.004876165541618782,0.005030523091919319,0.005035904871492963
2025-01-06,0.0022192354952022537,0.002125559765560738,0.0021292871427660703,0.002181798644591678
2025-01-07,-0.006363221065237873,-0.006669075294937512,-0.006209440700865135,-0.006093766347984234
2025-01-08,0.0012982266189028484,0.0013735930270244636,0.0012628995498418672,0.0012497930279370367
2025-01-10,-0.009169423933635101,-0.009501961918765737,-0.008700448478757608,-0.00846260267465115
2025-01-13,0.00013787428974927488,7.494692882200196e-05,0.00040335098461061664,0.00033834542271303036
2025-01-14,0.0006527993667186396,0.0006412057244881531,0.0005956819491928652,0.0005457145260031595
2025-01-15,0.011716588694511238,0.012302412789982448,0.011386081550093638,0.01118047403400605
2025-01-16,1.524701824973107e-05,0.0001387344522960016,-8.78171184409083e-05,-0.00022540071379179824
2025-01-17,0.004821351294488945,0.004870157510703939,0.0047676683265969,0.004720627034393995
2025-01-21,0.005167387405385605,0.005401451863887585,0.004832711983219244,0.004637044679101877
2025-01-22,0.0015955926509914303,0.0014379669846218482,0.0016840876377095457,0.0018387625361524797
2025-01-23,0.0017948448074824172,0.0016021034496062068,0.0017993620442046825,0.0017464511146009652
2025-01-24,-0.0006784093937818025,-0.0005484380727679264,-0.0008400304624421311,-0.0009270139077361419
2025-01-27,-0.004124303254120448,-0.003746925049521622,-0.004497631605101748,-0.004722881293189493
2025-01-28,0.003819144238545988,0.0038133696852640825,0.0038914096178914257,0.004014663843589157
2025-01-29,-0.002288509552607878,-0.0023557300394820794,-0.0023788884600621546,-0.0023115174864949736
2025-01-30,0.0032634407357992603,0.003386283705773401,0.003085469180054385,0.003002012352606982
2025-01-31,-0.002980064131527848,-0.0031236204034461143,-0.0027342758690020166,-0.002611635667611091
2025-02-03,-0.0028156145212852248,-0.00268020118155613,-0.002763974770159416,-0.0027550078192052057
2025-02-04,0.0037136944161674577,0.0038360384022764478,0.0037652683081383235,0.00371976380300762
2025-02-05,0.003455828330453772,0.0038746864672623005,0.003490838994069793,0.003395683376765708
2025-02-06,0.0011418573716880172,0.0010981119927990913,0.0011223649580664424,0.0011893690373243754
2025-02-07,-0.0050839464450091,-0.005281084494219671,-0.005145911975237918,-0.005015619361803219
2025-02-10,0.003423620236515733,0.0033739214007188225,0.0035679204715116488,0.0034278577379748282
2025-02-11,-0.00027186778638527316,-0.00044471277288025957,-0.00023951749175927516,-0.00035260864589762604
2025-02-12,-0.003458251880453213,-0.003870016072371165,-0.0035024377084512002,-0.003215502578781645
2025-02-13,0.006890997857143167,0.007364809383391961,0.006957647384361025,0.006704364058556254
2025-02-14,0.0011872362046784586,0.0013960120429671887,0.0010116235929554813,0.000916407428560627
2025-02-18,0.00018547091174751768,-0.00015208686233808343,0.00041821219747883965,0.00041751749035739505
2025-02-19,0.0014894006239842144,0.0015585603509579585,0.0014832826971073803,0.0014409100656351363
2025-02-20,-0.0013071433863187049,-0.0011890314465411419,-0.0013700909412710462,-0.001448644212145364
2025-02-21,-0.006153994450431935,-0.005794702676402352,-0.00652281602321118,-0.006452334506839558
2025-02-24,-0.0013482616430435111,-0.0012391712607084941,-0.0013225494573837712,-0.0014721496838198316
2025-02-25,-1.9461189811299594e-05,0.00047592306125307683,-0.0002928517095627842,-0.00046174033767447164
2025-02-26,0.0009598429014975482,0.0011310487970178395,0.0008903866452257128,0.000934953254985058
2025-02-27,-0.00731972980829416,-0.00745681886011211,-0.00740930906779103,-0.0074919459287104825
2025-02-28,0.008399762449950004,0.008748289966560522,0.008484266065885484,0.008369141856231036
2025-03-03,-0.006830438913713117,-0.006648685802650149,-0.0069509252080667255,-0.0070004004627252725
2025-03-04,-0.0064899567067539625,-0.006463927237627235,-0.006464453007183263,-0.006164947774900512
2025-03-05,0.002802878134750589,0.0025888237307786265,0.0031317622492741445,0.003682936781100492
2025-03-06,-0.008148261705687835,-0.008181975314465326,-0.008429671912150865,-0.00844030576859526
2025-03-07,0.002038602208879685,0.002150660432990993,0.002115399781008814,0.0021952185987488436
2025-03-10,-0.009222610978106068,-0.009360818234817539,-0.009624403682199127,-0.01002670478171206
2025-03-11,-0.005239616178303333,-0.005174027803524687,-0.005146396593766365,-0.004857676671227601
2025-03-12,0.0012003116257933192,0.0013571886078731366,0.0013175904511306122,0.0014793822305446775
2025-03-13,-0.004272783183561772,-0.00440736191513749,-0.0042969493819275196,-0.004506912667679575
2025-03-14,0.007959178901179743,0.008035691455393809,0.00820848890346989,0.008406884709630342
2025-03-17,0.0038725118230096924,0.003921906066223021,0.0040641483907928174,0.004076439478717042
2025-03-18,-0.0041611538845184514,-0.004218249344186164,-0.004220153000070493,-0.004283810865803589
2025-03-19,0.006242117223487263,0.006266263255409658,0.006307215338164121,0.006078380009536824
2025-03-20,-0.0010228838085264086,-0.0008726940860908337,-0.0011007152731188166,-0.0011998752737459603
2025-03-21,-0.0004297417456728337,-0.0004229853506480325,-0.0005480714839445964,-0.0005247529743956697
2025-03-24,0.00552743228715377,0.0056500782428366165,0.005647251810182418,0.005889643157155612
2025-03-25,0.0016358919798837575,0.0016292393483916183,0.0017159353156459963,0.001717957870850485
2025-03-26,-0.0062957582481557965,-0.006229176046399325,-0.006397837300903656,-0.006352817324551194
2025-03-27,-0.001550178855183207,-0.0015435730160761128,-0.0014061649060478378,-0.0012590159421906747
2025-03-28,-0.005788724039349455,-0.005866824977962321,-0.005982762635022696,-0.0063552910778396825
2025-03-31,0.0038172102693549504,0.004101485612788005,0.003963514048045235,0.0037586832926906275
2025-04-01,0.0027008224868552582,0.00267398031226669,0.0027108780419572666,0.002522228818576348
2025-04-02,0.002268758404939087,0.002509032717511355,0.002318620096048367,0.002375596455166693
2025-04-03,-0.017924228978982076,-0.019172449779317303,-0.018465052111318322,-0.01860458813373499
2025-04-04,-0.0238638594764021,-0.024819936962034578,-0.024672102316631656,-0.02542317445003365
2025-04-07,-0.0060622626735893324,-0.006390266066684733,-0.006573268626366343,-0.005897145257731029
2025-04-08,-0.008850929569874945,-0.009453287932624798,-0.009128289750860856,-0.008595892045030999
2025-04-09,0.04461071428794057,0.046046419378984446,0.045171212130660325,0.04576446891144128
2025-04-10,-0.02167265039846696,-0.02238522341836129,-0.021773722281402164,-0.02116370880533794
2025-04-11,0.005933387915689756,0.006228465835918583,0.006296623794211561,0.006649742346055411
2025-04-14,0.0067678255677510275,0.006915486844100001,0.0069129831125820836,0.006819863095316869
2025-04-15,0.00028836217994348076,0.0002791926050147581,0.00033506369267467627,0.00014042512897424042
2025-04-16,-0.0073344421987452816,-0.007278580539100441,-0.007078331631912621,-0.007469692631960872
2025-04-17,-0.00040539443546674947,-0.00011141177066613237,-0.00015556189306291035,-8.752209724836677e-05
2025-04-21,-0.012147965913910522,-0.01245879910517639,-0.012125604308373542,-0.011720850573214174
2025-04-22,0.011133275658926214,0.011493218313930933,0.011208637972348856,0.011265959074482454
2025-04-23,0.007088991137811008,0.0070885818494447325,0.007045458248612208,0.00706966580994872
2025-04-24,0.011379830996802282,0.011638454254160466,0.011366082254636032,0.011238578432624604
2025-04-25,0.004395244719354067,0.004466502082257089,0.004328952558775128,0.004104586533838801
2025-04-28,0.0016608546824436285,0.0015547118280246192,0.0016378351176909887,0.001684524186282274
2025-04-29,0.0039288975775362694,0.003760285197167424,0.003732015485587994,0.003720351613763573
2025-04-30,0.00018412713313746592,-0.00016558347364395377,-1.3670060385065136e-05,0.00025209420832965953
2025-05-01,0.0012086364498190227,0.001396964508697827,0.0011970041800084795,0.001275589450253518
2025-05-02,0.0038913489086542154,0.004037517219349494,0.003978308540590357,0.0040768739201525826
2025-05-05,-0.00262639819264484,-0.0028804346563033423,-0.002453718361684143,-0.002422330505864778
2025-05-06,-0.002657368959040725,-0.002362314979049161,-0.0025518025540319767,-0.00258465608353603
2025-05-07,0.0027777499226568133,0.0025702834236383636,0.0025712695152521996,0.002516918200920387
2025-05-08,-3.925392327576893e-05,0.00040383433583396404,-0.00014356568839384064,-0.00010908944134815598
2025-05-09,-0.0003483292540529034,-0.00019116073891467395,-0.00030525320553942664,-0.0002834737717100031
2025-05-12,0.01174151916765014,0.012113633678148081,0.011503754069220539,0.011526902006398058
2025-05-13,0.002222206232735544,0.0025769425424832133,0.002347645502487449,0.002401349406374139
2025-05-14,-0.0009146180270978067,-0.0010936882351780522,-0.0009048525702333179,-0.0008963721744183009
2025-05-15,0.004519342995697779,0.004361554110161723,0.004510799625514765,0.004524291760067535
2025-05-16,0.0027060831876071917,0.002759667749550591,0.002582423431454355,0.002583879790850793
2025-05-19,0.00022373413704054532,0.00021673379431678784,0.00038262218783280204,0.000459487352444509
2025-05-20,-0.001853952315815436,-0.0017020938514759711,-0.0017041043576025408,-0.0016418410159940932
2025-05-21,-0.009561432000044275,-0.009838021491951456,-0.009215852529646589,-0.009109479232074233
2025-05-22,0.0015529453696529682,0.00146012550769845,0.0014483763104524464,0.001341674207922298
2025-05-23,-0.0019402255065899888,-0.001827948161778497,-0.0017989855415583614,-0.0017915203460190468
2025-05-27,0.010362575509902914,0.010365647676912722,0.010086424152089326,0.010054619656517574
2025-05-28,-0.0033377516292174203,-0.0033868900003017097,-0.0033742718694963194,-0.00338226003609794
2025-05-29,0.0031620660160269244,0.0030665990101636825,0.0031899867311471174,0.00319610140074334
2025-05-30,0.0005069257562854776,0.00039088302311296073,0.00048077382809431446,0.0004758785029689129
2025-06-02,0.0010311511405390371,0.0014774725743092957,0.0012736060427056607,0.0014395897206740526
2025-06-03,0.0020123890766446514,0.0022532112576706545,0.0019357462912293877,0.0018918250253452751
2025-06-04,0.00265331319808211,0.0024837332771498835,0.002591665072254932,0.0023925656556892778
2025-06-05,-0.0031290950262831104,-0.003049833084530731,-0.0030788465309238237,-0.002983232769405247
2025-06-06,0.0013440557143855722,0.001641681056787948,0.00141901711034534,0.0016508999572672016
2025-06-09,0.0010129196791095819,0.0010216304585583087,0.0010727267466585618,0.0010511283454130644
2025-06-10,0.003112809665820679,0.0030774869735062218,0.0030643121544930998,0.0030250915375688325
2025-06-11,-1.7178243267129586e-05,0.000318823389264584,-7.47399418852279e-05,-0.00021674152144869583
2025-06-12,0.003390911209121823,0.0032590680598572207,0.0033730905508145333,0.0032644054708304525
2025-06-13,-0.00641986990167744,-0.0056764525908731675,-0.0065180977984474284,-0.0064915175556134385
2025-06-16,0.002982128624233654,0.0028715654311232317,0.0031323279972699783,0.0032692582064694623
2025-06-17,-0.002125223574900839,-0.0015171965645179664,-0.002370150749609831,-0.002611683177916077
2025-06-18,0.00016126370921155936,0.00022293085298118908,7.791735459732403e-05,3.347911104061984e-05
2025-06-20,-0.0007909686636308663,-0.0007039322253062469,-0.0008640695035683136,-0.0009209378721618036
2025-06-23,0.005820960576264035,0.0049225581037001705,0.0059739629031895424,0.006035713497872886
2025-06-24,0.006079047293498327,0.005485816310594126,0.006221626050863631,0.006205411194998534
2025-06-25,0.00035239089798638415,0.0003091232648209738,0.00047180543696034177,0.0004413583513713314
2025-06-26,0.004559339547930024,0.004535246201770544,0.004598468185217678,0.004525681234711699
2025-06-27,0.0010295015892815128,0.0009928053281110338,0.0010641523451277416,0.001145490698221847
2025-06-30,0.003670732691288641,0.0035577770775756497,0.0036400774006722938,0.0035370660796998246
2025-07-01,-0.0006648907708437587,-0.0005551814440484315,-0.000762969701577225,-0.000769245069765265
2025-07-02,0.0011897847843246384,0.0013587010086893374,0.0014536547725072196,0.001455658271261245
2025-07-03,0.0022374834477573583,0.0022202999430056447,0.002279926926461963,0.0023635304970644417
2025-07-07,-0.004461987694532725,-0.004442596502627628,-0.00447849216662848,-0.004400997674522075
2025-07-08,-0.0008202346900547957,-0.000762121954956101,-0.000767587421867664,-0.0007498450389874991
2025-07-09,0.004313149218825809,0.00442901218908015,0.004314760221715568,0.004156619544829449
2025-07-10,0.001151262137549181,0.0010752213791050426,0.001106431651219212,0.0011611099665147992
2025-07-11,-0.003182313708836692,-0.003056834045630491,-0.0029874571364702715,-0.002832864916676424
2025-07-14,0.0008392101146546985,0.0006852573113529751,0.000692537743321037,0.0007235749059095993
2025-07-15,-0.0032548982209421075,-0.003269043003740322,-0.0032954922962458617,-0.0031986529817027982
2025-07-16,0.0024379291678475407,0.0023879813357205,0.0024829480330082155,0.002451276624049436
2025-07-17,0.0024739653091926596,0.002699379072668005,0.002607809672525831,0.0025364238646085582
2025-07-18,0.00064761680768858,0.000639250107214315,0.0006062008706117741,0.0005586375170556822
2025-07-21,0.0020443263677499784,0.0019795012142230983,0.002133839913740129,0.0021405654836546724
2025-07-22,0.0011932243513710268,0.0011316226713119994,0.0011636703556400121,0.0011445509980622902
2025-07-23,0.002467745927256048,0.0023359802577980096,0.002599109611837504,0.002703601548613935
2025-07-24,-0.00045716553914649746,-0.00036640211451987394,-0.0005011036158402279,-0.0004836377227108758
2025-07-25,0.002651512462115644,0.0026056316979791807,0.00245691443708678,0.0023669168993541902
2025-07-28,-0.0011277782841088444,-0.0007289808534638451,-0.001033122925109019,-0.0011198492519370687
2025-07-29,0.0010484587057094734,0.001600777088960951,0.0009939665126894345,0.000753900109005142
2025-07-30,-0.001921539928198464,-0.0017302322260428836,-0.0020176977752543704,-0.00204701769843375
2025-07-31,-0.0013326165271521867,-0.0014430059129225327,-0.0014314491166387516,-0.0014416877146266741
2025-08-01,-0.003038036113587015,-0.003379573884207519,-0.0032099580823912893,-0.003356883058467953
2025-08-04,0.007271643062454255,0.007557942191339583,0.007353571597949065,0.007418443189198498
2025-08-05,-0.002497090674996286,-0.002392941175600891,-0.0025452251365935923,-0.002491578845404679
2025-08-06,0.0034397758965160384,0.003190991063795714,0.0034721293259345545,0.0036057487315822295
2025-08-07,-0.0003166264412465667,-0.00039704050406516274,-0.0002611909352504381,-0.00021286594395572973
2025-08-08,0.0027255738717918035,0.002723925021968666,0.00275089620640767,0.002839782710576373
2025-08-11,-0.0008487765764815692,-0.0007348548254661223,-0.0009396069539813142,-0.001026406122247173
2025-08-12,0.0048639163701964016,0.004978110437589984,0.004860802586615397,0.004959454788233709
2025-08-13,0.0028305055157396147,0.003110462423737126,0.0029383578080233353,0.002895569135988469
2025-08-14,-0.0011243848419034762,-0.0012929247991527993,-0.0012163173494784054,-0.0012245698631475552
2025-08-15,-0.0013695818524340055,-0.0016166380154276595,-0.0015002670017846026,-0.0014220052108590913
2025-08-18,-0.00039053644396917114,-0.0003352579595219554,-0.0003938821226899159,-0.00037678001689022393
2025-08-19,-0.0016874609367291537,-0.001614293594523413,-0.0019132920999702725,-0.0020341971215494196
2025-08-20,-0.0006647089915787858,-0.0006852440844124322,-0.0005206117270861402,-0.0006019769046780147
2025-08-21,-0.002945717979704881,-0.00287414885040838,-0.0030078836168887634,-0.00301036790139895
2025-08-22,0.009043968426473047,0.009345935469708539,0.009309272836652963,0.00925013857531476
2025-08-25,-0.0028527201608730328,-0.0028154739520303168,-0.002921639056985015,-0.0029721099575735874
2025-08-26,0.0026155598766389966,0.0026331177531015043,0.0026150699919958126,0.0026853665304405194
2025-08-27,0.001445637256520592,0.0015121887913765591,0.0014331100661635762,0.0013769614953201845
2025-08-28,0.0023337729340254746,0.0023635289277625965,0.0025810328604045987,0.002556886388999137
2025-08-29,-0.0030628281560390715,-0.0032428266518419718,-0.0031314993293794545,-0.0030884224322954125
2025-09-02,-0.00430975415812811,-0.0043269527589828655,-0.004138455564161626,-0.004112079172643533
2025-09-03,0.003808857316569234,0.004043169169453716,0.003777999375682493,0.0037130209688524523
2025-09-04,0.00554262346262361,0.005790316752854257,0.005504870338055324,0.005293732236121597
2025-09-05,0.0002518017014922503,0.000693819603421178,0.0004791195816341388,0.0004127859426647886
2025-09-08,0.002265499310625949,0.002426862242842179,0.0024161898998393046,0.00235220054117804
2025-09-09,0.00034716684719874767,0.0002098667993013152,0.0002594963230967995,0.0002783517550752187
2025-09-10,0.002311909004289475,0.0023935918098231127,0.002375909798522014,0.0022212179376444982
2025-09-11,0.004159874236629098,0.004544410686043831,0.004503602928152266,0.004544505660971435
2025-09-12,-0.0009868757156453194,-0.001132428964069507,-0.0010054141402118053,-0.000944226377762439
2025-09-15,0.0031666154005605667,0.0031863863799686224,0.00343172636870981,0.0033956009957110777
2025-09-16,-0.0005836287730839227,-0.000620703268811341,-0.00043495816058843696,-0.0004380927991483706
2025-09-17,-0.0012587372013254676,-0.001324229708745397,-0.0014669599575741243,-0.0013957094234167396
2025-09-18,0.0012727992791595798,0.001114122193414599,0.001335650015055631,0.0014895350009203844
2025-09-19,0.0023201654170361737,0.002191821694137701,0.0022265484783420553,0.0023443029683616343
2025-09-22,0.001497336288501917,0.0014343413890994673,0.0018115065283076527,0.0020415435619245267
2025-09-23,-0.0016727267862920595,-0.0014659231238742924,-0.0015668802856120035,-0.0017691688182116577
2025-09-24,-0.0021671461706157915,-0.0023782276178955057,-0.002446681100243204,-0.0024854178500361697
2025-09-25,-0.002736375226002485,-0.002779207209988465,-0.0028390696683307077,-0.002862536475014458
2025-09-26,0.0023106056296032323,0.0024356779720696212,0.0026303776244521147,0.0027007748369909956
2025-09-29,0.002361997217601052,0.002517782644435791,0.0024582755306914437,0.0025318050390117997
2025-09-30,0.001432329365306255,0.0014372413534579074,0.0015496139155402326,0.0016622053370452684
2025-10-01,0.0028373222301881908,0.0029067933865412118,0.002960184073383116,0.002909198234867798
2025-10-02,0.0010681476549199457,0.001044729953897474,0.001038100724343601,0.0010499073510673793
2025-10-03,-0.0007765241732808563,-0.000756543232420047,-0.0005471117167366941,-0.0004077932416859171
2025-10-06,0.0009094631888010652,0.0006186496486999564,0.0009018712104693535,0.00106959976185309
2025-10-07,-0.0007505724534946269,-0.0006964261037041928,-0.000986980129578012,-0.0012533404182462479
2025-10-08,0.002893004998373645,0.0028299035310168454,0.0030912717170384213,0.003229452913412275
2025-10-09,-0.0016310692599981926,-0.0017275582230967838,-0.0019957820868355745,-0.001995281383442008
2025-10-10,-0.010768868098563396,-0.010654861786247851,-0.011044034270783407,-0.011223862866390193
2025-10-13,0.00790647659263344,0.007991116600340808,0.008462946725380562,0.008510433633088498
2025-10-14,4.607662095194379e-05,0.000260073977687756,0.00024832533027542125,0.0002295785715125987
2025-10-15,0.0017543825405847892,0.0019298618436891697,0.002251955721334034,0.002403046964411601
2025-10-16,-0.0015017208747859707,-0.0014126841358318926,-0.0012824307905612339,-0.001347201391649473
2025-10-17,0.0019495738402008046,0.002018065324320911,0.0017723548030912153,0.0017270732925645537
2025-10-20,0.005410003505858895,0.005633481964853403,0.005980560573674343,0.00598112917533598
2025-10-21,0.00046871951326999306,0.0005193410795498973,-0.0003100756202213424,-0.0006723430979913196
2025-10-22,-0.002351544914038892,-0.002275686029492053,-0.002400244227065019,-0.00262742345976082
2025-10-23,0.0018122755669032111,0.0016732584235989237,0.0019209113080345757,0.0019811786465231147
2025-10-24,0.0041710313050365945,0.0042231248509699395,0.004300342805543595,0.004284915659209109
2025-10-27,0.0055296404779608,0.005635751258057497,0.005502979729643648,0.005424735054096598
2025-10-28,0.0017026511379115206,0.0014582879219211754,0.0015557813255642002,0.0016673266290981297
2025-10-29,-0.0015325392809478447,-0.0021087353336388392,-0.001961144585056666,-0.0016999286853053963
2025-10-30,-0.0057699493309989365,-0.005808893272679055,-0.005800304259298173,-0.005671042286108419
2025-10-31,0.0014292669176288381,0.0014116239662326539,0.0013823776926217223,0.0013715351332101015
2025-11-03,0.0006176236340660172,0.0005485670071211563,0.0006244720919181407,0.0006554090290975126
2025-11-04,-0.0048675237530789745,-0.0048332296998698475,-0.005197297424592421,-0.005511196237055938
2025-11-05,-0.00018384080953015447,-0.0001706108291448808,4.0921423457641236e-05,0.0003891911433123363
2025-11-06,-0.0028135665915800063,-0.0028846158012998946,-0.0030393202353349857,-0.0033386443534168427
2025-11-07,0.0002970932402605995,0.0005262162509180556,0.00047325963624047314,0.0004942938437235048
2025-11-10,0.00681063806973803,0.006802462920501418,0.007235540022157434,0.007391681526277148
2025-11-11,0.002230966588128394,0.0023961846130677806,0.002374178237193268,0.0021747034797004387
2025-11-12,0.00046643207210578084,0.0003564281303478169,0.0005611391613435453,0.0006945256127720126
2025-11-13,-0.008865199188240174,-0.009046111983359244,-0.009324638292060872,-0.009093490660380687
2025-11-14,-0.0008596452163951258,-0.0008282951186659765,-0.0009870303776649688,-0.0009477961658893716
2025-11-17,-0.003766328394364461,-0.0038881758947676604,-0.0040689716120874434,-0.004228716053775092
2025-11-18,-0.0034157245101604106,-0.00335595181667479,-0.0033953377059834262,-0.0034760384734958574
2025-11-19,0.0017105359977101374,0.0015947830872440338,0.0016727913799937713,0.0016317440678369872
2025-11-20,-0.006006987105093455,-0.006068653590738592,-0.0063406102725167895,-0.006591315798038518
2025-11-21,0.00581088563242651,0.006050220663758773,0.006073119112835139,0.005860484792069824
2025-11-24,0.007321414691561487,0.007360940677547818,0.007670842938188051,0.007601563645138082
2025-11-25,0.005262514121640893,0.0053988459381463134,0.005490076186200418,0.005378398064769202
2025-11-26,0.0036198403775548798,0.0036849419093809965,0.0038960772728663245,0.003897246395600568
2025-11-28,0.0016877438098748061,0.0017363532029290537,0.001975795537838498,0.0022152275951362967
2025-12-01,-0.004207142526379816,-0.004376721699184423,-0.004300409653962707,-0.003876473636749892
2025-12-02,0.0013599272332509012,0.0012180931584456778,0.0013322295274354906,0.0013145812194766814
2025-12-03,0.002362095980604667,0.002261473769456189,0.002416533268434999,0.0023130815281752924
2025-12-04,-0.0008291620877974276,-0.0007038804739041716,-0.0008320219426018144,-0.0007408991502802127
2025-12-05,-1.7134133047708785e-05,-1.731072218858913e-05,6.041293736845307e-05,0.0002611957610074416
2025-12-08,-0.0020110481114956526,-0.0022284432427712303,-0.002166902073135935,-0.002095930211651714
2025-12-09,-0.0008100469285140589,-0.0008832592110224244,-0.0007381454815471237,-0.0006674801277203766
2025-12-10,0.004391241493202028,0.00431751610283995,0.004540831834950497,0.004424192610945194
2025-12-11,0.0011332380528391763,0.0009206394868162689,0.0012138492167004795,0.0012738879741049287
2025-12-12,-0.006104918484872447,-0.006118116653597547,-0.0063473538595885375,-0.0061299394826031155
2025-12-15,-0.00014783177043557164,-0.00023154369493118442,-0.00013889363009144968,-0.00015557574996471492
2025-12-16,0.00017264627240056308,-0.00017822256298039103,-1.448355205841518e-05,-0.00017063257269073955
2025-12-17,-0.005388461253629627,-0.005036336750142624,-0.005293640746618649,-0.005227913134145207
2025-12-18,0.004784054947651907,0.004640717403725474,0.004793506975224756,0.004614592256855116
2025-12-19,0.0031054850320515566,0.0032678847765617164,0.0033160752138823428,0.003485966735042092
2025-12-22,0.002134166696455601,0.002247342535375398,0.002388826035893102,0.002551091028105237
2025-12-23,0.002019243769544545,0.0019446311466305207,0.0021566804939067694,0.002293902945627249
2025-12-24,0.0026639649393705982,0.0027676654154504647,0.0027604733220644093,0.002541728336136375
2025-12-26,0.0003603387546735734,0.000215325578301566,0.0006077375997520655,0.0007532513819344798
2025-12-29,-0.0011483383758229405,-0.0009746949654518696,-0.0014739638133600668,-0.0017274595395151467
2025-12-30,-0.000940625410470338,-0.0007955688486251366,-0.0007840880258947082,-0.0006642611564145424
2025-12-31,-0.004563077035592486,-0.004781245207654134,-0.004928376985134843,-0.004757640006603001
2026-01-02,0.0007089340892346369,0.0008052493618530415,0.0009550374461034055,0.001005418786076122
2026-01-05,0.004169851310517283,0.004260017618005761,0.004548804791347893,0.004508165921888269
2026-01-06,0.0025600669899317713,0.0025044060011663394,0.0028566007991074737,0.0029134132262276
2026-01-07,-0.0007379628950462181,-0.0007604656430173711,-0.0008910009395386575,-0.0010358170906945626
2026-01-08,-0.0013762499554641411,-0.0009590498321316827,-0.001271121148635909,-0.0011802838228794515
2026-01-09,0.0036435385148133933,0.0037579033584618196,0.003862094547386708,0.003719939710846437
2026-01-12,0.0001956706879259365,0.00021771283163281335,0.00045788335834152086,0.0006891869280857165
2026-01-13,-0.0005205876867997409,-0.00022008950743627434,-0.0004743404544098082,-0.0006371191182823874
2026-01-14,-0.0008424858894292812,-0.0009634588383887808,-0.0007428417185007542,-0.000911542403751074
2026-01-15,0.0006881250238274326,0.0006765829491594753,0.000739314075604663,0.0007047746819177116
2026-01-16,-0.0016221185065695427,-0.0015654847537619216,-0.0017003038282356652,-0.0016464594698883173
2026-01-20,-0.011075216442440956,-0.0113733297954228,-0.011199221674632444,-0.010538272209072016
2026-01-21,0.006315939827571558,0.006563693855357252,0.0066579901326539025,0.006428270402275109
2026-01-22,0.002441661868116947,0.0021050883596201797,0.0025885135419264084,0.002726504472722833
2026-01-23,0.000659511563444824,0.000535670389139071,0.0007393868818041243,0.0008704410022679794
2026-01-26,0.0028843154618805517,0.0026418448737502427,0.0029992579659756935,0.003050739158085614
2026-01-27,0.001157526403750477,0.0009243232514969397,0.0013225655664456202,0.001762020939548092
2026-01-28,-0.0009390551095339718,-0.0005989784834273002,-0.00061617669217764,-0.00038667646785432697
2026-01-29,-0.00039672172790498515,-0.00020201482416152958,-0.00038902159012374536,-0.0004953363065242874
2026-01-30,-0.001770410417317086,-0.0013420887875371522,-0.0026640328429474794,-0.003236285144212852
2026-02-02,0.0017323111641416545,0.0015326901268885413,0.0015536468827769194,0.00152467006684288
2026-02-03,-0.0036069397527238676,-0.0035025042548880716,-0.003245393946021476,-0.0031411649518720886
2026-02-04,-0.0021359714237400135,-0.0019839449562956525,-0.002195504872459688,-0.0023408730477838865
2026-02-05,-0.0030959977552020234,-0.0030978832122506407,-0.0036149064111737337,-0.00418582983016667
2026-02-06,0.008822761039771311,0.008747200404424952,0.009430704004180229,0.009546658808428097
2026-02-09,0.0022081864341239464,0.0020174870552222084,0.0025050252047664743,0.002683440003247821
2026-02-10,0.0008145570746692938,0.0008283642259813563,0.0007439205315427958,0.00032873063838867076
2026-02-11,-0.0013469461239478085,-0.0012327838047861896,-0.0010795430970630005,-0.0008094025966044935
2026-02-12,-0.004108968293010956,-0.004339483092240741,-0.004774449173176313,-0.005351656775934082
2026-02-13,0.0021262759803201384,0.0021119495223912922,0.002289137084718714,0.002025354346353331
2026-02-17,0.0009436544004483842,0.0010159494134075074,0.0007767602451919987,0.0005460815120317656
2026-02-18,0.0009283521755507031,0.001478666598951107,0.0014942062775712285,0.0016866041083702004
2026-02-19,-0.0009768906304054319,-0.0007715283576957096,-0.000840189815383581,-0.0009105396915494636
2026-02-20,0.0032653170990839257,0.003198349558158477,0.003551910697749982,0.0036932027137564303
2026-02-23,-0.0032491218774504133,-0.0032448920198403204,-0.0033076649845029966,-0.0034468497709834204
2026-02-24,0.0031752427220636883,0.003188986428428068,0.0032972694716642387,0.003331811272092751
2026-02-25,0.0035171001851989447,0.0033915329318723823,0.0036406864436069088,0.003782242916489274
2026-02-26,-0.001371967483360321,-0.0013429481886367371,-0.0014184755726036147,-0.0016137156599290753
2026-02-27,-0.0009081149263445988,-0.0007467774135568097,-0.0007616059511121617,-0.0008999956925715924
2026-03-02,-0.002472531504280581,-0.0017153679195634575,-0.0021245891541377374,-0.0020282211469315106
2026-03-03,-0.004478177515340788,-0.004323527462164913,-0.004978061231152141,-0.005266946181873688
2026-03-04,0.002558704387791758,0.0025006792894987995,0.0028423187570098905,0.0029463659758250764
2026-03-05,-0.004029975470479682,-0.003948591262888492,-0.004189783084305421,-0.004111163371681792
2026-03-06,-0.0065593716904963975,-0.006570968706185489,-0.006358684635308573,-0.006331355015266588
2026-03-09,0.005566019728173394,0.00555441849068546,0.005675212131787502,0.005434554670226488
2026-03-10,-0.002349782540417599,-0.0023613857892637014,-0.0022055764663756576,-0.0017987895352975971
2026-03-11,-0.002919564199073507,-0.002803471732646159,-0.002809102265245076,-0.002329606542635772
2026-03-12,-0.008335320046939022,-0.008184944106926346,-0.008431751728962244,-0.008463524270221198
2026-03-13,-0.003129223578584358,-0.00288745250635943,-0.003213913597560342,-0.003239138777579206
2026-03-16,0.006555262723248594,0.006372442561235248,0.006675064586566669,0.006534910520407341
2026-03-17,0.002270230911568777,0.0022127707899566493,0.0024405728582795553,0.002142656291498839
2026-03-18,-0.008402381425117761,-0.00820666104458792,-0.008619238763938188,-0.008398233037234153
2026-03-19,-0.0007330067790620083,-0.0010419597108421816,-0.0010558492162958477,-0.0011428124738954077
2026-03-20,-0.011028706052924405,-0.010913158587951435,-0.011485804072448012,-0.010765964905546896
2026-03-23,0.006438343261839651,0.006300186794909301,0.006436330138730843,0.006305332714936419
2026-03-24,-0.002987509522848545,-0.002883441556778527,-0.0029147783522309526,-0.0027540110713204337
2026-03-25,0.004617447197191287,0.004675075766852099,0.004911263921854874,0.004711612113692271
2026-03-26,-0.011207080156615834,-0.011080530547183342,-0.011608331322204474,-0.011420773212864159
2026-03-27,-0.007919922194665913,-0.007885543986257333,-0.0078431383852934,-0.007768649128728233
2026-03-30,0.0014866372524157236,0.001646891642173607,0.0015434889417723133,0.0008677013415277373
2026-03-31,0.014207865582390603,0.013980076537665276,0.014797780713899306,0.014788989196041831
2026-04-01,0.0032072666785247436,0.0031499077912046343,0.0033347197376562042,0.0034300191038245304
2026-04-02,0.0016340048261801188,0.0017740164584375234,0.0016913993647885727,0.0014115080902493047
2026-04-06,0.0012247672359539108,0.0011941571092842732,0.001243106402667972,0.0013301687669076752
2026-04-07,0.0009813057072080046,0.0009791157369578617,0.0009847495937772971,0.0009457335752349563
2026-04-08,0.012143654105580716,0.012204980350078642,0.011980323381170728,0.011820152169894673
2026-04-09,0.002497078048218887,0.0024490466784823444,0.002497832101705889,0.002493445444051866
2026-04-10,-0.0010770504776386842,-0.0011230116459298538,-0.0010854067756713099,-0.0009216285147819225
2026-04-13,0.0052084297767835235,0.005265472644072731,0.005214999445957675,0.0050981090394742875
2026-04-14,0.006618880544297887,0.006719503059076351,0.006545330808533202,0.006394356337707155
2026-04-15,0.0026732688952347725,0.0025905860712610333,0.0025472094759491537,0.002627515906219925
2026-04-16,0.0005049334235966514,0.00038473475222905917,0.0005579492279449091,0.0006419096952037692
2026-04-17,0.00752240580396582,0.007696155376331437,0.007338955286893284,0.00694099762074127
2026-04-20,-0.001194376125503652,-0.001198734938380382,-0.0011125681501337095,-0.00105666162542598
2026-04-21,-0.004558774272851554,-0.004663409816796468,-0.004552841575869127,-0.004324637077610121
2026-04-22,0.004748711947379811,0.0047859741544745175,0.004741575816242442,0.004796923296601961
2026-04-23,-0.002143178725617192,-0.0021847433025934115,-0.0020998818499172126,-0.0020985500216801193
2026-04-24,0.003996806452934077,0.004031886461813841,0.003921486329455932,0.003948022224776536
2026-04-27,-0.0001692753224891398,-0.0002633788818409851,-0.0001418014983839359,1.0811446604275468e-05
2026-04-28,-0.002242399147757918,-0.0022226048926782906,-0.002228963344387801,-0.002342736268179008
2026-04-29,-0.0019156688666675803,-0.002062872547890384,-0.0018235853460803666,-0.001481850669681743
2026-04-30,0.005040143753908013,0.005022429781407021,0.0051389323296548335,0.005142507865665986
2026-05-01,0.0015572988125410335,0.001625147822216983,0.0014420127672569347,0.0013643876729766886
2026-05-04,-0.003149720269514396,-0.0031402322605810712,-0.0031134382623064097,-0.002851304291686166
2026-05-05,0.00429037353537763,0.00429037353537763,0.004384107888634267,0.004223727583422235
2026-05-06,0.008026611240321318,0.008026611240321318,0.008165566368163226,0.007877557911543539
2026-05-07,-0.002689887362308919,-0.002689887362308919,-0.002729173891701232,-0.0024601436588829167
2026-05-08,0.004724498698335667,0.004724498698335667,0.004861303065902768,0.004726255436682521
2026-05-11,-0.00033026846082929144,-0.00033026846082929144,-6.150898544169338e-05,0.00020971722127083038
2026-05-12,-0.0018991668458094389,-0.0018991668458094389,-0.0018634305598763893,-0.0017362924352710303
2026-05-13,0.0023718431608797243,0.0023718431608797243,0.0024616606655498076,0.00247939787675875
2026-05-14,0.0032431788036142496,0.0032431788036142496,0.003189010676748772,0.003190841482280676
2026-05-15,-0.008430902282935965,-0.008430902282935965,-0.0085810246581564,-0.008227808205877589
2026-05-18,-0.0004049532835660237,-0.0004049532835660237,-0.0003551813511301876,-0.00039419216584163076
2026-05-19,-0.004335391528884615,-0.004335391528884615,-0.004382481388046337,-0.004250176657340941
2026-05-20,0.007378848481231932,0.007378848481231932,0.0074008479460365055,0.006917621326199799
2026-05-21,0.0012421020668203864,0.0012421020668203864,0.0012451838913229406,0.0011557465130166708
2026-05-22,0.0022026531343773276,0.0022026531343773276,0.0021060481183026356,0.0019899965978427635
2026-05-26,0.0046069005228877875,0.0046069005228877875,0.004727763096893531,0.004516663448176575
2026-05-27,8.342034266568498e-05,8.342034266568498e-05,-0.00011457226952127331,-0.00019459804889320742
2026-05-28,0.0032611982305605857,0.0032611982305605857,0.0032987857368866973,0.0032621982899509023
2026-05-29,0.001351945603831953,0.001351945603831953,0.00133425782600113,0.0013492501748166464
2026-06-01,0.0004951485028885671,0.0004951485028885671,0.0005916233155749797,0.0007610428966245574
2026-06-02,0.0009438224264832405,0.0009438224264832405,0.001006892718055442,0.0009787647915363196
2026-06-03,-0.003997329549156172,-0.003997329549156172,-0.004010487958845572,-0.003941252111723932
2026-06-04,0.002428008304932334,0.002428008304932334,0.0023702497655412706,0.0021327683929934184
2026-06-05,-0.01302056483636891,-0.01302056483636891,-0.013611431222179724,-0.013763770046261423
2026-06-08,0.000393831002677081,0.000393831002677081,0.0006726586573283238,0.0008582787046047833
2026-06-09,0.00013214511309060363,0.00013214511309060363,-0.00019442250974269258,-0.0005644265787080161
2026-06-10,-0.007281882531076605,-0.007281882531076605,-0.007507796769047902,-0.007517708106910079
2026-06-11,0.010144487357988943,0.010144487357988943,0.010299334974652461,0.010067010864954373
2026-06-12,0.0018668510746462671,0.0018668510746462671,0.001968313726152567,0.0019538056223963227
2026-06-15,0.007944949173874257,0.007944949173874257,0.008205852398622992,0.008319445751629573
2026-06-16,-0.0016605504088499576,-0.0016605504088499576,-0.0019857089163634865,-0.002165937768070183
2026-06-17,-0.007313439911045658,-0.007313439911045658,-0.007424747998566713,-0.007329017952734322
2026-06-18,0.006089685132139714,0.006089685132139714,0.00614817446078993,0.00597829028847034
2026-06-22,-0.0026123244867481727,-0.0026123244867481727,-0.0024515627280621488,-0.002432687657971897
2026-06-23,-0.00558604542358361,-0.00558604542358361,-0.006126797833160762,-0.006443937851717602
2026-06-24,0.002334366881305821,0.002334366881305821,0.001725165293110483,0.001320031376309689
2026-06-25,0.0008231753587893237,0.0008231753587893237,0.0010289604804744209,0.0010893284052934278
2026-06-26,-0.0021778879486674756,-0.0021778879486674756,-0.002341239681486972,-0.0024732639768091686
2026-06-29,0.007222918821831271,0.007222918821831271,0.0072813335368038445,0.007290843495892223
2026-06-30,0.0011501672501860612,0.0011501672501860612,0.0015706931468602693,0.0019457476373259553
2026-07-01,-0.001403024851117914,-0.001403024851117914,-0.001443332553236575,-0.0014659999031413034
2026-07-02,-0.0002112964621009999,-0.0002112964621009999,-0.0003528458385882968,-0.00038930221483874505
2026-07-06,0.003938955690939787,0.003938955690939787,0.004081056179747095,0.004199166794642037
2026-07-07,-0.003989160239247058,-0.003989160239247058,-0.0037141650806070342,-0.0035875863841039503
2026-07-08,-0.0024258164886736214,-0.0024258164886736214,-0.00222495779602219,-0.00198234152199972
2026-07-09,0.0044908408225065154,0.0044908408225065154,0.004418525294105671,0.004394844976654718
2026-07-10,0.0015587643903881188,0.0015587643903881188,0.001599333811038881,0.0015965085242405526
2026-07-13,-0.0046659843180079435,-0.0046659843180079435,-0.004363244821971658,-0.004306016557196057
2026-07-14,0.002442881563050315,0.002442881563050315,0.002448456771318322,0.0025183987555412136
2026-07-15,0.002586752996508711,0.002586752996508711,0.0025729182018502804,0.002479226322301229
2026-07-16,-0.00218368475192245,-0.00218368475192245,-0.0022358107471423037,-0.0025611019631022526
2026-07-17,-0.003881732695619216,-0.003881732695619216,-0.004005831895389329,-0.0039514591821404686
2026-07-20,-0.0020011280264690752,-0.0020011280264690752,-0.0018078009041467725,-0.0016172179955967609
2026-07-21,0.0027862728925993102,0.0027862728925993102,0.0030697722869723497,0.0032917465546859616
