Date,rp_asset_class_trend_hedge_SPY_IEF_252_63,rp_asset_class_trend_hedge_QQQ_GLD_90_60,rp_asset_class_trend_hedge_GLD_QQQ_130_100
2018-01-02,0.0012832037290101,0.0020816005249605,0.0020816280239237513
2018-01-03,0.0005903116763458,0.0004075297538972,0.0004075101693532255
2018-01-04,0.0005502620786902,0.0004904837136684,0.0004904848185245741
2018-01-05,0.000934503509043,0.0005497272145969,0.000549771201593963
2018-01-08,0.0002746436615013,0.0002309693465751,0.00023094059752494698
2018-01-09,0.0008857218703859,-0.0003468529701625,-0.00034685900921742417
2018-01-10,-0.0001329208472339,3.924295176033031e-05,3.9277857809042545e-05
2018-01-11,0.0007267655138743,0.0006639246996853,0.0006638979922799075
2018-01-12,0.0008184805341101,0.0013615298117438,0.0013615458302790077
2018-01-16,-0.0004461534968636,-4.903862319539218e-05,-4.905207058481293e-05
2018-01-17,0.0013059548450649,3.620866881480115e-05,3.622618667947675e-05
2018-01-18,0.0002424087230358,-0.0001568337579532,-0.00015684534994668298
2018-01-19,0.0008306913439833,0.0005246814287811,0.00052468308898144
2018-01-22,0.0009175397059248,0.0007806572745276,0.0007806512924144961
2018-01-23,-0.0001709984018074,0.0008674506595819,0.0008674721347136017
2018-01-24,0.0002166117603157,0.0005332006130788,0.0005331973004591231
2018-01-25,-0.0002520033014003,-0.0005252226459431,-0.00052524561462859
2018-01-26,0.0015790345291033,0.0009712791489924,0.0009713101162336054
2018-01-29,-0.0003427861992087,-0.000713542335336,-0.0007135392011103457
2018-01-30,-0.0007107064361838,-0.0008527676605256,-0.000852757018941146
2018-01-31,1.055921103170206e-05,0.0007590067247919,0.0007589828177358229
2018-02-01,0.0005750557203678,-0.000309980126161,-0.00030994509213563663
2018-02-02,-0.0016679378790056,-0.0022511916172349,-0.002251220284335302
2018-02-05,-0.0052487410575945,-0.0023685590925206,-0.002368554910248652
2018-02-06,0.0016264273117075,0.0004984915292451,0.0004984916216157375
2018-02-07,9.611304172493756e-05,-0.0009415715905992,-0.0009415787311600875
2018-02-08,-0.0021482754619439,-0.0018811216375206,-0.0018811251181436613
2018-02-09,0.0010477808785194,0.0006953548133465,0.0006953630386545552
2018-02-12,0.0008342879627029,0.0011753870920055,0.0011753611814084182
2018-02-13,-0.0001222252085738,0.0005739218875662,0.0005739375383856276
2018-02-14,0.0013801011464702,0.0018618898012467,0.001861889192731503
2018-02-15,0.0005020872227607,0.0007557448756853,0.0007557407759890761
2018-02-16,-0.0003019549488468,-0.0003889635354464,-0.00038897138302458254
2018-02-20,-0.0001219240389178,-0.0008585083000257,-0.0008585114881681474
2018-02-21,0.0001849536993652,-0.0004074933677157,-0.0004074696381002173
2018-02-22,-0.0001297482044633,0.0003333999222725,0.0003333999042325938
2018-02-23,0.0001526656894955,0.0006418682562027,0.0006418678273348629
2018-02-26,0.000326957005421,0.0006336607324703,0.0006336423417228232
2018-02-27,-9.13734308876368e-05,-0.0011258533809249,-0.0011258460862586315
2018-02-28,-0.0007262676168347,-0.0002905069061211,-0.0002904949441963747
2018-03-01,-0.0011655452604922,-0.0007121075015085,-0.0007121004538850792
2018-03-02,0.0007043697937169,0.0006756511484657,0.0006756290726421607
2018-03-05,0.0006402015584129,0.000269609462801,0.00026960824223574444
2018-03-06,0.0001109440153958,0.0008727346919748,0.0008727619009033698
2018-03-07,-1.4284725911364313e-05,-0.0003532091425138,-0.0003532283331996244
2018-03-08,-8.616594288637667e-05,2.71846118363882e-05,2.718902925053041e-05
2018-03-09,0.0009652288499072,0.0007293277518255,0.0007293285119554779
2018-03-12,-0.0003628156892208,0.0001817828302174,0.00018178394280274167
2018-03-13,-0.0004693297630563,-0.0003283608080181,-0.0006580201709769643
2018-03-14,-0.0004567308541537,-4.948411772948868e-05,3.772833185030448e-05
2018-03-15,1.036718556167474e-05,-0.0004657282915726,0.00040685371939377723
2018-03-16,0.0001975996870792,-0.0002648263222928,6.451189109622854e-05
2018-03-19,-0.0003869053796305,-0.0005702092216314,-0.0008673319425173097
2018-03-20,0.0003248938783568,-0.0002016627795024,0.0004154881801067455
2018-03-21,-0.0001641191226959,0.0010588042520875,-0.00134335714907724
2018-03-22,-0.0014938273853921,-0.0010785238394518,-0.0005345453408646132
2018-03-23,-0.0009882346558912,2.91481450864421e-05,-0.001751295880814573
2018-03-26,0.0013984036166348,0.0015754604359791,0.0008529630193891128
2018-03-27,-0.0013320863552774,-0.0013283560173154,-0.0013913326294697338
2018-03-28,-7.400253360460274e-05,-0.0012019304959426,-0.0012019259782147093
2018-03-29,0.0001601014009042,0.0005596739104495,0.000559678883096198
2018-04-02,-0.0008656163928104,-9.849806671904372e-05,-9.848953213507439e-05
2018-04-03,0.0008415791731373,-0.0001592393439284,-0.00015924396391036864
2018-04-04,0.000424780799813,0.0004963686291445,0.0004963535442161484
2018-04-05,0.0005933437193309,-0.0001601326691822,-0.00016012935512293647
2018-04-06,-0.0013081594701056,-0.0003869080718478,-0.0003869052800214903
2018-04-09,0.0001338890137695,0.0003961544520171,0.00039614961847468113
2018-04-10,0.0007286818342433,0.0007160362381872,0.0007160338136081271
2018-04-11,-0.0002933268687991,0.0003189015834121,0.0003189111954106208
2018-04-12,0.0007363408348354,-0.0003870802908398,-0.00038707356030913957
2018-04-13,-0.0002085923336219,0.0002600138441104,0.00026001322399169316
2018-04-16,0.0003215061008812,0.0002834875125543,0.0002834858295033006
2018-04-17,0.0002521005951285,0.0006070940670397,0.0006070992934621659
2018-04-18,0.00054268197096,9.941977384580076e-05,9.941506626162064e-05
2018-04-19,0.000194123393667,-0.0003527284403523,-0.0003527419848411033
2018-04-20,0.0001830266278792,-0.0008617128827289,-0.0008617076083750278
2018-04-23,0.000126615833954,-0.0005437463953613,-0.0005437441931235092
2018-04-24,-0.0002562631493912,-0.0008915197899478,-0.0002361089663347798
2018-04-25,0.0003654034885879,0.0004283685704259,-0.0003680575977219244
2018-04-26,-6.995022228736039e-05,0.0007446377500773,0.00031447554973379444
2018-04-27,-0.0001945650028803,-0.0002444523355715,0.0002755084973931493
2018-04-30,-0.0003807460861964,0.0002660405305698,-0.0006229585616081348
2018-05-01,0.0002631670624406,0.0007129219827439,-0.000147522237102395
2018-05-02,-0.0002320657092235,-0.0001164810468382,-0.00017557678084602373
2018-05-03,-0.0004095232823747,-0.0003134047521316,0.00030728642637509597
2018-05-04,0.0003836350385477,0.0003423818282188,0.0005972579603936697
2018-05-07,0.0001692576995285,0.0001910921626737,0.0002204352284642602
2018-05-08,0.0002194631854722,-4.241217982160461e-05,-2.2036092039484707e-05
2018-05-09,0.0006677316788395,0.0004425693027838,0.0001776834690893818
2018-05-10,7.67978258726503e-05,-0.0001389836372795,0.0007288225592177759
2018-05-11,0.0001022258280705,6.442599560408345e-05,-0.00011810277153596511
2018-05-14,0.0003071688776916,0.0003076496485593,-0.0002102480419323806
2018-05-15,0.0004659496693804,0.0007581433175878,-0.001419372840002111
2018-05-16,0.0004438555504609,0.0003004695766971,9.125100499852067e-05
2018-05-17,4.6363557432791295e-05,-0.0001525449811518,-7.534441431569932e-05
2018-05-18,-0.0006166043344605,-0.0001806291404863,-0.0001255302468073948
2018-05-21,0.0002034999106812,0.0001276919333092,0.00020482650520551365
2018-05-22,-5.850664316137878e-05,-9.996988656220504e-07,-7.765494966199321e-05
2018-05-23,-0.0004985948395172,0.0001809595214755,0.0003234013361172222
2018-05-24,-0.0004243380337808,-0.0005834626549217,0.0005658496301499383
2018-05-25,-0.0006205676555994,0.0002361498381762,-0.00017626603097643516
2018-05-29,-0.0018987859507932,-0.0001210997766668,-0.00014286071026501366
2018-05-30,-0.0001500259429669,0.0001198954711806,0.0003183350072380339
2018-05-31,-0.0003191243767813,0.0001287612151192,-0.00016846748423971113
2018-06-01,-8.539197235710692e-05,0.0008187304101171,0.0001457545169347173
2018-06-04,-0.0002737796914361,0.0003439225216072,0.00021087116544666015
2018-06-05,0.0003708226472057,-0.0001817966800259,0.0003679979774372558
2018-06-06,-0.0001947694277398,0.0001377051879931,0.0002175785328217423
2018-06-07,0.0005608635456955,-0.0002133912837589,-0.000281808356001535
2018-06-08,-6.224127378364212e-05,-8.380530916340922e-05,8.731052090126432e-05
2018-06-11,-7.676609811330649e-05,-4.331174071159668e-05,0.0002073844041740085
2018-06-12,-2.506146046098473e-05,0.0003973002615814,-7.10649326833514e-05
2018-06-13,-0.0002913070179578,-0.0002138031384088,0.0002102765574744539
2018-06-14,0.0005262155714201,0.0002063414900818,0.0004234465019394427
2018-06-15,5.135485612053629e-05,0.0010551686023157,-0.001272327893128544
2018-06-18,-2.079654088827916e-05,0.0001154393268449,-0.0001513865300060082
2018-06-19,0.0001782928343874,8.903664170980067e-05,-0.00027774623972645765
2018-06-20,-0.0003535196123482,0.0005531550748241,-8.73982723509348e-05
2018-06-21,6.992862448081062e-05,-0.0001597695480131,-0.00040999315440196494
2018-06-22,0.0001085737685167,-0.0002458457026021,0.00010028550761102119
2018-06-25,-0.000433131863836,-0.0004708376320084,-0.0010066650628068933
2018-06-26,0.0001787855895338,0.0005714416879841,-0.00026564456086552416
2018-06-27,6.861929938371824e-05,-7.886672336826782e-05,-0.0009871498801491975
2018-06-28,0.0001735722606351,0.0005789648059071,9.532471414709271e-05
2018-06-29,-2.743173400792363e-05,-0.0001843990670384,0.00039503116623674313
2018-07-02,2.224995327149368e-05,0.0010614490950702,-0.0005362634898767264
2018-07-03,0.0001043731732482,-0.0013602543279144,-0.001439892461541272
2018-07-05,0.000541488417257,0.0002799998965974,0.0002799880033002896
2018-07-06,0.0006650011429603,0.0008310356902311,0.0008310410460538486
2018-07-09,0.0002454623417661,0.0002032755004066,0.0002032802566542025
2018-07-10,0.0002098724797747,0.000187709304307,0.00018771345393023013
2018-07-11,-0.0007614208663323,0.0006838910271454,0.0006838702579231831
2018-07-12,0.0006563792224755,0.0004292750011456,0.0004292721616896643
2018-07-13,-0.000168789993076,0.0004086139329116,0.0004086180486004837
2018-07-16,0.0001613070238815,-6.541946148655854e-05,-6.539940387419379e-05
2018-07-17,6.143100524461377e-05,0.0011747681750093,0.0011747605362790875
2018-07-18,3.793272106386919e-05,-0.0001092509988206,-0.0001092678592906565
2018-07-19,0.0001101192980472,0.0001219436827622,0.00012196374243967506
2018-07-20,-0.0005451225260861,-0.0005454707977017,-0.0005454791895083536
2018-07-23,-0.0005264750652847,0.0005454244539413,0.0005454248878461697
2018-07-24,0.0004578564508648,0.0001881054877702,0.000188125038472655
2018-07-25,0.0005332134429247,0.0002937606262068,0.00029374280856829386
2018-07-26,-0.0003172454656572,-0.0001690411664576,-0.0001690427600601445
2018-07-27,-0.0002869229524472,-0.0007632876312288,-0.0007632842894082456
2018-07-30,-0.0005533431369151,-0.0006271383948028,-0.0006271349874123746
2018-07-31,0.0005414857961479,0.0001272458781733,0.00012724340859925087
2018-08-01,-0.0004364083181805,0.0007968556675396,0.000796861110201592
2018-08-02,0.0005536675077014,0.0011157168386601,0.0011157114122664338
2018-08-03,0.0006530268245294,-0.000140939671392,-0.00014092571432403444
2018-08-06,0.0003319031690722,0.0007164017741915,0.0007163857647566059
2018-08-07,-2.1875038556593742e-05,-3.7304641447862258e-06,-3.6973820377472418e-06
2018-08-08,8.56141958608751e-05,-0.000169239589063,-0.00016926159913566562
2018-08-09,0.0002615339442847,9.153398212478992e-05,9.154271396253957e-05
2018-08-10,5.702679880780512e-05,-0.0003531514434324,-0.00035316806579633735
2018-08-13,-0.0003287841017632,0.0011906407265804,0.001190640256925101
2018-08-14,0.0003619222880803,0.000242674677167,0.0002427045663165194
2018-08-15,-0.0002500771991204,0.0007462584404576,0.0007462498324821747
2018-08-16,0.0005852581627564,0.0002372934737933,0.00023728994248601543
2018-08-17,0.0003236826857088,-0.0007572571783831,-0.0007572709502213193
2018-08-20,0.0005813701124403,-0.0004601119796752,-0.00046010767856169085
2018-08-21,-5.4698345540766255e-06,-3.918062811705228e-05,-3.917484590898844e-05
2018-08-22,0.0002019214624642,2.9733684634000528e-05,2.971222286637511e-05
2018-08-23,-0.0001131219986784,0.0006464481668937,0.000646456722199465
2018-08-24,0.00049280284155,-0.0008564240809449,-0.0008564072870927764
2018-08-27,0.0002974654287215,0.0002337152671876,0.00023370064219999006
2018-08-28,-0.0002624265315076,0.0006126760147175,0.0006126675398429144
2018-08-29,0.0004144915980169,0.0002862243639224,0.00028623801779692834
2018-08-30,-9.378718936124952e-05,0.0002425598700983,0.00024258145473364295
2018-08-31,2.8848994953927267e-05,0.0001446856921634,0.00014467277827962173
2018-09-04,-0.0004498911790148,0.0001260762436984,0.00012607459752448172
2018-09-05,-0.0002420650835748,-0.0009041241694547,-0.0009041337126068439
2018-09-06,1.8343913954214485e-05,-0.0005953308593646,-0.0005953252873161766
2018-09-07,-0.0007644379522692,-1.7065658981523402e-05,-1.708552149035512e-05
2018-09-10,0.0002263170701145,0.0002226227344608,0.00022262870882936608
2018-09-11,-0.0002052061710089,0.0003485300482815,0.00034854612237169983
2018-09-12,0.0001780337600636,-0.0007132216760466,-0.0007132226532412379
2018-09-13,0.0004870106639235,0.0007829678081167,0.0007829758078969424
2018-09-14,-0.000234599566003,0.0002885585941259,0.000288544396854771
2018-09-17,-0.0004213496892953,-0.001081266137367,-0.0010812621854437597
2018-09-18,-9.073444202030202e-05,0.0005084087730997,0.0005084156282861802
2018-09-19,-0.0001335904833209,-0.0003029470587376,-0.0003029559381128051
2018-09-20,0.0007016998453764,0.0003104028844095,0.00031041061386516194
2018-09-21,-2.478285667656395e-05,0.000197451156373,0.00019744093557794813
2018-09-24,-0.0004274963179757,0.0001490195270512,0.0001490290038610058
2018-09-25,-9.131087057605182e-05,-3.784316140773719e-05,-3.7833612963145914e-05
2018-09-26,-0.0007145549890689,0.000397974669439,0.0003979840301230704
2018-09-27,0.0002595970840742,0.0010554658386876,0.0010554294964683904
2018-09-28,-5.635810285405609e-05,-0.0004439416659353,-0.0004439232856171204
2018-10-01,0.0006608420048841,0.0002241201600465,0.00022412959405304072
2018-10-02,-0.0004026126511323,-0.0009380430922021,-0.0009380482390380237
2018-10-03,0.0010435649174943,0.0003375009279941,0.00033749610570086273
2018-10-04,-0.0004104254859547,-0.0011349251798451,-0.0011349420655785924
2018-10-05,-0.0002214554704461,-0.0008961826777663,-0.0008961892228095098
2018-10-08,-5.354169916212589e-05,0.0004238534189464,0.00042387298042964133
2018-10-09,-0.0004034354759053,0.0001410661028088,0.00014106131584210718
2018-10-10,-0.0032648070634417,-0.0026008361388407,-0.0026008487931532803
2018-10-11,-0.002771351235585,-0.0024265278043162,-0.0024265132328654387
2018-10-12,0.0015620708256114,0.0018610505964787,0.0018610574398839916
2018-10-15,-0.0006471385351099,-0.0011221720332749,-0.001122172676694385
2018-10-16,0.0013478097364927,-0.0011269374127778,0.0012724800136863746
2018-10-17,0.0003963427571634,-1.07990115572166e-05,2.1233835929976215e-05
2018-10-18,-0.0011341122963544,0.0008720559686665,-0.0010076399293542334
2018-10-19,0.0001260107086897,-9.436275773893612e-06,-8.433494722771994e-05
2018-10-22,-0.0003046213853965,-5.239295849035247e-05,0.0003646905121963684
2018-10-23,-0.0006363041165723,-0.0002225006179301,-0.0005038130396308087
2018-10-24,-0.0024273962959657,0.0016065808432432,-0.0018919578452246076
2018-10-25,0.0013297029685259,-0.0011852057821366,0.0014593676769580992
2018-10-26,-0.0015885976242333,0.0007876284326364,-0.0011786244105516505
2018-10-29,-0.0002995366488689,0.0010289179158953,-0.0005443431413607651
2018-10-30,0.0009823610277132,-0.0008458752438087,-0.000272074752350002
2018-10-31,0.0008327181735231,-0.0010735117598995,-0.0003781714569175371
2018-11-01,0.0003864642682883,0.0003887633199472,-0.0012033870898997263
2018-11-02,0.0004641325306664,0.0004916091386206,0.00047035688881528754
2018-11-05,0.0001793844859174,-7.21147684039951e-05,0.00022523911072981853
2018-11-06,0.0004285764123705,-0.0003937590989848,-5.350107080672062e-05
2018-11-07,0.0009574909027864,-0.0009238016038747,-0.0009134644414398284
2018-11-08,0.0001055455386438,5.754926654496335e-05,0.0003160683031294276
2018-11-09,-0.0009579986893945,-0.0001800753190071,0.0011671373335923603
2018-11-12,-0.0012349255880045,0.0004564605213334,0.0013158938471328414
2018-11-13,-0.000185941097544,-3.474896808503458e-06,-4.89676230934892e-05
2018-11-14,-0.0005643693922862,0.0007410077338664,-0.00032782949202508395
2018-11-15,0.0003437974225231,-0.000400443793764,-0.0005470374040029919
2018-11-16,-0.0003010790537441,0.0005738031652724,-0.00038369036226575007
2018-11-19,-0.0009051516889662,0.0009074511069951,0.0008515546246521206
2018-11-20,-0.0007252122124472,0.0004626341127213,0.00046262975008261575
2018-11-21,0.0001645854281287,-8.429748438324145e-05,-0.00031112865840487216
2018-11-23,-0.0003500086522146,0.0001344700485119,0.00024175213547105337
2018-11-26,0.0007603906473365,-0.0006786383325811,-0.0005235824903417792
2018-11-27,-1.2458023572530974e-06,-0.0005110561528235,0.0003365650344293134
2018-11-28,0.0009114135159559,-0.0005538631496653,-0.0010852571538822974
2018-11-29,-0.0004274526410057,0.000304640972302,-0.00013858593422070263
2018-11-30,-2.4753276491764405e-05,-0.0003075010031317,-6.202577025676205e-05
2018-12-03,0.0002251562904344,8.978596382187165e-05,-0.0009798801071931407
2018-12-04,-0.0007132647385478,0.001363583616237,0.000509576847820692
2018-12-06,0.0002830247141373,-0.0001606237244276,-0.0001845368805738058
2018-12-07,-0.0004664730340221,0.0013748269494926,0.00023926026998700425
2018-12-10,0.0001477413440667,-0.0004990620719851,-1.29132725639238e-05
2018-12-11,-0.0003306748198904,-0.0001597416055951,5.880884882802701e-06
2018-12-12,-0.0001935015343386,-5.392130638872636e-05,-0.0003500390296529599
2018-12-13,6.678798084166701e-05,-0.0001606110617872,0.00014670610992092108
2018-12-14,-0.0004166336638121,0.0002803842613309,0.0008371461639545739
2018-12-17,-0.0002739751558899,0.0010016941717572,3.830937899603729e-05
2018-12-18,0.0003313773635831,2.3761624465138584e-05,-0.000308579978322864
2018-12-19,0.0009606250973779,0.0001284026806674,0.0009809648722763603
2018-12-20,0.0003692829367056,0.001405638890474,-0.0007507530364499542
2018-12-21,0.0007925147706382,0.000395074270422,0.0010051840486301681
2018-12-24,0.0012077883590622,0.0013261453125475,-0.0002058044360329635
2018-12-26,-0.0022061962803768,-0.0015580810153855,-0.0011568620385905616
2018-12-27,9.744605537874776e-05,0.0004246040483359,-0.0005926344742490895
2018-12-28,0.0007633770664221,0.0002831652974098,-0.0002604584722009595
2018-12-31,0.000228039656883,-7.81028943017922e-05,-0.0002880477210773935
2019-01-02,0.0002511090563473,-3.613979907112383e-05,-0.00010302068921072411
2019-01-03,0.0017160192765526,0.0012666771841795,0.0012666763456656753
2019-01-04,-0.0019979102404847,-0.0013998401026209,-0.001399834297246945
2019-01-07,-0.000587167094954,8.761682555001864e-07,8.812183428284575e-07
2019-01-08,-0.0005768183584543,-0.0003561193384431,-0.00035611876048619734
2019-01-09,-4.379285754173136e-05,0.0002855971988586,0.00028559205125180357
2019-01-10,-0.0001553724661176,-0.0004566013712456,-0.00045659368861510817
2019-01-11,0.0003879475775417,0.0001870645383925,0.00018705871605577965
2019-01-14,8.100932934503595e-05,0.0003293152405469,0.00032932214371296205
2019-01-15,-0.0004456313630626,-0.0005355975279918,-0.0005355981816107612
2019-01-16,-0.0001436947374453,0.0002587713415309,0.0002587673745461909
2019-01-17,-0.0004533759350623,-0.000262668615902,-0.0002626680207877839
2019-01-18,-0.0007916804526489,-0.0009103877476201,-0.0009103830768970128
2019-01-22,0.0008372424878894,0.0006855606849701,0.0006855553664345884
2019-01-23,-0.0001213919110441,-0.0001357712829933,-0.0001357711875223816
2019-01-24,0.0004096351046963,-0.0002508383878194,-0.0002508379185228734
2019-01-25,-0.0005380364694046,0.0008995180795922,0.0008995091967299714
2019-01-28,0.0002456650409001,0.0005182753181647,0.0005182877913697798
2019-01-29,0.0004224978405024,0.0006172728788251,0.0006172659319944292
2019-01-30,-0.0001481485566188,-0.0001246884125625,-0.00012469094479478185
2019-01-31,0.0003603362554198,-0.000287950916373,-0.0002879414847994848
2019-02-01,-0.0007272669011547,-5.756284223532344e-05,-5.755900367710553e-05
2019-02-04,-0.0004969261526381,-0.000590792882832,-0.0005907983263207114
2019-02-05,0.0001097251107587,6.177557012987989e-06,6.1781948400924455e-06
2019-02-06,0.0001406303667223,-0.0004578340224365,-0.00045783018453038766
2019-02-07,0.0007110853158161,0.000479040670928,0.0004790417936504012
2019-02-08,0.0001433025110978,0.000251088682487,0.0002510846918858063
2019-02-11,-0.0002199718536114,-0.0003590574239261,-0.0003590513232402655
2019-02-12,0.0001768295377567,-0.0001686878158529,-0.00016869548933477166
2019-02-13,-0.0002351176382833,-0.0003353035814081,-0.0003353077832621313
2019-02-14,0.0005614942847172,0.0004235326122226,0.0004235369580204482
2019-02-15,0.0001987375886478,0.0003858634054123,0.00038586583670767834
2019-02-19,0.0002816241747437,0.0011839439171671,0.001183946171861089
2019-02-20,3.52106876636115e-05,-0.0001314600337354,-0.00013146440194121572
2019-02-21,-0.0005024987027863,-0.0007811331210733,-0.0007811181606726114
2019-02-22,0.0005834560292825,0.0001021180653518,0.00010210542834470282
2019-02-25,-0.0001628915149854,-0.0001650529549047,-0.00016505266594452506
2019-02-26,0.0003731304271711,9.573204597711236e-05,9.57365651804074e-05
2019-02-27,-0.0004843517482776,-0.0005039078128789,-0.0005039145047522614
2019-02-28,-0.0004025903809992,-0.0003557818734914,-0.0003557776355121538
2019-03-01,-0.0002438395773852,-0.0014133314233603,-0.0014133375349020684
2019-03-04,0.0002990391806208,-0.0001964688524569,-0.00019646001545667327
2019-03-05,3.301783716479481e-05,8.01639178725944e-05,6.701579345300895e-05
2019-03-06,0.000178087786082,-0.0002026768140227,8.057052296057763e-05
2019-03-07,0.0001799017017843,-0.0003619994162751,0.00025089295376296255
2019-03-08,0.0001271308387867,0.00070159585646,0.000777338918764707
2019-03-11,0.0003624413886986,0.0001893513664269,-0.0008493228632165455
2019-03-12,0.0004978027303802,0.0005518403664257,0.0005268595469772255
2019-03-13,0.0001766123843517,0.0006700852406477,0.000670087046885947
2019-03-14,-0.0002126484482031,-0.0008194054691911,-0.0008194053225905023
2019-03-15,0.0005896714787456,0.0005553621023789,0.0005553612995214296
2019-03-18,-5.299807860238633e-05,0.0001019761821233,0.00010198077890379557
2019-03-19,-8.087026420249128e-05,0.0002716641230844,0.0002716537962903953
2019-03-20,0.0008195106466784,0.0005314966749585,0.0005314988453803463
2019-03-21,0.0003441420979599,0.0001768679085265,0.00017687404420330425
2019-03-22,0.0002912953730669,-0.0004633026462179,-0.00046330307262372103
2019-03-25,0.0003113528046246,0.0004435169429438,0.00044350710221358395
2019-03-26,0.0002482193765135,-0.0001769900227306,-0.00017698748818161374
2019-03-27,0.00013031055675,-0.0005993948480546,-0.0005993804671269134
2019-03-28,0.0001992532813884,-0.0008925002233894,-0.0008925006745781837
2019-03-29,9.86379089463945e-05,0.0003429657310208,0.00034295098562596725
2019-04-01,-0.0003323548308194,0.0002191524577812,0.00021916320294740956
2019-04-02,0.0002511608952619,-0.0001655694564026,0.0003973300345309798
2019-04-03,-0.0003319740722964,0.0003291855599076,0.00013152933479084467
2019-04-04,0.0002796634425624,-0.0001857130199022,0.0001551658322216995
2019-04-05,0.0003199445656403,0.0002785796771538,0.0001360200124863544
2019-04-08,-0.0001740647773934,-0.0001889345485947,0.00039297410280126027
2019-04-09,-8.585182510072664e-05,0.0001237504340713,0.00019072601656299856
2019-04-10,0.0005288797252672,0.0004631105406285,0.00046310026504290644
2019-04-11,-0.0003192574714341,-0.0009902659145831,-0.0009902649666929352
2019-04-12,-0.0001937286147772,0.0001345526206053,0.00013455089307341027
2019-04-15,0.0001362750719752,-0.0001222386993811,-0.00012223073475827346
2019-04-16,-0.0004140627457315,0.0006923466281362,-0.0004259919701038696
2019-04-17,-0.0001311778052223,0.0002967935448849,4.462359749304821e-05
2019-04-18,0.0004431833720242,1.337717353761679e-05,0.00011224369244759338
2019-04-22,-0.0001347400727101,0.0001385156473966,0.00013853538333042314
2019-04-23,0.0008574751740521,0.0008041943082469,0.000529027907911275
2019-04-24,0.000353355667138,-0.0003586991988798,2.7295783572512717e-05
2019-04-25,-0.0002062711360489,0.0001583622538155,0.00026831010186355466
2019-04-26,0.0006739612551987,-0.0003925901961467,0.0004864081932022399
2019-04-29,-0.0001690372584206,0.0003967033013461,-0.00019267618548037783
2019-04-30,0.0003001614346651,-0.0006944629220048,-0.0002677609849757038
2019-05-01,-0.0006190663935097,0.0002625945156467,-0.0006572377765729498
2019-05-02,-0.0005390743560697,1.3142921957421926e-07,-0.000532307675428195
2019-05-03,0.0009044671695974,0.0005652899736389,0.0013902342312780195
2019-05-06,3.554745588187899e-05,-0.0004677297320337,-0.00028293957025189286
2019-05-07,-0.0007782833006202,-0.0014309025432183,-0.0009727096310632481
2019-05-08,-0.0003537661100508,1.5586713335700184e-05,-0.0003268918772354243
2019-05-09,0.0001292520282469,-0.0004979251217607,-0.00016602748412845373
2019-05-10,0.0002826491611867,-5.453092306763796e-05,0.00020808069873542746
2019-05-13,-0.0011879403270221,-0.0028467612991606,-0.001433688896540388
2019-05-14,0.0004214105432678,0.0006469058695378,0.0004125762597525259
2019-05-15,0.0007834506087026,0.0007295507474237,0.0006513117871192409
2019-05-16,0.0003040854633091,0.0009833568536275,-8.443433161272164e-07
2019-05-17,-0.0003326240022493,-1.5198378993933634e-05,-0.0009839684266463773
2019-05-20,-0.0006289956892358,-0.0008195381532797,-0.000830896718150528
2019-05-21,0.0003891236645115,0.0006403788017383,0.0002961724457375044
2019-05-22,0.0002169556028482,-0.0001277208922935,-0.0002755902820747854
2019-05-23,8.015427935588449e-05,-0.0012662534639726,-0.00011914993210917504
2019-05-24,9.855202665426158e-05,-0.0001024049166989,5.6687143025139456e-05
2019-05-28,2.666131609528079e-05,0.0001170773262252,-0.00045753775828253273
2019-05-29,-0.0004337670506747,-0.0003908666191798,-0.00033786570293651506
2019-05-30,0.000638209979077,-0.0003588310017367,0.0007275042327803904
2019-05-31,0.0001184900987532,-0.0017785462124951,0.00037951960465887585
2019-06-03,0.0004963940962758,-0.0021209918338375,0.00019012358098204507
2019-06-04,0.0007273571243106,0.0011124828679718,0.0011839901785305892
2019-06-05,0.0004853109805934,0.0004907910659209,0.0004907899122823003
2019-06-06,0.000339809405607,0.0005628430182258,0.0005628605396911174
2019-06-07,0.0010875733571998,0.0012034897741236,0.0012034752531485864
2019-06-10,-0.0004020750800534,-0.0002288442879166,-0.00022884983288577293
2019-06-11,-1.4405021010158548e-05,-4.077977867633712e-05,-4.0783267896720614e-05
2019-06-12,0.0002503774734925,0.0001680183895133,0.00016800548577372164
2019-06-13,0.0005481644658417,0.0006914909148849,0.0006914971823319295
2019-06-14,3.926326115295509e-05,-0.000188663192551,-0.00018864594330226633
2019-06-17,-4.228167223452788e-06,0.0001857004242617,0.0001856692968395376
2019-06-18,0.0008189878898074,0.0009554951144269,0.0009555389050978053
2019-06-19,0.000486802055917,0.0006075909295403,0.0006075703962651419
2019-06-20,0.0007325586562891,0.0022771535458013,0.0022771529313361247
2019-06-21,-0.0006237013573974,0.0004453271141259,0.0004453205626811231
2019-06-24,0.0003966436856414,0.0011285031853188,0.0011285098426677101
2019-06-25,-0.000346028283875,-0.0005655969621653,-0.0005655976036108235
2019-06-26,-0.0006009633731643,-0.0004282304935308,-0.0004282208184819405
2019-06-27,0.0006004619289341,8.820728362639363e-05,8.818250786933841e-05
2019-06-28,0.0003497309998245,0.0002337891962619,0.000233802758677104
2019-07-01,0.0003425259138383,-0.0007573701081902,-0.0007573721990185088
2019-07-02,0.0006190101839294,0.0014517808943924,0.0014517769906242579
2019-07-03,0.0007000564960267,0.0003970727354817,0.0003970650325007847
2019-07-05,-0.0009096975523501,-0.0007584910463253,-0.0007584743697019315
2019-07-08,-0.0004401706243359,-0.0006678115108441,-0.0006678169904832231
2019-07-09,-1.6286067288014258e-05,0.0003877844560505,0.0003877804748655358
2019-07-10,0.0003378823565756,0.0012653572449502,0.0012653722878515948
2019-07-11,-0.0005278175443742,-0.0004960387096891,-0.000496048335665811
2019-07-12,0.0003949441617082,0.0005727948254954,0.0005727907613662212
2019-07-15,0.0002996932758119,0.0001257717569629,0.00012577131397565892
2019-07-16,-0.0004720953775084,-0.000669607204191,-0.000669606407043327
2019-07-17,0.000245778312363,0.0007204046572505,0.0007204022163131831
2019-07-18,0.0005319255329875,0.0008266287431946,0.0008266350212200767
2019-07-19,-0.0005513613934731,-0.0011012974228414,-0.0011013026982946861
2019-07-22,0.0001972752260519,0.0003018172878782,0.0003018193148972929
2019-07-23,0.0001758565332066,-3.1624375125734065e-05,-3.1632064596609445e-05
2019-07-24,0.000454442319299,0.000529159369149,0.0005291644610893888
2019-07-25,-0.0004949642347153,-0.0007248143698591,-0.0007248157181208718
2019-07-26,0.0003457132172177,0.0004840997485476,0.0004840945845413375
2019-07-29,2.121992872694325e-05,0.0002010306020211,0.0002010344191601895
2019-07-30,-7.402353564714692e-05,1.8438064717325536e-06,1.8413214658924457e-06
2019-07-31,-0.000259788452074,-0.0011909078935222,-0.0011908995699344033
2019-08-01,0.0010342849307899,0.0010160503471355,0.0010160575061711596
2019-08-02,-0.0001367681244399,-0.0007579017959934,-0.0007579091311132822
2019-08-05,-0.0004991328662498,-0.000656315878658,-0.0006563106471543979
2019-08-06,0.0008984708566386,0.0008715914273734,0.0008715993818322612
2019-08-07,2.924668472090237e-05,0.0008890464445012,0.0008890301774046584
2019-08-08,0.0009833683914888,0.00101276051188,0.0010127706394300858
2019-08-09,-0.0005339668799443,-0.0004897066093676,-0.0004897085410957047
2019-08-12,0.0002190653704327,3.107723088046694e-05,3.107854831577503e-05
2019-08-13,0.0003177505751061,0.0005539682946512,0.0005539685460609171
2019-08-14,-0.0006137408340748,-0.0008150827355234,-0.0008150785367644221
2019-08-15,0.0009573596347662,0.0002579542512356,0.00025794785729497835
2019-08-16,0.0003963846740364,0.0003143059899211,0.00031429071257567647
2019-08-19,-1.3914273007850772e-05,6.922013150724188e-05,6.9227893345059e-05
2019-08-20,0.0001907272106112,7.090390094516215e-05,7.090476526409111e-05
2019-08-21,3.971547328277534e-05,0.0001721125747315,0.00017211159690365288
2019-08-22,-0.000281915366217,-0.000226134827695,-0.00022612260243744258
2019-08-23,-0.0003219471161472,-0.0002455676971821,-0.00024557276454105915
2019-08-26,0.0003729571815199,0.0005372604488079,0.0005372618154491018
2019-08-27,0.0003509731027816,0.0004515937853853,0.0003446021322154105
2019-08-28,0.000338940356082,-0.0002413436832935,-3.5459392372254778e-06
2019-08-29,0.000306891902955,-0.0008194190211394,0.00019648468068296537
2019-08-30,1.2936894823418633e-05,-3.206409002300588e-05,-0.00019116541380390323
2019-09-03,1.7521405387224654e-05,0.0009273869252326,0.0002823261537773005
2019-09-04,0.0006865973310087,-0.0002527310578837,0.0007840255731775878
2019-09-05,-0.0004242991076433,-0.0016854322981967,-0.0003697897177125746
2019-09-06,0.0001092139292236,-0.0003293403573869,-0.0004004960047734017
2019-09-09,-0.0007332777120348,-8.492123414208908e-05,-0.00023486472506143848
2019-09-10,-0.0008538506263598,-0.0004846489806807,-0.00044943333008366814
2019-09-11,0.0001903212035206,0.0005762508052774,0.0005762582198817501
2019-09-12,-0.0001102036836776,0.0002296961513399,0.0002296780152733879
2019-09-13,-0.0010841785395164,-0.0004610890911461,-0.00046107408342016814
2019-09-16,0.0003694855407975,0.000180838345316,0.0001808477738582536
2019-09-17,0.0003777331037096,0.0002526393859589,0.0002526239763565864
2019-09-18,6.359525955635327e-05,-0.0002762723588925,-0.0002762693693755288
2019-09-19,4.4182998426154136e-05,0.0002277193353104,0.00022771325709111846
2019-09-20,0.0003984379269356,0.0001149434472691,0.00011494752521900496
2019-09-23,0.0001396379045418,0.0002485250284103,0.0002485338937689987
2019-09-24,0.0001870675278621,-0.0002569560888054,-0.00025696069220306107
2019-09-25,-0.0004387713005191,-0.0003753769786412,-0.00037537810868271186
2019-09-26,0.0001366510669231,-0.0001446693088054,-0.00014466291090766073
2019-09-27,-8.335077913337855e-05,-0.000664050019567,-0.0006640577694283532
2019-09-30,0.0002868399567661,-0.0003099091500008,-0.0003099131417012769
2019-10-01,-0.0002272744160913,-5.388029619598756e-05,-5.3873416021124455e-05
2019-10-02,-0.0004053228487693,-0.000105958177082,-0.00010595909911261686
2019-10-03,0.0009071634841893,0.0005832340208171,0.0005832357807451932
2019-10-04,0.0007939827948744,0.0005209590683203,0.0005209512476004067
2019-10-07,-0.0005398241104281,-0.0004737336516891,-0.0004737362810164388
2019-10-08,-0.0004212058491443,-0.0001341043080358,-0.00013409730303028377
2019-10-09,0.0001253976280284,0.0003754973735593,0.0003755024325014641
2019-10-10,-0.0003750322618419,-0.000114852204259,-0.00011486165641185072
2019-10-11,-0.0002860716756725,0.0002008674214761,0.00020086636287297178
2019-10-14,0.0002433971208722,0.0001709606963786,0.00017094927757992586
2019-10-15,-8.860300483530499e-05,0.0001043421278416,0.00010437219130300935
2019-10-16,0.000133007951687,0.000180420916846,0.00018040734504458334
2019-10-17,8.217122616770674e-05,0.0001541682068378,0.00015416803263335808
2019-10-18,-8.555205653578175e-05,-0.0003714822582634,-0.0003714898850364968
2019-10-21,-9.554991729064336e-05,7.807098895729425e-05,7.80732583553589e-05
2019-10-22,9.805470125484952e-05,-0.0001322459709214,-0.00013224226818640716
2019-10-23,0.0001513467309658,0.0001730509578365,0.00017304517288922592
2019-10-24,4.7649353989801614e-05,0.0006539806457359,0.000653987870251333
2019-10-25,-4.776269662329493e-05,0.0003753169720098,0.00037531326000497263
2019-10-28,-0.0001453460476531,-6.476613534759127e-05,-6.476457636958317e-05
2019-10-29,7.825599450764718e-05,-0.0004018145318712,-0.00040181353649493013
2019-10-30,0.0006277430595549,0.0004359800140787,0.000435987640636733
2019-10-31,0.0005501684768997,0.0005101031265036,0.0005100921210349992
2019-11-01,0.0001806501624075,0.0003532825994541,0.0003532896647615735
2019-11-04,-0.0003637438303664,6.757849946701942e-05,6.757225397083981e-05
2019-11-05,0.0003960962833705,-0.0008188897590555,-0.0008188989015477629
2019-11-06,-0.0002861223667282,0.0001362228380109,0.00013623220101219486
2019-11-07,0.0009854864740876,-0.0006748238188067,-0.0006748273206656694
2019-11-08,0.0002538530368114,-0.0001770485247015,-0.00017705209428162233
2019-11-11,-0.0002003370628922,-0.0001753053432167,-0.00017530516210377667
2019-11-12,6.329766906718878e-05,-6.20139255120605e-05,0.00025751860190507324
2019-11-13,-0.0002689818367603,-0.0001889519341143,0.00021070158847624472
2019-11-14,-0.0004532378351484,-0.0002446641742579,0.0001751081006726647
2019-11-15,0.0004873967187686,0.0004481021105492,0.00019586219898705978
2019-11-18,-0.0001394494429484,-0.0001135569019154,0.00018266391319258612
2019-11-19,-0.0002310721695824,4.302602573153995e-05,9.708050275454478e-05
2019-11-20,-0.0006438476979468,-0.0003335545347162,-0.00027953320220852114
2019-11-21,0.0001672734384953,0.0001793428832576,-0.0004068446513504796
2019-11-22,0.0001649693790772,0.0001337626858128,-6.788241545385414e-05
2019-11-25,0.0004583527599978,0.0008615239301567,0.00034869363405681244
2019-11-26,-5.131059989225536e-05,-0.0001624644537952,0.0003609789300444001
2019-11-27,0.0005870587840214,0.0006555575395913,7.936654174859465e-05
2019-11-29,-0.0001657906291017,-0.0005771089760304,9.736335308205448e-05
2019-12-02,-0.0001898485586692,-0.0005107508269281,-0.0005659630293064979
2019-12-03,-0.001480138521151,-0.0010291061644439,0.00014898780683750195
2019-12-04,0.000869459327447,0.0003652563537962,0.000197279862872231
2019-12-05,0.0003892041176547,7.433646126375342e-05,0.00014516937392690716
2019-12-06,0.000992054978708,0.0012046625967132,-1.626647788904661e-05
2019-12-09,-0.0003144988054867,-0.0002340852016486,-0.0002698306428999814
2019-12-10,5.65498185267861e-05,-0.0002202230701935,0.00012812624057228017
2019-12-11,-0.0002894271069658,-0.0001329054849857,0.0007132007513911754
2019-12-12,0.0015206494969157,0.0006256046274101,0.00019216980977385326
2019-12-13,-0.0006472764505359,-9.481306139763356e-05,0.00045554883614563066
2019-12-16,0.0010225096370458,0.000554371178487,0.000545514665484656
2019-12-17,1.6168876640682347e-06,4.406063014295687e-05,1.6598450181751058e-05
2019-12-18,0.0003063628148508,3.759896864276721e-05,4.676548342628744e-05
2019-12-19,0.0001932368222306,0.0001802136198961,0.000509880920865901
2019-12-20,0.000299660557564,0.0001585719722572,0.00028643037464633274
2019-12-23,0.0002054347866962,-5.039296452539433e-05,0.00034193992219552825
2019-12-24,-0.0002021888561502,-0.0006277109462341,0.0006795790762421756
2019-12-26,0.0002075195512932,-1.4940012306407808e-05,0.0010740597208756648
2019-12-27,-0.0001859942070332,-2.6189847775830887e-05,-7.485621062703243e-05
2019-12-30,-0.0003160642536467,-0.000539409527837,-0.0002472495819597523
2019-12-31,0.0006255389726171,0.0001896504360567,0.00025892538389641663
2020-01-02,0.0002122042233047,0.0016422050602069,0.0016422071899725858
2020-01-03,-0.0014228403621742,0.0003812534350697,0.0003812501797647842
2020-01-06,0.0004421361382882,0.0012009700282048,0.0012009689586843688
2020-01-07,-0.0001091432980842,0.0002669791160058,0.00026698931127317664
2020-01-08,0.0007741623936422,-1.868532280807384e-05,-1.8703117709200474e-05
2020-01-09,0.0005586944546643,0.0001780571156921,0.00017806416630581587
2020-01-10,-0.0005216643834721,0.0002529947616432,0.00025298082650320787
2020-01-13,0.0007857681067832,0.0002619816493836,0.00026199756079251185
2020-01-14,-0.0004005077201609,-0.0003396250608974,-0.00033962968927015363
2020-01-15,-8.975044366582577e-05,0.0004438152779822,0.000443830334779825
2020-01-16,0.001070588650086,0.0005583834805421,0.0005583620229392715
2020-01-17,0.0004051912069673,0.0004773403719032,0.00047735973151409984
2020-01-21,-0.0006813606895764,4.637373479099629e-05,4.636883523343923e-05
2020-01-22,-8.977896734731596e-05,0.0002159194509556,0.00021592457174620375
2020-01-23,0.0004211902963045,0.0003955246845536,0.0003955039401185384
2020-01-24,-0.0004417814830127,-0.0001990230301371,-0.0001990179744725142
2020-01-27,-0.0007563000119507,-0.0010246624681122,-0.0010246626252294918
2020-01-28,0.000477456163587,0.0003727220369517,0.0003727185893320496
2020-01-29,0.0005026270520541,0.0005026899641558,0.0005026948975817367
2020-01-30,0.0003910928906891,0.0002428082658669,0.0002428181292941373
2020-01-31,-0.0009374368687709,-0.0006379133985887,-0.0006379194146293799
2020-02-03,0.0005274544458955,0.0005367373655901,0.0005367338034726623
2020-02-04,0.0004037331131536,0.0003576880093181,0.0003576908994070253
2020-02-05,0.0003198629890831,0.0002914116400772,0.0002913995815553456
2020-02-06,0.0003410572416719,0.0009301238739808,0.0009301457830200707
2020-02-07,0.0002030647806016,-5.276398041641317e-05,-5.276859297094952e-05
2020-02-10,0.0008026412167775,0.0009191312170333,0.0009191409355471139
2020-02-11,-0.0001834233509466,-0.0002708500748576,-0.00027087619419344174
2020-02-12,0.0001186343529016,0.0004657085160948,0.00046572004903020273
2020-02-13,3.828037269421122e-05,0.0003869107563611,0.00038691441078192467
2020-02-14,0.0004203000087864,0.0004912290900229,0.0004912439234383226
2020-02-18,2.322145205169537e-05,0.0010491620370552,0.001049154676236189
2020-02-19,0.0003031962296823,0.0009651727439162,0.0009651690501084393
2020-02-20,8.737971035641118e-05,-0.000190347495373,-0.00019035113617702659
2020-02-21,-0.0001913334283696,0.0001101337827364,0.00011013734879484257
2020-02-24,-0.0012766537776055,-0.0014028269416105,-0.0014028344579876725
2020-02-25,-0.0013246730451821,-0.0024968459850583,-0.002496835950794134
2020-02-26,-0.0002638408686228,0.0005445324560906,0.0005445290881743183
2020-02-27,-0.0018605868750674,-0.0021384917103051,-0.0021384930388269573
2020-02-28,0.0011325716593044,-0.0026630498967887,-0.002663053236578552
2020-03-02,0.002279536439351,0.0026269824584717,0.0026269875395016438
2020-03-03,0.0003466068621433,0.0006964729412619,0.0006964739852147353
2020-03-04,0.0012368901385546,0.001357684607807,0.0013576809565834227
2020-03-05,-0.0001304494634716,0.0002371570405828,0.0002371535609522441
2020-03-06,0.0006146424401721,-0.0004906112339527,-0.0004906107994278192
2020-03-09,-0.001718293922906,-0.0020155027937771,-0.002015501010213471
2020-03-10,-0.0006398660679027,-0.0022576609427095,0.000245404818140638
2020-03-11,-0.0021942518753891,0.0008253545527881,-0.0011586311072326497
2020-03-12,-0.0022554835067287,0.0002214402586315,-0.0039551964723089535
2020-03-13,0.0013961856377895,-0.003357460736936,0.0005009633283678285
2020-03-16,5.760663303303699e-05,0.002192529415696,-0.003263944123246546
2020-03-17,-0.0025939082234235,-0.0005751519258501,-0.0005890179786928932
2020-03-18,-0.0002598430433489,-0.0002929782817345,-0.00029297832417937285
2020-03-19,0.0002029119102026,-0.0007614480075765,-0.0007614467543203985
2020-03-20,0.0024314327557576,0.0010811307429248,0.0010811282603309213
2020-03-23,0.0012091830290004,0.0015749097149051,0.0015749122918345447
2020-03-24,-0.0015894680057061,0.0004837535049977,0.00048375348431050263
2020-03-25,-0.0001699506702894,-0.0003239215073011,-0.0003239203917307739
2020-03-26,-0.0006553986800311,-0.0002874980653347,-0.00028750038517254853
2020-03-27,0.00079548044809,0.0002464296150968,0.00024643278779213804
2020-03-30,-0.0003128825776392,-0.0003351665441835,-0.0003351655346635192
2020-03-31,0.0002734230860075,-0.0007791776261883,-0.0007791795845508472
2020-04-01,0.000754137174286,0.0007657851997978,0.0007657841331080207
2020-04-02,-0.0002676318135135,0.0002111078910844,0.0002111089809481917
2020-04-03,0.0002121117304701,0.0003048696753616,0.000304867627915007
2020-04-06,-0.0010426890996602,-8.507453017249475e-05,-8.507322477101524e-05
2020-04-07,-0.0002475171230361,-0.0001355784086171,-0.00013557658346663264
2020-04-08,-0.0004486129567382,-0.0004719702032264,-0.00047197023603062137
2020-04-09,-5.949951121544906e-05,0.0006623126282623,0.0006623090524215211
2020-04-13,-9.686800306109064e-06,0.0003229148947939,0.00032291491687314874
2020-04-14,-0.0002636716760447,0.0006784683873756,0.0006784621615545962
2020-04-15,0.0007102346217833,-0.0002584946526562,-0.00025849217445928776
2020-04-16,1.611330240773159e-06,0.0001841969500364,0.00018419698676210434
2020-04-17,-0.0004431349715919,-0.0003825903457659,-0.000382592002455219
2020-04-20,0.0003373289493441,4.626113681382906e-05,4.626607335495345e-05
2020-04-21,0.0004835820636092,-0.0005805761211559,-0.0005805803580227987
2020-04-22,-0.0004095325973732,0.0008191191769335,0.0008191193833649829
2020-04-23,3.508468310431236e-05,0.0002236646975526,0.00022366718597541517
2020-04-24,-0.000142415546918,6.900960104468503e-05,6.900381729177738e-05
2020-04-27,-0.0004388387810951,-7.551842700151674e-05,-7.551422921242786e-05
2020-04-28,0.0002788103976322,-0.0003170682076143,-0.00031706587375642713
2020-04-29,-0.0003147816704996,0.0005263945972319,0.0005263963253906076
2020-04-30,-2.150689176618781e-05,-0.0004495487621843,-0.00044955194357314634
2020-05-01,0.0003645764091486,-0.0001587595335594,-0.0001587572577423186
2020-05-04,-2.184721359856499e-05,0.0002144588692809,0.00021445561186570562
2020-05-05,-0.0001409420270754,0.0002274097663088,0.00022741063758803073
2020-05-06,-0.0001207481510438,-0.000247163945935,-0.000247160739889544
2020-05-07,0.0001896117638418,0.000516016685344,0.0005160119799655627
2020-05-08,-0.0003552045468865,2.662013143249546e-06,2.665998937042977e-06
2020-05-11,-0.0001499506812898,-5.483465053220575e-05,-5.4837696912406057e-05
2020-05-12,-5.667956009835762e-05,-0.0001345007108414,-0.00013450236571458743
2020-05-13,-8.613858953209749e-05,9.580868131798458e-05,9.581168483427209e-05
2020-05-14,0.0002130591710643,0.0003372788509478,0.0003372796927674013
2020-05-15,1.6039411444489624e-05,0.0002069388052019,0.00020693572398198113
2020-05-18,1.1532906527023936e-05,2.0522080144835783e-05,2.0521443329794115e-05
2020-05-19,3.443644913139705e-05,0.0002064493887595,0.00020645239068863588
2020-05-20,0.0001974090836796,0.0002744562549952,0.0002744533282019583
2020-05-21,-4.070083922190396e-05,-0.0004713828951013,-0.00047137927059043516
2020-05-22,0.0001191791409956,0.0001808169450605,0.00018081320615489924
2020-05-26,-3.0128162219567403e-06,-0.0003736380877923,-0.00037363511684131926
2020-05-27,0.0002080005464369,0.0001056091978579,0.00010560846764203277
2020-05-28,-6.857117608366506e-05,6.970331756159401e-05,6.970483939723501e-05
2020-05-29,0.0002201734309317,0.0003485173840236,0.0003485151823223849
2020-06-01,2.382317972481823e-05,0.0001492239928081,0.00014922553284205068
2020-06-02,4.040146018740105e-06,-9.271962639595236e-05,-9.272268926330199e-05
2020-06-03,-0.0001715047175878,-0.000431283302198,-0.0004312816855875314
2020-06-04,-0.0002472266758598,0.0001945340685906,0.00019453553262429733
2020-06-05,2.0781768174630883e-05,-0.00030150274371,-0.00030150253580963547
2020-06-08,0.0001976625080174,0.0003734526359751,0.00037344965927815
2020-06-09,-0.0003706616340753,0.000357996681985,0.0003580003659744949
2020-06-10,-0.0005190252337395,0.0005505351757252,0.0005505363095772623
2020-06-11,-0.0009798821941422,-0.0008594511325366,-0.0008594538991671527
2020-06-12,0.0002916846601221,0.0001449145002861,0.0001449164909129723
2020-06-15,0.0001734737566071,0.0001142834929274,0.00011428374918098185
2020-06-16,7.01169712679499e-05,0.0002871009660206,0.0002870990815985731
2020-06-17,6.485471904662218e-05,0.00011243795932,0.00011243805376450664
2020-06-18,0.0001964377325794,-9.759550446748992e-06,-9.759469743864858e-06
2020-06-19,-6.689279684051509e-05,0.0003213595522673,0.00032136184625502866
2020-06-22,2.94375482164931e-05,0.0004028241654331,0.0004028210462364691
2020-06-23,2.9428070265953053e-05,0.0004828809669238,0.00048288277088285653
2020-06-24,-0.0002843902445892,-0.0005609978166236,-0.0005609989327778111
2020-06-25,0.00024265562328,0.0001777661312326,0.00017777072847748247
2020-06-26,-0.000143249361429,-0.0003319028895551,-0.00033190542038860795
2020-06-29,0.0004298741425702,0.0002489167600873,0.0002489159400882706
2020-06-30,4.087421203002909e-05,0.0006251055500779,0.0006251038393072648
2020-07-01,-5.254151747855683e-05,8.485459354290513e-05,8.485538166406602e-05
2020-07-02,0.0002868283996137,0.0002426820682564,0.00024268828626458337
2020-07-06,0.0001456537899584,0.0008045643224806,0.0008045601201321483
2020-07-07,-0.0008256666690556,9.212429661164338e-05,9.2120467785583e-05
2020-07-08,0.0004027337642295,0.0006107758031549,0.0006107754887490235
2020-07-09,-0.0005723027976036,0.000101081291,0.00010107582574844764
2020-07-10,0.0005223112985284,6.448986473442588e-05,6.450150864332665e-05
2020-07-13,-0.0003628985168819,-0.0004793932335557,-0.00047939516688864085
2020-07-14,0.0001981677332084,0.0004094519247244,0.0004094523335693511
2020-07-15,0.0001994288363637,9.67142598344508e-05,9.671928776470308e-05
2020-07-16,1.1222760736724586e-05,-0.0006316929433775,-0.0006316965557207367
2020-07-17,4.3884143055129485e-05,0.0004211876002055,0.0004211761359798028
2020-07-20,0.0003013176848388,0.000994756019492,0.0009947726617099378
2020-07-21,0.0002019903736444,0.0003176799417565,0.0003176778205770518
2020-07-22,0.0002071248685909,0.0008885037177799,0.0008884951836869139
2020-07-23,-0.0002119650594877,-0.000301570460537,-0.000301573485595978
2020-07-24,-0.0002504651206935,0.0001681224000929,0.00016813434223038527
2020-07-27,2.4633135085977106e-06,0.0015394897070123,0.0015394796466350483
2020-07-28,0.0001285075938973,4.740508187235072e-05,4.7404291582173976e-05
2020-07-29,0.0005381376223424,0.0007173350970616,0.0007173412174167149
2020-07-30,7.929458017910893e-05,-0.0002202614880183,-0.00022026832285145819
2020-07-31,0.0002664182246217,0.0009823344528322,0.000982344449558074
2020-08-03,0.0001405042996794,0.0004532759635784,0.0004532871521439611
2020-08-04,0.0005744003541297,0.0012147953004138,0.0012147741621918778
2020-08-05,-0.0002540555911876,0.0005562358765204,0.0005562429290940099
2020-08-06,0.0003568421650289,0.0010868963442916,0.001086903431544458
2020-08-07,-0.0002603529437129,-0.0011712529384603,-0.0011712563877653648
2020-08-10,-4.989885020793853e-05,-0.0003079116047787,-0.00030791860837564296
2020-08-11,-0.0007256819082179,-0.0031678448373008,-0.003167837596425886
2020-08-12,5.79092363426562e-05,0.0005543854448014,0.0005543852592903908
2020-08-13,-0.0003325732129178,0.0012050525753213,0.0012050489626105046
2020-08-14,6.685154942117604e-05,-0.0002433447719739,-0.00024334117982100233
2020-08-17,0.0003224640931927,0.0014014543756221,0.0014014506980611124
2020-08-18,0.000302999859153,0.0006098785560646,0.0006098818428714354
2020-08-19,-0.0003170518816917,-0.0013349459514178,-0.0013349492521798753
2020-08-20,0.0004896853153513,0.0006709413850821,0.0006709375955159881
2020-08-21,0.0002191958302997,-7.5075058622987e-05,-7.506829519552646e-05
2020-08-24,0.0001598288208338,-1.1839366972386486e-05,-1.1836102142011442e-05
2020-08-25,-0.00019678263369,0.0002789494858505,0.00027894572746902627
2020-08-26,0.0002903090831494,0.0010465840396913,0.0010465932080769593
2020-08-27,-0.0003961777396599,-0.0004839834247542,-0.00048400300104965775
2020-08-28,0.0004424043833569,0.0007396998487614,0.0007397161833966083
2020-08-31,1.808259173934724e-05,0.0003246924114465,0.00032467559698078487
2020-09-01,0.0007731323570688,0.0005603323740394,0.0005603443411443143
2020-09-02,0.0007030991903188,-0.0001686995748187,-0.00016871947647269643
2020-09-03,-0.0010554235492244,-0.0018228798776175,-0.0018228549089526578
2020-09-04,-0.0010341169538001,-0.0003090917727077,-0.00030909742249988917
2020-09-08,-0.0006914351907631,-0.0015279593427109,-0.0015279593345070815
2020-09-09,0.0007086654352371,0.0011267390139311,0.0011267301559854449
2020-09-10,-0.0005180754334706,-0.0006488778148104,-0.0006488691883966312
2020-09-11,0.0002279389270085,-0.0001887677428965,-0.00018876162781249754
2020-09-14,0.0003975367203415,0.0007433010015781,0.000743304361326269
2020-09-15,0.0001264557011093,0.0002829994185306,0.0002829939643520728
2020-09-16,-0.0002279615285582,-0.0003141757563609,-0.0003141734516604605
2020-09-17,-0.0002916568176906,-0.0005936973656281,-0.0005936919818909391
2020-09-18,-0.0005595244750084,-0.000284537645934,-0.0002845440663824812
2020-09-21,-0.0001834092107854,-0.0006327336669002,-0.0006327427572700813
2020-09-22,0.0004000654928435,0.0003114461193374,0.00031145013168426935
2020-09-23,-0.0009123671530155,-0.0015145652615546,-0.0015145682683910906
2020-09-24,0.0001704635585581,0.0002453244901009,0.00024533238856512486
2020-09-25,0.0007453115836079,0.0004992298590296,0.0004992247791561173
2020-09-28,0.0006316069913708,0.0008731011342894,0.00087310812970859
2020-09-29,-0.000113858157757,0.0001636170330377,0.00016361970949126887
2020-09-30,-6.51043664635994e-05,-2.6729815464892306e-05,-2.6738141662903468e-05
2020-10-01,0.0003254210755285,0.0006872608432118,0.0006872558110696007
2020-10-02,-0.0005008756985934,-0.000728743822257,-0.0007287339488461775
2020-10-05,-0.0001535350940333,0.0006900551385934,0.000690050125178207
2020-10-06,-0.000995579263686,-0.0008190769620877,-0.0008190698306256799
2020-10-07,0.0010627575241795,0.0004063940205802,0.0004063865729462854
2020-10-08,0.0001023315303567,0.0002457422931157,0.0002457508642122428
2020-10-09,0.00041377730383,0.0009653999318317,0.0009653870994605832
2020-10-12,0.0004831448695471,0.0006576941729269,0.0006577124062872042
2020-10-13,-0.0005431242051393,-0.000507454524219,-0.0005074671969413686
2020-10-14,-0.0002800289420959,-9.781983910930256e-05,-9.781274034305832e-05
2020-10-15,9.630139587280964e-05,-4.128704416476962e-05,-4.1289952223083306e-05
2020-10-16,5.422255237832727e-05,-0.0002410071975542,-0.00024101007218801002
2020-10-19,-0.0003512772358674,-0.0003695608056756,-0.00036955657466094296
2020-10-20,0.0004356750182484,-0.0001368945248597,0.00020861154719268126
2020-10-21,0.0001059646751256,-0.0002636381757332,0.0002258500936508293
2020-10-22,0.0006688093600127,0.0003176241993373,-0.0003193558765864142
2020-10-23,-6.184234275377021e-05,8.266297495675815e-05,1.3608664869334924e-05
2020-10-26,-0.0010437921179078,-0.0003499314584439,-0.00038267572149532417
2020-10-27,-0.0004259136741922,0.0001055489882649,0.0002810906873695091
2020-10-28,-0.0012528972890584,-0.0004300808213171,-0.0015066579402394631
2020-10-29,0.0009380341553502,0.0005725334689762,0.00029613508289253376
2020-10-30,4.6190715995552496e-05,-0.0007820665890481,-0.0004778957791668555
2020-11-02,0.0001855658195159,-0.0002682672499671,0.0003789298294026465
2020-11-03,0.0008978269288169,0.0002080827137384,0.0005999155332145246
2020-11-04,-0.0003636837681333,0.0010651796452984,0.0010266153238215477
2020-11-05,0.0006845516968656,-0.0001823507951095,0.0014040583302999995
2020-11-06,0.0004444358029145,-3.15448537977095e-05,6.656095938777131e-05
2020-11-09,0.0014116313837609,0.0010490805552836,-0.0020066155146326735
2020-11-10,0.0003309227069698,-0.000518971120065,-0.0002772026143103271
2020-11-11,2.6901422100449176e-05,0.0006529103107943,0.00033715051856701586
2020-11-12,-0.0010714782804491,-0.000325037975018,0.00011729768886974766
2020-11-13,0.0006234782696378,-5.4724483539216886e-05,0.00044300669176811774
2020-11-16,0.0005020894907848,0.00017473213216,0.00017060163814886482
2020-11-17,-0.0005148881011612,7.772963713198492e-05,-0.00022095769190347056
2020-11-18,-0.0003355575453095,7.128408240526283e-05,-0.0003945411861602438
2020-11-19,-1.1327528444988094e-05,0.0002476673746703,9.459695269828157e-05
2020-11-20,-0.0004489169244064,-0.0002727645352066,-2.645352273279215e-05
2020-11-23,0.0004547933237847,0.0008023438622121,-0.0008008287740571379
2020-11-24,0.0007169875733391,0.0009447921622546,-0.0003257623068185881
2020-11-25,-9.288293975615e-05,0.0001551644845532,0.00011606041950926998
2020-11-27,-0.0003121102542516,0.0006238265785526,-0.0002172417991234525
2020-11-30,-5.058856695891229e-05,0.0003216533828199,-0.00023162748933806463
2020-12-01,0.0010742768475253,-0.0005637561903606,0.0011674479586825596
2020-12-02,0.0002932927910535,-0.0002787832980523,0.0003395264929488085
2020-12-03,-0.0003662760359764,-0.0002901929132418,0.000357050856621966
2020-12-04,0.0008115640764081,0.0002128268891779,-2.025294177763382e-05
2020-12-07,-0.0004822728900359,-0.0004792193169096,0.0007467913014754463
2020-12-08,-2.855752762611468e-05,-4.812989498034421e-05,0.00022241710370736408
2020-12-09,-0.0001374478564256,6.264382088337465e-05,-0.00126331314913419
2020-12-10,-0.0003127894944964,0.0001806804483502,3.22762845040415e-05
2020-12-11,-0.0003095857412408,-0.0001308180394567,1.3367593018640496e-05
2020-12-14,-8.537468184428789e-05,0.0004059911682848,-2.1228780057574206e-05
2020-12-15,0.000634691851745,-0.0002465392100159,0.0008237603198772836
2020-12-16,0.0001694617705767,-6.23487531902845e-05,0.0003598746703488323
2020-12-17,0.0003043335700492,-0.0002255452573082,0.0005792462534947604
2020-12-18,-3.6827069812063714e-05,-1.6841401519888325e-05,-0.00014668310220738838
2020-12-21,-0.0002219257017451,7.079672888466167e-05,-0.0001720090538765866
2020-12-22,-0.0002903088659845,-0.0002751984414588,-0.00023694268582414376
2020-12-23,0.0003134309934245,0.0001189273321768,0.00011892735371952612
2020-12-24,-3.61081328014373e-05,0.0002850535790193,0.000285044734729678
2020-12-28,0.0003275329823863,0.0001459012080534,0.00014589832462236235
2020-12-29,-5.488119442464354e-05,-0.0001601788066528,0.00017198240751013506
2020-12-30,-3.163140667035833e-05,-0.0003064049725125,0.00030828414912429015
2020-12-31,0.0001153300004307,-7.694449467900455e-05,0.00022128781827766115
2021-01-04,-0.0005807930425209,-0.001307859618135,0.00047944349400724665
2021-01-05,0.0006015870388295,0.0003348816092223,0.0003738292143646998
2021-01-06,0.0010328188572,-0.0010697616304639,-0.0010697510118010374
2021-01-07,0.0010993649749271,0.0006726050545751,0.0006725900514308142
2021-01-08,0.000623482647418,-0.000926608749878,-0.0009266002077472711
2021-01-11,-2.589175340895805e-05,-0.0005324570051517,-0.0005324495825426959
2021-01-12,3.137302349028592e-05,-0.0003258446130483,0.0001865718825762966
2021-01-13,-0.000348036763707,0.0003712203638189,5.472916802022769e-05
2021-01-14,0.0001540946360411,-0.0001495747415929,-0.00018771009233993507
2021-01-15,-0.0006734384666957,0.0002060414440103,-0.0007056412466493549
2021-01-19,0.0002574513342849,0.0001488237664908,0.0007713929709878215
2021-01-20,0.0005449478931596,0.0001450276901831,0.0013288977030377984
2021-01-21,0.0002307816122834,0.0002763467589797,0.0002307515840710202
2021-01-22,-0.0003565760894602,0.0001949345231965,-0.0003775145228928277
2021-01-25,-0.0003682343684195,0.0002306357807529,0.0002933431313176636
2021-01-26,-2.5508805810658648e-05,0.0001339504749778,-4.2969810890522015e-05
2021-01-27,-0.0012481626149656,-0.0006481487860086,-0.0011018529781283684
2021-01-28,0.0007309159558314,0.0001525118393329,0.00021891629379938872
2021-01-29,-0.0006584110069833,-0.0006458413345342,-0.0006748612718186436
2021-02-01,0.0005768944489221,0.0004482583112314,0.0011203570600134406
2021-02-02,0.0009931989024945,0.0009793469164734,0.0009435469115273037
2021-02-03,0.0003630740053205,-7.546105986489809e-05,-7.545784732774534e-05
2021-02-04,0.0005734113889557,0.0011741326370627,0.0011741388139672806
2021-02-05,0.0004652061447197,-0.0002483477878376,-0.0002483447196035757
2021-02-08,0.0002791045011526,-0.000146703973529,-0.00014672604767348107
2021-02-09,-0.000136358843213,-0.0001483479039093,-0.0001483368180082297
2021-02-10,-0.000360680375438,-0.0002407082364707,-0.0002407048289865884
2021-02-11,0.0001815553230981,0.0005747138901563,0.0005747183954029184
2021-02-12,0.0006848927607424,0.0003457721875555,0.0003457655021096181
2021-02-16,0.0009192202901909,0.0004840696633146,0.00048406187738651304
2021-02-17,-8.056990556107556e-05,0.0002633999376106,0.00026341811911588964
2021-02-18,-0.0002119134535409,-0.0001765778587856,-0.00017658643489043395
2021-02-19,0.0004429075817543,-0.0003470033681846,-0.00034700424540505016
2021-02-22,-0.0001861577444175,-0.0016690503650878,-0.0016690555781073342
2021-02-23,-3.866661149013073e-05,-2.2952948139149447e-05,-2.296113212101136e-05
2021-02-24,0.0007732480385828,0.0003486112058068,0.0003486091273837478
2021-02-25,0.0004871363301276,-0.0005863765961119,-0.0005863727050123825
2021-02-26,-0.0014729241134951,0.0011467405810193,0.0011467414249805735
2021-03-01,0.0014477885403177,0.0012372652966492,0.0012372596834272897
2021-03-02,-0.0006171736534427,-0.0007753096586915,-0.0007752998701544328
2021-03-03,8.277541149242335e-05,-0.0005544609986198,-0.0005544706168687864
2021-03-04,7.026181465555673e-05,-0.0001663097370767,-0.00016630977786244596
2021-03-05,0.0010629329009395,0.0004935992141235,0.0004936060025296019
2021-03-08,0.000287051254134,-0.0005565511818797,-0.0005565606508674183
2021-03-09,-6.133699461562513e-07,0.0003312860675113,0.00033129831211489014
2021-03-10,-3.598273091394335e-06,-0.0002957244798084,-0.0002957279731222353
2021-03-11,0.0004958117478839,0.0007384029395967,0.0007384062966696834
2021-03-12,0.0010244957863987,-0.0002400007862318,-0.00024001407088920147
2021-03-15,0.0001003309622956,0.0001461845567679,0.00014618014594988712
2021-03-16,-3.494759746518179e-05,0.000118317799017,0.00011832962606644907
2021-03-17,0.000366729540362,-0.0001726097589033,-0.0001726234593651025
2021-03-18,0.0001648161233105,-0.0006400830936185,-0.0006400694182798822
2021-03-19,-1.64345163448072e-06,-6.917697221966186e-05,-6.917956137019935e-05
2021-03-22,-7.101038321387804e-05,0.0005962157472428,0.0005962116414546112
2021-03-23,-0.0009637377893934,0.0001794477288064,0.0001794552966444643
2021-03-24,-0.0003854408056956,-0.0006019308550311,-0.0006019408980503201
2021-03-25,0.0004086779371715,0.000101736182938,0.00010173597153364248
2021-03-26,0.0011164577824638,0.000292605411079,0.0002926072426393026
2021-03-29,0.0004097527581317,0.000479924789772,0.0004799247550168726
2021-03-30,-6.479176439408247e-06,0.0005658443490389,0.0005658464851135848
2021-03-31,0.0003435308354981,-0.0002108979243379,-0.00021089094670570627
2021-04-01,-8.509965548949135e-05,-5.976702796897025e-05,-5.9768000381352963e-05
2021-04-05,0.0009495597291048,0.000552160806187,0.0005521523936795775
2021-04-06,-0.0006178613654145,-0.0003512019061942,-0.00035119188336956634
2021-04-07,0.0001239405375556,0.0001808875236129,0.00018088523414466333
2021-04-08,-0.000218358286743,-0.0001681294935679,-0.00016812592321086115
2021-04-09,0.0006276466725833,0.0004729099919606,0.0004729105863910686
2021-04-12,9.046398645122304e-05,0.0002163909130468,0.00021639326449309474
2021-04-13,-0.0003709365530284,5.487110130786161e-07,5.420817517244654e-07
2021-04-14,5.926963664876911e-07,-0.0001341601558199,-0.0001341613102960746
2021-04-15,-0.0003079973757177,-0.0003075527572299,-0.00030755896924200175
2021-04-16,0.0004685769506753,-0.0002380418491154,-0.00023803920933793327
2021-04-19,-8.515783493028193e-05,-0.0001266168789744,-0.00012660774320792003
2021-04-20,-0.0006650465713794,-0.0003617016170224,-0.00036170257791711904
2021-04-21,0.0003514877657263,-0.0002104900893049,-0.00021049414688706586
2021-04-22,-0.0004883017107219,-4.03852932548195e-05,-4.039203246091117e-05
2021-04-23,0.0006230867596421,0.000519990351804,0.0005200024732408272
2021-04-26,0.0002117924389637,6.047162988081249e-05,6.0459676707848664e-05
2021-04-27,0.0004475856877013,-9.61551585796002e-06,-9.60569997094282e-06
2021-04-28,-0.0001665869409934,-0.0002263948741279,-0.00022639266212015095
2021-04-29,0.0004934075237678,0.0002856360177582,0.00028563641903590995
2021-04-30,-0.0004003049507781,-3.351110014510579e-05,-3.351702560565144e-05
2021-05-03,-0.0001008530775984,-0.0007290949547075,-0.0007290929619169076
2021-05-04,-0.0004614528499282,-0.0001906244325422,-0.00019062395387982133
2021-05-05,-0.0001263656999417,-0.0002934051797261,-0.00029341405531516204
2021-05-06,0.0003463409632374,-0.0005583473496357,-0.0005583520084744625
2021-05-07,0.0003212710777882,-0.0001814659371121,-0.00018145639282029108
2021-05-10,-0.0002595708596071,-0.0008886185596286,-0.0008886246199436168
2021-05-11,-0.0002404427173979,-7.826025626981331e-05,-4.818887310575906e-05
2021-05-12,-0.0004702991182454,-0.0011933353238315,-0.0002762401084094254
2021-05-13,0.0001937643412471,0.0004090829017235,2.988427499840091e-05
2021-05-14,0.000489708563642,0.0010475211268546,0.00020594493052387747
2021-05-17,-1.1522774978507465e-05,0.0003650518960675,-0.0007094890270411696
2021-05-18,-0.0003846652479102,-9.389542218520122e-05,-0.00027475162320475836
2021-05-19,0.0002361728773944,6.308102407369288e-05,-6.351295331351369e-07
2021-05-20,-1.1973407580310136e-05,0.0007382440948741,0.00031381463417876076
2021-05-21,-7.764793390721271e-05,-0.0001293932287996,-0.00017164184018381918
2021-05-24,0.0003376812712361,0.0005392023836148,0.0003755581361515023
2021-05-25,-0.0006029533945988,0.0005237093665657,-0.0004534497324102831
2021-05-26,0.0002442427724839,5.684548671800371e-06,0.00019330505078002453
2021-05-27,0.0002573236056401,-8.561605785475618e-05,-0.00012806957701905845
2021-05-28,9.560813104889293e-05,0.0002931087512348,-0.00011293761463566643
2021-06-01,-1.6844841596779367e-05,-0.0002398396242149,4.997634759304533e-05
2021-06-02,-6.92767742777764e-05,0.0003318295246129,0.0002779753822505557
2021-06-03,0.0001339698375823,-0.0014209935382508,-0.0014209880901673443
2021-06-04,-0.0002333074595644,0.001140474566234,0.0011404723452484306
2021-06-07,5.123258691095635e-05,0.0003179333679002,0.0003179275468814202
2021-06-08,0.00026155737297,-0.0001569520118945,-0.00015694857612567672
2021-06-09,0.0003327092469587,-9.79805258734192e-05,-9.797026345166352e-05
2021-06-10,0.0007375818876545,0.0006187851533834,0.0006187900188175395
2021-06-11,-0.0001019996122723,-0.0005303885651123,-0.0005303949539919461
2021-06-14,-0.0002881276629349,2.3510246173044e-05,2.3494798508971173e-05
2021-06-15,-8.670805612595807e-05,-0.0004637383140368,-0.0004637211518775486
2021-06-16,-0.0012444068100355,-0.0010615080187821,-0.0010615083971634615
2021-06-17,0.0004578343321513,-0.0011724102980829,-0.0011724162309534238
2021-06-18,-4.445778989478307e-05,-0.000609572110573,-0.0006095622440424593
2021-06-21,0.0004207762197251,0.0009096895251258,0.0009096865396692158
2021-06-22,0.0005458323251388,0.0001785056566629,0.0005181352043195982
2021-06-23,-0.0003342684671792,-1.0687282419364832e-05,5.015252081164901e-05
2021-06-24,0.0003132066689867,0.0002217456831543,0.0002771052401592231
2021-06-25,-7.604025709974466e-05,0.0001027391940003,-0.0002018992047433093
2021-06-28,0.0005324626203659,0.0004878567666654,0.0004933763874681539
2021-06-29,0.0001000883644889,-0.000379197686314,0.0006762916815100627
2021-06-30,0.00025825000706,0.0001778092871382,-0.0003098265103689226
2021-07-01,0.0002340593445791,0.0001893987659011,-0.00015633860227964248
2021-07-02,0.0009408925835938,0.0008097953634964,0.00015086423793202164
2021-07-06,0.0005941981397952,0.0004300869622096,-6.840107138101861e-05
2021-07-07,0.0006052834618477,0.0002821535964451,-0.00010185123593215555
2021-07-08,-0.0001564873055171,-0.0002929440081407,-0.00022719781342617247
2021-07-09,-1.824674560317076e-05,0.0004363207270545,0.00010138411525191358
2021-07-12,0.0001507192464926,0.0001055970117157,0.00023078055653789637
2021-07-13,-0.0006191648595731,6.659742207103117e-05,-7.040636521686759e-05
2021-07-14,0.0006650169813702,0.0006460956474936,-0.000485810748500437
2021-07-15,0.0003542596191309,-0.0003046078537368,-0.0003230844295234228
2021-07-16,-0.0004974038932456,-0.0008725502248428,0.0001487043453407054
2021-07-19,0.0002465565309694,-0.0003040107737659,-0.0004282526356380106
2021-07-20,0.0006862564867905,0.0004590488318859,0.000595190006959688
2021-07-21,-0.0002858655512297,0.0001554195721238,0.0005457866285321154
2021-07-22,0.0004324745518402,0.0004028261675455,0.0001975822785228921
2021-07-23,0.0004102857235293,0.0003658266177395,0.0006948094995595879
2021-07-26,5.5642342293413794e-05,-8.87680697907738e-05,0.00016031115505485224
2021-07-27,0.0003046093102744,-0.0004093360440927,-0.0005844932104217637
2021-07-28,8.968395810444803e-05,0.0004386073222221,-9.227008586880632e-05
2021-07-29,-0.0001678718600284,0.0006642179497454,-0.0005040245721631253
2021-07-30,9.398429624992772e-05,-0.0006497758759678,0.00017990391262570494
2021-08-02,0.0004635592593715,-6.133707026819458e-05,6.876375953446556e-05
2021-08-03,0.0005096476103529,0.0002671802107224,0.0003197764872794238
2021-08-04,-0.0003217502503723,5.448462027135019e-05,5.4476873679257174e-05
2021-08-05,-0.0001145737954945,0.0005130549815801,0.0005130681375949114
2021-08-06,-0.0006848191222118,0.0011678672028549,0.0011678624764879032
2021-08-09,-0.0003324742014199,0.0010601874048027,0.001060183743642699
2021-08-10,-0.0001696926800159,-0.0003130191657775,-0.000313006251346646
2021-08-11,0.0003150597577848,-0.0007874127701461,-0.0007874229558645276
2021-08-12,6.680221541482958e-05,0.0001918215801019,0.0001918177646375462
2021-08-13,0.0008811554103338,-0.0005186093145765,-0.0005185985936275634
2021-08-16,0.0004516319482799,-0.0002252063116269,-0.00022521584031086968
2021-08-17,-0.0005599473303461,-0.0005013182229662,-0.000501327812808315
2021-08-18,-0.0008834641873303,-0.0006609580205123,-0.0006609457498757114
2021-08-19,0.0004056250964736,0.0004562707729952,0.0004562729111228643
2021-08-20,0.0004711799716801,0.0006438378944371,0.0006438145247756065
2021-08-23,0.0006897144248389,0.0003713406528975,0.0003713864214636264
2021-08-24,-0.0002501592508396,0.0002123527561988,0.00011767706994974346
2021-08-25,-0.0003704016731429,0.0004088043808774,-0.0002654303517842185
2021-08-26,-0.0004171936887542,-0.0004514734243508,-0.000341227552765378
2021-08-27,0.0010620640634942,-0.0001236060887741,0.0013370713125288119
2021-08-30,0.0005702653982074,0.0009403180962146,0.0004606326485159405
2021-08-31,-0.0003513815518679,-0.0001549694188553,4.558133420920027e-05
2021-09-01,9.356328434680096e-05,0.0001045080251509,0.00011037025226117251
2021-09-02,0.0003733534743251,0.0001017858635653,-0.00016308032036525274
2021-09-03,-0.0003315626137605,-0.0003348054841515,0.0007333838848192776
2021-09-07,-0.000769022393288,0.0010697414162921,-0.0008863297922611186
2021-09-08,0.0002761532729233,-0.000109357327739,-0.0003500935281362326
2021-09-09,7.228276465912195e-05,-0.0004383224114107,-1.3119455775782452e-05
2021-09-10,-0.0009676654865376,-0.0002548493623328,-0.0007411357663259278
2021-09-13,0.0003368770473589,-0.0002062930470591,0.00011571341829153938
2021-09-14,0.0001277911516211,0.0001156003036676,0.00016366889257683764
2021-09-15,0.0003494463470674,0.0001735713481042,0.00017358403749483228
2021-09-16,-0.0005303615130124,-0.0012214862774255,-0.0012214917737783124
2021-09-17,-0.0010604872753635,-0.0008882604659829,-0.0008882794242639076
2021-09-20,-0.0004756637054924,-0.0009950162875448,-0.000994997625486074
2021-09-21,-0.0001444616353856,-0.0003328703451506,0.00042103479073773243
2021-09-22,0.0007876330341075,0.0007675886469829,0.00037491949363334734
2021-09-23,-0.0003818766909536,0.0011714268124274,-4.280778824735255e-05
2021-09-24,-0.0002902093308411,0.0001249264193838,-1.0150734831287408e-05
2021-09-27,-0.0005514982451211,-0.0005976425880786,-0.00037870853186969586
2021-09-28,-0.0017978148721392,-0.0012002274540262,-0.002216868687976731
2021-09-29,0.0002413304976041,0.0001367193623106,-0.00033461432739228115
2021-09-30,-0.0006418543234314,-0.0011622319037928,0.0007187001451273061
2021-10-01,0.001288842897891,0.0002564626274259,0.0004922024040805258
2021-10-04,-0.0009921832579385,-0.0015116641951718,-0.0010221620418177967
2021-10-05,0.000880891475263,0.0009197801126173,0.00045449061737402044
2021-10-06,0.000207238693312,0.0001953131482136,0.00046244407158931564
2021-10-07,0.0010257441012342,0.0007342690571247,0.00020751733139900454
2021-10-08,0.0001797978551695,-0.0002772417369877,-0.00023463137048584164
2021-10-11,-9.994102421711196e-05,-0.0002993237035384,-0.0004879437002099331
2021-10-12,-0.0007467709228903,-0.0004046741106001,5.5409537267361294e-05
2021-10-13,-5.114395427421235e-05,-0.0005087975864917,0.0013046220904067729
2021-10-14,0.0006409389569305,0.0007904522436182,0.0010397809727560737
2021-10-15,0.0010896605530936,0.0011229083717654,-0.0004967496905797273
2021-10-18,0.000353450192474,0.0006260302477331,0.0003732879154442588
2021-10-19,0.0009305031036331,0.0002161360159712,0.0005222181144559925
2021-10-20,0.0002895849633678,-0.0004813759932025,0.000353358859349491
2021-10-21,0.0005045191817385,0.0003423343287773,0.000256722415875795
2021-10-22,-0.0004011202970099,-0.000703415065053,-0.00012081419218531683
2021-10-25,0.0001517583471419,0.0001728681601036,0.0008313895706138311
2021-10-26,-0.0001108884902637,0.0005065720278889,-0.0002012695150123309
2021-10-27,-0.0010068129480364,-1.2746219605943335e-05,0.0002382880889595974
2021-10-28,0.0009141736259609,0.0005509331966138,0.0005281615594882899
2021-10-29,6.083253413777576e-05,0.0006459194806916,-0.00016794808530574506
2021-11-01,0.000111335048948,-8.360409279574457e-05,0.00041579814003982755
2021-11-02,-8.813243165206253e-05,4.3812496482436895e-05,9.163214427781498e-05
2021-11-03,0.0007772430283219,9.182790880370108e-05,9.183721180491551e-05
2021-11-04,-0.000445037008575,0.0011931747452002,0.001193180319222874
2021-11-05,-0.0005257855516047,0.0007073018346777,0.0007073019586894129
2021-11-08,0.0006263780661706,0.0001163719485221,0.00011637938473907083
2021-11-09,-0.000806493594196,-6.72042055867605e-05,-6.720858370363345e-05
2021-11-10,0.0006710470165314,-0.0001223590324318,-0.0001223679482873414
2021-11-11,0.0004487697626795,0.0004270499202897,0.0004270502041400496
2021-11-12,0.0001606618514349,0.0005981958956419,0.0005981969728047862
2021-11-15,0.0005434381733341,-9.253176464638646e-05,-9.252048634341212e-05
2021-11-16,0.0003415138990231,-4.296696942288526e-05,-4.2970717070447003e-05
2021-11-17,-0.0005978317461356,0.0004996972502508,0.0004996935505964576
2021-11-18,0.0001246183828658,0.0003187157359576,0.00031871214949515537
2021-11-19,-0.0004476861728684,-0.0001361841427393,-0.00013616940573328497
2021-11-22,0.0007555212550146,-0.0017093713411609,-0.001709382273311307
2021-11-23,0.0005816787043365,0.0001671996809699,0.0001672028581657663
2021-11-24,-0.0002145191039774,0.000199021452992,0.00019901064035384445
2021-11-26,-0.0029321040739395,-0.0008096346409701,-0.000809633040938215
2021-11-29,0.0010205670028274,0.00108805225124,0.0010880621169216734
2021-11-30,-0.0017247086575237,-0.0003082290586398,-0.0003082365188905049
2021-12-01,-0.0008126377923417,-0.0009402480100627,-0.0009402418358049446
2021-12-02,0.0010728626979635,0.000589554703796,0.0005895514460722397
2021-12-03,-0.0011122770831675,-0.0011765351983737,-0.0011765359383402005
2021-12-06,0.0011880443283698,0.0004717920991677,0.00047178886438422035
2021-12-07,0.0014086451982952,0.0010329411654907,0.0010329430635687721
2021-12-08,0.0004654262567907,0.0001532428247742,0.00015325590624658587
2021-12-09,-0.0005953464840737,-0.0002780114409597,-0.0002780281052748018
2021-12-10,0.0003898323263508,0.0002207500108502,0.000220766895476458
2021-12-13,-0.0009335820168069,-0.0007169272652924,-0.0007169375820796043
2021-12-14,-0.0001458070333646,-0.0009643254419602,0.00013707383725765463
2021-12-15,0.0008856555948619,0.0010864359701188,0.0006043680956184362
2021-12-16,-0.0007154443313577,-0.0002741144130873,-0.001633032650866513
2021-12-17,-0.0007322323618894,-0.0003052597593892,-6.476788569126948e-05
2021-12-20,-0.0004098709838905,-0.0005973714237319,-0.00012207332325651408
2021-12-21,0.0012545325981223,0.0007628042554661,0.0008096561567019773
2021-12-22,0.0003598044600096,0.0009541787771035,-9.735500342883716e-05
2021-12-23,0.000515649803762,0.0003912775429978,0.0001391358311909077
2021-12-27,0.0006187129662539,0.0007137997015196,0.0004489884515120553
2021-12-28,-0.0001669491595148,-0.0004211714702093,-0.0004770952886172681
2021-12-29,-0.0005000170327005,-2.283552166135915e-05,-2.284383679632235e-05
2021-12-30,0.0002328658733864,0.0003183170604371,0.0003183226637420585
2021-12-31,-0.0002419016247982,0.0001822862633893,0.00018228085223214534
2022-01-03,-0.0007469476467301,-0.0005679279048218,-0.0005679196882634428
2022-01-04,-6.936121023044974e-05,-6.18463107128454e-05,-6.184841711765695e-05
2022-01-05,-0.0004989121387099,-0.0012991992944446,-0.001299203424140411
2022-01-06,0.0002125295387454,-0.0007184924297282,-0.0007184893952159822
2022-01-07,0.0001488656734894,-0.0001406531946723,-0.00014064962937410417
2022-01-10,-3.3103020236447105e-05,0.0001961784149609,0.0001961723085590617
2022-01-11,0.0001873029985949,0.0012136510892364,-0.000227657123248253
2022-01-12,0.0001120358987499,0.0002896396747443,-1.3684563358387419e-05
2022-01-13,-0.0010014623261559,-0.001065348629712,-0.0006754477318090188
2022-01-14,0.0007444361737803,5.124153219688516e-05,0.0003817619436062141
2022-01-18,-6.07275858724854e-05,-0.0009608614297219,-0.0007714511932723322
2022-01-19,-0.0007240438466996,0.0012593787563677,-0.0006164507148008853
2022-01-20,-0.0007244414589914,0.0002732782747062,0.000568444998860748
2022-01-21,-0.0014865026249676,0.0007058019668842,0.0010911647947495797
2022-01-24,0.0002844098312462,0.0001761501739621,-0.0004728237360177969
2022-01-25,-0.0003966137033743,0.0009049453126592,0.000847289420461785
2022-01-26,0.0006092832306655,-0.0008833415731569,-0.000883338843686221
2022-01-27,-0.0006391705914877,-0.0004300032816561,-0.0004300095768965642
2022-01-28,0.000843594105138,-0.001148946021926,-0.0011489353061377892
2022-01-31,0.0007815424511972,-0.0006543306915338,-0.000654339902010512
2022-02-01,0.0004007987880874,-0.0001489765164813,-0.00029548406566033355
2022-02-02,0.0001869538509191,-2.9952655173500685e-05,-0.00042851596999521195
2022-02-03,-0.0005204691482191,0.0010657000019715,0.001221936204653845
2022-02-04,0.0009448336406883,-0.0002711376597958,-0.0004406445847445399
2022-02-07,-0.0001550121209303,0.0006337914031378,-0.0001798976135776591
2022-02-08,0.0006464327953751,-0.0005355588786915,-0.0001792300675172116
2022-02-09,0.0004201371393513,-0.0007639784310212,-0.00036775270562554486
2022-02-10,0.0002631118222157,0.0008256367607574,0.00038308522194290364
2022-02-11,-0.0018270154847036,-0.0002634865304202,0.0019576537939265818
2022-02-14,0.0005917815916041,-0.0003449420933863,0.0002787699368409228
2022-02-15,0.0008576392471688,-0.0012164042004573,-0.001160430621880262
2022-02-16,-0.0001563121503577,0.0005820172107237,0.0005820127628278236
2022-02-17,-0.0012744614201684,0.0015148494762854,0.0015148463328578362
2022-02-18,-0.0005392991021379,0.0002464615408502,0.0002464657380174258
2022-02-22,-0.0003788187505606,0.0003701184537032,0.00037011816363504373
2022-02-23,-0.0001161052470226,0.0008852472337938,0.0008852556727315501
2022-02-24,0.0002946072471613,-0.0011955413032763,-0.0011955477947367676
2022-02-25,0.0007854064478022,-0.000572560740021,-0.0005725626645241051
2022-02-28,-0.0011688319205813,0.000538318346061,0.0005383272201664907
2022-03-01,-0.0014764557911966,0.0014155915123071,0.0014155867092913398
2022-03-02,0.0021005099061919,-0.0010008497528428,-0.0010008491183781509
2022-03-03,-0.0005919651359008,0.0006834005602575,0.0006834042935602647
2022-03-04,-0.0012480169460529,0.0012672799599771,0.0012672751388857178
2022-03-07,-0.0006013802946114,0.0017349594795677,0.0017349580860164006
2022-03-08,0.000284101515546,0.0015384652153318,0.001538460556523433
2022-03-09,0.0014192760278509,-0.0023969572600707,-0.002396955935516554
2022-03-10,0.0002345579991094,0.0004228716181191,0.00042287339793967
2022-03-11,-0.0004040069260822,0.0001163710113831,0.00011636808319670261
2022-03-14,0.0008199186465408,-0.0003408391631342,-0.0003408398696294202
2022-03-15,0.000753206939944,-0.0015257134188449,-0.0015257105146737296
2022-03-16,0.0008347629052129,-0.0005751704771597,-0.0005751654360628772
2022-03-17,0.0005622725807402,-6.514591191997404e-05,-6.515624034646896e-05
2022-03-18,0.0001252248254212,-0.0008451489566563,-0.0008451422259484172
2022-03-21,0.0010224742672992,0.0003926279150429,0.0003926258302197535
2022-03-22,0.0007869370627548,-0.0007306586750762,-0.0007306584811406731
2022-03-23,-0.0009212798716726,0.000882657354178,0.0008826553120441116
2022-03-24,0.0009020471182683,-0.0001789669121814,-0.0001789666562187934
2022-03-25,0.0009393094113578,-0.0001530332808407,-0.00015302950925768117
2022-03-28,5.170486023159374e-05,-0.0010964287635972,-0.0010964267530840517
2022-03-29,1.6516488565470282e-05,-0.0003483371524697,-0.00034834438005355677
2022-03-30,-0.0004801638218395,0.0005545411502725,0.0005545499857509288
2022-03-31,-0.0006147363990544,0.0002782803655545,0.0002782749194271544
2022-04-01,0.000565792361375,-0.0002133235744154,-0.000213316256936008
2022-04-04,0.0003141669385405,-0.0002434352083043,-0.0002434425641764854
2022-04-05,0.0004790790144357,0.0002135691803307,0.00021357250669647203
2022-04-06,-5.244687339877159e-05,0.0005584259301391,0.0005584220373970126
2022-04-07,0.0003364288688967,0.0001053435376295,0.00010534734225922227
2022-04-08,0.0002868826374286,0.0005555328413241,0.0005555327124675777
2022-04-11,-0.0001776111765983,0.0007076074282501,0.0007076072108101387
2022-04-12,-0.000456627073595,0.0004060540451843,0.00040605208412509074
2022-04-13,0.00019294776798,-0.0002286277449976,-0.00022862948821907148
2022-04-14,0.0002589473390388,0.0003433861247591,0.00034338776164335116
2022-04-18,0.0002183701599938,0.0001120042275832,0.00011200423493556465
2022-04-19,0.000963223038268,-0.0011030797514585,-0.0011030736388136957
2022-04-20,-0.0005746912881914,0.0005110685572453,0.0005110627569284814
2022-04-21,-7.077433697071789e-05,0.0002841698673654,0.00028416958981320557
2022-04-22,-0.0008801803179994,0.0001404976410929,0.00014049728983690958
2022-04-25,-0.0002753320125653,-0.0010235942495086,-0.001023586007539101
2022-04-26,-0.001330052280118,0.0008432217904824,0.0008432122486745163
2022-04-27,0.0004708114812123,-0.0002861131495822,-0.00028611110804745675
2022-04-28,0.0008557287637862,-0.0005128046382029,-0.0005128046290532637
2022-04-29,-0.000735524290132,0.0009264717869733,0.0009264697988333352
2022-05-02,0.000697020522621,-0.00110826146122,-0.0011082634920433656
2022-05-03,4.917289194777367e-05,8.303269933259399e-05,8.304265180717755e-05
2022-05-04,0.000428420877869,-0.0002930761971054,-0.000293084812054422
2022-05-05,-0.0003316890043209,0.0008675333658664,0.0008675377977381355
2022-05-06,0.0002171833377234,0.0003084476104707,0.000308445770687577
2022-05-09,-0.0014155319049695,0.0002151475415918,0.00021515422225482788
2022-05-10,-0.0003089977433105,-0.0005609296248605,-0.0005609375746387594
2022-05-11,6.446851637882786e-06,0.0008801674003537,0.0008801670716273267
2022-05-12,-0.0001913136232042,-0.0005547151754918,-0.0005547152018407475
2022-05-13,-0.0002769667817287,-0.0010179009757262,-0.0010178985273294687
2022-05-16,-0.0001711961965048,0.0005921006015886,0.0005921024584362839
2022-05-17,-3.03953690898518e-05,-0.0002770576434963,-0.0002770652416965815
2022-05-18,0.0005759356584869,0.0009034577953759,0.0009034626016062688
2022-05-19,-8.12003885555956e-05,-0.000484980235187,-0.0004849823378306589
2022-05-20,-0.0003238264967702,3.0714495296480104e-05,3.0714445117335085e-05
2022-05-23,-8.206926855927057e-05,-0.0004985745588936,-0.0004985702016826909
2022-05-24,-0.0003722786522884,9.792294031541625e-05,9.792074166427154e-05
2022-05-25,-0.0003543914407417,-2.2463567535512446e-05,-2.2465410915172896e-05
2022-05-26,-0.0004721780104669,-0.0004401836428975,-0.00044018125061729037
2022-05-27,-0.0007125965553025,-0.0006244020942559,-0.0006243978122001704
2022-05-31,0.0008231854133412,0.0004371169813766,0.00043711320677735293
2022-06-01,0.0006013446140699,-0.0001325382793612,0.0003563966664999409
2022-06-02,-0.0005762846861201,-0.0010025773241365,1.8172258421931967e-05
2022-06-03,0.0005459885105043,0.0008885815100395,4.67148695155081e-05
2022-06-06,0.0004643683258015,0.0001227175936277,-0.00024245931753057596
2022-06-07,-0.0005344818583544,-0.0004760053478811,0.00015248543506474397
2022-06-08,0.0005443900056912,0.0001765877153126,8.739206981200784e-05
2022-06-09,0.0006691961114255,0.0006447107060528,0.00033777844774201155
2022-06-10,0.0014456328325894,2.796145898778524e-07,0.0012934794194074837
2022-06-13,0.002245433116416,0.0021260929672129,-0.00042055375337009585
2022-06-14,0.0006136136899029,0.0003401639281289,-0.0004080063783665295
2022-06-15,-0.0012969091573773,-0.0010658682505146,0.00015418068561788464
2022-06-16,0.0003658844479202,0.0002109762494077,0.0012620231390383918
2022-06-17,-7.307862202119849e-05,0.0001623852939769,-0.0006063165976529168
2022-06-21,-0.0002632401278002,-0.0002858911265708,-0.0006352093055079571
2022-06-22,-0.000798207659326,-0.0001604676853929,0.0002121830900495232
2022-06-23,-0.0006072210685347,2.049252586915941e-05,-0.0005526548596643926
2022-06-24,-0.0005166232990028,-0.0005654818597351,-0.0006588452013984629
2022-06-27,0.0004648274463132,0.0001832143626967,7.876338161930609e-05
2022-06-28,0.0003864707921601,0.0006156183992993,0.00045574901270799034
2022-06-29,-0.0005043917212129,2.1022339390097155e-05,-5.332549950689386e-05
2022-06-30,-0.0003123267630324,0.0005132425060633,-7.627116147697102e-05
2022-07-01,-0.0009414044521035,-7.596472489512582e-05,-0.00015657877105316483
2022-07-05,-0.0002829998581924,0.000727171790294,-0.0013303120637456639
2022-07-06,0.0004618191492415,0.0006281521660376,0.000581315472545212
2022-07-07,4.509306133065492e-05,-0.0004029320409067,-0.00040293198123388606
2022-07-08,0.0004052860582162,-4.230310658492549e-05,-4.2303103137461026e-05
2022-07-11,-0.0002383758057536,0.0006273751564309,0.0006273769628235813
2022-07-12,5.669331596882943e-05,0.0003436727531543,0.00034366893197875387
2022-07-13,-0.0001458944078547,-0.000188337089146,-0.0001883294561559282
2022-07-14,0.0003994570173848,0.0005959268493902,0.000595919184178996
2022-07-15,-0.0006508191976768,-0.0002233109421746,-0.00022331272021498127
2022-07-18,0.0003708357070925,0.0001038795585862,0.00010388698252129197
2022-07-19,-0.0003310312920611,-0.000661043317012,-0.000661046913069709
2022-07-20,-8.43355104508931e-05,0.0001627520061903,0.0001627559282956669
2022-07-21,-0.000957699949865,-0.0009236459848072,-0.000923647704970844
2022-07-22,-0.0005140873327739,0.0001941006035689,0.0001941040511198372
2022-07-25,0.0001976004057808,0.0002310743060631,0.00023106689405566515
2022-07-26,0.0002374580587242,0.0004093923174945,0.00040939547929250586
2022-07-27,-0.000481964199524,-0.0012428297673477,-0.001242826743566051
2022-07-28,0.0003182842168509,-0.0007536675781831,-0.0007536728362460871
2022-07-29,-0.0003172334182318,-0.0004612151299878,-0.00046120732370512774
2022-08-01,0.0004306479625817,-0.0002579277082676,-0.000257924157275826
2022-08-02,-0.0006947077360246,0.000339747963512,0.000339740545327217
2022-08-03,-0.0001288305118351,-0.0006234173385093,-0.0006234149567010749
2022-08-04,0.0003304016733529,-0.0008804405534019,-0.0008804422716363192
2022-08-05,-0.0008539549141267,0.0006914237971908,0.0006914218449918525
2022-08-08,0.0003931527757322,-0.0003462174303397,-0.0003462193067774274
2022-08-09,-7.363632283719704e-05,8.352005600992917e-05,8.352589246609107e-05
2022-08-10,-0.0005203839752092,-0.000445632729414,-0.00044563672500255844
2022-08-11,-0.0003931022464635,0.0002386007675386,0.00023860656074173954
2022-08-12,-0.0002118200037439,-0.0008254419725182,-0.0008254459155248611
2022-08-15,7.969197769386062e-05,0.0004414307468816,0.0004414307594878984
2022-08-16,-0.0001262202340846,0.0001332057589579,0.00013320373312077983
2022-08-17,-0.0002035372595159,0.0005560750184379,0.0005560811819417012
2022-08-18,3.402431409779118e-05,7.276820804377469e-05,7.275992846572605e-05
2022-08-19,-0.0001360885355865,0.0007721837378435,0.0007721858285681971
2022-08-22,0.0003266845481594,0.0008876343659784,0.0008876365618868782
2022-08-23,0.0001549470413403,-0.0003262451825908,-0.00032624306105843694
2022-08-24,0.0001110546740883,-0.0002068992516897,-0.000206901373104664
2022-08-25,-0.0007812666254724,-0.0005296104469471,-0.0005296103237177575
2022-08-26,0.0010201735356081,0.0014757247751295,0.0014757203049684908
2022-08-29,0.0005274644024368,0.0001810438528382,0.00018104374114672912
2022-08-30,0.0003259074635014,0.0006546234419155,0.0006546299567094975
2022-08-31,0.0004649442004548,0.0005092313569134,0.0005092245657068925
2022-09-01,0.000394094446383,0.0004268020945583,0.00042680436302635987
2022-09-02,-4.371239827420599e-05,-0.0001310658053988,-0.00013105919213500972
2022-09-06,0.0007817449293424,0.0004452815188332,0.00044527689401403553
2022-09-07,-0.0009073015686661,-0.0009471793368751,-0.0009471765946483836
2022-09-08,3.007002008895501e-05,0.0001786373967576,0.00017864212650577584
2022-09-09,-0.0004548342914523,-0.0007443254430405,-0.0007443344442398419
2022-09-12,-0.0001680257810305,-0.0005121519310367,-0.0005121449010653246
2022-09-13,0.0017335321308625,0.0020293647351977,0.0020293514040866036
2022-09-14,-0.0001532925712364,1.932948482847834e-05,1.9342587726578687e-05
2022-09-15,0.0005842929636036,0.001423189939716,0.001423187030587014
2022-09-16,0.0001856373114052,-0.0001562350999241,-0.00015623783731805822
2022-09-19,-5.522873828302583e-05,-0.0002297778377282,-0.0002297724190588401
2022-09-20,0.0007828078093193,0.0004878257736415,0.00048782086178336
2022-09-21,0.0002590249453442,0.0001744790135527,0.00017447915743663302
2022-09-22,0.0013079674436707,0.0003193857832115,0.00031937813240267486
2022-09-23,0.0004290652326642,0.0012963192029164,0.0012963296677030943
2022-09-26,0.0014621041099932,0.0007127063162485,0.0007127010430682289
2022-09-27,0.000520617882264,-0.00011484002255,-0.00011484280610369094
2022-09-28,-0.0020833988931372,-0.0015336249366554,-0.0015336166656609112
2022-09-29,0.0009631151332749,0.0007143259231149,0.000714318083902541
2022-09-30,0.0006579961688023,0.000411158850167,0.0004111673253884517
2022-10-03,-0.0016053394886155,-0.0017983568909431,-0.0017983628771498861
2022-10-04,-0.0010473761152716,-0.00142723843795,-0.0014272307796814312
2022-10-05,0.0006298342332143,0.0002759500788599,0.00027593699804117006
2022-10-06,0.0006327885433917,0.0002398789623236,0.0002398842737967238
2022-10-07,0.0011202392278498,0.001423094643758,0.0014231004707622207
2022-10-10,0.0005751618325099,0.0009594505315581,0.0009594479832154829
2022-10-11,2.7572433613912788e-05,0.0004047335015147,0.00040472850781292613
2022-10-12,-0.000100680956033,-0.0002381345567031,-0.00023812647169139207
2022-10-13,-0.0004958513771264,-0.0002133500409528,-0.00021335872413884754
2022-10-14,0.0009750652098064,0.0012540217957366,0.0012540289078075608
2022-10-17,-0.0007884446407233,-0.0008807262271812,-0.0008807283867233227
2022-10-18,-0.0004813168631523,-0.0002756094281103,-0.00027560956337085535
2022-10-19,0.0008451340228539,0.000701954898352,0.0007019575107201988
2022-10-20,0.0006946730589501,0.0001865435458263,0.00018654620490644625
2022-10-21,-0.00080469867399,-0.0013466239360267,-0.0013466321702249075
2022-10-24,-0.000254114173543,-9.376984463847155e-05,-9.377251572496506e-05
2022-10-25,-0.0012189341782457,-0.0005855397650507,-0.0005855291582659094
2022-10-26,-0.0001110475191625,0.0002252344532272,0.00022522428437379003
2022-10-27,-0.0002952052345154,0.0004937278734618,0.0004937329514421125
2022-10-28,-0.0003337974828516,-0.0002484838817696,-0.0002484864556084529
2022-10-31,0.000482127186416,0.0006407628531345,0.0006407679538050031
2022-11-01,0.0001280893597345,-0.0002489376082226,-0.00024893501526243117
2022-11-02,0.0007823417761138,0.0010960611469823,0.0010960487178121488
2022-11-03,0.00055444871125,0.0006168064791969,0.0006168116813788755
2022-11-04,-0.0002504875256977,-0.0017972780927653,-0.0017972700399307559
2022-11-07,-3.183821880114809e-05,-6.157256664010002e-05,-6.157796714569483e-05
2022-11-08,-0.0005781594539453,-0.0011489784283298,-0.0011489812738697822
2022-11-09,0.0003278381067718,0.0007277232986786,0.0007277240748079868
2022-11-10,-0.0029271339828172,-0.0029407462565723,-0.0029407487337907243
2022-11-11,-0.0001230529540113,-0.0006918980518216,-0.0006918962153174301
2022-11-14,0.0003831112903754,0.0001016259271786,0.00010162865803476421
2022-11-15,-0.0006458336768753,-0.0001770965491568,0.0001122110086221454
2022-11-16,-0.0002509417468503,0.0001783739734938,-0.00017837855748955255
2022-11-17,0.0004736039284938,-0.0002356842432036,0.0002356905782772981
2022-11-18,9.881462614821392e-05,-0.0002651380357212,0.0002651273385305869
2022-11-21,0.0001239081145518,-1.3602953081239157e-05,1.3611142805631106e-05
2022-11-22,-0.0006700476162095,-0.0002478290334582,0.00024674203680949235
2022-11-23,-0.0004696228422697,3.691297359912144e-05,-3.6910472864980134e-05
2022-11-25,2.3469193970360283e-05,0.0001668420674548,-0.00016684443431324143
2022-11-28,0.0003764000079636,-7.312149540342823e-06,7.3117363619658944e-06
2022-11-29,0.0002875031401643,0.0003450187478584,-6.02750718078783e-05
2022-11-30,-0.0013061407948295,-0.0004213506990797,-0.0014177599342980215
2022-12-01,-0.0006154626802278,0.000691832474782,-0.0007413382813329829
2022-12-02,-8.910926805317894e-05,-5.434406730472184e-05,0.00021504503662406256
2022-12-05,0.001035899824752,-0.0003302483631861,0.0010073535698866584
2022-12-06,2.2569559483846872e-06,0.0005097266007802,-0.000531375907158143
2022-12-07,-0.0004566144323011,0.0004193639680056,-0.0004193728040753109
2022-12-08,0.0001299079354176,-0.0002014978792941,0.0002015026744390878
2022-12-09,0.00060446563455,0.0002584833724281,-0.0002584814006858489
2022-12-12,-0.0002713421274579,-0.0005569484241768,0.0005569487789599787
2022-12-13,-0.0006971968109745,0.0004375969701289,-0.0009060813976772548
2022-12-14,1.2445854143340346e-05,5.96556598671056e-05,0.00024824931995499823
2022-12-15,0.0005220642427702,6.322287005178782e-05,0.0013312450841460374
2022-12-16,0.0004448262490175,0.0005354991729854,-0.00013952404784297595
2022-12-19,0.0006696287036819,0.0001826235955016,0.00040103521691826417
2022-12-20,-0.0005032909656698,0.0006477591614182,-0.0006168585015397347
2022-12-21,-0.0003144425394625,-0.0003599047207125,-0.00023371122817110294
2022-12-22,0.0003494042578444,4.007480992206168e-05,0.0009610726757680506
2022-12-23,-0.0004048357209133,6.823181902503538e-05,-0.00016026048187838955
2022-12-27,-0.0003736173789068,0.0006104922857091,-3.193568040629313e-05
2022-12-28,0.0001695927624545,0.0001001589891946,0.00044539269398519415
2022-12-29,-0.0001591551846979,-0.0002895291848036,-0.0007184631206980458
2022-12-30,-0.0001976457366391,0.0001916535742988,-0.00016682242827829308
2023-01-03,0.0006138635259271,0.0004604478782081,-0.0001809145315318595
2023-01-04,0.0002949910201504,0.0002766309062021,0.00023832354753942802
2023-01-05,0.0002180031405779,-0.0001707208153656,-0.00017073322042027292
2023-01-06,0.0002240105713278,0.0001706483035451,0.0001706613102170065
2023-01-09,0.0001841772429956,-4.5997103054398376e-05,-4.5999505612136636e-05
2023-01-10,-0.0006018336358282,-3.43016744331973e-05,-3.42993964455711e-05
2023-01-11,6.383116113823918e-05,-0.0003965540073412,-0.0003965519500947043
2023-01-12,0.000475064492576,0.0003460365162991,0.00034602202034313026
2023-01-13,-0.0004517345464289,0.0003318274022354,0.000331832097096935
2023-01-17,-0.0001513675936942,-0.0003043225320065,-0.00030432019663155426
2023-01-18,0.0013465229106817,0.0001736412557513,0.00017364675283907551
2023-01-19,9.456807656803518e-05,0.0008672485028553,0.0008672439358934061
2023-01-20,-0.0009825748873484,-0.0007499866824774,-0.0007499954501531805
2023-01-23,-0.0005662758130378,-0.0004211752431612,-0.00042116612430985315
2023-01-24,0.0004017985848735,0.0001931686118489,0.00019316870116416342
2023-01-25,5.96810816424847e-05,0.0002375946489998,0.0002375899482748666
2023-01-26,-0.0005625937554743,-0.0008034760627226,-0.0008034792288914769
2023-01-27,-0.0001661258284259,-0.0002781160762036,-0.00027810465009466554
2023-01-30,0.0001766516612827,0.0003442038262109,0.0003441978009591536
2023-01-31,-0.000123090438844,0.0004705768716631,-0.00019209967306170489
2023-02-01,0.0001405802761647,0.0010116587369455,3.4392072446379034e-05
2023-02-02,-0.0004725007218077,-4.151053155182711e-05,-0.0016817521343822864
2023-02-03,-0.0003704067154764,-0.0014423778095659,-0.0006301486068096408
2023-02-06,-0.0003717443310272,-0.0001071242039745,0.00027947148585443204
2023-02-07,-0.00056434363489,0.0005098921927531,0.0004871292053349943
2023-02-08,0.0005730960533486,-0.0003016883482913,-0.00030169140811778407
2023-02-09,-9.845757495974823e-06,-0.0005311785256406,-0.0005311789296713824
2023-02-10,-0.0003747133566162,-6.986328798517239e-05,-6.986123820117049e-05
2023-02-13,-0.0002190154891497,0.0001528802086257,0.00015288326825416712
2023-02-14,-0.0003013852926746,0.0002260207292191,0.0002260049460431831
2023-02-15,-0.0003275467747013,-0.0002442439491239,-0.0002442352699228593
2023-02-16,0.0002831613310806,-0.0005335461248348,-0.0005335474816656944
2023-02-17,0.0002866380352629,-5.2801850756619366e-05,-5.279692461630751e-05
2023-02-21,-5.378725052695185e-06,-0.0007944643119491,-0.000794471371235386
2023-02-22,-0.0001414793481615,-0.0002341151542116,-0.0002341123679574286
2023-02-23,-0.0004589878879465,0.0002027606099642,0.0002027693435818429
2023-02-24,0.0008030555787338,-0.0007582589604247,-0.000758262495000595
2023-02-27,-0.0003324561245155,0.0003622462089506,0.0003622465751209498
2023-02-28,2.7983653042268542e-05,0.0001715311049215,0.0001715227827171976
2023-03-01,0.0006870140370082,5.105055496377789e-05,5.10528393111695e-05
2023-03-02,-4.027383084014089e-06,0.0001886424412269,0.00018864290399796978
2023-03-03,-0.0011382485947084,0.0010199513633559,0.001019952519402224
2023-03-06,9.66921283376618e-05,-0.0001976399826563,-0.00019763991922040156
2023-03-07,0.0006004482697348,-0.001187507566867,-0.0011875086630544918
2023-03-08,-4.245723562372255e-05,0.0001177477668942,0.00011774820668431807
2023-03-09,0.0002902133484969,-1.4406400428267974e-05,-1.4404983656798518e-05
2023-03-10,-0.0007454027563982,0.0006406763807081,0.0006406781804564584
2023-03-13,-0.0008126912975668,0.0013111325516145,0.0013111240485795107
2023-03-14,-0.0013430249288431,0.0003825410955884,0.00038253767804225056
2023-03-15,0.0012113216337242,0.0004875423356298,0.0004875574904398801
2023-03-16,-0.0012821298167022,0.0008208774905438,0.0008208714737949901
2023-03-17,0.0012457246372483,0.0011440630847171,0.0011440682061432616
2023-03-20,-0.0006424595766695,0.0001152880140548,0.00011527988313458357
2023-03-21,-0.0010509510521366,-0.0004053450075089,-0.00040534054520003396
2023-03-22,0.0014770915593042,0.0003445159578034,0.0003445116524566677
2023-03-23,0.0002515209604553,0.0008728020888124,0.0008728091539172742
2023-03-24,-0.0002355494386025,-0.0003780003271644,-0.00037799709910940523
2023-03-27,-0.0008364907155637,-0.0005905154769798,-0.0005905218392095837
2023-03-28,5.0276506317491546e-05,0.0001719496784076,0.00017195784423721072
2023-03-29,-0.0006699963611149,0.0003339449103824,0.00033394406061383966
2023-03-30,-0.000139803033249,0.0006401432902007,0.0006401415066479813
2023-03-31,-0.0002304034717744,0.0002769357102572,0.0002769492577778294
2023-04-03,0.0001271183624231,0.0002184636166267,0.0002184491798338632
2023-04-04,0.0006027774829671,0.0006550727291262,0.0006550782409214831
2023-04-05,0.0003539585048258,-0.0003256265030501,-0.00032563594851471063
2023-04-06,-0.0001365038414544,-8.891452383345027e-05,-8.891686918444141e-05
2023-04-10,-0.000628153724261,-0.0003168080646065,-0.00031680521058987895
2023-04-11,-3.684750784325484e-05,5.700343167972522e-05,5.700616592859883e-05
2023-04-12,0.0003453169740957,-7.371508115450428e-05,-7.371843727394057e-05
2023-04-13,-0.0007504321361333,0.0011400309840437,0.0011400409181221982
2023-04-14,-0.0001971359422782,-0.0007678625134223,-0.0007678655509177876
2023-04-17,-0.0005341006922445,-0.0001528013247027,-0.0001527983138811914
2023-04-18,-0.0001920215333099,0.0001569430607971,0.00015694009295393177
2023-04-19,0.0001414748078724,-0.0002053639434479,-0.00020536099195741942
2023-04-20,-0.0001361113091286,-7.424445991388297e-05,-7.424463200122962e-05
2023-04-21,0.0001203527683028,-0.0003636355983471,-0.00036363557482174723
2023-04-24,-0.0003505713058864,5.817593218213699e-05,5.816991604046869e-05
2023-04-25,0.0012608844452586,-0.0004069595155468,-0.00040695697360537437
2023-04-26,-6.075958942122008e-05,-2.11403527098617e-05,-2.114016877671811e-05
2023-04-27,-0.001288892139303,0.0008797759614705,0.0008797832219488967
2023-04-28,9.82933074806892e-05,0.0002334609969378,0.0002334517647399138
2023-05-01,-0.0007013656989685,-0.0002161796686393,-0.00021617659573037022
2023-05-02,0.0012768916257065,0.0005013138164036,0.0005013074412288114
2023-05-03,0.0006947273493237,0.0001277605160212,0.00012776065389499182
2023-05-04,0.0002981038380954,0.0001713255896831,0.00017133241299486577
2023-05-05,-0.0011360404226537,8.02609252022981e-05,8.026033488667587e-05
2023-05-08,-0.0003812659204845,0.0001364151159159,0.00013640841505921153
2023-05-09,-0.0003078240794745,6.834902978459449e-05,6.836302693343687e-05
2023-05-10,0.0006523389871114,0.0003307042852752,0.0003306899084504727
2023-05-11,0.0001465344467849,-0.0002420393281016,-0.0002420325709649567
2023-05-12,-0.0004167769395411,-0.0002002358972814,-0.00020022891629924416
2023-05-15,1.778430446224886e-05,0.0002838630704165,0.000283859388416555
2023-05-16,-0.0004925846175458,-0.0004826836659091,-0.0004826836966885054
2023-05-17,0.0003505999984162,0.0003051446138681,0.0003051302913390656
2023-05-18,6.214554266950118e-05,0.0001470060107575,0.0001470164752089679
2023-05-19,-0.0002906208261518,0.0003312315772251,0.00033123503242294387
2023-05-22,-9.189578078925012e-05,2.6743471544979697e-05,2.6743421973933102e-05
2023-05-23,-0.0004207311054821,-0.0004490174135823,-0.00044902132411043437
2023-05-24,-0.0004905596045255,-0.0005294279466018,-0.0005294207768208037
2023-05-25,2.035367174464577e-05,0.0005610533899376,0.0005610465064477595
2023-05-26,0.0007119763848887,0.0011631385773611,0.0011631392460709899
2023-05-30,0.0004934724212334,0.0004296780569082,0.0004296746812395361
2023-05-31,-2.2840597603973903e-05,-0.0001498235908663,-0.00014981068092085708
2023-06-01,0.0006055034604775,0.0007472047241358,0.0007471918734722232
2023-06-02,0.0001762019119203,-0.0003177743777314,-0.0003177707482048272
2023-06-05,-0.0001066864441077,0.000269323182785,0.0002693232139191459
2023-06-06,0.0001398094914526,3.753789990294615e-05,3.7534521680752196e-05
2023-06-07,-0.0006067942681937,-0.0011402051196819,-0.0011402063300378293
2023-06-08,0.0006956247271471,0.0010149289225049,0.0010149366354025146
2023-06-09,-0.0001328379646719,3.67439658882982e-05,3.673409857222664e-05
2023-06-12,0.0005315492672701,0.0006111179090643,0.0006111359643701093
2023-06-13,0.000774480148271,-1.4258458901858775e-05,-1.426923403264151e-05
2023-06-14,-3.362341979482454e-05,0.0003141007313758,0.0003140900757303729
2023-06-15,9.239906233847657e-05,0.0007800337654738,0.0007800400067786485
2023-06-16,0.0001286362274958,-0.0003178403086319,-0.00031784333112726634
2023-06-20,-0.0004793537987668,-0.0005052595233432,-0.0005052594531962482
2023-06-21,-0.0003596686173909,-0.0005320287211028,-0.0006343670462377736
2023-06-22,0.000631952906499,0.0009819613062058,-1.6549747166981206e-05
2023-06-23,-0.0007350713902607,-0.0005443872576409,-0.00026675180809604073
2023-06-26,-0.0004153062198938,-0.0006360081149948,-0.0004608700499393949
2023-06-27,0.0008845807495284,0.0009191753370139,0.00044593840568689944
2023-06-28,-0.0002870876785995,0.0001964523852635,-4.125878830944919e-05
2023-06-29,0.0010250544576463,-2.4420848503773204e-05,-0.00013482957242307348
2023-06-30,0.0004878676989949,0.0002699375879799,0.000956400462803569
2023-07-03,0.0004043302879759,3.5851246417143966e-05,0.0001514360566627231
2023-07-05,0.0002896987493829,0.0001909499269027,-0.00019666297795904118
2023-07-06,0.0001966669771015,-0.0001405594072314,-0.0004677990783122904
2023-07-07,-4.308401558157235e-05,-0.0005444221219515,0.00027921943867127827
2023-07-10,-0.0002615668892403,-2.994202063234586e-05,5.610365399398551e-05
2023-07-11,0.0001900452104641,-1.0088951461514316e-05,0.00040646702862774274
2023-07-12,-0.0003114745324081,-0.0002447238970167,0.001260440209042094
2023-07-13,-0.0002051739535764,0.0006429955026701,0.0007224331759958162
2023-07-14,0.0003499272114394,0.0001686188587909,-0.00018557790246746185
2023-07-17,6.418380800234905e-05,0.0003356827264612,0.0004153266024411957
2023-07-18,0.0003289677856622,-0.0003422390225026,0.0009960757811360386
2023-07-19,-0.0001305046805734,-1.8908468878977053e-05,1.8443826002985173e-07
2023-07-20,0.0002216210120359,-0.0006295438256734,-0.0012210514324321625
2023-07-21,-6.208512860711417e-05,5.860793569399755e-05,-0.0002993963275808565
2023-07-24,0.0004282816229161,0.0003142008112371,-0.00018596226185298376
2023-07-25,0.0003014300519618,-5.549807432763604e-05,0.0005940752208625536
2023-07-26,-0.0002555656486048,-0.0004168832325165,0.0001523315374494272
2023-07-27,0.0004508324637441,0.0008217093825082,-0.0010113022921411224
2023-07-28,0.0003226474558647,0.000258732579311,0.001189864266343384
2023-07-31,1.4870782332812624e-05,-0.000136434517853,0.0001779114696973425
2023-08-01,0.0003075702009017,0.0005179779994606,-0.0007130480449228784
2023-08-02,-0.0007183494787094,-0.000626719009056,-0.0011927334405202024
2023-08-03,0.0004454726042706,-4.659712194675715e-05,-8.627717213917905e-05
2023-08-04,-0.0011935669947478,-0.0004090854202951,2.0908155765817247e-05
2023-08-07,0.0007634777848801,0.0004861267095736,0.00021587828170600964
2023-08-08,-0.0006992898151562,4.346384029635317e-05,-0.0007389182707405278
2023-08-09,-0.0004816709456406,-0.0001541337077804,-0.0007412153279851317
2023-08-10,0.0006558436079308,0.0001411829414158,9.324492483722214e-06
2023-08-11,0.0003992697897964,-0.0002596030158968,-0.00025959306810931606
2023-08-14,0.0004864611587391,0.0006445157157968,0.0002693644810941152
2023-08-15,-0.0006057917783806,-0.0002546609912894,-0.0005924474154771528
2023-08-16,-0.0001663967841167,-5.373453400288851e-05,-0.0007886910023701447
2023-08-17,-0.0003930087551896,-0.0003366583986715,-0.000532355945830582
2023-08-18,-0.0002132016479993,-6.080296977439896e-05,-3.903117562059229e-05
2023-08-21,0.0009301748874923,0.0004667074893104,0.0008150741816787199
2023-08-22,-0.000210736950871,-0.000169612401998,5.2821060296785246e-05
2023-08-23,-0.0001619437222494,-6.398030363322549e-05,0.0013067303407703393
2023-08-24,-0.0005948408224759,-0.0008271624641435,-0.0008574798277959243
2023-08-25,0.0004826744178505,0.0003926464845991,0.00021823945807779933
2023-08-28,0.0001848598156333,0.0001030146856153,0.0004902216609836867
2023-08-29,0.0003415561292398,0.0002196410669719,0.0015642352032009352
2023-08-30,0.000270772872407,5.593671408032165e-05,0.00040031965089865323
2023-08-31,-0.0002559285765863,0.0002371694156174,8.148196138745088e-06
2023-09-01,0.0006141444352056,-7.770538933393888e-05,-8.876605847334433e-06
2023-09-05,0.0002163815258718,0.0006137395884782,-0.0005097284321193355
2023-09-06,-0.0002193088146231,-2.0338786819113485e-05,-0.0007094277622690593
2023-09-07,-0.0004766512382518,-0.0003744969388851,-0.00021212107254367494
2023-09-08,7.86044349217571e-05,3.170529040451021e-05,8.293107070573354e-05
2023-09-11,0.0005594784705347,0.0003424425653952,0.0006240645308177312
2023-09-12,-0.000466038409116,-6.257810355482853e-05,-0.0008533986562171915
2023-09-13,-2.301687008154678e-05,0.0003342945862327,-1.9970845759199478e-05
2023-09-14,0.0007362107294095,0.0002984378833893,0.0003763784674164041
2023-09-15,-0.0005119083719688,-0.0012128832085881,-0.0002001350210301617
2023-09-18,-4.265673528919453e-05,-0.0004084616096448,0.0004944715597674221
2023-09-19,0.0001798705526143,-0.0002422274905089,-0.00016554073891603783
2023-09-20,-0.0005189926696212,-0.0005362282078518,-0.00053623748202025
2023-09-21,-0.0004109371976729,-0.0013364823699636,-0.0013364636256640765
2023-09-22,-0.0004783610969297,0.000262233743203,0.0002622301580802938
2023-09-25,0.0008983980450206,-0.0002167240761044,-0.00021673160147609618
2023-09-26,-0.0008748394312976,-0.0012501438208456,-6.938539598211399e-05
2023-09-27,0.0004126239965897,-0.0008779254859325,0.0010713458691266327
2023-09-28,0.0001181114563577,-4.862941787529552e-05,0.0007390607578519478
2023-09-29,-0.000167937903697,-0.0007798519122853,0.0008397810825937588
2023-10-02,0.0006799996656416,-0.0004830125238217,0.001171833643041759
2023-10-03,-9.393883395099848e-05,-0.0005866172887519,-0.0005138860424099333
2023-10-04,-0.000109706156883,0.0005675483935576,0.0005675440200361612
2023-10-05,-0.0001870303206188,1.2269630438780418e-05,1.2276869885072085e-05
2023-10-06,0.001234058692034,0.0003134077436041,0.0003134138177780373
2023-10-09,-0.0007239608807016,-0.0011277049256147,-0.0011277157489623668
2023-10-10,0.0004706665907001,0.0003367246847431,0.0003367176080475564
2023-10-11,-0.0002272218106931,-0.0002236093358176,-0.00022359957777201063
2023-10-12,0.0004606564866437,7.354239096205107e-05,7.353590633373615e-05
2023-10-13,-0.0008362243341717,-0.0027450755237582,-0.0027450681621000177
2023-10-16,0.001120209071072,0.0007919136191877,0.0007919061611272446
2023-10-17,0.0007986402354062,-0.00024781972122,-0.0002478127357812706
2023-10-18,-0.0003851792292706,-0.0013728963543871,-0.0013728923667985337
2023-10-19,-0.0001034350930557,-0.0010919130340433,-0.0010919196174447427
2023-10-20,-0.0011868897529193,-0.0007692988955751,-0.0007692948071971537
2023-10-23,-0.0004842276937481,0.0003186001499042,0.00031860002653732994
2023-10-24,0.0002792479833284,-0.0005030728035586,0.0004043649302628224
2023-10-25,-9.983276026246366e-05,0.0012443286702344,-0.0012443345711633108
2023-10-26,-0.0012879395499228,0.0008713447960564,-0.0008713367803538578
2023-10-27,-0.0003805396598673,0.0004739495051786,-0.00047396081181129185
2023-10-30,0.0009411528210914,-0.0007862128655825,0.0007862198011355532
2023-10-31,0.0005066935403708,-0.0004998128653116,0.0004974061602917035
2023-11-01,-0.0003748942942649,-0.0008532937649872,0.0008532861520669853
2023-11-02,0.0005151019390314,-0.0005123178594679,0.0005123070866925646
2023-11-03,-0.0001440510332902,-0.0002461260724317,0.0002461323583583537
2023-11-06,0.0005970180027709,-0.000605532820921,0.0006055424803034077
2023-11-07,-0.0003045955185201,7.797367764840493e-05,0.000587588902049821
2023-11-08,-0.0002765523991046,-0.0005438970532663,0.0005919103814258744
2023-11-09,0.0003781088801857,-5.9959501179168045e-05,-0.000513808931617927
2023-11-10,0.0006926135060787,0.0002165164070974,0.0014596862909429156
2023-11-13,-5.013819126507049e-06,0.0002011416575364,-0.0004336426128870857
2023-11-14,-0.0001653738476526,0.0012844978659083,0.0003032232150954115
2023-11-15,0.0006883542937084,-0.0001171909375946,0.00017277714533408888
2023-11-16,-0.0005026972465662,0.0006524463185907,-0.0005892317045792293
2023-11-17,1.3065727274145608e-05,2.619464405512818e-06,1.460074830367967e-05
2023-11-20,0.0002766367580312,0.0003597929618795,0.0005394983384582821
2023-11-21,-8.865796838793172e-05,0.0003634418272845,-0.0008079169164692633
2023-11-22,0.0001682588344447,-7.529239011340864e-05,0.00038707916869055845
2023-11-24,-0.0003397355327107,0.0002284299121133,-0.0003358346476278364
2023-11-27,0.0004534402622291,0.0003322124299783,-0.0003987060227633072
2023-11-28,-0.0003354332668172,0.0008163439964462,0.0007627770087032143
2023-11-29,-0.0004092424942814,4.0962308678662605e-05,4.09653969293123e-05
2023-11-30,0.0005493332103624,-0.0003221528098936,-0.0003221560238650681
2023-12-01,-0.0003700011908993,0.0010375569280293,0.0010375444923637408
2023-12-04,2.7643418109235e-05,-0.0015229617760746,-0.001522952859514863
2023-12-05,0.0004109385892871,-8.604083507909764e-05,-8.602486879489212e-05
2023-12-06,8.278725798091001e-05,-5.0171634450736906e-05,-5.018137436735919e-05
2023-12-07,0.0002861865501866,0.0006304129383029,0.000630413727067493
2023-12-08,-0.0002305492379107,-0.0004677622526128,-0.0004677651314685926
2023-12-11,0.0002058778955073,-0.0001958947196357,-0.000195894210303419
2023-12-12,0.0003833319641362,0.0002960128640472,0.000296016662658509
2023-12-13,0.0017386634225067,0.0015703882326775,0.0015703828970815047
2023-12-14,0.0007364335769744,0.0002389873241069,0.0002389934772977463
2023-12-15,-0.0001431342447385,-0.000232698651306,-0.00023270762813728434
2023-12-18,0.0001449054666823,0.0004678031684219,0.0004678161069696995
2023-12-19,0.0004503446898809,0.0005159249375331,0.0005159188153872684
2023-12-20,-0.0004277160573211,-0.0008681520722699,-0.0008681529719600597
2023-12-21,0.0004107167490394,0.000804376281645,0.000804376986113421
2023-12-22,4.72850592419217e-05,0.0002599429955159,0.0002599430860880299
2023-12-26,0.0002694382604981,0.0005963994040943,0.0005963997747414837
2023-12-27,0.0006175700654745,0.0002928379178731,0.0002928380818281337
2023-12-28,-0.000234430302573,-0.0002873584177983,-0.0002873616070151077
2023-12-29,-0.0003221918691282,-0.0002534235000842,-0.00025342699872155463
2024-01-02,-0.0005516121114617,-0.0008177526844958,-0.000817747753397873
2024-01-03,-0.0002912173733882,-0.0008374466635252,-0.000837447534897253
2024-01-04,-0.0005897582727715,-0.0001723959287046,-0.00017239635117618978
2024-01-05,-0.0001735459033279,5.782643956154075e-05,5.781657426662379e-05
2024-01-08,0.0010211459215454,0.0005169267080453,0.0005169352442257468
2024-01-09,-0.0001135926373393,9.628350649375316e-05,9.628047600662778e-05
2024-01-10,0.0001972582372108,0.00017394324423,0.00017395010819497956
2024-01-11,0.0003520605166928,0.0001793226195379,0.00017931962305612115
2024-01-12,0.000228357615867,0.0004821992488623,0.00048220242666857047
2024-01-16,-0.0007702314828856,-0.000450549172915,-0.0004505554554293069
2024-01-17,-0.0005643593849155,-0.0008342667739163,-0.0008342603952139303
2024-01-18,0.0003452417091356,0.0010551934334171,0.0010552005128978796
2024-01-19,0.0007225161357152,0.0010224889166124,0.0010224796461283268
2024-01-22,0.0003489249727233,-0.000143574318718,-0.00014356467539492965
2024-01-23,-1.944557142165906e-05,0.0003855494236008,0.0003855432989462222
2024-01-24,-0.0001497582173481,-0.000192707786672,-0.00019271060698877797
2024-01-25,0.0006454463803832,0.0002621150681056,0.0002621214700949234
2024-01-26,-0.0002091613119771,-0.0002957603806903,-0.0002957639010900827
2024-01-29,0.0009172106339553,0.0008170917789952,0.000817095612634938
2024-01-30,5.016947462478824e-05,-0.0002564490904946,-0.00025646045034405195
2024-01-31,-0.0004226279069967,-0.0010009061881974,-0.0010008977472774781
2024-02-01,0.0013377879851493,0.0011305493824943,0.0011305433371644874
2024-02-02,-0.0003171306358235,0.0003274517741209,0.00032745727021446665
2024-02-05,-0.0009921827583367,-0.0003569850864218,-0.0003569923059962554
2024-02-06,0.0005822638588203,0.000177034085796,0.00017704074639729382
2024-02-07,0.0003940867279865,0.0004732342271059,0.00047324179419154446
2024-02-08,-0.0002151972151756,4.0486012449748696e-05,4.047596232992095e-05
2024-02-09,0.0002315147042266,0.0002631583563168,0.00026315907767693325
2024-02-12,4.31823615693909e-05,-0.000321862314805,-0.0003218559018767998
2024-02-13,-0.0018710877234517,-0.0015587388770717,-0.0015587429205182284
2024-02-14,0.0009460176835925,0.0005295979318338,0.0005295945285439057
2024-02-15,0.0007124765095083,0.0005198409309153,0.0005198373468585219
2024-02-16,-0.000704627575597,-0.0002682092899845,-0.0002682059507734025
2024-02-20,-0.0002519902746747,-5.900919496004865e-05,-5.899832930828571e-05
2024-02-21,-0.00019838137736,-0.0001945641126188,-0.00019457503296702454
2024-02-22,0.0013592533587732,0.0014568614015742,0.0014568711348426993
2024-02-23,0.000410275934556,0.0001617424417863,0.0001617352841950621
2024-02-26,-0.0003574057677402,-0.0001463369208385,-0.00014633696784019352
2024-02-27,-7.1652759398199e-05,0.0001107701061551,4.5951501550043536e-05
2024-02-28,0.0002142131430651,-0.0003410001851558,-0.00013855914918983476
2024-02-29,0.0003826426120483,9.76415190885648e-05,0.0006741652201135548
2024-03-01,0.0009414997001637,-0.00038036967741,0.0017364843565802314
2024-03-04,-0.0002458064452406,-0.0010659909901182,0.0007446324378944762
2024-03-05,-8.37318922772385e-05,-0.0005082764801987,-0.00045231322627015586
2024-03-06,0.0005160119338046,0.0007527073702201,0.0007527043193456392
2024-03-07,0.0007482080600932,0.0010022969186102,0.0010023003473508866
2024-03-08,-0.0003023607578959,-0.0001547941290628,-0.0001547881899225781
2024-03-11,-0.0001601245762342,-5.934682641967904e-05,-5.9349995784107736e-05
2024-03-12,0.000277824717843,-5.30743957889526e-05,-5.307118547116487e-05
2024-03-13,-0.0002833297727723,9.551196170629116e-05,9.550305411187582e-05
2024-03-14,-0.0007546714832229,-0.0003559096236734,-0.0003559008049880632
2024-03-15,-0.0005508300291167,-0.0006916075979346,-0.0006916107201323041
2024-03-18,0.0002482582156453,0.0004974447000406,0.0004974448539890223
2024-03-19,-3.393062413401335e-05,2.538008779993501e-05,2.538002792817853e-05
2024-03-20,0.0003241840034367,0.0012518532978103,0.0012518617516581588
2024-03-21,0.0001845014846992,0.0001271687377821,0.00012716576277789992
2024-03-22,-0.000570648061902,-0.00046885443193,-0.00046885729736060103
2024-03-25,8.570198397916457e-05,5.665649344085736e-05,5.665089480710983e-05
2024-03-26,-0.0002565799656892,6.918572588585159e-05,6.91887506200934e-05
2024-03-27,0.000146455474984,0.0006022269449277,0.0006022268180917038
2024-03-28,7.929111535228475e-05,0.0007421362448033,0.0007421334102968002
2024-04-01,0.0007602690212566,0.0007367762808491,0.0007367791166818815
2024-04-02,-0.0001965321974716,0.0005417211424815,0.0005417307577369535
2024-04-03,-4.18088595896532e-05,0.0006443986642447,0.0006443954532890292
2024-04-04,-0.0010759733646643,-0.0010248710790334,-0.001024870080391706
2024-04-05,0.0012641782052944,0.001580525125558,0.001580521256826636
2024-04-08,0.0002449376702844,0.0004008367004138,0.00040083362010948597
2024-04-09,-0.0003013402493589,0.0004782721563972,0.00047826303359690275
2024-04-10,0.0006305196952264,-0.0009295992854817,-0.0009295841586240779
2024-04-11,0.0005886661459487,0.0018239511833608,0.0018239479489006896
2024-04-12,-0.0012209839582918,-0.0014624634207838,-0.0014624602842409093
2024-04-15,-0.0001640290235331,0.0003746562502503,0.00037465337029366733
2024-04-16,0.0002399456163486,6.593874442997078e-05,6.593583708464684e-05
2024-04-17,-0.0008943649170347,-0.0008948443482061,-0.0008948418586765124
2024-04-18,0.0001919590501616,-4.996691018258591e-05,-4.996709955636919e-05
2024-04-19,-0.000606949042041,-0.0006780804776625,-0.0006780871316696322
2024-04-22,0.0005085633732427,-0.0009154362070652,-0.0009154236251821843
2024-04-23,0.0005470215206313,0.0004724119433414,0.00047240251570897224
2024-04-24,0.0002404916727632,4.375573142665343e-05,4.375563501582332e-05
2024-04-25,0.0001226880184975,0.000100673245295,0.0001006762758718181
2024-04-26,0.0002887213410551,0.0007761352969259,0.000776134812897719
2024-04-29,-0.0001565912778191,6.220052417639084e-05,6.219753401418769e-05
2024-04-30,-0.0004949761111091,-0.0017516886241104,-0.0017516910481089544
2024-05-01,-0.0005527017448662,0.0001544780737688,0.0001544841415592115
2024-05-02,0.0001125862479968,0.0003655693042274,0.0003655659695479023
2024-05-03,0.0002116842438466,0.0007765596154431,0.00077656498366145
2024-05-06,0.0005213497518998,0.0009647464457864,0.000964734588266085
2024-05-07,-0.0002035230738024,-0.000212981623694,-0.00021297620876041854
2024-05-08,0.0002842082285043,-0.0001614277486001,-0.0001614304476601522
2024-05-09,1.3386857115880492e-05,0.0008280394301918,0.0008280394256881334
2024-05-10,0.0003921721645828,0.0004733619337892,0.0004733619289069396
2024-05-13,-0.0001110420685905,-0.0004393401473972,-0.00043933476970621315
2024-05-14,-4.7833795662991366e-05,0.0006495416812542,0.0006495388236994526
2024-05-15,-8.307205994515995e-05,0.0012210750050704,0.0012210720911228182
2024-05-16,8.438576880683975e-05,-0.0002622933752253,-0.0002622879224336121
2024-05-17,0.0004088156624262,0.0007488140648729,0.0007488167957422019
2024-05-20,0.0002241277630408,0.0004654083642854,0.00046540007998813464
2024-05-21,-0.00012173720727,1.4479559182519682e-05,1.4491077172068424e-05
2024-05-22,-4.038408401989179e-05,-0.0008355053783134,-0.000835511105103673
2024-05-23,-7.339266912286636e-05,-0.0010877788823896,-0.0010877847526915526
2024-05-24,0.000265133027901,0.0004409451328987,0.00044095124612873184
2024-05-28,0.0006220959038001,0.0006327686230394,0.0006327630525853399
2024-05-29,8.138958286504898e-05,-0.0006968750434565,-0.0006968722803582968
2024-05-30,-0.0009168736976846,-0.0003799588088045,-0.000379956072758015
2024-05-31,6.771335440723919e-05,-0.0003272466812168,-0.00032724376834960135
2024-06-03,-0.0006276900079414,0.0006067224325894,0.0006067136590209702
2024-06-04,-0.0004823148841708,-0.0002593996880243,-0.0002593965016621812
2024-06-05,0.000357582948239,0.0013993848902639,0.001399380059775039
2024-06-06,4.148480648081328e-05,0.0002977859199107,0.00029779479641610243
2024-06-07,0.0009815412816422,-0.0015512211556753,-0.0015512301092375435
2024-06-10,0.0004029326505821,0.0005682604616461,0.0005682637006447917
2024-06-11,-0.0003643650181553,0.0004149926748743,0.000414996249123987
2024-06-12,-3.70433784334616e-05,0.0006907373189347,0.0006907384139410088
2024-06-13,-0.0005145555123514,-6.547529335448654e-05,-6.54748401989486e-05
2024-06-14,-0.0001875841774931,0.0007253915865324,0.0007253920196950774
2024-06-17,0.0009331449570911,0.0003543358136487,0.0003543368377680676
2024-06-18,0.0004627983481461,0.0001645878847242,0.00016458790620960383
2024-06-20,-0.0004011969113154,0.0001215986865455,0.00012160361995873151
2024-06-21,-6.330445644976074e-05,-0.0007043742122404,-0.0007043802812704764
2024-06-24,-0.0001227777589201,-0.0003655906181213,-0.0003655918308193737
2024-06-25,0.0003179142538024,0.0003225719426709,0.0003225703077367476
2024-06-26,-0.0004815140444641,-0.0002492337205383,-0.00024923348963112483
2024-06-27,0.0003055617020354,0.0005329228783182,0.0005329231669507832
2024-06-28,-0.0007377064941636,-0.0002265233727508,-0.00022652111661023886
2024-07-01,-0.000562045221524,0.0003559869544983,0.0003559875936223294
2024-07-02,-4.1544585856929126e-06,0.0004728846839676,0.00047288002693028234
2024-07-03,-0.0003225876127483,0.000802028516086,0.000802035203236903
2024-07-05,-0.0001360962123793,0.0009800256649237,0.0009800324834057963
2024-07-08,4.550599592148125e-05,-0.0003592847718363,-0.0003592929713708463
2024-07-09,-0.0001676258408612,0.0001029663698188,0.0001029664484333283
2024-07-10,0.0007557443565802,0.0006113321589856,0.0006113384453771555
2024-07-11,5.32017838359109e-05,-0.0003292205119448,-0.00032922455785696064
2024-07-12,0.000629970308048,0.0002432935737704,0.00024329392784080153
2024-07-15,-0.0001282927670651,0.0002434862613979,0.00024348642339111785
2024-07-16,0.0008776197289904,0.0007996497873564,0.0007996468647027129
2024-07-17,-0.0009302672184912,-0.0015758222735036,-0.0015758230516104653
2024-07-18,-0.0008461545833614,-0.0004754882627256,-0.00047548231242145074
2024-07-19,-0.0008034293504656,-0.0011258774615905,-0.0011258806958738745
2024-07-22,0.0006500952094952,0.0007195134658914,0.0007195076571907808
2024-07-23,-3.5009756710758144e-05,-2.2926419397073907e-05,-2.292088178500563e-05
2024-07-24,-0.0017852014180126,-0.0017491310974341,-0.0017491303376937376
2024-07-25,-0.0001331356995914,-0.0011051216013771,-0.0011051192297352342
2024-07-26,0.0012532647879762,0.0008713887358059,0.0008713832307616706
2024-07-29,0.0002110998990763,3.558777783497356e-05,3.558490228240887e-05
2024-07-30,-0.0001115258566878,-0.0001763744602085,-0.00017636731640233188
2024-07-31,0.0018081749438211,0.0019358044262807,0.0019358009938576814
2024-08-01,-0.0004685255966235,-0.0011364184523851,-0.0011364176319800612
2024-08-02,0.000408902486309,-0.001055753950348,-0.001055758503603069
2024-08-05,-0.0017686676728396,-0.001731688394466,-0.001731687874846453
2024-08-06,-0.0003757220573475,-0.0006745768702791,-0.0006745727640487242
2024-08-07,-0.0006809501563424,0.0003490874036197,0.00034908827398399527
2024-08-08,0.0008999854697401,-0.0004609994168163,-0.00046100187615737284
2024-08-09,0.0006059495180146,-8.7199935614693e-05,-8.720512142339562e-05
2024-08-12,0.0002891457294467,0.0005792600473192,0.0005792598845727176
2024-08-13,0.0011960154740879,0.0007263390221271,0.0007263337506905545
2024-08-14,0.0002740475784816,-0.000301554319836,-0.00030154989695018743
2024-08-15,0.000259000116962,0.0009539377418759,0.0009539371921802456
2024-08-16,0.0002869102765673,0.0008995884464814,0.0008995906784305785
2024-08-19,0.0005841181639719,0.0003708188364319,0.00037081326681809724
2024-08-20,0.0002852193435079,7.528173501174252e-05,7.528751823052331e-05
2024-08-21,0.0003405378856402,9.298228250313856e-05,9.298661165736943e-05
2024-08-22,-0.0007706278483533,-0.0009520620937286,-0.0009520691699771123
2024-08-23,0.0008986657846438,0.0007807739568853,0.0007807808327565093
2024-08-26,-0.0002187221263888,-0.0001776261817127,-0.0001776268805686074
2024-08-27,2.3858654101115568e-05,0.0001978795917658,0.00019787577497066793
2024-08-28,-0.0003116443211139,-0.0006254926621697,-0.0006254933497034259
2024-08-29,-0.0001561405286109,0.0001596559920603,0.00015965389741744333
2024-08-30,0.000113989554115,8.397038166710195e-05,8.397313668999438e-05
2024-09-03,-0.0003315316044349,-0.0011016737317627,-0.0011016775565304486
2024-09-04,0.0004500687089155,-5.335622715430111e-05,-5.3356343602449196e-05
2024-09-05,0.0001102880774397,0.0003614506750506,0.0003614507129466611
2024-09-06,-0.0006064848884589,-0.0010892623247094,-0.0010892614325921715
2024-09-09,0.0006227043873894,0.000549042107201,0.0005490466712495431
2024-09-10,0.0006028733793566,0.0004608376802907,0.00046083407845783135
2024-09-11,0.0003659498742334,0.0005548940660473,0.0005548948826634049
2024-09-12,0.0001979033430654,0.0010692546348809,0.0010692550040184764
2024-09-13,0.0004123197449064,0.000574199623351,0.0005742035494173568
2024-09-16,0.0003227775578733,-0.0001311181962052,-0.0001311220866543377
2024-09-17,-0.0001699404581507,-0.0002339755898563,-0.00023397926601884564
2024-09-18,-0.0005681158103099,-0.0004692307353391,-0.00046922536291104966
2024-09-19,0.0006344108440942,0.0014148518630532,0.0014148489689537352
2024-09-20,-0.000103743119809,0.0005173868757537,0.000517385000142924
2024-09-23,4.28070257153796e-05,0.0001623101767608,0.00016231570926466014
2024-09-24,0.0002316662089584,0.0007688877820591,0.0007688844062523478
2024-09-25,-0.0005070360003105,-3.690234399076989e-05,-3.6902305959462416e-05
2024-09-26,8.994642308199507e-05,0.0004408508669918,0.0004408511751945276
2024-09-27,0.0003481764570765,-0.0005156899981803,-0.0005156902260674567
2024-09-30,-0.000116398546249,-0.0002877527257875,-0.0002877490824786628
2024-10-01,2.4362255032070225e-05,7.796147514534449e-05,7.795735509394608e-05
2024-10-02,-0.0002946513290478,4.892159157020271e-05,4.8921653950822484e-05
2024-10-03,-0.0006344648484179,-5.208090060104459e-05,-5.2079134380506926e-05
2024-10-04,-0.0006804425011217,0.0002454807732928,0.00024547947658809267
2024-10-07,-0.0007707932160199,-0.0004536128642487,-0.00045361511627435276
2024-10-08,0.0004700315250395,8.036293785666025e-05,8.036727815970147e-05
2024-10-09,-9.582263720763406e-05,-2.9723557924379463e-05,-2.972320765844155e-05
2024-10-10,-8.264510270880251e-05,0.0003086931971447,0.0003086913759494512
2024-10-11,0.0002782861399373,0.0005509720560135,0.0005509756736880987
2024-10-14,0.0001561272412182,0.0001622953571124,0.00016229394591489092
2024-10-15,0.0002037865794229,-0.0002195028071052,-0.00021950339466788362
2024-10-16,0.0003425517669773,0.0002506080220953,0.0002506080274725819
2024-10-17,-0.0005327686781,0.0003159410474107,0.00031593925250000273
2024-10-18,0.0002791812914391,0.0007152110953374,0.0007152113955487263
2024-10-21,-0.0008656411998283,4.607581805261535e-05,4.607953047705755e-05
2024-10-22,-0.0001206241927019,0.000585339641649,0.0005853396814704394
2024-10-23,-0.0006346819795899,-0.001095551717619,-0.0010955522059125653
2024-10-24,0.0003150783697376,0.0006472584652512,0.0006472567589573863
2024-10-25,-0.0002339057589305,0.0002953547656234,0.00029535692021630326
2024-10-28,-9.222525489856878e-05,7.055763313838625e-06,7.053831629304772e-06
2024-10-29,0.0001164288794835,0.0008930670434567,0.0008930715166040397
2024-10-30,-0.0003190072846849,2.424695315208158e-05,2.4242598644162456e-05
2024-10-31,-0.0010053527769786,-0.0016720402424783,-0.0016720407120995777
2024-11-01,-0.000491704724342,4.2893430934006914e-05,4.289576314644056e-05
2024-11-04,0.0005226618552176,-2.667948173685729e-05,-2.668606491650813e-05
2024-11-05,0.0004785696108308,0.0005878876168684,0.0005878969790018668
2024-11-06,0.0026156718169016,-0.0005833265506856,-0.0005833337848886718
2024-11-07,-0.0005486308363011,0.0014219559292412,0.0014219558662738323
2024-11-08,-1.9275700579450973e-05,-0.000310468424471,-0.00031046399548756063
2024-11-11,0.0003867521420277,-0.0012478234598382,-0.001247827883421571
2024-11-12,0.0005390634367788,-0.000467262963512,-0.0004672584354912214
2024-11-13,9.848927212609156e-05,-0.000511079700444,-0.0005110818955221952
2024-11-14,-0.000330175324423,-0.000378783511657,-0.0003787810622659692
2024-11-15,-0.0007302736968632,-0.0009690645049548,-0.0009690637322214333
2024-11-18,-3.607811110511552e-05,0.0011326455559744,0.001132645330264815
2024-11-19,-5.3441357383603226e-05,0.0006536236886174,0.0006536190591911002
2024-11-20,0.0001899935906329,0.0002309947906857,0.00023099479680224952
2024-11-21,0.0003464324600529,0.0005058394954271,0.0005058439627746608
2024-11-22,9.062845471701103e-05,0.0006363364422508,0.0006363319286090834
2024-11-25,-0.0010626599456032,-0.0012609046733055,-0.001260900207912719
2024-11-26,0.0005026309200266,0.0002789934750144,0.00027898883395585433
2024-11-27,-0.0005938445227202,-0.0002059218028192,-0.00020592175321614307
2024-11-29,-0.0001178951448786,0.0006830697341073,0.0006830788634104616
2024-12-02,0.0001053747579475,5.290944442030846e-05,5.290700054913413e-05
2024-12-03,0.0003371437356339,0.0002105598327507,0.00021055977356606922
2024-12-04,-4.198802397907249e-05,0.0006518040997065,0.0006517987585339011
2024-12-05,-8.859053716840499e-05,-0.0004201908145221,-0.0004202008262443813
2024-12-06,-0.0002333364313365,0.0003973551367913,0.0003973601311822355
2024-12-09,6.889920896070657e-05,7.213850471750511e-05,7.214358119996792e-05
2024-12-10,2.1094488654743186e-07,0.0003965046589183,0.00039650467669382413
2024-12-11,0.000807953788704,0.0011859411395955,0.0011859462383665051
2024-12-12,9.474242858247216e-05,-0.000894720013248,-0.0008947199381972526
2024-12-13,0.0004997653803007,-0.000165744345414,-0.00016574959147539587
2024-12-16,0.0002324068439385,0.0007353373183422,0.0007353423422791661
2024-12-17,-0.0002678070184648,-0.0003541017843286,-0.0003541014931878336
2024-12-18,-0.0010852039981106,-0.0023931842816369,-0.0023931846525593226
2024-12-19,0.0004741663231765,-0.0001396521631862,-0.0001396572083441004
2024-12-20,0.0003751875477114,0.0008172647439481,0.0008172669467233849
2024-12-23,0.0008700530521831,0.0002397976642118,0.00023979184229685671
2024-12-24,0.0005352115449626,0.0004078179858662,0.000609017600660734
2024-12-26,-7.644049853303185e-05,-0.0002991636548526,0.00024588823067106015
2024-12-27,-0.0002935918324057,-0.0002438027012206,-0.000798491887682968
2024-12-30,-0.0012342470624658,-0.0003926587989064,-0.00065017711886758
2024-12-31,2.820930815664378e-06,-0.0005785347542975,-7.250689113915689e-05
2025-01-02,-0.0001847038488384,-0.0006263188661479,0.00047667759412968035
2025-01-03,0.0008208972108122,0.0009451799388936,0.00030679234545550796
2025-01-06,0.0004021343101229,0.0004896148637244,0.0003896110208160107
2025-01-07,-9.144723159463286e-05,-0.000500035547954,-0.00046004263167485475
2025-01-08,-0.0001170217043741,0.0002192930458877,0.00021929074760553647
2025-01-10,7.186708286825629e-06,-0.0002196761691834,-0.00021967324243094878
2025-01-13,0.0002765155578316,-0.0005213388259195,-0.000521338688136017
2025-01-14,3.264946667325515e-05,-0.0002847947789125,0.00017279081310946084
2025-01-15,-0.0002195744707886,0.0005624799442563,0.0011585175539987648
2025-01-16,-0.0003590415183553,-0.0005370478765064,1.2973535211363671e-05
2025-01-17,0.0004306367218515,0.0008424921363676,0.00042010041668041236
2025-01-21,0.0001017808228825,-0.0003968472010596,0.0008355808772906378
2025-01-22,0.0005414279708488,0.0002504642235484,0.0006558405023015226
2025-01-23,0.0005375169898815,0.0001313724288554,1.9696386712386915e-05
2025-01-24,-0.0003582188974647,-0.0004461962737151,4.465739366168927e-05
2025-01-27,-0.0013683962958707,-0.0006237403334331,-0.0014450219440032966
2025-01-28,0.0003953478553037,0.0001596222656893,0.0008446089914562176
2025-01-29,-9.10838960996952e-05,8.804475110980653e-05,-0.0002158428926584525
2025-01-30,3.316395355330715e-05,-0.0004542048199794,0.0007442721479557063
2025-01-31,-8.678532545936335e-05,-0.0001276441189468,2.8754563797067168e-05
2025-02-03,-0.0003929109400596,-0.0004834952678692,-6.115471197685218e-05
2025-02-04,6.203431572398841e-05,0.0007837449216485,0.0008233099066176437
2025-02-05,-0.0004184280870564,0.0004068137879398,0.00040681358568471764
2025-02-06,0.0002944724451276,7.83434228474736e-05,7.83472995691272e-05
2025-02-07,-9.45921914583926e-05,-0.0003731230978138,-0.00037312657210515946
2025-02-10,0.0003542764218811,0.0011000737617756,0.0011000649417684878
2025-02-11,-0.0003675827143079,-0.0002560417602815,-0.00025603316130808567
2025-02-12,-0.0009587362441665,6.894875318448264e-05,6.894446940258155e-05
2025-02-13,0.0014116909779914,0.0009726681594818,0.0009726716759447204
2025-02-14,0.000478276319753,-0.0005215152252258,-0.0005215154568318171
2025-02-18,-0.0004596627487083,0.0008341792846151,0.000834187501823769
2025-02-19,0.0002951795274046,3.496440041373245e-05,3.496007781030653e-05
2025-02-20,-3.115066242582315e-06,-0.0001369805301333,-0.0001369888255323188
2025-02-21,-0.0002809205578501,-0.0008261613340976,-0.0008261599541419775
2025-02-24,-1.4261898932635094e-05,-0.00020000869357,-0.00020000349261947514
2025-02-25,0.0005720235629028,-0.0010691724715939,-0.0010691695078870265
2025-02-26,0.0003149700508051,0.0001583378338789,0.00015834201928324222
2025-02-27,-0.0009405494101077,-0.0017134899202472,-0.001713494448629177
2025-02-28,0.0013775183126105,0.0002828829804153,0.00028287972931978484
2025-03-03,-0.0005164929558328,-0.0001837091506141,-0.0001837077838688614
2025-03-04,-0.0008995926392179,0.0003180116565118,0.00031801390339644366
2025-03-05,-9.342854389534922e-05,0.0005373847582543,0.0005373798286295733
2025-03-06,-0.0008934442954429,-0.001167411494698,-0.0011674120233525832
2025-03-07,0.0001274831343835,0.0002715245228128,0.00027153045847815656
2025-03-10,-0.000502635022928,-0.0017221099821148,-0.0017221097721570836
2025-03-11,-0.000729154402556,0.000605804785233,0.0006058027431797494
2025-03-12,-8.62498768545651e-05,-0.0001322454688965,-0.00013224483707431219
2025-03-13,-0.0001400586066504,0.0014011484895847,0.0014011435753947207
2025-03-14,0.0005057561577948,-0.0007130914331812,-0.000713086005137739
2025-03-17,0.0004137546331505,6.453637261586153e-05,6.453673575600773e-05
2025-03-18,-0.000310791349834,0.0010869710918433,0.0010869724710547287
2025-03-19,0.000756318321491,-0.0001938528884301,-0.00019385635550130259
2025-03-20,3.919174423795372e-05,3.715859523272568e-05,3.716419147592306e-05
2025-03-21,-7.506399698608647e-05,-0.0004985998989201,-0.0004986036274320991
2025-03-24,0.0001080135417641,-0.0008745662851791,-0.0008745675076838971
2025-03-25,0.0002819663467577,5.447487704151432e-05,5.447893185317952e-05
2025-03-26,-0.0007494744483658,0.0005147255522496,0.000514721024349613
2025-03-27,-0.0002028568548352,0.0008698166391518,0.0008698183038806513
2025-03-28,4.639481890179723e-05,0.001183373094636,0.0011833719619420867
2025-03-31,0.0006005587412304,0.0007482084206764,0.0007482064347827001
2025-04-01,0.0004919384437365,-0.0003415780181183,-0.00034157586603918036
2025-04-02,0.0001563592896096,-0.0001122015434264,-0.0001122033129029975
2025-04-03,-0.0009018785208504,0.001283509312125,0.0012835099387109089
2025-04-04,-0.0020841159350848,0.0006515900242488,0.0006515906715987381
2025-04-07,-0.0013541658652262,-0.0011699017200046,-0.0011699059918490419
2025-04-08,-5.3634717389946826e-05,0.0006818330558339,0.0006818343205020735
2025-04-09,-0.003460616627322,-0.0012534076737778,-0.0012534045267360773
2025-04-10,0.0007183231616962,0.0021486282450948,0.002148630349865504
2025-04-11,-0.0010777971360413,0.0004165966857152,0.0004165954253158967
2025-04-14,0.0004788640534977,-0.0004247890018322,-0.00042479213741051006
2025-04-15,0.0002000587642449,0.0001780702854366,0.00017807030714216132
2025-04-16,-4.194155887357067e-05,0.0017982871970319,0.0017982868042020418
2025-04-17,-0.0002417757895536,-0.0001682363873156,-0.0001682351793054647
2025-04-21,-0.0010008235740103,0.0016409398879874,0.001640940805225636
2025-04-22,0.0005960749834722,-0.0009612472716827,-0.0009612494784930964
2025-04-23,0.0004134918396967,-0.0012444619975371,-0.0012444605243909519
2025-04-24,0.0009331668090937,2.8021203718513665e-05,2.8020337769379218e-05
2025-04-25,0.0005020894104299,-0.0005781944975659,-0.0005781932231437787
2025-04-28,0.0003817234497937,0.0005108325526787,0.0005108314214927252
2025-04-29,0.0004470652639537,-0.0004383691730529,-0.0004383657671965241
2025-04-30,0.0001541826698011,-0.0002474296007603,-0.0002474328945450155
2025-05-01,-0.0002676708148425,-0.0009149077439933,-0.0009149064631492224
2025-05-02,-0.0003352516231732,-0.0001940340347799,-0.00019403275936297237
2025-05-05,-0.0002811852955846,0.001097115201685,0.001097112996069157
2025-05-06,6.747125279811139e-05,0.0010258585766354,0.0010258606130980276
2025-05-07,0.00032440207219,-0.0005316811733147,-0.0005316822176055941
2025-05-08,-0.0005768658804667,-0.000785955785496,-0.000785955679351655
2025-05-09,4.30197740871238e-05,0.0002361842950017,0.00023618535344932154
2025-05-12,6.643044871864343e-05,-0.0015648704538123,-0.0015648700784125884
2025-05-13,5.855179099828415e-05,-0.0001338019971221,-0.00013380285664624147
2025-05-14,-0.0003183823894987,-0.0006973982533516,-0.0006973962105590875
2025-05-15,0.0006942694078526,0.0004353343959966,0.0004353324376575446
2025-05-16,0.0001514933792,-0.0004157946288451,-0.00041579458292620507
2025-05-19,-2.7743587756596623e-05,0.0003500539848672,0.0003500539949828552
2025-05-20,-0.0001842378582407,0.0004459787617042,0.00044597880571811737
2025-05-21,-0.0009694508365941,-2.6100220102785757e-05,-2.6099096619899847e-05
2025-05-22,0.0003564434209234,-0.000215524818313,-0.00021552583598881528
2025-05-23,0.0001359513455036,0.0004555818341755,0.0004555819277639356
2025-05-27,0.0007885164021927,-7.992955974473533e-05,-7.992778881312851e-05
2025-05-28,-0.000369646533393,-0.0001364943565571,-0.0001364962785420477
2025-05-29,0.0004638768277591,0.0001945945749285,0.00019459455489158594
2025-05-30,0.0002557094568887,-0.0002058704647492,-0.00020586648694297522
2025-06-02,-0.0002083956131479,0.0008575982245259,0.0008575961286827194
2025-06-03,0.0001077133961356,-0.0003883768927775,-0.00038837477919268914
2025-06-04,-0.0006944384783942,0.0001250658205471,0.00012506385730632762
2025-06-05,0.0001830450545717,-6.6633058248810855e-06,-6.661411716971669e-06
2025-06-06,0.0009468141982613,-0.0005270076536375,-0.0005270055519158278
2025-06-09,-0.0001527628084059,0.0001013553326098,0.00010135732681140658
2025-06-10,-4.529405514214474e-05,0.0001069722555529,0.00010697629717663588
2025-06-11,-0.0004396388875748,8.586282368165982e-05,8.586285947272813e-05
2025-06-12,-0.0003215153322173,0.0003745480253605,0.0003745459697230017
2025-06-13,0.0001177571330614,0.0001303764867278,0.00013037862058883
2025-06-16,0.0004533905105041,-0.0001375936156087,-0.00013759376335768575
2025-06-17,0.0001811279789206,-0.0001599912167634,-0.00015999316101615452
2025-06-18,5.463802681407314e-05,-0.0001456106741681,-0.00014561067279978532
2025-06-20,1.0438824624780594e-05,-8.367221347642444e-05,-8.36701176332128e-05
2025-06-23,0.0005151878860871,0.000263861772042,0.00026386166813016935
2025-06-24,0.0005397187657219,-0.0001433492543092,-0.0001433494308875241
2025-06-25,4.956426488606792e-05,0.0001265109478584,0.00012650888063856208
2025-06-26,0.0004832233735362,0.0001382810665713,0.000138283009531018
2025-06-27,-0.0001379885557443,-0.0004199248334927,-0.0004199248731921384
2025-06-30,0.0004597044798973,0.0004344372398555,0.00043443716474862953
2025-07-01,-0.0001790186762173,8.029886796852799e-05,8.029897187209937e-05
2025-07-02,-0.000102073750445,0.0002709224348366,0.00027092234926396865
2025-07-03,-0.000160943771041,-7.393148227429967e-08,-7.60713967815573e-08
2025-07-07,-0.0004447010679975,-0.0001170037661005,-0.00011699968991318762
2025-07-08,4.096324649051007e-05,-0.0002736287397002,-0.00027363106799587313
2025-07-09,-0.0003969510094945,0.0002692238923846,0.0002692261566097109
2025-07-10,0.0001217483492853,3.038438350708719e-05,3.037979241941193e-05
2025-07-11,0.0003986116898338,0.0002136337016186,0.0002136360199524206
2025-07-14,8.935640760240654e-05,-2.3476325412843556e-05,-2.3476353512463718e-05
2025-07-15,-0.0007309845720424,-9.715664690385513e-05,-9.716060349160026e-05
2025-07-16,0.0004476480969012,0.0001824757195874,0.0001824757118142689
2025-07-17,0.0002276979746553,0.0002262192948932,0.00022622317367256944
2025-07-18,0.0002719560383642,4.16176550381892e-05,4.1617666127007874e-05
2025-07-21,0.0004654387301526,0.00063495085967,0.0006349507998576017
2025-07-22,0.0003181990002393,7.69639894364401e-05,7.696395407918827e-05
2025-07-23,5.478130891333404e-05,-0.0002057390232429,-0.00020574382122682698
2025-07-24,-0.0001465376499636,-0.0001068911207563,-0.00010689109944508103
2025-07-25,0.0004826683392656,-0.0001973790187158,-0.00019737420496224352
2025-07-28,-0.0002592954876509,-7.456020270712183e-05,-7.456018641382547e-05
2025-07-29,0.0005951893367094,1.7009953485675237e-05,1.7009945936064185e-05
2025-07-30,-0.0004638024818545,-0.0005115849987187,-0.0005115849920780828
2025-07-31,-0.0001130215905461,-2.804400770656945e-05,-2.8049109206006422e-05
2025-08-01,0.0003945781339079,-0.0002507445994824,-0.00025073969535914867
2025-08-04,0.0010003027453891,0.0010610339985644,0.0010610288852218196
2025-08-05,-0.0003555292765517,-0.0002806236990054,-0.0002806140481089949
2025-08-06,0.0003347075189889,0.000492661696207,0.0004926569963006374
2025-08-07,-0.0001233085409104,0.0004601577735485,0.0004601578594319383
2025-08-08,0.0001744273305311,0.0004142846485071,0.0004142800064821246
2025-08-11,-7.296050314123756e-05,-0.0006568261420814,-0.0006568213978105373
2025-08-12,0.0006313248408056,0.0006333991926094,0.0006333948689154178
2025-08-13,0.0006221619971821,0.0001498122663212,0.00014981801650106123
2025-08-14,-0.0003656054658794,-0.0002972301992115,-0.00029723597619539836
2025-08-15,-0.0003742856402378,-0.0002129671063842,-0.0002129619601230542
2025-08-18,-0.0001219450856753,-8.43724546396104e-05,-8.437250163677105e-05
2025-08-19,-6.0705197297746285e-05,-0.0009811315878212,-0.000981133416389291
2025-08-20,1.661050729144108e-07,0.0001141246313521,0.00011412383470487737
2025-08-21,-0.0006153988939633,-0.0004035852014631,-0.00040358582267163267
2025-08-22,0.0016792201457449,0.0013077241507315,0.0013077262207291625
2025-08-25,-0.0005277898736716,-0.0002624223815747,-0.00026241690530553715
2025-08-26,0.0005997284150127,0.0005549239754784,0.0005549187731710679
2025-08-27,0.0003818157887446,0.0001780376308725,0.00017803794163620646
2025-08-28,0.0005180328858279,0.0006881772854413,0.0006881785511735683
2025-08-29,-0.0005088947128254,-0.0001970383352873,-0.000197040675809676
2025-09-02,-0.0008665837842409,0.0006239342821951,0.0006239325877650433
2025-09-03,0.0007963365167555,0.0007942688775115,0.000794270278873572
2025-09-04,0.0011273789967766,0.0002854715957707,0.0002854732210391648
2025-09-05,0.0004154168473142,0.0007039729170443,0.0007039673742977473
2025-09-08,0.0005545667540223,0.0007991468779424,0.0007991477820926732
2025-09-09,-0.0001504327663149,4.865148841096756e-05,4.866356516013597e-05
2025-09-10,0.0005434976566085,0.0001846816666095,0.00018468172480448245
2025-09-11,0.0007656226258567,0.0002477913725706,0.0002477866545254525
2025-09-12,-0.000394406441577,0.0003321926888231,0.00033218777994133364
2025-09-15,0.0005757102283231,0.0009494052307966,0.0009494068502326138
2025-09-16,-2.2126196740723493e-05,4.589005141627679e-05,4.590185841654222e-05
2025-09-17,-0.0003774046699833,-0.0004917689765325,-0.0004917754238540449
2025-09-18,-9.907621629645782e-05,0.0003275379338554,0.00032753994135654985
2025-09-19,0.0003048346892493,0.0009095036660233,0.0009095051731312744
2025-09-22,0.0001236212544426,0.001186788914273,0.0011867902322984874
2025-09-23,-4.236688443499224e-05,-0.0002053833280099,-0.00020539117304650052
2025-09-24,-0.0005991580621968,-0.000647345939302,-0.0006473406853312755
2025-09-25,-0.0006398142589827,-5.961259168934754e-05,-5.9613693185961566e-05
2025-09-26,0.0003657017516377,0.0005253157803946,0.0005253106095677945
2025-09-29,0.0006005868848917,0.0010722739839993,0.0010722813915592568
2025-09-30,0.0002270195257372,0.0005910329651236,0.0005910336266221416
2025-10-01,0.0007050990838675,0.0003719345197306,0.00037193566321948866
2025-10-02,0.000224664275173,7.842140735148692e-05,7.842238733894686e-05
2025-10-03,-0.000263389468702,0.0001418078970841,0.00014180689357879968
2025-10-06,-0.0001179693400683,0.0013968069801563,0.001396808770387245
2025-10-07,4.499293310006152e-05,-7.32941426654937e-05,-7.329530159056819e-05
2025-10-08,0.000488921101311,0.0015139257525262,0.0015139282938095707
2025-10-09,-0.000320919530042,-0.0009771096225388,-0.0009771098908282507
2025-10-10,-0.0012599897681545,-0.001648454908332,-0.0016484687939898259
2025-10-13,0.001255672568058,0.0024980276236448,0.002498038876896467
2025-10-14,0.0002606109641595,-1.4230552876869762e-05,-1.4230982667211133e-05
2025-10-15,0.0001229635680893,0.0011015692987654,0.0011015696640922714
2025-10-16,0.0001978292729417,0.0008522992954966,0.0008522991037971008
2025-10-17,0.0001314701424567,-0.0005137408905403,-0.0005137405505804014
2025-10-20,0.0008195651293729,0.0022071003911691,0.002207101043506189
2025-10-21,0.0002445428106595,-0.0025308242686621,-0.0025308289798822068
2025-10-22,-0.0002866620110297,-0.0004475222457035,-0.0004475180371656784
2025-10-23,-7.852735258658894e-05,0.0005507837395721,0.0005507841267869626
2025-10-24,0.0006167611647604,0.0003693982623682,0.0003693940505215812
2025-10-27,0.0007124370459288,-0.0002547267420767,-0.0002547211848709395
2025-10-28,0.0002868167012787,0.0001420212937467,0.00014202155426105888
2025-10-29,-0.0008311078277328,9.81074309558131e-05,9.810757969223805e-05
2025-10-30,-0.0008737845153854,-0.000130411158209,-0.0001304116631989854
2025-10-31,0.0002582841792181,6.406023605325757e-05,6.406498620270185e-05
2025-11-03,5.274487529245974e-05,0.0002780668872868,0.0002780670234738512
2025-11-04,-0.0005911737959134,-0.001484685307708,-0.0014846892371312688
2025-11-05,-0.0004137474322217,0.0006504112017094,0.0006504110170298676
2025-11-06,-4.942389640708229e-06,-0.0009251634165881,-0.0009251675834821832
2025-11-07,0.0001179823093419,2.8893195715668846e-05,2.88980547824159e-05
2025-11-10,0.0008160093051305,0.001859641179427,0.0018596405515899786
2025-11-11,0.0005476576378544,-4.04754588795758e-06,-4.0473953517600394e-06
2025-11-12,6.048594592781892e-05,0.0004264851826053,0.00042648103166894404
2025-11-13,-0.0013686698575463,-0.0011010169219908,-0.0011010115172395167
2025-11-14,-0.0002305306940928,-0.0004831850451755,-0.0004831850928110201
2025-11-17,-0.0003999857271545,-0.0006913988656995,-0.0006913983274646272
2025-11-18,-0.0002673258495951,-0.0003144505158589,-0.00031444992320701595
2025-11-19,0.0001278529674477,0.0002981579125266,0.00029816197719875775
2025-11-20,-0.0005678712327229,-0.0010108847915665,-0.001010887877261286
2025-11-21,0.0010189478385202,0.0002752528122737,0.00027525245120750314
2025-11-24,0.0010605651871289,0.0015234689174227,0.0015234676883580508
2025-11-25,0.0008443555361461,0.0002261865269351,0.00022619006783172895
2025-11-26,0.0004793469965255,0.0005610047452158,0.0005610003472979102
2025-11-28,6.050251778235804e-05,0.0006554890738467,0.000655488618401814
2025-12-01,-0.0009606793240001,4.29780969936683e-06,4.29799840137655e-06
2025-12-02,0.0002095371151003,0.0001200078456563,0.00012000741213608378
2025-12-03,0.0004611226748963,6.804886746501613e-05,6.804873222160556e-05
2025-12-04,-0.0003733204299687,-1.766221997038641e-05,-1.7665957374855412e-05
2025-12-05,-0.0001740748279254,0.0001070149206157,0.00010702229525455712
2025-12-08,-0.0004374104044282,-0.0001483724839076,-0.00014837614749886997
2025-12-09,-0.0002405746384237,0.0001920856745859,0.00019208937089276116
2025-12-10,0.0007874543675406,0.0002776468564654,0.00027764280535862607
2025-12-11,0.0001392503259823,0.0001786302045799,0.0001786341699152656
2025-12-12,-0.0009389692326402,-0.0005788079098323,-0.0005788103900347303
2025-12-15,2.944895848952672e-05,-0.0001676849090395,-0.0001676845889993591
2025-12-16,-0.0006527545032184,8.08229419417488e-05,8.082280758646376e-05
2025-12-17,-0.0005566376713879,-0.000456579498176,-0.00045657825653075743
2025-12-18,5.560725349143623e-05,0.0004961275811193,0.0004961266105393887
2025-12-19,0.0007811855234364,0.00052432729364,0.0005243226222484492
2025-12-22,0.0004693198270306,0.0008355059229666,0.0008355093692444209
2025-12-23,4.763604113102194e-05,0.0005433596529824,0.0005433593973247746
2025-12-24,0.0005293094618587,-1.0510456513187718e-05,-1.051061971407035e-05
2025-12-26,0.0001192746223337,0.0003273338401464,0.00032733384371828037
2025-12-29,8.727866968681212e-06,-0.0014046188360636,-0.0014046185660289688
2025-12-30,-0.0002013011810214,-6.612910606298723e-05,-6.612898005979063e-05
2025-12-31,-0.0008255559539747,-0.0004695676141701,-0.0004695671684442935
2026-01-02,-1.6099166610249858e-05,5.998545733382911e-05,5.998556179412084e-05
2026-01-05,0.0007470342557515,0.0009780502501413,0.0009780498218144686
2026-01-06,0.0002088433529396,0.0006027081037616,0.0006027076227849995
2026-01-07,8.344623504128533e-05,-0.0002144228518741,-0.000214422904608888
2026-01-08,-0.0004060008324187,-6.342517542510715e-05,-6.34248637307075e-05
2026-01-09,0.0004925846741621,0.0005524638902984,0.0005524633445876981
2026-01-12,-8.541639922626457e-05,0.0005189934019256,0.0005189933564645472
2026-01-13,4.49755985679403e-05,-0.0001010054465871,-0.00010100539622348473
2026-01-14,-1.2421803036221375e-05,-0.0001627189824513,-0.00016271856351607615
2026-01-15,-0.0001160214141742,-1.692428070268782e-05,-1.692442185825799e-05
2026-01-16,-0.0005616237423119,-0.0001629887017762,-0.00016298866897822918
2026-01-20,-0.0017263339849964,0.000144433849179,0.00014443468240052523
2026-01-21,0.0001672659754191,0.0010159442379807,0.0010159436662411823
2026-01-22,0.0003083874371375,0.0008989945000935,0.0008989941934440017
2026-01-23,-0.0002022489514178,0.0005794403550441,0.0005794402218524062
2026-01-26,9.17667425617023e-05,0.0006581248809338,0.0006581246953208484
2026-01-27,0.0003790091216877,0.0012021095256645,0.0012021091578942903
2026-01-28,0.0001054080905577,0.0014521473774389,0.0014521472434092038
2026-01-29,-0.0002519096127483,-0.0001520776656054,-0.00015207742335249523
2026-01-30,-8.634432446659399e-05,-0.0039799203260482,-0.003979919839911435
2026-02-02,0.0005449486966555,-0.0010803783138334,-0.0010803785917537765
2026-02-03,-0.000626821555885,0.0006964022912598,0.0006964027054602982
2026-02-04,-0.0002585017002287,-0.0007510672107931,-0.0007510667323988263
2026-02-05,-0.0015202322564057,-0.0011723403065655,-0.001172339912348525
2026-02-06,0.0011343670401521,0.0015435715343474,0.0015435709554811553
2026-02-09,0.0002573502315861,0.000862433987737,0.0008624337779633172
2026-02-10,0.0002990534003108,-0.0003819070168023,-0.0003819069406847211
2026-02-11,-0.0003861091436361,0.0003270792596323,0.0003270792191836041
2026-02-12,-5.623563933239168e-05,-0.0014992682682162,-0.001499267961486676
2026-02-13,0.0005631005119449,0.0005653186976473,0.0005653186655106646
2026-02-17,7.751976660030423e-05,-0.0006412200524746,-0.0006412200369409302
2026-02-18,1.890628469280152e-05,6.334964328617097e-05,0.0007247117917856405
2026-02-19,-3.0302226973020195e-05,0.0002106770504585,-0.00010755277580378549
2026-02-20,0.0004222702866432,-3.6863810225485055e-06,0.0007315793074447656
2026-02-23,-0.0001155858616054,0.0010037114952633,-6.252714025371049e-06
2026-02-24,0.0004225960103878,0.0001933699327801,0.00023491551127938296
2026-02-25,0.0004151057971214,0.0006141946367255,0.0006141944770133045
2026-02-26,1.0822663671077688e-05,-0.0003933169081466,-0.0003933167751971184
2026-02-27,0.0002342632421025,9.301074583659014e-05,9.301078110711007e-05
2026-03-02,-0.0007656738965613,0.0002948357298442,0.00029483571532792387
2026-03-03,-0.0006994267400801,-0.0003749789015285,-0.0012842007016164072
2026-03-04,0.0001640682773077,-0.000537618682364,0.0008203889843103615
2026-03-05,-0.0007600749264444,-8.313572248496744e-05,-0.0003515303508202245
2026-03-06,-0.0008983632432087,0.0009564205262284,-0.00038378051271703817
2026-03-09,0.0009597387786919,-0.0006323514860072,0.0005574940897157332
2026-03-10,-0.0005227621956136,0.0001934217678842,0.00019479993045256382
2026-03-11,-0.0006813779079157,-5.336959639458047e-05,-6.436946145053422e-05
2026-03-12,-0.001314380727026,0.0003751039817973,-0.0010576890860423522
2026-03-13,-0.0004688139281158,2.2745313764026628e-05,-0.00047204879691292007
2026-03-16,0.0011921450039565,-0.000483667055273,0.00045276798874448296
2026-03-17,0.0003836713912861,-0.0002464324457973,-0.00028803474217111797
2026-03-18,-0.0013975715900055,3.704034745418132e-05,3.7040427803950696e-05
2026-03-19,-0.0001530363645062,-0.0005757611168326,-0.0005757610986165884
2026-03-20,-0.0020069231857367,0.0002445266066898,0.0002445267132203218
2026-03-23,0.0010143013267017,-0.0008652595052099,-0.0008652595713759426
2026-03-24,0.0001295607641794,0.0002664863090781,0.00029004312273037336
2026-03-25,-0.0003962260321237,-0.0007664315022749,0.00021429140150108962
2026-03-26,9.418602229435994e-05,0.0016147318051425,0.0003894051152007242
2026-03-27,-0.0009521389582656,0.0002483054547264,0.0013921437447945474
2026-03-30,-0.0011282698577718,0.0003256151516327,0.00031618163386872456
2026-03-31,0.0012557235820334,-0.0007345120806712,-0.0007184964579869524
2026-04-01,0.0004974639220788,-0.0002027837769053,-0.00020278377690533645
2026-04-02,-0.0002500080052096,-0.000352478383031,-0.00035247838303100365
2026-04-06,0.0005777911666075,-0.0003009432900024,-0.000300943290002491
2026-04-07,-0.0003048390316514,0.0001463142083317,0.00014631420833179478
2026-04-08,0.0008973210484616,-0.00096710886579,-0.0009671088657900918
2026-04-09,0.0003071603922791,-0.0001198889209143,-0.00011988892091439814
2026-04-10,0.0001835244025133,-7.984519648739603e-05,-7.984519648739605e-05
2026-04-13,0.0001707839511132,-0.0004349082269003,-0.0004349082269003823
2026-04-14,0.0008107484723152,0.0009389215152054,0.0009389215152054519
2026-04-15,6.089570654928321e-05,0.0003132896287658,0.0003132896287658253
2026-04-16,-0.0001208246374214,0.0001508000948319,0.00015080009483190552
2026-04-17,0.0012167107617227,0.0006573078684158,0.0006573078684158947
2026-04-20,-0.0002059637814478,-0.0002447899846628,-0.0002447899846628706
2026-04-21,-0.0008458981838126,0.0003090144003039,-0.0005849370086037748
2026-04-22,0.0005795758056701,0.0003587562718424,0.0007842820078697915
2026-04-23,-0.000370496738018,-3.667987194918448e-05,-0.00034814622601787284
2026-04-24,0.0005946573222623,0.0005710423406009,0.0007357524827099302
2026-04-27,-0.0002163829599099,0.0001425797840969,-0.00010656175480552131
2026-04-28,-0.0003302485608138,-3.0434130915194044e-05,-0.000639041548390019
2026-04-29,-0.0005950466674601,0.0003779488537647,2.8258380888576944e-05
2026-04-30,0.0006681211540069,6.437670977496357e-05,0.0005552939380975413
2026-05-01,0.0002148545136903,0.000337490094545,0.0003003430025583949
2026-05-04,-0.000619002086786,0.0002655245364941,-0.0003906954530809852
2026-05-05,4.456298727009437e-05,0.0002657151008911,0.0006301056477810899
2026-05-06,-5.412220955451847e-06,7.838427150044227e-05,0.001366239072207467
2026-05-07,0.0002446518890464,-7.69369591419468e-05,-6.018681535938934e-06
2026-05-08,3.58313625004994e-05,0.0007122653856015,0.0009177813224061445
2026-05-11,0.0005199785248736,5.7647371676170085e-05,0.00014376409184303996
2026-05-12,0.0003540851537918,-0.0002085522503029,-0.0003841653352775237
2026-05-13,0.0002556021712122,0.0004929283571721,0.0002438390495672248
2026-05-14,0.000440548444714,0.0004174713713688,7.83214934876261e-05
2026-05-15,0.0004496616903898,-1.0980207784352829e-05,-0.0010414548699149428
2026-05-18,2.159764901501424e-05,-0.0002106709350131,-8.943576817598979e-05
2026-05-19,0.0001670059902064,0.0001758712225733,-0.0005967121339698148
2026-05-20,-0.000362808381022,0.0002284366158109,0.0008972687059203926
2026-05-21,1.1131669656741624e-05,8.771124790284269e-05,4.1889602864421434e-05
2026-05-22,7.266264119492573e-05,0.0003214131333915,-3.3209679392296e-05
2026-05-26,-0.0002201758254161,0.0005931927203181,0.0006134825652769683
2026-05-27,-5.999734288717312e-05,0.0002777728341886,-0.0003567141653914935
2026-05-28,-2.477062890018933e-05,3.979653792156383e-05,0.0005392935868992351
2026-05-29,-2.4196002666552184e-05,-0.0001246786453539,0.00037772461954650553
2026-06-01,0.0003276493902111,0.0005409373355979,-0.00012880264031140364
2026-06-02,-2.851448804224156e-05,0.0001183550781699,0.00020217514249557612
2026-06-03,-1.7338995102355974e-05,0.0001559300707772,-0.00033887176932309116
2026-06-04,2.0758079902232868e-05,-0.0003775451168541,3.8911938104445125e-05
2026-06-05,-0.0005526000387286,-0.0007672349682286,-0.0025930037193836845
2026-06-08,0.000233448845355,0.0004816448485318,0.0006115098873359421
2026-06-09,-0.0004715247172433,3.703444352028093e-05,-0.0007654750073807831
2026-06-10,-0.000593009086001,0.000389363320142,-0.0016470919962686056
2026-06-11,-7.883922315263974e-05,0.0002934549136088,0.0018330842071633512
2026-06-12,0.0004497962307128,0.0001712635351724,0.0001992385136225106
2026-06-15,0.0006647016438268,0.0003528476936587,0.0016249750616126144
2026-06-16,-0.0005656285286507,-0.0006154120215689,-0.00048564367512783055
2026-06-17,9.490671055330106e-05,0.0002501980646234,-0.0008318452023416724
2026-06-18,1.5660670299178544e-05,0.0008145990684667,0.0006331318342747798
2026-06-22,0.0003221688971502,8.320775455666234e-05,-0.00022818664098581639
2026-06-23,-0.0005911853667672,-0.0004583526700986,-0.0004821761987636471
2026-06-24,0.0007979588155368,0.0006375309609384,0.0006375309609384265
2026-06-25,0.0001425769610279,-1.3311876695148994e-05,-1.331187669514894e-05
2026-06-26,6.2826957527925965e-06,-0.0006723571673394,-0.000672357167339407
2026-06-29,0.0007535864817517,0.001041975609798,0.0010419756097980527
2026-06-30,-0.0003214739014538,0.000499252454831,0.0004992524548310684
2026-07-01,-0.00038847013047,-0.0006028222497144,-0.0006028222497144543
2026-07-02,6.49245890930339e-05,-0.0010596296282276,-0.0010596296282276527
2026-07-06,0.0005014413691975,0.0001152845160449,0.00011528451604498263
2026-07-07,0.0003008828347575,-0.0001871927130955,-0.00018719271309557443
2026-07-08,0.0001127246818898,0.0003015690828225,0.0003015690828225575
2026-07-09,0.0001431292431591,0.0001939757251869,0.00019397572518693338
2026-07-10,0.0003298296983971,0.0001719891908262,0.00017198919082621567
2026-07-13,9.499619041804447e-05,0.0001877262275103,0.00018772622751030425
2026-07-14,-0.0001835800900477,-6.937548826042866e-05,-6.937548826042861e-05
2026-07-15,-0.0001186881588837,-8.921381071054046e-05,-8.921381071054046e-05
2026-07-16,-0.0001910982708587,9.391460245302504e-05,9.391460245302498e-05
2026-07-17,-0.0006670268262995,-0.0006727770075438,-0.0006727770075438278
2026-07-20,0.0003334233385673,8.928231864374442e-05,8.928231864374444e-05
2026-07-21,0.0007515906913003,-4.488329482550446e-05,-4.488329482550435e-05
2026-07-22,0.0002392351542171,-0.0004606335338139,-0.000460633533813979
2026-07-23,-0.0002756138279082,4.474452927982992e-05,4.474452927982981e-05
2026-07-24,-0.0002053324449893,-0.0003324049630376,-0.00033240496303765365
2026-07-27,-0.0003456375327874,-0.0002892746729756,-0.00028927467297567644
2026-07-28,-0.0002799567616504,0.000123006180333,0.00012300618033308342
2026-07-29,-0.0002196752006635,-0.0006732775857981,-0.000673277585798155
2026-07-30,0.0007872645574127,0.0004363013414083,0.000436301341408399
2026-07-31,0.0007342866780491,0.0005821182944786,0.0005821182944786598
2026-08-03,0.0004469929651608,0.0004585971535904,0.0004585971535904806
2026-08-04,0.0002471075999338,0.0006872881525287,0.0006872881525287319
2026-08-05,-0.0001816926155614,-0.001412235190579,-0.0014122351905790957
2026-08-06,0.0004376654989684,-9.748605325964234e-05,-9.748605325964235e-05
2026-08-07,-2.183761701863169e-05,-0.000340999735919,-0.0003409997359190702
